{
"type": "FeatureCollection",
"name": "Svalbard EEZ",
"crs": { "type": "name", "properties": { "name": "urn:ogc:def:crs:EPSG::25833" } },
"features": [
{ "type": "Feature", "properties": { "gml_id": "idd311e587-8ba5-4f26-9250-c7a10367f422", "lokalId": "bf2391bf-8b72-44db-b37d-5f12287519a2", "navnerom": "http://data.geonorge.no/sosi/administrativeenheter/norges_maritime_grenser", "versjonId": 20200601, "datafangst": "1977-06-03T00:00:00", "oppdaterin": "2020-05-08T00:00:00", "gyldigFra": "1977-06-15T00:00:00", "datauttaks": "2021-11-10T11:54:37", "rettskilde": "Økonomiske soneloven,Forskrift om fiskevernsone ved Svalbard", "rettskil_1": "LOV-1976-12-17-91,FOR-1977-06-03-6", "fastsettin": "1976-12-17,1977-06-03", "dokumentli": "https://lovdata.no/dokument/NL/lov/1976-12-17-91,https://lovdata.no/dokument/SF/forskrift/1977-06-03-6", "land": "SJ", "virkeområ": "Fiskevernsonen ved Svalbard" }, "geometry": { "type": "MultiPolygon", "coordinates": [ [ [ [ 240924.15, 8268241.54 ], [ 239993.85, 8269505.490000000223517 ], [ 238816.950000000011642, 8271123.629999999888241 ], [ 237648.799999999988358, 8272748.120000000111759 ], [ 236489.44, 8274378.900000000372529 ], [ 235338.91, 8276015.940000000409782 ], [ 234197.230000000010477, 8277659.190000000409782 ], [ 233064.43, 8279308.599999999627471 ], [ 231940.56, 8280964.110000000335276 ], [ 230825.65, 8282625.690000000409782 ], [ 230113.74, 8283696.910000000149012 ], [ 225007.21, 8291409.509999999776483 ], [ 223906.980000000010477, 8293080.96 ], [ 222815.799999999988358, 8294758.349999999627471 ], [ 221733.69, 8296441.620000000111759 ], [ 220660.69, 8298130.730000000447035 ], [ 219596.829999999987194, 8299825.620000000111759 ], [ 218542.13, 8301526.259999999776483 ], [ 217496.64000000001397, 8303232.58 ], [ 216460.37, 8304944.54 ], [ 215433.37, 8306662.089999999850988 ], [ 214415.66, 8308385.179999999701977 ], [ 213407.269999999989523, 8310113.75 ], [ 212642.329999999987194, 8311439.5 ], [ 211444.71, 8313042.820000000298023 ], [ 210255.75, 8314652.599999999627471 ], [ 209075.51, 8316268.799999999813735 ], [ 207904.01, 8317891.370000000111759 ], [ 206741.29, 8319520.25 ], [ 205587.38, 8321155.42 ], [ 204442.32, 8322796.809999999590218 ], [ 203306.14000000001397, 8324444.379999999888241 ], [ 202402.019999999989523, 8325769.190000000409782 ], [ 196734.03, 8332530.809999999590218 ], [ 195452.39000000001397, 8334068.110000000335276 ], [ 194179.079999999987194, 8335612.320000000298023 ], [ 192914.10999999998603, 8337163.410000000149012 ], [ 191657.54, 8338721.33 ], [ 190409.4, 8340286.03000000026077 ], [ 189169.72, 8341857.46999999973923 ], [ 187938.54, 8343435.599999999627471 ], [ 186715.9, 8345020.379999999888241 ], [ 185501.829999999987194, 8346611.759999999776483 ], [ 184296.37, 8348209.700000000186265 ], [ 183099.549999999988358, 8349814.150000000372529 ], [ 181911.420000000012806, 8351425.049999999813735 ], [ 180732.0, 8353042.370000000111759 ], [ 179561.329999999987194, 8354666.059999999590218 ], [ 178399.44, 8356296.070000000298023 ], [ 177246.38, 8357932.339999999850988 ], [ 176102.16, 8359574.849999999627471 ], [ 174966.84, 8361223.53000000026077 ], [ 173840.43, 8362878.339999999850988 ], [ 172722.980000000010477, 8364539.230000000447035 ], [ 171614.51, 8366206.160000000149012 ], [ 170515.07, 8367879.070000000298023 ], [ 169424.670000000012806, 8369557.910000000149012 ], [ 168343.35999999998603, 8371242.639999999664724 ], [ 167271.170000000012806, 8372933.200000000186265 ], [ 166208.12, 8374629.559999999590218 ], [ 165154.26, 8376331.650000000372529 ], [ 164109.6, 8378039.429999999701977 ], [ 163074.18, 8379752.849999999627471 ], [ 162048.04, 8381471.860000000335276 ], [ 161031.200000000011642, 8383196.410000000149012 ], [ 160023.69, 8384926.440000000409782 ], [ 159025.549999999988358, 8386661.92 ], [ 158036.79, 8388402.78000000026077 ], [ 157057.46, 8390148.970000000670552 ], [ 156087.579999999987194, 8391900.449999999254942 ], [ 155127.170000000012806, 8393657.17 ], [ 154176.269999999989523, 8395419.060000000521541 ], [ 153234.91, 8397186.089999999850988 ], [ 152303.12, 8398958.199999999254942 ], [ 151380.91, 8400735.339999999850988 ], [ 150468.32, 8402517.449999999254942 ], [ 149565.38, 8404304.490000000223517 ], [ 148672.10999999998603, 8406096.390000000596046 ], [ 147788.53, 8407893.119999999180436 ], [ 146914.69, 8409694.609999999403954 ], [ 146050.59, 8411500.820000000298023 ], [ 145196.269999999989523, 8413311.689999999478459 ], [ 144351.75, 8415127.160000000149012 ], [ 143517.06, 8416947.189999999478459 ], [ 142692.22, 8418771.730000000447035 ], [ 141877.25, 8420600.71000000089407 ], [ 141072.19, 8422434.08 ], [ 140277.049999999988358, 8424271.800000000745058 ], [ 139491.85999999998603, 8426113.810000000521541 ], [ 138716.64000000001397, 8427960.03999999910593 ], [ 137951.41, 8429810.46000000089407 ], [ 137196.200000000011642, 8431665.0 ], [ 136451.03, 8433523.619999999180436 ], [ 135715.920000000012806, 8435386.25 ], [ 134990.89000000001397, 8437252.839999999850988 ], [ 134275.97, 8439123.339999999850988 ], [ 133571.170000000012806, 8440997.689999999478459 ], [ 132876.519999999989523, 8442875.839999999850988 ], [ 132192.04, 8444757.730000000447035 ], [ 131990.62, 8445317.609999999403954 ], [ 125226.64, 8464166.609999999403954 ], [ 123664.0, 8468521.109999999403954 ], [ 122992.66, 8470407.910000000149012 ], [ 122331.54, 8472298.320000000298023 ], [ 121680.65, 8474192.300000000745058 ], [ 121040.02, 8476089.779999999329448 ], [ 120409.66, 8477990.71000000089407 ], [ 119789.59, 8479895.03999999910593 ], [ 119592.95, 8480506.359999999403954 ], [ 118487.82, 8482176.599999999627471 ], [ 117391.72, 8483852.810000000521541 ], [ 116304.7, 8485534.939999999478459 ], [ 115226.79, 8487222.939999999478459 ], [ 114911.03, 8487721.240000000223517 ], [ 104203.64, 8504648.439999999478459 ], [ 98425.309999999997672, 8513783.050000000745058 ], [ 97359.009999999994761, 8515478.83 ], [ 96301.880000000004657, 8517180.359999999403954 ], [ 95253.970000000001164, 8518887.599999999627471 ], [ 94215.30000000000291, 8520600.509999999776483 ], [ 93185.899999999994179, 8522319.029999999329448 ], [ 92165.809999999997672, 8524043.119999999180436 ], [ 91155.05000000000291, 8525772.71000000089407 ], [ 90153.649999999994179, 8527507.769999999552965 ], [ 89161.64, 8529248.230000000447035 ], [ 88179.059999999997672, 8530994.060000000521541 ], [ 87205.929999999993015, 8532745.189999999478459 ], [ 86242.270000000004075, 8534501.58 ], [ 85288.130000000004657, 8536263.179999999701977 ], [ 84343.529999999998836, 8538029.929999999701977 ], [ 83408.490000000005239, 8539801.78999999910593 ], [ 82483.039999999993597, 8541578.689999999478459 ], [ 81567.220000000001164, 8543360.589999999850988 ], [ 80661.039999999993597, 8545147.449999999254942 ], [ 79764.539999999993597, 8546939.189999999478459 ], [ 78877.740000000005239, 8548735.779999999329448 ], [ 78000.669999999998254, 8550537.150000000372529 ], [ 77133.36, 8552343.269999999552965 ], [ 76275.820000000006985, 8554154.070000000298023 ], [ 75428.089999999996508, 8555969.490000000223517 ], [ 74590.190000000002328, 8557789.5 ], [ 73762.149999999994179, 8559614.029999999329448 ], [ 72943.979999999995925, 8561443.029999999329448 ], [ 72135.729999999995925, 8563276.449999999254942 ], [ 71337.399999999994179, 8565114.230000000447035 ], [ 70549.020000000004075, 8566956.320000000298023 ], [ 69770.619999999995343, 8568802.660000000149012 ], [ 69002.220000000001164, 8570653.21000000089407 ], [ 68243.839999999996508, 8572507.910000000149012 ], [ 67495.5, 8574366.689999999478459 ], [ 66757.240000000005239, 8576229.519999999552965 ], [ 66029.059999999997672, 8578096.33 ], [ 65310.989999999997963, 8579967.060000000521541 ], [ 64603.059999999997672, 8581841.679999999701977 ], [ 63905.269999999996799, 8583720.109999999403954 ], [ 63217.660000000003492, 8585602.300000000745058 ], [ 62540.25, 8587488.21000000089407 ], [ 61873.05000000000291, 8589377.759999999776483 ], [ 61216.089999999996508, 8591270.910000000149012 ], [ 60569.379999999997381, 8593167.609999999403954 ], [ 59932.94999999999709, 8595067.800000000745058 ], [ 59306.80000000000291, 8596971.410000000149012 ], [ 58690.970000000001164, 8598878.390000000596046 ], [ 58085.470000000001164, 8600788.699999999254942 ], [ 57490.309999999997672, 8602702.269999999552965 ], [ 56905.529999999998836, 8604619.050000000745058 ], [ 56855.269999999996799, 8604785.060000000521541 ], [ 58889.43, 8614839.650000000372529 ], [ 62866.220000000001164, 8634480.240000000223517 ], [ 64145.919999999998254, 8642603.779999999329448 ], [ 67267.009999999994761, 8662397.339999999850988 ], [ 70392.14, 8682189.589999999850988 ], [ 70605.630000000004657, 8682946.689999999478459 ], [ 76045.559999999997672, 8702230.589999999850988 ], [ 81489.029999999998836, 8721512.320000000298023 ], [ 86936.0, 8740791.910000000149012 ], [ 92386.419999999998254, 8760069.369999999180436 ], [ 95481.100000000005821, 8765566.5 ], [ 105309.66, 8783020.5 ], [ 115140.23, 8800471.189999999478459 ], [ 124972.75, 8817918.650000000372529 ], [ 134807.170000000012806, 8835362.980000000447035 ], [ 143174.26, 8849459.71000000089407 ], [ 149753.94, 8861810.029999999329448 ], [ 159169.97, 8879478.83 ], [ 168587.85, 8897144.859999999403954 ], [ 178007.549999999988358, 8914808.199999999254942 ], [ 185168.04, 8923753.310000000521541 ], [ 197677.65, 8939377.689999999478459 ], [ 210187.9, 8954999.179999999701977 ], [ 222698.76, 8970617.900000000372529 ], [ 235210.230000000010477, 8986233.980000000447035 ], [ 247722.25, 9001847.519999999552965 ], [ 260234.81, 9017458.660000000149012 ], [ 272747.89000000001397, 9033067.509999999776483 ], [ 285261.44, 9048674.189999999478459 ], [ 291595.599999999976717, 9057241.859999999403954 ], [ 303487.49, 9073324.890000000596046 ], [ 315379.94, 9089406.08 ], [ 327272.919999999983702, 9105485.550000000745058 ], [ 339166.39000000001397, 9121563.400000000372529 ], [ 340157.0, 9122843.779999999329448 ], [ 352394.64000000001397, 9138659.949999999254942 ], [ 364632.63, 9154474.730000000447035 ], [ 370016.28000000002794, 9170658.339999999850988 ], [ 376329.12, 9189631.630000000819564 ], [ 382642.919999999983702, 9208604.179999999701977 ], [ 388957.64000000001397, 9227576.050000000745058 ], [ 395273.229999999981374, 9246547.269999999552965 ], [ 401589.64000000001397, 9265517.869999999180436 ], [ 407906.82, 9284487.900000000372529 ], [ 414556.479999999981374, 9301850.759999999776483 ], [ 415804.650000000023283, 9302543.46000000089407 ], [ 417557.19, 9303505.800000000745058 ], [ 419314.89000000001397, 9304458.67 ], [ 421077.700000000011642, 9305402.029999999329448 ], [ 422845.57, 9306335.869999999180436 ], [ 424618.450000000011642, 9307260.150000000372529 ], [ 426396.28000000002794, 9308174.849999999627471 ], [ 428179.020000000018626, 9309079.949999999254942 ], [ 429966.599999999976717, 9309975.400000000372529 ], [ 431758.99, 9310861.199999999254942 ], [ 433556.12, 9311737.320000000298023 ], [ 435357.950000000011642, 9312603.720000000670552 ], [ 437164.419999999983702, 9313460.390000000596046 ], [ 438975.479999999981374, 9314307.28999999910593 ], [ 440791.080000000016298, 9315144.42 ], [ 442611.169999999983702, 9315971.730000000447035 ], [ 444435.68, 9316789.21000000089407 ], [ 446264.580000000016298, 9317596.839999999850988 ], [ 448097.799999999988358, 9318394.58 ], [ 449935.289999999979045, 9319182.42 ], [ 451777.0, 9319960.339999999850988 ], [ 453622.88, 9320728.300000000745058 ], [ 455472.87, 9321486.300000000745058 ], [ 457326.919999999983702, 9322234.310000000521541 ], [ 459184.96999999997206, 9322972.300000000745058 ], [ 461046.96999999997206, 9323700.259999999776483 ], [ 462912.87, 9324418.160000000149012 ], [ 464782.60999999998603, 9325125.980000000447035 ], [ 466656.14000000001397, 9325823.71000000089407 ], [ 468533.409999999974389, 9326511.320000000298023 ], [ 470414.349999999976717, 9327188.78999999910593 ], [ 472298.909999999974389, 9327856.109999999403954 ], [ 474187.049999999988358, 9328513.25 ], [ 476078.700000000011642, 9329160.199999999254942 ], [ 477973.81, 9329796.929999999701977 ], [ 479872.330000000016298, 9330423.429999999701977 ], [ 481774.19, 9331039.679999999701977 ], [ 483679.349999999976717, 9331645.660000000149012 ], [ 485587.75, 9332241.359999999403954 ], [ 487499.340000000025611, 9332826.75 ], [ 489414.049999999988358, 9333401.83 ], [ 491331.830000000016298, 9333966.570000000298023 ], [ 493252.63, 9334520.96000000089407 ], [ 495176.400000000023283, 9335064.970000000670552 ], [ 497103.07, 9335598.609999999403954 ], [ 499032.590000000025611, 9336121.849999999627471 ], [ 500964.900000000023283, 9336634.660000000149012 ], [ 502899.950000000011642, 9337137.060000000521541 ], [ 504837.69, 9337629.0 ], [ 506778.039999999979045, 9338110.490000000223517 ], [ 508720.96999999997206, 9338581.509999999776483 ], [ 510666.409999999974389, 9339042.03999999910593 ], [ 512614.31, 9339492.08 ], [ 514564.60999999998603, 9339931.599999999627471 ], [ 516517.25, 9340360.589999999850988 ], [ 518472.18, 9340779.050000000745058 ], [ 520429.340000000025611, 9341186.96000000089407 ], [ 522388.669999999983702, 9341584.310000000521541 ], [ 524350.12, 9341971.08 ], [ 526313.62, 9342347.279999999329448 ], [ 528279.13, 9342712.869999999180436 ], [ 530246.589999999967404, 9343067.859999999403954 ], [ 532215.939999999944121, 9343412.240000000223517 ], [ 534187.10999999998603, 9343745.990000000223517 ], [ 536160.060000000055879, 9344069.099999999627471 ], [ 538134.729999999981374, 9344381.570000000298023 ], [ 540111.060000000055879, 9344683.390000000596046 ], [ 542089.0, 9344974.53999999910593 ], [ 544068.46999999997206, 9345255.019999999552965 ], [ 546049.439999999944121, 9345524.83 ], [ 548031.839999999967404, 9345783.939999999478459 ], [ 550015.599999999976717, 9346032.359999999403954 ], [ 552000.689999999944121, 9346270.08 ], [ 553987.03000000002794, 9346497.089999999850988 ], [ 555974.57999999995809, 9346713.390000000596046 ], [ 557963.270000000018626, 9346918.96000000089407 ], [ 559953.040000000037253, 9347113.810000000521541 ], [ 561943.839999999967404, 9347297.92 ], [ 563913.32999999995809, 9347469.410000000149012 ], [ 564055.930000000051223, 9347481.439999999478459 ], [ 566048.60999999998603, 9347644.199999999254942 ], [ 568042.13, 9347796.189999999478459 ], [ 570036.459999999962747, 9347937.449999999254942 ], [ 572031.53000000002794, 9348067.939999999478459 ], [ 574027.270000000018626, 9348187.660000000149012 ], [ 576023.64000000001397, 9348296.630000000819564 ], [ 578020.57999999995809, 9348394.83 ], [ 580018.03000000002794, 9348482.25 ], [ 582015.92000000004191, 9348558.900000000372529 ], [ 584014.209999999962747, 9348624.769999999552965 ], [ 586012.82999999995809, 9348679.869999999180436 ], [ 588011.729999999981374, 9348724.189999999478459 ], [ 590010.849999999976717, 9348757.720000000670552 ], [ 592010.13, 9348780.480000000447035 ], [ 594009.51, 9348792.439999999478459 ], [ 596008.930000000051223, 9348793.630000000819564 ], [ 598008.339999999967404, 9348784.029999999329448 ], [ 600007.680000000051223, 9348763.650000000372529 ], [ 602006.900000000023283, 9348732.480000000447035 ], [ 604005.92000000004191, 9348690.529999999329448 ], [ 606004.699999999953434, 9348637.800000000745058 ], [ 608003.180000000051223, 9348574.28999999910593 ], [ 610001.290000000037253, 9348500.0 ], [ 611998.99, 9348414.929999999701977 ], [ 613996.199999999953434, 9348319.089999999850988 ], [ 615992.89000000001397, 9348212.480000000447035 ], [ 617988.979999999981374, 9348095.089999999850988 ], [ 619984.42000000004191, 9347966.949999999254942 ], [ 621979.150000000023283, 9347828.03999999910593 ], [ 623973.12, 9347678.369999999180436 ], [ 625966.26, 9347517.949999999254942 ], [ 627958.520000000018626, 9347346.779999999329448 ], [ 629949.839999999967404, 9347164.859999999403954 ], [ 631940.160000000032596, 9346972.199999999254942 ], [ 633929.42000000004191, 9346768.810000000521541 ], [ 635917.57999999995809, 9346554.689999999478459 ], [ 637904.560000000055879, 9346329.839999999850988 ], [ 639890.310000000055879, 9346094.279999999329448 ], [ 641874.78000000002794, 9345848.009999999776483 ], [ 643857.900000000023283, 9345591.03999999910593 ], [ 645839.62, 9345323.369999999180436 ], [ 647819.89000000001397, 9345045.009999999776483 ], [ 649798.64000000001397, 9344755.970000000670552 ], [ 651775.810000000055879, 9344456.259999999776483 ], [ 653751.349999999976717, 9344145.880000000819564 ], [ 655725.209999999962747, 9343824.849999999627471 ], [ 657697.310000000055879, 9343493.179999999701977 ], [ 659667.62, 9343150.859999999403954 ], [ 661636.060000000055879, 9342797.92 ], [ 663602.589999999967404, 9342434.359999999403954 ], [ 665567.14000000001397, 9342060.199999999254942 ], [ 667529.660000000032596, 9341675.429999999701977 ], [ 668920.67000000004191, 9341396.050000000745058 ], [ 670919.74, 9341454.03999999910593 ], [ 672919.10999999998603, 9341501.240000000223517 ], [ 674918.71999999997206, 9341537.660000000149012 ], [ 676918.520000000018626, 9341563.28999999910593 ], [ 678918.439999999944121, 9341578.140000000596046 ], [ 680918.439999999944121, 9341582.199999999254942 ], [ 682918.439999999944121, 9341575.470000000670552 ], [ 684918.39000000001397, 9341557.96000000089407 ], [ 686918.24, 9341529.660000000149012 ], [ 688917.930000000051223, 9341490.570000000298023 ], [ 690917.39000000001397, 9341440.699999999254942 ], [ 692916.57999999995809, 9341380.03999999910593 ], [ 694915.42000000004191, 9341308.599999999627471 ], [ 696913.88, 9341226.380000000819564 ], [ 698911.88, 9341133.369999999180436 ], [ 700909.35999999998603, 9341029.589999999850988 ], [ 702906.28000000002794, 9340915.03999999910593 ], [ 704902.569999999948777, 9340789.720000000670552 ], [ 706898.180000000051223, 9340653.630000000819564 ], [ 708893.040000000037253, 9340506.769999999552965 ], [ 710887.099999999976717, 9340349.160000000149012 ], [ 712880.310000000055879, 9340180.779999999329448 ], [ 714872.589999999967404, 9340001.660000000149012 ], [ 716863.900000000023283, 9339811.78999999910593 ], [ 718854.189999999944121, 9339611.17 ], [ 720843.37, 9339399.83 ], [ 722831.42000000004191, 9339177.75 ], [ 724818.25, 9338944.939999999478459 ], [ 726803.82999999995809, 9338701.42 ], [ 728788.07999999995809, 9338447.189999999478459 ], [ 730294.28000000002794, 9338245.939999999478459 ], [ 732658.790000000037253, 9334350.609999999403954 ], [ 743038.699999999953434, 9317248.25 ], [ 753417.5, 9300143.779999999329448 ], [ 758240.849999999976717, 9286798.070000000298023 ], [ 765039.87, 9267979.92 ], [ 771836.89000000001397, 9249160.109999999403954 ], [ 778631.85999999998603, 9230338.609999999403954 ], [ 785424.74, 9211515.369999999180436 ], [ 792215.46999999997206, 9192690.339999999850988 ], [ 799004.0, 9173863.490000000223517 ], [ 805790.270000000018626, 9155034.769999999552965 ], [ 812574.24, 9136204.140000000596046 ], [ 819355.85999999998603, 9117371.570000000298023 ], [ 826135.069999999948777, 9098537.0 ], [ 832911.819999999948777, 9079700.390000000596046 ], [ 839686.060000000055879, 9060861.71000000089407 ], [ 846457.729999999981374, 9042020.92 ], [ 853226.790000000037253, 9023177.96000000089407 ], [ 859993.180000000051223, 9004332.800000000745058 ], [ 866756.849999999976717, 8985485.400000000372529 ], [ 873517.75, 8966635.720000000670552 ], [ 880275.819999999948777, 8947783.720000000670552 ], [ 887031.020000000018626, 8928929.349999999627471 ], [ 893783.290000000037253, 8910072.570000000298023 ], [ 900532.57999999995809, 8891213.339999999850988 ], [ 907278.839999999967404, 8872351.619999999180436 ], [ 922968.709999999962747, 8864090.109999999403954 ], [ 940697.800000000046566, 8854752.800000000745058 ], [ 958429.32999999995809, 8845411.910000000149012 ], [ 976163.400000000023283, 8836067.310000000521541 ], [ 993900.10999999998603, 8826718.839999999850988 ], [ 999808.03000000002794, 8812518.359999999403954 ], [ 1007507.48, 8794001.259999999776483 ], [ 1015203.42, 8775480.630000000819564 ], [ 1022895.79, 8756956.42 ], [ 1030584.53, 8738428.58 ], [ 1038269.6, 8719897.03999999910593 ], [ 1045950.94, 8701361.769999999552965 ], [ 1049827.629999999888241, 8692002.28999999910593 ], [ 1053628.48, 8682822.699999999254942 ], [ 1061302.18, 8664279.78999999910593 ], [ 1068971.98, 8645732.990000000223517 ], [ 1071118.29, 8640540.449999999254942 ], [ 1076637.82, 8627182.240000000223517 ], [ 1084299.65, 8608627.480000000447035 ], [ 1091957.4, 8590068.679999999701977 ], [ 1099611.04, 8571505.769999999552965 ], [ 1107260.49, 8552938.71000000089407 ], [ 1114905.7, 8534367.439999999478459 ], [ 1114767.29, 8521172.109999999403954 ], [ 1114551.620000000111759, 8501088.880000000819564 ], [ 1114329.91, 8481005.769999999552965 ], [ 1114102.16, 8460922.800000000745058 ], [ 1117154.05, 8453108.369999999180436 ], [ 1124457.44, 8434396.880000000819564 ], [ 1124579.41, 8434084.269999999552965 ], [ 1121552.610000000102445, 8422785.779999999329448 ], [ 1118609.47, 8411799.150000000372529 ], [ 1118084.41, 8409860.439999999478459 ], [ 1117548.860000000102445, 8407924.609999999403954 ], [ 1117002.82, 8405991.740000000223517 ], [ 1116446.31, 8404061.869999999180436 ], [ 1115879.35, 8402135.060000000521541 ], [ 1115301.96, 8400211.369999999180436 ], [ 1114714.139999999897555, 8398290.859999999403954 ], [ 1114115.93, 8396373.58 ], [ 1113507.34, 8394459.589999999850988 ], [ 1112888.379999999888241, 8392548.949999999254942 ], [ 1112259.08, 8390641.699999999254942 ], [ 1111619.45, 8388737.92 ], [ 1110969.52, 8386837.650000000372529 ], [ 1110309.3, 8384940.950000000186265 ], [ 1109638.81, 8383047.870000000111759 ], [ 1108958.07, 8381158.480000000447035 ], [ 1108267.110000000102445, 8379272.820000000298023 ], [ 1107565.95, 8377390.96 ], [ 1106854.6, 8375512.950000000186265 ], [ 1106133.08, 8373638.839999999850988 ], [ 1105401.43, 8371768.690000000409782 ], [ 1104659.65, 8369902.549999999813735 ], [ 1103907.78, 8368040.490000000223517 ], [ 1103145.83, 8366182.54 ], [ 1102373.83, 8364328.78000000026077 ], [ 1101591.81, 8362479.25 ], [ 1100799.77, 8360634.0 ], [ 1099997.76, 8358793.099999999627471 ], [ 1099185.79, 8356956.589999999850988 ], [ 1098363.889999999897555, 8355124.54 ], [ 1097532.07, 8353296.990000000223517 ], [ 1096690.379999999888241, 8351473.990000000223517 ], [ 1095838.83, 8349655.610000000335276 ], [ 1094977.44, 8347841.889999999664724 ], [ 1094106.25, 8346032.879999999888241 ], [ 1093225.28, 8344228.650000000372529 ], [ 1092334.55, 8342429.25 ], [ 1091434.1, 8340634.71999999973923 ], [ 1090523.95, 8338845.120000000111759 ], [ 1089604.120000000111759, 8337060.5 ], [ 1088674.65, 8335280.910000000149012 ], [ 1087735.56, 8333506.42 ], [ 1086786.889999999897555, 8331737.059999999590218 ], [ 1085828.65, 8329972.889999999664724 ], [ 1084860.879999999888241, 8328213.96999999973923 ], [ 1083883.6, 8326460.339999999850988 ], [ 1082896.860000000102445, 8324712.049999999813735 ], [ 1081900.66, 8322969.160000000149012 ], [ 1080895.06, 8321231.71999999973923 ], [ 1079880.07, 8319499.78000000026077 ], [ 1078855.72, 8317773.389999999664724 ], [ 1077822.06, 8316052.599999999627471 ], [ 1076779.1, 8314337.450000000186265 ], [ 1075726.870000000111759, 8312628.009999999776483 ], [ 1074665.42, 8310924.320000000298023 ], [ 1073594.77, 8309226.429999999701977 ], [ 1072514.96, 8307534.389999999664724 ], [ 1071426.01, 8305848.25 ], [ 1070327.96, 8304168.059999999590218 ], [ 1069220.84, 8302493.870000000111759 ], [ 1068104.69, 8300825.71999999973923 ], [ 1067496.870000000111759, 8299927.849999999627471 ], [ 1066818.120000000111759, 8300103.71 ], [ 1064872.54, 8300596.610000000335276 ], [ 1062924.389999999897555, 8301078.96999999973923 ], [ 1060973.71, 8301550.799999999813735 ], [ 1059020.56, 8302012.070000000298023 ], [ 1057065.01, 8302462.78000000026077 ], [ 1055107.1, 8302902.910000000149012 ], [ 1053146.889999999897555, 8303332.450000000186265 ], [ 1051184.45, 8303751.389999999664724 ], [ 1049219.82, 8304159.71999999973923 ], [ 1047253.07, 8304557.429999999701977 ], [ 1045284.26, 8304944.490000000223517 ], [ 1043313.43, 8305320.92 ], [ 1041340.66, 8305686.690000000409782 ], [ 1039365.98, 8306041.799999999813735 ], [ 1037389.47, 8306386.230000000447035 ], [ 1035411.19, 8306719.990000000223517 ], [ 1033431.18, 8307043.04 ], [ 1031449.51, 8307355.400000000372529 ], [ 1029466.23, 8307657.059999999590218 ], [ 1027481.4, 8307947.990000000223517 ], [ 1025495.08, 8308228.200000000186265 ], [ 1023507.33, 8308497.679999999701977 ], [ 1021518.21, 8308756.42 ], [ 1019527.76, 8309004.42 ], [ 1017536.06, 8309241.660000000149012 ], [ 1015543.16, 8309468.150000000372529 ], [ 1013549.11, 8309683.870000000111759 ], [ 1011553.98, 8309888.83 ], [ 1009557.82, 8310083.009999999776483 ], [ 1007560.7, 8310266.410000000149012 ], [ 1005562.66, 8310439.04 ], [ 1003563.77, 8310600.870000000111759 ], [ 1001564.08, 8310751.910000000149012 ], [ 999563.660000000032596, 8310892.160000000149012 ], [ 997562.560000000055879, 8311021.610000000335276 ], [ 995560.839999999967404, 8311140.259999999776483 ], [ 993558.550000000046566, 8311248.110000000335276 ], [ 991555.76, 8311345.150000000372529 ], [ 989552.53000000002794, 8311431.379999999888241 ], [ 987548.900000000023283, 8311506.809999999590218 ], [ 985544.949999999953434, 8311571.42 ], [ 983540.729999999981374, 8311625.21999999973923 ], [ 981536.290000000037253, 8311668.21 ], [ 979531.689999999944121, 8311700.379999999888241 ], [ 977527.0, 8311721.740000000223517 ], [ 975522.270000000018626, 8311732.29 ], [ 974857.92000000004191, 8311734.0 ], [ 973718.540000000037253, 8311735.179999999701977 ], [ 971713.88, 8311728.78000000026077 ], [ 969709.32999999995809, 8311711.570000000298023 ], [ 967704.939999999944121, 8311683.549999999813735 ], [ 965700.790000000037253, 8311644.730000000447035 ], [ 963696.92000000004191, 8311595.089999999850988 ], [ 944492.800000000046566, 8311069.320000000298023 ], [ 943414.78000000002794, 8311038.33 ], [ 941411.88, 8310972.46 ], [ 939409.400000000023283, 8310895.78000000026077 ], [ 937407.400000000023283, 8310808.299999999813735 ], [ 935405.949999999953434, 8310710.04 ], [ 933405.099999999976717, 8310600.980000000447035 ], [ 931404.910000000032596, 8310481.139999999664724 ], [ 929405.439999999944121, 8310350.519999999552965 ], [ 927406.74, 8310209.120000000111759 ], [ 925408.87, 8310056.950000000186265 ], [ 923411.900000000023283, 8309894.019999999552965 ], [ 921415.88, 8309720.320000000298023 ], [ 919420.85999999998603, 8309535.870000000111759 ], [ 917426.900000000023283, 8309340.660000000149012 ], [ 915434.069999999948777, 8309134.71999999973923 ], [ 913442.42000000004191, 8308918.04 ], [ 911452.0, 8308690.620000000111759 ], [ 899923.819999999948777, 8307342.679999999701977 ], [ 880029.63, 8305019.79 ], [ 860138.650000000023283, 8302701.370000000111759 ], [ 840250.680000000051223, 8300387.360000000335276 ], [ 839683.319999999948777, 8300320.96 ], [ 837695.699999999953434, 8300081.360000000335276 ], [ 835709.430000000051223, 8299831.059999999590218 ], [ 833724.569999999948777, 8299570.049999999813735 ], [ 831741.180000000051223, 8299298.349999999627471 ], [ 829759.319999999948777, 8299015.96999999973923 ], [ 827779.040000000037253, 8298722.910000000149012 ], [ 825800.400000000023283, 8298419.190000000409782 ], [ 823823.459999999962747, 8298104.799999999813735 ], [ 821848.270000000018626, 8297779.769999999552965 ], [ 819874.89000000001397, 8297444.099999999627471 ], [ 817903.38, 8297097.809999999590218 ], [ 815933.800000000046566, 8296740.889999999664724 ], [ 813966.199999999953434, 8296373.370000000111759 ], [ 812000.64000000001397, 8295995.25 ], [ 810037.180000000051223, 8295606.549999999813735 ], [ 808075.87, 8295207.28000000026077 ], [ 806116.76, 8294797.450000000186265 ], [ 804159.930000000051223, 8294377.059999999590218 ], [ 802205.42000000004191, 8293946.150000000372529 ], [ 800253.28000000002794, 8293504.700000000186265 ], [ 798303.589999999967404, 8293052.75 ], [ 796356.38, 8292590.309999999590218 ], [ 794411.71999999997206, 8292117.379999999888241 ], [ 792469.67000000004191, 8291633.980000000447035 ], [ 790530.28000000002794, 8291140.129999999888241 ], [ 788593.599999999976717, 8290635.839999999850988 ], [ 786659.699999999953434, 8290121.129999999888241 ], [ 784728.63, 8289596.0 ], [ 782800.439999999944121, 8289060.480000000447035 ], [ 780875.189999999944121, 8288514.589999999850988 ], [ 778952.930000000051223, 8287958.33 ], [ 777033.729999999981374, 8287391.730000000447035 ], [ 775117.64000000001397, 8286814.809999999590218 ], [ 773204.699999999953434, 8286227.570000000298023 ], [ 771294.979999999981374, 8285630.04 ], [ 769388.540000000037253, 8285022.21999999973923 ], [ 767485.42000000004191, 8284404.160000000149012 ], [ 765585.680000000051223, 8283775.849999999627471 ], [ 763689.39000000001397, 8283137.320000000298023 ], [ 761796.57999999995809, 8282488.589999999850988 ], [ 759907.319999999948777, 8281829.67 ], [ 758021.660000000032596, 8281160.599999999627471 ], [ 756139.660000000032596, 8280481.370000000111759 ], [ 754261.35999999998603, 8279792.03000000026077 ], [ 752386.82999999995809, 8279092.570000000298023 ], [ 750516.12, 8278383.03000000026077 ], [ 748649.28000000002794, 8277663.440000000409782 ], [ 746786.37, 8276933.79 ], [ 744927.439999999944121, 8276194.129999999888241 ], [ 743072.540000000037253, 8275444.46999999973923 ], [ 741221.729999999981374, 8274684.83 ], [ 736943.71999999997206, 8272915.639999999664724 ], [ 735654.959999999962747, 8272590.820000000298023 ], [ 733717.290000000037253, 8272093.200000000186265 ], [ 731782.349999999976717, 8271585.150000000372529 ], [ 729850.189999999944121, 8271066.679999999701977 ], [ 727920.88, 8270537.799999999813735 ], [ 725994.479999999981374, 8269998.54 ], [ 724071.020000000018626, 8269448.910000000149012 ], [ 722150.57999999995809, 8268888.929999999701977 ], [ 720233.199999999953434, 8268318.610000000335276 ], [ 718318.949999999953434, 8267737.96 ], [ 716407.87, 8267147.009999999776483 ], [ 714500.020000000018626, 8266545.78000000026077 ], [ 712595.46999999997206, 8265934.28000000026077 ], [ 709651.410000000032596, 8264980.309999999590218 ], [ 709554.979999999981374, 8264949.049999999813735 ], [ 707653.939999999944121, 8264326.849999999627471 ], [ 705756.310000000055879, 8263694.410000000149012 ], [ 703862.13, 8263051.769999999552965 ], [ 701971.449999999953434, 8262398.92 ], [ 700084.349999999976717, 8261735.910000000149012 ], [ 698200.85999999998603, 8261062.730000000447035 ], [ 696321.040000000037253, 8260379.42 ], [ 694444.949999999953434, 8259686.0 ], [ 692572.650000000023283, 8258982.46999999973923 ], [ 690704.17000000004191, 8258268.870000000111759 ], [ 688839.589999999967404, 8257545.21999999973923 ], [ 686978.959999999962747, 8256811.54 ], [ 685122.310000000055879, 8256067.83 ], [ 683269.729999999981374, 8255314.150000000372529 ], [ 681421.24, 8254550.490000000223517 ], [ 679576.910000000032596, 8253776.889999999664724 ], [ 677736.800000000046566, 8252993.360000000335276 ], [ 675900.949999999953434, 8252199.929999999701977 ], [ 674069.42000000004191, 8251396.629999999888241 ], [ 672242.25, 8250583.46999999973923 ], [ 670419.520000000018626, 8249760.46999999973923 ], [ 668601.25, 8248927.679999999701977 ], [ 666787.520000000018626, 8248085.099999999627471 ], [ 664978.37, 8247232.759999999776483 ], [ 663173.849999999976717, 8246370.690000000409782 ], [ 661374.020000000018626, 8245498.92 ], [ 659578.92000000004191, 8244617.46 ], [ 657788.62, 8243726.339999999850988 ], [ 656003.160000000032596, 8242825.599999999627471 ], [ 654222.589999999967404, 8241915.25 ], [ 652446.959999999962747, 8240995.320000000298023 ], [ 650676.32999999995809, 8240065.839999999850988 ], [ 648910.75, 8239126.83 ], [ 647150.26, 8238178.33 ], [ 645394.930000000051223, 8237220.360000000335276 ], [ 643644.790000000037253, 8236252.950000000186265 ], [ 641899.910000000032596, 8235276.129999999888241 ], [ 640160.32999999995809, 8234289.92 ], [ 638426.089999999967404, 8233294.349999999627471 ], [ 636697.26, 8232289.450000000186265 ], [ 634973.88, 8231275.259999999776483 ], [ 633256.01, 8230251.799999999813735 ], [ 631543.680000000051223, 8229219.099999999627471 ], [ 629836.949999999953434, 8228177.190000000409782 ], [ 628135.88, 8227126.099999999627471 ], [ 626440.5, 8226065.870000000111759 ], [ 624750.88, 8224996.509999999776483 ], [ 623067.050000000046566, 8223918.070000000298023 ], [ 621389.060000000055879, 8222830.58 ], [ 619716.96999999997206, 8221734.059999999590218 ], [ 618050.819999999948777, 8220628.549999999813735 ], [ 616390.67000000004191, 8219514.08 ], [ 614736.550000000046566, 8218390.690000000409782 ], [ 613088.520000000018626, 8217258.389999999664724 ], [ 611446.63, 8216117.240000000223517 ], [ 609810.92000000004191, 8214967.259999999776483 ], [ 609536.37, 8214773.129999999888241 ], [ 608866.150000000023283, 8214298.120000000111759 ], [ 607239.24, 8213135.740000000223517 ], [ 605618.62, 8211964.620000000111759 ], [ 604004.349999999976717, 8210784.78000000026077 ], [ 602396.46999999997206, 8209596.269999999552965 ], [ 600795.020000000018626, 8208399.110000000335276 ], [ 599200.060000000055879, 8207193.33 ], [ 597611.62, 8205978.980000000447035 ], [ 596029.770000000018626, 8204756.099999999627471 ], [ 594454.53000000002794, 8203524.700000000186265 ], [ 592885.959999999962747, 8202284.839999999850988 ], [ 591324.099999999976717, 8201036.54 ], [ 589769.0, 8199779.849999999627471 ], [ 588220.699999999953434, 8198514.799999999813735 ], [ 586679.24, 8197241.42 ], [ 585144.680000000051223, 8195959.759999999776483 ], [ 581335.060000000055879, 8192760.660000000149012 ], [ 566022.37, 8179905.299999999813735 ], [ 550707.459999999962747, 8167053.360000000335276 ], [ 538390.180000000051223, 8161001.639999999664724 ], [ 520445.200000000011642, 8152188.46999999973923 ], [ 520171.330000000016298, 8152053.860000000335276 ], [ 507973.88, 8146053.33 ], [ 490033.62, 8137231.049999999813735 ], [ 488799.090000000025611, 8136621.240000000223517 ], [ 487010.68, 8135727.700000000186265 ], [ 485227.12, 8134824.509999999776483 ], [ 483448.450000000011642, 8133911.71999999973923 ], [ 481674.74, 8132989.349999999627471 ], [ 479906.020000000018626, 8132057.42 ], [ 478142.349999999976717, 8131115.96999999973923 ], [ 476383.789999999979045, 8130165.019999999552965 ], [ 474630.37, 8129204.589999999850988 ], [ 472882.169999999983702, 8128234.71999999973923 ], [ 471139.210000000020955, 8127255.42 ], [ 469401.57, 8126266.75 ], [ 467669.28000000002794, 8125268.71 ], [ 465942.39000000001397, 8124261.33 ], [ 464220.960000000020955, 8123244.660000000149012 ], [ 462505.039999999979045, 8122218.71999999973923 ], [ 460794.68, 8121183.53000000026077 ], [ 459089.919999999983702, 8120139.129999999888241 ], [ 457390.82, 8119085.54 ], [ 441554.96999999997206, 8109208.490000000223517 ], [ 440086.53000000002794, 8108287.980000000447035 ], [ 438397.919999999983702, 8107217.58 ], [ 436715.099999999976717, 8106138.08 ], [ 435038.13, 8105049.509999999776483 ], [ 433367.049999999988358, 8103951.910000000149012 ], [ 431701.909999999974389, 8102845.299999999813735 ], [ 430042.770000000018626, 8101729.730000000447035 ], [ 428389.659999999974389, 8100605.21 ], [ 426742.63, 8099471.79 ], [ 425101.75, 8098329.490000000223517 ], [ 423467.039999999979045, 8097178.360000000335276 ], [ 421838.56, 8096018.42 ], [ 420216.37, 8094849.700000000186265 ], [ 418600.49, 8093672.240000000223517 ], [ 416990.99, 8092486.08 ], [ 415387.909999999974389, 8091291.25 ], [ 413791.289999999979045, 8090087.78000000026077 ], [ 412201.18, 8088875.700000000186265 ], [ 410617.64000000001397, 8087655.059999999590218 ], [ 409040.69, 8086425.889999999664724 ], [ 407470.400000000023283, 8085188.230000000447035 ], [ 405906.799999999988358, 8083942.099999999627471 ], [ 404349.950000000011642, 8082687.549999999813735 ], [ 402799.88, 8081424.610000000335276 ], [ 401256.64000000001397, 8080153.320000000298023 ], [ 399720.289999999979045, 8078873.71 ], [ 398190.849999999976717, 8077585.83 ], [ 396668.38, 8076289.71 ], [ 395152.93, 8074985.389999999664724 ], [ 393644.520000000018626, 8073672.889999999664724 ], [ 392143.21999999997206, 8072352.28000000026077 ], [ 390649.06, 8071023.570000000298023 ], [ 389162.090000000025611, 8069686.820000000298023 ], [ 387682.349999999976717, 8068342.049999999813735 ], [ 386209.88, 8066989.309999999590218 ], [ 384744.729999999981374, 8065628.639999999664724 ], [ 383286.93, 8064260.08 ], [ 381836.539999999979045, 8062883.660000000149012 ], [ 380393.599999999976717, 8061499.42 ], [ 378958.14000000001397, 8060107.410000000149012 ], [ 377530.210000000020955, 8058707.67 ], [ 376109.849999999976717, 8057300.230000000447035 ], [ 374697.099999999976717, 8055885.150000000372529 ], [ 373292.0, 8054462.450000000186265 ], [ 371894.599999999976717, 8053032.179999999701977 ], [ 370504.93, 8051594.379999999888241 ], [ 369123.039999999979045, 8050149.099999999627471 ], [ 367748.960000000020955, 8048696.360000000335276 ], [ 366382.74, 8047236.230000000447035 ], [ 365024.419999999983702, 8045768.740000000223517 ], [ 363674.03000000002794, 8044293.929999999701977 ], [ 362331.62, 8042811.839999999850988 ], [ 360997.21999999997206, 8041322.519999999552965 ], [ 359670.88, 8039826.019999999552965 ], [ 358352.63, 8038322.360000000335276 ], [ 357042.51, 8036811.610000000335276 ], [ 355740.56, 8035293.79 ], [ 354446.81, 8033768.96999999973923 ], [ 353161.31, 8032237.17 ], [ 351884.099999999976717, 8030698.450000000186265 ], [ 350615.200000000011642, 8029152.849999999627471 ], [ 349354.669999999983702, 8027600.410000000149012 ], [ 348102.520000000018626, 8026041.179999999701977 ], [ 346858.81, 8024475.21 ], [ 345623.57, 8022902.54 ], [ 344396.830000000016298, 8021323.21 ], [ 343178.63, 8019737.269999999552965 ], [ 341969.01, 8018144.769999999552965 ], [ 340767.99, 8016545.759999999776483 ], [ 339575.63, 8014940.28000000026077 ], [ 339274.330000000016298, 8014529.980000000447035 ], [ 338318.99, 8015661.700000000186265 ], [ 337037.88, 8017197.320000000298023 ], [ 335765.07, 8018739.849999999627471 ], [ 334500.60999999998603, 8020289.240000000223517 ], [ 333589.06, 8021416.860000000335276 ], [ 325740.89000000001397, 8031163.639999999664724 ], [ 324490.74, 8032724.71999999973923 ], [ 323249.039999999979045, 8034292.519999999552965 ], [ 322015.82, 8035867.019999999552965 ], [ 320791.099999999976717, 8037448.17 ], [ 319574.94, 8039035.92 ], [ 318367.37, 8040630.21 ], [ 317168.419999999983702, 8042231.019999999552965 ], [ 315978.12, 8043838.28000000026077 ], [ 314796.51, 8045451.96 ], [ 313623.63, 8047072.009999999776483 ], [ 312459.520000000018626, 8048698.370000000111759 ], [ 311304.19, 8050331.009999999776483 ], [ 310157.700000000011642, 8051969.870000000111759 ], [ 309020.07, 8053614.910000000149012 ], [ 307891.330000000016298, 8055266.08 ], [ 306771.520000000018626, 8056923.33 ], [ 305660.68, 8058586.620000000111759 ], [ 304558.830000000016298, 8060255.879999999888241 ], [ 303466.0, 8061931.089999999850988 ], [ 302382.24, 8063612.179999999701977 ], [ 301307.56, 8065299.110000000335276 ], [ 300242.01, 8066991.83 ], [ 299185.60999999998603, 8068690.29 ], [ 298138.400000000023283, 8070394.440000000409782 ], [ 297100.400000000023283, 8072104.230000000447035 ], [ 296071.650000000023283, 8073819.610000000335276 ], [ 295052.18, 8075540.54 ], [ 294042.01, 8077266.950000000186265 ], [ 293041.18, 8078998.809999999590218 ], [ 292049.710000000020955, 8080736.049999999813735 ], [ 291067.64000000001397, 8082478.639999999664724 ], [ 290094.99, 8084226.509999999776483 ], [ 289240.94, 8085779.839999999850988 ], [ 286732.539999999979045, 8090367.900000000372529 ], [ 285777.69, 8092125.610000000335276 ], [ 284832.349999999976717, 8093888.46 ], [ 283896.539999999979045, 8095656.410000000149012 ], [ 282970.289999999979045, 8097429.389999999664724 ], [ 282053.63, 8099207.360000000335276 ], [ 281146.580000000016298, 8100990.269999999552965 ], [ 280249.18, 8102778.059999999590218 ], [ 279361.450000000011642, 8104570.67 ], [ 278483.409999999974389, 8106368.070000000298023 ], [ 277615.090000000025611, 8108170.200000000186265 ], [ 276756.51, 8109977.0 ], [ 275907.710000000020955, 8111788.42 ], [ 275068.710000000020955, 8113604.410000000149012 ], [ 274239.520000000018626, 8115424.92 ], [ 273420.18, 8117249.879999999888241 ], [ 272610.71999999997206, 8119079.259999999776483 ], [ 271811.14000000001397, 8120912.990000000223517 ], [ 271021.479999999981374, 8122751.03000000026077 ], [ 270241.770000000018626, 8124593.309999999590218 ], [ 269472.01, 8126439.78000000026077 ], [ 268712.24, 8128290.400000000372529 ], [ 267962.49, 8130145.110000000335276 ], [ 267222.76, 8132003.839999999850988 ], [ 266493.080000000016298, 8133866.559999999590218 ], [ 265773.479999999981374, 8135733.200000000186265 ], [ 265063.96999999997206, 8137603.71 ], [ 264364.580000000016298, 8139478.03000000026077 ], [ 263675.330000000016298, 8141356.110000000335276 ], [ 262996.24, 8143237.900000000372529 ], [ 262327.32, 8145123.339999999850988 ], [ 261668.6, 8147012.370000000111759 ], [ 261020.09, 8148904.940000000409782 ], [ 260381.82, 8150801.0 ], [ 259753.81, 8152700.490000000223517 ], [ 259136.07, 8154603.339999999850988 ], [ 258528.62, 8156509.519999999552965 ], [ 257931.480000000010477, 8158418.96 ], [ 257344.66, 8160331.610000000335276 ], [ 256768.19, 8162247.400000000372529 ], [ 256202.079999999987194, 8164166.29 ], [ 255646.35, 8166088.21999999973923 ], [ 255101.019999999989523, 8168013.129999999888241 ], [ 254566.09, 8169940.96999999973923 ], [ 254041.59, 8171871.67 ], [ 253527.53, 8173805.190000000409782 ], [ 253023.93, 8175741.46 ], [ 252530.799999999988358, 8177680.440000000409782 ], [ 252048.16, 8179622.049999999813735 ], [ 251576.019999999989523, 8181566.259999999776483 ], [ 251114.39000000001397, 8183512.990000000223517 ], [ 250663.29, 8185462.200000000186265 ], [ 250222.730000000010477, 8187413.809999999590218 ], [ 249792.730000000010477, 8189367.79 ], [ 249373.299999999988358, 8191324.070000000298023 ], [ 248964.44, 8193282.589999999850988 ], [ 248566.18, 8195243.299999999813735 ], [ 248178.519999999989523, 8197206.139999999664724 ], [ 247801.47, 8199171.049999999813735 ], [ 247435.06, 8201137.96999999973923 ], [ 247079.269999999989523, 8203106.849999999627471 ], [ 246734.14000000001397, 8205077.629999999888241 ], [ 246399.66, 8207050.25 ], [ 246075.85999999998603, 8209024.650000000372529 ], [ 245762.730000000010477, 8211000.78000000026077 ], [ 245460.28, 8212978.570000000298023 ], [ 245168.53, 8214957.980000000447035 ], [ 244887.49, 8216938.940000000409782 ], [ 244617.16, 8218921.389999999664724 ], [ 244357.54, 8220905.269999999552965 ], [ 244108.66, 8222890.53000000026077 ], [ 243870.51, 8224877.120000000111759 ], [ 243643.10999999998603, 8226864.96999999973923 ], [ 243426.450000000011642, 8228854.009999999776483 ], [ 243220.549999999988358, 8230844.200000000186265 ], [ 243025.41, 8232835.480000000447035 ], [ 242841.04, 8234827.79 ], [ 242667.44, 8236821.070000000298023 ], [ 242504.62, 8238815.259999999776483 ], [ 242352.59, 8240810.299999999813735 ], [ 242211.34, 8242806.139999999664724 ], [ 242080.88, 8244802.71 ], [ 241961.22, 8246799.96 ], [ 241852.35, 8248797.83 ], [ 241754.29, 8250796.259999999776483 ], [ 241667.04, 8252795.190000000409782 ], [ 241590.59, 8254794.570000000298023 ], [ 241524.950000000011642, 8256794.33 ], [ 241470.12, 8258794.410000000149012 ], [ 241426.10999999998603, 8260794.769999999552965 ], [ 241392.91, 8262795.33 ], [ 241370.53, 8264796.049999999813735 ], [ 241358.97, 8266796.849999999627471 ], [ 241357.32, 8267653.53000000026077 ], [ 241179.46, 8267893.75 ], [ 240924.15, 8268241.54 ] ], [ [ 788964.949999999953434, 8939911.53999999910593 ], [ 788941.599999999976717, 8939620.109999999403954 ], [ 788912.910000000032596, 8939120.640000000596046 ], [ 788895.449999999953434, 8938620.640000000596046 ], [ 788889.25, 8938120.380000000819564 ], [ 788894.310000000055879, 8937620.109999999403954 ], [ 788910.60999999998603, 8937120.070000000298023 ], [ 788938.160000000032596, 8936620.529999999329448 ], [ 788976.930000000051223, 8936121.740000000223517 ], [ 789026.92000000004191, 8935623.939999999478459 ], [ 789088.089999999967404, 8935127.400000000372529 ], [ 789160.410000000032596, 8934632.349999999627471 ], [ 789469.569999999948777, 8932670.560000000521541 ], [ 789471.03000000002794, 8932661.33 ], [ 789554.660000000032596, 8932168.070000000298023 ], [ 789649.38, 8931676.820000000298023 ], [ 789755.12, 8931187.810000000521541 ], [ 789871.82999999995809, 8930701.320000000298023 ], [ 790086.979999999981374, 8929846.929999999701977 ], [ 790186.459999999962747, 8929466.130000000819564 ], [ 790322.63, 8928984.71000000089407 ], [ 790469.57999999995809, 8928506.480000000447035 ], [ 790627.26, 8928031.67 ], [ 790795.569999999948777, 8927560.529999999329448 ], [ 790974.439999999944121, 8927093.28999999910593 ], [ 791106.03000000002794, 8926760.800000000745058 ], [ 791176.680000000051223, 8926584.490000000223517 ], [ 791369.96999999997206, 8926123.019999999552965 ], [ 791573.57999999995809, 8925666.019999999552965 ], [ 791787.42000000004191, 8925213.71000000089407 ], [ 792011.38, 8924766.33 ], [ 792245.349999999976717, 8924324.099999999627471 ], [ 792489.209999999962747, 8923887.240000000223517 ], [ 792742.82999999995809, 8923455.970000000670552 ], [ 793006.089999999967404, 8923030.519999999552965 ], [ 793278.849999999976717, 8922611.099999999627471 ], [ 793560.979999999981374, 8922197.92 ], [ 793852.32999999995809, 8921791.189999999478459 ], [ 794152.75, 8921391.109999999403954 ], [ 794462.099999999976717, 8920997.890000000596046 ], [ 794780.21999999997206, 8920611.730000000447035 ], [ 795106.939999999944121, 8920232.820000000298023 ], [ 795442.10999999998603, 8919861.349999999627471 ], [ 795785.550000000046566, 8919497.519999999552965 ], [ 796137.07999999995809, 8919141.5 ], [ 796496.540000000037253, 8918793.480000000447035 ], [ 798947.92000000004191, 8916472.869999999180436 ], [ 799128.660000000032596, 8916303.67 ], [ 799499.60999999998603, 8915967.92 ], [ 799878.03000000002794, 8915640.589999999850988 ], [ 800263.709999999962747, 8915321.859999999403954 ], [ 800656.459999999962747, 8915011.880000000819564 ], [ 801056.089999999967404, 8914710.820000000298023 ], [ 801462.39000000001397, 8914418.820000000298023 ], [ 801875.160000000032596, 8914136.029999999329448 ], [ 802294.189999999944121, 8913862.599999999627471 ], [ 802719.26, 8913598.67 ], [ 803150.160000000032596, 8913344.359999999403954 ], [ 803586.680000000051223, 8913099.800000000745058 ], [ 804028.57999999995809, 8912865.130000000819564 ], [ 804475.660000000032596, 8912640.46000000089407 ], [ 808099.680000000051223, 8910869.980000000447035 ], [ 808359.930000000051223, 8910744.92 ], [ 808814.709999999962747, 8910536.230000000447035 ], [ 809274.060000000055879, 8910337.83 ], [ 809737.770000000018626, 8910149.800000000745058 ], [ 810205.589999999967404, 8909972.259999999776483 ], [ 810677.28000000002794, 8909805.279999999329448 ], [ 811152.62, 8909648.96000000089407 ], [ 811631.349999999976717, 8909503.359999999403954 ], [ 812113.24, 8909368.58 ], [ 812598.040000000037253, 8909244.660000000149012 ], [ 813085.51, 8909131.679999999701977 ], [ 813575.39000000001397, 8909029.699999999254942 ], [ 814067.449999999953434, 8908938.759999999776483 ], [ 814561.430000000051223, 8908858.92 ], [ 815057.089999999967404, 8908790.199999999254942 ], [ 815554.17000000004191, 8908732.660000000149012 ], [ 816052.410000000032596, 8908686.310000000521541 ], [ 816551.57999999995809, 8908651.179999999701977 ], [ 817051.410000000032596, 8908627.28999999910593 ], [ 817551.660000000032596, 8908614.650000000372529 ], [ 818052.060000000055879, 8908613.259999999776483 ], [ 818552.37, 8908623.130000000819564 ], [ 819052.339999999967404, 8908644.259999999776483 ], [ 819551.699999999953434, 8908676.630000000819564 ], [ 820050.209999999962747, 8908720.220000000670552 ], [ 820547.62, 8908775.019999999552965 ], [ 821043.67000000004191, 8908840.990000000223517 ], [ 821538.10999999998603, 8908918.109999999403954 ], [ 822030.699999999953434, 8909006.339999999850988 ], [ 822521.17000000004191, 8909105.619999999180436 ], [ 823009.290000000037253, 8909215.910000000149012 ], [ 823494.810000000055879, 8909337.150000000372529 ], [ 823977.479999999981374, 8909469.28999999910593 ], [ 824457.060000000055879, 8909612.25 ], [ 824933.300000000046566, 8909765.970000000670552 ], [ 825405.959999999962747, 8909930.359999999403954 ], [ 825874.810000000055879, 8910105.349999999627471 ], [ 826339.599999999976717, 8910290.839999999850988 ], [ 826800.10999999998603, 8910486.740000000223517 ], [ 827256.089999999967404, 8910692.949999999254942 ], [ 827707.319999999948777, 8910909.369999999180436 ], [ 828153.560000000055879, 8911135.890000000596046 ], [ 828594.599999999976717, 8911372.390000000596046 ], [ 829030.209999999962747, 8911618.75 ], [ 829460.17000000004191, 8911874.859999999403954 ], [ 829884.26, 8912140.570000000298023 ], [ 830302.26, 8912415.759999999776483 ], [ 830713.96999999997206, 8912700.279999999329448 ], [ 831119.17000000004191, 8912993.990000000223517 ], [ 831517.67000000004191, 8913296.75 ], [ 843528.209999999962747, 8922637.439999999478459 ], [ 859332.300000000046566, 8934930.46000000089407 ], [ 859645.17000000004191, 8935178.390000000596046 ], [ 860031.14000000001397, 8935497.150000000372529 ], [ 860409.839999999967404, 8935824.509999999776483 ], [ 860781.07999999995809, 8936160.320000000298023 ], [ 861144.67000000004191, 8936504.390000000596046 ], [ 861500.430000000051223, 8936856.560000000521541 ], [ 861848.180000000051223, 8937216.650000000372529 ], [ 862187.74, 8937584.470000000670552 ], [ 862518.930000000051223, 8937959.839999999850988 ], [ 862841.599999999976717, 8938342.560000000521541 ], [ 863155.57999999995809, 8938732.449999999254942 ], [ 863460.699999999953434, 8939129.300000000745058 ], [ 863756.819999999948777, 8939532.92 ], [ 864043.790000000037253, 8939943.109999999403954 ], [ 864321.449999999953434, 8940359.640000000596046 ], [ 864589.67000000004191, 8940782.320000000298023 ], [ 864848.319999999948777, 8941210.939999999478459 ], [ 865097.25, 8941645.259999999776483 ], [ 865336.349999999976717, 8942085.070000000298023 ], [ 865565.5, 8942530.150000000372529 ], [ 865784.569999999948777, 8942980.279999999329448 ], [ 865993.459999999962747, 8943435.220000000670552 ], [ 866192.060000000055879, 8943894.75 ], [ 866380.270000000018626, 8944358.630000000819564 ], [ 866558.0, 8944826.630000000819564 ], [ 866725.150000000023283, 8945298.509999999776483 ], [ 866881.64000000001397, 8945774.029999999329448 ], [ 867027.39000000001397, 8946252.96000000089407 ], [ 867162.339999999967404, 8946735.03999999910593 ], [ 867286.39000000001397, 8947220.03999999910593 ], [ 867325.88, 8947381.970000000670552 ], [ 867413.800000000046566, 8947756.589999999850988 ], [ 867518.459999999962747, 8948246.140000000596046 ], [ 867612.089999999967404, 8948737.92 ], [ 867694.62, 8949231.689999999478459 ], [ 867766.020000000018626, 8949727.189999999478459 ], [ 867826.25, 8950224.17 ], [ 867875.290000000037253, 8950722.369999999180436 ], [ 867913.099999999976717, 8951221.560000000521541 ], [ 868156.959999999962747, 8955006.439999999478459 ], [ 868178.949999999953434, 8955402.900000000372529 ], [ 868196.57999999995809, 8955903.21000000089407 ], [ 868228.96999999997206, 8957254.679999999701977 ], [ 868232.89000000001397, 8957456.130000000819564 ], [ 868234.71999999997206, 8957956.740000000223517 ], [ 868225.28000000002794, 8958457.269999999552965 ], [ 868204.589999999967404, 8958957.46000000089407 ], [ 868172.64000000001397, 8959457.060000000521541 ], [ 868129.46999999997206, 8959955.810000000521541 ], [ 868075.07999999995809, 8960453.46000000089407 ], [ 868009.5, 8960949.769999999552965 ], [ 867932.78000000002794, 8961444.470000000670552 ], [ 867844.949999999953434, 8961937.320000000298023 ], [ 866924.839999999967404, 8966783.259999999776483 ], [ 866912.88, 8966845.730000000447035 ], [ 866812.560000000055879, 8967336.189999999478459 ], [ 866701.229999999981374, 8967824.259999999776483 ], [ 866578.939999999944121, 8968309.71000000089407 ], [ 866445.76, 8968792.279999999329448 ], [ 866301.76, 8969271.730000000447035 ], [ 866147.0, 8969747.820000000298023 ], [ 865981.569999999948777, 8970220.300000000745058 ], [ 865805.560000000055879, 8970688.949999999254942 ], [ 865619.040000000037253, 8971153.509999999776483 ], [ 865422.12, 8971613.759999999776483 ], [ 865214.89000000001397, 8972069.449999999254942 ], [ 864997.459999999962747, 8972520.380000000819564 ], [ 864769.949999999953434, 8972966.28999999910593 ], [ 864532.449999999953434, 8973406.970000000670552 ], [ 864285.10999999998603, 8973842.199999999254942 ], [ 864028.03000000002794, 8974271.740000000223517 ], [ 863761.349999999976717, 8974695.400000000372529 ], [ 863485.209999999962747, 8975112.939999999478459 ], [ 863199.75, 8975524.17 ], [ 862905.099999999976717, 8975928.869999999180436 ], [ 862601.430000000051223, 8976326.83 ], [ 862288.88, 8976717.859999999403954 ], [ 861967.60999999998603, 8977101.759999999776483 ], [ 861637.790000000037253, 8977478.33 ], [ 861299.57999999995809, 8977847.390000000596046 ], [ 860953.150000000023283, 8978208.740000000223517 ], [ 860598.680000000051223, 8978562.199999999254942 ], [ 860236.349999999976717, 8978907.599999999627471 ], [ 859866.339999999967404, 8979244.759999999776483 ], [ 859488.839999999967404, 8979573.5 ], [ 859104.03000000002794, 8979893.67 ], [ 858712.13, 8980205.099999999627471 ], [ 858313.319999999948777, 8980507.630000000819564 ], [ 857907.800000000046566, 8980801.109999999403954 ], [ 857495.790000000037253, 8981085.390000000596046 ], [ 857077.479999999981374, 8981360.33 ], [ 856653.099999999976717, 8981625.78999999910593 ], [ 856222.849999999976717, 8981881.630000000819564 ], [ 855786.959999999962747, 8982127.720000000670552 ], [ 854145.180000000051223, 8983030.429999999701977 ], [ 854050.229999999981374, 8983082.33 ], [ 846298.92000000004191, 8987295.089999999850988 ], [ 846145.689999999944121, 8987377.589999999850988 ], [ 845701.439999999944121, 8987608.160000000149012 ], [ 845252.12, 8987828.67 ], [ 844797.949999999953434, 8988039.029999999329448 ], [ 844339.17000000004191, 8988239.109999999403954 ], [ 843876.0, 8988428.810000000521541 ], [ 843408.680000000051223, 8988608.050000000745058 ], [ 842937.449999999953434, 8988776.730000000447035 ], [ 842462.550000000046566, 8988934.759999999776483 ], [ 841984.21999999997206, 8989082.070000000298023 ], [ 841502.689999999944121, 8989218.58 ], [ 841018.209999999962747, 8989344.230000000447035 ], [ 840531.040000000037253, 8989458.929999999701977 ], [ 840041.400000000023283, 8989562.660000000149012 ], [ 839549.569999999948777, 8989655.33 ], [ 839055.770000000018626, 8989736.929999999701977 ], [ 838560.26, 8989807.390000000596046 ], [ 838063.300000000046566, 8989866.679999999701977 ], [ 837565.13, 8989914.779999999329448 ], [ 837066.0, 8989951.660000000149012 ], [ 831599.400000000023283, 8990293.800000000745058 ], [ 831582.5, 8990294.859999999403954 ], [ 831082.680000000051223, 8990320.119999999180436 ], [ 830582.410000000032596, 8990334.130000000819564 ], [ 830081.96999999997206, 8990336.880000000819564 ], [ 829581.57999999995809, 8990328.380000000819564 ], [ 829081.520000000018626, 8990308.609999999403954 ], [ 828582.03000000002794, 8990277.609999999403954 ], [ 828083.37, 8990235.369999999180436 ], [ 827585.790000000037253, 8990181.929999999701977 ], [ 827089.53000000002794, 8990117.310000000521541 ], [ 826594.85999999998603, 8990041.550000000745058 ], [ 826102.020000000018626, 8989954.67 ], [ 825611.25, 8989856.730000000447035 ], [ 825122.819999999948777, 8989747.779999999329448 ], [ 824636.96999999997206, 8989627.859999999403954 ], [ 824153.930000000051223, 8989497.050000000745058 ], [ 823673.96999999997206, 8989355.410000000149012 ], [ 823197.310000000055879, 8989203.0 ], [ 822724.209999999962747, 8989039.910000000149012 ], [ 822254.89000000001397, 8988866.220000000670552 ], [ 821789.599999999976717, 8988682.019999999552965 ], [ 821328.57999999995809, 8988487.400000000372529 ], [ 820872.050000000046566, 8988282.46000000089407 ], [ 820420.25, 8988067.300000000745058 ], [ 819973.400000000023283, 8987842.03999999910593 ], [ 819531.74, 8987606.779999999329448 ], [ 819095.479999999981374, 8987361.640000000596046 ], [ 818664.849999999976717, 8987106.759999999776483 ], [ 818240.060000000055879, 8986842.25 ], [ 817821.32999999995809, 8986568.259999999776483 ], [ 817408.87, 8986284.92 ], [ 817002.89000000001397, 8985992.369999999180436 ], [ 816603.589999999967404, 8985690.759999999776483 ], [ 807896.290000000037253, 8978959.050000000745058 ], [ 807763.0, 8978855.199999999254942 ], [ 807372.96999999997206, 8978541.759999999776483 ], [ 806990.089999999967404, 8978219.630000000819564 ], [ 806614.550000000046566, 8977888.970000000670552 ], [ 806246.550000000046566, 8977549.949999999254942 ], [ 805886.270000000018626, 8977202.730000000447035 ], [ 805533.89000000001397, 8976847.5 ], [ 805189.57999999995809, 8976484.439999999478459 ], [ 804853.540000000037253, 8976113.720000000670552 ], [ 804525.92000000004191, 8975735.53999999910593 ], [ 804206.89000000001397, 8975350.08 ], [ 800953.57999999995809, 8971328.33 ], [ 800821.439999999944121, 8971163.380000000819564 ], [ 800514.900000000023283, 8970767.939999999478459 ], [ 800217.32999999995809, 8970365.699999999254942 ], [ 799928.88, 8969956.880000000819564 ], [ 799649.709999999962747, 8969541.660000000149012 ], [ 799379.939999999944121, 8969120.279999999329448 ], [ 799119.71999999997206, 8968692.939999999478459 ], [ 798869.189999999944121, 8968259.849999999627471 ], [ 798628.449999999953434, 8967821.240000000223517 ], [ 798397.64000000001397, 8967377.320000000298023 ], [ 798176.88, 8966928.320000000298023 ], [ 797966.270000000018626, 8966474.480000000447035 ], [ 797765.930000000051223, 8966016.009999999776483 ], [ 797575.949999999953434, 8965553.150000000372529 ], [ 796754.099999999976717, 8963485.009999999776483 ], [ 794390.449999999953434, 8960204.269999999552965 ], [ 794316.560000000055879, 8960101.109999999403954 ], [ 794031.020000000018626, 8959690.269999999552965 ], [ 793754.790000000037253, 8959273.119999999180436 ], [ 793488.01, 8958849.869999999180436 ], [ 793230.82999999995809, 8958420.720000000670552 ], [ 792983.35999999998603, 8957985.890000000596046 ], [ 792745.729999999981374, 8957545.609999999403954 ], [ 792518.069999999948777, 8957100.099999999627471 ], [ 792300.479999999981374, 8956649.58 ], [ 792093.089999999967404, 8956194.279999999329448 ], [ 791895.99, 8955734.429999999701977 ], [ 791028.99, 8953647.179999999701977 ], [ 790957.62, 8953473.310000000521541 ], [ 790774.839999999967404, 8953007.589999999850988 ], [ 790602.569999999948777, 8952537.880000000819564 ], [ 790440.92000000004191, 8952064.410000000149012 ], [ 790289.959999999962747, 8951587.42 ], [ 790149.76, 8951107.160000000149012 ], [ 790020.400000000023283, 8950623.869999999180436 ], [ 789901.949999999953434, 8950137.800000000745058 ], [ 789794.459999999962747, 8949649.179999999701977 ], [ 789697.979999999981374, 8949158.259999999776483 ], [ 789612.569999999948777, 8948665.300000000745058 ], [ 789135.089999999967404, 8945712.480000000447035 ], [ 789071.180000000051223, 8945291.810000000521541 ], [ 789006.349999999976717, 8944795.720000000670552 ], [ 788952.699999999953434, 8944298.310000000521541 ], [ 788910.24, 8943799.820000000298023 ], [ 788879.01, 8943300.490000000223517 ], [ 788859.020000000018626, 8942800.589999999850988 ], [ 788850.28000000002794, 8942300.369999999180436 ], [ 788852.790000000037253, 8941800.08 ], [ 788866.550000000046566, 8941299.970000000670552 ], [ 788891.560000000055879, 8940800.28999999910593 ], [ 788927.800000000046566, 8940301.310000000521541 ], [ 788964.949999999953434, 8939911.53999999910593 ] ], [ [ 781531.82999999995809, 8751953.320000000298023 ], [ 781562.810000000055879, 8752031.230000000447035 ], [ 784598.300000000046566, 8754324.21000000089407 ], [ 787799.099999999976717, 8753115.429999999701977 ], [ 787919.26, 8753070.439999999478459 ], [ 788390.24, 8752901.679999999701977 ], [ 788864.89000000001397, 8752743.550000000745058 ], [ 789342.979999999981374, 8752596.140000000596046 ], [ 789824.26, 8752459.519999999552965 ], [ 790308.5, 8752333.759999999776483 ], [ 790795.449999999953434, 8752218.92 ], [ 791284.85999999998603, 8752115.070000000298023 ], [ 791776.49, 8752022.259999999776483 ], [ 792270.069999999948777, 8751940.519999999552965 ], [ 792765.38, 8751869.910000000149012 ], [ 793262.150000000023283, 8751810.46000000089407 ], [ 793760.13, 8751762.199999999254942 ], [ 794259.07999999995809, 8751725.160000000149012 ], [ 794758.729999999981374, 8751699.349999999627471 ], [ 795258.839999999967404, 8751684.779999999329448 ], [ 795759.150000000023283, 8751681.470000000670552 ], [ 796259.410000000032596, 8751689.410000000149012 ], [ 796759.37, 8751708.609999999403954 ], [ 797258.770000000018626, 8751739.050000000745058 ], [ 797757.37, 8751780.720000000670552 ], [ 798254.89000000001397, 8751833.589999999850988 ], [ 798751.10999999998603, 8751897.650000000372529 ], [ 799245.770000000018626, 8751972.839999999850988 ], [ 799738.599999999976717, 8752059.160000000149012 ], [ 800229.37, 8752156.529999999329448 ], [ 800717.82999999995809, 8752264.92 ], [ 801203.729999999981374, 8752384.279999999329448 ], [ 801686.819999999948777, 8752514.529999999329448 ], [ 802166.87, 8752655.619999999180436 ], [ 802643.60999999998603, 8752807.480000000447035 ], [ 803116.82999999995809, 8752970.019999999552965 ], [ 803586.26, 8753143.17 ], [ 804051.689999999944121, 8753326.839999999850988 ], [ 804512.85999999998603, 8753520.929999999701977 ], [ 804969.560000000055879, 8753725.349999999627471 ], [ 805421.540000000037253, 8753939.990000000223517 ], [ 805868.57999999995809, 8754164.75 ], [ 806310.449999999953434, 8754399.509999999776483 ], [ 806746.930000000051223, 8754644.150000000372529 ], [ 807177.800000000046566, 8754898.550000000745058 ], [ 807602.82999999995809, 8755162.58 ], [ 808021.819999999948777, 8755436.109999999403954 ], [ 808434.550000000046566, 8755719.0 ], [ 808840.810000000055879, 8756011.099999999627471 ], [ 809240.400000000023283, 8756312.269999999552965 ], [ 809633.10999999998603, 8756622.349999999627471 ], [ 810018.75, 8756941.189999999478459 ], [ 810397.12, 8757268.630000000819564 ], [ 810768.03000000002794, 8757604.490000000223517 ], [ 811131.28000000002794, 8757948.619999999180436 ], [ 811486.709999999962747, 8758300.839999999850988 ], [ 811834.12, 8758660.96000000089407 ], [ 812173.339999999967404, 8759028.810000000521541 ], [ 812504.199999999953434, 8759404.199999999254942 ], [ 812826.53000000002794, 8759786.939999999478459 ], [ 813140.17000000004191, 8760176.839999999850988 ], [ 813444.949999999953434, 8760573.689999999478459 ], [ 813740.729999999981374, 8760977.310000000521541 ], [ 814027.35999999998603, 8761387.470000000670552 ], [ 817806.89000000001397, 8766927.990000000223517 ], [ 829086.089999999967404, 8783465.310000000521541 ], [ 838562.310000000055879, 8793846.78999999910593 ], [ 838782.28000000002794, 8794091.400000000372529 ], [ 839109.939999999944121, 8794469.720000000670552 ], [ 839429.01, 8794855.320000000298023 ], [ 839739.32999999995809, 8795248.0 ], [ 840040.729999999981374, 8795647.570000000298023 ], [ 840333.060000000055879, 8796053.820000000298023 ], [ 840616.180000000051223, 8796466.53999999910593 ], [ 840889.949999999953434, 8796885.529999999329448 ], [ 841154.21999999997206, 8797310.58 ], [ 841408.849999999976717, 8797741.46000000089407 ], [ 841653.729999999981374, 8798177.96000000089407 ], [ 841888.729999999981374, 8798619.869999999180436 ], [ 844386.150000000023283, 8803446.640000000596046 ], [ 844460.71999999997206, 8803592.070000000298023 ], [ 844682.410000000032596, 8804040.810000000521541 ], [ 844893.949999999953434, 8804494.429999999701977 ], [ 845095.229999999981374, 8804952.689999999478459 ], [ 845286.150000000023283, 8805415.359999999403954 ], [ 845466.60999999998603, 8805882.21000000089407 ], [ 845636.520000000018626, 8806353.009999999776483 ], [ 845795.790000000037253, 8806827.509999999776483 ], [ 845944.349999999976717, 8807305.480000000447035 ], [ 846082.12, 8807786.67 ], [ 846209.020000000018626, 8808270.839999999850988 ], [ 846325.0, 8808757.730000000447035 ], [ 846430.0, 8809247.119999999180436 ], [ 846523.949999999953434, 8809738.75 ], [ 846606.819999999948777, 8810232.359999999403954 ], [ 846678.569999999948777, 8810727.720000000670552 ], [ 846739.150000000023283, 8811224.560000000521541 ], [ 846788.53000000002794, 8811722.640000000596046 ], [ 846826.699999999953434, 8812221.71000000089407 ], [ 846853.62, 8812721.509999999776483 ], [ 846869.300000000046566, 8813221.78999999910593 ], [ 846873.709999999962747, 8813722.28999999910593 ], [ 846866.85999999998603, 8814222.769999999552965 ], [ 846848.75, 8814722.970000000670552 ], [ 846819.39000000001397, 8815222.630000000819564 ], [ 846778.800000000046566, 8815721.509999999776483 ], [ 846726.99, 8816219.339999999850988 ], [ 846716.050000000046566, 8816314.160000000149012 ], [ 846668.5, 8816696.800000000745058 ], [ 846596.910000000032596, 8817192.179999999701977 ], [ 846514.189999999944121, 8817685.820000000298023 ], [ 846420.38, 8818177.470000000670552 ], [ 846315.53000000002794, 8818666.890000000596046 ], [ 846199.699999999953434, 8819153.83 ], [ 846072.939999999944121, 8819638.029999999329448 ], [ 845935.319999999948777, 8820119.259999999776483 ], [ 845786.900000000023283, 8820597.269999999552965 ], [ 845627.770000000018626, 8821071.820000000298023 ], [ 845458.0, 8821542.67 ], [ 845277.680000000051223, 8822009.570000000298023 ], [ 845086.900000000023283, 8822472.310000000521541 ], [ 844885.76, 8822930.630000000819564 ], [ 844674.35999999998603, 8823384.310000000521541 ], [ 844452.800000000046566, 8823833.119999999180436 ], [ 844070.75, 8824585.58 ], [ 844006.67000000004191, 8824710.800000000745058 ], [ 843772.270000000018626, 8825153.029999999329448 ], [ 843527.979999999981374, 8825589.869999999180436 ], [ 843273.92000000004191, 8826021.109999999403954 ], [ 843010.21999999997206, 8826446.519999999552965 ], [ 842737.020000000018626, 8826865.880000000819564 ], [ 842454.459999999962747, 8827279.0 ], [ 842162.67000000004191, 8827685.650000000372529 ], [ 841861.800000000046566, 8828085.630000000819564 ], [ 841552.020000000018626, 8828478.740000000223517 ], [ 841233.459999999962747, 8828864.779999999329448 ], [ 840906.310000000055879, 8829243.550000000745058 ], [ 840570.709999999962747, 8829614.869999999180436 ], [ 840226.849999999976717, 8829978.53999999910593 ], [ 839874.89000000001397, 8830334.380000000819564 ], [ 839515.020000000018626, 8830682.21000000089407 ], [ 839147.410000000032596, 8831021.859999999403954 ], [ 838772.26, 8831353.140000000596046 ], [ 838389.75, 8831675.910000000149012 ], [ 838000.069999999948777, 8831989.980000000447035 ], [ 837603.430000000051223, 8832295.199999999254942 ], [ 837555.930000000051223, 8832330.910000000149012 ], [ 837340.290000000037253, 8832491.0 ], [ 836933.32999999995809, 8832782.33 ], [ 836519.930000000051223, 8833064.429999999701977 ], [ 836100.28000000002794, 8833337.150000000372529 ], [ 835674.60999999998603, 8833600.369999999180436 ], [ 835243.13, 8833853.939999999478459 ], [ 834806.050000000046566, 8834097.740000000223517 ], [ 833780.209999999962747, 8834654.900000000372529 ], [ 833652.800000000046566, 8834723.560000000521541 ], [ 833208.839999999967404, 8834954.570000000298023 ], [ 832759.790000000037253, 8835175.53999999910593 ], [ 832305.89000000001397, 8835386.349999999627471 ], [ 831847.35999999998603, 8835586.890000000596046 ], [ 831384.439999999944121, 8835777.060000000521541 ], [ 830917.35999999998603, 8835956.779999999329448 ], [ 830446.35999999998603, 8836125.929999999701977 ], [ 829971.67000000004191, 8836284.449999999254942 ], [ 829493.540000000037253, 8836432.240000000223517 ], [ 829012.199999999953434, 8836569.25 ], [ 828527.910000000032596, 8836695.380000000819564 ], [ 828040.910000000032596, 8836810.589999999850988 ], [ 827551.430000000051223, 8836914.820000000298023 ], [ 827059.74, 8837008.0 ], [ 826566.07999999995809, 8837090.099999999627471 ], [ 826070.699999999953434, 8837161.08 ], [ 825573.849999999976717, 8837220.890000000596046 ], [ 825075.78000000002794, 8837269.509999999776483 ], [ 824576.74, 8837306.910000000149012 ], [ 824077.0, 8837333.070000000298023 ], [ 823576.790000000037253, 8837347.990000000223517 ], [ 823076.37, 8837351.650000000372529 ], [ 822576.0, 8837344.050000000745058 ], [ 822075.939999999944121, 8837325.189999999478459 ], [ 821576.42000000004191, 8837295.099999999627471 ], [ 821077.709999999962747, 8837253.769999999552965 ], [ 820580.050000000046566, 8837201.230000000447035 ], [ 820083.709999999962747, 8837137.509999999776483 ], [ 819588.930000000051223, 8837062.650000000372529 ], [ 819095.959999999962747, 8836976.67 ], [ 818605.050000000046566, 8836879.630000000819564 ], [ 818116.449999999953434, 8836771.560000000521541 ], [ 817630.400000000023283, 8836652.529999999329448 ], [ 817147.160000000032596, 8836522.599999999627471 ], [ 816666.959999999962747, 8836381.839999999850988 ], [ 816190.060000000055879, 8836230.310000000521541 ], [ 815716.680000000051223, 8836068.08 ], [ 815247.07999999995809, 8835895.25 ], [ 814781.479999999981374, 8835711.910000000149012 ], [ 812360.699999999953434, 8834727.03999999910593 ], [ 793821.49, 8827185.390000000596046 ], [ 775284.26, 8819645.96000000089407 ], [ 774910.35999999998603, 8819489.910000000149012 ], [ 774452.71999999997206, 8819287.890000000596046 ], [ 773999.74, 8819075.609999999403954 ], [ 773551.650000000023283, 8818853.21000000089407 ], [ 773108.680000000051223, 8818620.779999999329448 ], [ 772671.050000000046566, 8818378.449999999254942 ], [ 772238.979999999981374, 8818126.339999999850988 ], [ 771812.699999999953434, 8817864.570000000298023 ], [ 771392.410000000032596, 8817593.279999999329448 ], [ 770978.32999999995809, 8817312.599999999627471 ], [ 770570.310000000055879, 8817029.279999999329448 ], [ 770203.96999999997206, 8816769.380000000819564 ], [ 769802.25, 8816471.28999999910593 ], [ 769407.339999999967404, 8816164.240000000223517 ], [ 769019.439999999944121, 8815848.380000000819564 ], [ 768638.74, 8815523.880000000819564 ], [ 768265.439999999944121, 8815190.900000000372529 ], [ 767899.729999999981374, 8814849.609999999403954 ], [ 767541.78000000002794, 8814500.179999999701977 ], [ 767191.790000000037253, 8814142.779999999329448 ], [ 766849.92000000004191, 8813777.609999999403954 ], [ 766516.35999999998603, 8813404.83 ], [ 766191.26, 8813024.650000000372529 ], [ 765874.810000000055879, 8812637.259999999776483 ], [ 765567.14000000001397, 8812242.839999999850988 ], [ 765268.430000000051223, 8811841.609999999403954 ], [ 760180.699999999953434, 8804845.160000000149012 ], [ 758568.430000000051223, 8804249.849999999627471 ], [ 739799.569999999948777, 8797320.400000000372529 ], [ 739703.430000000051223, 8797284.660000000149012 ], [ 739237.050000000046566, 8797104.029999999329448 ], [ 738774.849999999976717, 8796912.949999999254942 ], [ 738317.060000000055879, 8796711.529999999329448 ], [ 737863.930000000051223, 8796499.859999999403954 ], [ 737415.67000000004191, 8796278.050000000745058 ], [ 736972.520000000018626, 8796046.21000000089407 ], [ 736875.01, 8795993.800000000745058 ], [ 736474.310000000055879, 8795773.050000000745058 ], [ 736041.550000000046566, 8795522.349999999627471 ], [ 735881.13, 8795426.990000000223517 ], [ 735505.87, 8795198.869999999180436 ], [ 735084.089999999967404, 8794930.119999999180436 ], [ 734668.459999999962747, 8794651.939999999478459 ], [ 734259.199999999953434, 8794364.490000000223517 ], [ 733856.51, 8794067.900000000372529 ], [ 733460.589999999967404, 8793762.33 ], [ 733071.650000000023283, 8793447.939999999478459 ], [ 732689.87, 8793124.869999999180436 ], [ 732315.46999999997206, 8792793.300000000745058 ], [ 731948.60999999998603, 8792453.390000000596046 ], [ 731589.5, 8792105.320000000298023 ], [ 731238.310000000055879, 8791749.259999999776483 ], [ 730895.209999999962747, 8791385.390000000596046 ], [ 730560.39000000001397, 8791013.890000000596046 ], [ 730234.01, 8790634.96000000089407 ], [ 729916.24, 8790248.779999999329448 ], [ 729607.229999999981374, 8789855.550000000745058 ], [ 729307.150000000023283, 8789455.470000000670552 ], [ 729016.150000000023283, 8789048.75 ], [ 728734.37, 8788635.58 ], [ 726380.040000000037253, 8785098.769999999552965 ], [ 726177.900000000023283, 8784789.589999999850988 ], [ 725912.49, 8784365.730000000447035 ], [ 725656.67000000004191, 8783936.009999999776483 ], [ 725410.589999999967404, 8783500.640000000596046 ], [ 725174.35999999998603, 8783059.849999999627471 ], [ 725052.310000000055879, 8782825.820000000298023 ], [ 724868.229999999981374, 8782464.869999999180436 ], [ 724650.14000000001397, 8782014.83 ], [ 724442.229999999981374, 8781560.0 ], [ 724244.60999999998603, 8781100.609999999403954 ], [ 724057.37, 8780636.880000000819564 ], [ 723880.599999999976717, 8780169.070000000298023 ], [ 723714.410000000032596, 8779697.400000000372529 ], [ 723558.85999999998603, 8779222.109999999403954 ], [ 723414.050000000046566, 8778743.439999999478459 ], [ 723280.040000000037253, 8778261.630000000819564 ], [ 723156.900000000023283, 8777776.939999999478459 ], [ 723044.699999999953434, 8777289.589999999850988 ], [ 722943.479999999981374, 8776799.849999999627471 ], [ 722853.310000000055879, 8776307.949999999254942 ], [ 722774.229999999981374, 8775814.150000000372529 ], [ 722718.26, 8775437.619999999180436 ], [ 722710.26, 8775383.359999999403954 ], [ 722643.53000000002794, 8774887.75 ], [ 722587.959999999962747, 8774390.75 ], [ 722543.57999999995809, 8773892.630000000819564 ], [ 722510.42000000004191, 8773393.640000000596046 ], [ 722488.49, 8772894.029999999329448 ], [ 722477.800000000046566, 8772394.050000000745058 ], [ 722478.37, 8771893.96000000089407 ], [ 722490.180000000051223, 8771394.009999999776483 ], [ 722513.229999999981374, 8770894.449999999254942 ], [ 722547.520000000018626, 8770395.529999999329448 ], [ 722593.020000000018626, 8769897.509999999776483 ], [ 722649.709999999962747, 8769400.640000000596046 ], [ 722717.560000000055879, 8768905.179999999701977 ], [ 722796.540000000037253, 8768411.359999999403954 ], [ 722886.599999999976717, 8767919.439999999478459 ], [ 722987.709999999962747, 8767429.679999999701977 ], [ 723199.51, 8766459.029999999329448 ], [ 723251.589999999967404, 8766226.300000000745058 ], [ 723368.910000000032596, 8765740.160000000149012 ], [ 723497.14000000001397, 8765256.78999999910593 ], [ 723636.209999999962747, 8764776.410000000149012 ], [ 723786.040000000037253, 8764299.28999999910593 ], [ 723946.569999999948777, 8763825.660000000149012 ], [ 724117.709999999962747, 8763355.769999999552965 ], [ 724531.680000000051223, 8762257.71000000089407 ], [ 724617.180000000051223, 8762034.570000000298023 ], [ 724803.839999999967404, 8761570.609999999403954 ], [ 725000.900000000023283, 8761110.980000000447035 ], [ 725208.24, 8760655.880000000819564 ], [ 725425.770000000018626, 8760205.570000000298023 ], [ 725653.37, 8759760.269999999552965 ], [ 725890.930000000051223, 8759320.189999999478459 ], [ 726138.32999999995809, 8758885.570000000298023 ], [ 730109.39000000001397, 8752088.099999999627471 ], [ 730245.020000000018626, 8751859.08 ], [ 730507.24, 8751433.220000000670552 ], [ 730778.96999999997206, 8751013.369999999180436 ], [ 731060.07999999995809, 8750599.730000000447035 ], [ 731350.42000000004191, 8750192.529999999329448 ], [ 731649.849999999976717, 8749791.949999999254942 ], [ 731958.21999999997206, 8749398.220000000670552 ], [ 732275.35999999998603, 8749011.509999999776483 ], [ 736483.199999999953434, 8743996.720000000670552 ], [ 736700.38, 8743741.810000000521541 ], [ 737031.810000000055879, 8743367.269999999552965 ], [ 737371.589999999967404, 8743000.279999999329448 ], [ 737719.540000000037253, 8742641.019999999552965 ], [ 738075.49, 8742289.679999999701977 ], [ 740962.300000000046566, 8739503.550000000745058 ], [ 741092.82999999995809, 8739378.589999999850988 ], [ 741459.35999999998603, 8739038.300000000745058 ], [ 741833.459999999962747, 8738706.339999999850988 ], [ 742214.930000000051223, 8738382.880000000819564 ], [ 742603.57999999995809, 8738068.08 ], [ 742999.21999999997206, 8737762.099999999627471 ], [ 743401.64000000001397, 8737465.099999999627471 ], [ 743810.63, 8737177.220000000670552 ], [ 744226.01, 8736898.619999999180436 ], [ 744647.540000000037253, 8736629.429999999701977 ], [ 745075.03000000002794, 8736369.78999999910593 ], [ 745508.24, 8736119.83 ], [ 745946.979999999981374, 8735879.679999999701977 ], [ 746391.0, 8735649.46000000089407 ], [ 746840.089999999967404, 8735429.28999999910593 ], [ 747294.03000000002794, 8735219.269999999552965 ], [ 747752.569999999948777, 8735019.509999999776483 ], [ 748215.49, 8734830.119999999180436 ], [ 748682.560000000055879, 8734651.199999999254942 ], [ 749153.53000000002794, 8734482.820000000298023 ], [ 749628.180000000051223, 8734325.08 ], [ 750106.25, 8734178.050000000745058 ], [ 750197.650000000023283, 8734151.070000000298023 ], [ 750309.01, 8734118.5 ], [ 750790.979999999981374, 8733984.779999999329448 ], [ 751275.82999999995809, 8733861.939999999478459 ], [ 751763.32999999995809, 8733750.029999999329448 ], [ 752253.21999999997206, 8733649.119999999180436 ], [ 752745.26, 8733559.25 ], [ 753239.199999999953434, 8733480.480000000447035 ], [ 753734.790000000037253, 8733412.839999999850988 ], [ 754231.770000000018626, 8733356.359999999403954 ], [ 754729.910000000032596, 8733311.08 ], [ 755228.930000000051223, 8733277.009999999776483 ], [ 755728.599999999976717, 8733254.179999999701977 ], [ 756228.650000000023283, 8733242.599999999627471 ], [ 756728.839999999967404, 8733242.259999999776483 ], [ 757228.92000000004191, 8733253.179999999701977 ], [ 757728.62, 8733275.349999999627471 ], [ 758227.699999999953434, 8733308.75 ], [ 758725.900000000023283, 8733353.380000000819564 ], [ 759222.979999999981374, 8733409.189999999478459 ], [ 759718.67000000004191, 8733476.179999999701977 ], [ 760212.74, 8733554.300000000745058 ], [ 760704.92000000004191, 8733643.519999999552965 ], [ 761194.96999999997206, 8733743.78999999910593 ], [ 761682.650000000023283, 8733855.060000000521541 ], [ 762167.699999999953434, 8733977.269999999552965 ], [ 762251.660000000032596, 8733999.429999999701977 ], [ 762253.540000000037253, 8733999.929999999701977 ], [ 762735.709999999962747, 8734133.060000000521541 ], [ 763214.76, 8734277.009999999776483 ], [ 763690.459999999962747, 8734431.699999999254942 ], [ 764162.550000000046566, 8734597.050000000745058 ], [ 764630.810000000055879, 8734772.990000000223517 ], [ 765094.99, 8734959.410000000149012 ], [ 765554.85999999998603, 8735156.230000000447035 ], [ 766010.189999999944121, 8735363.349999999627471 ], [ 766460.74, 8735580.660000000149012 ], [ 766906.300000000046566, 8735808.050000000745058 ], [ 767346.62, 8736045.410000000149012 ], [ 767781.5, 8736292.609999999403954 ], [ 768210.699999999953434, 8736549.53999999910593 ], [ 768634.020000000018626, 8736816.060000000521541 ], [ 769051.24, 8737092.029999999329448 ], [ 769462.14000000001397, 8737377.320000000298023 ], [ 769570.10999999998603, 8737454.099999999627471 ], [ 769589.37, 8737467.820000000298023 ], [ 769993.430000000051223, 8737762.71000000089407 ], [ 770390.76, 8738066.619999999180436 ], [ 770781.160000000032596, 8738379.400000000372529 ], [ 771164.42000000004191, 8738700.890000000596046 ], [ 771540.349999999976717, 8739030.910000000149012 ], [ 775205.810000000055879, 8742322.58 ], [ 775347.949999999953434, 8742451.339999999850988 ], [ 775713.430000000051223, 8742792.92 ], [ 776071.14000000001397, 8743142.630000000819564 ], [ 776420.88, 8743500.310000000521541 ], [ 776762.49, 8743865.769999999552965 ], [ 777095.800000000046566, 8744238.820000000298023 ], [ 777420.63, 8744619.269999999552965 ], [ 777736.810000000055879, 8745006.939999999478459 ], [ 778044.199999999953434, 8745401.630000000819564 ], [ 778342.62, 8745803.130000000819564 ], [ 778631.939999999944121, 8746211.240000000223517 ], [ 778912.0, 8746625.769999999552965 ], [ 779182.67000000004191, 8747046.480000000447035 ], [ 779443.800000000046566, 8747473.189999999478459 ], [ 779695.270000000018626, 8747905.660000000149012 ], [ 779936.939999999944121, 8748343.679999999701977 ], [ 780168.699999999953434, 8748787.029999999329448 ], [ 780390.430000000051223, 8749235.480000000447035 ], [ 780602.01, 8749688.810000000521541 ], [ 780803.32999999995809, 8750146.779999999329448 ], [ 780994.300000000046566, 8750609.160000000149012 ], [ 781531.82999999995809, 8751953.320000000298023 ] ], [ [ 557965.160000000032596, 8468574.679999999701977 ], [ 558082.040000000037253, 8468644.349999999627471 ], [ 558507.67000000004191, 8468906.359999999403954 ], [ 558927.300000000046566, 8469177.880000000819564 ], [ 559340.709999999962747, 8469458.769999999552965 ], [ 559747.699999999953434, 8469748.890000000596046 ], [ 560148.060000000055879, 8470048.099999999627471 ], [ 560541.589999999967404, 8470356.230000000447035 ], [ 560928.07999999995809, 8470673.140000000596046 ], [ 561307.349999999976717, 8470998.67 ], [ 561679.199999999953434, 8471332.650000000372529 ], [ 562043.449999999953434, 8471674.900000000372529 ], [ 562399.900000000023283, 8472025.269999999552965 ], [ 562748.38, 8472383.560000000521541 ], [ 562953.060000000055879, 8472598.800000000745058 ], [ 563158.800000000046566, 8472818.109999999403954 ], [ 563494.150000000023283, 8473188.730000000447035 ], [ 563821.069999999948777, 8473566.800000000745058 ], [ 564139.410000000032596, 8473952.130000000819564 ], [ 564448.99, 8474344.519999999552965 ], [ 564749.67000000004191, 8474743.779999999329448 ], [ 565041.290000000037253, 8475149.699999999254942 ], [ 565323.709999999962747, 8475562.08 ], [ 571547.35999999998603, 8484872.78999999910593 ], [ 571608.42000000004191, 8484964.640000000596046 ], [ 571879.410000000032596, 8485384.630000000819564 ], [ 572140.88, 8485810.599999999627471 ], [ 572392.689999999944121, 8486242.359999999403954 ], [ 572634.74, 8486679.660000000149012 ], [ 572866.88, 8487122.300000000745058 ], [ 573089.01, 8487570.060000000521541 ], [ 573301.0, 8488022.689999999478459 ], [ 573502.76, 8488479.980000000447035 ], [ 573694.180000000051223, 8488941.699999999254942 ], [ 573875.17000000004191, 8489407.599999999627471 ], [ 574045.63, 8489877.46000000089407 ], [ 574205.46999999997206, 8490351.029999999329448 ], [ 574354.62, 8490828.089999999850988 ], [ 574493.0, 8491308.369999999180436 ], [ 574620.540000000037253, 8491791.650000000372529 ], [ 574737.180000000051223, 8492277.67 ], [ 574842.849999999976717, 8492766.199999999254942 ], [ 574937.51, 8493256.980000000447035 ], [ 575021.099999999976717, 8493749.759999999776483 ], [ 575093.57999999995809, 8494244.300000000745058 ], [ 575154.92000000004191, 8494740.349999999627471 ], [ 577152.050000000046566, 8512534.179999999701977 ], [ 577161.229999999981374, 8512617.349999999627471 ], [ 577209.51, 8513114.839999999850988 ], [ 578017.14000000001397, 8522539.279999999329448 ], [ 579723.819999999948777, 8542459.83 ], [ 580006.099999999976717, 8545729.560000000521541 ], [ 581725.439999999944121, 8565649.089999999850988 ], [ 583543.930000000051223, 8578754.589999999850988 ], [ 589907.819999999948777, 8585025.099999999627471 ], [ 596400.839999999967404, 8587231.849999999627471 ], [ 615332.069999999948777, 8593666.0 ], [ 624950.709999999962747, 8587616.75 ], [ 625315.85999999998603, 8587391.980000000447035 ], [ 626716.439999999944121, 8586548.390000000596046 ], [ 634241.07999999995809, 8576166.800000000745058 ], [ 638795.589999999967404, 8565089.179999999701977 ], [ 641372.60999999998603, 8555403.5 ], [ 646513.14000000001397, 8536078.449999999254942 ], [ 646517.46999999997206, 8536062.199999999254942 ], [ 646651.75, 8535580.650000000372529 ], [ 646796.82999999995809, 8535102.240000000223517 ], [ 646952.63, 8534627.220000000670552 ], [ 647119.089999999967404, 8534155.820000000298023 ], [ 647296.099999999976717, 8533688.28999999910593 ], [ 647483.589999999967404, 8533224.859999999403954 ], [ 647681.449999999953434, 8532765.759999999776483 ], [ 647889.589999999967404, 8532311.230000000447035 ], [ 648107.910000000032596, 8531861.490000000223517 ], [ 648336.28000000002794, 8531416.779999999329448 ], [ 648574.599999999976717, 8530977.310000000521541 ], [ 648822.75, 8530543.320000000298023 ], [ 649080.589999999967404, 8530115.019999999552965 ], [ 649348.01, 8529692.630000000819564 ], [ 649624.85999999998603, 8529276.359999999403954 ], [ 649911.0, 8528866.429999999701977 ], [ 650206.300000000046566, 8528463.029999999329448 ], [ 650510.589999999967404, 8528066.380000000819564 ], [ 650823.729999999981374, 8527676.67 ], [ 651145.550000000046566, 8527294.099999999627471 ], [ 651475.910000000032596, 8526918.869999999180436 ], [ 651814.60999999998603, 8526551.17 ], [ 652161.51, 8526191.179999999701977 ], [ 652516.410000000032596, 8525839.08 ], [ 652879.150000000023283, 8525495.050000000745058 ], [ 653249.540000000037253, 8525159.269999999552965 ], [ 653627.38, 8524831.910000000149012 ], [ 654012.49, 8524513.130000000819564 ], [ 654404.680000000051223, 8524203.089999999850988 ], [ 654803.74, 8523901.949999999254942 ], [ 655209.479999999981374, 8523609.869999999180436 ], [ 655621.689999999944121, 8523326.980000000447035 ], [ 656010.939999999944121, 8523066.240000000223517 ], [ 656231.930000000051223, 8522920.109999999403954 ], [ 656653.63, 8522651.58 ], [ 657081.26, 8522392.599999999627471 ], [ 657514.60999999998603, 8522143.300000000745058 ], [ 657953.459999999962747, 8521903.820000000298023 ], [ 658397.589999999967404, 8521674.259999999776483 ], [ 658846.770000000018626, 8521454.759999999776483 ], [ 659300.770000000018626, 8521245.42 ], [ 659759.37, 8521046.339999999850988 ], [ 660222.32999999995809, 8520857.630000000819564 ], [ 660689.42000000004191, 8520679.380000000819564 ], [ 661035.520000000018626, 8520551.740000000223517 ], [ 661346.24, 8520439.769999999552965 ], [ 661819.660000000032596, 8520279.089999999850988 ], [ 662296.589999999967404, 8520129.099999999627471 ], [ 662776.76, 8519989.880000000819564 ], [ 663259.949999999953434, 8519861.490000000223517 ], [ 663745.900000000023283, 8519744.009999999776483 ], [ 664234.37, 8519637.480000000447035 ], [ 664725.12, 8519541.970000000670552 ], [ 665217.89000000001397, 8519457.529999999329448 ], [ 665712.439999999944121, 8519384.189999999478459 ], [ 666208.520000000018626, 8519322.0 ], [ 666705.85999999998603, 8519270.980000000447035 ], [ 667204.24, 8519231.160000000149012 ], [ 667703.38, 8519202.570000000298023 ], [ 668203.040000000037253, 8519185.21000000089407 ], [ 668702.959999999962747, 8519179.089999999850988 ], [ 669202.900000000023283, 8519184.220000000670552 ], [ 669702.599999999976717, 8519200.599999999627471 ], [ 670201.800000000046566, 8519228.220000000670552 ], [ 670700.26, 8519267.060000000521541 ], [ 671197.709999999962747, 8519317.099999999627471 ], [ 671693.92000000004191, 8519378.320000000298023 ], [ 672188.63, 8519450.689999999478459 ], [ 672681.57999999995809, 8519534.17 ], [ 675771.25, 8520093.220000000670552 ], [ 676122.01, 8520159.599999999627471 ], [ 676611.39000000001397, 8520262.019999999552965 ], [ 677098.339999999967404, 8520375.429999999701977 ], [ 677582.60999999998603, 8520499.769999999552965 ], [ 678063.96999999997206, 8520634.96000000089407 ], [ 678542.160000000032596, 8520780.96000000089407 ], [ 679016.949999999953434, 8520937.67 ], [ 679488.099999999976717, 8521105.029999999329448 ], [ 679955.35999999998603, 8521282.939999999478459 ], [ 680418.5, 8521471.320000000298023 ], [ 680877.290000000037253, 8521670.070000000298023 ], [ 681331.49, 8521879.099999999627471 ], [ 681780.88, 8522098.28999999910593 ], [ 682225.21999999997206, 8522327.529999999329448 ], [ 682664.290000000037253, 8522566.720000000670552 ], [ 683097.87, 8522815.720000000670552 ], [ 683525.74, 8523074.410000000149012 ], [ 683947.680000000051223, 8523342.67 ], [ 684363.479999999981374, 8523620.349999999627471 ], [ 684772.930000000051223, 8523907.310000000521541 ], [ 685175.819999999948777, 8524203.42 ], [ 685571.949999999953434, 8524508.509999999776483 ], [ 685961.10999999998603, 8524822.439999999478459 ], [ 686343.12, 8525145.050000000745058 ], [ 686717.770000000018626, 8525476.160000000149012 ], [ 687084.87, 8525815.630000000819564 ], [ 687444.25, 8526163.269999999552965 ], [ 687795.71999999997206, 8526518.900000000372529 ], [ 688139.089999999967404, 8526882.359999999403954 ], [ 688474.209999999962747, 8527253.439999999478459 ], [ 688800.88, 8527631.980000000447035 ], [ 689118.96999999997206, 8528017.759999999776483 ], [ 689428.290000000037253, 8528410.609999999403954 ], [ 693797.650000000023283, 8534090.259999999776483 ], [ 705992.939999999944121, 8549944.140000000596046 ], [ 706219.88, 8550244.42 ], [ 706513.459999999962747, 8550649.21000000089407 ], [ 706797.85999999998603, 8551060.509999999776483 ], [ 707072.939999999944121, 8551478.109999999403954 ], [ 707338.550000000046566, 8551901.78999999910593 ], [ 707594.560000000055879, 8552331.33 ], [ 707840.839999999967404, 8552766.529999999329448 ], [ 715446.57999999995809, 8566567.339999999850988 ], [ 715627.199999999953434, 8566901.839999999850988 ], [ 715856.040000000037253, 8567346.490000000223517 ], [ 716074.810000000055879, 8567796.160000000149012 ], [ 716283.42000000004191, 8568250.650000000372529 ], [ 716481.75, 8568709.720000000670552 ], [ 721370.800000000046566, 8580386.279999999329448 ], [ 721418.71999999997206, 8580501.650000000372529 ], [ 721604.040000000037253, 8580966.140000000596046 ], [ 721778.87, 8581434.67 ], [ 721943.099999999976717, 8581907.029999999329448 ], [ 723429.290000000037253, 8586341.67 ], [ 723543.74, 8586692.859999999403954 ], [ 723689.37, 8587171.279999999329448 ], [ 723824.199999999953434, 8587652.859999999403954 ], [ 726209.550000000046566, 8596558.160000000149012 ], [ 731384.150000000023283, 8615882.119999999180436 ], [ 740333.689999999944121, 8625259.849999999627471 ], [ 754145.550000000046566, 8639734.33 ], [ 754403.26, 8640009.03999999910593 ], [ 754738.21999999997206, 8640380.519999999552965 ], [ 755064.729999999981374, 8640759.429999999701977 ], [ 755382.63, 8641145.599999999627471 ], [ 755691.76, 8641538.83 ], [ 755991.96999999997206, 8641938.900000000372529 ], [ 756283.10999999998603, 8642345.640000000596046 ], [ 756565.020000000018626, 8642758.820000000298023 ], [ 756837.560000000055879, 8643178.240000000223517 ], [ 757100.599999999976717, 8643603.679999999701977 ], [ 757354.0, 8644034.939999999478459 ], [ 757669.150000000023283, 8644585.390000000596046 ], [ 757720.60999999998603, 8644675.75 ], [ 757962.189999999944121, 8645113.740000000223517 ], [ 758193.85999999998603, 8645557.050000000745058 ], [ 758415.5, 8646005.46000000089407 ], [ 758627.0, 8646458.75 ], [ 758828.24, 8646916.679999999701977 ], [ 759019.13, 8647379.019999999552965 ], [ 759199.560000000055879, 8647845.550000000745058 ], [ 759369.459999999962747, 8648316.009999999776483 ], [ 759528.729999999981374, 8648790.179999999701977 ], [ 759677.290000000037253, 8649267.810000000521541 ], [ 759815.060000000055879, 8649748.660000000149012 ], [ 759941.979999999981374, 8650232.490000000223517 ], [ 760057.99, 8650719.060000000521541 ], [ 760163.01, 8651208.109999999403954 ], [ 760257.01, 8651699.400000000372529 ], [ 760339.930000000051223, 8652192.689999999478459 ], [ 760411.729999999981374, 8652687.71000000089407 ], [ 760472.37, 8653184.220000000670552 ], [ 760521.82999999995809, 8653681.980000000447035 ], [ 760560.07999999995809, 8654180.720000000670552 ], [ 760587.089999999967404, 8654680.189999999478459 ], [ 760602.85999999998603, 8655180.150000000372529 ], [ 760608.57999999995809, 8655462.089999999850988 ], [ 760609.35999999998603, 8655502.390000000596046 ], [ 760612.96999999997206, 8656002.58 ], [ 760605.32999999995809, 8656502.730000000447035 ], [ 760586.430000000051223, 8657002.570000000298023 ], [ 760556.290000000037253, 8657501.869999999180436 ], [ 760415.959999999962747, 8659460.029999999329448 ], [ 760406.709999999962747, 8659584.230000000447035 ], [ 760362.550000000046566, 8660082.480000000447035 ], [ 760307.189999999944121, 8660579.609999999403954 ], [ 760240.660000000032596, 8661075.369999999180436 ], [ 760028.53000000002794, 8662531.509999999776483 ], [ 760007.439999999944121, 8662673.089999999850988 ], [ 759926.589999999967404, 8663166.71000000089407 ], [ 759834.650000000023283, 8663658.390000000596046 ], [ 759731.67000000004191, 8664147.880000000819564 ], [ 759617.709999999962747, 8664634.929999999701977 ], [ 759492.810000000055879, 8665119.279999999329448 ], [ 759357.050000000046566, 8665600.71000000089407 ], [ 759210.5, 8666078.96000000089407 ], [ 759053.21999999997206, 8666553.78999999910593 ], [ 758885.290000000037253, 8667024.949999999254942 ], [ 758706.810000000055879, 8667492.230000000447035 ], [ 758517.85999999998603, 8667955.359999999403954 ], [ 758318.540000000037253, 8668414.130000000819564 ], [ 758108.949999999953434, 8668868.300000000745058 ], [ 757889.189999999944121, 8669317.640000000596046 ], [ 757659.38, 8669761.910000000149012 ], [ 757419.63, 8670200.910000000149012 ], [ 757170.069999999948777, 8670634.390000000596046 ], [ 756910.810000000055879, 8671062.160000000149012 ], [ 756642.0, 8671483.980000000447035 ], [ 756363.770000000018626, 8671899.640000000596046 ], [ 756076.25, 8672308.939999999478459 ], [ 755779.599999999976717, 8672711.67 ], [ 755473.959999999962747, 8673107.619999999180436 ], [ 755159.5, 8673496.589999999850988 ], [ 754836.35999999998603, 8673878.390000000596046 ], [ 754504.71999999997206, 8674252.820000000298023 ], [ 754164.729999999981374, 8674619.689999999478459 ], [ 753816.57999999995809, 8674978.820000000298023 ], [ 753460.439999999944121, 8675330.019999999552965 ], [ 753096.49, 8675673.130000000819564 ], [ 752724.910000000032596, 8676007.96000000089407 ], [ 752345.89000000001397, 8676334.339999999850988 ], [ 751959.63, 8676652.109999999403954 ], [ 751566.310000000055879, 8676961.109999999403954 ], [ 751166.150000000023283, 8677261.179999999701977 ], [ 750759.339999999967404, 8677552.179999999701977 ], [ 750346.07999999995809, 8677833.939999999478459 ], [ 749926.589999999967404, 8678106.339999999850988 ], [ 749501.07999999995809, 8678369.230000000447035 ], [ 749069.76, 8678622.470000000670552 ], [ 748632.85999999998603, 8678865.96000000089407 ], [ 748190.589999999967404, 8679099.550000000745058 ], [ 747743.17000000004191, 8679323.119999999180436 ], [ 747290.849999999976717, 8679536.58 ], [ 746833.82999999995809, 8679739.810000000521541 ], [ 744458.569999999948777, 8680764.189999999478459 ], [ 726088.42000000004191, 8688686.259999999776483 ], [ 720592.39000000001397, 8692622.28999999910593 ], [ 704329.270000000018626, 8704268.429999999701977 ], [ 704285.810000000055879, 8704356.380000000819564 ], [ 704058.28000000002794, 8704801.660000000149012 ], [ 703820.790000000037253, 8705241.71000000089407 ], [ 703573.46999999997206, 8705676.310000000521541 ], [ 703316.42000000004191, 8706105.230000000447035 ], [ 703049.800000000046566, 8706528.25 ], [ 702773.71999999997206, 8706945.17 ], [ 702488.32999999995809, 8707355.779999999329448 ], [ 702309.87, 8707606.470000000670552 ], [ 702218.87, 8707733.369999999180436 ], [ 701921.479999999981374, 8708135.369999999180436 ], [ 701615.13, 8708530.570000000298023 ], [ 701299.959999999962747, 8708918.78999999910593 ], [ 697516.71999999997206, 8713473.109999999403954 ], [ 684735.790000000037253, 8728857.689999999478459 ], [ 671954.709999999962747, 8744240.630000000819564 ], [ 663992.03000000002794, 8760843.099999999627471 ], [ 664580.14000000001397, 8762686.519999999552965 ], [ 668241.57999999995809, 8765340.83 ], [ 684433.680000000051223, 8777079.650000000372529 ], [ 700626.46999999997206, 8788820.019999999552965 ], [ 700739.689999999944121, 8788902.660000000149012 ], [ 701139.290000000037253, 8789203.240000000223517 ], [ 701532.040000000037253, 8789512.740000000223517 ], [ 701917.71999999997206, 8789831.0 ], [ 702296.14000000001397, 8790157.849999999627471 ], [ 702667.12, 8790493.140000000596046 ], [ 713157.339999999967404, 8800191.220000000670552 ], [ 727845.229999999981374, 8813771.400000000372529 ], [ 728081.87, 8813993.439999999478459 ], [ 728440.17000000004191, 8814342.339999999850988 ], [ 728790.53000000002794, 8814699.21000000089407 ], [ 729132.770000000018626, 8815063.880000000819564 ], [ 729466.71999999997206, 8815436.150000000372529 ], [ 729792.209999999962747, 8815815.849999999627471 ], [ 730109.069999999948777, 8816202.769999999552965 ], [ 730417.150000000023283, 8816596.720000000670552 ], [ 730716.290000000037253, 8816997.509999999776483 ], [ 731006.339999999967404, 8817404.929999999701977 ], [ 731287.150000000023283, 8817818.769999999552965 ], [ 731558.569999999948777, 8818238.820000000298023 ], [ 731820.479999999981374, 8818664.869999999180436 ], [ 732072.74, 8819096.71000000089407 ], [ 732315.21999999997206, 8819534.119999999180436 ], [ 738507.0, 8831006.800000000745058 ], [ 738507.12, 8831007.029999999329448 ], [ 738739.67000000004191, 8831449.810000000521541 ], [ 738962.199999999953434, 8831897.71000000089407 ], [ 739174.599999999976717, 8832350.509999999776483 ], [ 739376.76, 8832807.970000000670552 ], [ 743660.67000000004191, 8842805.5 ], [ 751539.229999999981374, 8861195.92 ], [ 757968.560000000055879, 8871668.470000000670552 ], [ 758203.900000000023283, 8872060.849999999627471 ], [ 758451.89000000001397, 8872495.25 ], [ 758690.040000000037253, 8872935.109999999403954 ], [ 758918.24, 8873380.230000000447035 ], [ 759136.35999999998603, 8873830.359999999403954 ], [ 759344.300000000046566, 8874285.28999999910593 ], [ 759541.949999999953434, 8874744.78999999910593 ], [ 759729.209999999962747, 8875208.609999999403954 ], [ 759906.0, 8875676.529999999329448 ], [ 760072.199999999953434, 8876148.310000000521541 ], [ 760227.76, 8876623.720000000670552 ], [ 764789.479999999981374, 8891117.099999999627471 ], [ 765250.75, 8892114.089999999850988 ], [ 773651.810000000055879, 8910274.820000000298023 ], [ 773657.430000000051223, 8910286.970000000670552 ], [ 773862.03000000002794, 8910743.46000000089407 ], [ 774056.319999999948777, 8911204.439999999478459 ], [ 774240.180000000051223, 8911669.67 ], [ 774413.540000000037253, 8912138.92 ], [ 774576.28000000002794, 8912611.96000000089407 ], [ 774728.349999999976717, 8913088.53999999910593 ], [ 774869.650000000023283, 8913568.410000000149012 ], [ 775000.12, 8914051.349999999627471 ], [ 775119.699999999953434, 8914537.099999999627471 ], [ 775228.310000000055879, 8915025.42 ], [ 775325.910000000032596, 8915516.060000000521541 ], [ 775412.439999999944121, 8916008.769999999552965 ], [ 775487.87, 8916503.310000000521541 ], [ 775552.150000000023283, 8916999.410000000149012 ], [ 775605.26, 8917496.839999999850988 ], [ 775647.150000000023283, 8917995.339999999850988 ], [ 775677.819999999948777, 8918494.650000000372529 ], [ 775697.25, 8918994.529999999329448 ], [ 775705.430000000051223, 8919494.71000000089407 ], [ 775702.349999999976717, 8919994.96000000089407 ], [ 775688.020000000018626, 8920495.009999999776483 ], [ 775662.439999999944121, 8920994.599999999627471 ], [ 775625.62, 8921493.5 ], [ 775577.589999999967404, 8921991.439999999478459 ], [ 775518.37, 8922488.179999999701977 ], [ 775447.99, 8922983.46000000089407 ], [ 775366.479999999981374, 8923477.019999999552965 ], [ 775273.89000000001397, 8923968.630000000819564 ], [ 775170.25, 8924458.03999999910593 ], [ 775055.64000000001397, 8924944.980000000447035 ], [ 774930.099999999976717, 8925429.220000000670552 ], [ 774793.689999999944121, 8925910.519999999552965 ], [ 774646.49, 8926388.619999999180436 ], [ 774488.569999999948777, 8926863.28999999910593 ], [ 774320.01, 8927334.28999999910593 ], [ 774140.900000000023283, 8927801.369999999180436 ], [ 773951.319999999948777, 8928264.300000000745058 ], [ 773751.38, 8928722.859999999403954 ], [ 772393.949999999953434, 8931742.720000000670552 ], [ 772227.339999999967404, 8932104.640000000596046 ], [ 772009.020000000018626, 8932554.730000000447035 ], [ 771780.63, 8932999.800000000745058 ], [ 771542.290000000037253, 8933439.599999999627471 ], [ 771294.10999999998603, 8933873.939999999478459 ], [ 771036.21999999997206, 8934302.58 ], [ 770768.76, 8934725.310000000521541 ], [ 770491.849999999976717, 8935141.910000000149012 ], [ 770205.64000000001397, 8935552.179999999701977 ], [ 769910.270000000018626, 8935955.900000000372529 ], [ 769605.89000000001397, 8936352.880000000819564 ], [ 769292.660000000032596, 8936742.900000000372529 ], [ 768970.74, 8937125.779999999329448 ], [ 768640.28000000002794, 8937501.320000000298023 ], [ 768301.459999999962747, 8937869.33 ], [ 767954.439999999944121, 8938229.619999999180436 ], [ 767599.410000000032596, 8938582.009999999776483 ], [ 767236.540000000037253, 8938926.320000000298023 ], [ 766866.020000000018626, 8939262.380000000819564 ], [ 766488.03000000002794, 8939590.029999999329448 ], [ 766277.310000000055879, 8939768.560000000521541 ], [ 766156.92000000004191, 8939869.83 ], [ 765769.410000000032596, 8940186.150000000372529 ], [ 765374.88, 8940493.67 ], [ 764973.53000000002794, 8940792.230000000447035 ], [ 764565.569999999948777, 8941081.689999999478459 ], [ 763825.51, 8941594.349999999627471 ], [ 763574.46999999997206, 8941765.730000000447035 ], [ 763156.310000000055879, 8942040.240000000223517 ], [ 762732.07999999995809, 8942305.269999999552965 ], [ 762301.99, 8942560.689999999478459 ], [ 761866.270000000018626, 8942806.369999999180436 ], [ 761425.14000000001397, 8943042.179999999701977 ], [ 760978.810000000055879, 8943268.009999999776483 ], [ 760527.520000000018626, 8943483.740000000223517 ], [ 760071.49, 8943689.259999999776483 ], [ 756180.85999999998603, 8945390.25 ], [ 756172.53000000002794, 8945393.880000000819564 ], [ 755711.930000000051223, 8945588.890000000596046 ], [ 755247.050000000046566, 8945773.490000000223517 ], [ 754778.14000000001397, 8945947.589999999850988 ], [ 754305.430000000051223, 8946111.089999999850988 ], [ 753829.160000000032596, 8946263.910000000149012 ], [ 753349.57999999995809, 8946405.980000000447035 ], [ 752866.930000000051223, 8946537.230000000447035 ], [ 752381.439999999944121, 8946657.58 ], [ 751116.10999999998603, 8946956.189999999478459 ], [ 750846.51, 8947018.03999999910593 ], [ 750357.12, 8947121.359999999403954 ], [ 749865.540000000037253, 8947213.640000000596046 ], [ 749372.0, 8947294.839999999850988 ], [ 748876.770000000018626, 8947364.910000000149012 ], [ 748380.07999999995809, 8947423.83 ], [ 747882.199999999953434, 8947471.560000000521541 ], [ 747383.37, 8947508.070000000298023 ], [ 746883.839999999967404, 8947533.359999999403954 ], [ 731529.28000000002794, 8948137.480000000447035 ], [ 726681.020000000018626, 8960696.320000000298023 ], [ 726567.89000000001397, 8960983.42 ], [ 726376.099999999976717, 8961445.279999999329448 ], [ 726173.959999999962747, 8961902.720000000670552 ], [ 725961.589999999967404, 8962355.490000000223517 ], [ 725739.089999999967404, 8962803.359999999403954 ], [ 725506.560000000055879, 8963246.119999999180436 ], [ 725264.14000000001397, 8963683.529999999329448 ], [ 725011.930000000051223, 8964115.380000000819564 ], [ 724750.069999999948777, 8964541.439999999478459 ], [ 724478.689999999944121, 8964961.5 ], [ 724197.939999999944121, 8965375.349999999627471 ], [ 723907.939999999944121, 8965782.779999999329448 ], [ 723608.849999999976717, 8966183.58 ], [ 723300.810000000055879, 8966577.53999999910593 ], [ 722984.0, 8966964.480000000447035 ], [ 722658.560000000055879, 8967344.189999999478459 ], [ 722324.650000000023283, 8967716.490000000223517 ], [ 721982.459999999962747, 8968081.17 ], [ 721632.150000000023283, 8968438.060000000521541 ], [ 721273.900000000023283, 8968786.990000000223517 ], [ 720907.89000000001397, 8969127.759999999776483 ], [ 720534.310000000055879, 8969460.21000000089407 ], [ 720153.349999999976717, 8969784.17 ], [ 719765.189999999944121, 8970099.480000000447035 ], [ 719370.040000000037253, 8970405.970000000670552 ], [ 718968.089999999967404, 8970703.5 ], [ 709598.979999999981374, 8977476.609999999403954 ], [ 693388.76, 8989194.369999999180436 ], [ 693160.290000000037253, 8989357.33 ], [ 692748.17000000004191, 8989640.490000000223517 ], [ 692329.790000000037253, 8989914.300000000745058 ], [ 691905.35999999998603, 8990178.630000000819564 ], [ 691475.07999999995809, 8990433.349999999627471 ], [ 691039.189999999944121, 8990678.320000000298023 ], [ 690597.900000000023283, 8990913.42 ], [ 690151.430000000051223, 8991138.529999999329448 ], [ 689700.01, 8991353.53999999910593 ], [ 689243.87, 8991558.349999999627471 ], [ 688783.24, 8991752.83 ], [ 688318.349999999976717, 8991936.910000000149012 ], [ 687849.430000000051223, 8992110.480000000447035 ], [ 687376.729999999981374, 8992273.449999999254942 ], [ 686900.49, 8992425.75 ], [ 686420.939999999944121, 8992567.300000000745058 ], [ 685938.32999999995809, 8992698.019999999552965 ], [ 685452.900000000023283, 8992817.849999999627471 ], [ 684964.900000000023283, 8992926.730000000447035 ], [ 684474.57999999995809, 8993024.609999999403954 ], [ 683982.180000000051223, 8993111.429999999701977 ], [ 683487.949999999953434, 8993187.150000000372529 ], [ 682992.14000000001397, 8993251.730000000447035 ], [ 682495.01, 8993305.140000000596046 ], [ 681996.800000000046566, 8993347.359999999403954 ], [ 681497.770000000018626, 8993378.349999999627471 ], [ 680998.17000000004191, 8993398.109999999403954 ], [ 680498.26, 8993406.630000000819564 ], [ 679998.28000000002794, 8993403.900000000372529 ], [ 679498.49, 8993389.92 ], [ 678999.14000000001397, 8993364.71000000089407 ], [ 678500.479999999981374, 8993328.259999999776483 ], [ 678002.770000000018626, 8993280.609999999403954 ], [ 677506.270000000018626, 8993221.769999999552965 ], [ 677011.209999999962747, 8993151.779999999329448 ], [ 676517.849999999976717, 8993070.67 ], [ 676026.439999999944121, 8992978.480000000447035 ], [ 675926.160000000032596, 8992958.5 ], [ 675476.589999999967404, 8992864.070000000298023 ], [ 674989.63, 8992750.759999999776483 ], [ 674505.32999999995809, 8992626.529999999329448 ], [ 674023.949999999953434, 8992491.429999999701977 ], [ 673545.74, 8992345.53999999910593 ], [ 673070.930000000051223, 8992188.92 ], [ 672599.76, 8992021.67 ], [ 672132.479999999981374, 8991843.859999999403954 ], [ 671669.310000000055879, 8991655.589999999850988 ], [ 671210.5, 8991456.939999999478459 ], [ 670756.270000000018626, 8991248.019999999552965 ], [ 670306.85999999998603, 8991028.939999999478459 ], [ 669862.49, 8990799.800000000745058 ], [ 669423.39000000001397, 8990560.730000000447035 ], [ 669376.790000000037253, 8990534.67 ], [ 669185.939999999944121, 8990426.720000000670552 ], [ 668754.810000000055879, 8990173.570000000298023 ], [ 668329.479999999981374, 8989910.779999999329448 ], [ 660237.51, 8984784.630000000819564 ], [ 643343.87, 8974083.679999999701977 ], [ 642503.319999999948777, 8974589.160000000149012 ], [ 625366.85999999998603, 8984894.380000000819564 ], [ 624099.849999999976717, 8985747.390000000596046 ], [ 607513.17000000004191, 8996914.019999999552965 ], [ 607229.35999999998603, 8997101.939999999478459 ], [ 606807.439999999944121, 8997369.980000000447035 ], [ 606379.599999999976717, 8997628.449999999254942 ], [ 605946.050000000046566, 8997877.240000000223517 ], [ 605507.01, 8998116.199999999254942 ], [ 605062.709999999962747, 8998345.230000000447035 ], [ 605027.050000000046566, 8998363.109999999403954 ], [ 604862.439999999944121, 8998444.779999999329448 ], [ 604411.310000000055879, 8998660.029999999329448 ], [ 603955.439999999944121, 8998865.08 ], [ 603495.07999999995809, 8999059.820000000298023 ], [ 603030.459999999962747, 8999244.160000000149012 ], [ 602561.810000000055879, 8999417.990000000223517 ], [ 602089.35999999998603, 8999581.240000000223517 ], [ 601613.37, 8999733.820000000298023 ], [ 601134.060000000055879, 8999875.650000000372529 ], [ 600651.680000000051223, 9000006.660000000149012 ], [ 600166.479999999981374, 9000126.78999999910593 ], [ 599678.699999999953434, 9000235.96000000089407 ], [ 599188.57999999995809, 9000334.150000000372529 ], [ 598696.39000000001397, 9000421.269999999552965 ], [ 598202.35999999998603, 9000497.310000000521541 ], [ 597706.74, 9000562.21000000089407 ], [ 597209.790000000037253, 9000615.939999999478459 ], [ 596711.75, 9000658.490000000223517 ], [ 596212.89000000001397, 9000689.810000000521541 ], [ 595713.449999999953434, 9000709.910000000149012 ], [ 595213.680000000051223, 9000718.759999999776483 ], [ 594713.839999999967404, 9000716.380000000819564 ], [ 594214.189999999944121, 9000702.740000000223517 ], [ 593714.959999999962747, 9000677.869999999180436 ], [ 593216.42000000004191, 9000641.779999999329448 ], [ 593073.569999999948777, 9000629.820000000298023 ], [ 592611.520000000018626, 9000586.269999999552965 ], [ 592115.020000000018626, 9000528.589999999850988 ], [ 591619.939999999944121, 9000459.75 ], [ 591126.540000000037253, 9000379.78999999910593 ], [ 590635.060000000055879, 9000288.759999999776483 ], [ 590145.75, 9000186.679999999701977 ], [ 589658.87, 9000073.630000000819564 ], [ 589174.650000000023283, 8999949.660000000149012 ], [ 588693.339999999967404, 8999814.820000000298023 ], [ 588215.189999999944121, 8999669.189999999478459 ], [ 587740.430000000051223, 8999512.839999999850988 ], [ 587269.319999999948777, 8999345.849999999627471 ], [ 586802.07999999995809, 8999168.300000000745058 ], [ 586338.949999999953434, 8998980.28999999910593 ], [ 585880.17000000004191, 8998781.910000000149012 ], [ 585425.96999999997206, 8998573.25 ], [ 584976.57999999995809, 8998354.429999999701977 ], [ 584532.21999999997206, 8998125.570000000298023 ], [ 584093.13, 8997886.75 ], [ 583659.520000000018626, 8997638.130000000819564 ], [ 583568.51, 8997584.58 ], [ 583462.550000000046566, 8997521.83 ], [ 583036.089999999967404, 8997261.150000000372529 ], [ 582615.589999999967404, 8996990.929999999701977 ], [ 582201.28000000002794, 8996711.33 ], [ 581793.35999999998603, 8996422.480000000447035 ], [ 581392.050000000046566, 8996124.519999999552965 ], [ 580997.540000000037253, 8995817.619999999180436 ], [ 580610.040000000037253, 8995501.910000000149012 ], [ 580229.729999999981374, 8995177.570000000298023 ], [ 579856.819999999948777, 8994844.759999999776483 ], [ 579491.49, 8994503.640000000596046 ], [ 579133.92000000004191, 8994154.390000000596046 ], [ 578784.310000000055879, 8993797.179999999701977 ], [ 578442.819999999948777, 8993432.199999999254942 ], [ 578109.62, 8993059.630000000819564 ], [ 577784.89000000001397, 8992679.660000000149012 ], [ 577468.790000000037253, 8992292.490000000223517 ], [ 577161.479999999981374, 8991898.28999999910593 ], [ 576863.10999999998603, 8991497.28999999910593 ], [ 576573.849999999976717, 8991089.67 ], [ 576293.819999999948777, 8990675.660000000149012 ], [ 576023.180000000051223, 8990255.439999999478459 ], [ 575762.060000000055879, 8989829.25 ], [ 575510.599999999976717, 8989397.28999999910593 ], [ 575268.910000000032596, 8988959.779999999329448 ], [ 575037.13, 8988516.949999999254942 ], [ 574815.37, 8988069.019999999552965 ], [ 574603.74, 8987616.21000000089407 ], [ 574402.349999999976717, 8987158.75 ], [ 574211.300000000046566, 8986696.880000000819564 ], [ 574030.689999999944121, 8986230.83 ], [ 573670.28000000002794, 8985268.820000000298023 ], [ 566655.520000000018626, 8966546.599999999627471 ], [ 554370.67000000004191, 8951739.060000000521541 ], [ 541604.88, 8936352.78999999910593 ], [ 541428.67000000004191, 8936137.679999999701977 ], [ 541118.76, 8935745.560000000521541 ], [ 540817.75, 8935346.570000000298023 ], [ 540525.790000000037253, 8934940.92 ], [ 540243.03000000002794, 8934528.78999999910593 ], [ 539969.60999999998603, 8934110.410000000149012 ], [ 539705.680000000051223, 8933685.980000000447035 ], [ 539451.35999999998603, 8933255.730000000447035 ], [ 539206.78000000002794, 8932819.859999999403954 ], [ 538972.069999999948777, 8932378.599999999627471 ], [ 538747.349999999976717, 8931932.17 ], [ 538532.71999999997206, 8931480.800000000745058 ], [ 536281.040000000037253, 8926604.740000000223517 ], [ 536185.26, 8926394.46000000089407 ], [ 535985.589999999967404, 8925936.279999999329448 ], [ 535796.290000000037253, 8925473.720000000670552 ], [ 535617.430000000051223, 8925007.019999999552965 ], [ 535449.12, 8924536.42 ], [ 535291.439999999944121, 8924062.140000000596046 ], [ 535144.46999999997206, 8923584.439999999478459 ], [ 535008.28000000002794, 8923103.560000000521541 ], [ 534882.949999999953434, 8922619.730000000447035 ], [ 534768.53000000002794, 8922133.21000000089407 ], [ 534665.07999999995809, 8921644.240000000223517 ], [ 533297.76, 8914802.089999999850988 ], [ 519712.13, 8910751.380000000819564 ], [ 508562.479999999981374, 8909787.03999999910593 ], [ 488644.82, 8908064.509999999776483 ], [ 488432.0, 8908045.08 ], [ 487935.07, 8907991.640000000596046 ], [ 487439.479999999981374, 8907927.029999999329448 ], [ 487173.44, 8907889.300000000745058 ], [ 487079.659999999974389, 8907875.800000000745058 ], [ 486585.96999999997206, 8907797.96000000089407 ], [ 486094.150000000023283, 8907709.019999999552965 ], [ 485604.460000000020955, 8907609.050000000745058 ], [ 485117.150000000023283, 8907498.089999999850988 ], [ 484632.450000000011642, 8907376.189999999478459 ], [ 484150.62, 8907243.42 ], [ 483671.89000000001397, 8907099.839999999850988 ], [ 483196.520000000018626, 8906945.529999999329448 ], [ 482724.74, 8906780.560000000521541 ], [ 482503.32, 8906700.339999999850988 ], [ 482179.35999999998603, 8906580.089999999850988 ], [ 481714.200000000011642, 8906397.300000000745058 ], [ 481253.26, 8906204.08 ], [ 480796.789999999979045, 8906000.550000000745058 ], [ 480345.020000000018626, 8905786.800000000745058 ], [ 479898.159999999974389, 8905562.939999999478459 ], [ 479456.460000000020955, 8905329.08 ], [ 479020.13, 8905085.349999999627471 ], [ 478589.39000000001397, 8904831.859999999403954 ], [ 478164.460000000020955, 8904568.740000000223517 ], [ 477745.56, 8904296.140000000596046 ], [ 477332.900000000023283, 8904014.179999999701977 ], [ 476926.68, 8903723.0 ], [ 476527.12, 8903422.759999999776483 ], [ 476371.31, 8903302.92 ], [ 476295.159999999974389, 8903244.08 ], [ 475903.789999999979045, 8902933.230000000447035 ], [ 475519.520000000018626, 8902613.650000000372529 ], [ 475142.539999999979045, 8902285.509999999776483 ], [ 474773.03000000002794, 8901948.980000000447035 ], [ 474411.19, 8901604.21000000089407 ], [ 474057.19, 8901251.390000000596046 ], [ 473994.479999999981374, 8901187.470000000670552 ], [ 473970.81, 8901163.300000000745058 ], [ 473625.39000000001397, 8900802.089999999850988 ], [ 473288.18, 8900433.189999999478459 ], [ 472959.35999999998603, 8900056.800000000745058 ], [ 472639.090000000025611, 8899673.099999999627471 ], [ 464292.650000000023283, 8889442.089999999850988 ], [ 453221.94, 8888048.689999999478459 ], [ 445429.64000000001397, 8892489.099999999627471 ], [ 445421.60999999998603, 8892493.679999999701977 ], [ 444984.51, 8892736.050000000745058 ], [ 444542.06, 8892968.529999999329448 ], [ 444094.49, 8893191.0 ], [ 443642.039999999979045, 8893403.349999999627471 ], [ 443184.909999999974389, 8893605.46000000089407 ], [ 442723.35999999998603, 8893797.240000000223517 ], [ 442257.60999999998603, 8893978.58 ], [ 441787.900000000023283, 8894149.410000000149012 ], [ 441314.460000000020955, 8894309.619999999180436 ], [ 440837.539999999979045, 8894459.150000000372529 ], [ 440357.38, 8894597.900000000372529 ], [ 439874.21999999997206, 8894725.820000000298023 ], [ 439388.289999999979045, 8894842.839999999850988 ], [ 438899.85999999998603, 8894948.900000000372529 ], [ 438409.169999999983702, 8895043.939999999478459 ], [ 437916.460000000020955, 8895127.92 ], [ 437421.99, 8895200.800000000745058 ], [ 436926.01, 8895262.529999999329448 ], [ 436428.76, 8895313.089999999850988 ], [ 435930.49, 8895352.449999999254942 ], [ 435431.46999999997206, 8895380.589999999850988 ], [ 434931.94, 8895397.5 ], [ 434432.159999999974389, 8895403.17 ], [ 433932.38, 8895397.589999999850988 ], [ 433432.840000000025611, 8895380.769999999552965 ], [ 432933.81, 8895352.720000000670552 ], [ 432435.539999999979045, 8895313.449999999254942 ], [ 431938.28000000002794, 8895262.970000000670552 ], [ 431442.28000000002794, 8895201.33 ], [ 430947.789999999979045, 8895128.53999999910593 ], [ 430455.06, 8895044.640000000596046 ], [ 429964.340000000025611, 8894949.689999999478459 ], [ 429475.89000000001397, 8894843.720000000670552 ], [ 428989.94, 8894726.779999999329448 ], [ 428506.74, 8894598.939999999478459 ], [ 428026.539999999979045, 8894460.269999999552965 ], [ 427549.590000000025611, 8894310.820000000298023 ], [ 427076.10999999998603, 8894150.689999999478459 ], [ 426606.35999999998603, 8893979.939999999478459 ], [ 426140.57, 8893798.67 ], [ 425678.96999999997206, 8893606.970000000670552 ], [ 425221.799999999988358, 8893404.929999999701977 ], [ 417423.19, 8889853.029999999329448 ], [ 416983.710000000020955, 8889647.029999999329448 ], [ 416535.94, 8889424.92 ], [ 416093.28000000002794, 8889192.78999999910593 ], [ 415655.950000000011642, 8888950.759999999776483 ], [ 415224.18, 8888698.949999999254942 ], [ 414798.19, 8888437.5 ], [ 414378.18, 8888166.519999999552965 ], [ 413964.37, 8887886.160000000149012 ], [ 413556.979999999981374, 8887596.570000000298023 ], [ 399029.900000000023283, 8877021.910000000149012 ], [ 398877.28000000002794, 8876909.820000000298023 ], [ 398479.049999999988358, 8876607.71000000089407 ], [ 398087.729999999981374, 8876296.720000000670552 ], [ 397703.49, 8875977.009999999776483 ], [ 397326.549999999988358, 8875648.730000000447035 ], [ 396957.090000000025611, 8875312.050000000745058 ], [ 396595.289999999979045, 8874967.150000000372529 ], [ 396241.340000000025611, 8874614.189999999478459 ], [ 395895.43, 8874253.359999999403954 ], [ 395557.71999999997206, 8873884.839999999850988 ], [ 395228.38, 8873508.820000000298023 ], [ 394907.590000000025611, 8873125.480000000447035 ], [ 394595.5, 8872735.019999999552965 ], [ 394292.28000000002794, 8872337.640000000596046 ], [ 393998.07, 8871933.529999999329448 ], [ 393713.03000000002794, 8871522.910000000149012 ], [ 393437.299999999988358, 8871105.980000000447035 ], [ 393171.01, 8870682.96000000089407 ], [ 392914.31, 8870254.050000000745058 ], [ 392667.330000000016298, 8869819.470000000670552 ], [ 392430.18, 8869379.439999999478459 ], [ 392203.0, 8868934.189999999478459 ], [ 391985.89000000001397, 8868483.949999999254942 ], [ 391778.960000000020955, 8868028.929999999701977 ], [ 391582.32, 8867569.369999999180436 ], [ 391396.07, 8867105.5 ], [ 391220.299999999988358, 8866637.560000000521541 ], [ 391055.10999999998603, 8866165.78999999910593 ], [ 390900.57, 8865690.410000000149012 ], [ 390756.76, 8865211.679999999701977 ], [ 390623.76, 8864729.839999999850988 ], [ 390501.63, 8864245.130000000819564 ], [ 390390.44, 8863757.78999999910593 ], [ 390290.25, 8863268.070000000298023 ], [ 390201.090000000025611, 8862776.220000000670552 ], [ 390123.020000000018626, 8862282.490000000223517 ], [ 390056.080000000016298, 8861787.130000000819564 ], [ 390000.31, 8861290.390000000596046 ], [ 389955.71999999997206, 8860792.519999999552965 ], [ 389922.340000000025611, 8860293.769999999552965 ], [ 389900.19, 8859794.400000000372529 ], [ 389889.289999999979045, 8859294.650000000372529 ], [ 389837.710000000020955, 8854414.619999999180436 ], [ 389626.960000000020955, 8834420.769999999552965 ], [ 389626.650000000023283, 8834389.089999999850988 ], [ 389627.71999999997206, 8833889.230000000447035 ], [ 389646.900000000023283, 8832459.310000000521541 ], [ 389648.419999999983702, 8832361.849999999627471 ], [ 389662.93, 8831862.189999999478459 ], [ 389688.69, 8831363.0 ], [ 389725.669999999983702, 8830864.5 ], [ 389773.849999999976717, 8830366.970000000670552 ], [ 389937.659999999974389, 8828853.269999999552965 ], [ 392089.299999999988358, 8808974.470000000670552 ], [ 392117.01, 8808731.130000000819564 ], [ 392181.85999999998603, 8808235.490000000223517 ], [ 392257.849999999976717, 8807741.439999999478459 ], [ 395120.57, 8790429.740000000223517 ], [ 384310.200000000011642, 8774976.519999999552965 ], [ 384097.330000000016298, 8774666.660000000149012 ], [ 383822.450000000011642, 8774249.160000000149012 ], [ 383557.039999999979045, 8773825.570000000298023 ], [ 383301.21999999997206, 8773396.109999999403954 ], [ 383055.12, 8772961.009999999776483 ], [ 382874.76, 8772633.589999999850988 ], [ 382671.96999999997206, 8772256.900000000372529 ], [ 382444.25, 8771811.910000000149012 ], [ 382226.60999999998603, 8771361.910000000149012 ], [ 382019.14000000001397, 8770907.119999999180436 ], [ 381821.950000000011642, 8770447.779999999329448 ], [ 381635.150000000023283, 8769984.119999999180436 ], [ 381458.830000000016298, 8769516.369999999180436 ], [ 381293.080000000016298, 8769044.779999999329448 ], [ 381137.96999999997206, 8768569.58 ], [ 380993.599999999976717, 8768091.0 ], [ 380860.03000000002794, 8767609.300000000745058 ], [ 380737.330000000016298, 8767124.720000000670552 ], [ 380625.57, 8766637.5 ], [ 380524.789999999979045, 8766147.880000000819564 ], [ 380435.049999999988358, 8765656.130000000819564 ], [ 380356.409999999974389, 8765162.480000000447035 ], [ 380288.88, 8764667.179999999701977 ], [ 380232.520000000018626, 8764170.490000000223517 ], [ 380187.340000000025611, 8763672.660000000149012 ], [ 380153.38, 8763173.939999999478459 ], [ 380130.650000000023283, 8762674.58 ], [ 380119.150000000023283, 8762174.839999999850988 ], [ 379977.099999999976717, 8750067.810000000521541 ], [ 379976.39000000001397, 8749617.019999999552965 ], [ 379986.299999999988358, 8749117.25 ], [ 380007.450000000011642, 8748617.820000000298023 ], [ 380039.830000000016298, 8748118.990000000223517 ], [ 380083.419999999983702, 8747621.019999999552965 ], [ 380138.210000000020955, 8747124.150000000372529 ], [ 380204.159999999974389, 8746628.640000000596046 ], [ 380313.549999999988358, 8745871.929999999701977 ], [ 380354.599999999976717, 8745599.92 ], [ 380437.789999999979045, 8745107.019999999552965 ], [ 380532.049999999988358, 8744616.109999999403954 ], [ 382205.68, 8736400.400000000372529 ], [ 382268.770000000018626, 8736101.279999999329448 ], [ 382380.770000000018626, 8735614.109999999403954 ], [ 382503.700000000011642, 8735129.589999999850988 ], [ 385122.24, 8725276.009999999776483 ], [ 390258.210000000020955, 8705951.800000000745058 ], [ 390319.85999999998603, 8705724.720000000670552 ], [ 390458.78000000002794, 8705244.560000000521541 ], [ 390608.479999999981374, 8704767.630000000819564 ], [ 390768.85999999998603, 8704294.199999999254942 ], [ 390939.849999999976717, 8703824.490000000223517 ], [ 391121.37, 8703358.75 ], [ 391313.32, 8702897.21000000089407 ], [ 391515.60999999998603, 8702440.109999999403954 ], [ 391728.12, 8701987.679999999701977 ], [ 391950.770000000018626, 8701540.140000000596046 ], [ 392183.419999999983702, 8701097.720000000670552 ], [ 392425.96999999997206, 8700660.650000000372529 ], [ 392678.289999999979045, 8700229.150000000372529 ], [ 392940.25, 8699803.429999999701977 ], [ 398725.270000000018626, 8690635.070000000298023 ], [ 409395.169999999983702, 8673725.800000000745058 ], [ 409579.270000000018626, 8673438.949999999254942 ], [ 409857.159999999974389, 8673023.480000000447035 ], [ 410144.32, 8672614.359999999403954 ], [ 410440.62, 8672211.810000000521541 ], [ 410745.900000000023283, 8671816.029999999329448 ], [ 411060.0, 8671427.220000000670552 ], [ 411382.78000000002794, 8671045.570000000298023 ], [ 413708.49, 8668357.53999999910593 ], [ 414009.840000000025611, 8668016.369999999180436 ], [ 414348.71999999997206, 8667648.949999999254942 ], [ 414695.770000000018626, 8667289.25 ], [ 415050.830000000016298, 8666937.439999999478459 ], [ 415413.710000000020955, 8666593.71000000089407 ], [ 415784.24, 8666258.230000000447035 ], [ 416162.210000000020955, 8665931.179999999701977 ], [ 416547.450000000011642, 8665612.71000000089407 ], [ 416939.76, 8665302.980000000447035 ], [ 417338.93, 8665002.160000000149012 ], [ 417744.770000000018626, 8664710.400000000372529 ], [ 418157.07, 8664427.849999999627471 ], [ 418575.62, 8664154.630000000819564 ], [ 419000.21999999997206, 8663890.910000000149012 ], [ 419430.63, 8663636.800000000745058 ], [ 419866.659999999974389, 8663392.439999999478459 ], [ 420308.07, 8663157.949999999254942 ], [ 420754.64000000001397, 8662933.46000000089407 ], [ 421206.150000000023283, 8662719.060000000521541 ], [ 421662.37, 8662514.880000000819564 ], [ 422123.07, 8662321.009999999776483 ], [ 422588.01, 8662137.560000000521541 ], [ 423056.960000000020955, 8661964.609999999403954 ], [ 423529.69, 8661802.25 ], [ 424005.94, 8661650.570000000298023 ], [ 424485.49, 8661509.650000000372529 ], [ 424968.080000000016298, 8661379.53999999910593 ], [ 425453.479999999981374, 8661260.33 ], [ 425941.44, 8661152.070000000298023 ], [ 426431.710000000020955, 8661054.810000000521541 ], [ 426924.039999999979045, 8660968.609999999403954 ], [ 427418.19, 8660893.5 ], [ 430579.87, 8660449.279999999329448 ], [ 430794.419999999983702, 8660420.199999999254942 ], [ 431290.729999999981374, 8660361.060000000521541 ], [ 431788.24, 8660313.109999999403954 ], [ 432286.700000000011642, 8660276.349999999627471 ], [ 442308.289999999979045, 8659650.679999999701977 ], [ 443806.729999999981374, 8657672.660000000149012 ], [ 443171.57, 8647908.849999999627471 ], [ 443154.830000000016298, 8647623.03999999910593 ], [ 443134.43, 8647123.640000000596046 ], [ 443125.270000000018626, 8646623.92 ], [ 443127.35999999998603, 8646124.109999999403954 ], [ 443140.69, 8645624.480000000447035 ], [ 443165.26, 8645125.279999999329448 ], [ 443201.049999999988358, 8644626.75 ], [ 443248.049999999988358, 8644129.150000000372529 ], [ 443306.229999999981374, 8643632.740000000223517 ], [ 443375.57, 8643137.769999999552965 ], [ 443456.020000000018626, 8642644.480000000447035 ], [ 443547.549999999988358, 8642153.119999999180436 ], [ 443650.10999999998603, 8641663.949999999254942 ], [ 443763.650000000023283, 8641177.199999999254942 ], [ 447581.950000000011642, 8625602.679999999701977 ], [ 448156.35999999998603, 8619517.509999999776483 ], [ 450035.419999999983702, 8599613.380000000819564 ], [ 450215.01, 8592923.46000000089407 ], [ 450216.32, 8592876.560000000521541 ], [ 450236.400000000023283, 8592377.150000000372529 ], [ 450267.71999999997206, 8591878.33 ], [ 450310.25, 8591380.339999999850988 ], [ 450363.979999999981374, 8590883.429999999701977 ], [ 450428.87, 8590387.859999999403954 ], [ 450504.89000000001397, 8589893.869999999180436 ], [ 450592.0, 8589401.720000000670552 ], [ 450690.169999999983702, 8588911.650000000372529 ], [ 450799.330000000016298, 8588423.910000000149012 ], [ 450919.450000000011642, 8587938.75 ], [ 451050.44, 8587456.42 ], [ 451192.25, 8586977.160000000149012 ], [ 451344.81, 8586501.21000000089407 ], [ 451508.039999999979045, 8586028.810000000521541 ], [ 453079.32, 8581641.839999999850988 ], [ 459820.799999999988358, 8562820.279999999329448 ], [ 459937.85999999998603, 8562501.160000000149012 ], [ 460118.830000000016298, 8562035.279999999329448 ], [ 460310.229999999981374, 8561573.58 ], [ 460511.96999999997206, 8561116.300000000745058 ], [ 460723.950000000011642, 8560663.679999999701977 ], [ 460946.049999999988358, 8560215.949999999254942 ], [ 461178.169999999983702, 8559773.320000000298023 ], [ 461420.19, 8559336.029999999329448 ], [ 461671.99, 8558904.28999999910593 ], [ 461933.43, 8558478.33 ], [ 462204.400000000023283, 8558058.349999999627471 ], [ 462484.74, 8557644.58 ], [ 462774.31, 8557237.220000000670552 ], [ 463072.979999999981374, 8556836.480000000447035 ], [ 463380.590000000025611, 8556442.560000000521541 ], [ 463696.979999999981374, 8556055.650000000372529 ], [ 472599.349999999976717, 8545415.880000000819564 ], [ 472883.43, 8545083.08 ], [ 473215.85999999998603, 8544709.869999999180436 ], [ 473556.599999999976717, 8544344.240000000223517 ], [ 473905.479999999981374, 8543986.359999999403954 ], [ 474262.32, 8543636.42 ], [ 474626.94, 8543294.599999999627471 ], [ 474999.169999999983702, 8542961.070000000298023 ], [ 475378.799999999988358, 8542635.990000000223517 ], [ 480230.409999999974389, 8538575.28999999910593 ], [ 489756.400000000023283, 8522441.130000000819564 ], [ 489847.56, 8522288.140000000596046 ], [ 490109.900000000023283, 8521862.740000000223517 ], [ 490381.75, 8521443.349999999627471 ], [ 490662.96999999997206, 8521030.179999999701977 ], [ 490953.409999999974389, 8520623.439999999478459 ], [ 491252.919999999983702, 8520223.339999999850988 ], [ 492103.49, 8519113.380000000819564 ], [ 504263.539999999979045, 8503244.75 ], [ 504751.799999999988358, 8502369.980000000447035 ], [ 514495.340000000025611, 8484913.050000000745058 ], [ 514579.06, 8484764.410000000149012 ], [ 514830.849999999976717, 8484332.689999999478459 ], [ 515092.299999999988358, 8483906.730000000447035 ], [ 515363.26, 8483486.769999999552965 ], [ 520469.090000000025611, 8475765.189999999478459 ], [ 520524.56, 8475681.71000000089407 ], [ 520806.770000000018626, 8475269.21000000089407 ], [ 521098.18, 8474863.17 ], [ 521398.650000000023283, 8474463.779999999329448 ], [ 521708.03000000002794, 8474071.25 ], [ 522026.159999999974389, 8473685.779999999329448 ], [ 522352.88, 8473307.570000000298023 ], [ 522688.03000000002794, 8472936.800000000745058 ], [ 523031.43, 8472573.67 ], [ 523382.919999999983702, 8472218.349999999627471 ], [ 523742.31, 8471871.029999999329448 ], [ 524109.419999999983702, 8471531.880000000819564 ], [ 527355.75, 8468599.820000000298023 ], [ 527506.57999999995809, 8468464.839999999850988 ], [ 527884.21999999997206, 8468137.46000000089407 ], [ 528269.14000000001397, 8467818.660000000149012 ], [ 528661.13, 8467508.599999999627471 ], [ 529060.0, 8467207.439999999478459 ], [ 529465.540000000037253, 8466915.320000000298023 ], [ 529877.550000000046566, 8466632.400000000372529 ], [ 530295.819999999948777, 8466358.820000000298023 ], [ 530720.14000000001397, 8466094.720000000670552 ], [ 531150.290000000037253, 8465840.240000000223517 ], [ 531586.060000000055879, 8465595.490000000223517 ], [ 532027.229999999981374, 8465360.609999999403954 ], [ 532473.560000000055879, 8465135.71000000089407 ], [ 532924.849999999976717, 8464920.910000000149012 ], [ 533380.849999999976717, 8464716.320000000298023 ], [ 533841.339999999967404, 8464522.03999999910593 ], [ 534306.07999999995809, 8464338.160000000149012 ], [ 534774.849999999976717, 8464164.78999999910593 ], [ 535247.39000000001397, 8464002.0 ], [ 535723.479999999981374, 8463849.890000000596046 ], [ 536202.87, 8463708.529999999329448 ], [ 536685.310000000055879, 8463577.980000000447035 ], [ 537170.57999999995809, 8463458.33 ], [ 537658.410000000032596, 8463349.609999999403954 ], [ 538148.560000000055879, 8463251.910000000149012 ], [ 538640.790000000037253, 8463165.25 ], [ 539134.839999999967404, 8463089.679999999701977 ], [ 539630.46999999997206, 8463025.25 ], [ 540127.430000000051223, 8462971.990000000223517 ], [ 540625.449999999953434, 8462929.92 ], [ 541124.300000000046566, 8462899.060000000521541 ], [ 541623.709999999962747, 8462879.429999999701977 ], [ 542123.439999999944121, 8462871.050000000745058 ], [ 542623.229999999981374, 8462873.910000000149012 ], [ 543122.839999999967404, 8462888.009999999776483 ], [ 543621.99, 8462913.339999999850988 ], [ 544120.459999999962747, 8462949.900000000372529 ], [ 544617.96999999997206, 8462997.660000000149012 ], [ 545114.290000000037253, 8463056.609999999403954 ], [ 545609.150000000023283, 8463126.699999999254942 ], [ 546102.310000000055879, 8463207.910000000149012 ], [ 546593.520000000018626, 8463300.189999999478459 ], [ 547082.53000000002794, 8463403.5 ], [ 547569.089999999967404, 8463517.779999999329448 ], [ 548052.959999999962747, 8463642.990000000223517 ], [ 548533.89000000001397, 8463779.03999999910593 ], [ 549011.63, 8463925.880000000819564 ], [ 549485.959999999962747, 8464083.429999999701977 ], [ 549956.60999999998603, 8464251.609999999403954 ], [ 550423.37, 8464430.339999999850988 ], [ 550885.99, 8464619.519999999552965 ], [ 551344.24, 8464819.060000000521541 ], [ 551797.88, 8465028.859999999403954 ], [ 552246.680000000051223, 8465248.810000000521541 ], [ 552690.430000000051223, 8465478.810000000521541 ], [ 553128.88, 8465718.720000000670552 ], [ 553561.839999999967404, 8465968.439999999478459 ], [ 557965.160000000032596, 8468574.679999999701977 ] ], [ [ 649555.189999999944121, 8271573.809999999590218 ], [ 649535.76, 8271714.049999999813735 ], [ 649373.150000000023283, 8272700.53000000026077 ], [ 649166.339999999967404, 8273678.690000000409782 ], [ 648915.71999999997206, 8274646.559999999590218 ], [ 648621.82999999995809, 8275602.179999999701977 ], [ 648615.88, 8275620.089999999850988 ], [ 648413.540000000037253, 8276201.820000000298023 ], [ 648050.99, 8277133.549999999813735 ], [ 647646.89000000001397, 8278048.03000000026077 ], [ 647202.069999999948777, 8278943.410000000149012 ], [ 646717.42000000004191, 8279817.860000000335276 ], [ 646193.92000000004191, 8280669.629999999888241 ], [ 645632.64000000001397, 8281496.990000000223517 ], [ 645034.709999999962747, 8282298.25 ], [ 644401.349999999976717, 8283071.809999999590218 ], [ 640801.339999999967404, 8287272.150000000372529 ], [ 640317.959999999962747, 8287817.759999999776483 ], [ 639626.38, 8288539.730000000447035 ], [ 638903.03000000002794, 8289229.849999999627471 ], [ 638628.37, 8289480.339999999850988 ], [ 638550.5, 8289551.019999999552965 ], [ 637793.74, 8290204.33 ], [ 637008.35999999998603, 8290822.929999999701977 ], [ 636195.949999999953434, 8291405.58 ], [ 635358.160000000032596, 8291951.099999999627471 ], [ 634496.680000000051223, 8292458.370000000111759 ], [ 633613.25, 8292926.379999999888241 ], [ 632676.199999999953434, 8293396.110000000335276 ], [ 632382.46999999997206, 8293540.650000000372529 ], [ 631472.689999999944121, 8293955.089999999850988 ], [ 630545.189999999944121, 8294328.17 ], [ 629601.849999999976717, 8294659.160000000149012 ], [ 628644.57999999995809, 8294947.379999999888241 ], [ 628328.560000000055879, 8295034.820000000298023 ], [ 627872.709999999962747, 8295155.759999999776483 ], [ 626898.46999999997206, 8295380.0 ], [ 625915.13, 8295560.190000000409782 ], [ 625207.479999999981374, 8295673.46999999973923 ], [ 624885.63, 8295722.570000000298023 ], [ 623893.300000000046566, 8295843.820000000298023 ], [ 622896.53000000002794, 8295920.299999999813735 ], [ 621897.32999999995809, 8295951.870000000111759 ], [ 620897.71999999997206, 8295938.46999999973923 ], [ 619899.729999999981374, 8295880.120000000111759 ], [ 618905.38, 8295776.929999999701977 ], [ 617916.680000000051223, 8295629.120000000111759 ], [ 616935.64000000001397, 8295437.0 ], [ 612026.01, 8294360.29 ], [ 611991.979999999981374, 8294352.799999999813735 ], [ 611020.959999999962747, 8294115.21999999973923 ], [ 610061.599999999976717, 8293834.21 ], [ 609115.85999999998603, 8293510.33 ], [ 608185.64000000001397, 8293144.240000000223517 ], [ 607272.839999999967404, 8292736.679999999701977 ], [ 604849.5, 8291588.620000000111759 ], [ 604453.439999999944121, 8291396.17 ], [ 603468.39000000001397, 8290905.370000000111759 ], [ 602734.71999999997206, 8290522.599999999627471 ], [ 601868.199999999953434, 8290024.179999999701977 ], [ 601024.979999999981374, 8289487.28000000026077 ], [ 600206.76, 8288913.0 ], [ 599415.199999999953434, 8288302.509999999776483 ], [ 598926.26, 8287907.549999999813735 ], [ 598371.089999999967404, 8287443.96 ], [ 597629.209999999962747, 8286773.980000000447035 ], [ 596918.209999999962747, 8286071.299999999813735 ], [ 596239.550000000046566, 8285337.360000000335276 ], [ 595594.57999999995809, 8284573.639999999664724 ], [ 594984.62, 8283781.679999999701977 ], [ 594410.89000000001397, 8282963.089999999850988 ], [ 593874.569999999948777, 8282119.519999999552965 ], [ 593376.74, 8281252.679999999701977 ], [ 592918.400000000023283, 8280364.33 ], [ 592237.699999999953434, 8278968.849999999627471 ], [ 591996.37, 8278457.690000000409782 ], [ 591601.680000000051223, 8277539.29 ], [ 591080.449999999953434, 8276247.049999999813735 ], [ 590851.21999999997206, 8275654.46 ], [ 590525.13, 8274709.53000000026077 ], [ 590241.85999999998603, 8273750.889999999664724 ], [ 590002.01, 8272780.480000000447035 ], [ 589806.040000000037253, 8271800.259999999776483 ], [ 589654.35999999998603, 8270812.21999999973923 ], [ 589547.270000000018626, 8269818.360000000335276 ], [ 589485.0, 8268820.690000000409782 ], [ 589467.67000000004191, 8267821.21999999973923 ], [ 589495.300000000046566, 8266821.990000000223517 ], [ 589567.849999999976717, 8265825.019999999552965 ], [ 589685.180000000051223, 8264832.309999999590218 ], [ 589847.03000000002794, 8263845.889999999664724 ], [ 590053.089999999967404, 8262867.740000000223517 ], [ 590302.930000000051223, 8261899.849999999627471 ], [ 590596.060000000055879, 8260944.179999999701977 ], [ 590931.88, 8260002.660000000149012 ], [ 591309.699999999953434, 8259077.200000000186265 ], [ 591728.770000000018626, 8258169.67 ], [ 592188.24, 8257281.900000000372529 ], [ 594698.60999999998603, 8252687.589999999850988 ], [ 595170.92000000004191, 8251865.379999999888241 ], [ 595706.349999999976717, 8251021.240000000223517 ], [ 596279.199999999953434, 8250202.04 ], [ 596888.32999999995809, 8249409.429999999701977 ], [ 604746.0, 8239647.129999999888241 ], [ 605212.99, 8239086.059999999590218 ], [ 605881.910000000032596, 8238343.190000000409782 ], [ 606583.560000000055879, 8237631.150000000372529 ], [ 607316.53000000002794, 8236951.400000000372529 ], [ 608079.32999999995809, 8236305.299999999813735 ], [ 608870.42000000004191, 8235694.160000000149012 ], [ 608943.32999999995809, 8235640.42 ], [ 609708.310000000055879, 8235100.96 ], [ 610549.589999999967404, 8234560.96999999973923 ], [ 611414.300000000046566, 8234059.379999999888241 ], [ 612300.709999999962747, 8233597.179999999701977 ], [ 613207.01, 8233175.320000000298023 ], [ 614131.37, 8232794.650000000372529 ], [ 615071.910000000032596, 8232455.940000000409782 ], [ 616026.75, 8232159.879999999888241 ], [ 616993.930000000051223, 8231907.08 ], [ 617971.520000000018626, 8231698.019999999552965 ], [ 618957.51, 8231533.160000000149012 ], [ 619949.930000000051223, 8231412.809999999590218 ], [ 620946.770000000018626, 8231337.21 ], [ 621945.99, 8231306.54 ], [ 622945.589999999967404, 8231320.839999999850988 ], [ 623943.53000000002794, 8231380.099999999627471 ], [ 624937.800000000046566, 8231484.179999999701977 ], [ 625926.39000000001397, 8231632.879999999888241 ], [ 626907.290000000037253, 8231825.900000000372529 ], [ 627878.520000000018626, 8232062.839999999850988 ], [ 628838.10999999998603, 8232343.240000000223517 ], [ 629784.12, 8232666.509999999776483 ], [ 630714.63, 8233032.009999999776483 ], [ 631627.76, 8233439.009999999776483 ], [ 632521.67000000004191, 8233886.660000000149012 ], [ 633394.53000000002794, 8234374.070000000298023 ], [ 634244.589999999967404, 8234900.259999999776483 ], [ 635651.939999999944121, 8235815.83 ], [ 636281.270000000018626, 8236240.730000000447035 ], [ 637087.050000000046566, 8236832.509999999776483 ], [ 637865.410000000032596, 8237459.940000000409782 ], [ 638614.75, 8238121.740000000223517 ], [ 640791.089999999967404, 8240132.809999999590218 ], [ 641506.680000000051223, 8240824.400000000372529 ], [ 642193.660000000032596, 8241550.740000000223517 ], [ 642847.28000000002794, 8242307.259999999776483 ], [ 643466.199999999953434, 8243092.410000000149012 ], [ 644049.180000000051223, 8243904.610000000335276 ], [ 644595.040000000037253, 8244742.21999999973923 ], [ 645102.660000000032596, 8245603.53000000026077 ], [ 645571.03000000002794, 8246486.809999999590218 ], [ 645999.189999999944121, 8247390.269999999552965 ], [ 646386.270000000018626, 8248312.070000000298023 ], [ 646731.5, 8249250.349999999627471 ], [ 647034.17000000004191, 8250203.21999999973923 ], [ 647293.67000000004191, 8251168.730000000447035 ], [ 647509.46999999997206, 8252144.950000000186265 ], [ 649194.939999999944121, 8260676.339999999850988 ], [ 649298.10999999998603, 8261236.200000000186265 ], [ 649444.46999999997206, 8262225.21 ], [ 649673.62, 8264057.629999999888241 ], [ 649716.88, 8264428.849999999627471 ], [ 649801.849999999976717, 8265425.019999999552965 ], [ 649841.92000000004191, 8266424.009999999776483 ], [ 649859.319999999948777, 8267413.589999999850988 ], [ 649862.76, 8267793.059999999590218 ], [ 649840.770000000018626, 8268792.610000000335276 ], [ 649773.839999999967404, 8269790.160000000149012 ], [ 649662.10999999998603, 8270783.690000000409782 ], [ 649555.189999999944121, 8271573.809999999590218 ] ], [ [ 775122.60999999998603, 8491324.46000000089407 ], [ 775139.849999999976717, 8491340.429999999701977 ], [ 775502.88, 8491684.609999999403954 ], [ 775858.089999999967404, 8492036.869999999180436 ], [ 776205.270000000018626, 8492397.029999999329448 ], [ 776544.270000000018626, 8492764.910000000149012 ], [ 776874.900000000023283, 8493140.33 ], [ 777197.0, 8493523.089999999850988 ], [ 777510.410000000032596, 8493913.009999999776483 ], [ 777814.96999999997206, 8494309.869999999180436 ], [ 778110.53000000002794, 8494713.490000000223517 ], [ 778396.930000000051223, 8495123.67 ], [ 778674.03000000002794, 8495540.17 ], [ 778941.689999999944121, 8495962.810000000521541 ], [ 779199.770000000018626, 8496391.369999999180436 ], [ 779448.14000000001397, 8496825.619999999180436 ], [ 779686.680000000051223, 8497265.359999999403954 ], [ 779915.270000000018626, 8497710.339999999850988 ], [ 780133.790000000037253, 8498160.359999999403954 ], [ 780342.13, 8498615.189999999478459 ], [ 780540.180000000051223, 8499074.58 ], [ 780727.849999999976717, 8499538.320000000298023 ], [ 780905.03000000002794, 8500006.160000000149012 ], [ 781071.650000000023283, 8500477.880000000819564 ], [ 781227.60999999998603, 8500953.220000000670552 ], [ 781372.82999999995809, 8501431.949999999254942 ], [ 781507.25, 8501913.820000000298023 ], [ 784442.160000000032596, 8512913.439999999478459 ], [ 789599.42000000004191, 8532249.630000000819564 ], [ 789614.959999999962747, 8532308.220000000670552 ], [ 789737.089999999967404, 8532793.390000000596046 ], [ 789848.28000000002794, 8533281.179999999701977 ], [ 789948.459999999962747, 8533771.349999999627471 ], [ 790037.589999999967404, 8534263.650000000372529 ], [ 790115.62, 8534757.83 ], [ 790182.51, 8535253.640000000596046 ], [ 790238.21999999997206, 8535750.839999999850988 ], [ 790282.74, 8536249.160000000149012 ], [ 790316.03000000002794, 8536748.349999999627471 ], [ 790327.540000000037253, 8536956.0 ], [ 790335.689999999944121, 8537113.240000000223517 ], [ 790354.199999999953434, 8537613.199999999254942 ], [ 790361.459999999962747, 8538113.449999999254942 ], [ 790357.459999999962747, 8538613.740000000223517 ], [ 790342.209999999962747, 8539113.810000000521541 ], [ 790315.709999999962747, 8539613.42 ], [ 790277.96999999997206, 8540112.300000000745058 ], [ 790229.020000000018626, 8540610.199999999254942 ], [ 790168.88, 8541106.880000000819564 ], [ 790097.57999999995809, 8541602.070000000298023 ], [ 790015.160000000032596, 8542095.53999999910593 ], [ 789921.650000000023283, 8542587.029999999329448 ], [ 789817.10999999998603, 8543076.28999999910593 ], [ 789714.099999999976717, 8543533.17 ], [ 789666.040000000037253, 8543741.630000000819564 ], [ 789545.839999999967404, 8544227.279999999329448 ], [ 789414.74, 8544710.099999999627471 ], [ 789272.810000000055879, 8545189.849999999627471 ], [ 789120.12, 8545666.279999999329448 ], [ 788956.76, 8546139.150000000372529 ], [ 788782.790000000037253, 8546608.230000000447035 ], [ 788713.430000000051223, 8546789.0 ], [ 788599.849999999976717, 8547078.900000000372529 ], [ 788408.88, 8547541.320000000298023 ], [ 788207.560000000055879, 8547999.320000000298023 ], [ 787995.979999999981374, 8548452.679999999701977 ], [ 787774.25, 8548901.160000000149012 ], [ 787542.5, 8549344.529999999329448 ], [ 787300.819999999948777, 8549782.58 ], [ 787049.349999999976717, 8550215.08 ], [ 786788.21999999997206, 8550641.820000000298023 ], [ 786517.550000000046566, 8551062.560000000521541 ], [ 786237.479999999981374, 8551477.119999999180436 ], [ 785948.150000000023283, 8551885.259999999776483 ], [ 785649.71999999997206, 8552286.78999999910593 ], [ 785342.32999999995809, 8552681.5 ], [ 785026.14000000001397, 8553069.199999999254942 ], [ 784933.300000000046566, 8553180.46000000089407 ], [ 784788.42000000004191, 8553352.300000000745058 ], [ 784459.76, 8553729.480000000447035 ], [ 784122.689999999944121, 8554099.160000000149012 ], [ 783777.400000000023283, 8554461.179999999701977 ], [ 783424.040000000037253, 8554815.320000000298023 ], [ 783062.810000000055879, 8555161.429999999701977 ], [ 782693.89000000001397, 8555499.33 ], [ 782317.449999999953434, 8555828.83 ], [ 781933.699999999953434, 8556149.78999999910593 ], [ 781542.82999999995809, 8556462.029999999329448 ], [ 781145.03000000002794, 8556765.390000000596046 ], [ 780740.51, 8557059.730000000447035 ], [ 780329.46999999997206, 8557344.890000000596046 ], [ 779912.12, 8557620.730000000447035 ], [ 779488.67000000004191, 8557887.109999999403954 ], [ 779059.32999999995809, 8558143.890000000596046 ], [ 778624.32999999995809, 8558390.949999999254942 ], [ 778183.88, 8558628.160000000149012 ], [ 777738.209999999962747, 8558855.400000000372529 ], [ 777287.540000000037253, 8559072.560000000521541 ], [ 776832.099999999976717, 8559279.519999999552965 ], [ 776372.12, 8559476.179999999701977 ], [ 775907.82999999995809, 8559662.439999999478459 ], [ 775439.479999999981374, 8559838.21000000089407 ], [ 774967.290000000037253, 8560003.400000000372529 ], [ 774491.5, 8560157.92 ], [ 774012.35999999998603, 8560301.699999999254942 ], [ 773530.099999999976717, 8560434.67 ], [ 773044.979999999981374, 8560556.75 ], [ 772557.24, 8560667.880000000819564 ], [ 772067.12, 8560768.009999999776483 ], [ 771574.87, 8560857.089999999850988 ], [ 771080.75, 8560935.08 ], [ 770585.0, 8561001.929999999701977 ], [ 770087.87, 8561057.609999999403954 ], [ 769589.62, 8561102.089999999850988 ], [ 769090.49, 8561135.349999999627471 ], [ 768590.75, 8561157.369999999180436 ], [ 768090.63, 8561168.150000000372529 ], [ 767590.410000000032596, 8561167.67 ], [ 767090.319999999948777, 8561155.939999999478459 ], [ 766590.62, 8561132.96000000089407 ], [ 766091.569999999948777, 8561098.75 ], [ 765593.410000000032596, 8561053.320000000298023 ], [ 765096.410000000032596, 8560996.689999999478459 ], [ 764600.810000000055879, 8560928.900000000372529 ], [ 764106.85999999998603, 8560849.980000000447035 ], [ 763614.810000000055879, 8560759.96000000089407 ], [ 763124.910000000032596, 8560658.900000000372529 ], [ 762637.410000000032596, 8560546.849999999627471 ], [ 762152.560000000055879, 8560423.859999999403954 ], [ 761670.589999999967404, 8560289.990000000223517 ], [ 761191.770000000018626, 8560145.310000000521541 ], [ 760716.310000000055879, 8559989.900000000372529 ], [ 760244.479999999981374, 8559823.839999999850988 ], [ 759776.5, 8559647.199999999254942 ], [ 759312.62, 8559460.08 ], [ 758853.069999999948777, 8559262.58 ], [ 758398.069999999948777, 8559054.779999999329448 ], [ 758299.150000000023283, 8559008.25 ], [ 757889.520000000018626, 8558810.439999999478459 ], [ 757443.87, 8558583.300000000745058 ], [ 757003.449999999953434, 8558346.199999999254942 ], [ 756568.46999999997206, 8558099.240000000223517 ], [ 756139.150000000023283, 8557842.570000000298023 ], [ 755715.71999999997206, 8557576.310000000521541 ], [ 755298.39000000001397, 8557300.589999999850988 ], [ 754887.37, 8557015.550000000745058 ], [ 754482.85999999998603, 8556721.339999999850988 ], [ 754085.07999999995809, 8556418.099999999627471 ], [ 753694.209999999962747, 8556106.0 ], [ 753310.46999999997206, 8555785.179999999701977 ], [ 752934.040000000037253, 8555455.810000000521541 ], [ 752565.12, 8555118.060000000521541 ], [ 752203.89000000001397, 8554772.089999999850988 ], [ 751850.53000000002794, 8554418.089999999850988 ], [ 751204.51, 8553756.160000000149012 ], [ 750915.810000000055879, 8553454.75 ], [ 750387.229999999981374, 8552892.429999999701977 ], [ 750153.0, 8552639.339999999850988 ], [ 749820.300000000046566, 8552265.869999999180436 ], [ 749496.089999999967404, 8551885.0 ], [ 749180.53000000002794, 8551496.949999999254942 ], [ 749133.51, 8551437.769999999552965 ], [ 748943.14000000001397, 8551194.769999999552965 ], [ 748641.900000000023283, 8550795.490000000223517 ], [ 748349.71999999997206, 8550389.53999999910593 ], [ 748066.75, 8549977.119999999180436 ], [ 747793.12, 8549558.439999999478459 ], [ 747528.979999999981374, 8549133.71000000089407 ], [ 747274.459999999962747, 8548703.140000000596046 ], [ 747029.699999999953434, 8548266.96000000089407 ], [ 746794.800000000046566, 8547825.390000000596046 ], [ 746569.900000000023283, 8547378.650000000372529 ], [ 745707.540000000037253, 8545616.619999999180436 ], [ 745599.319999999948777, 8545392.33 ], [ 745389.589999999967404, 8544938.269999999552965 ], [ 745190.13, 8544479.599999999627471 ], [ 745001.040000000037253, 8544016.570000000298023 ], [ 744822.410000000032596, 8543549.400000000372529 ], [ 738528.180000000051223, 8526519.189999999478459 ], [ 738419.28000000002794, 8526217.939999999478459 ], [ 738257.959999999962747, 8525744.53999999910593 ], [ 738107.32999999995809, 8525267.619999999180436 ], [ 737967.46999999997206, 8524787.439999999478459 ], [ 737115.12, 8521733.730000000447035 ], [ 737029.49, 8521417.990000000223517 ], [ 736307.82999999995809, 8518677.599999999627471 ], [ 736304.479999999981374, 8518664.880000000819564 ], [ 736182.849999999976717, 8518179.759999999776483 ], [ 736072.160000000032596, 8517692.03999999910593 ], [ 735972.459999999962747, 8517201.939999999478459 ], [ 735883.819999999948777, 8516709.730000000447035 ], [ 735806.270000000018626, 8516215.650000000372529 ], [ 735739.85999999998603, 8515719.949999999254942 ], [ 735684.60999999998603, 8515222.880000000819564 ], [ 735640.560000000055879, 8514724.699999999254942 ], [ 735607.71999999997206, 8514225.650000000372529 ], [ 735337.49, 8509269.67 ], [ 735318.939999999944121, 8508860.08 ], [ 735306.540000000037253, 8508360.109999999403954 ], [ 735305.39000000001397, 8507859.980000000447035 ], [ 735315.49, 8507359.949999999254942 ], [ 735337.32999999995809, 8506665.240000000223517 ], [ 735341.28000000002794, 8506549.400000000372529 ], [ 735365.229999999981374, 8506049.849999999627471 ], [ 735400.400000000023283, 8505550.96000000089407 ], [ 735446.790000000037253, 8505052.990000000223517 ], [ 735474.99, 8504783.119999999180436 ], [ 735512.680000000051223, 8504447.21000000089407 ], [ 735577.810000000055879, 8503951.339999999850988 ], [ 735654.069999999948777, 8503457.060000000521541 ], [ 735741.430000000051223, 8502964.619999999180436 ], [ 735839.839999999967404, 8502474.269999999552965 ], [ 735949.26, 8501986.25 ], [ 736069.63, 8501500.820000000298023 ], [ 736200.89000000001397, 8501018.220000000670552 ], [ 736342.96999999997206, 8500538.699999999254942 ], [ 736495.800000000046566, 8500062.490000000223517 ], [ 736659.300000000046566, 8499589.839999999850988 ], [ 736833.39000000001397, 8499120.990000000223517 ], [ 737017.99, 8498656.17 ], [ 737212.99, 8498195.619999999180436 ], [ 737418.310000000055879, 8497739.570000000298023 ], [ 737633.82999999995809, 8497288.259999999776483 ], [ 737859.449999999953434, 8496841.900000000372529 ], [ 738095.050000000046566, 8496400.740000000223517 ], [ 738340.520000000018626, 8495964.980000000447035 ], [ 738595.71999999997206, 8495534.859999999403954 ], [ 738860.540000000037253, 8495110.58 ], [ 739134.839999999967404, 8494692.369999999180436 ], [ 739418.46999999997206, 8494280.429999999701977 ], [ 739711.290000000037253, 8493874.980000000447035 ], [ 739802.459999999962747, 8493751.689999999478459 ], [ 739823.439999999944121, 8493723.369999999180436 ], [ 740125.939999999944121, 8493325.089999999850988 ], [ 740437.32999999995809, 8492933.71000000089407 ], [ 740757.439999999944121, 8492549.429999999701977 ], [ 741086.12, 8492172.449999999254942 ], [ 741423.199999999953434, 8491802.949999999254942 ], [ 741768.5, 8491441.130000000819564 ], [ 742121.849999999976717, 8491087.17 ], [ 742483.07999999995809, 8490741.25 ], [ 742852.0, 8490403.53999999910593 ], [ 743228.42000000004191, 8490074.21000000089407 ], [ 743612.150000000023283, 8489753.429999999701977 ], [ 744003.01, 8489441.359999999403954 ], [ 744400.790000000037253, 8489138.17 ], [ 744805.28000000002794, 8488844.0 ], [ 745216.300000000046566, 8488559.0 ], [ 745633.62, 8488283.310000000521541 ], [ 746057.040000000037253, 8488017.089999999850988 ], [ 746486.339999999967404, 8487760.449999999254942 ], [ 746921.300000000046566, 8487513.53999999910593 ], [ 747201.32999999995809, 8487358.720000000670552 ], [ 747537.839999999967404, 8487176.429999999701977 ], [ 747982.270000000018626, 8486946.980000000447035 ], [ 748431.75, 8486727.58 ], [ 749036.520000000018626, 8486440.759999999776483 ], [ 749044.349999999976717, 8486437.050000000745058 ], [ 749498.729999999981374, 8486227.990000000223517 ], [ 749957.699999999953434, 8486029.21000000089407 ], [ 750421.03000000002794, 8485840.800000000745058 ], [ 750888.49, 8485662.869999999180436 ], [ 751359.819999999948777, 8485495.490000000223517 ], [ 751834.810000000055879, 8485338.75 ], [ 752313.199999999953434, 8485192.740000000223517 ], [ 752794.76, 8485057.529999999329448 ], [ 753279.24, 8484933.189999999478459 ], [ 753766.39000000001397, 8484819.769999999552965 ], [ 754255.96999999997206, 8484717.339999999850988 ], [ 754747.74, 8484625.96000000089407 ], [ 755241.439999999944121, 8484545.650000000372529 ], [ 755736.819999999948777, 8484476.470000000670552 ], [ 756233.63, 8484418.46000000089407 ], [ 756416.430000000051223, 8484399.189999999478459 ], [ 756777.819999999948777, 8484364.089999999850988 ], [ 757276.520000000018626, 8484325.400000000372529 ], [ 757775.959999999962747, 8484297.939999999478459 ], [ 758275.89000000001397, 8484281.730000000447035 ], [ 758776.069999999948777, 8484276.759999999776483 ], [ 759276.229999999981374, 8484283.050000000745058 ], [ 759776.12, 8484300.589999999850988 ], [ 760275.49, 8484329.369999999180436 ], [ 760774.099999999976717, 8484369.380000000819564 ], [ 760830.189999999944121, 8484374.509999999776483 ], [ 760888.38, 8484379.92 ], [ 761385.819999999948777, 8484432.439999999478459 ], [ 761881.959999999962747, 8484496.140000000596046 ], [ 762376.540000000037253, 8484570.980000000447035 ], [ 762869.310000000055879, 8484656.939999999478459 ], [ 763360.020000000018626, 8484753.949999999254942 ], [ 763848.430000000051223, 8484861.980000000447035 ], [ 764334.290000000037253, 8484980.980000000447035 ], [ 764817.349999999976717, 8485110.869999999180436 ], [ 765297.35999999998603, 8485251.599999999627471 ], [ 765774.089999999967404, 8485403.089999999850988 ], [ 766247.290000000037253, 8485565.269999999552965 ], [ 766716.729999999981374, 8485738.060000000521541 ], [ 767182.160000000032596, 8485921.359999999403954 ], [ 767643.349999999976717, 8486115.089999999850988 ], [ 768100.060000000055879, 8486319.140000000596046 ], [ 768552.069999999948777, 8486533.42 ], [ 768999.150000000023283, 8486757.810000000521541 ], [ 769441.069999999948777, 8486992.21000000089407 ], [ 769877.599999999976717, 8487236.490000000223517 ], [ 770308.53000000002794, 8487490.529999999329448 ], [ 770733.63, 8487754.199999999254942 ], [ 771152.699999999953434, 8488027.369999999180436 ], [ 771565.520000000018626, 8488309.900000000372529 ], [ 771971.87, 8488601.650000000372529 ], [ 772371.560000000055879, 8488902.46000000089407 ], [ 772764.38, 8489212.189999999478459 ], [ 773150.14000000001397, 8489530.689999999478459 ], [ 773528.63, 8489857.779999999329448 ], [ 773899.67000000004191, 8490193.300000000745058 ], [ 775122.60999999998603, 8491324.46000000089407 ] ] ] ] } }
]
}
