{
"type": "FeatureCollection",
"name": "Undervannskabler uttaskjers simplified clipped",
"features": [
{ "type": "Feature", "properties": { "gml_id": "ide86a8f76-7b5b-46b7-a13a-6aeb7f9613f1", "lokalId": "aca7d011-4f96-4585-8a82-d31033868837", "navnerom": "https://data.geonorge.no/sosi/kyst/sjokart_maritim_infrastruktur", "førsteDatafangstdato": null, "oppdateringsdato": "2004-06-25T00:00:00", "datauttaksdato": "2025-05-01T00:00:23", "målemetode": "ukjentMålemetode", "kabeltype": "telefonledning", "sjøstatus": null }, "geometry": { "type": "MultiLineString", "coordinates": [ [ [ 8.044550291726432, 77.999999999797737 ], [ 8.04418833333332, 78.020849999798173 ], [ 8.0, 78.060177768263173 ] ] ] } },
{ "type": "Feature", "properties": { "gml_id": "id928d95a8-d4d5-41ee-81ff-cac56eeda0c7", "lokalId": "32c2273c-63c0-4ced-bc88-34ae38ff8b49", "navnerom": "https://data.geonorge.no/sosi/kyst/sjokart_maritim_infrastruktur", "førsteDatafangstdato": null, "oppdateringsdato": "2004-06-25T00:00:00", "datauttaksdato": "2025-05-01T00:00:23", "målemetode": "ukjentMålemetode", "kabeltype": "telefonledning", "sjøstatus": null }, "geometry": { "type": "MultiLineString", "coordinates": [ [ [ 8.257130047353884, 77.999999999797765 ], [ 8.193816666666649, 78.107566666466155 ], [ 8.24421, 78.18599833313408 ], [ 8.36425, 78.244473333135133 ], [ 8.531196666666668, 78.270771666468917 ], [ 8.738975, 78.285226666468986 ], [ 9.559465, 78.32224166646975 ], [ 10.0, 78.302750037817162 ] ] ] } },
{ "type": "Feature", "properties": { "gml_id": "id2eabf730-0e44-4828-b48e-02fad1e52353", "lokalId": "e97bb9a2-7afc-411a-9ce2-84ead8692148", "navnerom": "https://data.geonorge.no/sosi/kyst/sjokart_maritim_infrastruktur", "førsteDatafangstdato": null, "oppdateringsdato": "2004-06-25T00:00:00", "datauttaksdato": "2025-05-01T00:00:23", "målemetode": "ukjentMålemetode", "kabeltype": "telefonledning", "sjøstatus": null }, "geometry": { "type": "MultiLineString", "coordinates": [ [ [ 10.0, 78.302750037817162 ], [ 10.9543133333333, 78.205189999801192 ], [ 12.0, 78.078087744078459 ] ] ] } },
{ "type": "Feature", "properties": { "gml_id": "idc61b0673-5658-46c3-80af-a57db8b99e65", "lokalId": "9feb47d3-15db-4137-a721-a924b573f832", "navnerom": "https://data.geonorge.no/sosi/kyst/sjokart_maritim_infrastruktur", "førsteDatafangstdato": null, "oppdateringsdato": "2004-06-25T00:00:00", "datauttaksdato": "2025-05-01T00:00:23", "målemetode": "ukjentMålemetode", "kabeltype": "telefonledning", "sjøstatus": null }, "geometry": { "type": "MultiLineString", "coordinates": [ [ [ 10.0, 78.315207393977531 ], [ 10.308236666666708, 78.298436666469314 ], [ 11.01958666666669, 78.234281666468206 ], [ 11.271076666666703, 78.202964999801097 ], [ 11.893935, 78.106826666466176 ], [ 12.0, 78.098395099926606 ] ] ] } },
{ "type": "Feature", "properties": { "gml_id": "id090e7a2c-3b6a-4767-989a-8e20a2956a71", "lokalId": "9fea63e6-bf3f-4993-81dc-d76e72ff5e92", "navnerom": "https://data.geonorge.no/sosi/kyst/sjokart_maritim_infrastruktur", "førsteDatafangstdato": null, "oppdateringsdato": "2004-06-25T00:00:00", "datauttaksdato": "2025-05-01T00:00:23", "målemetode": "ukjentMålemetode", "kabeltype": "telefonledning", "sjøstatus": null }, "geometry": { "type": "MultiLineString", "coordinates": [ [ [ 8.0, 78.258497589236086 ], [ 8.179241666666673, 78.301531666469302 ], [ 8.455961666666681, 78.334623333136591 ], [ 9.283455, 78.344928333136878 ], [ 10.0, 78.315207393977531 ] ] ] } },
{ "type": "Feature", "properties": { "gml_id": "ideb1522a7-9086-4bcd-91bb-fdc099ea82e8", "lokalId": "bf56d5f0-0411-41a6-a100-f655dd486f0b", "navnerom": "https://data.geonorge.no/sosi/kyst/sjokart_maritim_infrastruktur", "førsteDatafangstdato": null, "oppdateringsdato": "2004-06-25T00:00:00", "datauttaksdato": "2025-05-01T00:00:23", "målemetode": "ukjentMålemetode", "kabeltype": "telefonledning", "sjøstatus": null }, "geometry": { "type": "MultiLineString", "coordinates": [ [ [ 8.0, 78.060177768263173 ], [ 7.946261666666647, 78.107613333132832 ], [ 7.91989, 78.231908333134896 ], [ 8.0, 78.258497589236086 ] ] ] } },
{ "type": "Feature", "properties": { "gml_id": "ide4b23b65-2611-45c7-9a2c-21fe85e26317", "lokalId": "835f1d27-e221-4997-9755-e089af8bedda", "navnerom": "https://data.geonorge.no/sosi/kyst/sjokart_maritim_infrastruktur", "førsteDatafangstdato": null, "oppdateringsdato": "2007-02-20T00:00:00", "datauttaksdato": "2025-05-01T00:00:24", "målemetode": "ukjentMålemetode", "kabeltype": "telefonledning", "sjøstatus": null }, "geometry": { "type": "MultiLineString", "coordinates": [ [ [ 15.620307688313893, 69.499999999653738 ], [ 15.558958333333296, 69.517411666320683 ], [ 15.49876, 69.576698332988485 ], [ 15.357976666666692, 69.630198332989522 ], [ 14.86958, 69.630088332989487 ], [ 14.5198583333333, 69.73131499965811 ], [ 13.950798333333308, 70.492553333005276 ], [ 12.52701, 71.140206666350082 ], [ 10.841988333333289, 71.878738333029375 ], [ 10.272891666666705, 72.321539999703532 ], [ 9.502386666666659, 72.902578333046463 ], [ 9.882551666666672, 73.504636666389814 ], [ 10.372198333333291, 74.247328333068793 ], [ 10.481341666666708, 74.778143333077423 ], [ 10.40741, 75.018123333081476 ], [ 10.001146666666711, 76.208604999767815 ], [ 9.703496666666657, 76.37635333310385 ], [ 9.585848333333319, 76.527829999773047 ], [ 8.80492833333332, 77.261928333118618 ], [ 8.706061666666654, 77.487619999789146 ], [ 8.140438333333341, 77.672353333125557 ], [ 8.047035, 77.751758333126901 ], [ 8.044550291726432, 77.999999999797737 ] ] ] } },
{ "type": "Feature", "properties": { "gml_id": "id3d9f20e0-60c1-4e7d-a5db-a8c3cf3a3fb7", "lokalId": "767873c7-1ad8-4c12-96d9-cff33f289698", "navnerom": "https://data.geonorge.no/sosi/kyst/sjokart_maritim_infrastruktur", "førsteDatafangstdato": null, "oppdateringsdato": "2008-06-09T00:00:00", "datauttaksdato": "2025-05-01T00:00:24", "målemetode": "ukjentMålemetode", "kabeltype": "telefonledning", "sjøstatus": null }, "geometry": { "type": "MultiLineString", "coordinates": [ [ [ 15.000285986706787, 78.215609833077863 ], [ 15.197413333333271, 78.247236666468524 ], [ 15.29874, 78.272371666468899 ], [ 15.5, 78.269668280502529 ] ] ] } },
{ "type": "Feature", "properties": { "gml_id": "id65bc5d32-2ebd-4848-9346-1a0a2f0bc54b", "lokalId": "d23057b9-02ac-4fde-a183-c6a5b3733f4e", "navnerom": "https://data.geonorge.no/sosi/kyst/sjokart_maritim_infrastruktur", "førsteDatafangstdato": null, "oppdateringsdato": "2008-06-09T00:00:00", "datauttaksdato": "2025-05-01T00:00:24", "målemetode": "ukjentMålemetode", "kabeltype": "telefonledning", "sjøstatus": null }, "geometry": { "type": "MultiLineString", "coordinates": [ [ [ 15.000295560419604, 78.206154812530201 ], [ 15.34076, 78.268751666468702 ], [ 15.5, 78.264759112849489 ] ] ] } },
{ "type": "Feature", "properties": { "gml_id": "id903d73cb-293a-4865-b050-568c39805929", "lokalId": "6d877ece-e18a-415a-9b0d-d9d0e6745b7e", "navnerom": "https://data.geonorge.no/sosi/kyst/sjokart_maritim_infrastruktur", "førsteDatafangstdato": null, "oppdateringsdato": "2008-06-12T00:00:00", "datauttaksdato": "2025-05-01T00:00:24", "målemetode": "ukjentMålemetode", "kabeltype": "telefonledning", "sjøstatus": null }, "geometry": { "type": "MultiLineString", "coordinates": [ [ [ 14.5, 78.167676360872235 ], [ 14.627328333333308, 78.185528333134073 ], [ 14.885085, 78.200246666467777 ], [ 15.000285986706787, 78.215609833077863 ] ] ] } },
{ "type": "Feature", "properties": { "gml_id": "id418ab792-4ebf-41ae-a6ec-b824b0d30016", "lokalId": "99134d81-d58d-4641-9395-7cdc445a206c", "navnerom": "https://data.geonorge.no/sosi/kyst/sjokart_maritim_infrastruktur", "førsteDatafangstdato": null, "oppdateringsdato": "2008-06-12T00:00:00", "datauttaksdato": "2025-05-01T00:00:24", "målemetode": "ukjentMålemetode", "kabeltype": "telefonledning", "sjøstatus": null }, "geometry": { "type": "MultiLineString", "coordinates": [ [ [ 14.0, 78.155481439516606 ], [ 14.337335, 78.153474999800295 ], [ 14.5, 78.167676360872235 ] ] ] } },
{ "type": "Feature", "properties": { "gml_id": "id479bdd5b-8a17-4b26-8452-76d6639c7f02", "lokalId": "d0142bad-45a3-4586-9779-35e2d76411bc", "navnerom": "https://data.geonorge.no/sosi/kyst/sjokart_maritim_infrastruktur", "førsteDatafangstdato": null, "oppdateringsdato": "2008-06-12T00:00:00", "datauttaksdato": "2025-05-01T00:00:24", "målemetode": "ukjentMålemetode", "kabeltype": "telefonledning", "sjøstatus": null }, "geometry": { "type": "MultiLineString", "coordinates": [ [ [ 14.5, 78.154344464446623 ], [ 14.648313333333299, 78.17894666646724 ], [ 15.000295560419604, 78.206154812530201 ] ] ] } },
{ "type": "Feature", "properties": { "gml_id": "id0748781c-b252-43f8-b21e-13aa387066b1", "lokalId": "de603feb-99df-412b-ade6-cbf3478f49c1", "navnerom": "https://data.geonorge.no/sosi/kyst/sjokart_maritim_infrastruktur", "førsteDatafangstdato": null, "oppdateringsdato": "2008-06-12T00:00:00", "datauttaksdato": "2025-05-01T00:00:24", "målemetode": "ukjentMålemetode", "kabeltype": "telefonledning", "sjøstatus": null }, "geometry": { "type": "MultiLineString", "coordinates": [ [ [ 14.0, 78.143482671478608 ], [ 14.236316666666676, 78.141041666466677 ], [ 14.5, 78.154344464446623 ] ] ] } },
{ "type": "Feature", "properties": { "gml_id": "id2e31d0ed-b834-4e90-858d-6c5e1a1bd2a7", "lokalId": "ae4e81b2-e927-45e0-9ef4-97ffb2c04739", "navnerom": "https://data.geonorge.no/sosi/kyst/sjokart_maritim_infrastruktur", "førsteDatafangstdato": null, "oppdateringsdato": "2007-02-20T00:00:00", "datauttaksdato": "2025-05-01T00:00:24", "målemetode": "ukjentMålemetode", "kabeltype": "telefonledning", "sjøstatus": null }, "geometry": { "type": "MultiLineString", "coordinates": [ [ [ 15.687007461024395, 69.499999999653738 ], [ 15.634416666666707, 69.50543333298711 ], [ 15.583616666666686, 69.528333332987529 ], [ 15.53821666666671, 69.58648333298872 ], [ 15.366666666666704, 69.636649999656328 ], [ 14.971, 69.670849999657037 ], [ 14.553, 69.930199999661738 ], [ 14.306033333333303, 70.517133333005788 ], [ 12.920666666666694, 71.166566666350448 ], [ 10.8992, 72.075233333032756 ], [ 10.101716666666707, 72.938883333047087 ], [ 10.328183333333302, 73.44324999972217 ], [ 10.743666666666709, 74.320833333070027 ], [ 10.62485, 75.339899999753484 ], [ 10.26795, 76.273033333102106 ], [ 10.006233333333293, 76.386949999770849 ], [ 9.919133333333342, 76.69866666644252 ], [ 9.1831, 77.188916666450666 ], [ 8.932033333333328, 77.516983333122795 ], [ 8.176766666666648, 77.765683333127015 ], [ 8.188133333333333, 77.880416666462381 ], [ 8.296016666666652, 77.933933333130014 ], [ 8.257130047353884, 77.999999999797765 ] ] ] } },
{ "type": "Feature", "properties": { "gml_id": "id34c326ff-441e-4902-ac57-bb502db7f131", "lokalId": "f64a54bf-2a3d-4b5b-a53c-1f0d1016056f", "navnerom": "https://data.geonorge.no/sosi/kyst/sjokart_maritim_infrastruktur", "førsteDatafangstdato": null, "oppdateringsdato": "2008-05-21T00:00:00", "datauttaksdato": "2025-05-01T00:00:25", "målemetode": "ukjentMålemetode", "kabeltype": "telefonledning", "sjøstatus": null }, "geometry": { "type": "MultiLineString", "coordinates": [ [ [ 15.5, 78.269668280502529 ], [ 15.551343333333289, 78.257649999802098 ], [ 15.537605439764583, 78.248418479723384 ] ] ] } },
{ "type": "Feature", "properties": { "gml_id": "id35ee5e38-4544-47cb-bf1f-c26deef2f6dd", "lokalId": "598e0440-9c07-438e-aae5-105f7d0dcffd", "navnerom": "https://data.geonorge.no/sosi/kyst/sjokart_maritim_infrastruktur", "førsteDatafangstdato": null, "oppdateringsdato": "2008-05-21T00:00:00", "datauttaksdato": "2025-05-01T00:00:25", "målemetode": "ukjentMålemetode", "kabeltype": "telefonledning", "sjøstatus": null }, "geometry": { "type": "MultiLineString", "coordinates": [ [ [ 15.5, 78.264759112849489 ], [ 15.539638333333276, 78.255299999801977 ], [ 15.537, 78.248849999801877 ] ] ] } },
{ "type": "Feature", "properties": { "gml_id": "iddb0bd599-e717-4ad9-b19d-9cc7421a3811", "lokalId": "a60c4d37-fc90-4cc3-a3b0-cbc938f738f5", "navnerom": "https://data.geonorge.no/sosi/kyst/sjokart_maritim_infrastruktur", "førsteDatafangstdato": null, "oppdateringsdato": "2011-01-12T00:00:00", "datauttaksdato": "2025-05-01T00:00:26", "målemetode": "ukjentMålemetode", "kabeltype": "telefonledning", "sjøstatus": null }, "geometry": { "type": "MultiLineString", "coordinates": [ [ [ 12.0, 78.098395099926606 ], [ 12.155123333333309, 78.094341666465937 ], [ 12.642841666666699, 78.109303333132743 ], [ 13.5, 78.152617031651957 ] ] ] } },
{ "type": "Feature", "properties": { "gml_id": "id478981dc-d03f-4674-a570-a678b34900db", "lokalId": "28b5cb14-7132-47f9-857c-3fb168319303", "navnerom": "https://data.geonorge.no/sosi/kyst/sjokart_maritim_infrastruktur", "førsteDatafangstdato": null, "oppdateringsdato": "2011-01-12T00:00:00", "datauttaksdato": "2025-05-01T00:00:26", "målemetode": "ukjentMålemetode", "kabeltype": "telefonledning", "sjøstatus": null }, "geometry": { "type": "MultiLineString", "coordinates": [ [ [ 13.5, 78.152617031651957 ], [ 13.736685, 78.163603333133821 ], [ 14.0, 78.155481439516606 ] ] ] } },
{ "type": "Feature", "properties": { "gml_id": "idda800163-2c0d-4c73-9e7e-b322924977b2", "lokalId": "27a7a506-5eab-4ebe-8483-9dc635f80523", "navnerom": "https://data.geonorge.no/sosi/kyst/sjokart_maritim_infrastruktur", "førsteDatafangstdato": null, "oppdateringsdato": "2011-01-12T00:00:00", "datauttaksdato": "2025-05-01T00:00:26", "målemetode": "ukjentMålemetode", "kabeltype": "telefonledning", "sjøstatus": null }, "geometry": { "type": "MultiLineString", "coordinates": [ [ [ 12.0, 78.078087744078459 ], [ 12.257455, 78.062544999798646 ], [ 12.530866666666711, 78.062999999798748 ], [ 12.898123333333315, 78.081019999799125 ], [ 13.5, 78.124705592879664 ] ] ] } },
{ "type": "Feature", "properties": { "gml_id": "id2dae0ced-e92a-4be6-a428-e61535de8875", "lokalId": "4a593a72-8e3b-4258-b788-d6c16b3f1e39", "navnerom": "https://data.geonorge.no/sosi/kyst/sjokart_maritim_infrastruktur", "førsteDatafangstdato": null, "oppdateringsdato": "2011-01-12T00:00:00", "datauttaksdato": "2025-05-01T00:00:26", "målemetode": "ukjentMålemetode", "kabeltype": "telefonledning", "sjøstatus": null }, "geometry": { "type": "MultiLineString", "coordinates": [ [ [ 13.5, 78.124705592879664 ], [ 13.791953333333314, 78.149318333133579 ], [ 14.0, 78.143482671478608 ] ] ] } },
{ "type": "Feature", "properties": { "gml_id": "id6de1f7df-611a-4e30-b673-b50b8ad97f9c", "lokalId": "7ba8e845-f57d-4d7c-894b-568b287fe436", "navnerom": "https://data.geonorge.no/sosi/kyst/sjokart_maritim_infrastruktur", "førsteDatafangstdato": null, "oppdateringsdato": "2012-07-06T00:00:00", "datauttaksdato": "2025-05-01T00:00:27", "målemetode": "ukjentMålemetode", "kabeltype": "kraftledning", "sjøstatus": null }, "geometry": { "type": "MultiLineString", "coordinates": [ [ [ 11.92088355397029, 78.930607453131032 ], [ 11.919683522701389, 78.930351217097211 ] ] ] } },
{ "type": "Feature", "properties": { "gml_id": "iddd647a46-1155-4261-985e-b7b049ab42fd", "lokalId": "48337737-fecd-48ea-b9a7-64dd738182ae", "navnerom": "https://data.geonorge.no/sosi/kyst/sjokart_maritim_infrastruktur", "førsteDatafangstdato": null, "oppdateringsdato": "2015-06-25T00:00:00", "datauttaksdato": "2025-05-01T00:00:34", "målemetode": "ukjentMålemetode", "kabeltype": null, "sjøstatus": null }, "geometry": { "type": "MultiLineString", "coordinates": [ [ [ 14.333333333333282, 78.243866972426389 ], [ 13.91666666666671, 78.19027177868756 ] ] ] } },
{ "type": "Feature", "properties": { "gml_id": "id962b3c31-5f42-49f2-b4cb-1b4ddaf9e384", "lokalId": "1b787958-f1a3-42cc-a6d9-cf7cf093db59", "navnerom": "https://data.geonorge.no/sosi/kyst/sjokart_maritim_infrastruktur", "førsteDatafangstdato": null, "oppdateringsdato": "2015-06-25T00:00:00", "datauttaksdato": "2025-05-01T00:00:34", "målemetode": "ukjentMålemetode", "kabeltype": null, "sjøstatus": null }, "geometry": { "type": "MultiLineString", "coordinates": [ [ [ 15.539185830625671, 78.248079109642291 ], [ 15.580598312800266, 78.26055064173778 ], [ 15.506015538746672, 78.279016729750538 ], [ 15.352751683255935, 78.290932851842697 ], [ 15.206678591633773, 78.282734330449614 ], [ 14.846669574379781, 78.281116991021975 ], [ 14.611300464181296, 78.26963276896079 ], [ 14.333333333333282, 78.243866972426389 ] ] ] } },
{ "type": "Feature", "properties": { "gml_id": "idfe00d362-e6b5-42fa-9807-4f38e3747817", "lokalId": "cb453aff-3a4d-4e7a-8843-84fbcb4f5898", "navnerom": "https://data.geonorge.no/sosi/kyst/sjokart_maritim_infrastruktur", "førsteDatafangstdato": null, "oppdateringsdato": "2015-06-25T00:00:00", "datauttaksdato": "2025-05-01T00:00:34", "målemetode": "ukjentMålemetode", "kabeltype": null, "sjøstatus": null }, "geometry": { "type": "MultiLineString", "coordinates": [ [ [ 14.333333333333279, 78.195658113997553 ], [ 14.066899716297105, 78.171166058266181 ], [ 13.916666666666675, 78.169146801913072 ] ] ] } },
{ "type": "Feature", "properties": { "gml_id": "ide16f0633-b87c-46ce-88e1-4b53283e1ad0", "lokalId": "bc970dad-bf52-45be-82d0-b2acdaa39a57", "navnerom": "https://data.geonorge.no/sosi/kyst/sjokart_maritim_infrastruktur", "førsteDatafangstdato": null, "oppdateringsdato": "2015-06-25T00:00:00", "datauttaksdato": "2025-05-01T00:00:34", "målemetode": "ukjentMålemetode", "kabeltype": null, "sjøstatus": null }, "geometry": { "type": "MultiLineString", "coordinates": [ [ [ 15.538407854991576, 78.248153293024714 ], [ 15.5676292565373, 78.257767145064832 ], [ 15.484721461219195, 78.275915665343575 ], [ 15.334132741096189, 78.283349470293857 ], [ 14.784017904066411, 78.231699667948064 ], [ 14.548231472750501, 78.219682561779308 ], [ 14.333333333333279, 78.195658113997553 ] ] ] } },
{ "type": "Feature", "properties": { "gml_id": "id73ad974e-0c35-4235-8615-fbcf33d4b622", "lokalId": "5fb790da-22e6-4605-8a07-12e69d87c647", "navnerom": "https://data.geonorge.no/sosi/kyst/sjokart_maritim_infrastruktur", "førsteDatafangstdato": null, "oppdateringsdato": "2015-06-25T00:00:00", "datauttaksdato": "2025-05-01T00:00:34", "målemetode": "ukjentMålemetode", "kabeltype": null, "sjøstatus": null }, "geometry": { "type": "MultiLineString", "coordinates": [ [ [ 13.916666666666675, 78.169146801913072 ], [ 13.237629153368911, 78.157034248917796 ], [ 12.830848069344674, 78.129751091404259 ], [ 12.381478830265412, 78.113083800826786 ], [ 12.003000678432295, 78.117717264295379 ], [ 11.654130924849589, 78.151367633421259 ], [ 11.226537287664105, 78.217484014221483 ], [ 11.126604930865396, 78.26198351840408 ], [ 11.120387916270699, 78.299149591278578 ], [ 11.073166426758714, 78.316567436012008 ], [ 10.84586552482928, 78.358265955758995 ], [ 10.636819746649708, 78.377850499852485 ], [ 10.520312251112314, 78.398900718958643 ], [ 10.306387026021913, 78.482133999884553 ], [ 10.269288248741489, 78.508600802477616 ], [ 10.259229739758712, 78.547032377133988 ], [ 10.25, 78.556105473350641 ] ] ] } },
{ "type": "Feature", "properties": { "gml_id": "idda879a9a-5d3b-4c4a-9a60-72a1963e16fd", "lokalId": "bf0de89c-8846-4d09-909f-eceadf1b572a", "navnerom": "https://data.geonorge.no/sosi/kyst/sjokart_maritim_infrastruktur", "førsteDatafangstdato": null, "oppdateringsdato": "2015-06-25T00:00:00", "datauttaksdato": "2025-05-01T00:00:34", "målemetode": "ukjentMålemetode", "kabeltype": null, "sjøstatus": null }, "geometry": { "type": "MultiLineString", "coordinates": [ [ [ 10.25, 78.556105473350641 ], [ 10.240279080813295, 78.575417125591869 ], [ 10.2004203062599, 78.591666666474282 ] ] ] } },
{ "type": "Feature", "properties": { "gml_id": "id2cbdbaa4-2309-495b-9965-3998af5bae13", "lokalId": "4f9f4594-1826-4512-a611-74724914e238", "navnerom": "https://data.geonorge.no/sosi/kyst/sjokart_maritim_infrastruktur", "førsteDatafangstdato": null, "oppdateringsdato": "2015-06-25T00:00:00", "datauttaksdato": "2025-05-01T00:00:34", "målemetode": "ukjentMålemetode", "kabeltype": null, "sjøstatus": null }, "geometry": { "type": "MultiLineString", "coordinates": [ [ [ 13.91666666666671, 78.19027177868756 ], [ 13.768750529287484, 78.17570042749351 ], [ 13.088688316632583, 78.166583880179004 ], [ 12.684678672849284, 78.140299151932382 ], [ 11.824633352650313, 78.143532360538657 ], [ 11.686467961175413, 78.180450133081052 ], [ 11.602832529037112, 78.190432410026176 ], [ 11.513953831578084, 78.21199899428585 ], [ 11.366115150613208, 78.22673441367111 ], [ 11.297695888447009, 78.266483545255966 ], [ 11.174714565319482, 78.361416784808171 ], [ 10.929115737474616, 78.398633814582027 ], [ 10.724917304581389, 78.459016673377548 ], [ 10.60048070781378, 78.50206760951815 ], [ 10.591535055144007, 78.511815928663765 ], [ 10.604268699494598, 78.530566621275227 ], [ 10.574767306658808, 78.549816187806783 ], [ 10.413125913312316, 78.591666666474268 ] ] ] } },
{ "type": "Feature", "properties": { "gml_id": "id87d6726a-7ef1-4c89-a68b-5a1dc4b44a99", "lokalId": "83f42845-6894-4a0c-8386-422a90ac07c2", "navnerom": "https://data.geonorge.no/sosi/kyst/sjokart_maritim_infrastruktur", "førsteDatafangstdato": null, "oppdateringsdato": "2015-06-25T00:00:00", "datauttaksdato": "2025-05-01T00:00:34", "målemetode": "ukjentMålemetode", "kabeltype": null, "sjøstatus": null }, "geometry": { "type": "MultiLineString", "coordinates": [ [ [ 10.413125913312316, 78.591666666474268 ], [ 10.358431227640281, 78.60833333314126 ] ] ] } },
{ "type": "Feature", "properties": { "gml_id": "id9897bb7c-3157-47a0-a4e6-a3dda89a82a8", "lokalId": "77551337-c0fb-4e94-907a-64fd1e7a5220", "navnerom": "https://data.geonorge.no/sosi/kyst/sjokart_maritim_infrastruktur", "førsteDatafangstdato": null, "oppdateringsdato": "2022-01-20T00:00:00", "datauttaksdato": "2025-05-01T00:00:38", "målemetode": "ukjentMålemetode", "kabeltype": "kraftledning", "sjøstatus": null }, "geometry": { "type": "MultiLineString", "coordinates": [ [ [ 20.343411242545105, 72.485740848464644 ], [ 20.250460236095201, 72.483704812653684 ] ] ] } },
{ "type": "Feature", "properties": { "gml_id": "idc041755d-2617-4813-9933-f64ae38324f0", "lokalId": "6b34fe50-abb3-42fc-a497-072f45f746bc", "navnerom": "https://data.geonorge.no/sosi/kyst/sjokart_maritim_infrastruktur", "førsteDatafangstdato": null, "oppdateringsdato": "2022-01-20T00:00:00", "datauttaksdato": "2025-05-01T00:00:38", "målemetode": "ukjentMålemetode", "kabeltype": "kraftledning", "sjøstatus": null }, "geometry": { "type": "MultiLineString", "coordinates": [ [ [ 20.24986283499528, 72.483088029184913 ], [ 20.166333008306388, 72.465479168474431 ], [ 20.149200687322804, 72.45384428790743 ] ] ] } },
{ "type": "Feature", "properties": { "gml_id": "id49699112-1c30-4550-888e-8bc776e00b8f", "lokalId": "fc5588c3-59e8-4121-a0dc-07cd630edf2e", "navnerom": "https://data.geonorge.no/sosi/kyst/sjokart_maritim_infrastruktur", "førsteDatafangstdato": null, "oppdateringsdato": "2022-01-20T00:00:00", "datauttaksdato": "2025-05-01T00:00:38", "målemetode": "ukjentMålemetode", "kabeltype": "kraftledning", "sjøstatus": null }, "geometry": { "type": "MultiLineString", "coordinates": [ [ [ 20.209860814021688, 72.471286336716446 ], [ 20.214734331653677, 72.448865574687886 ] ] ] } },
{ "type": "Feature", "properties": { "gml_id": "id050dcaf5-805a-42ac-ad28-b65904ce42ec", "lokalId": "c3941c97-a469-4a47-8f76-cf47d3dd9593", "navnerom": "https://data.geonorge.no/sosi/kyst/sjokart_maritim_infrastruktur", "førsteDatafangstdato": null, "oppdateringsdato": "2022-01-20T00:00:00", "datauttaksdato": "2025-05-01T00:00:38", "målemetode": "ukjentMålemetode", "kabeltype": null, "sjøstatus": null }, "geometry": { "type": "MultiLineString", "coordinates": [ [ [ 20.18705296447628, 72.467180334106928 ], [ 20.209351382429404, 72.471281626573202 ] ] ] } },
{ "type": "Feature", "properties": { "gml_id": "id42661607-3ca1-4733-a8e2-b9738ed21dcd", "lokalId": "52353f19-6087-4e79-9962-186df153cd91", "navnerom": "https://data.geonorge.no/sosi/kyst/sjokart_maritim_infrastruktur", "førsteDatafangstdato": null, "oppdateringsdato": "2022-01-20T00:00:00", "datauttaksdato": "2025-05-01T00:00:38", "målemetode": "ukjentMålemetode", "kabeltype": null, "sjøstatus": null }, "geometry": { "type": "MultiLineString", "coordinates": [ [ [ 20.278037969852292, 72.468394125198643 ], [ 20.165947581792015, 72.466260698853773 ], [ 20.135773347933291, 72.456137002587923 ], [ 20.116419335132385, 72.443448059127107 ], [ 20.13177759167489, 72.403493703718354 ], [ 20.106295672050905, 72.374003606622949 ] ] ] } },
{ "type": "Feature", "properties": { "gml_id": "id8f960c94-c271-4f8d-b2ce-dfb5f2e2412e", "lokalId": "21c80239-ccac-4d9b-b812-85ae35f3b6eb", "navnerom": "https://data.geonorge.no/sosi/kyst/sjokart_maritim_infrastruktur", "førsteDatafangstdato": null, "oppdateringsdato": "2022-01-20T00:00:00", "datauttaksdato": "2025-05-01T00:00:38", "målemetode": "ukjentMålemetode", "kabeltype": null, "sjøstatus": null }, "geometry": { "type": "MultiLineString", "coordinates": [ [ [ 20.111778347742103, 72.386449709966044 ], [ 20.127900564519479, 72.390378266843541 ] ] ] } },
{ "type": "Feature", "properties": { "gml_id": "id62bc389f-a3ee-48e8-82b5-337027237cd7", "lokalId": "08843f88-f463-4d70-8b95-1b18cbe08c9f", "navnerom": "https://data.geonorge.no/sosi/kyst/sjokart_maritim_infrastruktur", "førsteDatafangstdato": null, "oppdateringsdato": "2022-01-20T00:00:00", "datauttaksdato": "2025-05-01T00:00:38", "målemetode": "ukjentMålemetode", "kabeltype": "kraftledning", "sjøstatus": null }, "geometry": { "type": "MultiLineString", "coordinates": [ [ [ 20.135486157775588, 72.441930262754838 ], [ 20.148857464065788, 72.453781821114006 ] ] ] } },
{ "type": "Feature", "properties": { "gml_id": "id8ec9d756-0e28-4f5b-805a-d4f442d1c51b", "lokalId": "4d52d6b4-8f1e-4605-a2ce-5406c5052412", "navnerom": "https://data.geonorge.no/sosi/kyst/sjokart_maritim_infrastruktur", "førsteDatafangstdato": null, "oppdateringsdato": "2022-01-20T00:00:00", "datauttaksdato": "2025-05-01T00:00:38", "målemetode": "ukjentMålemetode", "kabeltype": null, "sjøstatus": null }, "geometry": { "type": "MultiLineString", "coordinates": [ [ [ 20.152171578932389, 72.459430951318822 ], [ 20.157198010504487, 72.463242301288219 ], [ 20.143060510859186, 72.465107029766983 ] ] ] } },
{ "type": "Feature", "properties": { "gml_id": "id63b9c97f-cc6d-4f09-905b-7ad03c15dc92", "lokalId": "047de646-d3ef-4355-ba99-f711fe0bbc51", "navnerom": "https://data.geonorge.no/sosi/kyst/sjokart_maritim_infrastruktur", "førsteDatafangstdato": null, "oppdateringsdato": "2022-01-20T00:00:00", "datauttaksdato": "2025-05-01T00:00:38", "målemetode": "ukjentMålemetode", "kabeltype": null, "sjøstatus": null }, "geometry": { "type": "MultiLineString", "coordinates": [ [ [ 20.536074015903079, 72.443030110121128 ], [ 20.548307029053511, 72.425769829824304 ] ] ] } },
{ "type": "Feature", "properties": { "gml_id": "id114ba13c-5106-4d65-8e3b-4e515eb57c58", "lokalId": "eea7b29c-3407-46b2-952c-a1b1dbccb02f", "navnerom": "https://data.geonorge.no/sosi/kyst/sjokart_maritim_infrastruktur", "førsteDatafangstdato": null, "oppdateringsdato": "2022-01-20T00:00:00", "datauttaksdato": "2025-05-01T00:00:38", "målemetode": "ukjentMålemetode", "kabeltype": null, "sjøstatus": null }, "geometry": { "type": "MultiLineString", "coordinates": [ [ [ 20.548307029053511, 72.425769829824304 ], [ 20.43025103485089, 72.447681594204667 ], [ 20.237813390999904, 72.466128384874651 ] ] ] } },
{ "type": "Feature", "properties": { "gml_id": "idda4496a3-0c9e-47b5-bfff-017237b91f0b", "lokalId": "da8e231e-5c30-460c-a98f-85e4606a7759", "navnerom": "https://data.geonorge.no/sosi/kyst/sjokart_maritim_infrastruktur", "førsteDatafangstdato": null, "oppdateringsdato": "2022-01-20T00:00:00", "datauttaksdato": "2025-05-01T00:00:38", "målemetode": "ukjentMålemetode", "kabeltype": "kraftledning", "sjøstatus": null }, "geometry": { "type": "MultiLineString", "coordinates": [ [ [ 20.135139443132896, 72.441868309785619 ], [ 20.127104462003302, 72.431350008101177 ], [ 20.13383539372699, 72.408546783554016 ], [ 20.127618432793994, 72.390587461596198 ] ] ] } },
{ "type": "Feature", "properties": { "gml_id": "idcc1e5e95-6bc8-4677-9747-601391fd1bb9", "lokalId": "ffa3966f-1019-4cd2-b0fe-ac8bc9580ff9", "navnerom": "https://data.geonorge.no/sosi/kyst/sjokart_maritim_infrastruktur", "førsteDatafangstdato": null, "oppdateringsdato": "2022-01-20T00:00:00", "datauttaksdato": "2025-05-01T00:00:38", "målemetode": "ukjentMålemetode", "kabeltype": null, "sjøstatus": null }, "geometry": { "type": "MultiLineString", "coordinates": [ [ [ 20.120580897741206, 72.435745946029058 ], [ 20.134676842589403, 72.441870127983435 ] ] ] } },
{ "type": "Feature", "properties": { "gml_id": "id1f68b4a3-1215-4c89-924e-295414343b77", "lokalId": "4984bbec-c253-4882-aa19-6bc540581c92", "navnerom": "https://data.geonorge.no/sosi/kyst/sjokart_maritim_infrastruktur", "førsteDatafangstdato": null, "oppdateringsdato": "2022-01-20T00:00:00", "datauttaksdato": "2025-05-01T00:00:38", "målemetode": "ukjentMålemetode", "kabeltype": null, "sjøstatus": null }, "geometry": { "type": "MultiLineString", "coordinates": [ [ [ 23.540705062440104, 70.830109297555964 ], [ 23.544919041295294, 70.83299236642037 ], [ 23.52508009373328, 70.837284503329855 ], [ 23.485095223845693, 70.877111915696887 ], [ 23.487849197221788, 70.895791528131411 ], [ 23.530817135691411, 70.924690163940511 ], [ 23.587513473745481, 70.940902754180001 ], [ 23.61989486723861, 70.964285913613949 ], [ 23.700761150415996, 71.001704829190061 ], [ 23.778143257834078, 71.055438754177786 ], [ 23.7873678781739, 71.06851678141814 ], [ 23.755435506157081, 71.095980729025968 ], [ 23.754980986644181, 71.117500448145634 ], [ 23.533888478267901, 71.184897741121432 ], [ 23.489498479490504, 71.209148759388569 ], [ 23.423084350799005, 71.230623526143106 ], [ 23.029184472409689, 71.407828146260272 ], [ 22.739060461787702, 71.548589412619577 ], [ 22.654672826002699, 71.576705221320935 ], [ 22.559368898346975, 71.632409250932128 ], [ 22.405534290329172, 71.690787238657848 ], [ 22.386006676568403, 71.710445112599871 ], [ 22.263498838197393, 71.763158247423689 ], [ 22.145529730569812, 71.800559809651347 ], [ 21.957779730561633, 71.886554304062756 ], [ 21.793777430289893, 71.949706481409521 ], [ 21.771519403125794, 71.965298992727497 ], [ 21.654387837882705, 72.007797935662737 ], [ 21.472822479232793, 72.09763534326369 ], [ 21.172449622065514, 72.209890064039044 ], [ 21.038237208117181, 72.276420754200416 ], [ 20.86892608095949, 72.334935605077334 ], [ 20.548307029053511, 72.425769829824304 ] ] ] } },
{ "type": "Feature", "properties": { "gml_id": "id225bb8e6-96dc-4437-8ae7-60fe785a3854", "lokalId": "48c1d98a-b709-4790-bd64-37d3fdfc717f", "navnerom": "https://data.geonorge.no/sosi/kyst/sjokart_maritim_infrastruktur", "førsteDatafangstdato": null, "oppdateringsdato": "2022-01-20T00:00:00", "datauttaksdato": "2025-05-01T00:00:39", "målemetode": "ukjentMålemetode", "kabeltype": null, "sjøstatus": null }, "geometry": { "type": "MultiLineString", "coordinates": [ [ [ 20.372727541960778, 72.493063439480068 ], [ 20.3610150403955, 72.488125894381298 ], [ 20.380780049701087, 72.486302542564729 ] ] ] } },
{ "type": "Feature", "properties": { "gml_id": "id093d7b8b-0fcf-4fdc-9843-ff8a4ffd3efe", "lokalId": "e9a88c11-f636-4f30-a899-d48b868de9e3", "navnerom": "https://data.geonorge.no/sosi/kyst/sjokart_maritim_infrastruktur", "førsteDatafangstdato": null, "oppdateringsdato": "2022-01-20T00:00:00", "datauttaksdato": "2025-05-01T00:00:39", "målemetode": "ukjentMålemetode", "kabeltype": null, "sjøstatus": null }, "geometry": { "type": "MultiLineString", "coordinates": [ [ [ 20.383823774413592, 72.583214465853459 ], [ 20.450960874699984, 72.543259341642923 ], [ 20.41487906611319, 72.530772151060845 ], [ 20.370398194374097, 72.490185980299955 ], [ 20.292979597216192, 72.479826137368306 ] ] ] } },
{ "type": "Feature", "properties": { "gml_id": "idc5b318df-2b35-4d36-8b70-a52b1e6c5879", "lokalId": "78fcba5a-3bdd-4e6c-9f34-cb276a9b5a39", "navnerom": "https://data.geonorge.no/sosi/kyst/sjokart_maritim_infrastruktur", "førsteDatafangstdato": null, "oppdateringsdato": "2022-01-20T00:00:00", "datauttaksdato": "2025-05-01T00:00:39", "målemetode": "ukjentMålemetode", "kabeltype": null, "sjøstatus": null }, "geometry": { "type": "MultiLineString", "coordinates": [ [ [ 20.385921866863104, 72.506909963629781 ], [ 20.31123123031071, 72.499126049862795 ] ] ] } },
{ "type": "Feature", "properties": { "gml_id": "id1f453687-1717-478f-8242-f592c068137a", "lokalId": "ff96d4da-b527-4fa7-a389-c11cdd8864ad", "navnerom": "https://data.geonorge.no/sosi/kyst/sjokart_maritim_infrastruktur", "førsteDatafangstdato": null, "oppdateringsdato": "2022-01-20T00:00:00", "datauttaksdato": "2025-05-01T00:00:39", "målemetode": "ukjentMålemetode", "kabeltype": null, "sjøstatus": null }, "geometry": { "type": "MultiLineString", "coordinates": [ [ [ 20.402712255620674, 72.57139930492275 ], [ 20.409549603206784, 72.564898083960529 ], [ 20.400096179029088, 72.55143836591111 ], [ 20.357038155782824, 72.540988922525841 ] ] ] } },
{ "type": "Feature", "properties": { "gml_id": "id9bbfbf87-100a-4a9f-8e23-9144a261df80", "lokalId": "60159eb5-8693-4845-8ffb-54e3ff6a022d", "navnerom": "https://data.geonorge.no/sosi/kyst/sjokart_maritim_infrastruktur", "førsteDatafangstdato": null, "oppdateringsdato": "2022-01-20T00:00:00", "datauttaksdato": "2025-05-01T00:00:39", "målemetode": "ukjentMålemetode", "kabeltype": "kraftledning", "sjøstatus": null }, "geometry": { "type": "MultiLineString", "coordinates": [ [ [ 20.356952619519486, 72.540705538242761 ], [ 20.345190241068781, 72.524065046080977 ] ] ] } },
{ "type": "Feature", "properties": { "gml_id": "ide46ddc50-def1-4c98-88ad-0afc3107129f", "lokalId": "f7670564-4fbe-4034-b344-594c18707311", "navnerom": "https://data.geonorge.no/sosi/kyst/sjokart_maritim_infrastruktur", "førsteDatafangstdato": null, "oppdateringsdato": "2022-01-20T00:00:00", "datauttaksdato": "2025-05-01T00:00:39", "målemetode": "ukjentMålemetode", "kabeltype": null, "sjøstatus": null }, "geometry": { "type": "MultiLineString", "coordinates": [ [ [ 20.436545996289279, 72.552891439704482 ], [ 20.450527876261397, 72.543354977269104 ], [ 20.418354898815487, 72.534497077224927 ] ] ] } },
{ "type": "Feature", "properties": { "gml_id": "idf8e4ca40-df1e-4db0-9cd7-10f4cea3520f", "lokalId": "e87c9582-4569-4c5b-a8b6-93a9f11f4a26", "navnerom": "https://data.geonorge.no/sosi/kyst/sjokart_maritim_infrastruktur", "førsteDatafangstdato": null, "oppdateringsdato": "2022-01-20T00:00:00", "datauttaksdato": "2025-05-01T00:00:39", "målemetode": "ukjentMålemetode", "kabeltype": "kraftledning", "sjøstatus": null }, "geometry": { "type": "MultiLineString", "coordinates": [ [ [ 20.366916923843501, 72.492598006369931 ], [ 20.34376147107378, 72.485802500492838 ] ] ] } },
{ "type": "Feature", "properties": { "gml_id": "ida8a88f77-01d4-4fd4-b066-ad07b8b3474f", "lokalId": "5410a804-bbca-4ed8-b15b-eaa6c96f313e", "navnerom": "https://data.geonorge.no/sosi/kyst/sjokart_maritim_infrastruktur", "førsteDatafangstdato": null, "oppdateringsdato": "2022-01-20T00:00:00", "datauttaksdato": "2025-05-01T00:00:39", "målemetode": "ukjentMålemetode", "kabeltype": "kraftledning", "sjøstatus": null }, "geometry": { "type": "MultiLineString", "coordinates": [ [ [ 20.417577981356992, 72.534193301789131 ], [ 20.367246199542205, 72.49265857450834 ] ] ] } },
{ "type": "Feature", "properties": { "gml_id": "ida17b233b-c40f-4290-8c78-aef48f97c27b", "lokalId": "0c77e54a-2910-40e8-a8fe-9d4a8573c8bc", "navnerom": "https://data.geonorge.no/sosi/kyst/sjokart_maritim_infrastruktur", "førsteDatafangstdato": null, "oppdateringsdato": "2022-01-20T00:00:00", "datauttaksdato": "2025-05-01T00:00:39", "målemetode": "ukjentMålemetode", "kabeltype": null, "sjøstatus": null }, "geometry": { "type": "MultiLineString", "coordinates": [ [ [ 20.402651612661078, 72.520861882656177 ], [ 20.383104237983797, 72.513484240326193 ], [ 20.345820581071703, 72.524075625585937 ] ] ] } },
{ "type": "Feature", "properties": { "gml_id": "id2c4c01fc-4dd3-4705-8ccb-3e4307185d4b", "lokalId": "7a3dddc1-693c-4fc0-89d1-85860439e85b", "navnerom": "https://data.geonorge.no/sosi/kyst/sjokart_maritim_infrastruktur", "førsteDatafangstdato": null, "oppdateringsdato": "2022-01-20T00:00:00", "datauttaksdato": "2025-05-01T00:00:39", "målemetode": "ukjentMålemetode", "kabeltype": "kraftledning", "sjøstatus": null }, "geometry": { "type": "MultiLineString", "coordinates": [ [ [ 20.344846436431681, 72.524004796387089 ], [ 20.310722137843396, 72.499123486388669 ] ] ] } },
{ "type": "Feature", "properties": { "gml_id": "idf25fdbd5-a789-431d-9535-8336372f8fec", "lokalId": "b4415bd6-0b71-4c87-a3a6-e4da21ee01b0", "navnerom": "https://data.geonorge.no/sosi/kyst/sjokart_maritim_infrastruktur", "førsteDatafangstdato": null, "oppdateringsdato": "2022-01-20T00:00:00", "datauttaksdato": "2025-05-01T00:00:39", "målemetode": "ukjentMålemetode", "kabeltype": "kraftledning", "sjøstatus": null }, "geometry": { "type": "MultiLineString", "coordinates": [ [ [ 20.310368872575097, 72.499062045637501 ], [ 20.3437376181529, 72.485813790645594 ] ] ] } },
{ "type": "Feature", "properties": { "gml_id": "idca87e767-2c86-4ee1-ad71-e7e7734bc621", "lokalId": "9bdd05e2-5733-405e-9437-b2d21ebe96a5", "navnerom": "https://data.geonorge.no/sosi/kyst/sjokart_maritim_infrastruktur", "førsteDatafangstdato": null, "oppdateringsdato": "2022-01-20T00:00:00", "datauttaksdato": "2025-05-01T00:00:39", "målemetode": "ukjentMålemetode", "kabeltype": "kraftledning", "sjøstatus": null }, "geometry": { "type": "MultiLineString", "coordinates": [ [ [ 20.250000812609898, 72.4830171426932 ], [ 20.210277875757779, 72.471313263448437 ] ] ] } },
{ "type": "Feature", "properties": { "gml_id": "id2ce35138-0818-49e6-a7b3-5e687320275e", "lokalId": "cd272011-ede5-4fac-83fa-21711ba52042", "navnerom": "https://data.geonorge.no/sosi/kyst/sjokart_maritim_infrastruktur", "førsteDatafangstdato": null, "oppdateringsdato": "2021-03-12T00:00:00", "datauttaksdato": "2025-05-01T00:00:40", "målemetode": "ukjentMålemetode", "kabeltype": null, "sjøstatus": null }, "geometry": { "type": "MultiLineString", "coordinates": [ [ [ 10.2004203062599, 78.591666666474282 ], [ 10.111369657710911, 78.653149150156466 ], [ 10.083462645554185, 78.696299101907044 ], [ 9.983755000126395, 78.782001005517401 ], [ 9.979367778123279, 78.796082793948244 ], [ 9.883501627083589, 78.87186706579871 ], [ 9.882399471312047, 78.882449129199131 ], [ 9.927470151988389, 78.932882917812108 ], [ 9.993599498279838, 78.954582813776994 ], [ 10.140154114268215, 78.975000347934085 ], [ 10.821671600563199, 79.020566061708735 ], [ 11.227168619610898, 79.0165005743725 ], [ 11.37487889407808, 79.010334262456382 ], [ 11.582854618110607, 78.988566782059294 ], [ 11.812563141870907, 78.987632471243899 ], [ 11.864995795079386, 78.980083557344585 ], [ 11.937213749467904, 78.952232587947307 ], [ 11.924116286707216, 78.944983973569663 ], [ 11.869485337865665, 78.942477656326787 ] ] ] } },
{ "type": "Feature", "properties": { "gml_id": "idb84010d5-a2a4-430c-83ad-b55e88d779de", "lokalId": "c35b3162-458f-4a57-941d-22190acdec6d", "navnerom": "https://data.geonorge.no/sosi/kyst/sjokart_maritim_infrastruktur", "førsteDatafangstdato": null, "oppdateringsdato": "2021-03-12T00:00:00", "datauttaksdato": "2025-05-01T00:00:40", "målemetode": "ukjentMålemetode", "kabeltype": null, "sjøstatus": null }, "geometry": { "type": "MultiLineString", "coordinates": [ [ [ 10.358431227640281, 78.60833333314126 ], [ 10.302245916472522, 78.639600498675776 ], [ 10.259754066290807, 78.685983028525683 ], [ 10.060895203591622, 78.853882649676322 ], [ 10.064554788774791, 78.904417688589575 ], [ 10.02615054543489, 78.93086720061568 ], [ 10.028033840733881, 78.941617608208531 ], [ 10.147334177595312, 78.962300628463751 ], [ 10.619730981920384, 78.999500774472168 ], [ 10.929554459674891, 79.010366908241508 ], [ 11.099404154445816, 78.994716558001315 ], [ 11.384916001978, 78.997599182227063 ], [ 11.483061368351006, 78.983716509418429 ], [ 11.866986095792976, 78.961349770061744 ], [ 11.913148231699301, 78.951483939328071 ], [ 11.870554422715873, 78.943365260215174 ] ] ] } },
{ "type": "Feature", "properties": { "gml_id": "ide66cf873-e833-4080-a294-6e71e57318f1", "lokalId": "e16f976c-d218-40db-b78c-f1bdc3907907", "navnerom": "https://data.geonorge.no/sosi/kyst/sjokart_maritim_infrastruktur", "førsteDatafangstdato": null, "oppdateringsdato": "2015-11-23T00:00:00", "datauttaksdato": "2025-05-01T00:00:32", "målemetode": "ukjentMålemetode", "kabeltype": null, "sjøstatus": null }, "geometry": { "type": "MultiLineString", "coordinates": [ [ [ 7.710467025244914, 64.360708103287919 ], [ 7.715944114349815, 64.346066036725318 ] ] ] } },
{ "type": "Feature", "properties": { "gml_id": "id97d9bb71-0082-4ba8-8a80-33278d9374b8", "lokalId": "ce3344ff-fa21-4379-8054-afc64ee5b057", "navnerom": "https://data.geonorge.no/sosi/kyst/sjokart_maritim_infrastruktur", "førsteDatafangstdato": "2001-10-29T00:00:00", "oppdateringsdato": "2001-10-29T00:00:00", "datauttaksdato": "2025-05-01T00:00:20", "målemetode": "ukjentMålemetode", "kabeltype": null, "sjøstatus": null }, "geometry": { "type": "MultiLineString", "coordinates": [ [ [ 8.306151373592529, 63.444225697437297 ], [ 8.286436111111115, 63.429777777267596 ], [ 8.280119444444439, 63.415252777266922 ], [ 8.25, 63.406290277266621 ] ] ] } },
{ "type": "Feature", "properties": { "gml_id": "iddbd3857c-23ee-4c7a-b1bc-c107834aa6f3", "lokalId": "1e4e331f-d566-4907-8748-fd33d7917cf6", "navnerom": "https://data.geonorge.no/sosi/kyst/sjokart_maritim_infrastruktur", "førsteDatafangstdato": "2003-11-06T00:00:00", "oppdateringsdato": "2003-11-06T00:00:00", "datauttaksdato": "2025-05-01T00:00:20", "målemetode": "ukjentMålemetode", "kabeltype": "telefonledning", "sjøstatus": null }, "geometry": { "type": "MultiLineString", "coordinates": [ [ [ 16.327888888888893, 68.999999999644075 ], [ 16.346393611111097, 68.991032499643893 ], [ 16.413074444444391, 68.987066388532725 ], [ 16.449851281848503, 68.97203643472028 ] ] ] } },
{ "type": "Feature", "properties": { "gml_id": "id0b26b045-d497-4977-8326-f1ae6f53c4d1", "lokalId": "da5d0061-eafb-47a6-b7e9-71b337813bda", "navnerom": "https://data.geonorge.no/sosi/kyst/sjokart_maritim_infrastruktur", "førsteDatafangstdato": "2001-08-01T00:00:00", "oppdateringsdato": "2001-08-01T00:00:00", "datauttaksdato": "2025-05-01T00:00:21", "målemetode": "ukjentMålemetode", "kabeltype": "kraftledning", "sjøstatus": null }, "geometry": { "type": "MultiLineString", "coordinates": [ [ [ 4.90775478021609, 59.300402468540604 ], [ 4.912571111111107, 59.293088610366695 ], [ 5.0, 59.290328332588757 ] ] ] } },
{ "type": "Feature", "properties": { "gml_id": "idb9d912f3-9970-4989-82ff-510c8222b96a", "lokalId": "8754f219-814d-4edb-999f-d65f692cbf2c", "navnerom": "https://data.geonorge.no/sosi/kyst/sjokart_maritim_infrastruktur", "førsteDatafangstdato": "2001-10-30T00:00:00", "oppdateringsdato": "2001-10-30T00:00:00", "datauttaksdato": "2025-05-01T00:00:21", "målemetode": "ukjentMålemetode", "kabeltype": "kraftledning", "sjøstatus": null }, "geometry": { "type": "MultiLineString", "coordinates": [ [ [ 5.178856666666671, 59.38026499926233 ], [ 5.178742593577024, 59.380508122663862 ] ] ] } },
{ "type": "Feature", "properties": { "gml_id": "id550f9b25-7bef-422e-9fad-2ab9b2255b12", "lokalId": "f1bd2463-3033-4b17-a909-e35da20bd60e", "navnerom": "https://data.geonorge.no/sosi/kyst/sjokart_maritim_infrastruktur", "førsteDatafangstdato": "2001-11-23T00:00:00", "oppdateringsdato": "2001-11-23T00:00:00", "datauttaksdato": "2025-05-01T00:00:21", "målemetode": "ukjentMålemetode", "kabeltype": null, "sjøstatus": null }, "geometry": { "type": "MultiLineString", "coordinates": [ [ [ 5.5, 59.043738888124999 ], [ 5.441183333333329, 59.051324999236684 ], [ 5.447263888888892, 59.061055554792958 ], [ 5.441998499282453, 59.066643616438746 ] ] ] } },
{ "type": "Feature", "properties": { "gml_id": "id8c2b0bea-8188-43e3-b2ca-b51a1a28c02a", "lokalId": "f1d1d114-c61d-41d1-80dc-173b3c5ee025", "navnerom": "https://data.geonorge.no/sosi/kyst/sjokart_maritim_infrastruktur", "førsteDatafangstdato": "2001-11-23T00:00:00", "oppdateringsdato": "2001-11-23T00:00:00", "datauttaksdato": "2025-05-01T00:00:21", "målemetode": "ukjentMålemetode", "kabeltype": null, "sjøstatus": null }, "geometry": { "type": "MultiLineString", "coordinates": [ [ [ 5.5, 59.042868054791555 ], [ 5.453158333333335, 59.047511110347472 ], [ 5.418522644158093, 59.060321930781782 ] ] ] } },
{ "type": "Feature", "properties": { "gml_id": "ida0616f80-9319-4f4d-a347-3e6236dc2f78", "lokalId": "ea09acb9-da57-4e77-91c9-7375723c622d", "navnerom": "https://data.geonorge.no/sosi/kyst/sjokart_maritim_infrastruktur", "førsteDatafangstdato": "2001-02-22T00:00:00", "oppdateringsdato": "2001-02-22T00:00:00", "datauttaksdato": "2025-05-01T00:00:21", "målemetode": "ukjentMålemetode", "kabeltype": null, "sjøstatus": null }, "geometry": { "type": "MultiLineString", "coordinates": [ [ [ 5.418598333333327, 59.060436943681765 ], [ 5.4247732216205, 59.061564623174668 ] ] ] } },
{ "type": "Feature", "properties": { "gml_id": "idb2d08aaf-4a4d-4946-acf8-43a9478e883e", "lokalId": "7abb93f8-bc20-43da-a77c-57da7e068d97", "navnerom": "https://data.geonorge.no/sosi/kyst/sjokart_maritim_infrastruktur", "førsteDatafangstdato": "2000-06-06T00:00:00", "oppdateringsdato": "2000-06-06T00:00:00", "datauttaksdato": "2025-05-01T00:00:22", "målemetode": "ukjentMålemetode", "kabeltype": null, "sjøstatus": null }, "geometry": { "type": "MultiLineString", "coordinates": [ [ [ 5.511880555555565, 59.04403333256937 ], [ 5.553159444444437, 59.035603332568677 ] ] ] } },
{ "type": "Feature", "properties": { "gml_id": "id71ec336b-75c8-4871-afc9-ae01f8a75ff5", "lokalId": "cf7e0b32-d8c6-47c9-9bed-3c1586042ed4", "navnerom": "https://data.geonorge.no/sosi/kyst/sjokart_maritim_infrastruktur", "førsteDatafangstdato": "2000-06-06T00:00:00", "oppdateringsdato": "2000-06-06T00:00:00", "datauttaksdato": "2025-05-01T00:00:22", "målemetode": "ukjentMålemetode", "kabeltype": null, "sjøstatus": null }, "geometry": { "type": "MultiLineString", "coordinates": [ [ [ 5.511891666666668, 59.042766665902732 ], [ 5.5, 59.043738888124999 ] ] ] } },
{ "type": "Feature", "properties": { "gml_id": "id37da5101-9f40-4c93-8b06-9c82ea6628b6", "lokalId": "1fa8f0b1-4c4f-497e-b5fc-cc4e09c9af2b", "navnerom": "https://data.geonorge.no/sosi/kyst/sjokart_maritim_infrastruktur", "førsteDatafangstdato": "2000-06-06T00:00:00", "oppdateringsdato": "2000-06-06T00:00:00", "datauttaksdato": "2025-05-01T00:00:22", "målemetode": "ukjentMålemetode", "kabeltype": null, "sjøstatus": null }, "geometry": { "type": "MultiLineString", "coordinates": [ [ [ 5.5, 59.044196110347215 ], [ 5.51186388888889, 59.04344999923601 ] ] ] } },
{ "type": "Feature", "properties": { "gml_id": "id1e5a3e38-f3eb-4d4f-9aed-4b53967f2670", "lokalId": "01d48b88-af37-4b62-8d07-d19ac6b5c795", "navnerom": "https://data.geonorge.no/sosi/kyst/sjokart_maritim_infrastruktur", "førsteDatafangstdato": "2000-06-06T00:00:00", "oppdateringsdato": "2000-06-06T00:00:00", "datauttaksdato": "2025-05-01T00:00:22", "målemetode": "ukjentMålemetode", "kabeltype": null, "sjøstatus": null }, "geometry": { "type": "MultiLineString", "coordinates": [ [ [ 5.5, 59.044844999236119 ], [ 5.511880555555565, 59.04403333256937 ] ] ] } },
{ "type": "Feature", "properties": { "gml_id": "id462028dd-7fce-4aab-aa62-0c6c83329b7a", "lokalId": "38135ba8-2239-4433-9aa6-c5b73dbe58e3", "navnerom": "https://data.geonorge.no/sosi/kyst/sjokart_maritim_infrastruktur", "førsteDatafangstdato": "2001-04-03T00:00:00", "oppdateringsdato": "2001-04-03T00:00:00", "datauttaksdato": "2025-05-01T00:00:22", "målemetode": "ukjentMålemetode", "kabeltype": null, "sjøstatus": null }, "geometry": { "type": "MultiLineString", "coordinates": [ [ [ 5.442004007856438, 59.066668482639436 ], [ 5.5, 59.044196110347215 ] ] ] } },
{ "type": "Feature", "properties": { "gml_id": "idaa02316f-a886-493b-af22-10946d18954c", "lokalId": "5af19f5b-c789-4ffb-94d4-23dcfe2a66d8", "navnerom": "https://data.geonorge.no/sosi/kyst/sjokart_maritim_infrastruktur", "førsteDatafangstdato": "2001-04-06T00:00:00", "oppdateringsdato": "2001-04-06T00:00:00", "datauttaksdato": "2025-05-01T00:00:22", "målemetode": "ukjentMålemetode", "kabeltype": null, "sjøstatus": null }, "geometry": { "type": "MultiLineString", "coordinates": [ [ [ 5.442019833995009, 59.066739923258872 ], [ 5.5, 59.044845277013977 ] ] ] } },
{ "type": "Feature", "properties": { "gml_id": "ide60f838b-fad2-4e55-bd79-6904214b2291", "lokalId": "913919e1-96e2-4cc7-8130-170d55bc414f", "navnerom": "https://data.geonorge.no/sosi/kyst/sjokart_maritim_infrastruktur", "førsteDatafangstdato": "2001-08-08T00:00:00", "oppdateringsdato": "2001-08-08T00:00:00", "datauttaksdato": "2025-05-01T00:00:22", "målemetode": "ukjentMålemetode", "kabeltype": null, "sjøstatus": null }, "geometry": { "type": "MultiLineString", "coordinates": [ [ [ 5.5, 59.042868054791555 ], [ 5.511888888888887, 59.042088888124759 ] ] ] } },
{ "type": "Feature", "properties": { "gml_id": "ide114ec04-fa2e-4af0-aaeb-60399aa878fc", "lokalId": "c84f2839-2714-4a64-bbb7-df7100e5edf1", "navnerom": "https://data.geonorge.no/sosi/kyst/sjokart_maritim_infrastruktur", "førsteDatafangstdato": "1999-09-08T00:00:00", "oppdateringsdato": "1999-09-08T00:00:00", "datauttaksdato": "2025-05-01T00:00:22", "målemetode": "ukjentMålemetode", "kabeltype": null, "sjøstatus": null }, "geometry": { "type": "MultiLineString", "coordinates": [ [ [ 8.25, 63.406290277266621 ], [ 8.205342056901687, 63.394432399160699 ] ] ] } },
{ "type": "Feature", "properties": { "gml_id": "idfa2084ad-824a-4c1a-bf8e-ded4d7c0a882", "lokalId": "cc638a75-4dd3-4865-8096-5598e2efe9e7", "navnerom": "https://data.geonorge.no/sosi/kyst/sjokart_maritim_infrastruktur", "førsteDatafangstdato": "2001-09-04T00:00:00", "oppdateringsdato": "2001-09-04T00:00:00", "datauttaksdato": "2025-05-01T00:00:22", "målemetode": "ukjentMålemetode", "kabeltype": null, "sjøstatus": null }, "geometry": { "type": "MultiLineString", "coordinates": [ [ [ 5.142355914437189, 59.585470263831894 ], [ 5.141511388888901, 59.583583610388601 ] ] ] } },
{ "type": "Feature", "properties": { "gml_id": "idbe9e79fa-e5ec-43b4-8861-c8cbc162a276", "lokalId": "0eb0191e-da9c-460f-bb14-20ee31595f47", "navnerom": "https://data.geonorge.no/sosi/kyst/sjokart_maritim_infrastruktur", "førsteDatafangstdato": "2001-10-30T00:00:00", "oppdateringsdato": "2001-10-30T00:00:00", "datauttaksdato": "2025-05-01T00:00:22", "målemetode": "ukjentMålemetode", "kabeltype": "kraftledning", "sjøstatus": null }, "geometry": { "type": "MultiLineString", "coordinates": [ [ [ 5.178856666666671, 59.38026499926233 ], [ 5.182369822837168, 59.376862143135973 ] ] ] } },
{ "type": "Feature", "properties": { "gml_id": "id44d3ade0-8e22-471d-b41c-b3fca791c398", "lokalId": "fd1fc8c6-b4b4-4e97-ab59-e7bde669e2b4", "navnerom": "https://data.geonorge.no/sosi/kyst/sjokart_maritim_infrastruktur", "førsteDatafangstdato": null, "oppdateringsdato": "2004-05-08T00:00:00", "datauttaksdato": "2025-05-01T00:00:22", "målemetode": "ukjentMålemetode", "kabeltype": null, "sjøstatus": null }, "geometry": { "type": "MultiLineString", "coordinates": [ [ [ 23.803196318544767, 70.72076572181291 ], [ 23.805937625865393, 70.719932963203036 ] ] ] } },
{ "type": "Feature", "properties": { "gml_id": "id8b2b3b31-9ec3-42ed-b416-77a2b9b89e46", "lokalId": "93a22c1c-4c11-4194-b3e9-55456b885e12", "navnerom": "https://data.geonorge.no/sosi/kyst/sjokart_maritim_infrastruktur", "førsteDatafangstdato": "2002-07-04T00:00:00", "oppdateringsdato": "2002-07-04T00:00:00", "datauttaksdato": "2025-05-01T00:00:22", "målemetode": "ukjentMålemetode", "kabeltype": null, "sjøstatus": null }, "geometry": { "type": "MultiLineString", "coordinates": [ [ [ 6.823328611111111, 62.888928055022802 ], [ 6.819411930697048, 62.873598939072316 ] ] ] } },
{ "type": "Feature", "properties": { "gml_id": "idebd31981-7369-4187-a581-870f5caab6fc", "lokalId": "7f7fbff6-556a-42dd-a374-e0373ef74481", "navnerom": "https://data.geonorge.no/sosi/kyst/sjokart_maritim_infrastruktur", "førsteDatafangstdato": "2002-07-04T00:00:00", "oppdateringsdato": "2002-07-04T00:00:00", "datauttaksdato": "2025-05-01T00:00:22", "målemetode": "ukjentMålemetode", "kabeltype": "kraftledning", "sjøstatus": null }, "geometry": { "type": "MultiLineString", "coordinates": [ [ [ 6.823665, 62.889059443911556 ], [ 6.818843784762609, 62.873674297166851 ] ] ] } },
{ "type": "Feature", "properties": { "gml_id": "id08b344f3-51f3-4c09-9d66-6e8fcefc7c30", "lokalId": "a7aec74f-d832-4b3d-95cf-8ee7439a4031", "navnerom": "https://data.geonorge.no/sosi/kyst/sjokart_maritim_infrastruktur", "førsteDatafangstdato": null, "oppdateringsdato": "2004-05-08T00:00:00", "datauttaksdato": "2025-05-01T00:00:22", "målemetode": "ukjentMålemetode", "kabeltype": null, "sjøstatus": null }, "geometry": { "type": "MultiLineString", "coordinates": [ [ [ 23.802058879219192, 70.719487796212576 ], [ 23.822411753107545, 70.72133608725126 ] ] ] } },
{ "type": "Feature", "properties": { "gml_id": "id739431df-43dd-4682-8898-96f18a233ae9", "lokalId": "405f49c6-9ecf-4eb7-a8b1-57588703a251", "navnerom": "https://data.geonorge.no/sosi/kyst/sjokart_maritim_infrastruktur", "førsteDatafangstdato": "2001-08-01T00:00:00", "oppdateringsdato": "2001-08-01T00:00:00", "datauttaksdato": "2025-05-01T00:00:22", "målemetode": "ukjentMålemetode", "kabeltype": null, "sjøstatus": null }, "geometry": { "type": "MultiLineString", "coordinates": [ [ [ 5.079842242988397, 59.445846951299963 ], [ 5.071491570053772, 59.451125529676638 ] ] ] } },
{ "type": "Feature", "properties": { "gml_id": "idd86d4940-0469-4d90-9ea6-8815895ccf56", "lokalId": "0b94c0e0-d11e-429a-bfdd-e801e3ed4fe6", "navnerom": "https://data.geonorge.no/sosi/kyst/sjokart_maritim_infrastruktur", "førsteDatafangstdato": "2003-09-26T00:00:00", "oppdateringsdato": "2003-09-26T00:00:00", "datauttaksdato": "2025-05-01T00:00:22", "målemetode": "ukjentMålemetode", "kabeltype": null, "sjøstatus": null }, "geometry": { "type": "MultiLineString", "coordinates": [ [ [ 12.133228210068514, 65.643262397959262 ], [ 12.15824, 65.636554999564581 ] ] ] } },
{ "type": "Feature", "properties": { "gml_id": "idee2798ee-b70f-4aff-9bda-8fdc0d118510", "lokalId": "fb4bc710-32e0-4ddc-8910-21cf3f5c732c", "navnerom": "https://data.geonorge.no/sosi/kyst/sjokart_maritim_infrastruktur", "førsteDatafangstdato": "2001-08-06T00:00:00", "oppdateringsdato": "2001-08-06T00:00:00", "datauttaksdato": "2025-05-01T00:00:22", "målemetode": "ukjentMålemetode", "kabeltype": null, "sjøstatus": null }, "geometry": { "type": "MultiLineString", "coordinates": [ [ [ 5.160464513450838, 59.378921367565795 ], [ 5.160569490105117, 59.378708901797019 ] ] ] } },
{ "type": "Feature", "properties": { "gml_id": "ida74512eb-9805-4787-81bb-b07569a92aaa", "lokalId": "11756e78-eb92-4585-8a3f-d6dae24e4ae2", "navnerom": "https://data.geonorge.no/sosi/kyst/sjokart_maritim_infrastruktur", "førsteDatafangstdato": "2001-08-06T00:00:00", "oppdateringsdato": "2001-08-06T00:00:00", "datauttaksdato": "2025-05-01T00:00:22", "målemetode": "ukjentMålemetode", "kabeltype": null, "sjøstatus": null }, "geometry": { "type": "MultiLineString", "coordinates": [ [ [ 5.160499166666666, 59.371229721483864 ], [ 5.171554444444436, 59.370974443705997 ], [ 5.181072398925312, 59.358876589993777 ] ] ] } },
{ "type": "Feature", "properties": { "gml_id": "id9a9b6fd9-538c-4abf-baf3-1170a01237e8", "lokalId": "cc96be95-8b3c-4ebc-b62d-f89b37605308", "navnerom": "https://data.geonorge.no/sosi/kyst/sjokart_maritim_infrastruktur", "førsteDatafangstdato": "2001-10-30T00:00:00", "oppdateringsdato": "2001-10-30T00:00:00", "datauttaksdato": "2025-05-01T00:00:22", "målemetode": "ukjentMålemetode", "kabeltype": "kraftledning", "sjøstatus": null }, "geometry": { "type": "MultiLineString", "coordinates": [ [ [ 5.176065845127392, 59.378822410878641 ], [ 5.178856666666671, 59.38026499926233 ] ] ] } },
{ "type": "Feature", "properties": { "gml_id": "idcb04a83c-ab19-4e7e-b460-3e2225505c32", "lokalId": "db06f57b-3c27-4ed9-8671-92ff41eda44d", "navnerom": "https://data.geonorge.no/sosi/kyst/sjokart_maritim_infrastruktur", "førsteDatafangstdato": "2004-03-03T00:00:00", "oppdateringsdato": "2004-03-03T00:00:00", "datauttaksdato": "2025-05-01T00:00:22", "målemetode": "ukjentMålemetode", "kabeltype": null, "sjøstatus": null }, "geometry": { "type": "MultiLineString", "coordinates": [ [ [ 2.104459722222214, 61.379272499392755 ], [ 2.1193938888889, 61.365680277169787 ] ] ] } },
{ "type": "Feature", "properties": { "gml_id": "id74860b9b-2c63-4d4e-830b-ecdea804f4d3", "lokalId": "95a93731-8d46-437a-bf1b-767f25204dda", "navnerom": "https://data.geonorge.no/sosi/kyst/sjokart_maritim_infrastruktur", "førsteDatafangstdato": "2001-08-01T00:00:00", "oppdateringsdato": "2001-08-01T00:00:00", "datauttaksdato": "2025-05-01T00:00:22", "målemetode": "ukjentMålemetode", "kabeltype": "kraftledning", "sjøstatus": null }, "geometry": { "type": "MultiLineString", "coordinates": [ [ [ 5.0, 59.290328332588757 ], [ 5.166894292588377, 59.279516831732408 ] ] ] } },
{ "type": "Feature", "properties": { "gml_id": "id7e3d0130-ddb3-4cf9-8516-27c1c143f1be", "lokalId": "0cd6d1c1-d584-4e49-92f8-3dc67cb8d9bb", "navnerom": "https://data.geonorge.no/sosi/kyst/sjokart_maritim_infrastruktur", "førsteDatafangstdato": "2004-03-03T00:00:00", "oppdateringsdato": "2004-03-03T00:00:00", "datauttaksdato": "2025-05-01T00:00:22", "målemetode": "ukjentMålemetode", "kabeltype": null, "sjøstatus": null }, "geometry": { "type": "MultiLineString", "coordinates": [ [ [ 2.071009166666666, 61.345090554946424 ], [ 2.076309722222221, 61.33255805494575 ], [ 2.065142222222219, 61.320172777167272 ] ] ] } },
{ "type": "Feature", "properties": { "gml_id": "id50ec89ad-5cb4-43aa-be26-a6eca5732a28", "lokalId": "207c6ad0-ca86-4f1d-aada-7c192bd4fb55", "navnerom": "https://data.geonorge.no/sosi/kyst/sjokart_maritim_infrastruktur", "førsteDatafangstdato": "2004-03-03T00:00:00", "oppdateringsdato": "2004-03-03T00:00:00", "datauttaksdato": "2025-05-01T00:00:22", "målemetode": "ukjentMålemetode", "kabeltype": null, "sjøstatus": null }, "geometry": { "type": "MultiLineString", "coordinates": [ [ [ 2.101649444444429, 61.379838610503889 ], [ 2.104341666666664, 61.379282499392701 ] ] ] } },
{ "type": "Feature", "properties": { "gml_id": "id430e338c-4e4f-483a-8949-19cffcb61f48", "lokalId": "51870efc-9e80-4443-baa3-4339d2e5fb8e", "navnerom": "https://data.geonorge.no/sosi/kyst/sjokart_maritim_infrastruktur", "førsteDatafangstdato": "2004-03-03T00:00:00", "oppdateringsdato": "2004-03-03T00:00:00", "datauttaksdato": "2025-05-01T00:00:22", "målemetode": "ukjentMålemetode", "kabeltype": null, "sjøstatus": null }, "geometry": { "type": "MultiLineString", "coordinates": [ [ [ 2.101699444444451, 61.379992221614934 ], [ 2.115624444444451, 61.396484443838112 ] ] ] } },
{ "type": "Feature", "properties": { "gml_id": "id63efe5ab-7703-484f-8d83-0b8d5b5a8d20", "lokalId": "dd6e2238-cd50-4525-bee3-b507a4b76229", "navnerom": "https://data.geonorge.no/sosi/kyst/sjokart_maritim_infrastruktur", "førsteDatafangstdato": "2001-10-30T00:00:00", "oppdateringsdato": "2001-10-30T00:00:00", "datauttaksdato": "2025-05-01T00:00:22", "målemetode": "ukjentMålemetode", "kabeltype": "kraftledning", "sjøstatus": null }, "geometry": { "type": "MultiLineString", "coordinates": [ [ [ 4.885616675149671, 59.313972133994376 ], [ 4.885535977875277, 59.313966263678566 ] ] ] } },
{ "type": "Feature", "properties": { "gml_id": "id9e22da64-f86b-4453-a24e-a490e9bc2706", "lokalId": "c5da6050-a863-409d-a3f6-b0c0aa166b53", "navnerom": "https://data.geonorge.no/sosi/kyst/sjokart_maritim_infrastruktur", "førsteDatafangstdato": null, "oppdateringsdato": "2004-07-28T00:00:00", "datauttaksdato": "2025-05-01T00:00:22", "målemetode": "ukjentMålemetode", "kabeltype": "kraftledning", "sjøstatus": null }, "geometry": { "type": "MultiLineString", "coordinates": [ [ [ 23.616113195133604, 70.688996064576983 ], [ 23.637402492683044, 70.678438041393861 ] ] ] } },
{ "type": "Feature", "properties": { "gml_id": "idd2291edf-3214-407b-b613-12711acd3f8f", "lokalId": "a2db0605-78b7-4e4a-b849-352bf9be68b3", "navnerom": "https://data.geonorge.no/sosi/kyst/sjokart_maritim_infrastruktur", "førsteDatafangstdato": null, "oppdateringsdato": "2006-06-01T00:00:00", "datauttaksdato": "2025-05-01T00:00:23", "målemetode": "ukjentMålemetode", "kabeltype": null, "sjøstatus": "permanent" }, "geometry": { "type": "MultiLineString", "coordinates": [ [ [ 21.661805769692897, 71.495909604399202 ], [ 21.226412814198493, 71.569427152549352 ] ] ] } },
{ "type": "Feature", "properties": { "gml_id": "id23b2e38b-fa78-403a-926a-f821f718d36a", "lokalId": "691a34e5-0aa2-4f99-9eed-e246808185de", "navnerom": "https://data.geonorge.no/sosi/kyst/sjokart_maritim_infrastruktur", "førsteDatafangstdato": null, "oppdateringsdato": "2006-06-01T00:00:00", "datauttaksdato": "2025-05-01T00:00:23", "målemetode": "ukjentMålemetode", "kabeltype": null, "sjøstatus": "permanent" }, "geometry": { "type": "MultiLineString", "coordinates": [ [ [ 23.617685401115168, 70.68974256979935 ], [ 23.62095, 70.690249999675459 ] ] ] } },
{ "type": "Feature", "properties": { "gml_id": "id92fd4c53-959f-4524-8fbc-2c2a9bf51449", "lokalId": "5db9d309-3796-49df-b259-fe7dc0ecabed", "navnerom": "https://data.geonorge.no/sosi/kyst/sjokart_maritim_infrastruktur", "førsteDatafangstdato": null, "oppdateringsdato": "2006-06-01T00:00:00", "datauttaksdato": "2025-05-01T00:00:23", "målemetode": "ukjentMålemetode", "kabeltype": null, "sjøstatus": "permanent" }, "geometry": { "type": "MultiLineString", "coordinates": [ [ [ 23.587707805107904, 70.687513941113622 ], [ 23.584366666918303, 70.687750031722473 ] ] ] } },
{ "type": "Feature", "properties": { "gml_id": "id0f6fc831-ca6d-4937-9d5a-a285db8cbe79", "lokalId": "5b3cee4a-0ea3-4d7d-9cb6-4ded674a9437", "navnerom": "https://data.geonorge.no/sosi/kyst/sjokart_maritim_infrastruktur", "førsteDatafangstdato": null, "oppdateringsdato": "2005-10-14T00:00:00", "datauttaksdato": "2025-05-01T00:00:23", "målemetode": "ukjentMålemetode", "kabeltype": null, "sjøstatus": null }, "geometry": { "type": "MultiLineString", "coordinates": [ [ [ 15.016737040302267, 68.995860769406349 ], [ 15.018130455071606, 68.995617064678001 ] ] ] } },
{ "type": "Feature", "properties": { "gml_id": "id8729040b-7aa9-4007-8ee9-06158f49a530", "lokalId": "5cfb5de7-834e-4e96-8ecd-7ce947a1a25f", "navnerom": "https://data.geonorge.no/sosi/kyst/sjokart_maritim_infrastruktur", "førsteDatafangstdato": null, "oppdateringsdato": "2006-03-17T00:00:00", "datauttaksdato": "2025-05-01T00:00:23", "målemetode": "ukjentMålemetode", "kabeltype": "kraftledning", "sjøstatus": "permanent" }, "geometry": { "type": "MultiLineString", "coordinates": [ [ [ 2.795741027697102, 60.389685200310758 ], [ 2.898464285765141, 60.353981657184455 ] ] ] } },
{ "type": "Feature", "properties": { "gml_id": "id7cba16a3-afdb-4b09-a5f1-1ee65c717416", "lokalId": "b94c95a2-1dff-4b0f-a2f2-97d3a5a6e30c", "navnerom": "https://data.geonorge.no/sosi/kyst/sjokart_maritim_infrastruktur", "førsteDatafangstdato": null, "oppdateringsdato": "2006-06-01T00:00:00", "datauttaksdato": "2025-05-01T00:00:23", "målemetode": "ukjentMålemetode", "kabeltype": null, "sjøstatus": "permanent" }, "geometry": { "type": "MultiLineString", "coordinates": [ [ [ 21.233269727781192, 71.570067477439935 ], [ 21.226405425841985, 71.569425457824551 ] ] ] } },
{ "type": "Feature", "properties": { "gml_id": "idaa2b73bc-49be-4c73-9bfb-7df8eb2e862d", "lokalId": "1beb55ba-e841-4718-a93a-1893937902a5", "navnerom": "https://data.geonorge.no/sosi/kyst/sjokart_maritim_infrastruktur", "førsteDatafangstdato": null, "oppdateringsdato": "2006-03-15T00:00:00", "datauttaksdato": "2025-05-01T00:00:23", "målemetode": "ukjentMålemetode", "kabeltype": "kraftledning", "sjøstatus": "permanent" }, "geometry": { "type": "MultiLineString", "coordinates": [ [ [ 21.182663124517273, 71.594973086871519 ], [ 21.215432991795986, 71.576794525748781 ], [ 21.238223199497785, 71.575532247133651 ], [ 21.225992370385796, 71.569484762420601 ] ] ] } },
{ "type": "Feature", "properties": { "gml_id": "id1fe3d9ec-971a-4d63-9324-96521421784f", "lokalId": "8917e13c-965c-42d8-a233-7b8c2aaafc63", "navnerom": "https://data.geonorge.no/sosi/kyst/sjokart_maritim_infrastruktur", "førsteDatafangstdato": null, "oppdateringsdato": "2006-03-15T00:00:00", "datauttaksdato": "2025-05-01T00:00:23", "målemetode": "ukjentMålemetode", "kabeltype": "kraftledning", "sjøstatus": "permanent" }, "geometry": { "type": "MultiLineString", "coordinates": [ [ [ 21.273368476091584, 71.592121058473907 ], [ 21.22437316680379, 71.571819792039648 ] ] ] } },
{ "type": "Feature", "properties": { "gml_id": "id996b8464-2179-44d6-b427-09f4f3c65fa7", "lokalId": "a0e21fb9-46b1-481d-bb24-9ea9a47a75c5", "navnerom": "https://data.geonorge.no/sosi/kyst/sjokart_maritim_infrastruktur", "førsteDatafangstdato": null, "oppdateringsdato": "2006-03-15T00:00:00", "datauttaksdato": "2025-05-01T00:00:23", "målemetode": "ukjentMålemetode", "kabeltype": "kraftledning", "sjøstatus": "permanent" }, "geometry": { "type": "MultiLineString", "coordinates": [ [ [ 21.226331475440787, 71.569402862233886 ], [ 21.225234819531103, 71.571381101242295 ] ] ] } },
{ "type": "Feature", "properties": { "gml_id": "idb2839572-4141-4e26-9fe7-5c631076783d", "lokalId": "0d5e2b84-31ea-41f6-8be9-bbc31afab745", "navnerom": "https://data.geonorge.no/sosi/kyst/sjokart_maritim_infrastruktur", "førsteDatafangstdato": "2004-04-19T00:00:00", "oppdateringsdato": "2005-11-04T00:00:00", "datauttaksdato": "2025-05-01T00:00:23", "målemetode": "ukjentMålemetode", "kabeltype": "telefonledning", "sjøstatus": null }, "geometry": { "type": "MultiLineString", "coordinates": [ [ [ 23.599591467243513, 70.684556085012701 ], [ 23.634936682621163, 70.679626918196803 ] ] ] } },
{ "type": "Feature", "properties": { "gml_id": "idf383ce08-f395-48fb-a1fc-5f41f0843fd2", "lokalId": "c09caba2-52cd-4094-b741-d6d77e49b91c", "navnerom": "https://data.geonorge.no/sosi/kyst/sjokart_maritim_infrastruktur", "førsteDatafangstdato": null, "oppdateringsdato": "2005-02-01T00:00:00", "datauttaksdato": "2025-05-01T00:00:23", "målemetode": "ukjentMålemetode", "kabeltype": null, "sjøstatus": null }, "geometry": { "type": "MultiLineString", "coordinates": [ [ [ 14.372009068128399, 67.296303951583042 ], [ 14.377479792559335, 67.294734661913594 ] ] ] } },
{ "type": "Feature", "properties": { "gml_id": "id90a95398-b3c0-4ed9-a16c-4f3e1cf37601", "lokalId": "b263547a-e5d6-47e6-a471-0a7fb540845f", "navnerom": "https://data.geonorge.no/sosi/kyst/sjokart_maritim_infrastruktur", "førsteDatafangstdato": null, "oppdateringsdato": "2006-05-30T00:00:00", "datauttaksdato": "2025-05-01T00:00:23", "målemetode": "ukjentMålemetode", "kabeltype": "telefonledning", "sjøstatus": null }, "geometry": { "type": "MultiLineString", "coordinates": [ [ [ 16.267960208466302, 69.249999999648935 ], [ 16.289075, 69.284898332982934 ], [ 16.397733333333303, 69.310033332983295 ], [ 16.409741666666708, 69.421186666318874 ], [ 16.392055, 69.438613332985838 ], [ 16.25, 69.448016107510526 ] ] ] } },
{ "type": "Feature", "properties": { "gml_id": "id2335437f-666b-45d1-8cfe-f902aeeee2c5", "lokalId": "40911baf-5632-44d7-a450-68c755569353", "navnerom": "https://data.geonorge.no/sosi/kyst/sjokart_maritim_infrastruktur", "førsteDatafangstdato": null, "oppdateringsdato": "2006-05-30T00:00:00", "datauttaksdato": "2025-05-01T00:00:23", "målemetode": "ukjentMålemetode", "kabeltype": "telefonledning", "sjøstatus": null }, "geometry": { "type": "MultiLineString", "coordinates": [ [ [ 16.290302649081305, 69.249999999648963 ], [ 16.309466666666683, 69.280466666316201 ], [ 16.409633333333289, 69.295866666316414 ], [ 16.43665, 69.309166666316656 ], [ 16.4547833333333, 69.425433332985619 ], [ 16.386116666666698, 69.4501833329861 ], [ 16.25, 69.459344696282841 ] ] ] } },
{ "type": "Feature", "properties": { "gml_id": "id5ab30016-23ca-4de5-b030-f38a08ac631e", "lokalId": "caa51202-cc1e-477e-82b2-e58546b91239", "navnerom": "https://data.geonorge.no/sosi/kyst/sjokart_maritim_infrastruktur", "førsteDatafangstdato": "2003-10-21T00:00:00", "oppdateringsdato": "2006-04-05T00:00:00", "datauttaksdato": "2025-05-01T00:00:23", "målemetode": "ukjentMålemetode", "kabeltype": "telefonledning", "sjøstatus": null }, "geometry": { "type": "MultiLineString", "coordinates": [ [ [ 16.25, 69.120283327093162 ], [ 16.267862222222199, 69.114691666313021 ], [ 16.297035, 69.085961388534599 ], [ 16.268965555555599, 69.035522777422528 ], [ 16.284243888888891, 69.010024444088629 ], [ 16.281760555555586, 68.999999999644047 ] ] ] } },
{ "type": "Feature", "properties": { "gml_id": "idf8ff5127-b179-4f99-8670-7b9bdf23e63b", "lokalId": "18634318-72fa-4dfb-b724-57cf17821135", "navnerom": "https://data.geonorge.no/sosi/kyst/sjokart_maritim_infrastruktur", "førsteDatafangstdato": "2003-11-06T00:00:00", "oppdateringsdato": "2006-04-05T00:00:00", "datauttaksdato": "2025-05-01T00:00:23", "målemetode": "ukjentMålemetode", "kabeltype": "telefonledning", "sjøstatus": null }, "geometry": { "type": "MultiLineString", "coordinates": [ [ [ 16.114043078389962, 69.228460127235607 ], [ 16.218106111111098, 69.219568888537211 ], [ 16.236553888888903, 69.210839999648073 ], [ 16.241268888888893, 69.198789444092299 ], [ 16.212299722222209, 69.156654444091501 ], [ 16.25, 69.141849166313534 ] ] ] } },
{ "type": "Feature", "properties": { "gml_id": "id30e3a890-c3ab-4936-875e-c1498fb90254", "lokalId": "e4a72468-62ad-4963-86ca-3d7e6b52297e", "navnerom": "https://data.geonorge.no/sosi/kyst/sjokart_maritim_infrastruktur", "førsteDatafangstdato": "2003-11-06T00:00:00", "oppdateringsdato": "2006-04-05T00:00:00", "datauttaksdato": "2025-05-01T00:00:23", "målemetode": "ukjentMålemetode", "kabeltype": "telefonledning", "sjøstatus": null }, "geometry": { "type": "MultiLineString", "coordinates": [ [ [ 16.25, 69.141849166313534 ], [ 16.291885277777798, 69.131632777424358 ], [ 16.322395555555605, 69.114016944090721 ], [ 16.332523055555605, 69.095276110757027 ], [ 16.330492222222208, 69.082849444090016 ], [ 16.312718611111094, 69.072401388534416 ], [ 16.291221111111078, 69.037186666311442 ], [ 16.327888888888893, 68.999999999644075 ] ] ] } },
{ "type": "Feature", "properties": { "gml_id": "ide389311e-648c-4545-992f-62a264e6e612", "lokalId": "1f618e88-880c-4a5f-a16a-b0f5669437b4", "navnerom": "https://data.geonorge.no/sosi/kyst/sjokart_maritim_infrastruktur", "førsteDatafangstdato": null, "oppdateringsdato": "2005-02-01T00:00:00", "datauttaksdato": "2025-05-01T00:00:23", "målemetode": "ukjentMålemetode", "kabeltype": null, "sjøstatus": null }, "geometry": { "type": "MultiLineString", "coordinates": [ [ [ 14.029076979988762, 67.281948190651391 ], [ 14.150705555006899, 67.266500015101542 ], [ 14.25000000001161, 67.2762155060353 ] ] ] } },
{ "type": "Feature", "properties": { "gml_id": "id7c7ce925-0b1d-4989-84b0-2fda09e030f2", "lokalId": "3bf637cb-5c5f-4145-91ec-611740fda5c5", "navnerom": "https://data.geonorge.no/sosi/kyst/sjokart_maritim_infrastruktur", "førsteDatafangstdato": null, "oppdateringsdato": "2005-02-01T00:00:00", "datauttaksdato": "2025-05-01T00:00:23", "målemetode": "ukjentMålemetode", "kabeltype": null, "sjøstatus": null }, "geometry": { "type": "MultiLineString", "coordinates": [ [ [ 14.306041281839736, 67.282346867658617 ], [ 14.323630479559002, 67.282105526434009 ] ] ] } },
{ "type": "Feature", "properties": { "gml_id": "ida72430c1-5f26-4a19-99c7-509263f99e41", "lokalId": "d59a8e32-ea71-4a86-8209-05290cf8d13d", "navnerom": "https://data.geonorge.no/sosi/kyst/sjokart_maritim_infrastruktur", "førsteDatafangstdato": null, "oppdateringsdato": "2005-02-01T00:00:00", "datauttaksdato": "2025-05-01T00:00:23", "målemetode": "ukjentMålemetode", "kabeltype": null, "sjøstatus": null }, "geometry": { "type": "MultiLineString", "coordinates": [ [ [ 14.27123303766262, 67.273890378985826 ], [ 14.30586201664031, 67.282305782457769 ] ] ] } },
{ "type": "Feature", "properties": { "gml_id": "id7197992c-ef2d-479e-9c54-3143c5389672", "lokalId": "29caa740-9823-4db4-9a4e-88354fb08605", "navnerom": "https://data.geonorge.no/sosi/kyst/sjokart_maritim_infrastruktur", "førsteDatafangstdato": "2003-10-21T00:00:00", "oppdateringsdato": "2006-04-05T00:00:00", "datauttaksdato": "2025-05-01T00:00:23", "målemetode": "ukjentMålemetode", "kabeltype": "telefonledning", "sjøstatus": null }, "geometry": { "type": "MultiLineString", "coordinates": [ [ [ 16.11396239614826, 69.228284908830688 ], [ 16.217336111111088, 69.215653332981546 ], [ 16.225800833333309, 69.19985777742572 ], [ 16.186884722222199, 69.146863332980274 ], [ 16.194503888888889, 69.135744721868875 ], [ 16.25, 69.120283327093162 ] ] ] } },
{ "type": "Feature", "properties": { "gml_id": "idb593ef23-0130-48ec-ac19-a52bfc82bea1", "lokalId": "e06fd3ea-ab07-4eea-9474-9789f057f339", "navnerom": "https://data.geonorge.no/sosi/kyst/sjokart_maritim_infrastruktur", "førsteDatafangstdato": "2004-04-19T00:00:00", "oppdateringsdato": "2005-11-04T00:00:00", "datauttaksdato": "2025-05-01T00:00:23", "målemetode": "ukjentMålemetode", "kabeltype": "telefonledning", "sjøstatus": null }, "geometry": { "type": "MultiLineString", "coordinates": [ [ [ 23.644914332006437, 70.674816249246518 ], [ 23.641814458421294, 70.674999999675194 ] ] ] } },
{ "type": "Feature", "properties": { "gml_id": "ide0d8d82d-037b-4efc-a8ee-79dc3a5e360f", "lokalId": "a31d508d-3bab-4db4-8cfc-ba47a9d0bd1e", "navnerom": "https://data.geonorge.no/sosi/kyst/sjokart_maritim_infrastruktur", "førsteDatafangstdato": "2004-04-19T00:00:00", "oppdateringsdato": "2005-11-04T00:00:00", "datauttaksdato": "2025-05-01T00:00:23", "målemetode": "ukjentMålemetode", "kabeltype": "telefonledning", "sjøstatus": null }, "geometry": { "type": "MultiLineString", "coordinates": [ [ [ 23.641814458421294, 70.674999999675194 ], [ 23.597874049093488, 70.68402962873563 ] ] ] } },
{ "type": "Feature", "properties": { "gml_id": "id96b60896-f615-4edb-b76d-066581ecb756", "lokalId": "1eb31732-60b8-4bc6-89de-de16501f4311", "navnerom": "https://data.geonorge.no/sosi/kyst/sjokart_maritim_infrastruktur", "førsteDatafangstdato": "2003-10-21T00:00:00", "oppdateringsdato": "2005-04-07T00:00:00", "datauttaksdato": "2025-05-01T00:00:23", "målemetode": "ukjentMålemetode", "kabeltype": "telefonledning", "sjøstatus": null }, "geometry": { "type": "MultiLineString", "coordinates": [ [ [ 16.281760555555586, 68.999999999644047 ], [ 16.254623888888897, 68.976567777421351 ], [ 16.260201267357999, 68.970463669721269 ] ] ] } },
{ "type": "Feature", "properties": { "gml_id": "id0900c742-f9d4-46fe-a4a2-77809c696ad2", "lokalId": "226a7e71-7f13-42b4-beab-22be938bfe04", "navnerom": "https://data.geonorge.no/sosi/kyst/sjokart_maritim_infrastruktur", "førsteDatafangstdato": null, "oppdateringsdato": "2005-10-14T00:00:00", "datauttaksdato": "2025-05-01T00:00:23", "målemetode": "ukjentMålemetode", "kabeltype": null, "sjøstatus": null }, "geometry": { "type": "MultiLineString", "coordinates": [ [ [ 14.595995855981192, 68.759349659888585 ], [ 14.585650562861304, 68.754677898539342 ] ] ] } },
{ "type": "Feature", "properties": { "gml_id": "ide2022009-a61c-47f7-9f9d-a4449680ba92", "lokalId": "f44d599b-e40b-4689-970d-654aec346cad", "navnerom": "https://data.geonorge.no/sosi/kyst/sjokart_maritim_infrastruktur", "førsteDatafangstdato": null, "oppdateringsdato": "2008-01-04T00:00:00", "datauttaksdato": "2025-05-01T00:00:23", "målemetode": "ukjentMålemetode", "kabeltype": "telefonledning", "sjøstatus": "permanent" }, "geometry": { "type": "MultiLineString", "coordinates": [ [ [ 13.25, 68.115678888565796 ], [ 13.313004042706577, 68.118102275532365 ] ] ] } },
{ "type": "Feature", "properties": { "gml_id": "id33245af9-02aa-4759-91fd-9ca4c53ca9cc", "lokalId": "1cefea54-30a5-4d19-8dff-1d8f54f7bd7b", "navnerom": "https://data.geonorge.no/sosi/kyst/sjokart_maritim_infrastruktur", "førsteDatafangstdato": null, "oppdateringsdato": "2006-11-24T00:00:00", "datauttaksdato": "2025-05-01T00:00:23", "målemetode": "ukjentMålemetode", "kabeltype": null, "sjøstatus": null }, "geometry": { "type": "MultiLineString", "coordinates": [ [ [ 6.554577050218781, 65.000804409244623 ], [ 6.554252929988786, 64.999999999545309 ] ] ] } },
{ "type": "Feature", "properties": { "gml_id": "idce665412-2cc7-4b6d-8402-c852188604a9", "lokalId": "4f8fe8ed-fc82-4dd6-b7e8-51ec259e5280", "navnerom": "https://data.geonorge.no/sosi/kyst/sjokart_maritim_infrastruktur", "førsteDatafangstdato": null, "oppdateringsdato": "2006-11-24T00:00:00", "datauttaksdato": "2025-05-01T00:00:23", "målemetode": "ukjentMålemetode", "kabeltype": null, "sjøstatus": null }, "geometry": { "type": "MultiLineString", "coordinates": [ [ [ 6.975128342484645, 65.11217751301551 ], [ 6.974252418088727, 65.121444326155284 ], [ 6.958470227288761, 65.123433419596154 ], [ 6.73508025423654, 65.036804584627149 ], [ 6.554577050218781, 65.000804409244623 ] ] ] } },
{ "type": "Feature", "properties": { "gml_id": "id6d7da17c-7de9-4d1d-8ce8-23a356ad296d", "lokalId": "17a43141-f53f-45cf-8661-cb17adf7671d", "navnerom": "https://data.geonorge.no/sosi/kyst/sjokart_maritim_infrastruktur", "førsteDatafangstdato": null, "oppdateringsdato": "2006-11-24T00:00:00", "datauttaksdato": "2025-05-01T00:00:23", "målemetode": "ukjentMålemetode", "kabeltype": null, "sjøstatus": null }, "geometry": { "type": "MultiLineString", "coordinates": [ [ [ 6.554252929988786, 64.999999999545309 ], [ 6.550654102497378, 64.994513484993107 ] ] ] } },
{ "type": "Feature", "properties": { "gml_id": "id50f20a3c-590f-4e42-a2f6-61c5a2fe2873", "lokalId": "24aad01a-9eec-4076-b9fe-2cbb57d41fe1", "navnerom": "https://data.geonorge.no/sosi/kyst/sjokart_maritim_infrastruktur", "førsteDatafangstdato": null, "oppdateringsdato": "2007-01-10T00:00:00", "datauttaksdato": "2025-05-01T00:00:23", "målemetode": "ukjentMålemetode", "kabeltype": null, "sjøstatus": null }, "geometry": { "type": "MultiLineString", "coordinates": [ [ [ 3.612792516909276, 60.884343732303954 ], [ 3.615001193972491, 60.883519594409194 ] ] ] } },
{ "type": "Feature", "properties": { "gml_id": "id2b1bf8a7-9119-4de4-a207-1325b99e61b3", "lokalId": "0da934e6-b476-4514-9fdc-e43bba6b8e02", "navnerom": "https://data.geonorge.no/sosi/kyst/sjokart_maritim_infrastruktur", "førsteDatafangstdato": null, "oppdateringsdato": "2007-01-10T00:00:00", "datauttaksdato": "2025-05-01T00:00:23", "målemetode": "ukjentMålemetode", "kabeltype": null, "sjøstatus": null }, "geometry": { "type": "MultiLineString", "coordinates": [ [ [ 3.574095155437905, 61.038923360621695 ], [ 3.598002180301847, 61.042255320496203 ] ] ] } },
{ "type": "Feature", "properties": { "gml_id": "idd09714b9-8d72-4eb5-a40c-88e991cf3d0b", "lokalId": "c53051d7-8674-4c45-b771-d37dada81ba3", "navnerom": "https://data.geonorge.no/sosi/kyst/sjokart_maritim_infrastruktur", "førsteDatafangstdato": null, "oppdateringsdato": "2007-02-20T00:00:00", "datauttaksdato": "2025-05-01T00:00:23", "målemetode": "ukjentMålemetode", "kabeltype": "telefonledning", "sjøstatus": null }, "geometry": { "type": "MultiLineString", "coordinates": [ [ [ 15.75, 69.481187974299189 ], [ 15.668228333333312, 69.486679999653433 ], [ 15.620307688313893, 69.499999999653738 ] ] ] } },
{ "type": "Feature", "properties": { "gml_id": "idc6312e06-5685-4c3a-9b90-0f77884cc8ea", "lokalId": "5e520e11-5d2b-4038-9e74-0d8086c174f1", "navnerom": "https://data.geonorge.no/sosi/kyst/sjokart_maritim_infrastruktur", "førsteDatafangstdato": null, "oppdateringsdato": "2007-02-20T00:00:00", "datauttaksdato": "2025-05-01T00:00:23", "målemetode": "ukjentMålemetode", "kabeltype": "telefonledning", "sjøstatus": null }, "geometry": { "type": "MultiLineString", "coordinates": [ [ [ 15.75, 69.493593742623176 ], [ 15.687007461024395, 69.499999999653738 ] ] ] } },
{ "type": "Feature", "properties": { "gml_id": "idc9f39d7a-d9a3-4f84-ad2e-794c76dc3480", "lokalId": "e519c0d7-4399-416c-ba60-a5306628e880", "navnerom": "https://data.geonorge.no/sosi/kyst/sjokart_maritim_infrastruktur", "førsteDatafangstdato": null, "oppdateringsdato": "2007-02-20T00:00:00", "datauttaksdato": "2025-05-01T00:00:23", "målemetode": "ukjentMålemetode", "kabeltype": "telefonledning", "sjøstatus": null }, "geometry": { "type": "MultiLineString", "coordinates": [ [ [ 16.0, 69.464563878663569 ], [ 15.75, 69.481187974299189 ] ] ] } },
{ "type": "Feature", "properties": { "gml_id": "idc755062b-d5d1-494a-a422-294e626f3321", "lokalId": "63438fee-8d96-454f-b07a-c72a6d1f6078", "navnerom": "https://data.geonorge.no/sosi/kyst/sjokart_maritim_infrastruktur", "førsteDatafangstdato": null, "oppdateringsdato": "2007-02-20T00:00:00", "datauttaksdato": "2025-05-01T00:00:23", "målemetode": "ukjentMålemetode", "kabeltype": "telefonledning", "sjøstatus": null }, "geometry": { "type": "MultiLineString", "coordinates": [ [ [ 16.0, 69.476171003305254 ], [ 15.75, 69.493593742623176 ] ] ] } },
{ "type": "Feature", "properties": { "gml_id": "idf7d3f874-1bc5-414e-a648-c75658510fef", "lokalId": "f70fee44-bb32-4fef-83ab-b959e400b4c9", "navnerom": "https://data.geonorge.no/sosi/kyst/sjokart_maritim_infrastruktur", "førsteDatafangstdato": null, "oppdateringsdato": "2007-10-26T00:00:00", "datauttaksdato": "2025-05-01T00:00:24", "målemetode": "ukjentMålemetode", "kabeltype": null, "sjøstatus": null }, "geometry": { "type": "MultiLineString", "coordinates": [ [ [ 13.172022766571889, 68.028095279250167 ], [ 13.176978929044505, 68.028195229999881 ] ] ] } },
{ "type": "Feature", "properties": { "gml_id": "id5f4eb2a6-c8f8-48d1-aa15-4101e076922e", "lokalId": "9792e4f7-f2c2-4c05-b027-8c1f45fdf806", "navnerom": "https://data.geonorge.no/sosi/kyst/sjokart_maritim_infrastruktur", "førsteDatafangstdato": null, "oppdateringsdato": "2008-11-10T00:00:00", "datauttaksdato": "2025-05-01T00:00:24", "målemetode": "ukjentMålemetode", "kabeltype": "telefonledning", "sjøstatus": "permanent" }, "geometry": { "type": "MultiLineString", "coordinates": [ [ [ 23.812865879729209, 70.72569908715441 ], [ 23.894896791740646, 70.732259406208485 ] ] ] } },
{ "type": "Feature", "properties": { "gml_id": "id19f59b45-484b-4922-bd76-595ab39a08b0", "lokalId": "b2e3c85f-f4eb-4765-8658-0fc7406de69f", "navnerom": "https://data.geonorge.no/sosi/kyst/sjokart_maritim_infrastruktur", "førsteDatafangstdato": null, "oppdateringsdato": "2007-10-02T00:00:00", "datauttaksdato": "2025-05-01T00:00:24", "målemetode": "ukjentMålemetode", "kabeltype": null, "sjøstatus": null }, "geometry": { "type": "MultiLineString", "coordinates": [ [ [ 2.680000722243231, 60.467596143577083 ], [ 2.821839651532514, 60.483436436342707 ], [ 2.826358933060279, 60.491801953911747 ] ] ] } },
{ "type": "Feature", "properties": { "gml_id": "id184dc323-bb5b-4806-8da0-be31853b0282", "lokalId": "0f66a1f0-f8ce-4f0c-935e-9baf3109ec6b", "navnerom": "https://data.geonorge.no/sosi/kyst/sjokart_maritim_infrastruktur", "førsteDatafangstdato": null, "oppdateringsdato": "2007-02-20T00:00:00", "datauttaksdato": "2025-05-01T00:00:24", "målemetode": "ukjentMålemetode", "kabeltype": "telefonledning", "sjøstatus": null }, "geometry": { "type": "MultiLineString", "coordinates": [ [ [ 16.25, 69.459344696282841 ], [ 16.0, 69.476171003305254 ] ] ] } },
{ "type": "Feature", "properties": { "gml_id": "idfc418a32-9405-4a83-95f8-332b50872c57", "lokalId": "666a614f-1cdc-45a4-8782-924295f53c28", "navnerom": "https://data.geonorge.no/sosi/kyst/sjokart_maritim_infrastruktur", "førsteDatafangstdato": null, "oppdateringsdato": "2007-01-10T00:00:00", "datauttaksdato": "2025-05-01T00:00:24", "målemetode": "ukjentMålemetode", "kabeltype": null, "sjøstatus": null }, "geometry": { "type": "MultiLineString", "coordinates": [ [ [ 3.61500124239239, 60.883519608590781 ], [ 3.623515388610021, 60.886884590101488 ], [ 3.593800473928944, 60.901580557224747 ], [ 3.583710990402377, 60.920238752081147 ], [ 3.572758172704253, 60.999999999371077 ] ] ] } },
{ "type": "Feature", "properties": { "gml_id": "id2668df52-35b4-48cd-9d1b-f81864d9384f", "lokalId": "a9526fdd-6a2e-45df-af2c-a973e74d87dc", "navnerom": "https://data.geonorge.no/sosi/kyst/sjokart_maritim_infrastruktur", "førsteDatafangstdato": null, "oppdateringsdato": "2005-12-14T00:00:00", "datauttaksdato": "2025-05-01T00:00:24", "målemetode": "ukjentMålemetode", "kabeltype": null, "sjøstatus": null }, "geometry": { "type": "MultiLineString", "coordinates": [ [ [ 14.641347690162975, 68.785075589823748 ], [ 14.619261989670598, 68.78225194586777 ], [ 14.598617181285654, 68.761438529613201 ] ], [ [ 14.597621744773935, 68.760507476190696 ], [ 14.59689547956763, 68.759828184545256 ] ] ] } },
{ "type": "Feature", "properties": { "gml_id": "id1280b041-0dd1-48e6-b0df-e3eae7ccb11f", "lokalId": "3ca3cc00-70b5-43dc-abab-7eec40f94471", "navnerom": "https://data.geonorge.no/sosi/kyst/sjokart_maritim_infrastruktur", "førsteDatafangstdato": null, "oppdateringsdato": "2006-10-19T00:00:00", "datauttaksdato": "2025-05-01T00:00:24", "målemetode": "ukjentMålemetode", "kabeltype": "telefonledning", "sjøstatus": "permanent" }, "geometry": { "type": "MultiLineString", "coordinates": [ [ [ 23.5, 70.650250863230667 ], [ 23.380296607352566, 70.640656483704532 ] ] ] } },
{ "type": "Feature", "properties": { "gml_id": "ida962a24d-e849-46ed-9348-d101e8717cef", "lokalId": "2091e67a-0f80-4816-8e96-c5afef7b729b", "navnerom": "https://data.geonorge.no/sosi/kyst/sjokart_maritim_infrastruktur", "førsteDatafangstdato": null, "oppdateringsdato": "2005-09-14T00:00:00", "datauttaksdato": "2025-05-01T00:00:24", "målemetode": "ukjentMålemetode", "kabeltype": "telefonledning", "sjøstatus": null }, "geometry": { "type": "MultiLineString", "coordinates": [ [ [ 14.65028849422468, 68.78353617463047 ], [ 14.651699934427473, 68.782427686208521 ] ] ] } },
{ "type": "Feature", "properties": { "gml_id": "id6b472352-b50d-4f34-975a-fd1ff61c2b8b", "lokalId": "78068b0e-f080-4382-9c9f-0b387376b1d4", "navnerom": "https://data.geonorge.no/sosi/kyst/sjokart_maritim_infrastruktur", "førsteDatafangstdato": "2004-04-19T00:00:00", "oppdateringsdato": "2005-11-04T00:00:00", "datauttaksdato": "2025-05-01T00:00:24", "målemetode": "ukjentMålemetode", "kabeltype": "telefonledning", "sjøstatus": null }, "geometry": { "type": "MultiLineString", "coordinates": [ [ [ 23.55, 70.67672619973527 ], [ 23.5, 70.68874366683967 ] ] ] } },
{ "type": "Feature", "properties": { "gml_id": "id3413cb69-2e48-49e7-bf8c-bde9bd9022eb", "lokalId": "be523a48-73cc-44a4-b343-8aaa8f90282c", "navnerom": "https://data.geonorge.no/sosi/kyst/sjokart_maritim_infrastruktur", "førsteDatafangstdato": "2004-04-19T00:00:00", "oppdateringsdato": "2005-11-04T00:00:00", "datauttaksdato": "2025-05-01T00:00:24", "målemetode": "ukjentMålemetode", "kabeltype": "telefonledning", "sjøstatus": null }, "geometry": { "type": "MultiLineString", "coordinates": [ [ [ 23.645424265747952, 70.674570387488671 ], [ 23.557775570454787, 70.674999999675222 ] ] ] } },
{ "type": "Feature", "properties": { "gml_id": "id87ef8a16-305c-4a76-a6fe-a0d2b13dd5fb", "lokalId": "37b1e475-7ada-47de-8744-8401b64ad252", "navnerom": "https://data.geonorge.no/sosi/kyst/sjokart_maritim_infrastruktur", "førsteDatafangstdato": "2004-04-19T00:00:00", "oppdateringsdato": "2005-11-04T00:00:00", "datauttaksdato": "2025-05-01T00:00:24", "målemetode": "ukjentMålemetode", "kabeltype": "telefonledning", "sjøstatus": null }, "geometry": { "type": "MultiLineString", "coordinates": [ [ [ 23.557775570454787, 70.674999999675222 ], [ 23.55, 70.67672619973527 ] ] ] } },
{ "type": "Feature", "properties": { "gml_id": "ida6cda3f6-6386-4f94-a4b4-ec142ee72f83", "lokalId": "e358bec5-de7e-4477-b6d5-6b10a839b817", "navnerom": "https://data.geonorge.no/sosi/kyst/sjokart_maritim_infrastruktur", "førsteDatafangstdato": null, "oppdateringsdato": "2006-03-15T00:00:00", "datauttaksdato": "2025-05-01T00:00:24", "målemetode": "ukjentMålemetode", "kabeltype": "kraftledning", "sjøstatus": "permanent" }, "geometry": { "type": "MultiLineString", "coordinates": [ [ [ 22.75, 71.21451183940998 ], [ 22.280890529808282, 71.381399107671868 ], [ 21.226131919330925, 71.569446851464789 ] ] ] } },
{ "type": "Feature", "properties": { "gml_id": "id6fd17ebc-1e69-4f35-a14f-84d45d1316f2", "lokalId": "c68e7cbb-b70c-4f1f-a180-2a993a08bef1", "navnerom": "https://data.geonorge.no/sosi/kyst/sjokart_maritim_infrastruktur", "førsteDatafangstdato": null, "oppdateringsdato": "2006-03-15T00:00:00", "datauttaksdato": "2025-05-01T00:00:24", "målemetode": "ukjentMålemetode", "kabeltype": "kraftledning", "sjøstatus": "permanent" }, "geometry": { "type": "MultiLineString", "coordinates": [ [ [ 23.0, 71.129608145433281 ], [ 22.946807792351098, 71.159439586634804 ], [ 22.75, 71.21451183940998 ] ] ] } },
{ "type": "Feature", "properties": { "gml_id": "id7561bb27-1379-4039-ae87-66f15753dce6", "lokalId": "cc3e3e62-5367-4b14-a2d2-92b5147c98fb", "navnerom": "https://data.geonorge.no/sosi/kyst/sjokart_maritim_infrastruktur", "førsteDatafangstdato": null, "oppdateringsdato": "2006-03-15T00:00:00", "datauttaksdato": "2025-05-01T00:00:24", "målemetode": "ukjentMålemetode", "kabeltype": "kraftledning", "sjøstatus": "permanent" }, "geometry": { "type": "MultiLineString", "coordinates": [ [ [ 23.137380967341905, 70.999999999680895 ], [ 23.137151085128483, 71.022451402166794 ], [ 23.126607706017975, 71.03900169314754 ], [ 23.0, 71.129608145433281 ] ] ] } },
{ "type": "Feature", "properties": { "gml_id": "id76a98c1a-fcd4-42de-9e85-a2aaefbdac64", "lokalId": "0533180e-0f2a-4930-aa6c-e82646cde3d2", "navnerom": "https://data.geonorge.no/sosi/kyst/sjokart_maritim_infrastruktur", "førsteDatafangstdato": null, "oppdateringsdato": "2007-03-21T00:00:00", "datauttaksdato": "2025-05-01T00:00:24", "målemetode": "ukjentMålemetode", "kabeltype": "telefonledning", "sjøstatus": null }, "geometry": { "type": "MultiLineString", "coordinates": [ [ [ 12.198335306822024, 65.499999999560501 ], [ 12.2003521321232, 65.484581893437493 ] ] ] } },
{ "type": "Feature", "properties": { "gml_id": "ide456e3f1-9105-4216-b8f4-ed0cf5723b2c", "lokalId": "5edc1827-e692-45a6-903c-d467a2c298f8", "navnerom": "https://data.geonorge.no/sosi/kyst/sjokart_maritim_infrastruktur", "førsteDatafangstdato": null, "oppdateringsdato": "2007-03-21T00:00:00", "datauttaksdato": "2025-05-01T00:00:24", "målemetode": "ukjentMålemetode", "kabeltype": "telefonledning", "sjøstatus": null }, "geometry": { "type": "MultiLineString", "coordinates": [ [ [ 12.127358464314755, 65.643262861126317 ], [ 12.072099869901288, 65.575999662850364 ], [ 12.084507405618904, 65.562630533333191 ], [ 12.192893360559596, 65.547529660151028 ], [ 12.1993361001166, 65.541086038850324 ], [ 12.191038554530701, 65.504997064353972 ], [ 12.198335306822024, 65.499999999560501 ] ] ] } },
{ "type": "Feature", "properties": { "gml_id": "id732140f8-45e2-44b7-901e-c213c95b432f", "lokalId": "94927996-a738-4282-b7e3-bf0703db0c63", "navnerom": "https://data.geonorge.no/sosi/kyst/sjokart_maritim_infrastruktur", "førsteDatafangstdato": null, "oppdateringsdato": "2007-10-26T00:00:00", "datauttaksdato": "2025-05-01T00:00:24", "målemetode": "ukjentMålemetode", "kabeltype": null, "sjøstatus": null }, "geometry": { "type": "MultiLineString", "coordinates": [ [ [ 13.187451560818811, 68.086827407640357 ], [ 13.19185302450051, 68.086966168982983 ] ] ] } },
{ "type": "Feature", "properties": { "gml_id": "id5c6c4545-5566-4e53-8eaa-cf881b9d29b0", "lokalId": "48437b72-9087-4d11-bd80-a76d3e6faf58", "navnerom": "https://data.geonorge.no/sosi/kyst/sjokart_maritim_infrastruktur", "førsteDatafangstdato": null, "oppdateringsdato": "2007-09-04T00:00:00", "datauttaksdato": "2025-05-01T00:00:24", "målemetode": "ukjentMålemetode", "kabeltype": "kraftledning", "sjøstatus": null }, "geometry": { "type": "MultiLineString", "coordinates": [ [ [ 12.75, 67.645071518335044 ], [ 12.7881114695588, 67.656145929776869 ], [ 12.949033612051904, 67.749999999617884 ] ] ] } },
{ "type": "Feature", "properties": { "gml_id": "id10936dee-9d0f-438e-9749-a104b6424a79", "lokalId": "3003921c-4337-4858-8d0a-1c6688548cfe", "navnerom": "https://data.geonorge.no/sosi/kyst/sjokart_maritim_infrastruktur", "førsteDatafangstdato": null, "oppdateringsdato": "2010-02-18T00:00:00", "datauttaksdato": "2025-05-01T00:00:25", "målemetode": "ukjentMålemetode", "kabeltype": null, "sjøstatus": null }, "geometry": { "type": "MultiLineString", "coordinates": [ [ [ 2.401136259925157, 59.463799396913934 ], [ 2.384749475221316, 59.454691064340565 ] ] ] } },
{ "type": "Feature", "properties": { "gml_id": "id142fe93e-4d0a-4687-9009-fa04606851d6", "lokalId": "8080fa6b-6859-4c18-b266-9095bed0a5f1", "navnerom": "https://data.geonorge.no/sosi/kyst/sjokart_maritim_infrastruktur", "førsteDatafangstdato": null, "oppdateringsdato": "2006-03-15T00:00:00", "datauttaksdato": "2025-05-01T00:00:24", "målemetode": "ukjentMålemetode", "kabeltype": "kraftledning", "sjøstatus": "permanent" }, "geometry": { "type": "MultiLineString", "coordinates": [ [ [ 23.584253944476888, 70.685960994202702 ], [ 23.55, 70.693866677098129 ] ] ] } },
{ "type": "Feature", "properties": { "gml_id": "id4372c919-fea2-48d8-9535-00872d0aa731", "lokalId": "082ca3fd-e1fc-484f-b66a-a8811baf5d50", "navnerom": "https://data.geonorge.no/sosi/kyst/sjokart_maritim_infrastruktur", "førsteDatafangstdato": null, "oppdateringsdato": "2006-03-15T00:00:00", "datauttaksdato": "2025-05-01T00:00:24", "målemetode": "ukjentMålemetode", "kabeltype": "kraftledning", "sjøstatus": "permanent" }, "geometry": { "type": "MultiLineString", "coordinates": [ [ [ 21.082907061127397, 71.488426206239453 ], [ 21.145030341202698, 71.507135663349203 ], [ 21.226032295323986, 71.569410030667797 ] ] ] } },
{ "type": "Feature", "properties": { "gml_id": "id75e50e78-d51c-4f3b-865f-bf0f0ac8b3ce", "lokalId": "333ddb28-5397-4707-acd3-18990efdf8f1", "navnerom": "https://data.geonorge.no/sosi/kyst/sjokart_maritim_infrastruktur", "førsteDatafangstdato": null, "oppdateringsdato": "2006-03-15T00:00:00", "datauttaksdato": "2025-05-01T00:00:24", "målemetode": "ukjentMålemetode", "kabeltype": "kraftledning", "sjøstatus": "permanent" }, "geometry": { "type": "MultiLineString", "coordinates": [ [ [ 21.055086427548115, 71.611044717678553 ], [ 21.093403792773103, 71.605159410825706 ], [ 21.130106102627224, 71.582093244845765 ], [ 21.237543197168002, 71.575470334203629 ], [ 21.22595878486219, 71.569472519135729 ] ] ] } },
{ "type": "Feature", "properties": { "gml_id": "id5398cab9-1e54-4659-9122-0d0dd357ef29", "lokalId": "a7fd5092-36a5-4507-a5c2-5f19cc18a0f0", "navnerom": "https://data.geonorge.no/sosi/kyst/sjokart_maritim_infrastruktur", "førsteDatafangstdato": null, "oppdateringsdato": "2007-11-13T00:00:00", "datauttaksdato": "2025-05-01T00:00:24", "målemetode": "ukjentMålemetode", "kabeltype": null, "sjøstatus": null }, "geometry": { "type": "MultiLineString", "coordinates": [ [ [ 13.178987883237633, 68.018851499820315 ], [ 13.182556980917335, 68.021940737000776 ] ] ] } },
{ "type": "Feature", "properties": { "gml_id": "id629bb932-a2c8-4e19-bb1d-7beb5f5aeb34", "lokalId": "ce23eb96-183a-41d5-bbbb-24466d624e6c", "navnerom": "https://data.geonorge.no/sosi/kyst/sjokart_maritim_infrastruktur", "førsteDatafangstdato": null, "oppdateringsdato": "2006-08-25T00:00:00", "datauttaksdato": "2025-05-01T00:00:24", "målemetode": "ukjentMålemetode", "kabeltype": "telefonledning", "sjøstatus": "permanent" }, "geometry": { "type": "MultiLineString", "coordinates": [ [ [ 13.175734534476955, 68.049624121123031 ], [ 13.166325538713, 68.052720380176936 ], [ 13.172779895141394, 68.060834590777986 ], [ 13.16086617968792, 68.07751386807135 ] ] ] } },
{ "type": "Feature", "properties": { "gml_id": "id01b975a7-87d8-43a2-96ae-a6958f52f024", "lokalId": "9441b4ae-eb66-4362-a8e4-3a43f8cfe4c7", "navnerom": "https://data.geonorge.no/sosi/kyst/sjokart_maritim_infrastruktur", "førsteDatafangstdato": null, "oppdateringsdato": "2006-08-24T00:00:00", "datauttaksdato": "2025-05-01T00:00:24", "målemetode": "ukjentMålemetode", "kabeltype": "telefonledning", "sjøstatus": "permanent" }, "geometry": { "type": "MultiLineString", "coordinates": [ [ [ 13.194546600668192, 67.999999999057607 ], [ 13.196599448500505, 67.975261269708 ], [ 13.141225683293392, 67.941918994856024 ], [ 13.093897249013745, 67.931108034353215 ] ] ] } },
{ "type": "Feature", "properties": { "gml_id": "id3e2887d7-813a-4397-9cad-b03145d0df33", "lokalId": "9038b55a-2466-4131-afae-53120a5d7b74", "navnerom": "https://data.geonorge.no/sosi/kyst/sjokart_maritim_infrastruktur", "førsteDatafangstdato": null, "oppdateringsdato": "2010-02-18T00:00:00", "datauttaksdato": "2025-05-01T00:00:25", "målemetode": "ukjentMålemetode", "kabeltype": null, "sjøstatus": null }, "geometry": { "type": "MultiLineString", "coordinates": [ [ [ 2.402044355206723, 59.463347630919529 ], [ 2.384749475221316, 59.454691064340565 ] ] ] } },
{ "type": "Feature", "properties": { "gml_id": "id55515cc2-c4a0-43fe-a7e3-9fed715aa825", "lokalId": "905de8ee-8f46-4934-a7ae-e1bd60dcd36c", "navnerom": "https://data.geonorge.no/sosi/kyst/sjokart_maritim_infrastruktur", "førsteDatafangstdato": null, "oppdateringsdato": "2007-09-03T00:00:00", "datauttaksdato": "2025-05-01T00:00:24", "målemetode": "ukjentMålemetode", "kabeltype": null, "sjøstatus": null }, "geometry": { "type": "MultiLineString", "coordinates": [ [ [ 13.203666261281507, 67.999999999623469 ], [ 13.203335304878092, 67.999047541160706 ] ] ] } },
{ "type": "Feature", "properties": { "gml_id": "id0afb5c88-71e2-4986-8149-5ff2a99d8fa4", "lokalId": "25fd81cc-11e9-497e-8a33-95899b0f30aa", "navnerom": "https://data.geonorge.no/sosi/kyst/sjokart_maritim_infrastruktur", "førsteDatafangstdato": null, "oppdateringsdato": "2007-09-03T00:00:00", "datauttaksdato": "2025-05-01T00:00:24", "målemetode": "ukjentMålemetode", "kabeltype": null, "sjøstatus": null }, "geometry": { "type": "MultiLineString", "coordinates": [ [ [ 13.202086945585107, 68.001200382464589 ], [ 13.203933141936197, 68.000167528383017 ] ], [ [ 13.203706716701461, 68.000022486299358 ], [ 13.203666261281507, 67.999999999623469 ] ] ] } },
{ "type": "Feature", "properties": { "gml_id": "id7e0d23b6-d695-4a95-9d94-dfc2288110bb", "lokalId": "99534d52-a272-43b7-8e79-cb484946aa17", "navnerom": "https://data.geonorge.no/sosi/kyst/sjokart_maritim_infrastruktur", "førsteDatafangstdato": null, "oppdateringsdato": "2008-03-31T00:00:00", "datauttaksdato": "2025-05-01T00:00:24", "målemetode": "ukjentMålemetode", "kabeltype": "kraftledning", "sjøstatus": "permanent" }, "geometry": { "type": "MultiLineString", "coordinates": [ [ [ 14.250000000388903, 67.281864385435384 ], [ 14.124604905663507, 67.275459589351996 ], [ 14.02974753379358, 67.282160781019002 ] ] ] } },
{ "type": "Feature", "properties": { "gml_id": "idbcd8960f-d0b1-4ca1-940e-031eeae07ce8", "lokalId": "fe9d1ea3-0cbc-4837-a3a7-a35231e4364b", "navnerom": "https://data.geonorge.no/sosi/kyst/sjokart_maritim_infrastruktur", "førsteDatafangstdato": null, "oppdateringsdato": "2008-03-31T00:00:00", "datauttaksdato": "2025-05-01T00:00:24", "målemetode": "ukjentMålemetode", "kabeltype": "kraftledning", "sjøstatus": "permanent" }, "geometry": { "type": "MultiLineString", "coordinates": [ [ [ 14.289954326059037, 67.282329829091211 ], [ 14.284884014837065, 67.281600117566754 ] ], [ [ 14.284679800957099, 67.281570282008886 ], [ 14.250000000388903, 67.281864385435384 ] ] ] } },
{ "type": "Feature", "properties": { "gml_id": "id9d18a586-5d34-44f7-9ea8-e21a188cf531", "lokalId": "1d65c31b-5e02-4790-8b15-f398e1e1b5fa", "navnerom": "https://data.geonorge.no/sosi/kyst/sjokart_maritim_infrastruktur", "førsteDatafangstdato": null, "oppdateringsdato": "2007-01-10T00:00:00", "datauttaksdato": "2025-05-01T00:00:24", "målemetode": "ukjentMålemetode", "kabeltype": null, "sjøstatus": null }, "geometry": { "type": "MultiLineString", "coordinates": [ [ [ 3.572758172704253, 60.999999999371077 ], [ 3.573962986171602, 61.038849865426201 ] ] ] } },
{ "type": "Feature", "properties": { "gml_id": "idb8c24284-a2fa-47c3-b674-54dd7720992c", "lokalId": "62e4988b-f959-47cd-a4b7-bea5f9999fbe", "navnerom": "https://data.geonorge.no/sosi/kyst/sjokart_maritim_infrastruktur", "førsteDatafangstdato": null, "oppdateringsdato": "2006-05-06T00:00:00", "datauttaksdato": "2025-05-01T00:00:24", "målemetode": "ukjentMålemetode", "kabeltype": "telefonledning", "sjøstatus": null }, "geometry": { "type": "MultiLineString", "coordinates": [ [ [ 16.11426800493896, 69.228948602398276 ], [ 16.25, 69.233663954268835 ] ] ] } },
{ "type": "Feature", "properties": { "gml_id": "idb10a3308-6321-462d-81d7-5fa0c2fcaf12", "lokalId": "708d8317-9804-444e-860f-3237ab9b36ab", "navnerom": "https://data.geonorge.no/sosi/kyst/sjokart_maritim_infrastruktur", "førsteDatafangstdato": null, "oppdateringsdato": "2006-05-06T00:00:00", "datauttaksdato": "2025-05-01T00:00:24", "målemetode": "ukjentMålemetode", "kabeltype": "telefonledning", "sjøstatus": null }, "geometry": { "type": "MultiLineString", "coordinates": [ [ [ 16.114191966880686, 69.228783469811447 ], [ 16.25, 69.221848841489475 ] ] ] } },
{ "type": "Feature", "properties": { "gml_id": "ide2916e56-e20e-4ab2-adcf-20cd19847278", "lokalId": "3a2a6052-47c5-4a77-af70-6f5cf4503587", "navnerom": "https://data.geonorge.no/sosi/kyst/sjokart_maritim_infrastruktur", "førsteDatafangstdato": null, "oppdateringsdato": "2006-05-06T00:00:00", "datauttaksdato": "2025-05-01T00:00:24", "målemetode": "ukjentMålemetode", "kabeltype": "telefonledning", "sjøstatus": null }, "geometry": { "type": "MultiLineString", "coordinates": [ [ [ 16.25, 69.221848841489475 ], [ 16.278466666666702, 69.231183332981857 ], [ 16.290302649081305, 69.249999999648963 ] ] ] } },
{ "type": "Feature", "properties": { "gml_id": "id1974deb7-013c-4338-84e7-841e235d456f", "lokalId": "bdf27a44-321d-48c7-acdf-6ccf01dd0969", "navnerom": "https://data.geonorge.no/sosi/kyst/sjokart_maritim_infrastruktur", "førsteDatafangstdato": null, "oppdateringsdato": "2006-05-06T00:00:00", "datauttaksdato": "2025-05-01T00:00:24", "målemetode": "ukjentMålemetode", "kabeltype": "telefonledning", "sjøstatus": null }, "geometry": { "type": "MultiLineString", "coordinates": [ [ [ 16.25, 69.233663954268835 ], [ 16.267960208466302, 69.249999999648935 ] ] ] } },
{ "type": "Feature", "properties": { "gml_id": "id723da3bf-5670-4006-84e2-eed040ee7607", "lokalId": "7a537e8e-95fd-4636-95c7-4d7024964c68", "navnerom": "https://data.geonorge.no/sosi/kyst/sjokart_maritim_infrastruktur", "førsteDatafangstdato": null, "oppdateringsdato": "2007-02-20T00:00:00", "datauttaksdato": "2025-05-01T00:00:24", "målemetode": "ukjentMålemetode", "kabeltype": "telefonledning", "sjøstatus": null }, "geometry": { "type": "MultiLineString", "coordinates": [ [ [ 16.25, 69.448016107510526 ], [ 16.0, 69.464563878663569 ] ] ] } },
{ "type": "Feature", "properties": { "gml_id": "id02222f64-8cdb-4800-924c-d238e338ab6e", "lokalId": "27200b0d-0141-4a37-994f-8b077567b96c", "navnerom": "https://data.geonorge.no/sosi/kyst/sjokart_maritim_infrastruktur", "førsteDatafangstdato": null, "oppdateringsdato": "2007-09-03T00:00:00", "datauttaksdato": "2025-05-01T00:00:24", "målemetode": "ukjentMålemetode", "kabeltype": null, "sjøstatus": null }, "geometry": { "type": "MultiLineString", "coordinates": [ [ [ 13.074752392103981, 67.913921881059252 ], [ 13.074973752372424, 67.914727555487431 ] ] ] } },
{ "type": "Feature", "properties": { "gml_id": "idcf24525e-ca77-471b-8efd-a128d6d7bc7e", "lokalId": "4973fcaa-d8a4-43ba-93b2-1cb7ccea37ec", "navnerom": "https://data.geonorge.no/sosi/kyst/sjokart_maritim_infrastruktur", "førsteDatafangstdato": null, "oppdateringsdato": "2007-09-03T00:00:00", "datauttaksdato": "2025-05-01T00:00:24", "målemetode": "ukjentMålemetode", "kabeltype": null, "sjøstatus": null }, "geometry": { "type": "MultiLineString", "coordinates": [ [ [ 13.079125822616783, 67.933475833838756 ], [ 13.086120534558797, 67.932907478193684 ] ] ] } },
{ "type": "Feature", "properties": { "gml_id": "id4c6d46dd-168f-4ca0-90ff-3c5261fd4a9d", "lokalId": "5bca68a5-dc46-46db-97ca-faa586196124", "navnerom": "https://data.geonorge.no/sosi/kyst/sjokart_maritim_infrastruktur", "førsteDatafangstdato": null, "oppdateringsdato": "2007-09-03T00:00:00", "datauttaksdato": "2025-05-01T00:00:24", "målemetode": "ukjentMålemetode", "kabeltype": null, "sjøstatus": null }, "geometry": { "type": "MultiLineString", "coordinates": [ [ [ 13.102570521792602, 67.936500344377009 ], [ 13.108307759899784, 67.937824246063471 ] ] ] } },
{ "type": "Feature", "properties": { "gml_id": "idda85d8d7-70b6-49d8-9bc5-0f2d911cdb3d", "lokalId": "ba44c175-6361-45ce-86b0-01172704e25f", "navnerom": "https://data.geonorge.no/sosi/kyst/sjokart_maritim_infrastruktur", "førsteDatafangstdato": null, "oppdateringsdato": "2007-09-03T00:00:00", "datauttaksdato": "2025-05-01T00:00:24", "målemetode": "ukjentMålemetode", "kabeltype": null, "sjøstatus": null }, "geometry": { "type": "MultiLineString", "coordinates": [ [ [ 12.997772320281337, 67.947110352156386 ], [ 12.990205330654209, 67.953411217513491 ] ] ] } },
{ "type": "Feature", "properties": { "gml_id": "idaf084270-46d0-4f43-9c61-b5ad8c3e771f", "lokalId": "d3d5e5ba-72f3-41c1-9966-5b090a693600", "navnerom": "https://data.geonorge.no/sosi/kyst/sjokart_maritim_infrastruktur", "førsteDatafangstdato": null, "oppdateringsdato": "2007-09-03T00:00:00", "datauttaksdato": "2025-05-01T00:00:24", "målemetode": "ukjentMålemetode", "kabeltype": null, "sjøstatus": null }, "geometry": { "type": "MultiLineString", "coordinates": [ [ [ 13.007898243082904, 67.958492272647518 ], [ 13.030474001399405, 67.95936615102886 ], [ 13.024652735589102, 67.979819179324437 ], [ 13.010616638183526, 67.987586077900431 ] ] ] } },
{ "type": "Feature", "properties": { "gml_id": "id0a73728f-3c43-42b2-abc3-bd277bbd5df2", "lokalId": "1b8cab38-899c-4745-8704-6b0967e0b33e", "navnerom": "https://data.geonorge.no/sosi/kyst/sjokart_maritim_infrastruktur", "førsteDatafangstdato": null, "oppdateringsdato": "2007-09-03T00:00:00", "datauttaksdato": "2025-05-01T00:00:24", "målemetode": "ukjentMålemetode", "kabeltype": null, "sjøstatus": null }, "geometry": { "type": "MultiLineString", "coordinates": [ [ [ 13.005187478187418, 67.958158709384392 ], [ 13.044966599197306, 67.963089145708722 ] ] ] } },
{ "type": "Feature", "properties": { "gml_id": "idf642e195-ebac-42f1-b8b0-d49aa605a946", "lokalId": "9429cbab-b6b9-4e23-aa2e-2755f5bf538d", "navnerom": "https://data.geonorge.no/sosi/kyst/sjokart_maritim_infrastruktur", "førsteDatafangstdato": null, "oppdateringsdato": "2007-09-03T00:00:00", "datauttaksdato": "2025-05-01T00:00:24", "målemetode": "ukjentMålemetode", "kabeltype": null, "sjøstatus": null }, "geometry": { "type": "MultiLineString", "coordinates": [ [ [ 13.005049063549203, 67.958099964541873 ], [ 13.058845455941206, 67.955607404053865 ] ] ] } },
{ "type": "Feature", "properties": { "gml_id": "id8f864d1b-39c6-4318-96cf-f8a4afdd133d", "lokalId": "85fdb360-d8d2-4517-83ff-2d71b4107625", "navnerom": "https://data.geonorge.no/sosi/kyst/sjokart_maritim_infrastruktur", "førsteDatafangstdato": null, "oppdateringsdato": "2006-11-24T00:00:00", "datauttaksdato": "2025-05-01T00:00:24", "målemetode": "ukjentMålemetode", "kabeltype": null, "sjøstatus": null }, "geometry": { "type": "MultiLineString", "coordinates": [ [ [ 6.433017343715858, 64.977328066396026 ], [ 6.549479626366109, 64.99385441399086 ] ] ] } },
{ "type": "Feature", "properties": { "gml_id": "idc7710953-91ef-499b-8c8a-690ccdf04a4a", "lokalId": "00b3d3f2-7080-4cd9-ab26-dcd4a854e43a", "navnerom": "https://data.geonorge.no/sosi/kyst/sjokart_maritim_infrastruktur", "førsteDatafangstdato": null, "oppdateringsdato": "2010-02-18T00:00:00", "datauttaksdato": "2025-05-01T00:00:25", "målemetode": "ukjentMålemetode", "kabeltype": null, "sjøstatus": null }, "geometry": { "type": "MultiLineString", "coordinates": [ [ [ 2.402934197316781, 59.462868485167903 ], [ 2.384749475221316, 59.454691064340565 ] ] ] } },
{ "type": "Feature", "properties": { "gml_id": "idc48d9e12-3fee-4206-aca7-b6af7d8b7cfa", "lokalId": "3110ea0b-1770-4dd8-a1aa-61bd905b3d74", "navnerom": "https://data.geonorge.no/sosi/kyst/sjokart_maritim_infrastruktur", "førsteDatafangstdato": null, "oppdateringsdato": "2006-11-24T00:00:00", "datauttaksdato": "2025-05-01T00:00:24", "målemetode": "ukjentMålemetode", "kabeltype": null, "sjøstatus": null }, "geometry": { "type": "MultiLineString", "coordinates": [ [ [ 6.456078132802467, 64.999999999545295 ], [ 6.517650935091416, 64.989517434148866 ], [ 6.549180476017053, 64.993944659825331 ] ] ] } },
{ "type": "Feature", "properties": { "gml_id": "id2a2f7e50-41d8-4ef2-bd9f-4dabec9a2533", "lokalId": "130ee9b9-9dca-4ee9-9eb6-dbe016d3cdb0", "navnerom": "https://data.geonorge.no/sosi/kyst/sjokart_maritim_infrastruktur", "førsteDatafangstdato": null, "oppdateringsdato": "2006-11-24T00:00:00", "datauttaksdato": "2025-05-01T00:00:24", "målemetode": "ukjentMålemetode", "kabeltype": null, "sjøstatus": null }, "geometry": { "type": "MultiLineString", "coordinates": [ [ [ 6.436303704787925, 65.014249028008905 ], [ 6.456078132802467, 64.999999999545295 ] ] ] } },
{ "type": "Feature", "properties": { "gml_id": "ideb165d40-5f4c-44eb-9324-73c58205437d", "lokalId": "eb319094-c2f7-445b-9a2d-dbd4a3f0d8d7", "navnerom": "https://data.geonorge.no/sosi/kyst/sjokart_maritim_infrastruktur", "førsteDatafangstdato": null, "oppdateringsdato": "2006-08-24T00:00:00", "datauttaksdato": "2025-05-01T00:00:24", "målemetode": "ukjentMålemetode", "kabeltype": "telefonledning", "sjøstatus": "permanent" }, "geometry": { "type": "MultiLineString", "coordinates": [ [ [ 13.178236967355279, 68.016581325305026 ], [ 13.194546600668192, 67.999999999057607 ] ] ] } },
{ "type": "Feature", "properties": { "gml_id": "idfa59b66a-a48e-4b67-915f-f1686cfd6535", "lokalId": "fc84672b-ed85-44b5-8199-0086df12554f", "navnerom": "https://data.geonorge.no/sosi/kyst/sjokart_maritim_infrastruktur", "førsteDatafangstdato": null, "oppdateringsdato": "2006-08-25T00:00:00", "datauttaksdato": "2025-05-01T00:00:24", "målemetode": "ukjentMålemetode", "kabeltype": "telefonledning", "sjøstatus": "permanent" }, "geometry": { "type": "MultiLineString", "coordinates": [ [ [ 13.230441686207303, 68.085186180754633 ], [ 13.202684946701389, 68.08926787176398 ], [ 13.220598955432408, 68.110953318331013 ], [ 13.250000000290711, 68.115678888594971 ] ] ] } },
{ "type": "Feature", "properties": { "gml_id": "idb3557a97-aab7-4dd3-bf38-a6ede5061439", "lokalId": "330a1693-78c6-437d-9834-fa34d6e80609", "navnerom": "https://data.geonorge.no/sosi/kyst/sjokart_maritim_infrastruktur", "førsteDatafangstdato": null, "oppdateringsdato": "2007-05-24T00:00:00", "datauttaksdato": "2025-05-01T00:00:24", "målemetode": "ukjentMålemetode", "kabeltype": null, "sjøstatus": null }, "geometry": { "type": "MultiLineString", "coordinates": [ [ [ 2.497987320101744, 61.080168313422313 ], [ 2.495629856127652, 61.077763845535372 ] ] ] } },
{ "type": "Feature", "properties": { "gml_id": "idf99d1190-f4a9-47f3-a493-c2c456c40d25", "lokalId": "edf8ed22-f73b-45fd-9998-93d4765ead70", "navnerom": "https://data.geonorge.no/sosi/kyst/sjokart_maritim_infrastruktur", "førsteDatafangstdato": null, "oppdateringsdato": "2007-08-25T00:00:00", "datauttaksdato": "2025-05-01T00:00:24", "målemetode": "ukjentMålemetode", "kabeltype": null, "sjøstatus": "ikkeIBruk" }, "geometry": { "type": "MultiLineString", "coordinates": [ [ [ 12.670977876085804, 67.66580474565535 ], [ 12.689323101684696, 67.650089392332035 ] ] ] } },
{ "type": "Feature", "properties": { "gml_id": "iddf3f68ca-5735-427e-b6f0-4694ca3f1ab6", "lokalId": "a7fc425f-852d-4ab5-924d-bc97474a8fb1", "navnerom": "https://data.geonorge.no/sosi/kyst/sjokart_maritim_infrastruktur", "førsteDatafangstdato": null, "oppdateringsdato": "2007-09-10T00:00:00", "datauttaksdato": "2025-05-01T00:00:24", "målemetode": "ukjentMålemetode", "kabeltype": null, "sjøstatus": null }, "geometry": { "type": "MultiLineString", "coordinates": [ [ [ 12.721748006487902, 67.652318000067794 ], [ 12.720501630358024, 67.652402576426439 ] ], [ [ 12.719453475255731, 67.652473701939627 ], [ 12.718833370761594, 67.65251578087458 ] ] ] } },
{ "type": "Feature", "properties": { "gml_id": "id643791ad-2be4-446c-86c6-f98c66fb3dad", "lokalId": "34e1f376-c270-4244-912f-0e1303231935", "navnerom": "https://data.geonorge.no/sosi/kyst/sjokart_maritim_infrastruktur", "førsteDatafangstdato": null, "oppdateringsdato": "2006-03-15T00:00:00", "datauttaksdato": "2025-05-01T00:00:24", "målemetode": "ukjentMålemetode", "kabeltype": "kraftledning", "sjøstatus": "permanent" }, "geometry": { "type": "MultiLineString", "coordinates": [ [ [ 23.25, 70.94158475307529 ], [ 23.164114802663605, 70.965166611193908 ], [ 23.137380967341905, 70.999999999680895 ] ] ] } },
{ "type": "Feature", "properties": { "gml_id": "idccff1fbb-e92f-4ef7-8a61-20ac5b09899b", "lokalId": "fc7350d2-3008-4c22-8ec2-755642e434dc", "navnerom": "https://data.geonorge.no/sosi/kyst/sjokart_maritim_infrastruktur", "førsteDatafangstdato": null, "oppdateringsdato": "2006-03-15T00:00:00", "datauttaksdato": "2025-05-01T00:00:24", "målemetode": "ukjentMålemetode", "kabeltype": "kraftledning", "sjøstatus": "permanent" }, "geometry": { "type": "MultiLineString", "coordinates": [ [ [ 23.5, 70.858483460036823 ], [ 23.416536737013907, 70.922313676849441 ], [ 23.25, 70.94158475307529 ] ] ] } },
{ "type": "Feature", "properties": { "gml_id": "id6568fb41-e808-48de-afe0-513b0395436e", "lokalId": "b06afc6a-99f1-48be-ab7b-a30a1012a82e", "navnerom": "https://data.geonorge.no/sosi/kyst/sjokart_maritim_infrastruktur", "førsteDatafangstdato": null, "oppdateringsdato": "2006-03-15T00:00:00", "datauttaksdato": "2025-05-01T00:00:24", "målemetode": "ukjentMålemetode", "kabeltype": "kraftledning", "sjøstatus": "permanent" }, "geometry": { "type": "MultiLineString", "coordinates": [ [ [ 23.620790498537897, 70.749999999676533 ], [ 23.649165009773682, 70.766088770291233 ], [ 23.641852629121484, 70.78580892367512 ], [ 23.528715508101392, 70.832840262182458 ], [ 23.5, 70.858483460036823 ] ] ] } },
{ "type": "Feature", "properties": { "gml_id": "id06ade4dd-fc87-450a-b41a-acd440103cf6", "lokalId": "b6b52715-b49a-4204-94a3-4d4a86451790", "navnerom": "https://data.geonorge.no/sosi/kyst/sjokart_maritim_infrastruktur", "førsteDatafangstdato": null, "oppdateringsdato": "2006-03-15T00:00:00", "datauttaksdato": "2025-05-01T00:00:24", "målemetode": "ukjentMålemetode", "kabeltype": "kraftledning", "sjøstatus": "permanent" }, "geometry": { "type": "MultiLineString", "coordinates": [ [ [ 23.55, 70.693866677098129 ], [ 23.524404106898892, 70.715829877209842 ], [ 23.620790498537897, 70.749999999676533 ] ] ] } },
{ "type": "Feature", "properties": { "gml_id": "idae6a78a8-7789-464e-bd3f-0873b139bd3d", "lokalId": "c64d8402-c3b0-4f70-99f1-b4dc539845fb", "navnerom": "https://data.geonorge.no/sosi/kyst/sjokart_maritim_infrastruktur", "førsteDatafangstdato": null, "oppdateringsdato": "2007-09-03T00:00:00", "datauttaksdato": "2025-05-01T00:00:24", "målemetode": "ukjentMålemetode", "kabeltype": null, "sjøstatus": null }, "geometry": { "type": "MultiLineString", "coordinates": [ [ [ 13.129763911466604, 67.946759411568564 ], [ 13.131523939127087, 67.951060923568164 ] ] ] } },
{ "type": "Feature", "properties": { "gml_id": "id0fcb8842-5893-48b1-a06c-e7b3af2bfb8e", "lokalId": "effffbdb-894c-4217-8e6a-a580f8d91305", "navnerom": "https://data.geonorge.no/sosi/kyst/sjokart_maritim_infrastruktur", "førsteDatafangstdato": null, "oppdateringsdato": "2007-09-10T00:00:00", "datauttaksdato": "2025-05-01T00:00:24", "målemetode": "ukjentMålemetode", "kabeltype": "kraftledning", "sjøstatus": null }, "geometry": { "type": "MultiLineString", "coordinates": [ [ [ 12.719609620913308, 67.651469520561491 ], [ 12.75, 67.645071518335044 ] ] ] } },
{ "type": "Feature", "properties": { "gml_id": "idbb8f3734-1c2a-4e1e-8b9e-c4d47dca029f", "lokalId": "a4fd192c-7d26-4cba-9473-6987f33d857c", "navnerom": "https://data.geonorge.no/sosi/kyst/sjokart_maritim_infrastruktur", "førsteDatafangstdato": null, "oppdateringsdato": "2007-10-26T00:00:00", "datauttaksdato": "2025-05-01T00:00:24", "målemetode": "ukjentMålemetode", "kabeltype": null, "sjøstatus": null }, "geometry": { "type": "MultiLineString", "coordinates": [ [ [ 13.128346875899554, 68.048785099571333 ], [ 13.145662517291697, 68.04084596512493 ] ] ] } },
{ "type": "Feature", "properties": { "gml_id": "id20bdd214-9c6f-4b04-87e0-5d9e3a1ee3fb", "lokalId": "c9d6168b-ca36-465f-987a-79d2896b27ab", "navnerom": "https://data.geonorge.no/sosi/kyst/sjokart_maritim_infrastruktur", "førsteDatafangstdato": null, "oppdateringsdato": "2007-10-26T00:00:00", "datauttaksdato": "2025-05-01T00:00:24", "målemetode": "ukjentMålemetode", "kabeltype": null, "sjøstatus": null }, "geometry": { "type": "MultiLineString", "coordinates": [ [ [ 13.148144023612964, 68.074241081598814 ], [ 13.145987502131371, 68.064631162193976 ] ] ] } },
{ "type": "Feature", "properties": { "gml_id": "idc25a4635-3667-4be0-af03-f4603c40c299", "lokalId": "690d9a96-1299-4dbc-8f9c-3d1913a9d3eb", "navnerom": "https://data.geonorge.no/sosi/kyst/sjokart_maritim_infrastruktur", "førsteDatafangstdato": null, "oppdateringsdato": "2007-10-26T00:00:00", "datauttaksdato": "2025-05-01T00:00:24", "målemetode": "ukjentMålemetode", "kabeltype": null, "sjøstatus": null }, "geometry": { "type": "MultiLineString", "coordinates": [ [ [ 13.205648216325805, 68.082007017703376 ], [ 13.22589708983819, 68.082048280661411 ] ] ] } },
{ "type": "Feature", "properties": { "gml_id": "id012c1636-ecec-452a-9dfd-2d957540bdd1", "lokalId": "f2525c61-efdf-4d5a-bade-d76f94bc5e4c", "navnerom": "https://data.geonorge.no/sosi/kyst/sjokart_maritim_infrastruktur", "førsteDatafangstdato": null, "oppdateringsdato": "2007-09-03T00:00:00", "datauttaksdato": "2025-05-01T00:00:24", "målemetode": "ukjentMålemetode", "kabeltype": null, "sjøstatus": null }, "geometry": { "type": "MultiLineString", "coordinates": [ [ [ 13.089979997765919, 67.936726557363841 ], [ 13.088619709620806, 67.9379540044077 ] ] ] } },
{ "type": "Feature", "properties": { "gml_id": "id6c7ce25d-5b05-4d20-b638-7ab9a3544466", "lokalId": "fca147f5-034e-4d3f-8ee7-9d84b2e28721", "navnerom": "https://data.geonorge.no/sosi/kyst/sjokart_maritim_infrastruktur", "førsteDatafangstdato": null, "oppdateringsdato": "2007-09-03T00:00:00", "datauttaksdato": "2025-05-01T00:00:24", "målemetode": "ukjentMålemetode", "kabeltype": null, "sjøstatus": null }, "geometry": { "type": "MultiLineString", "coordinates": [ [ [ 13.08860576898269, 67.937966747022301 ], [ 13.088418451110808, 67.938135680333502 ] ] ] } },
{ "type": "Feature", "properties": { "gml_id": "idd0591016-b662-4924-8199-3d61a84a5f46", "lokalId": "bcbf0cd9-3666-48e0-bad3-69d5cdeb3307", "navnerom": "https://data.geonorge.no/sosi/kyst/sjokart_maritim_infrastruktur", "førsteDatafangstdato": null, "oppdateringsdato": "2007-09-03T00:00:00", "datauttaksdato": "2025-05-01T00:00:24", "målemetode": "ukjentMålemetode", "kabeltype": null, "sjøstatus": null }, "geometry": { "type": "MultiLineString", "coordinates": [ [ [ 13.058926387929695, 67.95555344939487 ], [ 13.077381447559148, 67.940829094056582 ] ], [ [ 13.077462594643006, 67.940778472546057 ], [ 13.078509286664904, 67.940125520786282 ] ] ] } },
{ "type": "Feature", "properties": { "gml_id": "id8f868076-0165-47ca-890f-e1e8b02adc3b", "lokalId": "e1a98a3d-ed67-41f4-8795-4ef61b6321b7", "navnerom": "https://data.geonorge.no/sosi/kyst/sjokart_maritim_infrastruktur", "førsteDatafangstdato": null, "oppdateringsdato": "2007-09-03T00:00:00", "datauttaksdato": "2025-05-01T00:00:24", "målemetode": "ukjentMålemetode", "kabeltype": null, "sjøstatus": null }, "geometry": { "type": "MultiLineString", "coordinates": [ [ [ 13.072003709968124, 67.940684218998953 ], [ 13.076311220149927, 67.944465837779433 ], [ 13.068590909342289, 67.950801779798155 ] ] ] } },
{ "type": "Feature", "properties": { "gml_id": "idb87e0722-1da4-4c5c-8ea0-24b5fd79d5fa", "lokalId": "42fb0aec-c79d-4bf5-bdcd-7d19cd4a12bb", "navnerom": "https://data.geonorge.no/sosi/kyst/sjokart_maritim_infrastruktur", "førsteDatafangstdato": null, "oppdateringsdato": "2007-09-03T00:00:00", "datauttaksdato": "2025-05-01T00:00:24", "målemetode": "ukjentMålemetode", "kabeltype": null, "sjøstatus": null }, "geometry": { "type": "MultiLineString", "coordinates": [ [ [ 13.072526085853886, 67.940698291689415 ], [ 13.099241218312111, 67.953544528592161 ], [ 13.094307139676578, 67.954528962475436 ] ] ] } },
{ "type": "Feature", "properties": { "gml_id": "id38df8938-baf9-4b00-823d-70f6f0a9753d", "lokalId": "19e32575-5ea7-44da-afbd-3b3987ea40fc", "navnerom": "https://data.geonorge.no/sosi/kyst/sjokart_maritim_infrastruktur", "førsteDatafangstdato": null, "oppdateringsdato": "2007-09-03T00:00:00", "datauttaksdato": "2025-05-01T00:00:24", "målemetode": "ukjentMålemetode", "kabeltype": null, "sjøstatus": null }, "geometry": { "type": "MultiLineString", "coordinates": [ [ [ 13.072688825756831, 67.940702675866305 ], [ 13.090380383308972, 67.944592933417553 ] ], [ [ 13.090818594937378, 67.944643607061295 ], [ 13.131523939127087, 67.951060923568164 ] ] ] } },
{ "type": "Feature", "properties": { "gml_id": "id90cf7084-9d1a-49bf-90f6-b3c6fa685ab6", "lokalId": "526fbc0e-6210-4084-a39f-e1b83891014a", "navnerom": "https://data.geonorge.no/sosi/kyst/sjokart_maritim_infrastruktur", "førsteDatafangstdato": null, "oppdateringsdato": "2007-09-03T00:00:00", "datauttaksdato": "2025-05-01T00:00:24", "målemetode": "ukjentMålemetode", "kabeltype": null, "sjøstatus": null }, "geometry": { "type": "MultiLineString", "coordinates": [ [ [ 13.103729985376084, 67.944116999510626 ], [ 13.119735713427124, 67.952416461736732 ] ] ] } },
{ "type": "Feature", "properties": { "gml_id": "id5f7f6a47-13d0-4c32-af21-0c31fb560055", "lokalId": "4803d1fb-27aa-4bdb-9009-01af391c91c9", "navnerom": "https://data.geonorge.no/sosi/kyst/sjokart_maritim_infrastruktur", "førsteDatafangstdato": null, "oppdateringsdato": "2007-09-03T00:00:00", "datauttaksdato": "2025-05-01T00:00:24", "målemetode": "ukjentMålemetode", "kabeltype": null, "sjøstatus": null }, "geometry": { "type": "MultiLineString", "coordinates": [ [ [ 13.133754713959009, 67.948863570819739 ], [ 13.134438746212602, 67.948944224690123 ] ] ] } },
{ "type": "Feature", "properties": { "gml_id": "id1aa64379-ca88-461f-b81c-756fc4381908", "lokalId": "510c3022-88f9-4de9-b905-62724d9dbbd3", "navnerom": "https://data.geonorge.no/sosi/kyst/sjokart_maritim_infrastruktur", "førsteDatafangstdato": null, "oppdateringsdato": "2010-02-18T00:00:00", "datauttaksdato": "2025-05-01T00:00:24", "målemetode": "ukjentMålemetode", "kabeltype": null, "sjøstatus": null }, "geometry": { "type": "MultiLineString", "coordinates": [ [ [ 3.5, 57.936984921211625 ], [ 3.427251840198915, 57.999999999145707 ] ] ] } },
{ "type": "Feature", "properties": { "gml_id": "id80750c30-0d95-41ec-b122-a45c9f23bc1b", "lokalId": "59741e41-a6ba-4e2b-a4a0-487365a6a811", "navnerom": "https://data.geonorge.no/sosi/kyst/sjokart_maritim_infrastruktur", "førsteDatafangstdato": null, "oppdateringsdato": "2007-09-03T00:00:00", "datauttaksdato": "2025-05-01T00:00:24", "målemetode": "ukjentMålemetode", "kabeltype": null, "sjøstatus": null }, "geometry": { "type": "MultiLineString", "coordinates": [ [ [ 13.131514266201604, 67.951064550915234 ], [ 13.119755147658895, 67.952414694988406 ] ] ] } },
{ "type": "Feature", "properties": { "gml_id": "id035198b5-b0ba-4bee-b423-fa3db2b829de", "lokalId": "11944da8-2df4-4d4c-aa59-65681e9d1c8c", "navnerom": "https://data.geonorge.no/sosi/kyst/sjokart_maritim_infrastruktur", "førsteDatafangstdato": null, "oppdateringsdato": "2007-09-03T00:00:00", "datauttaksdato": "2025-05-01T00:00:24", "målemetode": "ukjentMålemetode", "kabeltype": null, "sjøstatus": null }, "geometry": { "type": "MultiLineString", "coordinates": [ [ [ 13.131114343728408, 67.949211093361811 ], [ 13.135182111080107, 67.949849774128268 ] ] ] } },
{ "type": "Feature", "properties": { "gml_id": "idfac72823-34dd-4ccc-b24e-8133826d28f8", "lokalId": "29018468-1a3e-45b8-8e49-9fb0f98b216c", "navnerom": "https://data.geonorge.no/sosi/kyst/sjokart_maritim_infrastruktur", "førsteDatafangstdato": null, "oppdateringsdato": "2007-09-03T00:00:00", "datauttaksdato": "2025-05-01T00:00:24", "målemetode": "ukjentMålemetode", "kabeltype": null, "sjøstatus": null }, "geometry": { "type": "MultiLineString", "coordinates": [ [ [ 13.139133266740432, 67.951650185804837 ], [ 13.194421502301108, 67.976790134307635 ], [ 13.182724622252717, 67.98284554083736 ] ] ] } },
{ "type": "Feature", "properties": { "gml_id": "id091d45d3-6181-41c7-818c-c0aa7085d193", "lokalId": "ba33767c-37ef-4111-8d79-62ecf271c49b", "navnerom": "https://data.geonorge.no/sosi/kyst/sjokart_maritim_infrastruktur", "førsteDatafangstdato": null, "oppdateringsdato": "2010-02-18T00:00:00", "datauttaksdato": "2025-05-01T00:00:24", "målemetode": "ukjentMålemetode", "kabeltype": null, "sjøstatus": null }, "geometry": { "type": "MultiLineString", "coordinates": [ [ [ 4.222134693051212, 57.474782498868706 ], [ 4.19624100982609, 57.499999999097142 ] ] ] } },
{ "type": "Feature", "properties": { "gml_id": "id70afedf1-7935-4bf8-845f-b55d228f32c5", "lokalId": "76bb93d0-08e8-4ae8-be45-b6daf38c29bb", "navnerom": "https://data.geonorge.no/sosi/kyst/sjokart_maritim_infrastruktur", "førsteDatafangstdato": null, "oppdateringsdato": "2010-02-18T00:00:00", "datauttaksdato": "2025-05-01T00:00:24", "målemetode": "ukjentMålemetode", "kabeltype": null, "sjøstatus": null }, "geometry": { "type": "MultiLineString", "coordinates": [ [ [ 4.19624100982609, 57.499999999097142 ], [ 4.0, 57.687000152234511 ] ] ] } },
{ "type": "Feature", "properties": { "gml_id": "id82854a50-bf56-4597-a979-d884d2674911", "lokalId": "38e6bcae-4a2e-4539-8bd9-44027c84ff41", "navnerom": "https://data.geonorge.no/sosi/kyst/sjokart_maritim_infrastruktur", "førsteDatafangstdato": null, "oppdateringsdato": "2010-02-18T00:00:00", "datauttaksdato": "2025-05-01T00:00:24", "målemetode": "ukjentMålemetode", "kabeltype": null, "sjøstatus": null }, "geometry": { "type": "MultiLineString", "coordinates": [ [ [ 3.671304161566249, 57.999999999145722 ], [ 3.5, 58.130388532299342 ] ] ] } },
{ "type": "Feature", "properties": { "gml_id": "idf41fe13e-0ad0-476b-a747-096b6ee8bc2c", "lokalId": "5c9f7df2-3356-4d1c-bca9-483874711e0e", "navnerom": "https://data.geonorge.no/sosi/kyst/sjokart_maritim_infrastruktur", "førsteDatafangstdato": null, "oppdateringsdato": "2010-02-18T00:00:00", "datauttaksdato": "2025-05-01T00:00:24", "målemetode": "ukjentMålemetode", "kabeltype": null, "sjøstatus": null }, "geometry": { "type": "MultiLineString", "coordinates": [ [ [ 3.5, 58.130388532299342 ], [ 3.345764065014039, 58.257502669934595 ], [ 3.0, 58.499999999190742 ] ] ] } },
{ "type": "Feature", "properties": { "gml_id": "idebd8f567-732c-4cb5-9b90-b8eef8643c84", "lokalId": "ee6c5e88-a8e5-44cc-a23c-e3e134b6eb8e", "navnerom": "https://data.geonorge.no/sosi/kyst/sjokart_maritim_infrastruktur", "førsteDatafangstdato": null, "oppdateringsdato": "2010-02-18T00:00:00", "datauttaksdato": "2025-05-01T00:00:24", "målemetode": "ukjentMålemetode", "kabeltype": null, "sjøstatus": null }, "geometry": { "type": "MultiLineString", "coordinates": [ [ [ 3.0, 58.499999999190742 ], [ 2.5, 58.87036864864055 ] ] ] } },
{ "type": "Feature", "properties": { "gml_id": "idc5918c86-e5f1-457f-b552-fe029429bb2e", "lokalId": "d5076958-bc80-4a45-bc4b-d6085aa8e1ca", "navnerom": "https://data.geonorge.no/sosi/kyst/sjokart_maritim_infrastruktur", "førsteDatafangstdato": null, "oppdateringsdato": "2010-02-18T00:00:00", "datauttaksdato": "2025-05-01T00:00:24", "målemetode": "ukjentMålemetode", "kabeltype": null, "sjøstatus": null }, "geometry": { "type": "MultiLineString", "coordinates": [ [ [ 4.500000000111547, 57.002475323851137 ], [ 4.503048864811648, 56.999999999044974 ] ] ] } },
{ "type": "Feature", "properties": { "gml_id": "id214d5b33-566d-410e-b1f9-05b1d09de7f5", "lokalId": "01beecf8-cc08-4528-b43d-6c660e82861a", "navnerom": "https://data.geonorge.no/sosi/kyst/sjokart_maritim_infrastruktur", "førsteDatafangstdato": null, "oppdateringsdato": "2010-02-18T00:00:00", "datauttaksdato": "2025-05-01T00:00:24", "målemetode": "ukjentMålemetode", "kabeltype": null, "sjøstatus": null }, "geometry": { "type": "MultiLineString", "coordinates": [ [ [ 3.964521713691113, 57.499999999097156 ], [ 3.5, 57.936984921211625 ] ] ] } },
{ "type": "Feature", "properties": { "gml_id": "id17975a94-5382-487c-91e4-0f53e29cc052", "lokalId": "03e8b9c2-cef9-456a-8116-e309cd62d85c", "navnerom": "https://data.geonorge.no/sosi/kyst/sjokart_maritim_infrastruktur", "førsteDatafangstdato": null, "oppdateringsdato": "2010-02-18T00:00:00", "datauttaksdato": "2025-05-01T00:00:24", "målemetode": "ukjentMålemetode", "kabeltype": "telefonledning", "sjøstatus": null }, "geometry": { "type": "MultiLineString", "coordinates": [ [ [ 2.5, 59.246594474682858 ], [ 2.525934657895883, 59.251993302294188 ], [ 2.541034320516802, 59.268810803108508 ], [ 2.553598101669968, 59.334846764602723 ], [ 2.5, 59.397693956274203 ] ] ] } },
{ "type": "Feature", "properties": { "gml_id": "idee5c534b-ff9a-4a1a-9fa7-ddc1f1863497", "lokalId": "d0d832d3-03b9-4ca0-93ba-f324dc78514c", "navnerom": "https://data.geonorge.no/sosi/kyst/sjokart_maritim_infrastruktur", "førsteDatafangstdato": null, "oppdateringsdato": "2008-04-09T00:00:00", "datauttaksdato": "2025-05-01T00:00:25", "målemetode": "ukjentMålemetode", "kabeltype": null, "sjøstatus": null }, "geometry": { "type": "MultiLineString", "coordinates": [ [ [ 6.25, 63.044660690999969 ], [ 6.410453321002676, 62.999999999471925 ] ] ] } },
{ "type": "Feature", "properties": { "gml_id": "ide4d28f66-df62-4060-ace1-998ccfea58cf", "lokalId": "d3a149ba-1429-4cc2-a968-276c4bc97453", "navnerom": "https://data.geonorge.no/sosi/kyst/sjokart_maritim_infrastruktur", "førsteDatafangstdato": null, "oppdateringsdato": "2008-04-09T00:00:00", "datauttaksdato": "2025-05-01T00:00:25", "målemetode": "ukjentMålemetode", "kabeltype": null, "sjøstatus": null }, "geometry": { "type": "MultiLineString", "coordinates": [ [ [ 6.358947152723983, 62.999999999471925 ], [ 6.25, 63.029846390754514 ] ] ] } },
{ "type": "Feature", "properties": { "gml_id": "idffe1bd6a-d8ce-46b1-8c71-5235fd2f7253", "lokalId": "59ad9079-76a8-4f3a-ac61-dce1ff7cbafa", "navnerom": "https://data.geonorge.no/sosi/kyst/sjokart_maritim_infrastruktur", "førsteDatafangstdato": null, "oppdateringsdato": "2008-04-09T00:00:00", "datauttaksdato": "2025-05-01T00:00:25", "målemetode": "ukjentMålemetode", "kabeltype": null, "sjøstatus": null }, "geometry": { "type": "MultiLineString", "coordinates": [ [ [ 6.154526048810306, 63.086013650681735 ], [ 6.25, 63.044660690999969 ] ] ] } },
{ "type": "Feature", "properties": { "gml_id": "id31fd220f-d399-4e84-a762-25812cff2e6b", "lokalId": "e7cc0f54-9b4e-4fac-b692-17721e8a73df", "navnerom": "https://data.geonorge.no/sosi/kyst/sjokart_maritim_infrastruktur", "førsteDatafangstdato": null, "oppdateringsdato": "2008-04-09T00:00:00", "datauttaksdato": "2025-05-01T00:00:25", "målemetode": "ukjentMålemetode", "kabeltype": null, "sjøstatus": null }, "geometry": { "type": "MultiLineString", "coordinates": [ [ [ 6.25, 63.029846390754514 ], [ 6.15446119527493, 63.064802880937911 ] ] ] } },
{ "type": "Feature", "properties": { "gml_id": "id8d38c659-ab00-45cf-9a8f-82f783615caa", "lokalId": "e77ea5e3-0a80-4ca0-ba12-06fb4e68d406", "navnerom": "https://data.geonorge.no/sosi/kyst/sjokart_maritim_infrastruktur", "førsteDatafangstdato": null, "oppdateringsdato": "2010-03-24T00:00:00", "datauttaksdato": "2025-05-01T00:00:25", "målemetode": "ukjentMålemetode", "kabeltype": null, "sjøstatus": "ikkeIBruk" }, "geometry": { "type": "MultiLineString", "coordinates": [ [ [ 4.777648118069737, 58.205715685831095 ], [ 4.702221050118336, 58.203027790406978 ] ] ] } },
{ "type": "Feature", "properties": { "gml_id": "id5ffed6ad-e3ef-45e7-bb98-8c1125a329b6", "lokalId": "e1af682b-2c04-42b0-9116-62fd708c6b51", "navnerom": "https://data.geonorge.no/sosi/kyst/sjokart_maritim_infrastruktur", "førsteDatafangstdato": null, "oppdateringsdato": "2010-03-24T00:00:00", "datauttaksdato": "2025-05-01T00:00:25", "målemetode": "ukjentMålemetode", "kabeltype": null, "sjøstatus": "ikkeIBruk" }, "geometry": { "type": "MultiLineString", "coordinates": [ [ [ 4.373673670824154, 58.192762537499021 ], [ 4.096028079299138, 58.18322816718419 ] ] ] } },
{ "type": "Feature", "properties": { "gml_id": "id5fd32d20-4d82-4ece-94c8-6535bed468f6", "lokalId": "7e25f3ad-584d-4d57-bc48-741af44ae4a0", "navnerom": "https://data.geonorge.no/sosi/kyst/sjokart_maritim_infrastruktur", "førsteDatafangstdato": null, "oppdateringsdato": "2010-01-22T00:00:00", "datauttaksdato": "2025-05-01T00:00:25", "målemetode": "ukjentMålemetode", "kabeltype": "kraftledning", "sjøstatus": null }, "geometry": { "type": "MultiLineString", "coordinates": [ [ [ 2.001345136666214, 61.063678494412727 ], [ 2.035173902246034, 61.054914281639448 ] ] ] } },
{ "type": "Feature", "properties": { "gml_id": "idb59a4317-4476-4b4b-b5ab-5e61d7fbab7a", "lokalId": "46089c47-5f10-41e2-8e4b-278c5b8321eb", "navnerom": "https://data.geonorge.no/sosi/kyst/sjokart_maritim_infrastruktur", "førsteDatafangstdato": null, "oppdateringsdato": "2010-01-22T00:00:00", "datauttaksdato": "2025-05-01T00:00:25", "målemetode": "ukjentMålemetode", "kabeltype": "kraftledning", "sjøstatus": null }, "geometry": { "type": "MultiLineString", "coordinates": [ [ [ 2.035050099289436, 61.054805427493037 ], [ 2.072118765865823, 61.054957329459377 ] ] ] } },
{ "type": "Feature", "properties": { "gml_id": "id1294b400-9315-4101-83eb-db1c984161cc", "lokalId": "20b35b75-5ab1-42a0-b126-26e790f87581", "navnerom": "https://data.geonorge.no/sosi/kyst/sjokart_maritim_infrastruktur", "førsteDatafangstdato": null, "oppdateringsdato": "2010-01-22T00:00:00", "datauttaksdato": "2025-05-01T00:00:25", "målemetode": "ukjentMålemetode", "kabeltype": "kraftledning", "sjøstatus": null }, "geometry": { "type": "MultiLineString", "coordinates": [ [ [ 1.954648327225951, 61.444199621565545 ], [ 1.923237287059494, 61.43379618398172 ] ] ] } },
{ "type": "Feature", "properties": { "gml_id": "idbe124487-d118-441d-8299-be4aeba6ddb4", "lokalId": "28dd5547-2747-454d-a125-76c33f579ced", "navnerom": "https://data.geonorge.no/sosi/kyst/sjokart_maritim_infrastruktur", "førsteDatafangstdato": "2000-03-20T00:00:00", "oppdateringsdato": "2010-03-24T00:00:00", "datauttaksdato": "2025-05-01T00:00:25", "målemetode": "ukjentMålemetode", "kabeltype": null, "sjøstatus": "ikkeIBruk" }, "geometry": { "type": "MultiLineString", "coordinates": [ [ [ 8.044619166667751, 57.749999999121819 ], [ 8.046938888889972, 57.730178610231029 ], [ 8.060366111112192, 57.723963888008186 ], [ 8.171295407267852, 57.545899518156922 ] ] ] } },
{ "type": "Feature", "properties": { "gml_id": "id6db14af5-68a6-4339-904d-0fea35d57c32", "lokalId": "f94acece-7acd-4a7c-8653-170d17653915", "navnerom": "https://data.geonorge.no/sosi/kyst/sjokart_maritim_infrastruktur", "førsteDatafangstdato": "2000-03-20T00:00:00", "oppdateringsdato": "2010-03-24T00:00:00", "datauttaksdato": "2025-05-01T00:00:25", "målemetode": "ukjentMålemetode", "kabeltype": null, "sjøstatus": "ikkeIBruk" }, "geometry": { "type": "MultiLineString", "coordinates": [ [ [ 8.171295407267852, 57.545899518156922 ], [ 8.171336882865743, 57.545828966870779 ] ] ] } },
{ "type": "Feature", "properties": { "gml_id": "id2c5d78d7-6962-479f-9488-73dbbfaf07fb", "lokalId": "87c671d6-4274-4acd-9729-8b547788f780", "navnerom": "https://data.geonorge.no/sosi/kyst/sjokart_maritim_infrastruktur", "førsteDatafangstdato": null, "oppdateringsdato": "2008-04-09T00:00:00", "datauttaksdato": "2025-05-01T00:00:25", "målemetode": "ukjentMålemetode", "kabeltype": null, "sjøstatus": null }, "geometry": { "type": "MultiLineString", "coordinates": [ [ [ 6.0, 63.160349115560095 ], [ 6.05668144327496, 63.126531753834499 ], [ 6.154526048810306, 63.086013650681735 ] ] ] } },
{ "type": "Feature", "properties": { "gml_id": "id19690578-ad59-4542-8d72-85f8a9f7dcce", "lokalId": "ba2728d6-9003-4150-b1ee-aa1a4ca2fcc9", "navnerom": "https://data.geonorge.no/sosi/kyst/sjokart_maritim_infrastruktur", "førsteDatafangstdato": null, "oppdateringsdato": "2010-01-22T00:00:00", "datauttaksdato": "2025-05-01T00:00:25", "målemetode": "ukjentMålemetode", "kabeltype": "kraftledning", "sjøstatus": null }, "geometry": { "type": "MultiLineString", "coordinates": [ [ [ 3.606735081151094, 60.888474814306285 ], [ 3.584893065072249, 60.915141875027778 ] ] ] } },
{ "type": "Feature", "properties": { "gml_id": "ida656058f-6fc3-4621-ac93-5d7c7d29afea", "lokalId": "973e3043-a870-45e3-98c8-1498d4de9307", "navnerom": "https://data.geonorge.no/sosi/kyst/sjokart_maritim_infrastruktur", "førsteDatafangstdato": null, "oppdateringsdato": "2010-01-22T00:00:00", "datauttaksdato": "2025-05-01T00:00:25", "målemetode": "ukjentMålemetode", "kabeltype": "kraftledning", "sjøstatus": null }, "geometry": { "type": "MultiLineString", "coordinates": [ [ [ 4.5, 60.559100008489629 ], [ 4.625, 60.534792612354842 ] ] ] } },
{ "type": "Feature", "properties": { "gml_id": "id68f5dd0f-bac9-4e80-bb8e-b47b9fd1e7c2", "lokalId": "5a4c00b4-ed0c-45d1-8765-fad17fcfd64a", "navnerom": "https://data.geonorge.no/sosi/kyst/sjokart_maritim_infrastruktur", "førsteDatafangstdato": null, "oppdateringsdato": "2008-10-17T00:00:00", "datauttaksdato": "2025-05-01T00:00:25", "målemetode": "ukjentMålemetode", "kabeltype": "kraftledning", "sjøstatus": null }, "geometry": { "type": "MultiLineString", "coordinates": [ [ [ 12.708204077018681, 67.656211785777501 ], [ 12.711949391611995, 67.656486873230222 ] ] ] } },
{ "type": "Feature", "properties": { "gml_id": "id68172535-5fbb-4a1e-a3be-f8b7ab4e5b76", "lokalId": "bb2fba1f-50f6-4ce5-b172-366248b0c10f", "navnerom": "https://data.geonorge.no/sosi/kyst/sjokart_maritim_infrastruktur", "førsteDatafangstdato": null, "oppdateringsdato": "2010-02-18T00:00:00", "datauttaksdato": "2025-05-01T00:00:25", "målemetode": "ukjentMålemetode", "kabeltype": null, "sjøstatus": null }, "geometry": { "type": "MultiLineString", "coordinates": [ [ [ 2.403559368440265, 59.462393902709202 ], [ 2.384749475221316, 59.454691064340565 ] ] ] } },
{ "type": "Feature", "properties": { "gml_id": "id8232e377-a142-4590-bcc9-ef86c921435b", "lokalId": "ede1650a-8041-48e8-bb38-bf9fbf8551e0", "navnerom": "https://data.geonorge.no/sosi/kyst/sjokart_maritim_infrastruktur", "førsteDatafangstdato": null, "oppdateringsdato": "2010-02-18T00:00:00", "datauttaksdato": "2025-05-01T00:00:25", "målemetode": "ukjentMålemetode", "kabeltype": "telefonledning", "sjøstatus": null }, "geometry": { "type": "MultiLineString", "coordinates": [ [ [ 2.363911667284071, 58.960316372605874 ], [ 2.38183936924795, 58.975084872990756 ], [ 2.38643587392422, 58.999999999232564 ] ] ] } },
{ "type": "Feature", "properties": { "gml_id": "id08b91cf8-fadd-4c4c-954e-1bdc383b152b", "lokalId": "0527989e-2660-4736-8feb-4d70979179bd", "navnerom": "https://data.geonorge.no/sosi/kyst/sjokart_maritim_infrastruktur", "førsteDatafangstdato": null, "oppdateringsdato": "2008-05-28T00:00:00", "datauttaksdato": "2025-05-01T00:00:25", "målemetode": "ukjentMålemetode", "kabeltype": "kraftledning", "sjøstatus": null }, "geometry": { "type": "MultiLineString", "coordinates": [ [ [ 4.819778558563905, 60.548226230396345 ], [ 4.817490309868695, 60.545470450897049 ] ] ] } },
{ "type": "Feature", "properties": { "gml_id": "id3ae099f3-d475-4cb5-9ab4-64f8be27db71", "lokalId": "e3de8634-394c-4101-ab39-eff54c168dc5", "navnerom": "https://data.geonorge.no/sosi/kyst/sjokart_maritim_infrastruktur", "førsteDatafangstdato": null, "oppdateringsdato": "2008-05-28T00:00:00", "datauttaksdato": "2025-05-01T00:00:25", "målemetode": "ukjentMålemetode", "kabeltype": "kraftledning", "sjøstatus": null }, "geometry": { "type": "MultiLineString", "coordinates": [ [ [ 4.823542749288555, 60.553649853813759 ], [ 4.822246452428192, 60.552815102545495 ] ], [ [ 4.822101885680176, 60.552640203606977 ], [ 4.821309529491654, 60.550172541415677 ] ] ] } },
{ "type": "Feature", "properties": { "gml_id": "id028f3354-cd1c-41f5-8b7c-35ba1b25789d", "lokalId": "c9641131-fd6e-426c-992b-a2292e0e2f1a", "navnerom": "https://data.geonorge.no/sosi/kyst/sjokart_maritim_infrastruktur", "førsteDatafangstdato": null, "oppdateringsdato": "2010-02-18T00:00:00", "datauttaksdato": "2025-05-01T00:00:25", "målemetode": "ukjentMålemetode", "kabeltype": null, "sjøstatus": null }, "geometry": { "type": "MultiLineString", "coordinates": [ [ [ 2.392082686866839, 59.442922332022349 ], [ 2.384749475221316, 59.454691064340565 ] ] ] } },
{ "type": "Feature", "properties": { "gml_id": "idca733e48-13e1-424a-a6a2-cec2309b5ad9", "lokalId": "9e8b7874-da44-46b6-adac-0cdf4e1ee729", "navnerom": "https://data.geonorge.no/sosi/kyst/sjokart_maritim_infrastruktur", "førsteDatafangstdato": null, "oppdateringsdato": "2010-02-18T00:00:00", "datauttaksdato": "2025-05-01T00:00:25", "målemetode": "ukjentMålemetode", "kabeltype": null, "sjøstatus": null }, "geometry": { "type": "MultiLineString", "coordinates": [ [ [ 2.390850597791365, 59.442730673721734 ], [ 2.384749475221316, 59.454691064340565 ] ] ] } },
{ "type": "Feature", "properties": { "gml_id": "id12e9b827-b3bf-4ac0-874e-035bb358852b", "lokalId": "f3c6a190-aceb-47df-b077-0c9401297678", "navnerom": "https://data.geonorge.no/sosi/kyst/sjokart_maritim_infrastruktur", "førsteDatafangstdato": null, "oppdateringsdato": "2010-02-18T00:00:00", "datauttaksdato": "2025-05-01T00:00:25", "målemetode": "ukjentMålemetode", "kabeltype": null, "sjøstatus": null }, "geometry": { "type": "MultiLineString", "coordinates": [ [ [ 4.0, 57.687000152234511 ], [ 3.671304161566249, 57.999999999145722 ] ] ] } },
{ "type": "Feature", "properties": { "gml_id": "id1ec57c60-a159-476e-ade5-3744b4c145e0", "lokalId": "0ac8423a-8ea4-42b0-bc09-48009a0c7ac5", "navnerom": "https://data.geonorge.no/sosi/kyst/sjokart_maritim_infrastruktur", "førsteDatafangstdato": null, "oppdateringsdato": "2010-01-22T00:00:00", "datauttaksdato": "2025-05-01T00:00:25", "målemetode": "ukjentMålemetode", "kabeltype": "kraftledning", "sjøstatus": null }, "geometry": { "type": "MultiLineString", "coordinates": [ [ [ 1.900633928939216, 61.295466975219796 ], [ 1.920547587847468, 61.41609241855619 ], [ 1.95472471125183, 61.444047587539835 ] ] ] } },
{ "type": "Feature", "properties": { "gml_id": "idf9b65b2f-0947-467b-8ae9-27d13e583458", "lokalId": "ebeffbcc-ea2f-4bfd-bbee-09b27f419d96", "navnerom": "https://data.geonorge.no/sosi/kyst/sjokart_maritim_infrastruktur", "førsteDatafangstdato": null, "oppdateringsdato": "2010-01-22T00:00:00", "datauttaksdato": "2025-05-01T00:00:25", "målemetode": "ukjentMålemetode", "kabeltype": "kraftledning", "sjøstatus": null }, "geometry": { "type": "MultiLineString", "coordinates": [ [ [ 1.900707026405732, 61.295458626542768 ], [ 1.896567247806775, 61.303429243280284 ], [ 1.923418728901859, 61.433698859351217 ] ] ] } },
{ "type": "Feature", "properties": { "gml_id": "id1f93ee42-6d69-4f05-bd29-414fe656819a", "lokalId": "4542f093-9a6d-4b03-bf2d-44e04949986c", "navnerom": "https://data.geonorge.no/sosi/kyst/sjokart_maritim_infrastruktur", "førsteDatafangstdato": null, "oppdateringsdato": "2008-04-08T00:00:00", "datauttaksdato": "2025-05-01T00:00:25", "målemetode": "ukjentMålemetode", "kabeltype": null, "sjøstatus": null }, "geometry": { "type": "MultiLineString", "coordinates": [ [ [ 6.750000021675859, 62.95542932725575 ], [ 6.771634442479616, 62.945908815178527 ], [ 6.770764500541941, 62.918435482148631 ], [ 6.782335755805865, 62.908685708201091 ], [ 6.897749060180135, 62.898578664844237 ], [ 6.92560338163019, 62.8785436477947 ] ] ] } },
{ "type": "Feature", "properties": { "gml_id": "id2009c5e6-0c87-409a-bd3c-1c1df7a09213", "lokalId": "b22a2c71-9c55-4b72-8b1d-9f8607cc52fb", "navnerom": "https://data.geonorge.no/sosi/kyst/sjokart_maritim_infrastruktur", "førsteDatafangstdato": null, "oppdateringsdato": "2010-02-18T00:00:00", "datauttaksdato": "2025-05-01T00:00:25", "målemetode": "ukjentMålemetode", "kabeltype": null, "sjøstatus": null }, "geometry": { "type": "MultiLineString", "coordinates": [ [ [ 2.389595692251525, 59.44260290152134 ], [ 2.384749475221316, 59.454691064340565 ] ] ] } },
{ "type": "Feature", "properties": { "gml_id": "id4a143846-f1b9-4b06-a919-b2dc50423024", "lokalId": "b8861a09-7fd4-4272-9c3a-91a51adca1ad", "navnerom": "https://data.geonorge.no/sosi/kyst/sjokart_maritim_infrastruktur", "førsteDatafangstdato": null, "oppdateringsdato": "2010-02-18T00:00:00", "datauttaksdato": "2025-05-01T00:00:25", "målemetode": "ukjentMålemetode", "kabeltype": null, "sjøstatus": null }, "geometry": { "type": "MultiLineString", "coordinates": [ [ [ 2.388327096833065, 59.442475129320918 ], [ 2.384749475221316, 59.454691064340565 ] ] ] } },
{ "type": "Feature", "properties": { "gml_id": "idfa15ac30-c06f-4e6f-ad78-413ecdb50840", "lokalId": "9eb0c55e-5bc7-4779-ac68-660f558908b2", "navnerom": "https://data.geonorge.no/sosi/kyst/sjokart_maritim_infrastruktur", "førsteDatafangstdato": null, "oppdateringsdato": "2010-02-18T00:00:00", "datauttaksdato": "2025-05-01T00:00:25", "målemetode": "ukjentMålemetode", "kabeltype": null, "sjøstatus": null }, "geometry": { "type": "MultiLineString", "coordinates": [ [ [ 2.361075111800679, 59.457346900792224 ], [ 2.384749475221316, 59.454691064340565 ] ] ] } },
{ "type": "Feature", "properties": { "gml_id": "idd503dd3e-f4b0-4513-9643-18b4b633118f", "lokalId": "3bd2bf6b-01e2-4d27-83ef-d4a881739378", "navnerom": "https://data.geonorge.no/sosi/kyst/sjokart_maritim_infrastruktur", "førsteDatafangstdato": null, "oppdateringsdato": "2010-02-18T00:00:00", "datauttaksdato": "2025-05-01T00:00:25", "målemetode": "ukjentMålemetode", "kabeltype": null, "sjøstatus": null }, "geometry": { "type": "MultiLineString", "coordinates": [ [ [ 2.36139454230173, 59.457976635208652 ], [ 2.384749475221316, 59.454691064340565 ] ] ] } },
{ "type": "Feature", "properties": { "gml_id": "id94225671-b494-4c4d-a6ce-9dd0830be19f", "lokalId": "cdde62bd-ad37-40ca-9446-b35442002fa7", "navnerom": "https://data.geonorge.no/sosi/kyst/sjokart_maritim_infrastruktur", "førsteDatafangstdato": null, "oppdateringsdato": "2008-04-09T00:00:00", "datauttaksdato": "2025-05-01T00:00:25", "målemetode": "ukjentMålemetode", "kabeltype": null, "sjøstatus": null }, "geometry": { "type": "MultiLineString", "coordinates": [ [ [ 6.15446119527493, 63.064802880937911 ], [ 6.044741571092195, 63.114927215014198 ], [ 6.0, 63.148961883653882 ] ] ] } },
{ "type": "Feature", "properties": { "gml_id": "id11a27f7c-7a68-4cc8-9b2d-b50e545fe78c", "lokalId": "65c9781b-0e7a-4d4a-9571-87afc0f9fa5d", "navnerom": "https://data.geonorge.no/sosi/kyst/sjokart_maritim_infrastruktur", "førsteDatafangstdato": null, "oppdateringsdato": "2008-04-09T00:00:00", "datauttaksdato": "2025-05-01T00:00:25", "målemetode": "ukjentMålemetode", "kabeltype": null, "sjøstatus": null }, "geometry": { "type": "MultiLineString", "coordinates": [ [ [ 6.0, 63.148961883653882 ], [ 5.904993799281259, 63.199451584219368 ], [ 5.827420207023208, 63.259714773617368 ], [ 5.716607570733719, 63.381033248530514 ], [ 5.651900887631747, 63.393092114697545 ], [ 5.620080097732373, 63.410828375089039 ], [ 5.519745984075498, 63.426593003182973 ], [ 5.451703215675174, 63.445905390628617 ], [ 5.422291965536743, 63.459552720874392 ], [ 5.390029643170124, 63.490673985564534 ], [ 5.396425028515042, 63.496082941333846 ], [ 5.385053280128188, 63.496372516781271 ] ] ] } },
{ "type": "Feature", "properties": { "gml_id": "idf392f472-9057-4851-8a42-2e21bceaafff", "lokalId": "0a3aad5a-ce4e-4676-b94d-576c394d7a62", "navnerom": "https://data.geonorge.no/sosi/kyst/sjokart_maritim_infrastruktur", "førsteDatafangstdato": null, "oppdateringsdato": "2009-02-09T00:00:00", "datauttaksdato": "2025-05-01T00:00:25", "målemetode": "ukjentMålemetode", "kabeltype": null, "sjøstatus": null }, "geometry": { "type": "MultiLineString", "coordinates": [ [ [ 1.987128745633059, 59.546199605890365 ], [ 1.998321822414314, 59.564840306546621 ] ] ] } },
{ "type": "Feature", "properties": { "gml_id": "id15c3ef15-bdc4-41a4-a1de-779bde7ff466", "lokalId": "b82f7857-dcf3-4ae3-85e0-65c88e39972c", "navnerom": "https://data.geonorge.no/sosi/kyst/sjokart_maritim_infrastruktur", "førsteDatafangstdato": null, "oppdateringsdato": "2009-02-09T00:00:00", "datauttaksdato": "2025-05-01T00:00:25", "målemetode": "ukjentMålemetode", "kabeltype": null, "sjøstatus": null }, "geometry": { "type": "MultiLineString", "coordinates": [ [ [ 1.92321113822348, 59.575356741141391 ], [ 1.99231056324737, 59.56742455999585 ] ] ] } },
{ "type": "Feature", "properties": { "gml_id": "idc3cb4b10-ed22-4789-85f4-1e5f12efc81a", "lokalId": "afbe2d93-d9b6-42eb-886f-288693eec6ed", "navnerom": "https://data.geonorge.no/sosi/kyst/sjokart_maritim_infrastruktur", "førsteDatafangstdato": null, "oppdateringsdato": "2010-01-22T00:00:00", "datauttaksdato": "2025-05-01T00:00:25", "målemetode": "ukjentMålemetode", "kabeltype": "kraftledning", "sjøstatus": null }, "geometry": { "type": "MultiLineString", "coordinates": [ [ [ 3.624841539271516, 60.915154776218394 ], [ 3.662495358351368, 60.930879450471771 ] ] ] } },
{ "type": "Feature", "properties": { "gml_id": "id73857eb9-acdb-4995-83a3-934f7be45175", "lokalId": "65cb52f1-3cba-44a4-9e21-6645ecf5725f", "navnerom": "https://data.geonorge.no/sosi/kyst/sjokart_maritim_infrastruktur", "førsteDatafangstdato": null, "oppdateringsdato": "2010-12-08T00:00:00", "datauttaksdato": "2025-05-01T00:00:25", "målemetode": "ukjentMålemetode", "kabeltype": "kraftledning", "sjøstatus": null }, "geometry": { "type": "MultiLineString", "coordinates": [ [ [ 6.773523882145129, 58.070516786905067 ], [ 6.76882120284646, 58.066426727802757 ] ], [ [ 6.768213152077577, 58.066086445749768 ], [ 6.750068737218653, 58.05205536885461 ], [ 6.755891484904654, 58.022244450411065 ], [ 6.717252570482746, 58.000000001896574 ] ] ] } },
{ "type": "Feature", "properties": { "gml_id": "id12267654-7a9f-44dd-b051-21abcdc658d6", "lokalId": "a5dc88c7-fb09-4b76-84ec-e654eb22b558", "navnerom": "https://data.geonorge.no/sosi/kyst/sjokart_maritim_infrastruktur", "førsteDatafangstdato": null, "oppdateringsdato": "2010-01-22T00:00:00", "datauttaksdato": "2025-05-01T00:00:25", "målemetode": "ukjentMålemetode", "kabeltype": "kraftledning", "sjøstatus": null }, "geometry": { "type": "MultiLineString", "coordinates": [ [ [ 2.272733958505447, 61.215059233490955 ], [ 2.277666903009181, 61.224279185646402 ], [ 2.26432429315039, 61.232982043327212 ], [ 2.116384362309058, 61.275051250559294 ] ] ] } },
{ "type": "Feature", "properties": { "gml_id": "idabe01645-79db-4a5a-bbf3-ae2f2038e63d", "lokalId": "d0ae0803-36c3-4fad-afb1-96deec67e6d7", "navnerom": "https://data.geonorge.no/sosi/kyst/sjokart_maritim_infrastruktur", "førsteDatafangstdato": null, "oppdateringsdato": "2010-01-22T00:00:00", "datauttaksdato": "2025-05-01T00:00:25", "målemetode": "ukjentMålemetode", "kabeltype": "kraftledning", "sjøstatus": null }, "geometry": { "type": "MultiLineString", "coordinates": [ [ [ 3.625553183304109, 60.844124069685257 ], [ 3.71477644159874, 60.831509057642386 ] ] ] } },
{ "type": "Feature", "properties": { "gml_id": "ida4482ae5-f7f8-41ff-8602-88d052b3373f", "lokalId": "7b2c1857-abad-4f18-8daf-7b951c3e9e72", "navnerom": "https://data.geonorge.no/sosi/kyst/sjokart_maritim_infrastruktur", "førsteDatafangstdato": null, "oppdateringsdato": "2010-01-22T00:00:00", "datauttaksdato": "2025-05-01T00:00:25", "målemetode": "ukjentMålemetode", "kabeltype": "kraftledning", "sjøstatus": null }, "geometry": { "type": "MultiLineString", "coordinates": [ [ [ 3.613617426543671, 60.882508296286048 ], [ 3.625738473168077, 60.849699473543858 ], [ 3.60230425003772, 60.832124384399634 ] ] ] } },
{ "type": "Feature", "properties": { "gml_id": "id68d735ca-f534-4ca2-99e4-7291d3c8cf62", "lokalId": "a4cf90e8-3dcb-43f6-9cb8-020efec0d4a5", "navnerom": "https://data.geonorge.no/sosi/kyst/sjokart_maritim_infrastruktur", "førsteDatafangstdato": null, "oppdateringsdato": "2010-01-22T00:00:00", "datauttaksdato": "2025-05-01T00:00:25", "målemetode": "ukjentMålemetode", "kabeltype": "kraftledning", "sjøstatus": null }, "geometry": { "type": "MultiLineString", "coordinates": [ [ [ 3.496059202137097, 60.775553787555474 ], [ 3.443233025424138, 60.856179244714028 ] ] ] } },
{ "type": "Feature", "properties": { "gml_id": "id0340f4c3-4c53-4ea4-972e-9bacc13bcc7f", "lokalId": "e0e2efcb-5e88-4e8c-bb13-c67e89280b6a", "navnerom": "https://data.geonorge.no/sosi/kyst/sjokart_maritim_infrastruktur", "førsteDatafangstdato": null, "oppdateringsdato": "2010-01-22T00:00:00", "datauttaksdato": "2025-05-01T00:00:25", "målemetode": "ukjentMålemetode", "kabeltype": "kraftledning", "sjøstatus": null }, "geometry": { "type": "MultiLineString", "coordinates": [ [ [ 3.507780346477999, 60.771615164543235 ], [ 3.516570963622948, 60.761516885369609 ], [ 3.508662339368131, 60.714056723846689 ] ] ] } },
{ "type": "Feature", "properties": { "gml_id": "id2d115f88-fa25-4cd0-bde3-f0a8afa06d41", "lokalId": "c4acf706-a524-4486-902b-2da8997a3427", "navnerom": "https://data.geonorge.no/sosi/kyst/sjokart_maritim_infrastruktur", "førsteDatafangstdato": null, "oppdateringsdato": "2010-01-22T00:00:00", "datauttaksdato": "2025-05-01T00:00:25", "målemetode": "ukjentMålemetode", "kabeltype": "kraftledning", "sjøstatus": null }, "geometry": { "type": "MultiLineString", "coordinates": [ [ [ 4.75, 60.529807875055823 ], [ 4.807500278664806, 60.528495264925809 ], [ 4.833132170121666, 60.538333332676054 ] ] ] } },
{ "type": "Feature", "properties": { "gml_id": "idb2830443-3395-4347-bd1b-0c2f151d2fc1", "lokalId": "44d61c8b-34fd-48de-922f-9718b5d1fb46", "navnerom": "https://data.geonorge.no/sosi/kyst/sjokart_maritim_infrastruktur", "førsteDatafangstdato": null, "oppdateringsdato": "2010-01-22T00:00:00", "datauttaksdato": "2025-05-01T00:00:25", "målemetode": "ukjentMålemetode", "kabeltype": "kraftledning", "sjøstatus": null }, "geometry": { "type": "MultiLineString", "coordinates": [ [ [ 4.833132170121666, 60.538333332676054 ], [ 4.833333333333323, 60.538419353920503 ] ] ] } },
{ "type": "Feature", "properties": { "gml_id": "id58d26ea2-ba51-4d28-9008-28834cd2ac3d", "lokalId": "679f20e2-4f1d-489b-ae71-3a7e8862ef7b", "navnerom": "https://data.geonorge.no/sosi/kyst/sjokart_maritim_infrastruktur", "førsteDatafangstdato": null, "oppdateringsdato": "2010-01-22T00:00:00", "datauttaksdato": "2025-05-01T00:00:25", "målemetode": "ukjentMålemetode", "kabeltype": "kraftledning", "sjøstatus": null }, "geometry": { "type": "MultiLineString", "coordinates": [ [ [ 3.575842067447326, 60.728004219152872 ], [ 3.597023306781039, 60.716199135063967 ] ] ] } },
{ "type": "Feature", "properties": { "gml_id": "id64c741d5-90c7-48e8-91b4-cecd509710f2", "lokalId": "b56b240f-3c93-40d2-839c-f6fe74b94317", "navnerom": "https://data.geonorge.no/sosi/kyst/sjokart_maritim_infrastruktur", "førsteDatafangstdato": null, "oppdateringsdato": "2010-03-24T00:00:00", "datauttaksdato": "2025-05-01T00:00:25", "målemetode": "ukjentMålemetode", "kabeltype": null, "sjøstatus": null }, "geometry": { "type": "MultiLineString", "coordinates": [ [ [ 4.500000000111547, 57.002475323851137 ], [ 4.388615000970068, 57.095850662453039 ], [ 4.000584931622179, 57.465786105581344 ] ] ] } },
{ "type": "Feature", "properties": { "gml_id": "id16010bc5-5f7c-402d-84e3-e5f2df61fafc", "lokalId": "45b67105-289a-4025-b8ea-24a32b969e21", "navnerom": "https://data.geonorge.no/sosi/kyst/sjokart_maritim_infrastruktur", "førsteDatafangstdato": null, "oppdateringsdato": "2010-01-22T00:00:00", "datauttaksdato": "2025-05-01T00:00:25", "målemetode": "ukjentMålemetode", "kabeltype": "telefonledning", "sjøstatus": null }, "geometry": { "type": "MultiLineString", "coordinates": [ [ [ 8.25, 63.408667801851699 ], [ 8.365041910689165, 63.399669961716562 ], [ 8.5, 63.411261053590515 ] ] ] } },
{ "type": "Feature", "properties": { "gml_id": "ida6be6b87-4b0e-4961-88f0-a51bd7862eee", "lokalId": "0f8ea66b-6288-4686-a802-65c8ccc2cce6", "navnerom": "https://data.geonorge.no/sosi/kyst/sjokart_maritim_infrastruktur", "førsteDatafangstdato": null, "oppdateringsdato": "2010-03-24T00:00:00", "datauttaksdato": "2025-05-01T00:00:25", "målemetode": "ukjentMålemetode", "kabeltype": null, "sjøstatus": null }, "geometry": { "type": "MultiLineString", "coordinates": [ [ [ 4.000584931622179, 57.465786105581344 ], [ 4.00027487398652, 57.466080263439103 ] ] ] } },
{ "type": "Feature", "properties": { "gml_id": "id39546f6b-d2b1-416d-be75-d2b5ab56c6d8", "lokalId": "daa2593f-c464-472c-9292-aa6bdf326f3a", "navnerom": "https://data.geonorge.no/sosi/kyst/sjokart_maritim_infrastruktur", "førsteDatafangstdato": null, "oppdateringsdato": "2010-01-22T00:00:00", "datauttaksdato": "2025-05-01T00:00:25", "målemetode": "ukjentMålemetode", "kabeltype": "kraftledning", "sjøstatus": null }, "geometry": { "type": "MultiLineString", "coordinates": [ [ [ 1.954694222447918, 61.444229588636937 ], [ 1.923165062331312, 61.433770468219421 ] ] ] } },
{ "type": "Feature", "properties": { "gml_id": "ida73f5b13-3e4b-41c6-9a76-00bd35f1ebb8", "lokalId": "d5bcea6f-b4ff-4890-9dd0-9a31a49b1f2f", "navnerom": "https://data.geonorge.no/sosi/kyst/sjokart_maritim_infrastruktur", "førsteDatafangstdato": null, "oppdateringsdato": "2010-01-22T00:00:00", "datauttaksdato": "2025-05-01T00:00:25", "målemetode": "ukjentMålemetode", "kabeltype": "kraftledning", "sjøstatus": null }, "geometry": { "type": "MultiLineString", "coordinates": [ [ [ 1.99808581595727, 61.340589399585987 ], [ 1.984801725033892, 61.328879354525895 ] ] ] } },
{ "type": "Feature", "properties": { "gml_id": "id30c41a66-e4c6-4b8d-8b1a-a9554c9e180c", "lokalId": "ada2c0b9-1812-4a69-beee-8d8bcd3eb411", "navnerom": "https://data.geonorge.no/sosi/kyst/sjokart_maritim_infrastruktur", "førsteDatafangstdato": null, "oppdateringsdato": "2010-02-18T00:00:00", "datauttaksdato": "2025-05-01T00:00:25", "målemetode": "ukjentMålemetode", "kabeltype": "kraftledning", "sjøstatus": null }, "geometry": { "type": "MultiLineString", "coordinates": [ [ [ 3.0, 58.399046085538394 ], [ 3.25820644289614, 58.499999999190742 ] ] ] } },
{ "type": "Feature", "properties": { "gml_id": "ide91704d9-2527-4823-b9db-68bab1eea465", "lokalId": "79b521dc-d7a0-42a8-98b1-fbb9a9f15dbf", "navnerom": "https://data.geonorge.no/sosi/kyst/sjokart_maritim_infrastruktur", "førsteDatafangstdato": null, "oppdateringsdato": "2010-02-18T00:00:00", "datauttaksdato": "2025-05-01T00:00:25", "målemetode": "ukjentMålemetode", "kabeltype": null, "sjøstatus": null }, "geometry": { "type": "MultiLineString", "coordinates": [ [ [ 2.361745915852882, 59.458592679746374 ], [ 2.384749475221316, 59.454691064340565 ] ] ] } },
{ "type": "Feature", "properties": { "gml_id": "idf56d622b-7651-4fc8-9481-a363797fc749", "lokalId": "991568cc-0c93-4cee-ab97-4a19c16ebc00", "navnerom": "https://data.geonorge.no/sosi/kyst/sjokart_maritim_infrastruktur", "førsteDatafangstdato": null, "oppdateringsdato": "2010-02-18T00:00:00", "datauttaksdato": "2025-05-01T00:00:25", "målemetode": "ukjentMålemetode", "kabeltype": null, "sjøstatus": null }, "geometry": { "type": "MultiLineString", "coordinates": [ [ [ 2.3621839919686, 59.459204160991398 ], [ 2.384749475221316, 59.454691064340565 ] ] ] } },
{ "type": "Feature", "properties": { "gml_id": "iddb4d4225-d245-445f-8840-b8d95221020b", "lokalId": "2bc50a3f-bc8e-47c2-9def-4928227b763e", "navnerom": "https://data.geonorge.no/sosi/kyst/sjokart_maritim_infrastruktur", "førsteDatafangstdato": null, "oppdateringsdato": "2010-01-11T00:00:00", "datauttaksdato": "2025-05-01T00:00:25", "målemetode": "ukjentMålemetode", "kabeltype": "telefonledning", "sjøstatus": null }, "geometry": { "type": "MultiLineString", "coordinates": [ [ [ 12.708480021145014, 67.656078995444119 ], [ 12.712358870238111, 67.655639909903741 ] ] ] } },
{ "type": "Feature", "properties": { "gml_id": "id2170d691-5e2b-4464-bcdb-588d03ace65e", "lokalId": "3c84444f-b659-4f69-86b7-49d9695dce6a", "navnerom": "https://data.geonorge.no/sosi/kyst/sjokart_maritim_infrastruktur", "førsteDatafangstdato": null, "oppdateringsdato": "2010-10-25T00:00:00", "datauttaksdato": "2025-05-01T00:00:25", "målemetode": "ukjentMålemetode", "kabeltype": "kraftledning", "sjøstatus": null }, "geometry": { "type": "MultiLineString", "coordinates": [ [ [ 3.357104079398906, 61.261153107413854 ], [ 3.358472700341596, 61.244597370801564 ], [ 3.430053308750131, 61.195963836306305 ], [ 3.439798486780456, 61.173485376227404 ] ] ] } },
{ "type": "Feature", "properties": { "gml_id": "id8d6a711b-da91-49b6-b62c-cc5b7af978fc", "lokalId": "fd97ae60-a18d-4c78-a8e6-30519b537542", "navnerom": "https://data.geonorge.no/sosi/kyst/sjokart_maritim_infrastruktur", "førsteDatafangstdato": null, "oppdateringsdato": "2010-10-26T00:00:00", "datauttaksdato": "2025-05-01T00:00:25", "målemetode": "ukjentMålemetode", "kabeltype": "kraftledning", "sjøstatus": null }, "geometry": { "type": "MultiLineString", "coordinates": [ [ [ 4.902619058407669, 60.849129732960542 ], [ 4.875, 60.850682469656348 ] ] ] } },
{ "type": "Feature", "properties": { "gml_id": "ide4692bc2-e7fc-48e3-8240-e03fac4b8287", "lokalId": "1cc94dba-e89e-4bc9-9549-c6f754816722", "navnerom": "https://data.geonorge.no/sosi/kyst/sjokart_maritim_infrastruktur", "førsteDatafangstdato": null, "oppdateringsdato": "2010-10-26T00:00:00", "datauttaksdato": "2025-05-01T00:00:25", "målemetode": "ukjentMålemetode", "kabeltype": "kraftledning", "sjøstatus": null }, "geometry": { "type": "MultiLineString", "coordinates": [ [ [ 4.5, 60.855590832248474 ], [ 4.453567319999978, 60.876615099363647 ], [ 4.431368, 60.896171959364899 ], [ 4.37347713, 60.919116059366239 ], [ 4.273267933764577, 60.999999999371077 ] ] ] } },
{ "type": "Feature", "properties": { "gml_id": "id3ae1be8f-59e7-4b54-8f04-e9903ce41965", "lokalId": "b4e2e1c3-9416-4fdc-aae2-981373ec2c6c", "navnerom": "https://data.geonorge.no/sosi/kyst/sjokart_maritim_infrastruktur", "førsteDatafangstdato": null, "oppdateringsdato": "2010-02-18T00:00:00", "datauttaksdato": "2025-05-01T00:00:25", "målemetode": "ukjentMålemetode", "kabeltype": null, "sjøstatus": null }, "geometry": { "type": "MultiLineString", "coordinates": [ [ [ 4.396088007335699, 57.46824941900659 ], [ 4.362118143392318, 57.499999999097142 ] ] ] } },
{ "type": "Feature", "properties": { "gml_id": "id53efc3d4-ed50-44bd-84a3-b98ef017fffd", "lokalId": "e17d553c-facc-425e-a09a-4638926910eb", "navnerom": "https://data.geonorge.no/sosi/kyst/sjokart_maritim_infrastruktur", "førsteDatafangstdato": null, "oppdateringsdato": "2010-01-22T00:00:00", "datauttaksdato": "2025-05-01T00:00:25", "målemetode": "ukjentMålemetode", "kabeltype": "kraftledning", "sjøstatus": null }, "geometry": { "type": "MultiLineString", "coordinates": [ [ [ 1.901538131577059, 61.296511305640543 ], [ 1.997949399141102, 61.340706907348086 ] ] ] } },
{ "type": "Feature", "properties": { "gml_id": "id19ab5ad5-4f7f-46a7-8105-12d82e95d1a0", "lokalId": "f63d6125-0710-4dd8-93eb-7397735e1ae8", "navnerom": "https://data.geonorge.no/sosi/kyst/sjokart_maritim_infrastruktur", "førsteDatafangstdato": null, "oppdateringsdato": "2010-01-22T00:00:00", "datauttaksdato": "2025-05-01T00:00:25", "målemetode": "ukjentMålemetode", "kabeltype": "kraftledning", "sjøstatus": null }, "geometry": { "type": "MultiLineString", "coordinates": [ [ [ 3.60230466487578, 60.832029208867105 ], [ 3.607718641803534, 60.822710270523565 ], [ 3.591542354922223, 60.807630532141836 ] ] ] } },
{ "type": "Feature", "properties": { "gml_id": "id0638bd36-33f8-425d-a3ad-c497f324ce08", "lokalId": "116b0d77-fff1-49eb-96a5-a38fb43cd805", "navnerom": "https://data.geonorge.no/sosi/kyst/sjokart_maritim_infrastruktur", "førsteDatafangstdato": null, "oppdateringsdato": "2010-01-22T00:00:00", "datauttaksdato": "2025-05-01T00:00:25", "målemetode": "ukjentMålemetode", "kabeltype": "kraftledning", "sjøstatus": null }, "geometry": { "type": "MultiLineString", "coordinates": [ [ [ 1.980101371216189, 61.043314034331765 ], [ 1.969787891844823, 61.064446915722726 ], [ 1.987808619076867, 61.078485234520194 ] ] ] } },
{ "type": "Feature", "properties": { "gml_id": "idb8e5a3dd-35bc-4132-b976-e111963db944", "lokalId": "0d8449e2-c836-4062-95b4-c6cc34e18cf5", "navnerom": "https://data.geonorge.no/sosi/kyst/sjokart_maritim_infrastruktur", "førsteDatafangstdato": null, "oppdateringsdato": "2010-03-24T00:00:00", "datauttaksdato": "2025-05-01T00:00:25", "målemetode": "ukjentMålemetode", "kabeltype": null, "sjøstatus": "ikkeIBruk" }, "geometry": { "type": "MultiLineString", "coordinates": [ [ [ 5.326461190767209, 58.223304773062431 ], [ 5.199206863246748, 58.219640951523587 ] ] ] } },
{ "type": "Feature", "properties": { "gml_id": "id852e56bc-ac6e-49f6-b9b5-dc6d43991bf2", "lokalId": "08cc74bd-13e6-44e0-b6f3-379a225703e7", "navnerom": "https://data.geonorge.no/sosi/kyst/sjokart_maritim_infrastruktur", "førsteDatafangstdato": null, "oppdateringsdato": "2010-02-18T00:00:00", "datauttaksdato": "2025-05-01T00:00:25", "målemetode": "ukjentMålemetode", "kabeltype": "kraftledning", "sjøstatus": null }, "geometry": { "type": "MultiLineString", "coordinates": [ [ [ 4.510578437614646, 58.999999999232564 ], [ 4.572590108173666, 59.022761182247102 ] ] ] } },
{ "type": "Feature", "properties": { "gml_id": "ide160c793-7622-4587-9ed6-92b114c2b0ae", "lokalId": "52fb362c-3aa6-4620-84f7-8850b1914338", "navnerom": "https://data.geonorge.no/sosi/kyst/sjokart_maritim_infrastruktur", "førsteDatafangstdato": null, "oppdateringsdato": "2010-01-22T00:00:00", "datauttaksdato": "2025-05-01T00:00:25", "målemetode": "ukjentMålemetode", "kabeltype": "kraftledning", "sjøstatus": null }, "geometry": { "type": "MultiLineString", "coordinates": [ [ [ 3.584868263102747, 60.915236691630746 ], [ 3.578641908954642, 60.94579441708818 ] ] ] } },
{ "type": "Feature", "properties": { "gml_id": "id37d4b3e8-bac0-421d-a426-e5ed247c2584", "lokalId": "0646ec15-dd46-448a-ad1c-5e34625aed65", "navnerom": "https://data.geonorge.no/sosi/kyst/sjokart_maritim_infrastruktur", "førsteDatafangstdato": null, "oppdateringsdato": "2010-01-22T00:00:00", "datauttaksdato": "2025-05-01T00:00:25", "målemetode": "ukjentMålemetode", "kabeltype": "kraftledning", "sjøstatus": null }, "geometry": { "type": "MultiLineString", "coordinates": [ [ [ 1.911745960177696, 61.447176600606213 ], [ 1.955174008914034, 61.444068953500853 ] ] ] } },
{ "type": "Feature", "properties": { "gml_id": "id1b582cce-5509-4187-83f8-c4b180a018c8", "lokalId": "2d101fbe-8821-4b26-b1f6-b7f206cafff7", "navnerom": "https://data.geonorge.no/sosi/kyst/sjokart_maritim_infrastruktur", "førsteDatafangstdato": null, "oppdateringsdato": "2010-01-22T00:00:00", "datauttaksdato": "2025-05-01T00:00:25", "målemetode": "ukjentMålemetode", "kabeltype": "kraftledning", "sjøstatus": null }, "geometry": { "type": "MultiLineString", "coordinates": [ [ [ 1.998028743692376, 61.340738923841997 ], [ 1.971045966291665, 61.343365478699333 ] ] ] } },
{ "type": "Feature", "properties": { "gml_id": "id00a5df4e-7361-4a4a-b844-e16be6bddb7d", "lokalId": "9f9f0609-d362-4066-9b0b-087ca6078161", "navnerom": "https://data.geonorge.no/sosi/kyst/sjokart_maritim_infrastruktur", "førsteDatafangstdato": null, "oppdateringsdato": "2010-02-18T00:00:00", "datauttaksdato": "2025-05-01T00:00:25", "målemetode": "ukjentMålemetode", "kabeltype": "kraftledning", "sjøstatus": null }, "geometry": { "type": "MultiLineString", "coordinates": [ [ [ 4.5, 58.99611947538812 ], [ 4.510578437614646, 58.999999999232564 ] ] ] } },
{ "type": "Feature", "properties": { "gml_id": "id93446f04-2b5b-4233-bbc2-65fbed4fdf05", "lokalId": "20774e67-f815-4966-bc46-0e18ecf9d017", "navnerom": "https://data.geonorge.no/sosi/kyst/sjokart_maritim_infrastruktur", "førsteDatafangstdato": null, "oppdateringsdato": "2010-01-22T00:00:00", "datauttaksdato": "2025-05-01T00:00:25", "målemetode": "ukjentMålemetode", "kabeltype": "kraftledning", "sjøstatus": null }, "geometry": { "type": "MultiLineString", "coordinates": [ [ [ 1.984701890792572, 61.328847184090961 ], [ 1.998142826898392, 61.340618547203619 ] ] ] } },
{ "type": "Feature", "properties": { "gml_id": "iddbc5aaf3-8b04-4b95-a324-1e0ff68fa01c", "lokalId": "bb4ea914-5f9e-47ad-b59a-1d7f6b528a67", "navnerom": "https://data.geonorge.no/sosi/kyst/sjokart_maritim_infrastruktur", "førsteDatafangstdato": null, "oppdateringsdato": "2010-01-22T00:00:00", "datauttaksdato": "2025-05-01T00:00:25", "målemetode": "ukjentMålemetode", "kabeltype": "kraftledning", "sjøstatus": null }, "geometry": { "type": "MultiLineString", "coordinates": [ [ [ 2.272697358884204, 61.215031622479884 ], [ 2.275358975412938, 61.222300446382945 ], [ 2.267422164399072, 61.229140535554016 ], [ 2.113431145415981, 61.274202520268624 ] ] ] } },
{ "type": "Feature", "properties": { "gml_id": "idaf5b28e8-e1ba-4523-b04b-0fd515a08e92", "lokalId": "1f9930a4-30d5-401c-b499-995e44657d80", "navnerom": "https://data.geonorge.no/sosi/kyst/sjokart_maritim_infrastruktur", "førsteDatafangstdato": null, "oppdateringsdato": "2010-01-22T00:00:00", "datauttaksdato": "2025-05-01T00:00:25", "målemetode": "ukjentMålemetode", "kabeltype": "kraftledning", "sjøstatus": null }, "geometry": { "type": "MultiLineString", "coordinates": [ [ [ 3.606315275766567, 60.742684225471749 ], [ 3.654900888359951, 60.728839820675731 ] ] ] } },
{ "type": "Feature", "properties": { "gml_id": "idb04b9173-1f8d-4b58-8818-2c4478d95080", "lokalId": "9e099998-65f3-492e-8931-0778f0d12bc8", "navnerom": "https://data.geonorge.no/sosi/kyst/sjokart_maritim_infrastruktur", "førsteDatafangstdato": null, "oppdateringsdato": "2010-01-22T00:00:00", "datauttaksdato": "2025-05-01T00:00:25", "målemetode": "ukjentMålemetode", "kabeltype": "kraftledning", "sjøstatus": null }, "geometry": { "type": "MultiLineString", "coordinates": [ [ [ 3.604586451828778, 60.887450142313945 ], [ 3.588380467934866, 60.893217275068075 ], [ 3.564731055212539, 60.889118485755191 ] ] ] } },
{ "type": "Feature", "properties": { "gml_id": "idb7a62257-3241-409e-b77e-f3271c4ad71f", "lokalId": "e5289c96-ff26-4bc8-b892-0df8a5e410d5", "navnerom": "https://data.geonorge.no/sosi/kyst/sjokart_maritim_infrastruktur", "førsteDatafangstdato": null, "oppdateringsdato": "2010-01-22T00:00:00", "datauttaksdato": "2025-05-01T00:00:25", "målemetode": "ukjentMålemetode", "kabeltype": "kraftledning", "sjøstatus": null }, "geometry": { "type": "MultiLineString", "coordinates": [ [ [ 3.604546458655844, 60.887397362679529 ], [ 3.563358506399823, 60.885082216042072 ], [ 3.556290594995726, 60.866538775960251 ] ] ] } },
{ "type": "Feature", "properties": { "gml_id": "id375917f7-fe45-44f7-8506-d35544c3a205", "lokalId": "ef2ecd9a-84bf-4ab3-bbce-d5fc8a9460c9", "navnerom": "https://data.geonorge.no/sosi/kyst/sjokart_maritim_infrastruktur", "førsteDatafangstdato": null, "oppdateringsdato": "2011-08-17T00:00:00", "datauttaksdato": "2025-05-01T00:00:25", "målemetode": "ukjentMålemetode", "kabeltype": "kraftledning", "sjøstatus": null }, "geometry": { "type": "MultiLineString", "coordinates": [ [ [ 6.849851203722244, 65.173667240545953 ], [ 6.90625937133353, 65.21651909135899 ] ] ] } },
{ "type": "Feature", "properties": { "gml_id": "id9266ee0e-9369-41e0-8228-0cb8cf4888bb", "lokalId": "ddb7e003-d143-4c3f-b020-b7d1b2ae4b6a", "navnerom": "https://data.geonorge.no/sosi/kyst/sjokart_maritim_infrastruktur", "førsteDatafangstdato": null, "oppdateringsdato": "2010-10-26T00:00:00", "datauttaksdato": "2025-05-01T00:00:25", "målemetode": "ukjentMålemetode", "kabeltype": "kraftledning", "sjøstatus": null }, "geometry": { "type": "MultiLineString", "coordinates": [ [ [ 4.273267933764577, 60.999999999371077 ], [ 4.25, 61.018863038216161 ] ] ] } },
{ "type": "Feature", "properties": { "gml_id": "id699131a6-aa15-47c1-88e8-cbfc1b97eb4e", "lokalId": "9bf6a24c-4723-4ccd-aa21-779d77bc52e9", "navnerom": "https://data.geonorge.no/sosi/kyst/sjokart_maritim_infrastruktur", "førsteDatafangstdato": null, "oppdateringsdato": "2010-03-24T00:00:00", "datauttaksdato": "2025-05-01T00:00:25", "målemetode": "ukjentMålemetode", "kabeltype": null, "sjøstatus": null }, "geometry": { "type": "MultiLineString", "coordinates": [ [ [ 4.500000009076317, 57.201408931980929 ], [ 4.760529424977798, 56.999999999044945 ] ] ] } },
{ "type": "Feature", "properties": { "gml_id": "id8f1115a5-3c11-4f3d-9e85-965777953e68", "lokalId": "f3ac482b-d05d-4dc5-a704-0ac357be5613", "navnerom": "https://data.geonorge.no/sosi/kyst/sjokart_maritim_infrastruktur", "førsteDatafangstdato": null, "oppdateringsdato": "2010-01-22T00:00:00", "datauttaksdato": "2025-05-01T00:00:25", "målemetode": "ukjentMålemetode", "kabeltype": "kraftledning", "sjøstatus": null }, "geometry": { "type": "MultiLineString", "coordinates": [ [ [ 2.270760904113847, 61.214550853267198 ], [ 2.259560756692018, 61.202895544988571 ], [ 2.187829141114868, 61.17522859871756 ] ] ] } },
{ "type": "Feature", "properties": { "gml_id": "idff167a3d-46b0-4fcc-ab59-ece94a1b5709", "lokalId": "2c5e6704-4810-492a-a02d-3e7243cada4d", "navnerom": "https://data.geonorge.no/sosi/kyst/sjokart_maritim_infrastruktur", "førsteDatafangstdato": null, "oppdateringsdato": "2010-01-22T00:00:00", "datauttaksdato": "2025-05-01T00:00:25", "målemetode": "ukjentMålemetode", "kabeltype": "kraftledning", "sjøstatus": null }, "geometry": { "type": "MultiLineString", "coordinates": [ [ [ 4.75, 60.529532552481072 ], [ 4.807561258224224, 60.528462098287044 ], [ 4.836919198092678, 60.540154622341312 ] ] ] } },
{ "type": "Feature", "properties": { "gml_id": "id3e4a05ab-f22d-41db-8255-ea935f69f4d2", "lokalId": "230a18d1-f9d1-4078-9c38-897b9e557c51", "navnerom": "https://data.geonorge.no/sosi/kyst/sjokart_maritim_infrastruktur", "førsteDatafangstdato": null, "oppdateringsdato": "2010-01-22T00:00:00", "datauttaksdato": "2025-05-01T00:00:25", "målemetode": "ukjentMålemetode", "kabeltype": "kraftledning", "sjøstatus": null }, "geometry": { "type": "MultiLineString", "coordinates": [ [ [ 4.5, 60.555403610704005 ], [ 4.625, 60.530771285203734 ] ] ] } },
{ "type": "Feature", "properties": { "gml_id": "id4a5a7f29-7eea-4c43-b9b6-2fbe04da025a", "lokalId": "fe439ce2-3975-4dbf-9c8b-8773e745fbe0", "navnerom": "https://data.geonorge.no/sosi/kyst/sjokart_maritim_infrastruktur", "førsteDatafangstdato": null, "oppdateringsdato": "2010-01-22T00:00:00", "datauttaksdato": "2025-05-01T00:00:25", "målemetode": "ukjentMålemetode", "kabeltype": "telefonledning", "sjøstatus": null }, "geometry": { "type": "MultiLineString", "coordinates": [ [ [ 8.5, 63.411261053590515 ], [ 8.6158148173303, 63.428994226779643 ], [ 8.66033114028529, 63.413353024255613 ] ] ] } },
{ "type": "Feature", "properties": { "gml_id": "ida3c3ac97-fe16-495f-8ab6-4c83cf9bcc66", "lokalId": "2b72a1bb-1759-4a2c-9068-4cfd1dd69adb", "navnerom": "https://data.geonorge.no/sosi/kyst/sjokart_maritim_infrastruktur", "førsteDatafangstdato": null, "oppdateringsdato": "2010-03-24T00:00:00", "datauttaksdato": "2025-05-01T00:00:25", "målemetode": "ukjentMålemetode", "kabeltype": null, "sjøstatus": null }, "geometry": { "type": "MultiLineString", "coordinates": [ [ [ 4.917359285139209, 56.999999999044945 ], [ 4.727667244683758, 57.158332571846387 ], [ 4.500000016724469, 57.371126081039648 ] ] ] } },
{ "type": "Feature", "properties": { "gml_id": "idb2af5bd8-58c4-4644-b239-b0722653d477", "lokalId": "c7df7204-785f-4f7a-a0b3-01bd8ceb0c50", "navnerom": "https://data.geonorge.no/sosi/kyst/sjokart_maritim_infrastruktur", "førsteDatafangstdato": null, "oppdateringsdato": "2010-10-22T00:00:00", "datauttaksdato": "2025-05-01T00:00:25", "målemetode": "ukjentMålemetode", "kabeltype": "telefonledning", "sjøstatus": null }, "geometry": { "type": "MultiLineString", "coordinates": [ [ [ 13.192955491206401, 67.999999999623455 ], [ 13.195621954458501, 67.976558739069716 ], [ 13.1402690837332, 67.941828212903175 ], [ 13.095339297013114, 67.933225931365413 ] ] ] } },
{ "type": "Feature", "properties": { "gml_id": "id7a7f419c-a15b-4a74-a57e-7648bdf4e0ca", "lokalId": "da904839-8f1f-41e0-b833-af347b71318d", "navnerom": "https://data.geonorge.no/sosi/kyst/sjokart_maritim_infrastruktur", "førsteDatafangstdato": null, "oppdateringsdato": "2010-10-22T00:00:00", "datauttaksdato": "2025-05-01T00:00:25", "målemetode": "ukjentMålemetode", "kabeltype": "telefonledning", "sjøstatus": null }, "geometry": { "type": "MultiLineString", "coordinates": [ [ [ 13.174273750748108, 68.008075021964501 ], [ 13.174566987507351, 68.00826607396813 ] ], [ [ 13.175092372129098, 68.008608376839462 ], [ 13.192955491206401, 67.999999999623455 ] ] ] } },
{ "type": "Feature", "properties": { "gml_id": "id19dd6ab9-233e-4b3c-a9a0-1b93ed7f3601", "lokalId": "527a260c-ebfe-4bb5-a869-7f075082c4e3", "navnerom": "https://data.geonorge.no/sosi/kyst/sjokart_maritim_infrastruktur", "førsteDatafangstdato": "2000-03-20T00:00:00", "oppdateringsdato": "2011-10-12T00:00:00", "datauttaksdato": "2025-05-01T00:00:25", "målemetode": "ukjentMålemetode", "kabeltype": null, "sjøstatus": "ikkeIBruk" }, "geometry": { "type": "MultiLineString", "coordinates": [ [ [ 7.93441638826803, 57.945406951264211 ], [ 7.937608333333934, 57.921324443582705 ], [ 8.000000000000565, 57.822371943573266 ] ] ] } },
{ "type": "Feature", "properties": { "gml_id": "id94767878-01c2-4744-9571-e2a1ceb0213e", "lokalId": "02010ef6-4188-4199-b2aa-64fb482e68da", "navnerom": "https://data.geonorge.no/sosi/kyst/sjokart_maritim_infrastruktur", "førsteDatafangstdato": null, "oppdateringsdato": "2010-02-18T00:00:00", "datauttaksdato": "2025-05-01T00:00:25", "målemetode": "ukjentMålemetode", "kabeltype": "telefonledning", "sjøstatus": null }, "geometry": { "type": "MultiLineString", "coordinates": [ [ [ 2.5, 59.397693956274203 ], [ 2.443572529647984, 59.456499884942666 ], [ 2.378086918824229, 59.499999999271324 ] ] ] } },
{ "type": "Feature", "properties": { "gml_id": "ide19a7b76-f660-4500-a10f-f6f6b0dc753a", "lokalId": "3bb08a3a-6daa-4436-a926-b6625cff979f", "navnerom": "https://data.geonorge.no/sosi/kyst/sjokart_maritim_infrastruktur", "førsteDatafangstdato": null, "oppdateringsdato": "2010-02-18T00:00:00", "datauttaksdato": "2025-05-01T00:00:25", "målemetode": "ukjentMålemetode", "kabeltype": "telefonledning", "sjøstatus": null }, "geometry": { "type": "MultiLineString", "coordinates": [ [ [ 2.378086918824229, 59.499999999271324 ], [ 2.323886479850105, 59.535962959643101 ] ] ] } },
{ "type": "Feature", "properties": { "gml_id": "idf103c307-727c-4b77-9ad1-22156051b923", "lokalId": "54025501-b3bf-4377-a4d9-12847c035118", "navnerom": "https://data.geonorge.no/sosi/kyst/sjokart_maritim_infrastruktur", "førsteDatafangstdato": null, "oppdateringsdato": "2010-02-18T00:00:00", "datauttaksdato": "2025-05-01T00:00:25", "målemetode": "ukjentMålemetode", "kabeltype": null, "sjøstatus": null }, "geometry": { "type": "MultiLineString", "coordinates": [ [ [ 2.047988305323697, 59.53999842698699 ], [ 2.047337844632118, 59.553674528338931 ], [ 2.013820706142799, 59.572025559359041 ], [ 2.002588910297347, 59.569547572933416 ] ] ] } },
{ "type": "Feature", "properties": { "gml_id": "id64886945-48ee-43c0-bf81-f3c55b00b248", "lokalId": "fe8c271d-9bda-410d-b1c5-e3576d114710", "navnerom": "https://data.geonorge.no/sosi/kyst/sjokart_maritim_infrastruktur", "førsteDatafangstdato": null, "oppdateringsdato": "2010-02-18T00:00:00", "datauttaksdato": "2025-05-01T00:00:25", "målemetode": "ukjentMålemetode", "kabeltype": null, "sjøstatus": null }, "geometry": { "type": "MultiLineString", "coordinates": [ [ [ 2.0, 59.51227177376888 ], [ 2.047988305323697, 59.53999842698699 ] ] ] } },
{ "type": "Feature", "properties": { "gml_id": "idba9fdcd1-8366-42dd-9ea9-6ac2e894e36e", "lokalId": "f7121a91-5aa7-4e91-ad1f-2240af03d96b", "navnerom": "https://data.geonorge.no/sosi/kyst/sjokart_maritim_infrastruktur", "førsteDatafangstdato": null, "oppdateringsdato": "2010-01-22T00:00:00", "datauttaksdato": "2025-05-01T00:00:25", "målemetode": "ukjentMålemetode", "kabeltype": "kraftledning", "sjøstatus": null }, "geometry": { "type": "MultiLineString", "coordinates": [ [ [ 4.75, 59.088107771371185 ], [ 4.89967835399278, 59.145027591599494 ], [ 4.943346264142715, 59.209030676223122 ], [ 4.993243818269138, 59.249999999252346 ] ] ] } },
{ "type": "Feature", "properties": { "gml_id": "id03467d94-72ef-4851-bbcb-e69020b44c98", "lokalId": "b11db0fa-b4ff-4938-b2a7-d1a7e0f1213f", "navnerom": "https://data.geonorge.no/sosi/kyst/sjokart_maritim_infrastruktur", "førsteDatafangstdato": null, "oppdateringsdato": "2010-01-22T00:00:00", "datauttaksdato": "2025-05-01T00:00:25", "målemetode": "ukjentMålemetode", "kabeltype": "kraftledning", "sjøstatus": null }, "geometry": { "type": "MultiLineString", "coordinates": [ [ [ 3.507954918267535, 60.77171710400745 ], [ 3.577141025028602, 60.744468629122146 ], [ 3.60634473312795, 60.742779196580706 ] ] ] } },
{ "type": "Feature", "properties": { "gml_id": "id70f47f45-bbeb-4a4e-9340-7f9bf71e22c2", "lokalId": "530d1f34-d4d7-40f5-a236-c59234305ef5", "navnerom": "https://data.geonorge.no/sosi/kyst/sjokart_maritim_infrastruktur", "førsteDatafangstdato": null, "oppdateringsdato": "2009-09-23T00:00:00", "datauttaksdato": "2025-05-01T00:00:25", "målemetode": "ukjentMålemetode", "kabeltype": "kraftledning", "sjøstatus": null }, "geometry": { "type": "MultiLineString", "coordinates": [ [ [ 5.029730708032154, 59.140293037614867 ], [ 5.048743409412316, 59.146969372592871 ], [ 5.100562952840674, 59.137983319887432 ], [ 5.157535288645585, 59.139615234026046 ] ] ] } },
{ "type": "Feature", "properties": { "gml_id": "id88752e6d-a637-4d9b-87c7-37019de3f743", "lokalId": "f30f5dcd-f260-4ff5-92e9-1f2e6228e2aa", "navnerom": "https://data.geonorge.no/sosi/kyst/sjokart_maritim_infrastruktur", "førsteDatafangstdato": null, "oppdateringsdato": "2010-01-22T00:00:00", "datauttaksdato": "2025-05-01T00:00:25", "målemetode": "ukjentMålemetode", "kabeltype": "kraftledning", "sjøstatus": null }, "geometry": { "type": "MultiLineString", "coordinates": [ [ [ 4.993243818269138, 59.249999999252346 ], [ 5.0, 59.254529234642824 ] ] ] } },
{ "type": "Feature", "properties": { "gml_id": "idde68c1b9-1014-401c-abd9-1a347bd3f13a", "lokalId": "9cb8fca7-b0e2-48f4-abe5-36b07a2906f6", "navnerom": "https://data.geonorge.no/sosi/kyst/sjokart_maritim_infrastruktur", "førsteDatafangstdato": null, "oppdateringsdato": "2010-01-22T00:00:00", "datauttaksdato": "2025-05-01T00:00:25", "målemetode": "ukjentMålemetode", "kabeltype": "telefonledning", "sjøstatus": null }, "geometry": { "type": "MultiLineString", "coordinates": [ [ [ 12.196477073437306, 65.499999999560501 ], [ 12.197610116348127, 65.48507018238422 ] ] ] } },
{ "type": "Feature", "properties": { "gml_id": "id86b566ef-c24f-4990-aeb5-53e19be95ce6", "lokalId": "ea22996b-a8bf-4b56-b830-1a7627a4ed93", "navnerom": "https://data.geonorge.no/sosi/kyst/sjokart_maritim_infrastruktur", "førsteDatafangstdato": null, "oppdateringsdato": "2010-01-22T00:00:00", "datauttaksdato": "2025-05-01T00:00:25", "målemetode": "ukjentMålemetode", "kabeltype": "telefonledning", "sjøstatus": null }, "geometry": { "type": "MultiLineString", "coordinates": [ [ [ 7.317191119855608, 65.322669155121474 ], [ 7.344188603228269, 65.260249372342727 ], [ 7.405160488586507, 65.197056049353762 ], [ 7.407784871966125, 65.143854510740667 ], [ 7.427163314756767, 65.104249599108755 ], [ 7.425261445036817, 65.05343677830183 ], [ 7.450466534713294, 65.009580937459447 ], [ 7.507545962902011, 64.947732125119842 ], [ 7.869979925449113, 64.645725705223356 ], [ 7.879785497217155, 64.625293444201404 ], [ 7.87756728039509, 64.566315131769684 ], [ 7.885412813990397, 64.519437796603086 ], [ 7.898314439702467, 64.487787221423275 ], [ 7.959443089623305, 64.445879290098688 ], [ 7.978743107577936, 64.423220297862699 ], [ 8.023936273068957, 64.39744862829977 ], [ 8.024154514799212, 64.387450917084578 ], [ 7.933093725422075, 64.273870388737535 ], [ 7.924984667079904, 64.175382941755615 ], [ 7.890677984166369, 64.061511890744754 ], [ 7.912986520792194, 64.025627139212091 ], [ 7.91061470291918, 64.000553513115165 ], [ 7.926287336667228, 63.954176040213156 ], [ 7.929949452043859, 63.878985459974722 ], [ 7.948955507210375, 63.824266618567876 ], [ 8.013399406766307, 63.731583127320214 ], [ 8.025876507726737, 63.667777777276903 ] ] ] } },
{ "type": "Feature", "properties": { "gml_id": "idf14bd146-e1af-4c46-abd9-3d2d0aa171e1", "lokalId": "90a8e793-a6ad-4c51-be37-4322c8fa9f71", "navnerom": "https://data.geonorge.no/sosi/kyst/sjokart_maritim_infrastruktur", "førsteDatafangstdato": null, "oppdateringsdato": "2010-01-22T00:00:00", "datauttaksdato": "2025-05-01T00:00:25", "målemetode": "ukjentMålemetode", "kabeltype": "telefonledning", "sjøstatus": null }, "geometry": { "type": "MultiLineString", "coordinates": [ [ [ 11.903762726267107, 65.499999999560501 ], [ 12.0, 65.530806307685765 ] ] ] } },
{ "type": "Feature", "properties": { "gml_id": "id6d75b730-e71a-4541-aac4-6d57647c04e7", "lokalId": "f35218c0-6286-4d0f-9ad5-b4d95dbdd71a", "navnerom": "https://data.geonorge.no/sosi/kyst/sjokart_maritim_infrastruktur", "førsteDatafangstdato": null, "oppdateringsdato": "2010-01-22T00:00:00", "datauttaksdato": "2025-05-01T00:00:25", "målemetode": "ukjentMålemetode", "kabeltype": "kraftledning", "sjøstatus": null }, "geometry": { "type": "MultiLineString", "coordinates": [ [ [ 2.071157003123357, 61.345127326752625 ], [ 2.077633592228565, 61.367791795416068 ], [ 2.115723395503215, 61.396541406714725 ] ] ] } },
{ "type": "Feature", "properties": { "gml_id": "id0bba9133-8397-4f75-937a-f2645c7ff758", "lokalId": "4e14b2d1-cc26-43ba-86cc-c8041337dda1", "navnerom": "https://data.geonorge.no/sosi/kyst/sjokart_maritim_infrastruktur", "førsteDatafangstdato": null, "oppdateringsdato": "2010-01-22T00:00:00", "datauttaksdato": "2025-05-01T00:00:26", "målemetode": "ukjentMålemetode", "kabeltype": "kraftledning", "sjøstatus": null }, "geometry": { "type": "MultiLineString", "coordinates": [ [ [ 2.113268550824054, 61.274359726858052 ], [ 2.267464494577304, 61.22880106980535 ], [ 2.272599263124654, 61.215055287033707 ] ] ] } },
{ "type": "Feature", "properties": { "gml_id": "id896af67e-3064-4dce-9dae-9d5ce21d834a", "lokalId": "613a245c-47ba-433d-a912-89e86fcb74e4", "navnerom": "https://data.geonorge.no/sosi/kyst/sjokart_maritim_infrastruktur", "førsteDatafangstdato": null, "oppdateringsdato": "2010-01-22T00:00:00", "datauttaksdato": "2025-05-01T00:00:26", "målemetode": "ukjentMålemetode", "kabeltype": "kraftledning", "sjøstatus": null }, "geometry": { "type": "MultiLineString", "coordinates": [ [ [ 2.198543347873503, 61.20207720661282 ], [ 2.1758743833851, 61.185199951778685 ], [ 2.186174802477674, 61.175235390132485 ] ] ] } },
{ "type": "Feature", "properties": { "gml_id": "idc38006eb-815f-48d1-ae38-c89d38afd572", "lokalId": "1f4d0331-4eb7-4aff-b783-1e01b4a04606", "navnerom": "https://data.geonorge.no/sosi/kyst/sjokart_maritim_infrastruktur", "førsteDatafangstdato": null, "oppdateringsdato": "2010-01-22T00:00:00", "datauttaksdato": "2025-05-01T00:00:26", "målemetode": "ukjentMålemetode", "kabeltype": "kraftledning", "sjøstatus": null }, "geometry": { "type": "MultiLineString", "coordinates": [ [ [ 2.198598671769493, 61.202046574942138 ], [ 2.177166991540367, 61.185840738703149 ], [ 2.186152160268551, 61.17525500890968 ] ] ] } },
{ "type": "Feature", "properties": { "gml_id": "id4679f2ca-f3ba-4baa-82ba-c8ac64bb087a", "lokalId": "846caadf-31d0-4f44-9b44-afeb0d830e47", "navnerom": "https://data.geonorge.no/sosi/kyst/sjokart_maritim_infrastruktur", "førsteDatafangstdato": null, "oppdateringsdato": "2010-01-22T00:00:00", "datauttaksdato": "2025-05-01T00:00:26", "målemetode": "ukjentMålemetode", "kabeltype": "kraftledning", "sjøstatus": null }, "geometry": { "type": "MultiLineString", "coordinates": [ [ [ 2.142715683174941, 61.448472527433644 ], [ 2.223726960107128, 61.488875918085768 ] ] ] } },
{ "type": "Feature", "properties": { "gml_id": "ide04d4cd5-4665-4fb7-98bd-1766c6198f8f", "lokalId": "dc1715fc-2206-4198-b02e-c1403e5ab6f7", "navnerom": "https://data.geonorge.no/sosi/kyst/sjokart_maritim_infrastruktur", "førsteDatafangstdato": null, "oppdateringsdato": "2010-01-22T00:00:00", "datauttaksdato": "2025-05-01T00:00:26", "målemetode": "ukjentMålemetode", "kabeltype": "kraftledning", "sjøstatus": null }, "geometry": { "type": "MultiLineString", "coordinates": [ [ [ 2.142883854481551, 61.448436160058549 ], [ 2.150285600978254, 61.442215985086627 ], [ 2.138410408799344, 61.409278016042656 ], [ 2.115711512009975, 61.396531981208256 ] ] ] } },
{ "type": "Feature", "properties": { "gml_id": "id37527681-52df-41d4-b7a2-b6c27d8a2986", "lokalId": "14251e15-69f7-4a40-88cc-17cb5d5bf066", "navnerom": "https://data.geonorge.no/sosi/kyst/sjokart_maritim_infrastruktur", "førsteDatafangstdato": null, "oppdateringsdato": "2010-01-22T00:00:00", "datauttaksdato": "2025-05-01T00:00:26", "målemetode": "ukjentMålemetode", "kabeltype": "kraftledning", "sjøstatus": null }, "geometry": { "type": "MultiLineString", "coordinates": [ [ [ 2.606590645504715, 60.456946480543991 ], [ 2.651485996554278, 60.467072693347042 ] ] ] } },
{ "type": "Feature", "properties": { "gml_id": "id6b6f0266-fcba-4ea7-a8a7-98b0957f3e51", "lokalId": "ae335178-5c0e-4236-8299-4f8da0a2567d", "navnerom": "https://data.geonorge.no/sosi/kyst/sjokart_maritim_infrastruktur", "førsteDatafangstdato": null, "oppdateringsdato": "2010-02-23T00:00:00", "datauttaksdato": "2025-05-01T00:00:26", "målemetode": "ukjentMålemetode", "kabeltype": null, "sjøstatus": null }, "geometry": { "type": "MultiLineString", "coordinates": [ [ [ 2.5, 58.87036864864055 ], [ 2.324996859154447, 58.999999999232564 ] ] ] } },
{ "type": "Feature", "properties": { "gml_id": "ide997f25b-26bd-4c03-bdaf-2f78af09ac4d", "lokalId": "5528e47c-9d3a-4e51-a19c-3d87612f2283", "navnerom": "https://data.geonorge.no/sosi/kyst/sjokart_maritim_infrastruktur", "førsteDatafangstdato": null, "oppdateringsdato": "2010-02-23T00:00:00", "datauttaksdato": "2025-05-01T00:00:26", "målemetode": "ukjentMålemetode", "kabeltype": null, "sjøstatus": null }, "geometry": { "type": "MultiLineString", "coordinates": [ [ [ 4.00027487398652, 57.466080263439103 ], [ 4.0, 57.466341046446487 ] ] ] } },
{ "type": "Feature", "properties": { "gml_id": "id2730ca14-7df7-4d75-bab9-351d1013e171", "lokalId": "f85e4940-bd15-40fb-95ad-913eeab59a46", "navnerom": "https://data.geonorge.no/sosi/kyst/sjokart_maritim_infrastruktur", "førsteDatafangstdato": null, "oppdateringsdato": "2010-02-23T00:00:00", "datauttaksdato": "2025-05-01T00:00:26", "målemetode": "ukjentMålemetode", "kabeltype": null, "sjøstatus": null }, "geometry": { "type": "MultiLineString", "coordinates": [ [ [ 4.0, 57.466341046446487 ], [ 3.964521713691113, 57.499999999097156 ] ] ] } },
{ "type": "Feature", "properties": { "gml_id": "id402d3b4a-8624-49ff-8c95-e9edf02882ca", "lokalId": "49a5f130-15bd-45fe-8f15-a2f66ebd0089", "navnerom": "https://data.geonorge.no/sosi/kyst/sjokart_maritim_infrastruktur", "førsteDatafangstdato": null, "oppdateringsdato": "2010-01-22T00:00:00", "datauttaksdato": "2025-05-01T00:00:26", "målemetode": "ukjentMålemetode", "kabeltype": "kraftledning", "sjøstatus": null }, "geometry": { "type": "MultiLineString", "coordinates": [ [ [ 4.5, 60.560340749656604 ], [ 4.625, 60.536210818676977 ] ] ] } },
{ "type": "Feature", "properties": { "gml_id": "ide84446c3-55e1-4b66-9ad4-0488b76c2a33", "lokalId": "987040d5-3394-46d6-a2a8-0360d4033944", "navnerom": "https://data.geonorge.no/sosi/kyst/sjokart_maritim_infrastruktur", "førsteDatafangstdato": null, "oppdateringsdato": "2010-01-22T00:00:00", "datauttaksdato": "2025-05-01T00:00:26", "målemetode": "ukjentMålemetode", "kabeltype": "kraftledning", "sjøstatus": null }, "geometry": { "type": "MultiLineString", "coordinates": [ [ [ 1.998070591908448, 61.340774218229733 ], [ 1.970969132796925, 61.343314611535568 ] ] ] } },
{ "type": "Feature", "properties": { "gml_id": "id102b5616-88cc-4e50-b161-66c88efc2793", "lokalId": "1aee19c8-a2fa-40d0-924d-fe316d23d1c5", "navnerom": "https://data.geonorge.no/sosi/kyst/sjokart_maritim_infrastruktur", "førsteDatafangstdato": null, "oppdateringsdato": "2010-02-18T00:00:00", "datauttaksdato": "2025-05-01T00:00:26", "målemetode": "ukjentMålemetode", "kabeltype": null, "sjøstatus": null }, "geometry": { "type": "MultiLineString", "coordinates": [ [ [ 3.427251840198915, 57.999999999145707 ], [ 3.323136899463317, 58.091032690529254 ] ] ] } },
{ "type": "Feature", "properties": { "gml_id": "idffb4dde1-b57f-4ab0-b9ed-d93ad0ca35f3", "lokalId": "a624cb99-f4b3-4594-b431-05ef0af77829", "navnerom": "https://data.geonorge.no/sosi/kyst/sjokart_maritim_infrastruktur", "førsteDatafangstdato": "2000-03-20T00:00:00", "oppdateringsdato": "2009-11-19T00:00:00", "datauttaksdato": "2025-05-01T00:00:26", "målemetode": "ukjentMålemetode", "kabeltype": null, "sjøstatus": "ikkeIBruk" }, "geometry": { "type": "MultiLineString", "coordinates": [ [ [ 8.00000000000057, 57.822371665795515 ], [ 8.038637777778327, 57.759436388011629 ] ] ] } },
{ "type": "Feature", "properties": { "gml_id": "id77edf930-b9d4-4aed-8d60-cb520b814c74", "lokalId": "11ac16df-2767-48b7-b45e-02a762244d40", "navnerom": "https://data.geonorge.no/sosi/kyst/sjokart_maritim_infrastruktur", "førsteDatafangstdato": "2000-03-20T00:00:00", "oppdateringsdato": "2009-11-19T00:00:00", "datauttaksdato": "2025-05-01T00:00:26", "målemetode": "ukjentMålemetode", "kabeltype": null, "sjøstatus": "ikkeIBruk" }, "geometry": { "type": "MultiLineString", "coordinates": [ [ [ 8.038637777778327, 57.759436388011629 ], [ 8.044619166667202, 57.749999999121833 ] ] ] } },
{ "type": "Feature", "properties": { "gml_id": "id1cc71a20-f213-4162-bc5e-6b07c74914a8", "lokalId": "bab51a25-2152-40cb-b16a-4c3ab4706df8", "navnerom": "https://data.geonorge.no/sosi/kyst/sjokart_maritim_infrastruktur", "førsteDatafangstdato": null, "oppdateringsdato": "2010-01-22T00:00:00", "datauttaksdato": "2025-05-01T00:00:26", "målemetode": "ukjentMålemetode", "kabeltype": "kraftledning", "sjøstatus": null }, "geometry": { "type": "MultiLineString", "coordinates": [ [ [ 5.0, 59.254529234642824 ], [ 5.094048122201875, 59.32739642381906 ], [ 5.135281098657289, 59.335701364479554 ], [ 5.17214810038441, 59.332474491942854 ] ] ] } },
{ "type": "Feature", "properties": { "gml_id": "id374ae8f3-12af-4b8b-a342-d95813d41588", "lokalId": "22e4e049-ced0-4547-b56a-2344d8afab19", "navnerom": "https://data.geonorge.no/sosi/kyst/sjokart_maritim_infrastruktur", "førsteDatafangstdato": null, "oppdateringsdato": "2010-01-22T00:00:00", "datauttaksdato": "2025-05-01T00:00:26", "målemetode": "ukjentMålemetode", "kabeltype": "kraftledning", "sjøstatus": null }, "geometry": { "type": "MultiLineString", "coordinates": [ [ [ 3.50892894144335, 60.772711183199995 ], [ 3.609588161607998, 60.767774954869743 ] ] ] } },
{ "type": "Feature", "properties": { "gml_id": "idb4e229a4-1483-420f-a4a0-52340cef0d1f", "lokalId": "00c7ae94-3ae8-4c33-b88d-95e6abb34f1d", "navnerom": "https://data.geonorge.no/sosi/kyst/sjokart_maritim_infrastruktur", "førsteDatafangstdato": null, "oppdateringsdato": "2010-01-22T00:00:00", "datauttaksdato": "2025-05-01T00:00:26", "målemetode": "ukjentMålemetode", "kabeltype": "kraftledning", "sjøstatus": null }, "geometry": { "type": "MultiLineString", "coordinates": [ [ [ 4.625, 60.536210818676977 ], [ 4.670066465894486, 60.527585902541823 ], [ 4.75, 60.529807875055823 ] ] ] } },
{ "type": "Feature", "properties": { "gml_id": "idbf828cae-b995-44ee-b25d-cace870f33ef", "lokalId": "d562711d-d14f-4c65-a745-9b8f44740a66", "navnerom": "https://data.geonorge.no/sosi/kyst/sjokart_maritim_infrastruktur", "førsteDatafangstdato": null, "oppdateringsdato": "2010-01-22T00:00:00", "datauttaksdato": "2025-05-01T00:00:26", "målemetode": "ukjentMålemetode", "kabeltype": "kraftledning", "sjøstatus": null }, "geometry": { "type": "MultiLineString", "coordinates": [ [ [ 2.773627842488072, 60.607624144708609 ], [ 2.75559089505166, 60.597407504328125 ], [ 2.717760813870477, 60.540367795769747 ] ] ] } },
{ "type": "Feature", "properties": { "gml_id": "id18c22c9a-cb23-46bf-a3d2-1fb99cb8bac1", "lokalId": "2271692a-b7ad-4d74-b8ac-a6766326d418", "navnerom": "https://data.geonorge.no/sosi/kyst/sjokart_maritim_infrastruktur", "førsteDatafangstdato": null, "oppdateringsdato": "2010-01-22T00:00:00", "datauttaksdato": "2025-05-01T00:00:26", "målemetode": "ukjentMålemetode", "kabeltype": "kraftledning", "sjøstatus": null }, "geometry": { "type": "MultiLineString", "coordinates": [ [ [ 3.616159425639017, 60.883729884548828 ], [ 3.652998525164889, 60.894593372652686 ] ] ] } },
{ "type": "Feature", "properties": { "gml_id": "id8833d1de-74c0-436e-b2f0-ffe797ec46f8", "lokalId": "84c26f3b-77b4-4f56-a21f-debc3852ffc9", "navnerom": "https://data.geonorge.no/sosi/kyst/sjokart_maritim_infrastruktur", "førsteDatafangstdato": null, "oppdateringsdato": "2010-01-22T00:00:00", "datauttaksdato": "2025-05-01T00:00:26", "målemetode": "ukjentMålemetode", "kabeltype": "kraftledning", "sjøstatus": null }, "geometry": { "type": "MultiLineString", "coordinates": [ [ [ 3.606847257628943, 60.888483472650101 ], [ 3.624813473441551, 60.915059600319651 ] ] ] } },
{ "type": "Feature", "properties": { "gml_id": "idb3620117-b688-43c5-9ee4-cfca4ef2e043", "lokalId": "3fffac9d-1294-4890-adbe-f3b981b6b581", "navnerom": "https://data.geonorge.no/sosi/kyst/sjokart_maritim_infrastruktur", "førsteDatafangstdato": null, "oppdateringsdato": "2010-01-22T00:00:00", "datauttaksdato": "2025-05-01T00:00:26", "målemetode": "ukjentMålemetode", "kabeltype": "telefonledning", "sjøstatus": null }, "geometry": { "type": "MultiLineString", "coordinates": [ [ [ 12.0, 65.530806307685765 ], [ 12.081198099066301, 65.561508288686014 ], [ 12.187731565503308, 65.547875133323402 ], [ 12.1967149232837, 65.541058472083179 ], [ 12.187915139057294, 65.520391778995148 ], [ 12.196477073437306, 65.499999999560501 ] ] ] } },
{ "type": "Feature", "properties": { "gml_id": "idfbbac7c7-c9bd-478c-96ff-91136fda8dc3", "lokalId": "dc0bef37-8354-434b-ad56-e422bebdce8b", "navnerom": "https://data.geonorge.no/sosi/kyst/sjokart_maritim_infrastruktur", "førsteDatafangstdato": null, "oppdateringsdato": "2010-01-22T00:00:00", "datauttaksdato": "2025-05-01T00:00:26", "målemetode": "ukjentMålemetode", "kabeltype": "kraftledning", "sjøstatus": null }, "geometry": { "type": "MultiLineString", "coordinates": [ [ [ 3.609680100509001, 60.767859732892255 ], [ 3.638123083399718, 60.755385796277039 ] ] ] } },
{ "type": "Feature", "properties": { "gml_id": "id43e86505-8dac-472f-b76e-48fc4ff169d8", "lokalId": "48d6cd9f-6e5a-428f-b964-1e5d74286cac", "navnerom": "https://data.geonorge.no/sosi/kyst/sjokart_maritim_infrastruktur", "førsteDatafangstdato": null, "oppdateringsdato": "2010-02-18T00:00:00", "datauttaksdato": "2025-05-01T00:00:26", "målemetode": "ukjentMålemetode", "kabeltype": null, "sjøstatus": null }, "geometry": { "type": "MultiLineString", "coordinates": [ [ [ 3.810412323590227, 57.999999999145707 ], [ 3.593333029113799, 58.193333028277301 ], [ 3.5, 58.235171415299256 ] ] ] } },
{ "type": "Feature", "properties": { "gml_id": "idd7509452-e1b6-41d0-b401-a421701ca6b8", "lokalId": "08ff5302-56e2-464c-93c7-a6010d85fd0d", "navnerom": "https://data.geonorge.no/sosi/kyst/sjokart_maritim_infrastruktur", "førsteDatafangstdato": null, "oppdateringsdato": "2010-02-18T00:00:00", "datauttaksdato": "2025-05-01T00:00:26", "målemetode": "ukjentMålemetode", "kabeltype": null, "sjøstatus": null }, "geometry": { "type": "MultiLineString", "coordinates": [ [ [ 4.0, 57.829623062800245 ], [ 3.810412323590227, 57.999999999145707 ] ] ] } },
{ "type": "Feature", "properties": { "gml_id": "idb11b9a05-7bd8-4c42-af69-386bb36beccb", "lokalId": "dc8781f5-6e5b-4b23-a491-65ea0cf2ee3c", "navnerom": "https://data.geonorge.no/sosi/kyst/sjokart_maritim_infrastruktur", "førsteDatafangstdato": null, "oppdateringsdato": "2010-02-18T00:00:00", "datauttaksdato": "2025-05-01T00:00:26", "målemetode": "ukjentMålemetode", "kabeltype": null, "sjøstatus": null }, "geometry": { "type": "MultiLineString", "coordinates": [ [ [ 4.362118143392318, 57.499999999097142 ], [ 4.0, 57.829623062800245 ] ] ] } },
{ "type": "Feature", "properties": { "gml_id": "id5e88e976-bb89-4cd8-ba4f-64b25788400b", "lokalId": "e1819343-726e-4850-8687-a94513f7203b", "navnerom": "https://data.geonorge.no/sosi/kyst/sjokart_maritim_infrastruktur", "førsteDatafangstdato": null, "oppdateringsdato": "2010-01-22T00:00:00", "datauttaksdato": "2025-05-01T00:00:26", "målemetode": "ukjentMålemetode", "kabeltype": "kraftledning", "sjøstatus": null }, "geometry": { "type": "MultiLineString", "coordinates": [ [ [ 3.554338778433036, 60.784668887779802 ], [ 3.554221099583481, 60.808222730863896 ] ] ] } },
{ "type": "Feature", "properties": { "gml_id": "idd238f72f-f117-4e55-bb50-43f95992e098", "lokalId": "1efd1477-0cbd-42b2-8300-d0cb44ab0b31", "navnerom": "https://data.geonorge.no/sosi/kyst/sjokart_maritim_infrastruktur", "førsteDatafangstdato": null, "oppdateringsdato": "2010-01-22T00:00:00", "datauttaksdato": "2025-05-01T00:00:26", "målemetode": "ukjentMålemetode", "kabeltype": "kraftledning", "sjøstatus": null }, "geometry": { "type": "MultiLineString", "coordinates": [ [ [ 3.508931237546316, 60.772788942294099 ], [ 3.554305939523263, 60.784575094784316 ] ] ] } },
{ "type": "Feature", "properties": { "gml_id": "id1dc01386-c345-4e8f-8cc6-457ec4b11f33", "lokalId": "8147f3ec-3aab-4cc5-bdd0-4c72d9e5aabd", "navnerom": "https://data.geonorge.no/sosi/kyst/sjokart_maritim_infrastruktur", "førsteDatafangstdato": null, "oppdateringsdato": "2010-01-22T00:00:00", "datauttaksdato": "2025-05-01T00:00:26", "målemetode": "ukjentMålemetode", "kabeltype": "telefonledning", "sjøstatus": null }, "geometry": { "type": "MultiLineString", "coordinates": [ [ [ 8.099945520039352, 66.002902400107985 ], [ 8.113712246662114, 65.996785745851909 ], [ 8.189811935516046, 66.024119217387153 ], [ 8.261928498366613, 66.031835999285292 ], [ 8.385445107632208, 66.032086186830455 ], [ 8.482461810083459, 66.022936326993403 ], [ 8.883362459014675, 65.934786904624048 ], [ 9.410996412766687, 65.838287730160658 ], [ 9.884413172702144, 65.805621753960196 ], [ 10.097413322827206, 65.778638727831748 ], [ 10.433313956683897, 65.696339242425665 ], [ 10.689858333333301, 65.578399229690447 ] ] ] } },
{ "type": "Feature", "properties": { "gml_id": "idde3dbf4e-464f-42a4-b14a-66019878aa34", "lokalId": "953cb12b-08b3-4d38-8b98-32fe7556ba66", "navnerom": "https://data.geonorge.no/sosi/kyst/sjokart_maritim_infrastruktur", "førsteDatafangstdato": null, "oppdateringsdato": "2010-01-22T00:00:00", "datauttaksdato": "2025-05-01T00:00:26", "målemetode": "ukjentMålemetode", "kabeltype": "telefonledning", "sjøstatus": null }, "geometry": { "type": "MultiLineString", "coordinates": [ [ [ 10.689858333333301, 65.578399229690447 ], [ 10.75, 65.550184386589777 ] ] ] } },
{ "type": "Feature", "properties": { "gml_id": "id59bda3db-312e-4dbe-998f-4ad15a721b14", "lokalId": "11eec24b-67f6-4581-9377-44cd85de9959", "navnerom": "https://data.geonorge.no/sosi/kyst/sjokart_maritim_infrastruktur", "førsteDatafangstdato": null, "oppdateringsdato": "2010-01-22T00:00:00", "datauttaksdato": "2025-05-01T00:00:26", "målemetode": "ukjentMålemetode", "kabeltype": "telefonledning", "sjøstatus": null }, "geometry": { "type": "MultiLineString", "coordinates": [ [ [ 10.75, 65.550184386589777 ], [ 10.846165307803009, 65.499999999560501 ] ] ] } },
{ "type": "Feature", "properties": { "gml_id": "idb58e24d8-2a90-422d-830a-088562f9a589", "lokalId": "37886d68-32dd-4c92-b9be-35eb9f2a68f1", "navnerom": "https://data.geonorge.no/sosi/kyst/sjokart_maritim_infrastruktur", "førsteDatafangstdato": null, "oppdateringsdato": "2010-01-22T00:00:00", "datauttaksdato": "2025-05-01T00:00:26", "målemetode": "ukjentMålemetode", "kabeltype": "telefonledning", "sjøstatus": null }, "geometry": { "type": "MultiLineString", "coordinates": [ [ [ 10.846165307803009, 65.499999999560501 ], [ 10.911399145344813, 65.462789900968829 ], [ 11.0, 65.441268899996544 ] ] ] } },
{ "type": "Feature", "properties": { "gml_id": "idbbb727ac-8d4b-47b4-bb51-1d47aa8d479f", "lokalId": "097e0459-8a7c-4467-bd8c-6e5f079904f1", "navnerom": "https://data.geonorge.no/sosi/kyst/sjokart_maritim_infrastruktur", "førsteDatafangstdato": null, "oppdateringsdato": "2010-01-22T00:00:00", "datauttaksdato": "2025-05-01T00:00:26", "målemetode": "ukjentMålemetode", "kabeltype": "telefonledning", "sjøstatus": null }, "geometry": { "type": "MultiLineString", "coordinates": [ [ [ 11.0, 65.441268899996544 ], [ 11.105599405872704, 65.427906845906492 ], [ 11.137349845986805, 65.371956878123228 ], [ 11.1843500591966, 65.351973642821818 ], [ 11.175666879875607, 65.330240294356656 ], [ 11.182083612199397, 65.319573645100874 ], [ 11.25, 65.301278014413825 ] ] ] } },
{ "type": "Feature", "properties": { "gml_id": "id9c1d414d-4e63-416c-a697-d74c74314a37", "lokalId": "73df7f0f-bbb9-4fe0-a520-fedd5cb106ed", "navnerom": "https://data.geonorge.no/sosi/kyst/sjokart_maritim_infrastruktur", "førsteDatafangstdato": null, "oppdateringsdato": "2010-01-22T00:00:00", "datauttaksdato": "2025-05-01T00:00:26", "målemetode": "ukjentMålemetode", "kabeltype": "kraftledning", "sjøstatus": null }, "geometry": { "type": "MultiLineString", "coordinates": [ [ [ 1.9331214734163, 61.365187386618523 ], [ 1.946065106850372, 61.352826617281487 ], [ 1.938388752242288, 61.307372249563308 ], [ 1.901487165327955, 61.296478111348669 ] ] ] } },
{ "type": "Feature", "properties": { "gml_id": "id81ed8851-9592-47a5-a399-7b05e00b631c", "lokalId": "75d0e3ae-87d5-4c34-8c57-6611bc28ab84", "navnerom": "https://data.geonorge.no/sosi/kyst/sjokart_maritim_infrastruktur", "førsteDatafangstdato": null, "oppdateringsdato": "2010-01-22T00:00:00", "datauttaksdato": "2025-05-01T00:00:26", "målemetode": "ukjentMålemetode", "kabeltype": "kraftledning", "sjøstatus": null }, "geometry": { "type": "MultiLineString", "coordinates": [ [ [ 3.652927935027197, 60.89450367716794 ], [ 3.670141501262944, 60.892436925484844 ] ] ] } },
{ "type": "Feature", "properties": { "gml_id": "id9e8c3835-28fc-4778-a639-dda633e5225a", "lokalId": "3e4791aa-5b52-401e-be35-50466d6c1ab0", "navnerom": "https://data.geonorge.no/sosi/kyst/sjokart_maritim_infrastruktur", "førsteDatafangstdato": null, "oppdateringsdato": "2010-01-22T00:00:00", "datauttaksdato": "2025-05-01T00:00:26", "målemetode": "ukjentMålemetode", "kabeltype": "kraftledning", "sjøstatus": null }, "geometry": { "type": "MultiLineString", "coordinates": [ [ [ 3.436546291494026, 60.775619524380815 ], [ 3.42243445240617, 60.76624286550576 ] ] ] } },
{ "type": "Feature", "properties": { "gml_id": "idd8c70be3-d8ae-4457-b158-4320b993c20b", "lokalId": "020bf3b7-9131-4c0c-b4e1-8ddda683d0f5", "navnerom": "https://data.geonorge.no/sosi/kyst/sjokart_maritim_infrastruktur", "førsteDatafangstdato": null, "oppdateringsdato": "2010-01-22T00:00:00", "datauttaksdato": "2025-05-01T00:00:26", "målemetode": "ukjentMålemetode", "kabeltype": "kraftledning", "sjøstatus": null }, "geometry": { "type": "MultiLineString", "coordinates": [ [ [ 3.443008247089546, 60.85629670015949 ], [ 3.435046195131095, 60.867027359470455 ] ] ] } },
{ "type": "Feature", "properties": { "gml_id": "id8fb9746e-b632-4f1f-8f74-e29d7cae08fb", "lokalId": "bf1a308d-f1de-47f3-ad1d-d9147b313feb", "navnerom": "https://data.geonorge.no/sosi/kyst/sjokart_maritim_infrastruktur", "førsteDatafangstdato": null, "oppdateringsdato": "2010-01-22T00:00:00", "datauttaksdato": "2025-05-01T00:00:26", "målemetode": "ukjentMålemetode", "kabeltype": "kraftledning", "sjøstatus": null }, "geometry": { "type": "MultiLineString", "coordinates": [ [ [ 4.833333333333323, 60.538419353920503 ], [ 4.836910567842236, 60.540258814212621 ] ] ] } },
{ "type": "Feature", "properties": { "gml_id": "id864c0919-2876-488d-9899-2c56e738a11d", "lokalId": "7b3d56ce-a186-4be6-9eb3-7fd61944d2d0", "navnerom": "https://data.geonorge.no/sosi/kyst/sjokart_maritim_infrastruktur", "førsteDatafangstdato": null, "oppdateringsdato": "2010-01-22T00:00:00", "datauttaksdato": "2025-05-01T00:00:26", "målemetode": "ukjentMålemetode", "kabeltype": "kraftledning", "sjøstatus": null }, "geometry": { "type": "MultiLineString", "coordinates": [ [ [ 4.625, 60.534792612354842 ], [ 4.672071084057365, 60.526264201803599 ], [ 4.75, 60.529532552481072 ] ] ] } },
{ "type": "Feature", "properties": { "gml_id": "ida2581871-0c79-47e5-83a5-0c38d7a96ad7", "lokalId": "addbea2b-996f-45ce-a22f-2c190bd6526d", "navnerom": "https://data.geonorge.no/sosi/kyst/sjokart_maritim_infrastruktur", "førsteDatafangstdato": null, "oppdateringsdato": "2010-01-22T00:00:00", "datauttaksdato": "2025-05-01T00:00:26", "målemetode": "ukjentMålemetode", "kabeltype": "kraftledning", "sjøstatus": null }, "geometry": { "type": "MultiLineString", "coordinates": [ [ [ 2.187302762042135, 61.176125690566835 ], [ 2.152899130271453, 61.175097829476776 ], [ 2.035198797505259, 61.054909210715451 ] ] ] } },
{ "type": "Feature", "properties": { "gml_id": "id8c10ef85-fede-4633-80a0-cc96ad253e8c", "lokalId": "51509a63-d635-4b7d-a2a7-d5d9a3f6fefd", "navnerom": "https://data.geonorge.no/sosi/kyst/sjokart_maritim_infrastruktur", "førsteDatafangstdato": null, "oppdateringsdato": "2010-03-24T00:00:00", "datauttaksdato": "2025-05-01T00:00:26", "målemetode": "ukjentMålemetode", "kabeltype": "kraftledning", "sjøstatus": null }, "geometry": { "type": "MultiLineString", "coordinates": [ [ [ 4.000000006646651, 58.810689291305295 ], [ 4.073400192102965, 58.835565888908391 ], [ 4.120192802646906, 58.860757053417714 ], [ 4.319881866525888, 58.929213630028165 ] ] ] } },
{ "type": "Feature", "properties": { "gml_id": "id111c9215-8cee-4617-b4ac-2f3356cd6d16", "lokalId": "f3beb75e-7327-4297-99ec-7d9a56edd5c4", "navnerom": "https://data.geonorge.no/sosi/kyst/sjokart_maritim_infrastruktur", "førsteDatafangstdato": null, "oppdateringsdato": "2010-02-18T00:00:00", "datauttaksdato": "2025-05-01T00:00:26", "målemetode": "ukjentMålemetode", "kabeltype": "kraftledning", "sjøstatus": null }, "geometry": { "type": "MultiLineString", "coordinates": [ [ [ 3.25820644289614, 58.499999999190742 ], [ 3.367212993487733, 58.54330013585394 ] ] ] } },
{ "type": "Feature", "properties": { "gml_id": "ida93491de-ba2c-4cac-a52a-06d9bed90693", "lokalId": "c1cd4d97-135e-448f-a4a1-49a9b5fc69f0", "navnerom": "https://data.geonorge.no/sosi/kyst/sjokart_maritim_infrastruktur", "førsteDatafangstdato": null, "oppdateringsdato": "2010-02-18T00:00:00", "datauttaksdato": "2025-05-01T00:00:26", "målemetode": "ukjentMålemetode", "kabeltype": "kraftledning", "sjøstatus": null }, "geometry": { "type": "MultiLineString", "coordinates": [ [ [ 3.367212993487733, 58.54330013585394 ], [ 3.5, 58.590351266235949 ] ] ] } },
{ "type": "Feature", "properties": { "gml_id": "ide163d00a-d9ae-4d82-bbbd-263263b11db7", "lokalId": "276dd278-9190-495c-860e-5053405293ee", "navnerom": "https://data.geonorge.no/sosi/kyst/sjokart_maritim_infrastruktur", "førsteDatafangstdato": null, "oppdateringsdato": "2010-01-22T00:00:00", "datauttaksdato": "2025-05-01T00:00:26", "målemetode": "ukjentMålemetode", "kabeltype": "kraftledning", "sjøstatus": null }, "geometry": { "type": "MultiLineString", "coordinates": [ [ [ 3.579954115261339, 60.848780589630657 ], [ 3.566778629984157, 60.839876387841443 ], [ 3.570916455031637, 60.830598925430849 ] ] ] } },
{ "type": "Feature", "properties": { "gml_id": "idca084a95-7dc5-494f-a886-daf065c8da44", "lokalId": "6079488c-6b2a-4127-9244-d02598e39cc5", "navnerom": "https://data.geonorge.no/sosi/kyst/sjokart_maritim_infrastruktur", "førsteDatafangstdato": null, "oppdateringsdato": "2010-01-22T00:00:00", "datauttaksdato": "2025-05-01T00:00:26", "målemetode": "ukjentMålemetode", "kabeltype": "kraftledning", "sjøstatus": null }, "geometry": { "type": "MultiLineString", "coordinates": [ [ [ 3.616137752794368, 60.883667133882383 ], [ 3.651958751492846, 60.895847750546764 ] ] ] } },
{ "type": "Feature", "properties": { "gml_id": "id70e22468-af46-4d4f-9fa0-6486c3c02608", "lokalId": "a887369a-321d-4c61-830d-4fdb326221b6", "navnerom": "https://data.geonorge.no/sosi/kyst/sjokart_maritim_infrastruktur", "førsteDatafangstdato": null, "oppdateringsdato": "2010-01-22T00:00:00", "datauttaksdato": "2025-05-01T00:00:26", "målemetode": "ukjentMålemetode", "kabeltype": "kraftledning", "sjøstatus": null }, "geometry": { "type": "MultiLineString", "coordinates": [ [ [ 3.508764375181164, 60.714019535927832 ], [ 3.511561722822011, 60.729759698112147 ] ] ] } },
{ "type": "Feature", "properties": { "gml_id": "id04a1802e-554d-4bb2-9cf6-ceab8988d8a9", "lokalId": "6bdefef5-dace-4c1a-8f6b-b38c3b3abef1", "navnerom": "https://data.geonorge.no/sosi/kyst/sjokart_maritim_infrastruktur", "førsteDatafangstdato": null, "oppdateringsdato": "2010-01-22T00:00:00", "datauttaksdato": "2025-05-01T00:00:26", "målemetode": "ukjentMålemetode", "kabeltype": "kraftledning", "sjøstatus": null }, "geometry": { "type": "MultiLineString", "coordinates": [ [ [ 3.580032942521293, 60.740404342514893 ], [ 3.575970532124694, 60.728113995348934 ] ] ] } },
{ "type": "Feature", "properties": { "gml_id": "id0fe56b20-a37f-47ef-adcd-b7836c0ac27a", "lokalId": "f020ad6e-7384-498b-939e-49ff143b10ea", "navnerom": "https://data.geonorge.no/sosi/kyst/sjokart_maritim_infrastruktur", "førsteDatafangstdato": null, "oppdateringsdato": "2010-01-22T00:00:00", "datauttaksdato": "2025-05-01T00:00:26", "målemetode": "ukjentMålemetode", "kabeltype": "telefonledning", "sjøstatus": null }, "geometry": { "type": "MultiLineString", "coordinates": [ [ [ 8.116666666666667, 63.577963192867628 ], [ 8.139869934731623, 63.554473103345757 ], [ 8.220279623539456, 63.509928511367093 ], [ 8.218577697166381, 63.499999999492559 ] ] ] } },
{ "type": "Feature", "properties": { "gml_id": "idcca9b60e-ab3c-4361-8830-2e3911beea33", "lokalId": "7ab50a76-9af1-4dc3-8942-451f0211428c", "navnerom": "https://data.geonorge.no/sosi/kyst/sjokart_maritim_infrastruktur", "førsteDatafangstdato": null, "oppdateringsdato": "2010-01-22T00:00:00", "datauttaksdato": "2025-05-01T00:00:26", "målemetode": "ukjentMålemetode", "kabeltype": "kraftledning", "sjøstatus": null }, "geometry": { "type": "MultiLineString", "coordinates": [ [ [ 1.828258760203927, 61.205889242024803 ], [ 1.844120447675668, 61.18579168333914 ] ] ] } },
{ "type": "Feature", "properties": { "gml_id": "id46cc0e67-7a92-44dd-a824-e30ebe3dc6ff", "lokalId": "5c65a1a1-6173-4f40-81b8-f3c9ac8fed4e", "navnerom": "https://data.geonorge.no/sosi/kyst/sjokart_maritim_infrastruktur", "førsteDatafangstdato": null, "oppdateringsdato": "2010-01-22T00:00:00", "datauttaksdato": "2025-05-01T00:00:26", "målemetode": "ukjentMålemetode", "kabeltype": "kraftledning", "sjøstatus": null }, "geometry": { "type": "MultiLineString", "coordinates": [ [ [ 1.901594068424943, 61.296511767393511 ], [ 1.984519783849701, 61.328931139054589 ] ] ] } },
{ "type": "Feature", "properties": { "gml_id": "id358280f6-0fb3-4021-beab-10612393a7db", "lokalId": "ebb6b2ef-9cc8-4072-9008-ee6d139c7083", "navnerom": "https://data.geonorge.no/sosi/kyst/sjokart_maritim_infrastruktur", "førsteDatafangstdato": null, "oppdateringsdato": "2010-01-22T00:00:00", "datauttaksdato": "2025-05-01T00:00:26", "målemetode": "ukjentMålemetode", "kabeltype": "kraftledning", "sjøstatus": null }, "geometry": { "type": "MultiLineString", "coordinates": [ [ [ 3.613738775009852, 60.882512703145373 ], [ 3.625552973295592, 60.844220474614886 ] ] ] } },
{ "type": "Feature", "properties": { "gml_id": "id47c1a526-30a0-45c9-982b-886930f779c1", "lokalId": "a1ec2cee-3600-4192-a797-00c512ca22b7", "navnerom": "https://data.geonorge.no/sosi/kyst/sjokart_maritim_infrastruktur", "førsteDatafangstdato": null, "oppdateringsdato": "2010-02-18T00:00:00", "datauttaksdato": "2025-05-01T00:00:26", "målemetode": "ukjentMålemetode", "kabeltype": "kraftledning", "sjøstatus": null }, "geometry": { "type": "MultiLineString", "coordinates": [ [ [ 4.572590108173666, 59.022761182247102 ], [ 4.75, 59.088107771371185 ] ] ] } },
{ "type": "Feature", "properties": { "gml_id": "id18054114-dfe3-4f66-b8da-71e80e794e81", "lokalId": "e498d2b6-a241-4aa4-8944-7c7e6039d461", "navnerom": "https://data.geonorge.no/sosi/kyst/sjokart_maritim_infrastruktur", "førsteDatafangstdato": null, "oppdateringsdato": "2010-01-22T00:00:00", "datauttaksdato": "2025-05-01T00:00:26", "målemetode": "ukjentMålemetode", "kabeltype": "kraftledning", "sjøstatus": null }, "geometry": { "type": "MultiLineString", "coordinates": [ [ [ 3.495995943006903, 60.77550015447229 ], [ 3.444128356319832, 60.798666185946779 ] ] ] } },
{ "type": "Feature", "properties": { "gml_id": "idd4a9dfca-9e05-4ad8-9556-32d554fffd09", "lokalId": "e2c2c98a-0450-424c-aaca-c1c79d973ef1", "navnerom": "https://data.geonorge.no/sosi/kyst/sjokart_maritim_infrastruktur", "førsteDatafangstdato": null, "oppdateringsdato": "2010-01-22T00:00:00", "datauttaksdato": "2025-05-01T00:00:26", "målemetode": "ukjentMålemetode", "kabeltype": "kraftledning", "sjøstatus": null }, "geometry": { "type": "MultiLineString", "coordinates": [ [ [ 3.495875058941569, 60.77540185270356 ], [ 3.43666594466936, 60.775643396545512 ] ] ] } },
{ "type": "Feature", "properties": { "gml_id": "id667c0f35-d1d5-4b88-afc3-0fe86fa06235", "lokalId": "746f2288-2111-4808-b903-61cc9c95564c", "navnerom": "https://data.geonorge.no/sosi/kyst/sjokart_maritim_infrastruktur", "førsteDatafangstdato": null, "oppdateringsdato": "2010-02-18T00:00:00", "datauttaksdato": "2025-05-01T00:00:26", "målemetode": "ukjentMålemetode", "kabeltype": "kraftledning", "sjøstatus": null }, "geometry": { "type": "MultiLineString", "coordinates": [ [ [ 2.998042623877301, 58.398367002000441 ], [ 3.0, 58.399046085538394 ] ] ] } },
{ "type": "Feature", "properties": { "gml_id": "id40da82ae-fce9-4c9a-b867-0534546d82c5", "lokalId": "a1664192-205b-49ce-9594-0a215c592b4d", "navnerom": "https://data.geonorge.no/sosi/kyst/sjokart_maritim_infrastruktur", "førsteDatafangstdato": null, "oppdateringsdato": "2010-01-22T00:00:00", "datauttaksdato": "2025-05-01T00:00:26", "målemetode": "ukjentMålemetode", "kabeltype": "kraftledning", "sjøstatus": null }, "geometry": { "type": "MultiLineString", "coordinates": [ [ [ 3.507867429927472, 60.77166598062967 ], [ 3.580070797664009, 60.74056272993834 ] ] ] } },
{ "type": "Feature", "properties": { "gml_id": "idc18ee0e9-c006-4402-9c7d-0ff42475c8b9", "lokalId": "2e4108e0-0308-489f-93fa-8320e79e096b", "navnerom": "https://data.geonorge.no/sosi/kyst/sjokart_maritim_infrastruktur", "førsteDatafangstdato": null, "oppdateringsdato": "2010-01-22T00:00:00", "datauttaksdato": "2025-05-01T00:00:26", "målemetode": "ukjentMålemetode", "kabeltype": "kraftledning", "sjøstatus": null }, "geometry": { "type": "MultiLineString", "coordinates": [ [ [ 4.75, 60.529275296017886 ], [ 4.803516456705154, 60.527061104189599 ], [ 4.836959875609732, 60.539663528061901 ] ] ] } },
{ "type": "Feature", "properties": { "gml_id": "id1c2870ab-8576-4563-b119-b06c650cf3f4", "lokalId": "7a4d8825-0fb1-47ba-956d-b591069b2559", "navnerom": "https://data.geonorge.no/sosi/kyst/sjokart_maritim_infrastruktur", "førsteDatafangstdato": null, "oppdateringsdato": "2010-01-22T00:00:00", "datauttaksdato": "2025-05-01T00:00:26", "målemetode": "ukjentMålemetode", "kabeltype": "kraftledning", "sjøstatus": null }, "geometry": { "type": "MultiLineString", "coordinates": [ [ [ 3.604518714538587, 60.887334933637206 ], [ 3.593883692652362, 60.887187528167914 ], [ 3.598015216252326, 60.865429673102007 ], [ 3.580028232056867, 60.848869567913951 ] ] ] } },
{ "type": "Feature", "properties": { "gml_id": "id843227ca-a589-4547-8ef0-aee198cef3bd", "lokalId": "9be7e896-3290-4f8c-a863-49a5dab8c4d3", "navnerom": "https://data.geonorge.no/sosi/kyst/sjokart_maritim_infrastruktur", "førsteDatafangstdato": null, "oppdateringsdato": "2010-01-22T00:00:00", "datauttaksdato": "2025-05-01T00:00:26", "målemetode": "ukjentMålemetode", "kabeltype": "telefonledning", "sjøstatus": null }, "geometry": { "type": "MultiLineString", "coordinates": [ [ [ 11.25, 65.301278014413825 ], [ 11.271417114192801, 65.301857074750387 ], [ 11.28309991746511, 65.313333332888291 ] ] ] } },
{ "type": "Feature", "properties": { "gml_id": "id65f99895-9772-4ed2-92e8-e37441357526", "lokalId": "2dc1de50-e927-477e-abbf-ff53dd9bb448", "navnerom": "https://data.geonorge.no/sosi/kyst/sjokart_maritim_infrastruktur", "førsteDatafangstdato": null, "oppdateringsdato": "2010-01-22T00:00:00", "datauttaksdato": "2025-05-01T00:00:26", "målemetode": "ukjentMålemetode", "kabeltype": "telefonledning", "sjøstatus": null }, "geometry": { "type": "MultiLineString", "coordinates": [ [ [ 11.28309991746511, 65.313333332888291 ], [ 11.309483386662592, 65.348407133531353 ], [ 11.384933049140406, 65.379757277518465 ], [ 11.5, 65.408807661324374 ] ] ] } },
{ "type": "Feature", "properties": { "gml_id": "iddb7b2b00-f48b-454a-a4de-17338e1133b3", "lokalId": "4d658802-2b01-42fa-bd18-475d0616b4dc", "navnerom": "https://data.geonorge.no/sosi/kyst/sjokart_maritim_infrastruktur", "førsteDatafangstdato": null, "oppdateringsdato": "2010-01-22T00:00:00", "datauttaksdato": "2025-05-01T00:00:26", "målemetode": "ukjentMålemetode", "kabeltype": "telefonledning", "sjøstatus": null }, "geometry": { "type": "MultiLineString", "coordinates": [ [ [ 11.5, 65.408807661324374 ], [ 11.545432558524904, 65.435757503225588 ], [ 11.75, 65.470200423827606 ] ] ] } },
{ "type": "Feature", "properties": { "gml_id": "idfcec2a0f-6394-4569-b731-3bc6513878ee", "lokalId": "0b3088a4-17a4-4700-ae91-eb72ea88ec05", "navnerom": "https://data.geonorge.no/sosi/kyst/sjokart_maritim_infrastruktur", "førsteDatafangstdato": null, "oppdateringsdato": "2010-01-22T00:00:00", "datauttaksdato": "2025-05-01T00:00:26", "målemetode": "ukjentMålemetode", "kabeltype": "telefonledning", "sjøstatus": null }, "geometry": { "type": "MultiLineString", "coordinates": [ [ [ 11.75, 65.470200423827606 ], [ 11.903762726267107, 65.499999999560501 ] ] ] } },
{ "type": "Feature", "properties": { "gml_id": "id90fd1a04-b173-47fe-8db5-47c257f16ecc", "lokalId": "e728476e-9bb4-44d3-9370-04014635c728", "navnerom": "https://data.geonorge.no/sosi/kyst/sjokart_maritim_infrastruktur", "førsteDatafangstdato": null, "oppdateringsdato": "2010-01-22T00:00:00", "datauttaksdato": "2025-05-01T00:00:26", "målemetode": "ukjentMålemetode", "kabeltype": "kraftledning", "sjøstatus": null }, "geometry": { "type": "MultiLineString", "coordinates": [ [ [ 3.495741215706276, 60.775292793579368 ], [ 3.470278654978351, 60.772457439342581 ], [ 3.460846190951286, 60.757489200497837 ], [ 3.440550096504744, 60.752971230723332 ] ] ] } },
{ "type": "Feature", "properties": { "gml_id": "id3d370ed8-09ac-47e0-ba68-4463ffaf21be", "lokalId": "9e818aa1-480c-4006-878a-327d4f9ceb7c", "navnerom": "https://data.geonorge.no/sosi/kyst/sjokart_maritim_infrastruktur", "førsteDatafangstdato": null, "oppdateringsdato": "2010-01-22T00:00:00", "datauttaksdato": "2025-05-01T00:00:26", "målemetode": "ukjentMålemetode", "kabeltype": "telefonledning", "sjøstatus": null }, "geometry": { "type": "MultiLineString", "coordinates": [ [ [ 8.025876507726737, 63.667777777276903 ], [ 8.071602593595447, 63.644766291455205 ], [ 8.089744666894637, 63.598109166322125 ], [ 8.116666666666667, 63.577963192867628 ] ] ] } },
{ "type": "Feature", "properties": { "gml_id": "idfcb508ab-c4dd-4ff8-9c9c-b8dd79264300", "lokalId": "b7173938-cf10-423a-82f1-ff44db2e6e92", "navnerom": "https://data.geonorge.no/sosi/kyst/sjokart_maritim_infrastruktur", "førsteDatafangstdato": null, "oppdateringsdato": "2010-01-22T00:00:00", "datauttaksdato": "2025-05-01T00:00:26", "målemetode": "ukjentMålemetode", "kabeltype": "kraftledning", "sjøstatus": null }, "geometry": { "type": "MultiLineString", "coordinates": [ [ [ 2.145208638841365, 61.449840516575271 ], [ 2.224567642161162, 61.489061106465286 ] ] ] } },
{ "type": "Feature", "properties": { "gml_id": "ided8376c2-469f-4251-bd5c-81866322200f", "lokalId": "12f5827d-1257-49d8-8018-c954396438b9", "navnerom": "https://data.geonorge.no/sosi/kyst/sjokart_maritim_infrastruktur", "førsteDatafangstdato": null, "oppdateringsdato": "2010-01-22T00:00:00", "datauttaksdato": "2025-05-01T00:00:26", "målemetode": "ukjentMålemetode", "kabeltype": "telefonledning", "sjøstatus": null }, "geometry": { "type": "MultiLineString", "coordinates": [ [ [ 8.218577697166381, 63.499999999492559 ], [ 8.22590743479407, 63.47685095235002 ], [ 8.215141757819156, 63.465123868996109 ], [ 8.212237368496492, 63.446146512295762 ], [ 8.224569660954103, 63.425513800689266 ], [ 8.25, 63.408667801851699 ] ] ] } },
{ "type": "Feature", "properties": { "gml_id": "id8874b27b-4dac-4180-a21d-13836dffd7f9", "lokalId": "b9fecf0d-3581-4ed3-89a2-cde674c5ce19", "navnerom": "https://data.geonorge.no/sosi/kyst/sjokart_maritim_infrastruktur", "førsteDatafangstdato": "2004-04-19T00:00:00", "oppdateringsdato": "2011-06-01T00:00:00", "datauttaksdato": "2025-05-01T00:00:26", "målemetode": "ukjentMålemetode", "kabeltype": "telefonledning", "sjøstatus": null }, "geometry": { "type": "MultiLineString", "coordinates": [ [ [ 23.5, 70.68874366683967 ], [ 23.3463175, 70.728586944120593 ], [ 23.355340091133691, 70.731393855734609 ] ] ] } },
{ "type": "Feature", "properties": { "gml_id": "idd72b0310-1ed2-4d04-b89e-338f21d1d4ff", "lokalId": "76b0cbf1-4218-4afe-93fa-67b427901bc6", "navnerom": "https://data.geonorge.no/sosi/kyst/sjokart_maritim_infrastruktur", "førsteDatafangstdato": null, "oppdateringsdato": "2011-01-20T00:00:00", "datauttaksdato": "2025-05-01T00:00:26", "målemetode": "ukjentMålemetode", "kabeltype": "kraftledning", "sjøstatus": null }, "geometry": { "type": "MultiLineString", "coordinates": [ [ [ 12.25, 67.531138825041367 ], [ 12.5, 67.579376147521927 ] ] ] } },
{ "type": "Feature", "properties": { "gml_id": "id92ab27a3-7dd8-4bb3-9d01-ed84ace74604", "lokalId": "d8c5b248-3873-432b-a400-1a5dd0875c46", "navnerom": "https://data.geonorge.no/sosi/kyst/sjokart_maritim_infrastruktur", "førsteDatafangstdato": null, "oppdateringsdato": "2011-01-20T00:00:00", "datauttaksdato": "2025-05-01T00:00:26", "målemetode": "ukjentMålemetode", "kabeltype": "kraftledning", "sjøstatus": null }, "geometry": { "type": "MultiLineString", "coordinates": [ [ [ 12.5, 67.579376147521927 ], [ 12.545313187669095, 67.592295961363803 ], [ 12.583591138348105, 67.588690062824696 ], [ 12.619930821747396, 67.608762661183874 ], [ 12.669579216936693, 67.616719229972247 ], [ 12.728245100871192, 67.646413671844073 ], [ 12.719453696659192, 67.651552521265216 ] ] ] } },
{ "type": "Feature", "properties": { "gml_id": "id81d2d7cc-fcbb-4296-b860-27b2bb73d83c", "lokalId": "064c5af9-7bcb-42a8-877f-3d9d8f40e6c1", "navnerom": "https://data.geonorge.no/sosi/kyst/sjokart_maritim_infrastruktur", "førsteDatafangstdato": null, "oppdateringsdato": "2010-10-27T00:00:00", "datauttaksdato": "2025-05-01T00:00:26", "målemetode": "ukjentMålemetode", "kabeltype": "kraftledning", "sjøstatus": null }, "geometry": { "type": "MultiLineString", "coordinates": [ [ [ 3.564690506526842, 60.889024465208166 ], [ 3.521193295847612, 60.914517656179235 ] ] ] } },
{ "type": "Feature", "properties": { "gml_id": "id7967f737-70d6-45e2-bb28-fd55d6710379", "lokalId": "68ae5804-75ea-4b01-b6fa-d2e853bac0cf", "navnerom": "https://data.geonorge.no/sosi/kyst/sjokart_maritim_infrastruktur", "førsteDatafangstdato": null, "oppdateringsdato": "2010-05-05T00:00:00", "datauttaksdato": "2025-05-01T00:00:26", "målemetode": "ukjentMålemetode", "kabeltype": "kraftledning", "sjøstatus": null }, "geometry": { "type": "MultiLineString", "coordinates": [ [ [ 5.442009196763385, 59.066691905834219 ], [ 5.5, 59.055836155498653 ] ] ] } },
{ "type": "Feature", "properties": { "gml_id": "idbc3ccc14-b61f-4945-b618-575aed4cd611", "lokalId": "33b30439-8a8d-4990-995a-c48477dc2fef", "navnerom": "https://data.geonorge.no/sosi/kyst/sjokart_maritim_infrastruktur", "førsteDatafangstdato": null, "oppdateringsdato": "2011-10-17T00:00:00", "datauttaksdato": "2025-05-01T00:00:26", "målemetode": "ukjentMålemetode", "kabeltype": "kraftledning", "sjøstatus": "permanent" }, "geometry": { "type": "MultiLineString", "coordinates": [ [ [ 6.15957029792481, 57.431150681926631 ], [ 6.121806802036208, 56.999999999044945 ] ] ] } },
{ "type": "Feature", "properties": { "gml_id": "id4ff893ba-d039-4295-9f25-7ef4816f5984", "lokalId": "b1344213-f2fb-408f-95c5-ec8c28545e4a", "navnerom": "https://data.geonorge.no/sosi/kyst/sjokart_maritim_infrastruktur", "førsteDatafangstdato": null, "oppdateringsdato": "2011-10-17T00:00:00", "datauttaksdato": "2025-05-01T00:00:26", "målemetode": "ukjentMålemetode", "kabeltype": "kraftledning", "sjøstatus": "permanent" }, "geometry": { "type": "MultiLineString", "coordinates": [ [ [ 6.165509716816932, 57.499999999097156 ], [ 6.15957029792481, 57.431150681926631 ] ] ] } },
{ "type": "Feature", "properties": { "gml_id": "id1f0b6971-612f-4b30-b7ea-ce90d168618e", "lokalId": "8a5f798a-edca-464c-b88d-8d6ba9436bf2", "navnerom": "https://data.geonorge.no/sosi/kyst/sjokart_maritim_infrastruktur", "førsteDatafangstdato": null, "oppdateringsdato": "2011-10-17T00:00:00", "datauttaksdato": "2025-05-01T00:00:26", "målemetode": "ukjentMålemetode", "kabeltype": "kraftledning", "sjøstatus": "permanent" }, "geometry": { "type": "MultiLineString", "coordinates": [ [ [ 6.121806802036208, 56.999999999044945 ], [ 6.113225622467352, 56.922631904148297 ] ] ] } },
{ "type": "Feature", "properties": { "gml_id": "id2158f810-c92b-4a6d-afcc-f0bb41960b63", "lokalId": "a3a6ea8f-3ccd-48f3-9fc4-a1efee37dd09", "navnerom": "https://data.geonorge.no/sosi/kyst/sjokart_maritim_infrastruktur", "førsteDatafangstdato": null, "oppdateringsdato": "2011-10-17T00:00:00", "datauttaksdato": "2025-05-01T00:00:26", "målemetode": "ukjentMålemetode", "kabeltype": "kraftledning", "sjøstatus": "permanent" }, "geometry": { "type": "MultiLineString", "coordinates": [ [ [ 6.380575477925641, 57.999999999145693 ], [ 6.193818662069488, 57.701440426089157 ], [ 6.180376463191599, 57.662975534023687 ], [ 6.165509716816932, 57.499999999097156 ] ] ] } },
{ "type": "Feature", "properties": { "gml_id": "id436ce6bd-ba1c-4921-aa9a-a29c5ae9379e", "lokalId": "bd570b36-a4bc-4a95-adf3-6bbdc3e601e3", "navnerom": "https://data.geonorge.no/sosi/kyst/sjokart_maritim_infrastruktur", "førsteDatafangstdato": null, "oppdateringsdato": "2010-10-26T00:00:00", "datauttaksdato": "2025-05-01T00:00:26", "målemetode": "ukjentMålemetode", "kabeltype": "kraftledning", "sjøstatus": null }, "geometry": { "type": "MultiLineString", "coordinates": [ [ [ 4.62500000000021, 60.858736604383523 ], [ 4.500000000000355, 60.855590832248488 ] ] ] } },
{ "type": "Feature", "properties": { "gml_id": "idd136ea4a-74ac-47b8-8fc6-efddb93e21f7", "lokalId": "aedef703-1083-4979-8907-02a9971d0b35", "navnerom": "https://data.geonorge.no/sosi/kyst/sjokart_maritim_infrastruktur", "førsteDatafangstdato": null, "oppdateringsdato": "2011-05-09T00:00:00", "datauttaksdato": "2025-05-01T00:00:26", "målemetode": "ukjentMålemetode", "kabeltype": "kraftledning", "sjøstatus": "permanent" }, "geometry": { "type": "MultiLineString", "coordinates": [ [ [ 12.720378476868207, 67.654917993447768 ], [ 12.719840470416147, 67.655024143294739 ] ] ] } },
{ "type": "Feature", "properties": { "gml_id": "id257d1a89-8a09-40f8-a1ee-26b20226e659", "lokalId": "04f4cd0a-74e1-4164-94f4-91f4ec2338a4", "navnerom": "https://data.geonorge.no/sosi/kyst/sjokart_maritim_infrastruktur", "førsteDatafangstdato": null, "oppdateringsdato": "2010-12-20T00:00:00", "datauttaksdato": "2025-05-01T00:00:26", "målemetode": "ukjentMålemetode", "kabeltype": "kraftledning", "sjøstatus": null }, "geometry": { "type": "MultiLineString", "coordinates": [ [ [ 7.649800407338677, 65.737953630534022 ], [ 7.653751430564346, 65.73841095618458 ] ] ] } },
{ "type": "Feature", "properties": { "gml_id": "id904096a6-cec5-4953-8f5b-2002ffeb7be0", "lokalId": "0dad4828-a3ed-40e4-b8ac-62a33b0d8e2e", "navnerom": "https://data.geonorge.no/sosi/kyst/sjokart_maritim_infrastruktur", "førsteDatafangstdato": null, "oppdateringsdato": "2010-12-20T00:00:00", "datauttaksdato": "2025-05-01T00:00:26", "målemetode": "ukjentMålemetode", "kabeltype": "kraftledning", "sjøstatus": null }, "geometry": { "type": "MultiLineString", "coordinates": [ [ [ 7.650600415361348, 65.700903503923499 ], [ 7.686216673735631, 65.700287762422192 ], [ 7.711288260825597, 65.713560182070623 ], [ 7.71774672961793, 65.725846688096766 ], [ 7.711509478123006, 65.791307666853044 ], [ 7.717122740959579, 65.798542387873638 ] ] ] } },
{ "type": "Feature", "properties": { "gml_id": "idd30fd436-e79e-40a2-a2fe-9d065f34da24", "lokalId": "e08bc75e-8500-485e-a412-540a5e19bcb5", "navnerom": "https://data.geonorge.no/sosi/kyst/sjokart_maritim_infrastruktur", "førsteDatafangstdato": "2001-10-02T00:00:00", "oppdateringsdato": "2010-10-18T00:00:00", "datauttaksdato": "2025-05-01T00:00:26", "målemetode": "ukjentMålemetode", "kabeltype": null, "sjøstatus": null }, "geometry": { "type": "MultiLineString", "coordinates": [ [ [ 5.500000000000372, 59.027301110345867 ], [ 5.589676264244165, 59.018378242743054 ] ] ] } },
{ "type": "Feature", "properties": { "gml_id": "id09b5f27d-7aa9-41cd-ab10-4599bcd12d78", "lokalId": "8ac95bfd-cdca-4f55-8786-5e4962ee9be4", "navnerom": "https://data.geonorge.no/sosi/kyst/sjokart_maritim_infrastruktur", "førsteDatafangstdato": "2001-11-23T00:00:00", "oppdateringsdato": "2010-10-18T00:00:00", "datauttaksdato": "2025-05-01T00:00:26", "målemetode": "ukjentMålemetode", "kabeltype": null, "sjøstatus": null }, "geometry": { "type": "MultiLineString", "coordinates": [ [ [ 5.5, 59.027301110345867 ], [ 5.4425, 59.032777777012953 ], [ 5.441759259259266, 59.039999999235704 ] ] ] } },
{ "type": "Feature", "properties": { "gml_id": "id381d92ee-5a46-48e5-ab2c-8c5fe86c68b2", "lokalId": "bb45e53d-0f89-4cf8-9797-de2f9ae76a8c", "navnerom": "https://data.geonorge.no/sosi/kyst/sjokart_maritim_infrastruktur", "førsteDatafangstdato": null, "oppdateringsdato": "2010-10-22T00:00:00", "datauttaksdato": "2025-05-01T00:00:26", "målemetode": "ukjentMålemetode", "kabeltype": "telefonledning", "sjøstatus": null }, "geometry": { "type": "MultiLineString", "coordinates": [ [ [ 13.312235691442382, 68.120683051187328 ], [ 13.288172433823805, 68.13202968100758 ], [ 13.303913774971617, 68.13517470686142 ] ] ] } },
{ "type": "Feature", "properties": { "gml_id": "id74dda330-7208-4185-b3a6-91ba69a3d0b0", "lokalId": "d6f2aaa8-4bb3-4f1b-853a-5a5188e4e004", "navnerom": "https://data.geonorge.no/sosi/kyst/sjokart_maritim_infrastruktur", "førsteDatafangstdato": null, "oppdateringsdato": "2010-10-22T00:00:00", "datauttaksdato": "2025-05-01T00:00:26", "målemetode": "ukjentMålemetode", "kabeltype": "telefonledning", "sjøstatus": null }, "geometry": { "type": "MultiLineString", "coordinates": [ [ [ 13.220182480392911, 68.089660380419247 ], [ 13.203592013183295, 68.078851321890539 ], [ 13.171985565413035, 68.084312467616712 ] ] ] } },
{ "type": "Feature", "properties": { "gml_id": "id4eae10a4-7115-4648-8b4e-38500eeedf18", "lokalId": "b34ee7f3-4528-4db9-97db-0b0ef12d6ab1", "navnerom": "https://data.geonorge.no/sosi/kyst/sjokart_maritim_infrastruktur", "førsteDatafangstdato": null, "oppdateringsdato": "2010-10-22T00:00:00", "datauttaksdato": "2025-05-01T00:00:26", "målemetode": "ukjentMålemetode", "kabeltype": "telefonledning", "sjøstatus": null }, "geometry": { "type": "MultiLineString", "coordinates": [ [ [ 13.172233049929865, 68.084663366890894 ], [ 13.177824529916704, 68.080417488186498 ], [ 13.173357412005702, 68.059803110297153 ], [ 13.1606229831053, 68.050402012303081 ], [ 13.148340758481062, 68.052472591078853 ] ] ] } },
{ "type": "Feature", "properties": { "gml_id": "ida1ed6a0e-9afa-4504-8dd7-bf41b635c70f", "lokalId": "9cde819c-ccea-4fa3-9acd-c5751a9c37af", "navnerom": "https://data.geonorge.no/sosi/kyst/sjokart_maritim_infrastruktur", "førsteDatafangstdato": null, "oppdateringsdato": "2010-10-22T00:00:00", "datauttaksdato": "2025-05-01T00:00:26", "målemetode": "ukjentMålemetode", "kabeltype": "telefonledning", "sjøstatus": null }, "geometry": { "type": "MultiLineString", "coordinates": [ [ [ 13.148064477886987, 68.052421636376081 ], [ 13.167945044251406, 68.046071800932978 ] ] ] } },
{ "type": "Feature", "properties": { "gml_id": "id624e08a5-84a0-414e-9f2c-0ddebb70f805", "lokalId": "db390e9e-e321-4dfe-b6db-1d479fc2d64f", "navnerom": "https://data.geonorge.no/sosi/kyst/sjokart_maritim_infrastruktur", "førsteDatafangstdato": null, "oppdateringsdato": "2010-10-22T00:00:00", "datauttaksdato": "2025-05-01T00:00:26", "målemetode": "ukjentMålemetode", "kabeltype": "telefonledning", "sjøstatus": null }, "geometry": { "type": "MultiLineString", "coordinates": [ [ [ 13.171118313704493, 68.038525758496277 ], [ 13.179977688912858, 68.01850421418925 ] ], [ [ 13.180523594115982, 68.017870502770961 ], [ 13.174865709051803, 68.008725657325698 ] ], [ [ 13.174416113340753, 68.008216043852258 ], [ 13.174270188373704, 68.00804876356446 ] ] ] } },
{ "type": "Feature", "properties": { "gml_id": "id8270ce01-1204-4b69-a339-93b929a940fd", "lokalId": "7803da0f-9a8f-40e1-b257-c5c199d135d1", "navnerom": "https://data.geonorge.no/sosi/kyst/sjokart_maritim_infrastruktur", "førsteDatafangstdato": null, "oppdateringsdato": "2010-12-20T00:00:00", "datauttaksdato": "2025-05-01T00:00:26", "målemetode": "ukjentMålemetode", "kabeltype": "kraftledning", "sjøstatus": null }, "geometry": { "type": "MultiLineString", "coordinates": [ [ [ 7.587292053278193, 65.703737843349998 ], [ 7.589199537987177, 65.704057637649541 ] ] ] } },
{ "type": "Feature", "properties": { "gml_id": "idef9eafc1-9bfb-4289-ad2b-3eb9edddacc0", "lokalId": "5930f199-bd12-407e-b0de-aa81053f504f", "navnerom": "https://data.geonorge.no/sosi/kyst/sjokart_maritim_infrastruktur", "førsteDatafangstdato": null, "oppdateringsdato": "2010-10-26T00:00:00", "datauttaksdato": "2025-05-01T00:00:26", "målemetode": "ukjentMålemetode", "kabeltype": "kraftledning", "sjøstatus": null }, "geometry": { "type": "MultiLineString", "coordinates": [ [ [ 4.25, 61.018863038216161 ], [ 3.86361975, 61.328745699389955 ], [ 3.89540988, 61.332048409390119 ] ] ] } },
{ "type": "Feature", "properties": { "gml_id": "id20282632-0fd8-4a50-95c6-e893ad405a0e", "lokalId": "86c63f62-cf46-471b-b333-ed63bc5ea469", "navnerom": "https://data.geonorge.no/sosi/kyst/sjokart_maritim_infrastruktur", "førsteDatafangstdato": null, "oppdateringsdato": "2010-10-26T00:00:00", "datauttaksdato": "2025-05-01T00:00:26", "målemetode": "ukjentMålemetode", "kabeltype": "kraftledning", "sjøstatus": null }, "geometry": { "type": "MultiLineString", "coordinates": [ [ [ 4.75, 60.859213362843072 ], [ 4.65748817, 60.851924769362192 ], [ 4.625, 60.858736604383566 ] ] ] } },
{ "type": "Feature", "properties": { "gml_id": "id02c224ca-b3d4-4793-8277-691dad3e6118", "lokalId": "71a9a7d5-9c53-4ff9-8772-60081c77c3bb", "navnerom": "https://data.geonorge.no/sosi/kyst/sjokart_maritim_infrastruktur", "førsteDatafangstdato": null, "oppdateringsdato": "2010-10-26T00:00:00", "datauttaksdato": "2025-05-01T00:00:26", "målemetode": "ukjentMålemetode", "kabeltype": "kraftledning", "sjøstatus": null }, "geometry": { "type": "MultiLineString", "coordinates": [ [ [ 4.875, 60.850682469656348 ], [ 4.75, 60.859213362843072 ] ] ] } },
{ "type": "Feature", "properties": { "gml_id": "idfb6b6059-62c8-40f0-8e4a-74d5e60495af", "lokalId": "631f7501-657c-4cf5-a738-e83e49fc8b50", "navnerom": "https://data.geonorge.no/sosi/kyst/sjokart_maritim_infrastruktur", "førsteDatafangstdato": null, "oppdateringsdato": "2012-01-06T00:00:00", "datauttaksdato": "2025-05-01T00:00:26", "målemetode": "ukjentMålemetode", "kabeltype": "kraftledning", "sjøstatus": null }, "geometry": { "type": "MultiLineString", "coordinates": [ [ [ 4.0, 60.582156337690968 ], [ 4.202235754853343, 60.55473779468042 ], [ 4.25, 60.555912076234698 ] ] ] } },
{ "type": "Feature", "properties": { "gml_id": "idb63946d9-7c80-4861-85e0-adff17547a66", "lokalId": "f342e76f-9af3-4537-89b8-d5b244bb7833", "navnerom": "https://data.geonorge.no/sosi/kyst/sjokart_maritim_infrastruktur", "førsteDatafangstdato": null, "oppdateringsdato": "2012-01-06T00:00:00", "datauttaksdato": "2025-05-01T00:00:26", "målemetode": "ukjentMålemetode", "kabeltype": "kraftledning", "sjøstatus": null }, "geometry": { "type": "MultiLineString", "coordinates": [ [ [ 3.725751285267396, 60.644655302688307 ], [ 3.74206730686034, 60.61528120616012 ], [ 4.0, 60.582156337690968 ] ] ] } },
{ "type": "Feature", "properties": { "gml_id": "id25039271-57f6-436d-b18e-f9342bcf1f50", "lokalId": "a193348f-49dc-440a-a23a-984b003557ee", "navnerom": "https://data.geonorge.no/sosi/kyst/sjokart_maritim_infrastruktur", "førsteDatafangstdato": null, "oppdateringsdato": "2010-11-24T00:00:00", "datauttaksdato": "2025-05-01T00:00:26", "målemetode": "ukjentMålemetode", "kabeltype": "kraftledning", "sjøstatus": null }, "geometry": { "type": "MultiLineString", "coordinates": [ [ [ 6.0, 57.613902577278509 ], [ 5.748929586735078, 57.499999999097156 ] ] ] } },
{ "type": "Feature", "properties": { "gml_id": "id7f529200-4c39-4497-8eca-f9a359b8da46", "lokalId": "13aa587c-491a-4772-b07c-d80e04ee413f", "navnerom": "https://data.geonorge.no/sosi/kyst/sjokart_maritim_infrastruktur", "førsteDatafangstdato": null, "oppdateringsdato": "2010-11-24T00:00:00", "datauttaksdato": "2025-05-01T00:00:26", "målemetode": "ukjentMålemetode", "kabeltype": "kraftledning", "sjøstatus": null }, "geometry": { "type": "MultiLineString", "coordinates": [ [ [ 5.748929586735078, 57.499999999097156 ], [ 5.626127649703971, 57.441807100507177 ] ] ] } },
{ "type": "Feature", "properties": { "gml_id": "idf84cfb85-c999-45fc-a02d-e931f64fc91b", "lokalId": "9b3d5499-a936-45ad-8730-cd1f7ebc5707", "navnerom": "https://data.geonorge.no/sosi/kyst/sjokart_maritim_infrastruktur", "førsteDatafangstdato": null, "oppdateringsdato": "2010-11-24T00:00:00", "datauttaksdato": "2025-05-01T00:00:26", "målemetode": "ukjentMålemetode", "kabeltype": "kraftledning", "sjøstatus": null }, "geometry": { "type": "MultiLineString", "coordinates": [ [ [ 5.626127649703971, 57.441807100507177 ], [ 5.5, 57.382038226285168 ] ] ] } },
{ "type": "Feature", "properties": { "gml_id": "id33d1870b-8398-470a-9612-00dd4d7778c7", "lokalId": "2048207f-d1a0-4b22-832c-b0a82fc53921", "navnerom": "https://data.geonorge.no/sosi/kyst/sjokart_maritim_infrastruktur", "førsteDatafangstdato": null, "oppdateringsdato": "2011-10-12T00:00:00", "datauttaksdato": "2025-05-01T00:00:26", "målemetode": "ukjentMålemetode", "kabeltype": null, "sjøstatus": null }, "geometry": { "type": "MultiLineString", "coordinates": [ [ [ 4.222134693051212, 57.474782498868706 ], [ 4.500000009076317, 57.201408931980929 ] ] ] } },
{ "type": "Feature", "properties": { "gml_id": "idba2a36e8-74b9-4ad2-8b1f-ef96ad4876b2", "lokalId": "cc37471b-2da8-4834-928f-ca93f169a7cb", "navnerom": "https://data.geonorge.no/sosi/kyst/sjokart_maritim_infrastruktur", "førsteDatafangstdato": null, "oppdateringsdato": "2011-10-12T00:00:00", "datauttaksdato": "2025-05-01T00:00:26", "målemetode": "ukjentMålemetode", "kabeltype": null, "sjøstatus": null }, "geometry": { "type": "MultiLineString", "coordinates": [ [ [ 4.500000016724469, 57.371126081039648 ], [ 4.396088007335699, 57.46824941900659 ] ] ] } },
{ "type": "Feature", "properties": { "gml_id": "id21c5ce51-cc3f-4c01-8507-a402b8e2dd5b", "lokalId": "4667ca3c-5b15-4af8-babd-ae0ff709f32d", "navnerom": "https://data.geonorge.no/sosi/kyst/sjokart_maritim_infrastruktur", "førsteDatafangstdato": null, "oppdateringsdato": "2010-09-01T00:00:00", "datauttaksdato": "2025-05-01T00:00:26", "målemetode": "ukjentMålemetode", "kabeltype": "kraftledning", "sjøstatus": null }, "geometry": { "type": "MultiLineString", "coordinates": [ [ [ 5.5, 59.055836155498653 ], [ 5.591143012461727, 59.01903001883209 ] ] ] } },
{ "type": "Feature", "properties": { "gml_id": "idef7b225c-8ada-47d5-ba7e-92ad7bd88fd5", "lokalId": "7cb0c206-72fc-42ba-adc2-f4bbdd1c96db", "navnerom": "https://data.geonorge.no/sosi/kyst/sjokart_maritim_infrastruktur", "førsteDatafangstdato": null, "oppdateringsdato": "2010-03-24T00:00:00", "datauttaksdato": "2025-05-01T00:00:26", "målemetode": "ukjentMålemetode", "kabeltype": null, "sjøstatus": null }, "geometry": { "type": "MultiLineString", "coordinates": [ [ [ 4.410728565086418, 57.468185151847251 ], [ 4.410515024969735, 57.468374592766907 ] ] ] } },
{ "type": "Feature", "properties": { "gml_id": "id64cb4e5e-fda1-4bfc-b39a-4c5245dda16e", "lokalId": "c966f8c2-dc8d-4c6d-80c3-e62f2c92e7ae", "navnerom": "https://data.geonorge.no/sosi/kyst/sjokart_maritim_infrastruktur", "førsteDatafangstdato": null, "oppdateringsdato": "2011-01-13T00:00:00", "datauttaksdato": "2025-05-01T00:00:26", "målemetode": "ukjentMålemetode", "kabeltype": "telefonledning", "sjøstatus": "permanent" }, "geometry": { "type": "MultiLineString", "coordinates": [ [ [ 23.56014311322695, 70.648454909669866 ], [ 23.5, 70.650250863230667 ] ] ] } },
{ "type": "Feature", "properties": { "gml_id": "id16f3d990-f359-4402-a495-2614f699e55a", "lokalId": "88fbac2a-e4dd-416c-a6d9-6e8262922ad1", "navnerom": "https://data.geonorge.no/sosi/kyst/sjokart_maritim_infrastruktur", "førsteDatafangstdato": null, "oppdateringsdato": "2010-03-24T00:00:00", "datauttaksdato": "2025-05-01T00:00:26", "målemetode": "ukjentMålemetode", "kabeltype": null, "sjøstatus": "ikkeIBruk" }, "geometry": { "type": "MultiLineString", "coordinates": [ [ [ 4.979866718845309, 58.212801012280352 ], [ 4.838267418553014, 58.207914707197432 ] ] ] } },
{ "type": "Feature", "properties": { "gml_id": "id3cb3069e-485e-4390-aedb-e3efbd5c62fb", "lokalId": "42b81eec-1b69-4899-a790-6f00812afadc", "navnerom": "https://data.geonorge.no/sosi/kyst/sjokart_maritim_infrastruktur", "førsteDatafangstdato": null, "oppdateringsdato": "2011-01-20T00:00:00", "datauttaksdato": "2025-05-01T00:00:26", "målemetode": "ukjentMålemetode", "kabeltype": "kraftledning", "sjøstatus": null }, "geometry": { "type": "MultiLineString", "coordinates": [ [ [ 12.949033612051904, 67.749999999617884 ], [ 12.9872460435642, 67.794247459432128 ], [ 12.997649422310991, 67.861847939327774 ], [ 12.98434642598099, 67.870302907847702 ], [ 12.994284325868602, 67.87888247291319 ], [ 12.986715845861662, 67.883553497031997 ] ] ] } },
{ "type": "Feature", "properties": { "gml_id": "idca6c5dfd-04eb-463d-845c-16c81bfade8f", "lokalId": "60def848-ad6e-42b6-9fca-2aff43510561", "navnerom": "https://data.geonorge.no/sosi/kyst/sjokart_maritim_infrastruktur", "førsteDatafangstdato": null, "oppdateringsdato": "2010-10-22T00:00:00", "datauttaksdato": "2025-05-01T00:00:26", "målemetode": "ukjentMålemetode", "kabeltype": "telefonledning", "sjøstatus": null }, "geometry": { "type": "MultiLineString", "coordinates": [ [ [ 13.095229475954079, 67.93306827943492 ], [ 13.1004058847066, 67.93190598737111 ], [ 13.095301238947213, 67.912671670079291 ], [ 13.061851894522798, 67.894082837153249 ], [ 13.031117868941205, 67.890118542153118 ] ], [ [ 13.025926347900437, 67.889422474312923 ], [ 13.024856181857995, 67.889413836107551 ] ] ] } },
{ "type": "Feature", "properties": { "gml_id": "id79e18f68-6ed3-4f5c-99ee-40646e5c3609", "lokalId": "6972cab7-88ae-4866-85ed-c28edd542d67", "navnerom": "https://data.geonorge.no/sosi/kyst/sjokart_maritim_infrastruktur", "førsteDatafangstdato": null, "oppdateringsdato": "2010-11-24T00:00:00", "datauttaksdato": "2025-05-01T00:00:26", "målemetode": "ukjentMålemetode", "kabeltype": "kraftledning", "sjøstatus": null }, "geometry": { "type": "MultiLineString", "coordinates": [ [ [ 5.5, 57.382038226285168 ], [ 5.45870555762713, 57.362469778462383 ], [ 5.228948880465278, 57.308947457606088 ], [ 5.206125669458792, 57.291160241171234 ], [ 5.16615565902673, 57.222339859244514 ], [ 5.103072626713469, 57.188065961057809 ], [ 5.0, 57.147914868336521 ] ] ] } },
{ "type": "Feature", "properties": { "gml_id": "ide636e2ec-e987-44ba-92d2-d8b8ab3832f4", "lokalId": "9325a562-7790-4e5e-9b53-fb57b9ae8d59", "navnerom": "https://data.geonorge.no/sosi/kyst/sjokart_maritim_infrastruktur", "førsteDatafangstdato": null, "oppdateringsdato": "2010-11-24T00:00:00", "datauttaksdato": "2025-05-01T00:00:26", "målemetode": "ukjentMålemetode", "kabeltype": "kraftledning", "sjøstatus": null }, "geometry": { "type": "MultiLineString", "coordinates": [ [ [ 5.0, 57.147914868336521 ], [ 4.805795802358848, 57.057365386721791 ], [ 4.714831437642145, 56.99999999904496 ] ] ] } },
{ "type": "Feature", "properties": { "gml_id": "id5d79d6ad-d54e-473a-b75f-e0fb1d3d45db", "lokalId": "0f8a1892-93f8-455c-8531-aa893c4ee6f9", "navnerom": "https://data.geonorge.no/sosi/kyst/sjokart_maritim_infrastruktur", "førsteDatafangstdato": null, "oppdateringsdato": "2010-11-24T00:00:00", "datauttaksdato": "2025-05-01T00:00:26", "målemetode": "ukjentMålemetode", "kabeltype": "kraftledning", "sjøstatus": null }, "geometry": { "type": "MultiLineString", "coordinates": [ [ [ 4.714831437642145, 56.99999999904496 ], [ 4.557392577338306, 56.913386246782999 ] ] ] } },
{ "type": "Feature", "properties": { "gml_id": "id424c0526-c57c-4247-b802-62cd3f90051c", "lokalId": "b6eaab9f-a9bc-43c3-8b84-c4281d89ce2c", "navnerom": "https://data.geonorge.no/sosi/kyst/sjokart_maritim_infrastruktur", "førsteDatafangstdato": "2001-04-06T00:00:00", "oppdateringsdato": "2011-03-30T00:00:00", "datauttaksdato": "2025-05-01T00:00:26", "målemetode": "ukjentMålemetode", "kabeltype": null, "sjøstatus": null }, "geometry": { "type": "MultiLineString", "coordinates": [ [ [ 5.418380117385245, 59.057666932082675 ], [ 5.419970555555557, 59.057683054792754 ] ] ] } },
{ "type": "Feature", "properties": { "gml_id": "id36159c29-4910-4241-9bce-547a5056bec8", "lokalId": "0b005ef0-89b7-4bff-a9f1-893d9540552b", "navnerom": "https://data.geonorge.no/sosi/kyst/sjokart_maritim_infrastruktur", "førsteDatafangstdato": "2000-06-06T00:00:00", "oppdateringsdato": "2010-05-05T00:00:00", "datauttaksdato": "2025-05-01T00:00:26", "målemetode": "ukjentMålemetode", "kabeltype": null, "sjøstatus": null }, "geometry": { "type": "MultiLineString", "coordinates": [ [ [ 5.419396037160046, 59.061455490907655 ], [ 5.423673621293786, 59.06228303252265 ] ] ] } },
{ "type": "Feature", "properties": { "gml_id": "id9a49cd16-dc3b-4cb9-bd15-9c4ed17c3ca8", "lokalId": "79796da6-4c21-457a-93f4-0132d41f8a24", "navnerom": "https://data.geonorge.no/sosi/kyst/sjokart_maritim_infrastruktur", "førsteDatafangstdato": "2001-10-02T00:00:00", "oppdateringsdato": "2010-10-18T00:00:00", "datauttaksdato": "2025-05-01T00:00:26", "målemetode": "ukjentMålemetode", "kabeltype": null, "sjøstatus": null }, "geometry": { "type": "MultiLineString", "coordinates": [ [ [ 5.553159444444494, 59.035603332568705 ], [ 5.591887979803806, 59.020142382616882 ] ] ] } },
{ "type": "Feature", "properties": { "gml_id": "id561e27a0-168c-4bf6-b93f-8f60233a93a6", "lokalId": "50d8ba22-2fc3-4b90-86aa-ce9d3b0b6ca0", "navnerom": "https://data.geonorge.no/sosi/kyst/sjokart_maritim_infrastruktur", "førsteDatafangstdato": null, "oppdateringsdato": "2011-10-12T00:00:00", "datauttaksdato": "2025-05-01T00:00:26", "målemetode": "ukjentMålemetode", "kabeltype": "kraftledning", "sjøstatus": null }, "geometry": { "type": "MultiLineString", "coordinates": [ [ [ 3.5, 58.590351266235949 ], [ 3.538811781518501, 58.59828785574021 ], [ 3.613626117772674, 58.62985447414254 ], [ 3.731853615762291, 58.718762844724992 ], [ 4.000000006646651, 58.810689291305295 ] ] ] } },
{ "type": "Feature", "properties": { "gml_id": "idcece400c-f527-42ef-bd5c-77da44aeaa87", "lokalId": "3fb18077-7d74-406c-93a7-1c5609484ae4", "navnerom": "https://data.geonorge.no/sosi/kyst/sjokart_maritim_infrastruktur", "førsteDatafangstdato": "2000-06-06T00:00:00", "oppdateringsdato": "2010-10-18T00:00:00", "datauttaksdato": "2025-05-01T00:00:26", "målemetode": "ukjentMålemetode", "kabeltype": null, "sjøstatus": null }, "geometry": { "type": "MultiLineString", "coordinates": [ [ [ 5.551303656288358, 59.034150673338189 ], [ 5.511863888889126, 59.043449999236003 ] ] ] } },
{ "type": "Feature", "properties": { "gml_id": "id7b3da40b-78bb-4a90-b23f-b69244eef62a", "lokalId": "223dd826-0db2-4145-aaf7-d9897d4907a2", "navnerom": "https://data.geonorge.no/sosi/kyst/sjokart_maritim_infrastruktur", "førsteDatafangstdato": "2001-10-02T00:00:00", "oppdateringsdato": "2010-10-18T00:00:00", "datauttaksdato": "2025-05-01T00:00:26", "målemetode": "ukjentMålemetode", "kabeltype": null, "sjøstatus": null }, "geometry": { "type": "MultiLineString", "coordinates": [ [ [ 5.539261944444596, 59.035476943679804 ], [ 5.590543317238834, 59.018734643270314 ] ] ] } },
{ "type": "Feature", "properties": { "gml_id": "id19b67c68-d962-4ea4-a9fe-2022c62be987", "lokalId": "0f1c41af-1ed6-407f-b55c-f598a4f9b61a", "navnerom": "https://data.geonorge.no/sosi/kyst/sjokart_maritim_infrastruktur", "førsteDatafangstdato": "2001-10-02T00:00:00", "oppdateringsdato": "2010-10-18T00:00:00", "datauttaksdato": "2025-05-01T00:00:26", "målemetode": "ukjentMålemetode", "kabeltype": null, "sjøstatus": null }, "geometry": { "type": "MultiLineString", "coordinates": [ [ [ 5.551303656288603, 59.034150673338175 ], [ 5.591566810351187, 59.019707347950039 ] ] ] } },
{ "type": "Feature", "properties": { "gml_id": "id124374c7-1568-40b9-9e84-1c09b5c4844d", "lokalId": "8b97fa62-0cc1-41c2-a38a-552c49e88812", "navnerom": "https://data.geonorge.no/sosi/kyst/sjokart_maritim_infrastruktur", "førsteDatafangstdato": "2001-10-02T00:00:00", "oppdateringsdato": "2010-10-18T00:00:00", "datauttaksdato": "2025-05-01T00:00:26", "målemetode": "ukjentMålemetode", "kabeltype": null, "sjøstatus": null }, "geometry": { "type": "MultiLineString", "coordinates": [ [ [ 5.5281955124827, 59.040000325026114 ], [ 5.591066493805397, 59.018979026469758 ] ] ] } },
{ "type": "Feature", "properties": { "gml_id": "id7d094446-639f-4590-a8af-a213709c8de8", "lokalId": "130918c2-4d5a-4f10-8b39-4ffb212d2fa1", "navnerom": "https://data.geonorge.no/sosi/kyst/sjokart_maritim_infrastruktur", "førsteDatafangstdato": "2001-10-02T00:00:00", "oppdateringsdato": "2010-10-18T00:00:00", "datauttaksdato": "2025-05-01T00:00:26", "målemetode": "ukjentMålemetode", "kabeltype": null, "sjøstatus": null }, "geometry": { "type": "MultiLineString", "coordinates": [ [ [ 5.511891666667146, 59.042766665902732 ], [ 5.5281955124827, 59.040000325026114 ] ] ] } },
{ "type": "Feature", "properties": { "gml_id": "idf978efb1-51f9-48c3-b950-c518503a5d9c", "lokalId": "e50e8478-131d-4301-956a-e5ae00218aff", "navnerom": "https://data.geonorge.no/sosi/kyst/sjokart_maritim_infrastruktur", "førsteDatafangstdato": "2000-06-06T00:00:00", "oppdateringsdato": "2010-10-18T00:00:00", "datauttaksdato": "2025-05-01T00:00:26", "målemetode": "ukjentMålemetode", "kabeltype": null, "sjøstatus": null }, "geometry": { "type": "MultiLineString", "coordinates": [ [ [ 5.522487842539319, 59.040000254826275 ], [ 5.539261944444596, 59.035476943679804 ] ] ] } },
{ "type": "Feature", "properties": { "gml_id": "idf62a6d2c-8215-45bc-a5e1-43a072829f5c", "lokalId": "387aae08-8272-42ea-be1c-83406f899591", "navnerom": "https://data.geonorge.no/sosi/kyst/sjokart_maritim_infrastruktur", "førsteDatafangstdato": "2000-06-06T00:00:00", "oppdateringsdato": "2010-10-18T00:00:00", "datauttaksdato": "2025-05-01T00:00:26", "målemetode": "ukjentMålemetode", "kabeltype": null, "sjøstatus": null }, "geometry": { "type": "MultiLineString", "coordinates": [ [ [ 5.511888888889132, 59.042088888124759 ], [ 5.522487842539319, 59.040000254826275 ] ] ] } },
{ "type": "Feature", "properties": { "gml_id": "id8d8afa90-60d1-455c-b6cd-c28d09596fee", "lokalId": "cfb5e5e8-06c1-49b8-b1c5-dd8143428cc4", "navnerom": "https://data.geonorge.no/sosi/kyst/sjokart_maritim_infrastruktur", "førsteDatafangstdato": null, "oppdateringsdato": "2010-12-20T00:00:00", "datauttaksdato": "2025-05-01T00:00:26", "målemetode": "ukjentMålemetode", "kabeltype": "kraftledning", "sjøstatus": null }, "geometry": { "type": "MultiLineString", "coordinates": [ [ [ 7.780228893547336, 65.724778700645714 ], [ 7.784302187689198, 65.718157212631553 ], [ 7.775498559017554, 65.714797888736157 ], [ 7.725271385833533, 65.715007541693694 ], [ 7.68666956232671, 65.698785866712825 ], [ 7.631309347288812, 65.694529825242299 ] ] ] } },
{ "type": "Feature", "properties": { "gml_id": "id488e149e-65ba-465a-8188-819fcd2e02a5", "lokalId": "6644e30a-b86b-4289-ac5e-bd7092c69123", "navnerom": "https://data.geonorge.no/sosi/kyst/sjokart_maritim_infrastruktur", "førsteDatafangstdato": null, "oppdateringsdato": "2010-12-20T00:00:00", "datauttaksdato": "2025-05-01T00:00:26", "målemetode": "ukjentMålemetode", "kabeltype": "kraftledning", "sjøstatus": null }, "geometry": { "type": "MultiLineString", "coordinates": [ [ [ 7.641869763508789, 65.695635815070659 ], [ 7.607290391608375, 65.695243552054052 ], [ 7.587030710564751, 65.70362361080528 ] ] ] } },
{ "type": "Feature", "properties": { "gml_id": "idffa9b54c-1bfc-4866-9bca-26c5198396fe", "lokalId": "7ed65a9e-5060-4802-84ad-3b56b2c549c7", "navnerom": "https://data.geonorge.no/sosi/kyst/sjokart_maritim_infrastruktur", "førsteDatafangstdato": null, "oppdateringsdato": "2010-10-25T00:00:00", "datauttaksdato": "2025-05-01T00:00:26", "målemetode": "ukjentMålemetode", "kabeltype": "kraftledning", "sjøstatus": null }, "geometry": { "type": "MultiLineString", "coordinates": [ [ [ 3.357107144746306, 61.261258945347855 ], [ 3.366355639409985, 61.348564266606722 ], [ 3.375147465646686, 61.37063990320101 ] ] ] } },
{ "type": "Feature", "properties": { "gml_id": "id0abf4718-5cd4-4239-a7ef-f15fd7a28704", "lokalId": "4ce1d993-9340-4279-8ad7-1805f206bd3e", "navnerom": "https://data.geonorge.no/sosi/kyst/sjokart_maritim_infrastruktur", "førsteDatafangstdato": "2001-11-23T00:00:00", "oppdateringsdato": "2010-12-17T00:00:00", "datauttaksdato": "2025-05-01T00:00:26", "målemetode": "ukjentMålemetode", "kabeltype": null, "sjøstatus": null }, "geometry": { "type": "MultiLineString", "coordinates": [ [ [ 5.441759259259266, 59.039999999235704 ], [ 5.442222222222219, 59.048888888125411 ], [ 5.418526088467668, 59.060386091621581 ] ] ] } },
{ "type": "Feature", "properties": { "gml_id": "id915d1fbe-85cf-4f23-afbc-4c65e9de177e", "lokalId": "6c7b759b-4d73-48c6-ac3d-b6c15b821b22", "navnerom": "https://data.geonorge.no/sosi/kyst/sjokart_maritim_infrastruktur", "førsteDatafangstdato": null, "oppdateringsdato": "2010-11-24T00:00:00", "datauttaksdato": "2025-05-01T00:00:26", "målemetode": "ukjentMålemetode", "kabeltype": "kraftledning", "sjøstatus": null }, "geometry": { "type": "MultiLineString", "coordinates": [ [ [ 6.5, 57.882214076533501 ], [ 6.261057940922473, 57.761309665641946 ], [ 6.151608106737593, 57.691917183656798 ], [ 6.0, 57.613902577278509 ] ] ] } },
{ "type": "Feature", "properties": { "gml_id": "idbec8057b-c3f0-4e77-8052-7b3a488d8ccd", "lokalId": "f14b40ed-1771-4433-b39f-6d3256eabe64", "navnerom": "https://data.geonorge.no/sosi/kyst/sjokart_maritim_infrastruktur", "førsteDatafangstdato": null, "oppdateringsdato": "2010-11-24T00:00:00", "datauttaksdato": "2025-05-01T00:00:26", "målemetode": "ukjentMålemetode", "kabeltype": "kraftledning", "sjøstatus": null }, "geometry": { "type": "MultiLineString", "coordinates": [ [ [ 6.717252563365839, 57.999999999145707 ], [ 6.50000000000022, 57.882214076533486 ] ] ] } },
{ "type": "Feature", "properties": { "gml_id": "idbd9f9ae9-8a4b-421b-8627-7c4c306871b8", "lokalId": "273acb92-4a1d-471c-a3ea-f06b245c0a4f", "navnerom": "https://data.geonorge.no/sosi/kyst/sjokart_maritim_infrastruktur", "førsteDatafangstdato": null, "oppdateringsdato": "2010-12-15T00:00:00", "datauttaksdato": "2025-05-01T00:00:26", "målemetode": "ukjentMålemetode", "kabeltype": null, "sjøstatus": null }, "geometry": { "type": "MultiLineString", "coordinates": [ [ [ 3.902376125153113, 61.331023810195532 ], [ 3.956973917556917, 61.339761437918064 ] ] ] } },
{ "type": "Feature", "properties": { "gml_id": "idd34288ec-0f48-4b64-b0ce-fef4943ac6f4", "lokalId": "09a2dc48-64e4-407b-99dc-5037ee695a04", "navnerom": "https://data.geonorge.no/sosi/kyst/sjokart_maritim_infrastruktur", "førsteDatafangstdato": "1999-06-22T00:00:00", "oppdateringsdato": "2012-09-28T00:00:00", "datauttaksdato": "2025-05-01T00:00:27", "målemetode": "ukjentMålemetode", "kabeltype": null, "sjøstatus": null }, "geometry": { "type": "MultiLineString", "coordinates": [ [ [ 9.250000044182219, 58.184390571496564 ], [ 9.434973345862316, 58.095359170621307 ], [ 9.50810828106569, 58.041630063765879 ] ] ] } },
{ "type": "Feature", "properties": { "gml_id": "idb3de1387-943d-4408-a796-236fc37f5745", "lokalId": "4529dc22-155d-488a-8ef5-412e9d5a3c1e", "navnerom": "https://data.geonorge.no/sosi/kyst/sjokart_maritim_infrastruktur", "førsteDatafangstdato": null, "oppdateringsdato": "2012-09-28T00:00:00", "datauttaksdato": "2025-05-01T00:00:27", "målemetode": "ukjentMålemetode", "kabeltype": null, "sjøstatus": null }, "geometry": { "type": "MultiLineString", "coordinates": [ [ [ 8.810665839767974, 58.403800557128761 ], [ 9.000000006382356, 58.290326668237228 ] ] ] } },
{ "type": "Feature", "properties": { "gml_id": "ida140742c-cf35-46dc-961c-f4059a14ba45", "lokalId": "721f7bc2-2a5e-4366-b942-c715b63e845b", "navnerom": "https://data.geonorge.no/sosi/kyst/sjokart_maritim_infrastruktur", "førsteDatafangstdato": null, "oppdateringsdato": "2012-09-28T00:00:00", "datauttaksdato": "2025-05-01T00:00:27", "målemetode": "ukjentMålemetode", "kabeltype": null, "sjøstatus": null }, "geometry": { "type": "MultiLineString", "coordinates": [ [ [ 9.000000006382356, 58.290326668237228 ], [ 9.064838061920172, 58.250000001569838 ] ] ] } },
{ "type": "Feature", "properties": { "gml_id": "id3d3026b7-8cb6-438f-891d-06a091ebf35d", "lokalId": "3c1d5eac-6cd2-4bf0-bbc3-584388a7c55f", "navnerom": "https://data.geonorge.no/sosi/kyst/sjokart_maritim_infrastruktur", "førsteDatafangstdato": null, "oppdateringsdato": "2012-09-28T00:00:00", "datauttaksdato": "2025-05-01T00:00:27", "målemetode": "ukjentMålemetode", "kabeltype": null, "sjøstatus": null }, "geometry": { "type": "MultiLineString", "coordinates": [ [ [ 9.064838061920172, 58.250000001569838 ], [ 9.224368339654568, 58.150778612679034 ], [ 9.25000000631381, 58.144434446010557 ] ] ] } },
{ "type": "Feature", "properties": { "gml_id": "id7b891ba8-e0b0-49a3-987a-c3b52064b7a7", "lokalId": "10429315-2d58-4cef-b74c-440dd72fec82", "navnerom": "https://data.geonorge.no/sosi/kyst/sjokart_maritim_infrastruktur", "førsteDatafangstdato": null, "oppdateringsdato": "2012-09-28T00:00:00", "datauttaksdato": "2025-05-01T00:00:27", "målemetode": "ukjentMålemetode", "kabeltype": null, "sjøstatus": null }, "geometry": { "type": "MultiLineString", "coordinates": [ [ [ 9.25000000631381, 58.144434446010557 ], [ 9.299742228521612, 58.132123334895837 ], [ 9.330430284069191, 58.107208334896391 ] ] ] } },
{ "type": "Feature", "properties": { "gml_id": "idad8eed52-2379-4255-8702-4ea8620e5cf4", "lokalId": "a59d6013-34ee-4b7c-b325-1a707de502f5", "navnerom": "https://data.geonorge.no/sosi/kyst/sjokart_maritim_infrastruktur", "førsteDatafangstdato": "1999-06-22T00:00:00", "oppdateringsdato": "2012-09-28T00:00:00", "datauttaksdato": "2025-05-01T00:00:27", "målemetode": "ukjentMålemetode", "kabeltype": null, "sjøstatus": null }, "geometry": { "type": "MultiLineString", "coordinates": [ [ [ 8.804779596827135, 58.407523200626905 ], [ 8.809942544910152, 58.39619946036504 ], [ 9.000000044671122, 58.304721127045099 ] ] ] } },
{ "type": "Feature", "properties": { "gml_id": "idc3d4621a-beea-44bf-86bf-bcd0cd9055bc", "lokalId": "cf035536-a9f9-42fa-ba9d-a6ce30fe5605", "navnerom": "https://data.geonorge.no/sosi/kyst/sjokart_maritim_infrastruktur", "førsteDatafangstdato": "1999-06-22T00:00:00", "oppdateringsdato": "2012-09-28T00:00:00", "datauttaksdato": "2025-05-01T00:00:27", "målemetode": "ukjentMålemetode", "kabeltype": null, "sjøstatus": null }, "geometry": { "type": "MultiLineString", "coordinates": [ [ [ 9.000000057434404, 58.304721131834334 ], [ 9.113688895238662, 58.250000001564239 ] ] ] } },
{ "type": "Feature", "properties": { "gml_id": "id61df1080-398c-423b-ad0f-b0622ebc661c", "lokalId": "da9de707-0ce4-4018-bbf6-c572a3bbb8bd", "navnerom": "https://data.geonorge.no/sosi/kyst/sjokart_maritim_infrastruktur", "førsteDatafangstdato": "1999-06-22T00:00:00", "oppdateringsdato": "2012-09-28T00:00:00", "datauttaksdato": "2025-05-01T00:00:27", "målemetode": "ukjentMålemetode", "kabeltype": null, "sjøstatus": null }, "geometry": { "type": "MultiLineString", "coordinates": [ [ [ 9.113688907938192, 58.25000000635545 ], [ 9.250000012623509, 58.18439055951211 ] ] ] } },
{ "type": "Feature", "properties": { "gml_id": "idb4fe15e2-5ab6-4d29-b3a2-c49917654838", "lokalId": "bca87229-6ad8-4a15-bcf9-678c6832f78e", "navnerom": "https://data.geonorge.no/sosi/kyst/sjokart_maritim_infrastruktur", "førsteDatafangstdato": null, "oppdateringsdato": "2012-01-06T00:00:00", "datauttaksdato": "2025-05-01T00:00:27", "målemetode": "ukjentMålemetode", "kabeltype": "kraftledning", "sjøstatus": null }, "geometry": { "type": "MultiLineString", "coordinates": [ [ [ 2.826353206615884, 60.491796072111612 ], [ 2.840540818038178, 60.499999999340368 ] ] ] } },
{ "type": "Feature", "properties": { "gml_id": "id1bf25363-9b38-4d16-85b3-03a2521e248a", "lokalId": "7d98c966-7cab-47ad-8914-e4e83f066e7e", "navnerom": "https://data.geonorge.no/sosi/kyst/sjokart_maritim_infrastruktur", "førsteDatafangstdato": null, "oppdateringsdato": "2012-01-06T00:00:00", "datauttaksdato": "2025-05-01T00:00:27", "målemetode": "ukjentMålemetode", "kabeltype": "kraftledning", "sjøstatus": null }, "geometry": { "type": "MultiLineString", "coordinates": [ [ [ 2.840540818038178, 60.499999999340368 ], [ 2.861368017838474, 60.510850572660289 ], [ 2.853112105550303, 60.53328975764974 ], [ 2.835375614521195, 60.542004800657836 ] ] ] } },
{ "type": "Feature", "properties": { "gml_id": "idd3c39469-224a-4459-ab2a-5ae2f8cba883", "lokalId": "91862519-4946-4a71-96a8-7b1e418891d0", "navnerom": "https://data.geonorge.no/sosi/kyst/sjokart_maritim_infrastruktur", "førsteDatafangstdato": null, "oppdateringsdato": "2012-01-06T00:00:00", "datauttaksdato": "2025-05-01T00:00:27", "målemetode": "ukjentMålemetode", "kabeltype": null, "sjøstatus": null }, "geometry": { "type": "MultiLineString", "coordinates": [ [ [ 3.5, 58.236360374337593 ], [ 3.305498767910914, 58.32316783708697 ], [ 3.103893216423395, 58.302463242663009 ] ] ] } },
{ "type": "Feature", "properties": { "gml_id": "id4b1d0af1-783c-441a-86ad-6bea621ca29d", "lokalId": "15a73c54-0282-4b2e-93a1-68560d29a376", "navnerom": "https://data.geonorge.no/sosi/kyst/sjokart_maritim_infrastruktur", "førsteDatafangstdato": null, "oppdateringsdato": "2012-01-06T00:00:00", "datauttaksdato": "2025-05-01T00:00:27", "målemetode": "ukjentMålemetode", "kabeltype": "kraftledning", "sjøstatus": null }, "geometry": { "type": "MultiLineString", "coordinates": [ [ [ 2.826449152076292, 60.491748895381683 ], [ 2.88667975954211, 60.499999999340368 ] ] ] } },
{ "type": "Feature", "properties": { "gml_id": "id7447d7ad-51f2-4add-ada0-2de3aef115df", "lokalId": "765562d8-7307-425e-81ad-861a22fdc9a7", "navnerom": "https://data.geonorge.no/sosi/kyst/sjokart_maritim_infrastruktur", "førsteDatafangstdato": null, "oppdateringsdato": "2012-01-06T00:00:00", "datauttaksdato": "2025-05-01T00:00:27", "målemetode": "ukjentMålemetode", "kabeltype": "kraftledning", "sjøstatus": null }, "geometry": { "type": "MultiLineString", "coordinates": [ [ [ 3.0, 60.502187530333941 ], [ 3.016400822853667, 60.499999999340382 ] ] ] } },
{ "type": "Feature", "properties": { "gml_id": "id9d8800ce-8c6a-4c7c-b19a-fcdd244f9555", "lokalId": "0b372c7c-389e-4484-a6e0-bbbc9eceee36", "navnerom": "https://data.geonorge.no/sosi/kyst/sjokart_maritim_infrastruktur", "førsteDatafangstdato": null, "oppdateringsdato": "2012-01-06T00:00:00", "datauttaksdato": "2025-05-01T00:00:27", "målemetode": "ukjentMålemetode", "kabeltype": "kraftledning", "sjøstatus": null }, "geometry": { "type": "MultiLineString", "coordinates": [ [ [ 2.88667975954211, 60.499999999340368 ], [ 2.949486112500975, 60.507667004221425 ], [ 3.0, 60.502187530333941 ] ] ] } },
{ "type": "Feature", "properties": { "gml_id": "ide0b0325f-310d-4a96-b835-5c189a0f6b75", "lokalId": "a40edc96-755d-4fd0-bb9d-e48fd4bf1c7c", "navnerom": "https://data.geonorge.no/sosi/kyst/sjokart_maritim_infrastruktur", "førsteDatafangstdato": "2000-03-20T00:00:00", "oppdateringsdato": "2011-12-29T00:00:00", "datauttaksdato": "2025-05-01T00:00:27", "målemetode": "ukjentMålemetode", "kabeltype": null, "sjøstatus": null }, "geometry": { "type": "MultiLineString", "coordinates": [ [ [ 3.447748461454561, 59.999999999307192 ], [ 3.248431119316529, 60.324330557442117 ], [ 3.248329202284024, 60.499999999340368 ] ] ] } },
{ "type": "Feature", "properties": { "gml_id": "id6912982f-078e-4f7f-a0e2-d6ee0f1bb035", "lokalId": "96f3319c-5a18-49d0-b9ff-3966b9de2839", "navnerom": "https://data.geonorge.no/sosi/kyst/sjokart_maritim_infrastruktur", "førsteDatafangstdato": "2000-03-20T00:00:00", "oppdateringsdato": "2011-12-29T00:00:00", "datauttaksdato": "2025-05-01T00:00:27", "målemetode": "ukjentMålemetode", "kabeltype": null, "sjøstatus": null }, "geometry": { "type": "MultiLineString", "coordinates": [ [ [ 3.248329202284024, 60.499999999340368 ], [ 3.248316674866686, 60.749481390688608 ], [ 3.0, 60.997789513024166 ] ] ] } },
{ "type": "Feature", "properties": { "gml_id": "idc4c6d6ff-19ea-4460-b26e-70bd043fe761", "lokalId": "94f9becf-9af7-4b6a-919f-d3b52e603a54", "navnerom": "https://data.geonorge.no/sosi/kyst/sjokart_maritim_infrastruktur", "førsteDatafangstdato": null, "oppdateringsdato": "2012-05-10T00:00:00", "datauttaksdato": "2025-05-01T00:00:27", "målemetode": "ukjentMålemetode", "kabeltype": "telefonledning", "sjøstatus": null }, "geometry": { "type": "MultiLineString", "coordinates": [ [ [ 23.5, 70.660713314964909 ], [ 23.450496348298383, 70.67435626952431 ], [ 23.427889004887977, 70.698772572576217 ], [ 23.440324555926789, 70.728200932662958 ], [ 23.463575573207692, 70.749999999676533 ] ] ] } },
{ "type": "Feature", "properties": { "gml_id": "id6eb51885-a3aa-4bf8-a391-e5e298b0939f", "lokalId": "f49563cd-1d7d-4f75-a271-41f79ce0695e", "navnerom": "https://data.geonorge.no/sosi/kyst/sjokart_maritim_infrastruktur", "førsteDatafangstdato": null, "oppdateringsdato": "2012-05-10T00:00:00", "datauttaksdato": "2025-05-01T00:00:27", "målemetode": "ukjentMålemetode", "kabeltype": "telefonledning", "sjøstatus": null }, "geometry": { "type": "MultiLineString", "coordinates": [ [ [ 23.463575573207692, 70.749999999676533 ], [ 23.470997138822582, 70.769596873542454 ], [ 23.441936055315342, 70.78333942477731 ] ] ] } },
{ "type": "Feature", "properties": { "gml_id": "id6801ad46-083b-4669-936a-5ffe28466e41", "lokalId": "d42a4351-ad40-4ce3-9884-3d666da0886d", "navnerom": "https://data.geonorge.no/sosi/kyst/sjokart_maritim_infrastruktur", "førsteDatafangstdato": null, "oppdateringsdato": "2012-01-06T00:00:00", "datauttaksdato": "2025-05-01T00:00:27", "målemetode": "ukjentMålemetode", "kabeltype": "kraftledning", "sjøstatus": null }, "geometry": { "type": "MultiLineString", "coordinates": [ [ [ 3.016400822853667, 60.499999999340382 ], [ 3.081054980170107, 60.492460266714772 ], [ 3.143802038941819, 60.499999999340353 ] ] ] } },
{ "type": "Feature", "properties": { "gml_id": "idb65f1c09-8567-4af8-a302-a1ac5c123826", "lokalId": "cbfb55b5-94b0-4fc7-845d-0c6daf2d6db5", "navnerom": "https://data.geonorge.no/sosi/kyst/sjokart_maritim_infrastruktur", "førsteDatafangstdato": null, "oppdateringsdato": "2012-01-06T00:00:00", "datauttaksdato": "2025-05-01T00:00:27", "målemetode": "ukjentMålemetode", "kabeltype": "telefonledning", "sjøstatus": null }, "geometry": { "type": "MultiLineString", "coordinates": [ [ [ 2.743510382835422, 60.499999999340353 ], [ 2.683015618414647, 60.532294235613733 ], [ 2.679509297224354, 60.546327711392486 ], [ 2.871081735396494, 60.787604140554173 ], [ 2.896744708255433, 60.79556315056621 ], [ 3.0, 60.778356208299051 ] ] ] } },
{ "type": "Feature", "properties": { "gml_id": "id9d9c7550-a28d-486e-8d45-ffdcc256a26d", "lokalId": "e0cf3149-2859-4ccd-a775-29eb0a9ea541", "navnerom": "https://data.geonorge.no/sosi/kyst/sjokart_maritim_infrastruktur", "førsteDatafangstdato": null, "oppdateringsdato": "2012-05-10T00:00:00", "datauttaksdato": "2025-05-01T00:00:27", "målemetode": "ukjentMålemetode", "kabeltype": "telefonledning", "sjøstatus": null }, "geometry": { "type": "MultiLineString", "coordinates": [ [ [ 23.5, 70.65130023070094 ], [ 23.377227138229692, 70.641615478612579 ] ] ] } },
{ "type": "Feature", "properties": { "gml_id": "id28a75abb-1cc5-4490-82c7-a6ae9e20f2f6", "lokalId": "6472b0f4-2b82-4239-afe6-e73b504e251d", "navnerom": "https://data.geonorge.no/sosi/kyst/sjokart_maritim_infrastruktur", "førsteDatafangstdato": null, "oppdateringsdato": "2012-01-06T00:00:00", "datauttaksdato": "2025-05-01T00:00:27", "målemetode": "ukjentMålemetode", "kabeltype": "telefonledning", "sjøstatus": null }, "geometry": { "type": "MultiLineString", "coordinates": [ [ [ 2.824394448125775, 60.491462472399611 ], [ 2.761882107859006, 60.444173947346499 ], [ 2.734352327338713, 60.410586531736605 ], [ 2.709685984069679, 60.361151973138128 ], [ 2.70016433303728, 60.221482286291554 ], [ 2.720368032144724, 60.201610999706048 ], [ 2.755369980406212, 60.18601183616412 ], [ 2.761412687534128, 60.173200822414287 ], [ 2.657089706951107, 59.999999999307192 ] ] ] } },
{ "type": "Feature", "properties": { "gml_id": "id61cff312-1a26-4055-b879-4b0eb29081ea", "lokalId": "f6531f8b-ad2e-4527-b5d7-8f2d2410e5bc", "navnerom": "https://data.geonorge.no/sosi/kyst/sjokart_maritim_infrastruktur", "førsteDatafangstdato": null, "oppdateringsdato": "2012-01-06T00:00:00", "datauttaksdato": "2025-05-01T00:00:27", "målemetode": "ukjentMålemetode", "kabeltype": "telefonledning", "sjøstatus": null }, "geometry": { "type": "MultiLineString", "coordinates": [ [ [ 3.5, 60.697347774271009 ], [ 3.751120643582605, 60.650854777917786 ], [ 3.724465034609465, 60.645705487750305 ] ] ] } },
{ "type": "Feature", "properties": { "gml_id": "id1b512ca1-815e-43f6-871b-6393472ca179", "lokalId": "d18e53e5-b84d-4e1c-bd7b-db30d8da9e5e", "navnerom": "https://data.geonorge.no/sosi/kyst/sjokart_maritim_infrastruktur", "førsteDatafangstdato": null, "oppdateringsdato": "2012-01-06T00:00:00", "datauttaksdato": "2025-05-01T00:00:27", "målemetode": "ukjentMålemetode", "kabeltype": "kraftledning", "sjøstatus": null }, "geometry": { "type": "MultiLineString", "coordinates": [ [ [ 3.5, 60.550097957198481 ], [ 3.665593225810685, 60.57514485224813 ], [ 3.6565362260434, 60.573914679211072 ] ] ] } },
{ "type": "Feature", "properties": { "gml_id": "id30dadb58-1f86-4db0-87fe-5dc7175c8b56", "lokalId": "193a26e1-45d1-4c61-82b0-b3c600c8ed51", "navnerom": "https://data.geonorge.no/sosi/kyst/sjokart_maritim_infrastruktur", "førsteDatafangstdato": null, "oppdateringsdato": "2012-01-06T00:00:00", "datauttaksdato": "2025-05-01T00:00:27", "målemetode": "ukjentMålemetode", "kabeltype": "kraftledning", "sjøstatus": null }, "geometry": { "type": "MultiLineString", "coordinates": [ [ [ 3.556236134848816, 60.866446416921129 ], [ 3.5, 60.874321486300964 ] ] ] } },
{ "type": "Feature", "properties": { "gml_id": "idf65b1e77-c53d-4aa1-85f2-f4718f8f9fc6", "lokalId": "247a0627-c393-4cdd-8801-39c3ed3c59f7", "navnerom": "https://data.geonorge.no/sosi/kyst/sjokart_maritim_infrastruktur", "førsteDatafangstdato": null, "oppdateringsdato": "2012-01-06T00:00:00", "datauttaksdato": "2025-05-01T00:00:27", "målemetode": "ukjentMålemetode", "kabeltype": "telefonledning", "sjøstatus": null }, "geometry": { "type": "MultiLineString", "coordinates": [ [ [ 3.0, 60.778356208299051 ], [ 3.5, 60.697347774271009 ] ] ] } },
{ "type": "Feature", "properties": { "gml_id": "id677881e5-f129-4e9b-80a0-dc194b0e676b", "lokalId": "dce72b7e-a146-47e9-866c-d0d3d8784b94", "navnerom": "https://data.geonorge.no/sosi/kyst/sjokart_maritim_infrastruktur", "førsteDatafangstdato": null, "oppdateringsdato": "2012-01-06T00:00:00", "datauttaksdato": "2025-05-01T00:00:27", "målemetode": "ukjentMålemetode", "kabeltype": "kraftledning", "sjøstatus": null }, "geometry": { "type": "MultiLineString", "coordinates": [ [ [ 3.5, 60.874321486300964 ], [ 3.492554637167964, 60.876036621555997 ] ] ] } },
{ "type": "Feature", "properties": { "gml_id": "id53241683-5660-42f4-b7f7-4c9610ecea22", "lokalId": "a1e7992e-2221-447e-9ca0-00bcd41132d3", "navnerom": "https://data.geonorge.no/sosi/kyst/sjokart_maritim_infrastruktur", "førsteDatafangstdato": null, "oppdateringsdato": "2012-01-06T00:00:00", "datauttaksdato": "2025-05-01T00:00:27", "målemetode": "ukjentMålemetode", "kabeltype": "kraftledning", "sjøstatus": null }, "geometry": { "type": "MultiLineString", "coordinates": [ [ [ 3.56516339887722, 60.999999999371077 ], [ 3.55783021977056, 60.983633643655757 ], [ 3.532111871042915, 60.966179997812411 ], [ 3.529151871800279, 60.951768299064661 ], [ 3.535180347590872, 60.939831395275995 ], [ 3.573179067843401, 60.91923174282357 ], [ 3.605441908061812, 60.889063437256333 ] ] ] } },
{ "type": "Feature", "properties": { "gml_id": "id77d7ade5-bdc0-4739-8dad-cf65dd1a620c", "lokalId": "202608a5-a6cb-46e1-9970-0594fdb7ff0e", "navnerom": "https://data.geonorge.no/sosi/kyst/sjokart_maritim_infrastruktur", "førsteDatafangstdato": null, "oppdateringsdato": "2012-01-06T00:00:00", "datauttaksdato": "2025-05-01T00:00:27", "målemetode": "ukjentMålemetode", "kabeltype": "kraftledning", "sjøstatus": null }, "geometry": { "type": "MultiLineString", "coordinates": [ [ [ 3.514712646019877, 61.084258264528067 ], [ 3.565609211219857, 61.049381789404222 ], [ 3.570716511192147, 61.022595833302226 ], [ 3.56516339887722, 60.999999999371077 ] ] ] } },
{ "type": "Feature", "properties": { "gml_id": "id09012cba-5f8e-443c-b40e-44d008e46228", "lokalId": "e539235d-4b90-4e21-b865-8a84627376d4", "navnerom": "https://data.geonorge.no/sosi/kyst/sjokart_maritim_infrastruktur", "førsteDatafangstdato": null, "oppdateringsdato": "2012-01-06T00:00:00", "datauttaksdato": "2025-05-01T00:00:27", "målemetode": "ukjentMålemetode", "kabeltype": "kraftledning", "sjøstatus": null }, "geometry": { "type": "MultiLineString", "coordinates": [ [ [ 2.142492881740298, 61.448949939106399 ], [ 2.149828123895852, 61.450210214455154 ], [ 2.179346354010789, 61.4999999993994 ] ] ] } },
{ "type": "Feature", "properties": { "gml_id": "id4b97c9b7-0f27-4284-bc39-89d5b82ffd32", "lokalId": "a32d65dc-6843-47bc-90ff-5bed9e060358", "navnerom": "https://data.geonorge.no/sosi/kyst/sjokart_maritim_infrastruktur", "førsteDatafangstdato": null, "oppdateringsdato": "2013-06-17T00:00:00", "datauttaksdato": "2025-05-01T00:00:27", "målemetode": "ukjentMålemetode", "kabeltype": "kraftledning", "sjøstatus": null }, "geometry": { "type": "MultiLineString", "coordinates": [ [ [ 8.25, 58.039061474637883 ], [ 8.276757656099456, 58.029476303249496 ], [ 8.664776494546933, 57.655941195831033 ] ] ] } },
{ "type": "Feature", "properties": { "gml_id": "idd2184a45-f201-4e20-b27c-3443debc8727", "lokalId": "caf4c3f6-f630-4bfc-a861-e499a80d1048", "navnerom": "https://data.geonorge.no/sosi/kyst/sjokart_maritim_infrastruktur", "førsteDatafangstdato": null, "oppdateringsdato": "2012-01-06T00:00:00", "datauttaksdato": "2025-05-01T00:00:27", "målemetode": "ukjentMålemetode", "kabeltype": "kraftledning", "sjøstatus": null }, "geometry": { "type": "MultiLineString", "coordinates": [ [ [ 1.900794974309736, 61.295531674159001 ], [ 1.921870799501172, 61.409121517521392 ], [ 2.0, 61.442902626345408 ] ] ] } },
{ "type": "Feature", "properties": { "gml_id": "id3af2a653-46ec-46c7-a2b3-162aa01f23f9", "lokalId": "2603d61b-8c20-45e7-9961-410a99117bda", "navnerom": "https://data.geonorge.no/sosi/kyst/sjokart_maritim_infrastruktur", "førsteDatafangstdato": null, "oppdateringsdato": "2012-01-06T00:00:00", "datauttaksdato": "2025-05-01T00:00:27", "målemetode": "ukjentMålemetode", "kabeltype": "kraftledning", "sjøstatus": null }, "geometry": { "type": "MultiLineString", "coordinates": [ [ [ 2.0, 61.442902626345408 ], [ 2.005173366632027, 61.453236222814141 ], [ 2.0, 61.461169839521759 ] ] ] } },
{ "type": "Feature", "properties": { "gml_id": "idded71aaf-f43b-4b36-ae75-00ffc3519823", "lokalId": "9e948b72-c370-469f-9392-a3044effadbb", "navnerom": "https://data.geonorge.no/sosi/kyst/sjokart_maritim_infrastruktur", "førsteDatafangstdato": null, "oppdateringsdato": "2012-01-06T00:00:00", "datauttaksdato": "2025-05-01T00:00:27", "målemetode": "ukjentMålemetode", "kabeltype": "kraftledning", "sjøstatus": null }, "geometry": { "type": "MultiLineString", "coordinates": [ [ [ 2.0, 61.461169839521759 ], [ 1.99072916948059, 61.466393569536351 ] ] ] } },
{ "type": "Feature", "properties": { "gml_id": "idff170772-5598-4eba-a403-c5d80f35365c", "lokalId": "a5958e29-6b5d-4dd8-a37b-71529cdef5c3", "navnerom": "https://data.geonorge.no/sosi/kyst/sjokart_maritim_infrastruktur", "førsteDatafangstdato": null, "oppdateringsdato": "2012-01-06T00:00:00", "datauttaksdato": "2025-05-01T00:00:27", "målemetode": "ukjentMålemetode", "kabeltype": "kraftledning", "sjøstatus": null }, "geometry": { "type": "MultiLineString", "coordinates": [ [ [ 2.179346354010789, 61.4999999993994 ], [ 2.189639308526287, 61.524892512836502 ], [ 2.208709855171751, 61.524727151548063 ] ] ] } },
{ "type": "Feature", "properties": { "gml_id": "id305d6ab3-9a35-4af0-88bb-9e26ff2b523d", "lokalId": "90c0ed9d-0b16-4b14-89f1-f27d021158d4", "navnerom": "https://data.geonorge.no/sosi/kyst/sjokart_maritim_infrastruktur", "førsteDatafangstdato": null, "oppdateringsdato": "2012-01-06T00:00:00", "datauttaksdato": "2025-05-01T00:00:27", "målemetode": "ukjentMålemetode", "kabeltype": "kraftledning", "sjøstatus": null }, "geometry": { "type": "MultiLineString", "coordinates": [ [ [ 3.5, 61.362042229701039 ], [ 3.887142756444328, 61.332489485286132 ] ] ] } },
{ "type": "Feature", "properties": { "gml_id": "id344e89eb-d1aa-415d-9d41-b52712f6af5c", "lokalId": "2f548f07-383d-4910-9fff-b0004a3c7fba", "navnerom": "https://data.geonorge.no/sosi/kyst/sjokart_maritim_infrastruktur", "førsteDatafangstdato": null, "oppdateringsdato": "2012-07-13T00:00:00", "datauttaksdato": "2025-05-01T00:00:27", "målemetode": "ukjentMålemetode", "kabeltype": null, "sjøstatus": null }, "geometry": { "type": "MultiLineString", "coordinates": [ [ [ 14.5700737190409, 68.808006720536397 ], [ 14.594466158600197, 68.81336593355185 ], [ 14.607597330189291, 68.801405315803436 ], [ 14.629870342958897, 68.798992338711741 ] ] ] } },
{ "type": "Feature", "properties": { "gml_id": "id5d18783d-070b-4815-9935-0ee7350d128e", "lokalId": "38303d6a-037f-48ad-ace8-8514cde9ce8c", "navnerom": "https://data.geonorge.no/sosi/kyst/sjokart_maritim_infrastruktur", "førsteDatafangstdato": "2000-03-20T00:00:00", "oppdateringsdato": "2012-12-06T00:00:00", "datauttaksdato": "2025-05-01T00:00:27", "målemetode": "ukjentMålemetode", "kabeltype": null, "sjøstatus": null }, "geometry": { "type": "MultiLineString", "coordinates": [ [ [ 4.503048864811648, 56.999999999044974 ], [ 4.60244037381652, 56.901920906274825 ] ] ] } },
{ "type": "Feature", "properties": { "gml_id": "id988b38c6-2ad0-4bda-91bc-f7b5fd97ce58", "lokalId": "328fde76-2b35-4a8e-ab50-862ba766d842", "navnerom": "https://data.geonorge.no/sosi/kyst/sjokart_maritim_infrastruktur", "førsteDatafangstdato": null, "oppdateringsdato": "2012-01-06T00:00:00", "datauttaksdato": "2025-05-01T00:00:27", "målemetode": "ukjentMålemetode", "kabeltype": "kraftledning", "sjøstatus": null }, "geometry": { "type": "MultiLineString", "coordinates": [ [ [ 4.25, 61.018863038216161 ], [ 4.0, 61.219988701672996 ] ] ] } },
{ "type": "Feature", "properties": { "gml_id": "id98cd60f9-7db8-429d-9c72-8a47ea6fffb7", "lokalId": "cfd4e549-7130-471c-9d06-be7ca66de321", "navnerom": "https://data.geonorge.no/sosi/kyst/sjokart_maritim_infrastruktur", "førsteDatafangstdato": null, "oppdateringsdato": "2012-01-06T00:00:00", "datauttaksdato": "2025-05-01T00:00:27", "målemetode": "ukjentMålemetode", "kabeltype": "kraftledning", "sjøstatus": null }, "geometry": { "type": "MultiLineString", "coordinates": [ [ [ 4.0, 61.219988701672996 ], [ 3.86361975, 61.328745699389955 ], [ 3.89540988, 61.332048409390119 ] ] ] } },
{ "type": "Feature", "properties": { "gml_id": "idbef4dd5c-6bfd-490d-800c-1754e6ddedcf", "lokalId": "96e8c1d7-7720-4568-8b5e-d184775e4ff9", "navnerom": "https://data.geonorge.no/sosi/kyst/sjokart_maritim_infrastruktur", "førsteDatafangstdato": null, "oppdateringsdato": "2012-01-06T00:00:00", "datauttaksdato": "2025-05-01T00:00:27", "målemetode": "ukjentMålemetode", "kabeltype": "kraftledning", "sjøstatus": null }, "geometry": { "type": "MultiLineString", "coordinates": [ [ [ 3.375196212622213, 61.370742560815181 ], [ 3.5, 61.362042229701039 ] ] ] } },
{ "type": "Feature", "properties": { "gml_id": "id29b090a9-fb6d-474e-8069-f1ec74feee80", "lokalId": "b3f6a1e4-4730-4d4c-8ac0-d78863048759", "navnerom": "https://data.geonorge.no/sosi/kyst/sjokart_maritim_infrastruktur", "førsteDatafangstdato": null, "oppdateringsdato": "2012-01-06T00:00:00", "datauttaksdato": "2025-05-01T00:00:27", "målemetode": "ukjentMålemetode", "kabeltype": null, "sjøstatus": null }, "geometry": { "type": "MultiLineString", "coordinates": [ [ [ 4.01305244910025, 61.363221380802607 ], [ 4.0, 61.372900096297364 ] ] ] } },
{ "type": "Feature", "properties": { "gml_id": "iddabb64f7-414c-4991-9b7d-99bf4ca588f4", "lokalId": "1548828c-0bca-4baf-95e3-d316c91e79e4", "navnerom": "https://data.geonorge.no/sosi/kyst/sjokart_maritim_infrastruktur", "førsteDatafangstdato": null, "oppdateringsdato": "2012-01-06T00:00:00", "datauttaksdato": "2025-05-01T00:00:27", "målemetode": "ukjentMålemetode", "kabeltype": null, "sjøstatus": null }, "geometry": { "type": "MultiLineString", "coordinates": [ [ [ 4.0, 61.372900096297364 ], [ 3.979425782426997, 61.387676736048007 ] ] ] } },
{ "type": "Feature", "properties": { "gml_id": "id4e1be922-e39e-4694-bf13-62deabb91a30", "lokalId": "39f17eea-57a9-45b8-8dbc-607e63a0b3ee", "navnerom": "https://data.geonorge.no/sosi/kyst/sjokart_maritim_infrastruktur", "førsteDatafangstdato": null, "oppdateringsdato": "2012-01-06T00:00:00", "datauttaksdato": "2025-05-01T00:00:27", "målemetode": "ukjentMålemetode", "kabeltype": null, "sjøstatus": null }, "geometry": { "type": "MultiLineString", "coordinates": [ [ [ 3.957254895914993, 61.340914669572257 ], [ 4.0, 61.356144720078277 ] ] ] } },
{ "type": "Feature", "properties": { "gml_id": "id415ac9cb-c4c1-4b3b-be96-2f0de9ab9503", "lokalId": "c03fe850-7162-46aa-87d6-a878bc7546f1", "navnerom": "https://data.geonorge.no/sosi/kyst/sjokart_maritim_infrastruktur", "førsteDatafangstdato": null, "oppdateringsdato": "2012-01-06T00:00:00", "datauttaksdato": "2025-05-01T00:00:27", "målemetode": "ukjentMålemetode", "kabeltype": null, "sjøstatus": null }, "geometry": { "type": "MultiLineString", "coordinates": [ [ [ 4.0, 61.356144720078277 ], [ 4.013043892180795, 61.363095571063894 ] ] ] } },
{ "type": "Feature", "properties": { "gml_id": "id2033bf05-5dfc-4824-b27e-2b7896f6d78e", "lokalId": "4eb85af4-1fa3-42b7-ba3f-ba9ea0e9e8b5", "navnerom": "https://data.geonorge.no/sosi/kyst/sjokart_maritim_infrastruktur", "førsteDatafangstdato": null, "oppdateringsdato": "2012-01-06T00:00:00", "datauttaksdato": "2025-05-01T00:00:27", "målemetode": "ukjentMålemetode", "kabeltype": "kraftledning", "sjøstatus": null }, "geometry": { "type": "MultiLineString", "coordinates": [ [ [ 2.5, 61.404872033343942 ], [ 2.566706143824303, 61.430282386615524 ] ] ] } },
{ "type": "Feature", "properties": { "gml_id": "id2f8ac00e-2473-41f2-adc1-407b5c7f49ac", "lokalId": "536ebf4c-d0ea-4d7a-a361-a2679c7b0ed2", "navnerom": "https://data.geonorge.no/sosi/kyst/sjokart_maritim_infrastruktur", "førsteDatafangstdato": null, "oppdateringsdato": "2012-01-06T00:00:00", "datauttaksdato": "2025-05-01T00:00:27", "målemetode": "ukjentMålemetode", "kabeltype": "kraftledning", "sjøstatus": null }, "geometry": { "type": "MultiLineString", "coordinates": [ [ [ 2.0, 61.079445939443765 ], [ 2.179174301774223, 61.088302890157721 ], [ 2.192715643042656, 61.090937092411686 ], [ 2.191474110762179, 61.09667778012038 ] ] ] } },
{ "type": "Feature", "properties": { "gml_id": "id3cb8f5da-e9e2-4e93-90a0-94052241e5fa", "lokalId": "9c885073-d469-4640-bbbc-14f6e0d3bfa6", "navnerom": "https://data.geonorge.no/sosi/kyst/sjokart_maritim_infrastruktur", "førsteDatafangstdato": null, "oppdateringsdato": "2012-01-06T00:00:00", "datauttaksdato": "2025-05-01T00:00:27", "målemetode": "ukjentMålemetode", "kabeltype": "kraftledning", "sjøstatus": null }, "geometry": { "type": "MultiLineString", "coordinates": [ [ [ 1.988159914303389, 61.078495740159674 ], [ 2.0, 61.079445939443765 ] ] ] } },
{ "type": "Feature", "properties": { "gml_id": "id07ddb71e-849c-4289-b0e3-847106165216", "lokalId": "78e8def4-f591-4808-8de7-87eaf2cea7c9", "navnerom": "https://data.geonorge.no/sosi/kyst/sjokart_maritim_infrastruktur", "førsteDatafangstdato": null, "oppdateringsdato": "2012-01-06T00:00:00", "datauttaksdato": "2025-05-01T00:00:27", "målemetode": "ukjentMålemetode", "kabeltype": "kraftledning", "sjøstatus": null }, "geometry": { "type": "MultiLineString", "coordinates": [ [ [ 2.447971713758709, 61.369529845418313 ], [ 2.4326509898861, 61.376953597164039 ], [ 2.5, 61.404872033343942 ] ] ] } },
{ "type": "Feature", "properties": { "gml_id": "id3dc8714a-1c4d-48a9-abf4-4c6fd97e65e1", "lokalId": "e6163d74-d9a2-4486-9310-e55144d134cc", "navnerom": "https://data.geonorge.no/sosi/kyst/sjokart_maritim_infrastruktur", "førsteDatafangstdato": null, "oppdateringsdato": "2012-01-06T00:00:00", "datauttaksdato": "2025-05-01T00:00:27", "målemetode": "ukjentMålemetode", "kabeltype": "telefonledning", "sjøstatus": null }, "geometry": { "type": "MultiLineString", "coordinates": [ [ [ 2.551641222038317, 60.999999999371077 ], [ 2.653795043120787, 60.857893709073821 ], [ 2.897750826088847, 60.795584063438099 ] ] ] } },
{ "type": "Feature", "properties": { "gml_id": "id2bf199c5-ab08-4019-8842-dc35bcd19ae9", "lokalId": "ad0673d9-4d9f-4b32-abb9-5d3ff33500d3", "navnerom": "https://data.geonorge.no/sosi/kyst/sjokart_maritim_infrastruktur", "førsteDatafangstdato": null, "oppdateringsdato": "2012-01-06T00:00:00", "datauttaksdato": "2025-05-01T00:00:27", "målemetode": "ukjentMålemetode", "kabeltype": "kraftledning", "sjøstatus": null }, "geometry": { "type": "MultiLineString", "coordinates": [ [ [ 3.725647512803695, 60.644647226401361 ], [ 3.742302567897075, 60.614270923440465 ], [ 4.0, 60.580295668805732 ] ] ] } },
{ "type": "Feature", "properties": { "gml_id": "id8fcbee2b-2bb4-4249-bfc5-d04b1f6485f5", "lokalId": "01a9ec5d-2d2f-47a3-8aff-e6795ac10aef", "navnerom": "https://data.geonorge.no/sosi/kyst/sjokart_maritim_infrastruktur", "førsteDatafangstdato": null, "oppdateringsdato": "2012-09-24T00:00:00", "datauttaksdato": "2025-05-01T00:00:27", "målemetode": "ukjentMålemetode", "kabeltype": null, "sjøstatus": null }, "geometry": { "type": "MultiLineString", "coordinates": [ [ [ 5.165613299987762, 59.39938252430602 ], [ 5.192893425307406, 59.393790648839449 ] ] ] } },
{ "type": "Feature", "properties": { "gml_id": "id7e85d71e-59d8-43cf-84be-febc3f331d8a", "lokalId": "dbd7c104-4279-4c82-b7fa-fa8136ddf9b7", "navnerom": "https://data.geonorge.no/sosi/kyst/sjokart_maritim_infrastruktur", "førsteDatafangstdato": "2000-03-20T00:00:00", "oppdateringsdato": "2013-08-12T00:00:00", "datauttaksdato": "2025-05-01T00:00:27", "målemetode": "ukjentMålemetode", "kabeltype": null, "sjøstatus": "ikkeIBruk" }, "geometry": { "type": "MultiLineString", "coordinates": [ [ [ 7.876872903832305, 58.038399840194558 ], [ 7.878791388900181, 58.018332776925213 ], [ 7.901213888899042, 57.999999999145693 ] ] ] } },
{ "type": "Feature", "properties": { "gml_id": "ida29bbbfd-ee3d-4a9a-ad16-f278fea75933", "lokalId": "a4232002-b605-467e-a92a-b5c49acf07ad", "navnerom": "https://data.geonorge.no/sosi/kyst/sjokart_maritim_infrastruktur", "førsteDatafangstdato": null, "oppdateringsdato": "2012-12-06T00:00:00", "datauttaksdato": "2025-05-01T00:00:27", "målemetode": "ukjentMålemetode", "kabeltype": null, "sjøstatus": null }, "geometry": { "type": "MultiLineString", "coordinates": [ [ [ 5.0, 56.819286235971518 ], [ 5.039737588173947, 56.789437879745769 ] ] ] } },
{ "type": "Feature", "properties": { "gml_id": "id8a94c565-c028-4d75-9701-bbe6083d45d4", "lokalId": "c62457c3-d945-42a6-8662-9dcaec740b95", "navnerom": "https://data.geonorge.no/sosi/kyst/sjokart_maritim_infrastruktur", "førsteDatafangstdato": null, "oppdateringsdato": "2012-12-06T00:00:00", "datauttaksdato": "2025-05-01T00:00:27", "målemetode": "ukjentMålemetode", "kabeltype": null, "sjøstatus": null }, "geometry": { "type": "MultiLineString", "coordinates": [ [ [ 4.760529424977798, 56.999999999044945 ], [ 5.0, 56.819286235971518 ] ] ] } },
{ "type": "Feature", "properties": { "gml_id": "id294941db-03f8-4d8d-9d53-2552bf9b5f0a", "lokalId": "d650a43f-cf87-4f3a-8996-391fd88f79d8", "navnerom": "https://data.geonorge.no/sosi/kyst/sjokart_maritim_infrastruktur", "førsteDatafangstdato": null, "oppdateringsdato": "2012-12-06T00:00:00", "datauttaksdato": "2025-05-01T00:00:27", "målemetode": "ukjentMålemetode", "kabeltype": null, "sjøstatus": null }, "geometry": { "type": "MultiLineString", "coordinates": [ [ [ 5.0, 56.945561200763933 ], [ 5.055186449730806, 56.909207642958947 ], [ 5.154272343762766, 56.791792414228766 ], [ 5.366261635879156, 56.755105496554634 ], [ 5.468686775095088, 56.729086824799026 ] ] ] } },
{ "type": "Feature", "properties": { "gml_id": "ida72fe678-546b-4674-9615-fb1817359b00", "lokalId": "d307b8cc-e22d-42df-ad9c-6d3895607385", "navnerom": "https://data.geonorge.no/sosi/kyst/sjokart_maritim_infrastruktur", "førsteDatafangstdato": null, "oppdateringsdato": "2012-12-06T00:00:00", "datauttaksdato": "2025-05-01T00:00:27", "målemetode": "ukjentMålemetode", "kabeltype": null, "sjøstatus": null }, "geometry": { "type": "MultiLineString", "coordinates": [ [ [ 4.917359285139209, 56.999999999044945 ], [ 5.0, 56.945561200763933 ] ] ] } },
{ "type": "Feature", "properties": { "gml_id": "ide26db0e6-86ca-4daa-ac87-88f8c95fc67e", "lokalId": "edd5b3a9-de6f-459e-a358-2b73308eaa2c", "navnerom": "https://data.geonorge.no/sosi/kyst/sjokart_maritim_infrastruktur", "førsteDatafangstdato": "2000-03-20T00:00:00", "oppdateringsdato": "2013-08-12T00:00:00", "datauttaksdato": "2025-05-01T00:00:27", "målemetode": "ukjentMålemetode", "kabeltype": null, "sjøstatus": "ikkeIBruk" }, "geometry": { "type": "MultiLineString", "coordinates": [ [ [ 7.901213888895312, 57.999999999145707 ], [ 7.930584166672727, 57.988568610255626 ], [ 7.934416388273136, 57.945406951264211 ] ] ] } },
{ "type": "Feature", "properties": { "gml_id": "idb81832e6-f1d3-4c8d-8432-0c0b4ccbdbdb", "lokalId": "bd12b5d6-e9db-4ce4-a786-fd3850e4b410", "navnerom": "https://data.geonorge.no/sosi/kyst/sjokart_maritim_infrastruktur", "førsteDatafangstdato": null, "oppdateringsdato": "2012-11-09T00:00:00", "datauttaksdato": "2025-05-01T00:00:27", "målemetode": "ukjentMålemetode", "kabeltype": "kraftledning", "sjøstatus": "permanent" }, "geometry": { "type": "MultiLineString", "coordinates": [ [ [ 13.088425253958375, 67.938376198797741 ], [ 13.086310859865607, 67.934930091201991 ] ] ] } },
{ "type": "Feature", "properties": { "gml_id": "id5ca869a4-b84a-485d-bcac-ea11c0319aa4", "lokalId": "971f525b-3db6-4b1c-8ab4-2ca0e63b4dc5", "navnerom": "https://data.geonorge.no/sosi/kyst/sjokart_maritim_infrastruktur", "førsteDatafangstdato": null, "oppdateringsdato": "2012-10-10T00:00:00", "datauttaksdato": "2025-05-01T00:00:27", "målemetode": "ukjentMålemetode", "kabeltype": "kraftledning", "sjøstatus": null }, "geometry": { "type": "MultiLineString", "coordinates": [ [ [ 7.211590095958202, 64.273626370310666 ], [ 7.238881421007281, 64.2864524585666 ], [ 7.497520034069799, 64.337418144215249 ], [ 7.546779049394285, 64.357911949398215 ] ] ] } },
{ "type": "Feature", "properties": { "gml_id": "id55879685-5aae-41ed-976a-20517d5fe6e9", "lokalId": "9eda32f1-c05c-48c5-ac73-e2ebcb7f0fdf", "navnerom": "https://data.geonorge.no/sosi/kyst/sjokart_maritim_infrastruktur", "førsteDatafangstdato": null, "oppdateringsdato": "2012-01-06T00:00:00", "datauttaksdato": "2025-05-01T00:00:27", "målemetode": "ukjentMålemetode", "kabeltype": "telefonledning", "sjøstatus": null }, "geometry": { "type": "MultiLineString", "coordinates": [ [ [ 2.5, 61.073121175189243 ], [ 2.551641222038317, 60.999999999371077 ] ] ] } },
{ "type": "Feature", "properties": { "gml_id": "id6048fdd0-8bf7-427d-8546-a8206cf08344", "lokalId": "5a884a24-af88-4f27-ac51-6282d6c3d7b9", "navnerom": "https://data.geonorge.no/sosi/kyst/sjokart_maritim_infrastruktur", "førsteDatafangstdato": null, "oppdateringsdato": "2012-01-06T00:00:00", "datauttaksdato": "2025-05-01T00:00:27", "målemetode": "ukjentMålemetode", "kabeltype": "telefonledning", "sjøstatus": null }, "geometry": { "type": "MultiLineString", "coordinates": [ [ [ 2.142494755, 61.448887088307941 ], [ 2.155327767153744, 61.45149213585853 ], [ 2.166708989567293, 61.441335801175271 ], [ 2.286798730802002, 61.214153558880867 ], [ 2.5, 61.073121175189243 ] ] ] } },
{ "type": "Feature", "properties": { "gml_id": "id1a24a0ab-9cb0-409f-b4f2-23a1f180b7e3", "lokalId": "e255339c-9226-4e88-8b28-d2f15ede07a3", "navnerom": "https://data.geonorge.no/sosi/kyst/sjokart_maritim_infrastruktur", "førsteDatafangstdato": null, "oppdateringsdato": "2012-01-06T00:00:00", "datauttaksdato": "2025-05-01T00:00:27", "målemetode": "ukjentMålemetode", "kabeltype": "telefonledning", "sjøstatus": null }, "geometry": { "type": "MultiLineString", "coordinates": [ [ [ 2.824376198937156, 60.491471436303712 ], [ 2.777173944907675, 60.485551255742379 ], [ 2.743510382835422, 60.499999999340353 ] ] ] } },
{ "type": "Feature", "properties": { "gml_id": "id6978c751-f7c0-4c36-9e87-db6c62e0342a", "lokalId": "8bd2ccf3-14a1-472d-81fd-64d2fc6faa82", "navnerom": "https://data.geonorge.no/sosi/kyst/sjokart_maritim_infrastruktur", "førsteDatafangstdato": null, "oppdateringsdato": "2012-01-06T00:00:00", "datauttaksdato": "2025-05-01T00:00:27", "målemetode": "ukjentMålemetode", "kabeltype": null, "sjøstatus": "permanent" }, "geometry": { "type": "MultiLineString", "coordinates": [ [ [ 2.825661017838699, 60.492077387237352 ], [ 2.819457091527577, 60.499999999340368 ] ] ] } },
{ "type": "Feature", "properties": { "gml_id": "id7448a71f-65ed-462c-8daa-f7cb08214c43", "lokalId": "a3890f9a-565f-4aea-92af-5d324bdc280b", "navnerom": "https://data.geonorge.no/sosi/kyst/sjokart_maritim_infrastruktur", "førsteDatafangstdato": null, "oppdateringsdato": "2012-01-06T00:00:00", "datauttaksdato": "2025-05-01T00:00:27", "målemetode": "ukjentMålemetode", "kabeltype": "kraftledning", "sjøstatus": null }, "geometry": { "type": "MultiLineString", "coordinates": [ [ [ 4.0, 60.576308510121777 ], [ 4.212960103922677, 60.547932712480268 ], [ 4.25, 60.549160563546806 ] ] ] } },
{ "type": "Feature", "properties": { "gml_id": "id7a558afa-74c2-4b66-a1f3-1fd8a8f44226", "lokalId": "c73b289c-0595-478d-b203-9e2c608a655b", "navnerom": "https://data.geonorge.no/sosi/kyst/sjokart_maritim_infrastruktur", "førsteDatafangstdato": null, "oppdateringsdato": "2012-01-06T00:00:00", "datauttaksdato": "2025-05-01T00:00:27", "målemetode": "ukjentMålemetode", "kabeltype": "kraftledning", "sjøstatus": null }, "geometry": { "type": "MultiLineString", "coordinates": [ [ [ 3.725613810604978, 60.644635188992069 ], [ 3.736767119845728, 60.611328915953202 ], [ 4.0, 60.576308510121777 ] ] ] } },
{ "type": "Feature", "properties": { "gml_id": "id90036c71-f508-46d2-872b-29b1f439c661", "lokalId": "7b36efd1-fdf7-4739-bd44-d5d2271fbcf2", "navnerom": "https://data.geonorge.no/sosi/kyst/sjokart_maritim_infrastruktur", "førsteDatafangstdato": null, "oppdateringsdato": "2012-01-06T00:00:00", "datauttaksdato": "2025-05-01T00:00:27", "målemetode": "ukjentMålemetode", "kabeltype": null, "sjøstatus": null }, "geometry": { "type": "MultiLineString", "coordinates": [ [ [ 2.01661132165543, 59.547822638201794 ], [ 2.0, 59.563278827514296 ] ] ] } },
{ "type": "Feature", "properties": { "gml_id": "idf4122771-a830-44b5-80c8-e7de1880d25e", "lokalId": "de0b6462-6ae2-45d6-a1f1-9ddecbb3cf54", "navnerom": "https://data.geonorge.no/sosi/kyst/sjokart_maritim_infrastruktur", "førsteDatafangstdato": null, "oppdateringsdato": "2012-01-06T00:00:00", "datauttaksdato": "2025-05-01T00:00:27", "målemetode": "ukjentMålemetode", "kabeltype": null, "sjøstatus": null }, "geometry": { "type": "MultiLineString", "coordinates": [ [ [ 2.0, 59.563278827514296 ], [ 1.998321822414314, 59.564840306546621 ] ] ] } },
{ "type": "Feature", "properties": { "gml_id": "ide821782a-2a48-4b87-b96f-46421a683efb", "lokalId": "ee5c5219-5266-4339-86c1-cb282c5828e6", "navnerom": "https://data.geonorge.no/sosi/kyst/sjokart_maritim_infrastruktur", "førsteDatafangstdato": null, "oppdateringsdato": "2012-01-06T00:00:00", "datauttaksdato": "2025-05-01T00:00:27", "målemetode": "ukjentMålemetode", "kabeltype": null, "sjøstatus": null }, "geometry": { "type": "MultiLineString", "coordinates": [ [ [ 1.998137910786295, 59.568951337548803 ], [ 2.0, 59.56926059818835 ] ] ] } },
{ "type": "Feature", "properties": { "gml_id": "id45e9261d-b209-49a2-b784-33921312429e", "lokalId": "2be5d2b1-a29f-46ed-ba79-2f742b8eb7fb", "navnerom": "https://data.geonorge.no/sosi/kyst/sjokart_maritim_infrastruktur", "førsteDatafangstdato": null, "oppdateringsdato": "2012-01-06T00:00:00", "datauttaksdato": "2025-05-01T00:00:27", "målemetode": "ukjentMålemetode", "kabeltype": "kraftledning", "sjøstatus": null }, "geometry": { "type": "MultiLineString", "coordinates": [ [ [ 2.825699570423576, 60.492081948855308 ], [ 2.821499934178291, 60.499999999340353 ] ] ] } },
{ "type": "Feature", "properties": { "gml_id": "idb8c49566-2c66-4f1d-8ff6-8dd123785f49", "lokalId": "2d6bdcfd-fd07-435a-986d-a996bd1dc720", "navnerom": "https://data.geonorge.no/sosi/kyst/sjokart_maritim_infrastruktur", "førsteDatafangstdato": null, "oppdateringsdato": "2012-01-06T00:00:00", "datauttaksdato": "2025-05-01T00:00:27", "målemetode": "ukjentMålemetode", "kabeltype": null, "sjøstatus": null }, "geometry": { "type": "MultiLineString", "coordinates": [ [ [ 2.0, 59.56926059818835 ], [ 2.041365537779753, 59.59625285259812 ], [ 2.246951146399698, 59.637580654682196 ], [ 2.278758722692663, 59.655462723547934 ] ] ] } },
{ "type": "Feature", "properties": { "gml_id": "ida21a05f0-7382-43bd-9d3a-5dcdeddf3a5d", "lokalId": "9d10abcf-c93b-43e9-9f3b-cae110cde5fc", "navnerom": "https://data.geonorge.no/sosi/kyst/sjokart_maritim_infrastruktur", "førsteDatafangstdato": null, "oppdateringsdato": "2012-01-06T00:00:00", "datauttaksdato": "2025-05-01T00:00:27", "målemetode": "ukjentMålemetode", "kabeltype": "kraftledning", "sjøstatus": null }, "geometry": { "type": "MultiLineString", "coordinates": [ [ [ 2.821499934178291, 60.499999999340353 ], [ 2.815726001995254, 60.507810982258071 ], [ 2.738615061607507, 60.532737476366037 ] ] ] } },
{ "type": "Feature", "properties": { "gml_id": "id9ac8882f-9e14-442d-9476-340a811ce0d8", "lokalId": "83eb0d56-441a-437c-a09c-8ac32dbc8ffb", "navnerom": "https://data.geonorge.no/sosi/kyst/sjokart_maritim_infrastruktur", "førsteDatafangstdato": null, "oppdateringsdato": "2012-01-06T00:00:00", "datauttaksdato": "2025-05-01T00:00:27", "målemetode": "ukjentMålemetode", "kabeltype": "kraftledning", "sjøstatus": null }, "geometry": { "type": "MultiLineString", "coordinates": [ [ [ 2.825788904958932, 60.492091990037373 ], [ 2.825297390035256, 60.499999999340382 ] ] ] } },
{ "type": "Feature", "properties": { "gml_id": "id4c3abbd2-adc4-4260-a849-9df29e055c54", "lokalId": "1063d3a7-7d02-4484-904d-a5499889494c", "navnerom": "https://data.geonorge.no/sosi/kyst/sjokart_maritim_infrastruktur", "førsteDatafangstdato": null, "oppdateringsdato": "2012-01-06T00:00:00", "datauttaksdato": "2025-05-01T00:00:27", "målemetode": "ukjentMålemetode", "kabeltype": "kraftledning", "sjøstatus": null }, "geometry": { "type": "MultiLineString", "coordinates": [ [ [ 2.825297390035256, 60.499999999340382 ], [ 2.804437219809981, 60.540678095606722 ] ] ] } },
{ "type": "Feature", "properties": { "gml_id": "idcaf945b5-4e70-4d90-a975-5b14825995d7", "lokalId": "a624c5c4-d39e-4365-8127-260476ddf792", "navnerom": "https://data.geonorge.no/sosi/kyst/sjokart_maritim_infrastruktur", "førsteDatafangstdato": null, "oppdateringsdato": "2011-12-28T00:00:00", "datauttaksdato": "2025-05-01T00:00:27", "målemetode": "ukjentMålemetode", "kabeltype": "kraftledning", "sjøstatus": null }, "geometry": { "type": "MultiLineString", "coordinates": [ [ [ 4.25, 60.555912076234698 ], [ 4.5, 60.560340749656604 ] ] ] } },
{ "type": "Feature", "properties": { "gml_id": "idd328bc01-5afa-49fa-9467-3495ee9f18d6", "lokalId": "c509a0a9-52ba-42ad-9b50-4efbf13620d6", "navnerom": "https://data.geonorge.no/sosi/kyst/sjokart_maritim_infrastruktur", "førsteDatafangstdato": null, "oppdateringsdato": "2012-09-20T00:00:00", "datauttaksdato": "2025-05-01T00:00:27", "målemetode": "ukjentMålemetode", "kabeltype": "telefonledning", "sjøstatus": null }, "geometry": { "type": "MultiLineString", "coordinates": [ [ [ 5.612537741810212, 56.769181152590988 ], [ 5.609264643506895, 56.772986518201158 ] ] ] } },
{ "type": "Feature", "properties": { "gml_id": "idfb7817d9-e3a3-4771-8365-ef242420c767", "lokalId": "22a4c391-1913-4b7a-9529-1e7d5272b34a", "navnerom": "https://data.geonorge.no/sosi/kyst/sjokart_maritim_infrastruktur", "førsteDatafangstdato": null, "oppdateringsdato": "2015-04-21T00:00:00", "datauttaksdato": "2025-05-01T00:00:28", "målemetode": "ukjentMålemetode", "kabeltype": "kraftledning", "sjøstatus": null }, "geometry": { "type": "MultiLineString", "coordinates": [ [ [ 4.848484326576206, 60.533547722236314 ], [ 4.847514348851383, 60.533106270878896 ] ], [ [ 4.847507320363329, 60.533091455705673 ], [ 4.835576778068988, 60.523626055586185 ], [ 4.807145302579692, 60.523480341244046 ], [ 4.757077734636149, 60.502509399726911 ], [ 4.674705791223948, 60.490955599070361 ], [ 4.191246948906743, 60.521183626813638 ], [ 3.773193829124637, 60.577621824989876 ], [ 3.728645222711806, 60.604083400358604 ], [ 3.725626142134353, 60.644603637397637 ] ] ] } },
{ "type": "Feature", "properties": { "gml_id": "idbde72f2c-5513-4467-b4e0-7fc87575870c", "lokalId": "5312f434-3b2a-491a-aaa9-06d2ad77d85c", "navnerom": "https://data.geonorge.no/sosi/kyst/sjokart_maritim_infrastruktur", "førsteDatafangstdato": null, "oppdateringsdato": "2011-12-29T00:00:00", "datauttaksdato": "2025-05-01T00:00:27", "målemetode": "ukjentMålemetode", "kabeltype": "telefonledning", "sjøstatus": null }, "geometry": { "type": "MultiLineString", "coordinates": [ [ [ 3.748484197995058, 59.49999999927131 ], [ 3.73931188685768, 59.514837643576044 ] ] ] } },
{ "type": "Feature", "properties": { "gml_id": "idae30a665-ee9f-42c8-9bc6-ac08e23cda58", "lokalId": "1e63e8f7-17e1-4d6c-bdaf-276fa50d1987", "navnerom": "https://data.geonorge.no/sosi/kyst/sjokart_maritim_infrastruktur", "førsteDatafangstdato": null, "oppdateringsdato": "2011-12-29T00:00:00", "datauttaksdato": "2025-05-01T00:00:27", "målemetode": "ukjentMålemetode", "kabeltype": null, "sjøstatus": null }, "geometry": { "type": "MultiLineString", "coordinates": [ [ [ 4.0, 59.055558375735984 ], [ 3.833334870484744, 59.333334859199404 ], [ 3.748484197995058, 59.49999999927131 ] ] ] } },
{ "type": "Feature", "properties": { "gml_id": "id0753c6c2-7b10-4ae2-a6dc-077bebcfebcf", "lokalId": "a074adb1-835f-435a-b2a9-4e4c3e0f04ef", "navnerom": "https://data.geonorge.no/sosi/kyst/sjokart_maritim_infrastruktur", "førsteDatafangstdato": null, "oppdateringsdato": "2011-12-29T00:00:00", "datauttaksdato": "2025-05-01T00:00:27", "målemetode": "ukjentMålemetode", "kabeltype": null, "sjøstatus": null }, "geometry": { "type": "MultiLineString", "coordinates": [ [ [ 4.033334875881649, 58.999999999232664 ], [ 4.0, 59.055558375735984 ] ] ] } },
{ "type": "Feature", "properties": { "gml_id": "ideacbb4d6-a02d-451b-bb2f-44a146a04896", "lokalId": "5ab4795c-f6db-42e2-bb10-c3c1d35b6a4c", "navnerom": "https://data.geonorge.no/sosi/kyst/sjokart_maritim_infrastruktur", "førsteDatafangstdato": null, "oppdateringsdato": "2011-12-29T00:00:00", "datauttaksdato": "2025-05-01T00:00:27", "målemetode": "ukjentMålemetode", "kabeltype": null, "sjøstatus": null }, "geometry": { "type": "MultiLineString", "coordinates": [ [ [ 4.5, 58.176088090379018 ], [ 4.318293004717628, 58.499999999190742 ] ] ] } },
{ "type": "Feature", "properties": { "gml_id": "id5e256413-fb92-4af0-838d-8f6d03776d97", "lokalId": "b5dbe21e-ea25-4429-b85a-87d81d51d27e", "navnerom": "https://data.geonorge.no/sosi/kyst/sjokart_maritim_infrastruktur", "førsteDatafangstdato": null, "oppdateringsdato": "2011-12-29T00:00:00", "datauttaksdato": "2025-05-01T00:00:27", "målemetode": "ukjentMålemetode", "kabeltype": null, "sjøstatus": null }, "geometry": { "type": "MultiLineString", "coordinates": [ [ [ 4.59543092568479, 57.999999999145693 ], [ 4.5, 58.176088090379018 ] ] ] } },
{ "type": "Feature", "properties": { "gml_id": "ida5ffb956-5f36-430d-bc77-a8c1468a0f7e", "lokalId": "9443a0ee-1958-4384-a499-3cc8abb56f9c", "navnerom": "https://data.geonorge.no/sosi/kyst/sjokart_maritim_infrastruktur", "førsteDatafangstdato": null, "oppdateringsdato": "2011-12-29T00:00:00", "datauttaksdato": "2025-05-01T00:00:27", "målemetode": "ukjentMålemetode", "kabeltype": null, "sjøstatus": null }, "geometry": { "type": "MultiLineString", "coordinates": [ [ [ 4.861560293728352, 57.499999999097142 ], [ 4.59543092568479, 57.999999999145693 ] ] ] } },
{ "type": "Feature", "properties": { "gml_id": "id111460a5-1d58-4878-8a4f-2507861a3292", "lokalId": "ec45a1ff-dbfe-4656-a377-f1dd5d1c262c", "navnerom": "https://data.geonorge.no/sosi/kyst/sjokart_maritim_infrastruktur", "førsteDatafangstdato": null, "oppdateringsdato": "2011-12-29T00:00:00", "datauttaksdato": "2025-05-01T00:00:27", "målemetode": "ukjentMålemetode", "kabeltype": null, "sjøstatus": null }, "geometry": { "type": "MultiLineString", "coordinates": [ [ [ 5.0, 57.239901485172716 ], [ 4.861560293728352, 57.499999999097142 ] ] ] } },
{ "type": "Feature", "properties": { "gml_id": "id83e29a55-7c95-4f5b-9fde-50dd5bfe6577", "lokalId": "5c202fa0-2682-468c-8807-353973af32e8", "navnerom": "https://data.geonorge.no/sosi/kyst/sjokart_maritim_infrastruktur", "førsteDatafangstdato": "2000-03-20T00:00:00", "oppdateringsdato": "2011-12-29T00:00:00", "datauttaksdato": "2025-05-01T00:00:27", "målemetode": "ukjentMålemetode", "kabeltype": null, "sjøstatus": null }, "geometry": { "type": "MultiLineString", "coordinates": [ [ [ 5.270184755772163, 56.729292054499162 ], [ 5.129219425433212, 56.999999999044945 ] ] ] } },
{ "type": "Feature", "properties": { "gml_id": "id6978ab46-d1ba-452c-b83c-d7fc0bf17ca0", "lokalId": "2536899f-978d-4122-9fad-aaf342b13302", "navnerom": "https://data.geonorge.no/sosi/kyst/sjokart_maritim_infrastruktur", "førsteDatafangstdato": "2000-03-20T00:00:00", "oppdateringsdato": "2011-12-29T00:00:00", "datauttaksdato": "2025-05-01T00:00:27", "målemetode": "ukjentMålemetode", "kabeltype": null, "sjøstatus": null }, "geometry": { "type": "MultiLineString", "coordinates": [ [ [ 5.129219425433212, 56.999999999044945 ], [ 5.0, 57.239901485172716 ] ] ] } },
{ "type": "Feature", "properties": { "gml_id": "id1501bba0-6133-4090-bba7-9e48b8a4f7c9", "lokalId": "e95cff23-6b3f-44a4-a257-e962c2f04e29", "navnerom": "https://data.geonorge.no/sosi/kyst/sjokart_maritim_infrastruktur", "førsteDatafangstdato": null, "oppdateringsdato": "2011-12-29T00:00:00", "datauttaksdato": "2025-05-01T00:00:27", "målemetode": "ukjentMålemetode", "kabeltype": null, "sjøstatus": null }, "geometry": { "type": "MultiLineString", "coordinates": [ [ [ 4.033334875881649, 58.999999999232664 ], [ 4.318293004717628, 58.499999999190742 ] ] ] } },
{ "type": "Feature", "properties": { "gml_id": "id010c4a52-757f-4803-8544-294522398e94", "lokalId": "3626a8fb-c56b-4537-b83c-0f4f928c264a", "navnerom": "https://data.geonorge.no/sosi/kyst/sjokart_maritim_infrastruktur", "førsteDatafangstdato": "2000-03-20T00:00:00", "oppdateringsdato": "2011-12-29T00:00:00", "datauttaksdato": "2025-05-01T00:00:27", "målemetode": "ukjentMålemetode", "kabeltype": null, "sjøstatus": null }, "geometry": { "type": "MultiLineString", "coordinates": [ [ [ 3.740261172371427, 59.514868400092318 ], [ 3.5, 59.91418656057423 ] ] ] } },
{ "type": "Feature", "properties": { "gml_id": "id70701106-629a-4949-8e7b-ed950f9a2bf4", "lokalId": "c962c1c1-5ef6-4f02-b435-87851081f06c", "navnerom": "https://data.geonorge.no/sosi/kyst/sjokart_maritim_infrastruktur", "førsteDatafangstdato": null, "oppdateringsdato": "2012-09-20T00:00:00", "datauttaksdato": "2025-05-01T00:00:27", "målemetode": "ukjentMålemetode", "kabeltype": "telefonledning", "sjøstatus": null }, "geometry": { "type": "MultiLineString", "coordinates": [ [ [ 0.914252433228769, 62.601116667733066 ], [ 0.914243256518647, 62.601119413291904 ] ] ] } },
{ "type": "Feature", "properties": { "gml_id": "id4ebe7c58-4771-47bf-bbe4-8bd9cba54dfa", "lokalId": "5f3fe5a7-246d-48a0-a18f-c822b1e740fe", "navnerom": "https://data.geonorge.no/sosi/kyst/sjokart_maritim_infrastruktur", "førsteDatafangstdato": null, "oppdateringsdato": "2012-09-20T00:00:00", "datauttaksdato": "2025-05-01T00:00:27", "målemetode": "ukjentMålemetode", "kabeltype": "telefonledning", "sjøstatus": null }, "geometry": { "type": "MultiLineString", "coordinates": [ [ [ 5.609264643506887, 56.772986518201158 ], [ 5.440283348551842, 56.95470000549544 ], [ 5.261533348651517, 57.100550005473949 ], [ 5.214066682007815, 57.165033338788824 ], [ 5.20545001534324, 57.191433338778062 ], [ 5.212345805527218, 57.202602524632965 ], [ 5.197533348675907, 57.234133338758951 ], [ 5.196650015329161, 57.334650005375877 ], [ 5.174650015329956, 57.438533338663838 ], [ 5.154283348673705, 57.46400000532369 ], [ 5.149283348670322, 57.514716671966724 ], [ 4.963966682087857, 57.843200005189615 ], [ 4.833383348829697, 57.958533338502484 ], [ 4.81565001550188, 58.0139333384802 ], [ 4.82453334881792, 58.111016671763387 ], [ 4.800950015492924, 58.179650005069533 ], [ 4.70121668221708, 58.27676667171604 ], [ 4.626116682248727, 58.463833338311794 ], [ 4.609500015591107, 58.486600004971798 ], [ 4.347583349076399, 58.776783338234658 ], [ 4.279450015782199, 58.863850004877229 ], [ 4.246466682469554, 58.887533338207966 ], [ 4.170016682515551, 58.966583338189963 ], [ 4.100083349223051, 59.056933338164832 ], [ 3.937100015974081, 59.435600004691622 ], [ 3.921200015981296, 59.492416671335171 ], [ 3.883483349335254, 59.578416671303629 ], [ 3.863250016014697, 59.599533337965404 ], [ 3.731366682769047, 59.671050004632356 ], [ 3.706333349451984, 59.691750004628787 ], [ 3.664716682805107, 59.856566671227327 ], [ 3.567425177972541, 59.921458184324976 ], [ 3.524366682896206, 60.002766671193577 ], [ 3.481700016253967, 60.125900004479199 ], [ 3.336866683016501, 60.282350004441668 ], [ 3.334316683016881, 60.32285000442311 ], [ 3.346933349672583, 60.384400004390706 ], [ 3.416833349619937, 60.498066670986205 ], [ 3.421666682949096, 60.526300004304922 ], [ 3.412816682954605, 60.554750004293915 ], [ 3.388950016304033, 60.585033337618924 ], [ 3.318183349686811, 60.605033337627113 ], [ 3.29978334969938, 60.624583337622532 ], [ 3.289983349705754, 60.650216670946364 ], [ 3.284200016374862, 60.738383337572998 ], [ 3.251950016397093, 60.772700004231716 ], [ 3.255700016394052, 60.798916670885212 ], [ 3.182366683110804, 60.976233337487194 ], [ 3.188083349773077, 61.043050004121383 ], [ 3.029050008276877, 61.351800001704184 ], [ 2.936916674977531, 61.511700001682875 ], [ 2.695283341733986, 61.786366668322643 ], [ 2.668116675077433, 61.808866668321244 ], [ 1.833783342056682, 62.269383334992717 ], [ 1.722516675432414, 62.324300001661328 ], [ 1.322350008918002, 62.473066668344849 ], [ 0.914252433228769, 62.601116667733066 ] ] ] } },
{ "type": "Feature", "properties": { "gml_id": "id5c31c179-3a5c-4393-9c1c-16f923837cd2", "lokalId": "a7920e70-7145-4c16-8c1a-be9115d3b6a6", "navnerom": "https://data.geonorge.no/sosi/kyst/sjokart_maritim_infrastruktur", "førsteDatafangstdato": null, "oppdateringsdato": "2012-01-06T00:00:00", "datauttaksdato": "2025-05-01T00:00:27", "målemetode": "ukjentMålemetode", "kabeltype": null, "sjøstatus": null }, "geometry": { "type": "MultiLineString", "coordinates": [ [ [ 1.96337042080169, 59.495989011851911 ], [ 1.972393508045194, 59.499999999271338 ] ] ] } },
{ "type": "Feature", "properties": { "gml_id": "idd6dfc908-46ac-4f03-9c14-691b08b8fbb8", "lokalId": "98731191-3b91-40fe-93c2-6a7d6094098e", "navnerom": "https://data.geonorge.no/sosi/kyst/sjokart_maritim_infrastruktur", "førsteDatafangstdato": null, "oppdateringsdato": "2012-01-06T00:00:00", "datauttaksdato": "2025-05-01T00:00:27", "målemetode": "ukjentMålemetode", "kabeltype": null, "sjøstatus": null }, "geometry": { "type": "MultiLineString", "coordinates": [ [ [ 1.972393508045194, 59.499999999271338 ], [ 2.0, 59.51227177376888 ] ] ] } },
{ "type": "Feature", "properties": { "gml_id": "id6b0f4b5e-f43a-4a89-b472-df1dcb4d9eb9", "lokalId": "12c3c546-c98c-46fe-8af9-3f9c58724f7e", "navnerom": "https://data.geonorge.no/sosi/kyst/sjokart_maritim_infrastruktur", "førsteDatafangstdato": null, "oppdateringsdato": "2012-01-06T00:00:00", "datauttaksdato": "2025-05-01T00:00:27", "målemetode": "ukjentMålemetode", "kabeltype": null, "sjøstatus": null }, "geometry": { "type": "MultiLineString", "coordinates": [ [ [ 2.324996854055483, 59.000000003009575 ], [ 2.317823129442263, 59.000333913424427 ] ] ] } },
{ "type": "Feature", "properties": { "gml_id": "idc9c5ec12-6f3a-494f-904e-60148d9e2304", "lokalId": "791fd792-7c69-4731-b122-be3f03e13f65", "navnerom": "https://data.geonorge.no/sosi/kyst/sjokart_maritim_infrastruktur", "førsteDatafangstdato": null, "oppdateringsdato": "2012-01-06T00:00:00", "datauttaksdato": "2025-05-01T00:00:27", "målemetode": "ukjentMålemetode", "kabeltype": null, "sjøstatus": "ikkeIBruk" }, "geometry": { "type": "MultiLineString", "coordinates": [ [ [ 2.453765474407886, 58.999999999232564 ], [ 2.35791881386147, 58.965526040741878 ] ] ] } },
{ "type": "Feature", "properties": { "gml_id": "idfe31080f-9817-4f9c-85a2-6475b8f21e3e", "lokalId": "e3b84c00-dae6-41c4-a59b-f458ca231524", "navnerom": "https://data.geonorge.no/sosi/kyst/sjokart_maritim_infrastruktur", "førsteDatafangstdato": null, "oppdateringsdato": "2012-01-06T00:00:00", "datauttaksdato": "2025-05-01T00:00:27", "målemetode": "ukjentMålemetode", "kabeltype": null, "sjøstatus": "ikkeIBruk" }, "geometry": { "type": "MultiLineString", "coordinates": [ [ [ 2.471793452945725, 59.00649712196433 ], [ 2.453765474407886, 58.999999999232564 ] ] ] } },
{ "type": "Feature", "properties": { "gml_id": "id79d36a83-8973-449c-af29-b05e1cabf95c", "lokalId": "f36c4f1e-9c57-4ee6-8f12-46daec62db9f", "navnerom": "https://data.geonorge.no/sosi/kyst/sjokart_maritim_infrastruktur", "førsteDatafangstdato": "2000-03-20T00:00:00", "oppdateringsdato": "2011-12-29T00:00:00", "datauttaksdato": "2025-05-01T00:00:27", "målemetode": "ukjentMålemetode", "kabeltype": null, "sjøstatus": null }, "geometry": { "type": "MultiLineString", "coordinates": [ [ [ 3.5, 59.91418656057423 ], [ 3.447748461454561, 59.999999999307192 ] ] ] } },
{ "type": "Feature", "properties": { "gml_id": "id232b6861-9846-44cc-babe-80b287708902", "lokalId": "550e6d61-d380-4eae-a63d-1b8e65584836", "navnerom": "https://data.geonorge.no/sosi/kyst/sjokart_maritim_infrastruktur", "førsteDatafangstdato": "2000-03-20T00:00:00", "oppdateringsdato": "2011-12-29T00:00:00", "datauttaksdato": "2025-05-01T00:00:27", "målemetode": "ukjentMålemetode", "kabeltype": null, "sjøstatus": null }, "geometry": { "type": "MultiLineString", "coordinates": [ [ [ 3.0, 60.997789513024166 ], [ 2.997959969055763, 60.999999999371077 ] ] ] } },
{ "type": "Feature", "properties": { "gml_id": "id008dc3a2-b447-49e9-a6b2-9d3fdc42d85c", "lokalId": "c1cf75ca-f9e3-4334-b9a3-729f7782995f", "navnerom": "https://data.geonorge.no/sosi/kyst/sjokart_maritim_infrastruktur", "førsteDatafangstdato": "2000-03-20T00:00:00", "oppdateringsdato": "2011-12-29T00:00:00", "datauttaksdato": "2025-05-01T00:00:27", "målemetode": "ukjentMålemetode", "kabeltype": null, "sjøstatus": null }, "geometry": { "type": "MultiLineString", "coordinates": [ [ [ 2.997959969055763, 60.999999999371077 ], [ 2.664365181206524, 61.499999999399385 ] ] ] } },
{ "type": "Feature", "properties": { "gml_id": "idb9deadc0-0a72-4655-a92b-a95c42a5c229", "lokalId": "5603a387-ec8f-42e5-a7db-2cd6d6dd156f", "navnerom": "https://data.geonorge.no/sosi/kyst/sjokart_maritim_infrastruktur", "førsteDatafangstdato": "2000-03-20T00:00:00", "oppdateringsdato": "2011-12-29T00:00:00", "datauttaksdato": "2025-05-01T00:00:27", "målemetode": "ukjentMålemetode", "kabeltype": null, "sjøstatus": null }, "geometry": { "type": "MultiLineString", "coordinates": [ [ [ 2.664365181206524, 61.499999999399385 ], [ 2.5, 61.647932908452965 ] ] ] } },
{ "type": "Feature", "properties": { "gml_id": "id2efee6dd-516b-4315-af31-e2a2f928e033", "lokalId": "f7917003-1c34-4ec1-8166-268d2ff5babc", "navnerom": "https://data.geonorge.no/sosi/kyst/sjokart_maritim_infrastruktur", "førsteDatafangstdato": "2000-03-20T00:00:00", "oppdateringsdato": "2011-12-29T00:00:00", "datauttaksdato": "2025-05-01T00:00:27", "målemetode": "ukjentMålemetode", "kabeltype": null, "sjøstatus": null }, "geometry": { "type": "MultiLineString", "coordinates": [ [ [ 2.5, 61.647932908452965 ], [ 2.011423265620583, 61.999999999425512 ] ] ] } },
{ "type": "Feature", "properties": { "gml_id": "id728b7471-8040-4e9d-a366-56fe61fb6548", "lokalId": "702a511c-85b7-47f9-b8a1-89fbd07082d5", "navnerom": "https://data.geonorge.no/sosi/kyst/sjokart_maritim_infrastruktur", "førsteDatafangstdato": "2000-03-20T00:00:00", "oppdateringsdato": "2011-12-29T00:00:00", "datauttaksdato": "2025-05-01T00:00:27", "målemetode": "ukjentMålemetode", "kabeltype": null, "sjøstatus": null }, "geometry": { "type": "MultiLineString", "coordinates": [ [ [ 2.011423265620583, 61.999999999425512 ], [ 1.664846675451382, 62.249518057239229 ], [ 1.004024007123164, 62.49731086449269 ] ] ] } },
{ "type": "Feature", "properties": { "gml_id": "ida9a9bedd-ac22-49a5-aa41-a01ee4f0c486", "lokalId": "a79ebd67-a9ba-4ea3-a3bb-3d60395bc613", "navnerom": "https://data.geonorge.no/sosi/kyst/sjokart_maritim_infrastruktur", "førsteDatafangstdato": null, "oppdateringsdato": "2015-01-12T00:00:00", "datauttaksdato": "2025-05-01T00:00:28", "målemetode": "ukjentMålemetode", "kabeltype": "kraftledning", "sjøstatus": null }, "geometry": { "type": "MultiLineString", "coordinates": [ [ [ 2.799009353981512, 60.485605609902613 ], [ 2.693401814530779, 60.45641562263836 ] ] ] } },
{ "type": "Feature", "properties": { "gml_id": "ida917504c-924c-4e2c-8bfe-26372c2f05bc", "lokalId": "132d6308-f652-4965-bb4d-cf7a08376e16", "navnerom": "https://data.geonorge.no/sosi/kyst/sjokart_maritim_infrastruktur", "førsteDatafangstdato": null, "oppdateringsdato": "2015-04-24T00:00:00", "datauttaksdato": "2025-05-01T00:00:27", "målemetode": "ukjentMålemetode", "kabeltype": "kraftledning", "sjøstatus": null }, "geometry": { "type": "MultiLineString", "coordinates": [ [ [ 6.792433734650275, 65.11251948003553 ], [ 6.819530260014516, 65.134747682081155 ], [ 6.795321397367952, 65.162046567057004 ], [ 6.799021088305975, 65.173130195991249 ] ] ] } },
{ "type": "Feature", "properties": { "gml_id": "id191cded1-3c91-49e3-bd9a-93e43519198c", "lokalId": "53d03d89-c457-4792-b54e-6a2fce558f3b", "navnerom": "https://data.geonorge.no/sosi/kyst/sjokart_maritim_infrastruktur", "førsteDatafangstdato": null, "oppdateringsdato": "2015-04-24T00:00:00", "datauttaksdato": "2025-05-01T00:00:27", "målemetode": "ukjentMålemetode", "kabeltype": "kraftledning", "sjøstatus": null }, "geometry": { "type": "MultiLineString", "coordinates": [ [ [ 6.799071592440665, 65.173177886999028 ], [ 6.849543684082879, 65.173611873213872 ] ] ] } },
{ "type": "Feature", "properties": { "gml_id": "id31198626-db86-4191-9ded-d0bb2ef0235e", "lokalId": "b7985fd6-54dc-411a-91ba-e74fd2108f1b", "navnerom": "https://data.geonorge.no/sosi/kyst/sjokart_maritim_infrastruktur", "førsteDatafangstdato": null, "oppdateringsdato": "2015-04-24T00:00:00", "datauttaksdato": "2025-05-01T00:00:27", "målemetode": "ukjentMålemetode", "kabeltype": "kraftledning", "sjøstatus": null }, "geometry": { "type": "MultiLineString", "coordinates": [ [ [ 6.43667664172418, 64.960038651795259 ], [ 6.433017976540922, 64.977092961600448 ] ] ] } },
{ "type": "Feature", "properties": { "gml_id": "id704bef37-2fd7-41fe-852c-c153579d3f61", "lokalId": "ab2daf9e-aa96-46a1-afb1-0533ce1d75fe", "navnerom": "https://data.geonorge.no/sosi/kyst/sjokart_maritim_infrastruktur", "førsteDatafangstdato": null, "oppdateringsdato": "2015-04-24T00:00:00", "datauttaksdato": "2025-05-01T00:00:27", "målemetode": "ukjentMålemetode", "kabeltype": "kraftledning", "sjøstatus": null }, "geometry": { "type": "MultiLineString", "coordinates": [ [ [ 6.477684808645706, 65.027712745689939 ], [ 6.436411110911335, 65.014382951329424 ] ] ] } },
{ "type": "Feature", "properties": { "gml_id": "id68840c97-5f40-412a-884b-f8c5bdd8d145", "lokalId": "5eb83dec-a725-4461-96c5-53d4f83f71fe", "navnerom": "https://data.geonorge.no/sosi/kyst/sjokart_maritim_infrastruktur", "førsteDatafangstdato": null, "oppdateringsdato": "2015-04-24T00:00:00", "datauttaksdato": "2025-05-01T00:00:27", "målemetode": "ukjentMålemetode", "kabeltype": "kraftledning", "sjøstatus": null }, "geometry": { "type": "MultiLineString", "coordinates": [ [ [ 6.720227517889594, 65.063213817052443 ], [ 6.59948631763003, 65.029280232292024 ] ] ] } },
{ "type": "Feature", "properties": { "gml_id": "idd7efd452-9f26-4e59-a0f4-b6d9ccdf87e0", "lokalId": "2e5cfb32-335a-4a7d-aed3-383303212a8b", "navnerom": "https://data.geonorge.no/sosi/kyst/sjokart_maritim_infrastruktur", "førsteDatafangstdato": null, "oppdateringsdato": "2015-01-21T00:00:00", "datauttaksdato": "2025-05-01T00:00:28", "målemetode": "ukjentMålemetode", "kabeltype": "telefonledning", "sjøstatus": null }, "geometry": { "type": "MultiLineString", "coordinates": [ [ [ 5.47712151429175, 59.110965244832265 ], [ 5.473401067470028, 59.083337554865082 ], [ 5.461209170866106, 59.074448015343002 ] ] ] } },
{ "type": "Feature", "properties": { "gml_id": "idbe156112-b6fd-4bcf-91f2-729d96b0079a", "lokalId": "33c82ef8-fa43-4ec0-9497-0bffa1efc30a", "navnerom": "https://data.geonorge.no/sosi/kyst/sjokart_maritim_infrastruktur", "førsteDatafangstdato": null, "oppdateringsdato": "2015-01-21T00:00:00", "datauttaksdato": "2025-05-01T00:00:28", "målemetode": "ukjentMålemetode", "kabeltype": "telefonledning", "sjøstatus": null }, "geometry": { "type": "MultiLineString", "coordinates": [ [ [ 5.461209170865937, 59.074448015343016 ], [ 5.463236980598667, 59.061160851246207 ] ] ] } },
{ "type": "Feature", "properties": { "gml_id": "idaf86b53b-b615-46eb-8bda-79f6cb461068", "lokalId": "245c61cb-dc2e-4063-a031-8aef15c32291", "navnerom": "https://data.geonorge.no/sosi/kyst/sjokart_maritim_infrastruktur", "førsteDatafangstdato": null, "oppdateringsdato": "2015-04-24T00:00:00", "datauttaksdato": "2025-05-01T00:00:28", "målemetode": "ukjentMålemetode", "kabeltype": "kraftledning", "sjøstatus": null }, "geometry": { "type": "MultiLineString", "coordinates": [ [ [ 6.679838229522964, 65.0850611829337 ], [ 6.627659686988781, 65.087806857065573 ], [ 6.609558290385595, 65.068038125045248 ] ] ] } },
{ "type": "Feature", "properties": { "gml_id": "idddfd5c91-8b8e-44a5-ba98-605e3b623f80", "lokalId": "b2645389-b84b-4778-b8af-626081b5cc7c", "navnerom": "https://data.geonorge.no/sosi/kyst/sjokart_maritim_infrastruktur", "førsteDatafangstdato": null, "oppdateringsdato": "2015-04-24T00:00:00", "datauttaksdato": "2025-05-01T00:00:28", "målemetode": "ukjentMålemetode", "kabeltype": "kraftledning", "sjøstatus": null }, "geometry": { "type": "MultiLineString", "coordinates": [ [ [ 6.783946290381275, 65.138809581926054 ], [ 6.710730362508975, 65.134893710829658 ], [ 6.672447948207248, 65.118213641076167 ] ] ] } },
{ "type": "Feature", "properties": { "gml_id": "id19e853d5-ac66-426c-98cb-28cf1bb356e8", "lokalId": "5b1e2b99-f63b-4dee-a412-762cec709e2f", "navnerom": "https://data.geonorge.no/sosi/kyst/sjokart_maritim_infrastruktur", "førsteDatafangstdato": null, "oppdateringsdato": "2015-04-24T00:00:00", "datauttaksdato": "2025-05-01T00:00:28", "målemetode": "ukjentMålemetode", "kabeltype": "kraftledning", "sjøstatus": null }, "geometry": { "type": "MultiLineString", "coordinates": [ [ [ 6.72291116067565, 65.067258861159701 ], [ 6.716297417130987, 65.076580174058464 ], [ 6.679948104299508, 65.085089819012239 ] ] ] } },
{ "type": "Feature", "properties": { "gml_id": "ida2f642e2-48cd-4b8e-9415-ce1f9faf4c78", "lokalId": "ad45eafb-1cc8-422c-86de-1db522283a57", "navnerom": "https://data.geonorge.no/sosi/kyst/sjokart_maritim_infrastruktur", "førsteDatafangstdato": null, "oppdateringsdato": "2015-04-24T00:00:00", "datauttaksdato": "2025-05-01T00:00:28", "målemetode": "ukjentMålemetode", "kabeltype": "kraftledning", "sjøstatus": null }, "geometry": { "type": "MultiLineString", "coordinates": [ [ [ 6.705206087205617, 65.133555033356359 ], [ 6.780909752955253, 65.137987794535363 ] ] ] } },
{ "type": "Feature", "properties": { "gml_id": "idfb59569c-0574-4cea-b473-9bb38fe33c61", "lokalId": "17edf804-954f-4f5c-8cb5-b096e557a861", "navnerom": "https://data.geonorge.no/sosi/kyst/sjokart_maritim_infrastruktur", "førsteDatafangstdato": null, "oppdateringsdato": "2015-04-24T00:00:00", "datauttaksdato": "2025-05-01T00:00:28", "målemetode": "ukjentMålemetode", "kabeltype": "kraftledning", "sjøstatus": null }, "geometry": { "type": "MultiLineString", "coordinates": [ [ [ 6.723221467707114, 65.067425960614955 ], [ 6.720406757022624, 65.077318785475967 ], [ 6.728148869367911, 65.087261173013061 ], [ 6.765760669077263, 65.130944798134479 ], [ 6.780824005986161, 65.13794450843443 ] ] ] } },
{ "type": "Feature", "properties": { "gml_id": "idcf65a1e9-fdb3-4bad-8be9-a79c8fea28bf", "lokalId": "aae581ec-5853-4104-a044-976ad974200c", "navnerom": "https://data.geonorge.no/sosi/kyst/sjokart_maritim_infrastruktur", "førsteDatafangstdato": null, "oppdateringsdato": "2014-07-09T00:00:00", "datauttaksdato": "2025-05-01T00:00:28", "målemetode": "ukjentMålemetode", "kabeltype": "kraftledning", "sjøstatus": null }, "geometry": { "type": "MultiLineString", "coordinates": [ [ [ 2.498325007040954, 61.080024812354957 ], [ 2.46069138763336, 61.079728591223038 ], [ 2.33860566072511, 61.040483520210486 ] ] ] } },
{ "type": "Feature", "properties": { "gml_id": "id105e41d7-41fe-4ca5-bea9-ae534fa1eab8", "lokalId": "05c25bbd-4e35-4ffb-995a-19cd53d79ab5", "navnerom": "https://data.geonorge.no/sosi/kyst/sjokart_maritim_infrastruktur", "førsteDatafangstdato": null, "oppdateringsdato": "2015-04-24T00:00:00", "datauttaksdato": "2025-05-01T00:00:28", "målemetode": "ukjentMålemetode", "kabeltype": "kraftledning", "sjøstatus": null }, "geometry": { "type": "MultiLineString", "coordinates": [ [ [ 6.90006869007314, 65.033103620404461 ], [ 6.877614947974333, 65.022718417762079 ] ] ] } },
{ "type": "Feature", "properties": { "gml_id": "idf0279870-d629-495c-be6c-f7da4d4fb0b8", "lokalId": "747b78e9-83a4-404f-9fb6-c830bb9ecd98", "navnerom": "https://data.geonorge.no/sosi/kyst/sjokart_maritim_infrastruktur", "førsteDatafangstdato": null, "oppdateringsdato": "2015-04-24T00:00:00", "datauttaksdato": "2025-05-01T00:00:28", "målemetode": "ukjentMålemetode", "kabeltype": "kraftledning", "sjøstatus": null }, "geometry": { "type": "MultiLineString", "coordinates": [ [ [ 6.733216226181741, 65.06493599070555 ], [ 6.758687830107559, 65.066166573977938 ], [ 6.900142706735131, 65.033145472057939 ] ] ] } },
{ "type": "Feature", "properties": { "gml_id": "id3fc159bd-0a82-4204-9d8e-eaf451c5a26d", "lokalId": "110f7b0e-9c71-44bb-b89d-54d49bb3690a", "navnerom": "https://data.geonorge.no/sosi/kyst/sjokart_maritim_infrastruktur", "førsteDatafangstdato": null, "oppdateringsdato": "2015-04-24T00:00:00", "datauttaksdato": "2025-05-01T00:00:28", "målemetode": "ukjentMålemetode", "kabeltype": "kraftledning", "sjøstatus": null }, "geometry": { "type": "MultiLineString", "coordinates": [ [ [ 8.082503346723556, 66.028291739446431 ], [ 8.046195114302455, 66.03811690766166 ], [ 7.982006476150028, 66.032947378474233 ], [ 7.808275883389171, 65.968222611002844 ] ] ] } },
{ "type": "Feature", "properties": { "gml_id": "idfc636385-0a74-47ec-bff9-e3d9030d9851", "lokalId": "6e7b329e-5a8d-4905-9412-1208ae3e7945", "navnerom": "https://data.geonorge.no/sosi/kyst/sjokart_maritim_infrastruktur", "førsteDatafangstdato": null, "oppdateringsdato": "2013-11-08T00:00:00", "datauttaksdato": "2025-05-01T00:00:28", "målemetode": "ukjentMålemetode", "kabeltype": "kraftledning", "sjøstatus": null }, "geometry": { "type": "MultiLineString", "coordinates": [ [ [ 3.515367493621119, 61.085029862010984 ], [ 3.544390789835786, 61.12765358737466 ] ] ] } },
{ "type": "Feature", "properties": { "gml_id": "idb820288a-7669-44b5-b72c-8fa4d0c5dbff", "lokalId": "4bbd9083-855a-4482-aeba-023a91ff9ce2", "navnerom": "https://data.geonorge.no/sosi/kyst/sjokart_maritim_infrastruktur", "førsteDatafangstdato": null, "oppdateringsdato": "2014-07-21T00:00:00", "datauttaksdato": "2025-05-01T00:00:28", "målemetode": "ukjentMålemetode", "kabeltype": "kraftledning", "sjøstatus": null }, "geometry": { "type": "MultiLineString", "coordinates": [ [ [ 2.2751482439056, 61.096607185428091 ], [ 2.249260086364049, 61.078546139548763 ] ] ] } },
{ "type": "Feature", "properties": { "gml_id": "idbd384b15-3a8b-494a-9ae7-0afee943fdca", "lokalId": "fe84aff7-4087-432e-94dd-519a390facf5", "navnerom": "https://data.geonorge.no/sosi/kyst/sjokart_maritim_infrastruktur", "førsteDatafangstdato": null, "oppdateringsdato": "2015-04-24T00:00:00", "datauttaksdato": "2025-05-01T00:00:28", "målemetode": "ukjentMålemetode", "kabeltype": "telefonledning", "sjøstatus": null }, "geometry": { "type": "MultiLineString", "coordinates": [ [ [ 8.107232234660444, 65.99727240673964 ], [ 8.109647179501374, 66.002097415259328 ] ] ] } },
{ "type": "Feature", "properties": { "gml_id": "id416be389-6f41-4433-931d-84ff067f53d5", "lokalId": "2d0c4deb-9f51-40f4-a1a8-0a147dd6d2eb", "navnerom": "https://data.geonorge.no/sosi/kyst/sjokart_maritim_infrastruktur", "førsteDatafangstdato": null, "oppdateringsdato": "2015-04-24T00:00:00", "datauttaksdato": "2025-05-01T00:00:28", "målemetode": "ukjentMålemetode", "kabeltype": "telefonledning", "sjøstatus": null }, "geometry": { "type": "MultiLineString", "coordinates": [ [ [ 8.497028597572164, 66.020753001523317 ], [ 8.502761849009513, 66.027436388083558 ] ] ] } },
{ "type": "Feature", "properties": { "gml_id": "id68ab22c9-b473-4ec4-a48a-e61f68dbd01c", "lokalId": "741280ac-ba3b-4307-b757-9d140b6bfa60", "navnerom": "https://data.geonorge.no/sosi/kyst/sjokart_maritim_infrastruktur", "førsteDatafangstdato": null, "oppdateringsdato": "2015-04-24T00:00:00", "datauttaksdato": "2025-05-01T00:00:28", "målemetode": "ukjentMålemetode", "kabeltype": "kraftledning", "sjøstatus": null }, "geometry": { "type": "MultiLineString", "coordinates": [ [ [ 8.169529702434309, 66.048923739495009 ], [ 8.246934157117225, 66.078080424938946 ] ] ] } },
{ "type": "Feature", "properties": { "gml_id": "id76d23aaa-30a4-4c0a-b137-7b963cff13e5", "lokalId": "1f62a06f-bc13-4274-9e92-c16fb612a23d", "navnerom": "https://data.geonorge.no/sosi/kyst/sjokart_maritim_infrastruktur", "førsteDatafangstdato": null, "oppdateringsdato": "2015-03-25T00:00:00", "datauttaksdato": "2025-05-01T00:00:28", "målemetode": "ukjentMålemetode", "kabeltype": "kraftledning", "sjøstatus": null }, "geometry": { "type": "MultiLineString", "coordinates": [ [ [ 6.73457648036083, 65.06494339376691 ], [ 6.755549487253036, 65.067316142151952 ], [ 6.86320753017445, 65.044694238928116 ], [ 6.873825239948887, 65.031343559162366 ] ] ] } },
{ "type": "Feature", "properties": { "gml_id": "id910221c7-4379-4ca2-b965-9610c38a5d1a", "lokalId": "2e64cc30-6fbc-49c9-8d5c-088b30fb57a8", "navnerom": "https://data.geonorge.no/sosi/kyst/sjokart_maritim_infrastruktur", "førsteDatafangstdato": null, "oppdateringsdato": "2015-03-25T00:00:00", "datauttaksdato": "2025-05-01T00:00:28", "målemetode": "ukjentMålemetode", "kabeltype": "kraftledning", "sjøstatus": null }, "geometry": { "type": "MultiLineString", "coordinates": [ [ [ 6.900078715146268, 65.033315297188651 ], [ 6.87442237974363, 65.031668031456618 ] ] ] } },
{ "type": "Feature", "properties": { "gml_id": "idb850f157-5cdf-49d8-88e5-049e790e0bd5", "lokalId": "5ea61a48-012f-4314-b811-7df1edb03f32", "navnerom": "https://data.geonorge.no/sosi/kyst/sjokart_maritim_infrastruktur", "førsteDatafangstdato": null, "oppdateringsdato": "2015-04-24T00:00:00", "datauttaksdato": "2025-05-01T00:00:28", "målemetode": "ukjentMålemetode", "kabeltype": "kraftledning", "sjøstatus": null }, "geometry": { "type": "MultiLineString", "coordinates": [ [ [ 7.555202418991574, 65.004914433133038 ], [ 7.611755067177569, 64.998869147853739 ], [ 7.621102187668685, 64.990408751971771 ], [ 7.620400066281578, 64.970525849906906 ] ] ] } },
{ "type": "Feature", "properties": { "gml_id": "idd00c4f05-2974-4844-8af4-f3b36fd16d84", "lokalId": "5cbed696-0ccc-4a1b-9104-0c11859ee3f3", "navnerom": "https://data.geonorge.no/sosi/kyst/sjokart_maritim_infrastruktur", "førsteDatafangstdato": null, "oppdateringsdato": "2015-04-24T00:00:00", "datauttaksdato": "2025-05-01T00:00:28", "målemetode": "ukjentMålemetode", "kabeltype": "kraftledning", "sjøstatus": null }, "geometry": { "type": "MultiLineString", "coordinates": [ [ [ 7.491107640855458, 65.066869351160832 ], [ 7.552124542613059, 65.02517958098683 ], [ 7.55514674005762, 65.004898911302348 ] ] ] } },
{ "type": "Feature", "properties": { "gml_id": "idae47bd23-fbdc-4b6e-8a9a-67c9244f43d3", "lokalId": "07169da4-b968-4644-8f76-bbb023b08383", "navnerom": "https://data.geonorge.no/sosi/kyst/sjokart_maritim_infrastruktur", "førsteDatafangstdato": null, "oppdateringsdato": "2015-04-24T00:00:00", "datauttaksdato": "2025-05-01T00:00:28", "målemetode": "ukjentMålemetode", "kabeltype": "kraftledning", "sjøstatus": null }, "geometry": { "type": "MultiLineString", "coordinates": [ [ [ 7.507087935262759, 65.111183837508349 ], [ 7.48947404066215, 65.10000552973996 ], [ 7.490724396749471, 65.06686175223065 ] ] ] } },
{ "type": "Feature", "properties": { "gml_id": "id07ebf579-adf6-4f5a-a840-9efd0f15ad6a", "lokalId": "7e8c9952-f460-4974-bfe4-f7f642f3edab", "navnerom": "https://data.geonorge.no/sosi/kyst/sjokart_maritim_infrastruktur", "førsteDatafangstdato": null, "oppdateringsdato": "2015-04-24T00:00:00", "datauttaksdato": "2025-05-01T00:00:28", "målemetode": "ukjentMålemetode", "kabeltype": "kraftledning", "sjøstatus": null }, "geometry": { "type": "MultiLineString", "coordinates": [ [ [ 6.787211921563685, 65.107768767085915 ], [ 6.779045051017454, 65.095669088797649 ], [ 6.801034876513195, 65.082777180325039 ], [ 7.002983355443829, 65.028978106988049 ], [ 7.098925506033841, 64.975971146799907 ], [ 7.410081708311894, 64.839674826734679 ], [ 7.45258752314412, 64.811483672805906 ], [ 7.491104251619499, 64.801142603664118 ], [ 7.570429719356097, 64.760173232080504 ], [ 7.670836849623367, 64.735646741262428 ], [ 7.682431331551066, 64.723312798560954 ], [ 7.678928804133073, 64.712384028129406 ] ] ] } },
{ "type": "Feature", "properties": { "gml_id": "idd8ac8d9d-d3e0-49d8-bada-431367030ff7", "lokalId": "8f77bb02-0619-4234-b69c-391c5e06037a", "navnerom": "https://data.geonorge.no/sosi/kyst/sjokart_maritim_infrastruktur", "førsteDatafangstdato": null, "oppdateringsdato": "2015-04-24T00:00:00", "datauttaksdato": "2025-05-01T00:00:28", "målemetode": "ukjentMålemetode", "kabeltype": "kraftledning", "sjøstatus": null }, "geometry": { "type": "MultiLineString", "coordinates": [ [ [ 7.023065139287588, 64.839299445962041 ], [ 7.013784129599004, 64.834615891348633 ] ] ] } },
{ "type": "Feature", "properties": { "gml_id": "id8957400f-2f94-4602-8e9d-e0cb7816ab52", "lokalId": "b84947c4-5671-4827-a190-3cdeeb8f0c6e", "navnerom": "https://data.geonorge.no/sosi/kyst/sjokart_maritim_infrastruktur", "førsteDatafangstdato": null, "oppdateringsdato": "2015-04-24T00:00:00", "datauttaksdato": "2025-05-01T00:00:28", "målemetode": "ukjentMålemetode", "kabeltype": "kraftledning", "sjøstatus": null }, "geometry": { "type": "MultiLineString", "coordinates": [ [ [ 7.678824519653773, 64.712250790926419 ], [ 7.667721035776834, 64.6981196558053 ], [ 7.661356205246554, 64.669715223721383 ], [ 7.673041836131164, 64.66476586263019 ], [ 7.661895211999017, 64.646840653652831 ] ] ] } },
{ "type": "Feature", "properties": { "gml_id": "iddfb06c08-1e0d-4377-96fd-3e61c3310a68", "lokalId": "e35a2e1e-0ed1-46b7-8dc1-e6cc63238929", "navnerom": "https://data.geonorge.no/sosi/kyst/sjokart_maritim_infrastruktur", "førsteDatafangstdato": null, "oppdateringsdato": "2015-04-24T00:00:00", "datauttaksdato": "2025-05-01T00:00:28", "målemetode": "ukjentMålemetode", "kabeltype": "kraftledning", "sjøstatus": null }, "geometry": { "type": "MultiLineString", "coordinates": [ [ [ 7.355245768420987, 65.369144021086214 ], [ 7.367649454422009, 65.383011217485304 ] ] ] } },
{ "type": "Feature", "properties": { "gml_id": "id6212bb16-e959-44e7-8a76-a85ac9526786", "lokalId": "5086d959-7398-4e7a-bdc2-26d7f43a2fd6", "navnerom": "https://data.geonorge.no/sosi/kyst/sjokart_maritim_infrastruktur", "førsteDatafangstdato": null, "oppdateringsdato": "2015-04-24T00:00:00", "datauttaksdato": "2025-05-01T00:00:28", "målemetode": "ukjentMålemetode", "kabeltype": "telefonledning", "sjøstatus": null }, "geometry": { "type": "MultiLineString", "coordinates": [ [ [ 7.780192053533645, 65.724714017446971 ], [ 7.785375691901006, 65.71746851983751 ] ] ] } },
{ "type": "Feature", "properties": { "gml_id": "idfda253ab-4210-497c-a63d-bf180055131f", "lokalId": "a68a154e-ed16-4636-b49f-808ecae6e013", "navnerom": "https://data.geonorge.no/sosi/kyst/sjokart_maritim_infrastruktur", "førsteDatafangstdato": null, "oppdateringsdato": "2015-04-24T00:00:00", "datauttaksdato": "2025-05-01T00:00:28", "målemetode": "ukjentMålemetode", "kabeltype": "kraftledning", "sjøstatus": null }, "geometry": { "type": "MultiLineString", "coordinates": [ [ [ 6.795573825456554, 65.112197109313641 ], [ 6.83310551777495, 65.116812936353568 ], [ 7.46499540774613, 65.091852852052241 ], [ 7.488478231753801, 65.084056298276948 ], [ 7.491108100157205, 65.06689450259303 ] ] ] } },
{ "type": "Feature", "properties": { "gml_id": "iddcd2cd88-3d31-439b-8b9e-fdf47ca9bd9c", "lokalId": "8c6a52d8-6559-41c2-9894-9de671f28758", "navnerom": "https://data.geonorge.no/sosi/kyst/sjokart_maritim_infrastruktur", "førsteDatafangstdato": null, "oppdateringsdato": "2014-09-05T00:00:00", "datauttaksdato": "2025-05-01T00:00:28", "målemetode": "ukjentMålemetode", "kabeltype": "kraftledning", "sjøstatus": null }, "geometry": { "type": "MultiLineString", "coordinates": [ [ [ 22.311123061000188, 71.304607484686429 ], [ 22.28837855300009, 71.286543222686078 ] ] ] } },
{ "type": "Feature", "properties": { "gml_id": "idab4e24b5-3bae-42c4-879a-e9302c49fdda", "lokalId": "1be56397-3a90-4790-bf56-57a57295d2d9", "navnerom": "https://data.geonorge.no/sosi/kyst/sjokart_maritim_infrastruktur", "førsteDatafangstdato": null, "oppdateringsdato": "2014-09-05T00:00:00", "datauttaksdato": "2025-05-01T00:00:28", "målemetode": "ukjentMålemetode", "kabeltype": "kraftledning", "sjøstatus": null }, "geometry": { "type": "MultiLineString", "coordinates": [ [ [ 22.284680397, 71.286329988686091 ], [ 22.279250091000204, 71.277618161685893 ] ] ] } },
{ "type": "Feature", "properties": { "gml_id": "id761f2c0b-9df8-46ec-8d27-2288d2ae6017", "lokalId": "97978744-058c-4121-a37a-189a7f054637", "navnerom": "https://data.geonorge.no/sosi/kyst/sjokart_maritim_infrastruktur", "førsteDatafangstdato": null, "oppdateringsdato": "2014-09-05T00:00:00", "datauttaksdato": "2025-05-01T00:00:28", "målemetode": "ukjentMålemetode", "kabeltype": "kraftledning", "sjøstatus": null }, "geometry": { "type": "MultiLineString", "coordinates": [ [ [ 22.27844999900023, 71.277463774685884 ], [ 22.251431312999983, 71.24248151768515 ] ] ] } },
{ "type": "Feature", "properties": { "gml_id": "id85bae315-78d3-46a6-9b43-e49f57fb93e7", "lokalId": "7c30721f-86bd-4add-a498-56040695fdc5", "navnerom": "https://data.geonorge.no/sosi/kyst/sjokart_maritim_infrastruktur", "førsteDatafangstdato": null, "oppdateringsdato": "2014-09-05T00:00:00", "datauttaksdato": "2025-05-01T00:00:28", "målemetode": "ukjentMålemetode", "kabeltype": "kraftledning", "sjøstatus": null }, "geometry": { "type": "MultiLineString", "coordinates": [ [ [ 22.250929638000173, 71.242402383685118 ], [ 22.249934008, 71.243295469685222 ] ] ] } },
{ "type": "Feature", "properties": { "gml_id": "id80952e1a-36db-46d5-b937-874f5ed52db3", "lokalId": "95b5db97-df6e-4848-b7fa-98ba4eaef18d", "navnerom": "https://data.geonorge.no/sosi/kyst/sjokart_maritim_infrastruktur", "førsteDatafangstdato": null, "oppdateringsdato": "2014-09-05T00:00:00", "datauttaksdato": "2025-05-01T00:00:28", "målemetode": "ukjentMålemetode", "kabeltype": "kraftledning", "sjøstatus": null }, "geometry": { "type": "MultiLineString", "coordinates": [ [ [ 22.250416383000108, 71.243385767685169 ], [ 22.261596627000195, 71.259865442685552 ] ] ] } },
{ "type": "Feature", "properties": { "gml_id": "ida4990ee1-1158-4be3-84d6-7f5d7042f2ee", "lokalId": "4ba03a4a-08cb-4dcb-9f60-48cf35c503d1", "navnerom": "https://data.geonorge.no/sosi/kyst/sjokart_maritim_infrastruktur", "førsteDatafangstdato": null, "oppdateringsdato": "2014-09-05T00:00:00", "datauttaksdato": "2025-05-01T00:00:28", "målemetode": "ukjentMålemetode", "kabeltype": "kraftledning", "sjøstatus": null }, "geometry": { "type": "MultiLineString", "coordinates": [ [ [ 22.262268652604391, 71.259968110799761 ], [ 22.260180767000112, 71.259440993685473 ] ] ] } },
{ "type": "Feature", "properties": { "gml_id": "id1d880528-65ea-4a35-ad88-a420d194de86", "lokalId": "44d5e20a-69d9-492c-97b7-85831e2d5a42", "navnerom": "https://data.geonorge.no/sosi/kyst/sjokart_maritim_infrastruktur", "førsteDatafangstdato": null, "oppdateringsdato": "2014-09-05T00:00:00", "datauttaksdato": "2025-05-01T00:00:28", "målemetode": "ukjentMålemetode", "kabeltype": "kraftledning", "sjøstatus": null }, "geometry": { "type": "MultiLineString", "coordinates": [ [ [ 22.259669057, 71.259352768685559 ], [ 22.219635462000078, 71.269862736685752 ], [ 22.231083781000102, 71.291634749686224 ], [ 22.251959408000097, 71.308029657686333 ] ] ] } },
{ "type": "Feature", "properties": { "gml_id": "idb3df0e16-dea7-4185-8ebc-08a698d45f2d", "lokalId": "2124d064-a691-44ea-b3ca-726033b1655d", "navnerom": "https://data.geonorge.no/sosi/kyst/sjokart_maritim_infrastruktur", "førsteDatafangstdato": null, "oppdateringsdato": "2015-04-24T00:00:00", "datauttaksdato": "2025-05-01T00:00:28", "målemetode": "ukjentMålemetode", "kabeltype": "telefonledning", "sjøstatus": null }, "geometry": { "type": "MultiLineString", "coordinates": [ [ [ 6.79561582856073, 65.11221252852755 ], [ 6.834475415514408, 65.117577228777776 ], [ 7.424198602733678, 65.094518815609263 ], [ 7.420878115710813, 65.112483194792318 ], [ 7.426137298361756, 65.106494760465893 ] ] ] } },
{ "type": "Feature", "properties": { "gml_id": "id27ee2cac-70fe-4491-8a29-234b80a27baa", "lokalId": "d482c302-21fd-4bd7-bc55-959dcd63a250", "navnerom": "https://data.geonorge.no/sosi/kyst/sjokart_maritim_infrastruktur", "førsteDatafangstdato": null, "oppdateringsdato": "2015-04-24T00:00:00", "datauttaksdato": "2025-05-01T00:00:28", "målemetode": "ukjentMålemetode", "kabeltype": "kraftledning", "sjøstatus": null }, "geometry": { "type": "MultiLineString", "coordinates": [ [ [ 6.900180358162017, 65.033126007060687 ], [ 6.944105060011393, 65.015830307700739 ] ] ] } },
{ "type": "Feature", "properties": { "gml_id": "id7288bac6-2d64-4159-9b3f-43b68e97fda3", "lokalId": "00392015-7bf4-43c3-bded-8ddf3f133edf", "navnerom": "https://data.geonorge.no/sosi/kyst/sjokart_maritim_infrastruktur", "førsteDatafangstdato": null, "oppdateringsdato": "2014-12-09T00:00:00", "datauttaksdato": "2025-05-01T00:00:28", "målemetode": "ukjentMålemetode", "kabeltype": "telefonledning", "sjøstatus": null }, "geometry": { "type": "MultiLineString", "coordinates": [ [ [ 2.38643587392422, 58.999999999232564 ], [ 2.428974449547927, 59.106063207135776 ] ] ] } },
{ "type": "Feature", "properties": { "gml_id": "id4dfdaf88-d2be-4937-990f-696f8f0bbb8b", "lokalId": "603de05a-b9bb-435b-9936-49f448917e63", "navnerom": "https://data.geonorge.no/sosi/kyst/sjokart_maritim_infrastruktur", "førsteDatafangstdato": null, "oppdateringsdato": "2014-12-09T00:00:00", "datauttaksdato": "2025-05-01T00:00:28", "målemetode": "ukjentMålemetode", "kabeltype": null, "sjøstatus": null }, "geometry": { "type": "MultiLineString", "coordinates": [ [ [ 2.442734554701823, 59.15759602230699 ], [ 2.420446651286697, 59.15470802242838 ], [ 2.406827037398081, 59.142704665116348 ] ] ] } },
{ "type": "Feature", "properties": { "gml_id": "idf755dfe2-7b77-4938-9c89-d6366ad228e4", "lokalId": "be5cdc48-c195-4c83-9d2c-d8206cdde58d", "navnerom": "https://data.geonorge.no/sosi/kyst/sjokart_maritim_infrastruktur", "førsteDatafangstdato": null, "oppdateringsdato": "2015-01-23T00:00:00", "datauttaksdato": "2025-05-01T00:00:28", "målemetode": "ukjentMålemetode", "kabeltype": "kraftledning", "sjøstatus": null }, "geometry": { "type": "MultiLineString", "coordinates": [ [ [ 23.80415408371168, 70.709317906213172 ], [ 23.849636518097483, 70.715483766065674 ], [ 23.876764246383914, 70.729162935799934 ], [ 23.814996989637581, 70.756374564570251 ], [ 23.628356236022679, 70.790331519270808 ], [ 23.4546440459855, 70.864936046185036 ], [ 23.322221214886991, 70.885055484810152 ], [ 23.288488228753405, 70.909155476482283 ], [ 23.291741876700588, 70.922350031610947 ], [ 23.276824833843889, 70.933213707482338 ], [ 23.154581870082087, 70.969470950110249 ], [ 23.129272839432083, 70.990168226351841 ], [ 23.133415120814405, 71.023460830955273 ], [ 23.122531317078199, 71.039762436799791 ], [ 22.990120189940988, 71.13441475661827 ], [ 22.939980496172588, 71.160019175332692 ], [ 22.662174936515697, 71.240542113382617 ], [ 22.379708425910685, 71.34506054184321 ], [ 22.227184674803581, 71.32411123207946 ], [ 22.218293255864406, 71.315763399852372 ], [ 22.246103644964208, 71.314821094775752 ] ] ] } },
{ "type": "Feature", "properties": { "gml_id": "idda9630ef-16ff-48b9-9396-d8bd49806326", "lokalId": "e73e48da-f23b-45b4-b15b-60e3e1a77fad", "navnerom": "https://data.geonorge.no/sosi/kyst/sjokart_maritim_infrastruktur", "førsteDatafangstdato": null, "oppdateringsdato": "2013-06-17T00:00:00", "datauttaksdato": "2025-05-01T00:00:28", "målemetode": "ukjentMålemetode", "kabeltype": "kraftledning", "sjøstatus": null }, "geometry": { "type": "MultiLineString", "coordinates": [ [ [ 8.180677773364986, 58.087898789530939 ], [ 8.175580969359585, 58.064891688257674 ], [ 8.25, 58.039061474637883 ] ] ] } },
{ "type": "Feature", "properties": { "gml_id": "idae515462-ab06-4996-b611-c2ab9a111968", "lokalId": "b1a8bf09-9c18-4db7-a495-dd29aa389a6e", "navnerom": "https://data.geonorge.no/sosi/kyst/sjokart_maritim_infrastruktur", "førsteDatafangstdato": null, "oppdateringsdato": "2014-09-05T00:00:00", "datauttaksdato": "2025-05-01T00:00:28", "målemetode": "ukjentMålemetode", "kabeltype": "kraftledning", "sjøstatus": null }, "geometry": { "type": "MultiLineString", "coordinates": [ [ [ 22.256346453000081, 71.308810774686478 ], [ 22.310301596000098, 71.304494084686226 ] ] ] } },
{ "type": "Feature", "properties": { "gml_id": "id49bdf642-7942-4308-9034-b73f07b63026", "lokalId": "78fba9be-982a-4d36-9800-8ce4bb5952d3", "navnerom": "https://data.geonorge.no/sosi/kyst/sjokart_maritim_infrastruktur", "førsteDatafangstdato": null, "oppdateringsdato": "2014-12-09T00:00:00", "datauttaksdato": "2025-05-01T00:00:28", "målemetode": "ukjentMålemetode", "kabeltype": "telefonledning", "sjøstatus": null }, "geometry": { "type": "MultiLineString", "coordinates": [ [ [ 2.46639450901781, 59.199933022893461 ], [ 2.45240077451935, 59.221324581644829 ], [ 2.455933640667106, 59.233275081326695 ], [ 2.5, 59.246594474682858 ] ] ] } },
{ "type": "Feature", "properties": { "gml_id": "ida23f987d-9a83-4068-8747-0071c84aed31", "lokalId": "31b3661b-3e4e-4d6e-bf8b-cf103980785f", "navnerom": "https://data.geonorge.no/sosi/kyst/sjokart_maritim_infrastruktur", "førsteDatafangstdato": null, "oppdateringsdato": "2015-04-24T00:00:00", "datauttaksdato": "2025-05-01T00:00:28", "målemetode": "ukjentMålemetode", "kabeltype": "kraftledning", "sjøstatus": null }, "geometry": { "type": "MultiLineString", "coordinates": [ [ [ 6.944123451287347, 65.015806437124823 ], [ 6.939006741131464, 65.040146191647878 ] ] ] } },
{ "type": "Feature", "properties": { "gml_id": "id5c643472-2156-4321-9e06-d43903a6417b", "lokalId": "af563fb1-4b06-4945-86b2-2990a25fcf6f", "navnerom": "https://data.geonorge.no/sosi/kyst/sjokart_maritim_infrastruktur", "førsteDatafangstdato": null, "oppdateringsdato": "2014-10-20T00:00:00", "datauttaksdato": "2025-05-01T00:00:29", "målemetode": "ukjentMålemetode", "kabeltype": null, "sjøstatus": null }, "geometry": { "type": "MultiLineString", "coordinates": [ [ [ 14.25000000001161, 67.2762155060353 ], [ 14.290537168374433, 67.282599336553943 ] ] ] } },
{ "type": "Feature", "properties": { "gml_id": "idafc3cf95-ea81-4242-b9b7-7f10fe3c02de", "lokalId": "d33d15c1-c403-4115-895d-f821a2d3051b", "navnerom": "https://data.geonorge.no/sosi/kyst/sjokart_maritim_infrastruktur", "førsteDatafangstdato": null, "oppdateringsdato": "2015-01-12T00:00:00", "datauttaksdato": "2025-05-01T00:00:29", "målemetode": "ukjentMålemetode", "kabeltype": "kraftledning", "sjøstatus": null }, "geometry": { "type": "MultiLineString", "coordinates": [ [ [ 2.693344621284325, 60.456370442269311 ], [ 2.692023559733058, 60.429154801624577 ], [ 2.6695137991355, 60.399677494763296 ] ] ] } },
{ "type": "Feature", "properties": { "gml_id": "id6d502bc7-4bbd-43b8-8f1a-5baf4c2391ee", "lokalId": "ed9245d1-20e0-49a0-b790-7e3cf1d2d76c", "navnerom": "https://data.geonorge.no/sosi/kyst/sjokart_maritim_infrastruktur", "førsteDatafangstdato": null, "oppdateringsdato": "2015-01-12T00:00:00", "datauttaksdato": "2025-05-01T00:00:29", "målemetode": "ukjentMålemetode", "kabeltype": "kraftledning", "sjøstatus": null }, "geometry": { "type": "MultiLineString", "coordinates": [ [ [ 2.824989740957713, 60.493380992723552 ], [ 2.693467530865006, 60.456457386568808 ] ] ] } },
{ "type": "Feature", "properties": { "gml_id": "id2a112de0-9589-4203-91fe-8217da3ccf13", "lokalId": "2bda7403-6548-4b8e-a4f2-687a4160e47a", "navnerom": "https://data.geonorge.no/sosi/kyst/sjokart_maritim_infrastruktur", "førsteDatafangstdato": null, "oppdateringsdato": "2014-01-29T00:00:00", "datauttaksdato": "2025-05-01T00:00:29", "målemetode": "ukjentMålemetode", "kabeltype": "kraftledning", "sjøstatus": null }, "geometry": { "type": "MultiLineString", "coordinates": [ [ [ 8.090446167778168, 58.068317606093878 ], [ 8.099444272766682, 58.055166222286125 ], [ 8.184747193572022, 58.000047369207429 ] ] ] } },
{ "type": "Feature", "properties": { "gml_id": "idf23c7570-4d6e-49c5-9011-4f56ec46b298", "lokalId": "246f5447-6fad-408d-893c-60810d1266cf", "navnerom": "https://data.geonorge.no/sosi/kyst/sjokart_maritim_infrastruktur", "førsteDatafangstdato": null, "oppdateringsdato": "2014-01-29T00:00:00", "datauttaksdato": "2025-05-01T00:00:29", "målemetode": "ukjentMålemetode", "kabeltype": "kraftledning", "sjøstatus": null }, "geometry": { "type": "MultiLineString", "coordinates": [ [ [ 8.184747193572495, 58.000047369207429 ], [ 8.250001316150225, 57.938986218238831 ] ] ] } },
{ "type": "Feature", "properties": { "gml_id": "id7c397be0-284d-4fbb-80b3-814e3036c679", "lokalId": "dd2df630-298f-4b43-bdab-d99867fbd04f", "navnerom": "https://data.geonorge.no/sosi/kyst/sjokart_maritim_infrastruktur", "førsteDatafangstdato": null, "oppdateringsdato": "2014-01-29T00:00:00", "datauttaksdato": "2025-05-01T00:00:29", "målemetode": "ukjentMålemetode", "kabeltype": "kraftledning", "sjøstatus": null }, "geometry": { "type": "MultiLineString", "coordinates": [ [ [ 8.250001316150666, 57.938986218238831 ], [ 8.449952059827995, 57.750039487097723 ] ] ] } },
{ "type": "Feature", "properties": { "gml_id": "id9da46370-9769-4f4e-b194-3cf8160f43fc", "lokalId": "7f5eb09d-ad8c-4bfb-ba38-1a5b86eaee9e", "navnerom": "https://data.geonorge.no/sosi/kyst/sjokart_maritim_infrastruktur", "førsteDatafangstdato": null, "oppdateringsdato": "2014-01-29T00:00:00", "datauttaksdato": "2025-05-01T00:00:29", "målemetode": "ukjentMålemetode", "kabeltype": "kraftledning", "sjøstatus": null }, "geometry": { "type": "MultiLineString", "coordinates": [ [ [ 8.449952059828307, 57.750039487097737 ], [ 8.500004575491607, 57.702584059540605 ] ] ] } },
{ "type": "Feature", "properties": { "gml_id": "id032400ee-2c15-4765-9483-524be3659ad5", "lokalId": "1bc3f423-a490-43d6-b2e7-e2aac79e9654", "navnerom": "https://data.geonorge.no/sosi/kyst/sjokart_maritim_infrastruktur", "førsteDatafangstdato": null, "oppdateringsdato": "2014-01-29T00:00:00", "datauttaksdato": "2025-05-01T00:00:29", "målemetode": "ukjentMålemetode", "kabeltype": "kraftledning", "sjøstatus": null }, "geometry": { "type": "MultiLineString", "coordinates": [ [ [ 8.500004575491886, 57.702584059540605 ], [ 8.567373934980766, 57.638197318699568 ] ] ] } },
{ "type": "Feature", "properties": { "gml_id": "id9fa5afed-15f9-43f1-bf46-b29218962814", "lokalId": "42ac6905-47ff-4647-a578-861ef09632eb", "navnerom": "https://data.geonorge.no/sosi/kyst/sjokart_maritim_infrastruktur", "førsteDatafangstdato": null, "oppdateringsdato": "2015-01-27T00:00:00", "datauttaksdato": "2025-05-01T00:00:29", "målemetode": "ukjentMålemetode", "kabeltype": null, "sjøstatus": null }, "geometry": { "type": "MultiLineString", "coordinates": [ [ [ 8.497015262819303, 66.020757369889878 ], [ 8.372163263392396, 66.243450509734686 ], [ 8.280451212448323, 66.290802036253524 ], [ 8.128331065226396, 66.314611800915557 ], [ 8.007592411174986, 66.354578284677686 ], [ 7.816216702273814, 66.438819650186502 ], [ 7.716172900365101, 66.493772834639799 ], [ 7.620983941234934, 66.563784346011388 ], [ 7.588625060595984, 66.621249300858892 ], [ 7.584024800280623, 66.649274292622664 ], [ 7.517646673391644, 66.799840852344346 ], [ 7.141750777065003, 67.039744267053095 ], [ 7.089836034967154, 67.047170410685411 ], [ 7.09566410033427, 67.058340459546983 ] ] ] } },
{ "type": "Feature", "properties": { "gml_id": "ida1b9c8dc-6790-4402-853e-427bb082639c", "lokalId": "c2431da8-b4b0-4a1a-896d-9c89f9054a08", "navnerom": "https://data.geonorge.no/sosi/kyst/sjokart_maritim_infrastruktur", "førsteDatafangstdato": null, "oppdateringsdato": "2013-06-17T00:00:00", "datauttaksdato": "2025-05-01T00:00:29", "målemetode": "ukjentMålemetode", "kabeltype": "kraftledning", "sjøstatus": null }, "geometry": { "type": "MultiLineString", "coordinates": [ [ [ 8.177148859506499, 58.086164372477391 ], [ 8.168794907951447, 58.064828809812781 ], [ 8.25, 58.017856919912546 ] ] ] } },
{ "type": "Feature", "properties": { "gml_id": "id2315eb88-9ffb-4bdf-8310-2d897fcf752a", "lokalId": "cbb57377-48ec-491f-a86f-621464ae899c", "navnerom": "https://data.geonorge.no/sosi/kyst/sjokart_maritim_infrastruktur", "førsteDatafangstdato": null, "oppdateringsdato": "2013-06-17T00:00:00", "datauttaksdato": "2025-05-01T00:00:29", "målemetode": "ukjentMålemetode", "kabeltype": "kraftledning", "sjøstatus": null }, "geometry": { "type": "MultiLineString", "coordinates": [ [ [ 8.602308975659687, 57.644561454017477 ], [ 8.229692296532814, 57.999999999145707 ] ] ] } },
{ "type": "Feature", "properties": { "gml_id": "idab8b03e6-f024-412a-a574-d51d9a9e1712", "lokalId": "940f5360-ad15-4ba1-97a6-45276a7b79c8", "navnerom": "https://data.geonorge.no/sosi/kyst/sjokart_maritim_infrastruktur", "førsteDatafangstdato": null, "oppdateringsdato": "2013-06-17T00:00:00", "datauttaksdato": "2025-05-01T00:00:29", "målemetode": "ukjentMålemetode", "kabeltype": "kraftledning", "sjøstatus": null }, "geometry": { "type": "MultiLineString", "coordinates": [ [ [ 8.229692296532814, 57.999999999145707 ], [ 8.164080666325752, 58.064847634182001 ], [ 8.171678810521348, 58.083475406698163 ] ] ] } },
{ "type": "Feature", "properties": { "gml_id": "idd67d624d-6b5f-46b6-acd4-65b5a810c7a6", "lokalId": "4e3e81a3-8a44-4fa0-b557-1c3484f7418a", "navnerom": "https://data.geonorge.no/sosi/kyst/sjokart_maritim_infrastruktur", "førsteDatafangstdato": null, "oppdateringsdato": "2015-04-24T00:00:00", "datauttaksdato": "2025-05-01T00:00:29", "målemetode": "ukjentMålemetode", "kabeltype": "kraftledning", "sjøstatus": null }, "geometry": { "type": "MultiLineString", "coordinates": [ [ [ 7.300985799083321, 65.286093691209587 ], [ 7.260778656319747, 65.312513981766386 ] ] ] } },
{ "type": "Feature", "properties": { "gml_id": "id2ad2afb5-9f35-4e92-882b-76b0f17994ab", "lokalId": "aab0f30f-4af3-492a-b9c0-135e9959d086", "navnerom": "https://data.geonorge.no/sosi/kyst/sjokart_maritim_infrastruktur", "førsteDatafangstdato": null, "oppdateringsdato": "2014-10-27T00:00:00", "datauttaksdato": "2025-05-01T00:00:29", "målemetode": "ukjentMålemetode", "kabeltype": "ukjent", "sjøstatus": null }, "geometry": { "type": "MultiLineString", "coordinates": [ [ [ 6.786126256969295, 65.106968757493277 ], [ 6.693003088411679, 65.06946724860282 ], [ 6.708040186712401, 65.06557325390402 ] ] ] } },
{ "type": "Feature", "properties": { "gml_id": "idbf5ef40d-fed3-484f-8de1-cc93766b1404", "lokalId": "a8a5d525-f7d8-4d14-8004-df0256d6b031", "navnerom": "https://data.geonorge.no/sosi/kyst/sjokart_maritim_infrastruktur", "førsteDatafangstdato": null, "oppdateringsdato": "2015-04-24T00:00:00", "datauttaksdato": "2025-05-01T00:00:29", "målemetode": "ukjentMålemetode", "kabeltype": "kraftledning", "sjøstatus": null }, "geometry": { "type": "MultiLineString", "coordinates": [ [ [ 7.301128098285445, 65.286134160630056 ], [ 7.260915628473126, 65.31254989210683 ] ] ] } },
{ "type": "Feature", "properties": { "gml_id": "id037a8de6-ab63-487c-8f8d-bf0a11705d80", "lokalId": "7341d4ff-99ec-44ec-a7f0-e12c8dd592b6", "navnerom": "https://data.geonorge.no/sosi/kyst/sjokart_maritim_infrastruktur", "førsteDatafangstdato": null, "oppdateringsdato": "2013-05-14T00:00:00", "datauttaksdato": "2025-05-01T00:00:29", "målemetode": "ukjentMålemetode", "kabeltype": null, "sjøstatus": null }, "geometry": { "type": "MultiLineString", "coordinates": [ [ [ 6.5, 62.974071314444409 ], [ 6.358947152723983, 62.999999999471925 ] ] ] } },
{ "type": "Feature", "properties": { "gml_id": "idb72b5496-4ef1-4769-b83d-cdbc66321578", "lokalId": "1690961d-d962-43b7-a02a-5f97d13ed3c0", "navnerom": "https://data.geonorge.no/sosi/kyst/sjokart_maritim_infrastruktur", "førsteDatafangstdato": null, "oppdateringsdato": "2013-05-14T00:00:00", "datauttaksdato": "2025-05-01T00:00:29", "målemetode": "ukjentMålemetode", "kabeltype": null, "sjøstatus": null }, "geometry": { "type": "MultiLineString", "coordinates": [ [ [ 6.749800415605486, 62.955169384135878 ], [ 6.693361602383461, 62.981102528751947 ], [ 6.5, 62.974071314444409 ] ] ] } },
{ "type": "Feature", "properties": { "gml_id": "idbae38bcd-b9ce-4d7d-8245-e1fe812fc9a4", "lokalId": "28155b7e-89e0-4c82-9953-3d78fbb2a81c", "navnerom": "https://data.geonorge.no/sosi/kyst/sjokart_maritim_infrastruktur", "førsteDatafangstdato": null, "oppdateringsdato": "2013-05-14T00:00:00", "datauttaksdato": "2025-05-01T00:00:29", "målemetode": "ukjentMålemetode", "kabeltype": null, "sjøstatus": null }, "geometry": { "type": "MultiLineString", "coordinates": [ [ [ 6.410453321002676, 62.999999999471925 ], [ 6.5, 62.981990142644094 ] ] ] } },
{ "type": "Feature", "properties": { "gml_id": "id0f7149f8-53c9-47ab-9307-f3e961fffe02", "lokalId": "9d6cc5d1-d43c-477f-b2fe-bcebdea2b3b6", "navnerom": "https://data.geonorge.no/sosi/kyst/sjokart_maritim_infrastruktur", "førsteDatafangstdato": null, "oppdateringsdato": "2013-05-14T00:00:00", "datauttaksdato": "2025-05-01T00:00:29", "målemetode": "ukjentMålemetode", "kabeltype": null, "sjøstatus": null }, "geometry": { "type": "MultiLineString", "coordinates": [ [ [ 6.5, 62.981990142644094 ], [ 6.559986185959579, 62.973704761669389 ], [ 6.696513164748579, 62.981119879308508 ], [ 6.750000021675859, 62.95542932725575 ] ] ] } },
{ "type": "Feature", "properties": { "gml_id": "id689dbafc-db10-4046-9cc8-dcf69507b49d", "lokalId": "4fa160db-8e22-4e06-9cb5-cc8ca6d43d08", "navnerom": "https://data.geonorge.no/sosi/kyst/sjokart_maritim_infrastruktur", "førsteDatafangstdato": null, "oppdateringsdato": "2015-04-24T00:00:00", "datauttaksdato": "2025-05-01T00:00:29", "målemetode": "ukjentMålemetode", "kabeltype": "kraftledning", "sjøstatus": null }, "geometry": { "type": "MultiLineString", "coordinates": [ [ [ 7.308144878065992, 65.32375945433796 ], [ 7.261069760181941, 65.312595740290107 ] ] ] } },
{ "type": "Feature", "properties": { "gml_id": "id9c11f421-917a-4eba-8bed-e214062d9a87", "lokalId": "c9337d33-9cc1-4fa7-b4d8-97c2da03a59e", "navnerom": "https://data.geonorge.no/sosi/kyst/sjokart_maritim_infrastruktur", "førsteDatafangstdato": null, "oppdateringsdato": "2015-04-24T00:00:00", "datauttaksdato": "2025-05-01T00:00:29", "målemetode": "ukjentMålemetode", "kabeltype": "kraftledning", "sjøstatus": null }, "geometry": { "type": "MultiLineString", "coordinates": [ [ [ 7.308305268694894, 65.323669710261541 ], [ 7.261142599898135, 65.312620175464801 ] ] ] } },
{ "type": "Feature", "properties": { "gml_id": "ide7609a04-3d21-40eb-9aee-8c5265f99021", "lokalId": "545d27fe-8346-49a8-b74f-8ab8f290a06f", "navnerom": "https://data.geonorge.no/sosi/kyst/sjokart_maritim_infrastruktur", "førsteDatafangstdato": null, "oppdateringsdato": "2015-04-24T00:00:00", "datauttaksdato": "2025-05-01T00:00:29", "målemetode": "ukjentMålemetode", "kabeltype": "telefonledning", "sjøstatus": null }, "geometry": { "type": "MultiLineString", "coordinates": [ [ [ 7.278072365019193, 65.4589924423952 ], [ 7.281934720335381, 65.451530966420052 ] ] ] } },
{ "type": "Feature", "properties": { "gml_id": "idf9d0fb60-5d1c-4d92-97d4-c5740274a94d", "lokalId": "340d724c-afc1-4454-8352-4a6259473296", "navnerom": "https://data.geonorge.no/sosi/kyst/sjokart_maritim_infrastruktur", "førsteDatafangstdato": null, "oppdateringsdato": "2015-04-24T00:00:00", "datauttaksdato": "2025-05-01T00:00:29", "målemetode": "ukjentMålemetode", "kabeltype": "kraftledning", "sjøstatus": null }, "geometry": { "type": "MultiLineString", "coordinates": [ [ [ 7.301274546278137, 65.286180418515968 ], [ 7.326815078907965, 65.298900951777426 ], [ 7.308167520594403, 65.323741782021742 ] ] ] } },
{ "type": "Feature", "properties": { "gml_id": "id92213c13-bb8a-4992-aea1-3ea24a6842bc", "lokalId": "36b225b8-a0e5-4ffa-8262-6434dac57729", "navnerom": "https://data.geonorge.no/sosi/kyst/sjokart_maritim_infrastruktur", "førsteDatafangstdato": null, "oppdateringsdato": "2015-04-24T00:00:00", "datauttaksdato": "2025-05-01T00:00:29", "målemetode": "ukjentMålemetode", "kabeltype": "kraftledning", "sjøstatus": null }, "geometry": { "type": "MultiLineString", "coordinates": [ [ [ 6.789914245798906, 65.110406165663349 ], [ 6.784067490880525, 65.138765478784634 ] ] ] } },
{ "type": "Feature", "properties": { "gml_id": "ida6cf0171-4785-4ebf-ad76-49832500f3d7", "lokalId": "c6c73f28-70c0-4c2f-ba94-36d8c0f443c5", "navnerom": "https://data.geonorge.no/sosi/kyst/sjokart_maritim_infrastruktur", "førsteDatafangstdato": null, "oppdateringsdato": "2015-04-24T00:00:00", "datauttaksdato": "2025-05-01T00:00:29", "målemetode": "ukjentMålemetode", "kabeltype": "kraftledning", "sjøstatus": null }, "geometry": { "type": "MultiLineString", "coordinates": [ [ [ 7.308250151783855, 65.323658337656667 ], [ 7.326011814876972, 65.299051491949015 ], [ 7.301288375951504, 65.286194403085162 ] ] ] } },
{ "type": "Feature", "properties": { "gml_id": "id2f47926b-41fc-4692-bc08-55d2a37f6549", "lokalId": "0bad1cef-b152-440d-98fb-5682be5b0ad6", "navnerom": "https://data.geonorge.no/sosi/kyst/sjokart_maritim_infrastruktur", "førsteDatafangstdato": null, "oppdateringsdato": "2015-04-24T00:00:00", "datauttaksdato": "2025-05-01T00:00:29", "målemetode": "ukjentMålemetode", "kabeltype": "kraftledning", "sjøstatus": null }, "geometry": { "type": "MultiLineString", "coordinates": [ [ [ 7.317726436481983, 65.323899415710912 ], [ 7.322676477560817, 65.322444330334463 ], [ 7.319266376460416, 65.3425261436212 ], [ 7.334050974998212, 65.361629015873007 ] ] ] } },
{ "type": "Feature", "properties": { "gml_id": "id11a9ba44-2b16-41c8-9f10-fdf361de98b8", "lokalId": "65308129-e6df-4d18-b63f-5fbf153e7dd7", "navnerom": "https://data.geonorge.no/sosi/kyst/sjokart_maritim_infrastruktur", "førsteDatafangstdato": null, "oppdateringsdato": "2015-04-24T00:00:00", "datauttaksdato": "2025-05-01T00:00:29", "målemetode": "ukjentMålemetode", "kabeltype": "kraftledning", "sjøstatus": null }, "geometry": { "type": "MultiLineString", "coordinates": [ [ [ 7.355125850964126, 65.369152164378903 ], [ 7.334172531060925, 65.361629119811752 ] ] ] } },
{ "type": "Feature", "properties": { "gml_id": "idb60b5f91-ce3e-45c7-b640-871fc7952bb8", "lokalId": "80368596-35bd-4c3e-a476-89e89d9f497d", "navnerom": "https://data.geonorge.no/sosi/kyst/sjokart_maritim_infrastruktur", "førsteDatafangstdato": null, "oppdateringsdato": "2015-04-24T00:00:00", "datauttaksdato": "2025-05-01T00:00:29", "målemetode": "ukjentMålemetode", "kabeltype": "kraftledning", "sjøstatus": null }, "geometry": { "type": "MultiLineString", "coordinates": [ [ [ 6.799012683830192, 65.173182291612449 ], [ 6.759242752397969, 65.160215906463065 ], [ 6.731176126798987, 65.166025948538731 ] ] ] } },
{ "type": "Feature", "properties": { "gml_id": "id0672c26e-8247-442f-9ef1-7a2f38619279", "lokalId": "a67bdbe6-0a06-4437-b1c2-a896b7ea7172", "navnerom": "https://data.geonorge.no/sosi/kyst/sjokart_maritim_infrastruktur", "førsteDatafangstdato": null, "oppdateringsdato": "2015-04-24T00:00:00", "datauttaksdato": "2025-05-01T00:00:29", "målemetode": "ukjentMålemetode", "kabeltype": "kraftledning", "sjøstatus": null }, "geometry": { "type": "MultiLineString", "coordinates": [ [ [ 6.539503188780011, 64.991962423227221 ], [ 6.537536499054437, 64.984266914990158 ], [ 6.556611774351118, 64.967005741650794 ], [ 6.848859469863926, 64.906696272751162 ], [ 6.877236170848699, 64.882748035560084 ], [ 7.004417258683725, 64.837883423312832 ], [ 7.023156826090005, 64.839331633953535 ] ] ] } },
{ "type": "Feature", "properties": { "gml_id": "id6e88bb1a-dfcd-411d-a510-aa423cf4f328", "lokalId": "9ec9bcfe-0e52-4948-b38f-4b000b2f4874", "navnerom": "https://data.geonorge.no/sosi/kyst/sjokart_maritim_infrastruktur", "førsteDatafangstdato": null, "oppdateringsdato": "2015-04-24T00:00:00", "datauttaksdato": "2025-05-01T00:00:29", "målemetode": "ukjentMålemetode", "kabeltype": "kraftledning", "sjøstatus": null }, "geometry": { "type": "MultiLineString", "coordinates": [ [ [ 6.599335174956046, 65.029223920791878 ], [ 6.87220801248158, 65.006732085267032 ], [ 6.944000205137184, 65.015802849864968 ] ] ] } },
{ "type": "Feature", "properties": { "gml_id": "idb9621c91-8c1c-4aec-bef8-f1bb97a04778", "lokalId": "a8306392-ad22-44ef-8236-5b3571878e1f", "navnerom": "https://data.geonorge.no/sosi/kyst/sjokart_maritim_infrastruktur", "førsteDatafangstdato": null, "oppdateringsdato": "2015-04-24T00:00:00", "datauttaksdato": "2025-05-01T00:00:29", "målemetode": "ukjentMålemetode", "kabeltype": "kraftledning", "sjøstatus": null }, "geometry": { "type": "MultiLineString", "coordinates": [ [ [ 6.790039170796453, 65.110576028974435 ], [ 6.784003354731123, 65.138807687310077 ] ] ] } },
{ "type": "Feature", "properties": { "gml_id": "id7ac0b1fb-001a-4537-9afd-cf90e0925b6e", "lokalId": "1e7deb38-fc1e-4cd1-a36a-192212a50187", "navnerom": "https://data.geonorge.no/sosi/kyst/sjokart_maritim_infrastruktur", "førsteDatafangstdato": null, "oppdateringsdato": "2015-04-21T00:00:00", "datauttaksdato": "2025-05-01T00:00:29", "målemetode": "ukjentMålemetode", "kabeltype": "kraftledning", "sjøstatus": null }, "geometry": { "type": "MultiLineString", "coordinates": [ [ [ 4.848362240635953, 60.533646190866016 ], [ 4.834794937879969, 60.523713933766864 ], [ 4.805771285297513, 60.524520368761458 ], [ 4.755170976544909, 60.503142193749859 ], [ 4.659886725158711, 60.495337893890401 ], [ 4.112524342040679, 60.604888103997837 ], [ 3.811374915659918, 60.645487202774675 ], [ 3.755110036515878, 60.650894686296851 ], [ 3.726147480722481, 60.645308689680604 ] ] ] } },
{ "type": "Feature", "properties": { "gml_id": "ideee7cde8-f54e-4733-866e-9b63c8811ad5", "lokalId": "daa66b1a-d1d2-4f35-a3f9-8a9c69dfc697", "navnerom": "https://data.geonorge.no/sosi/kyst/sjokart_maritim_infrastruktur", "førsteDatafangstdato": null, "oppdateringsdato": "2014-10-27T00:00:00", "datauttaksdato": "2025-05-01T00:00:29", "målemetode": "ukjentMålemetode", "kabeltype": null, "sjøstatus": null }, "geometry": { "type": "MultiLineString", "coordinates": [ [ [ 6.7861262641706, 65.106968758607906 ], [ 6.693030885009154, 65.069190456340081 ], [ 7.117403936473337, 65.042469959985254 ], [ 7.430117781593895, 65.000258586215097 ], [ 7.516850740863713, 64.996965956710696 ] ] ] } },
{ "type": "Feature", "properties": { "gml_id": "idb1868734-c3fe-4241-b342-9d5da08ea49e", "lokalId": "cad98811-d0d5-4705-8be8-3a4aeff22323", "navnerom": "https://data.geonorge.no/sosi/kyst/sjokart_maritim_infrastruktur", "førsteDatafangstdato": null, "oppdateringsdato": "2015-01-21T00:00:00", "datauttaksdato": "2025-05-01T00:00:29", "målemetode": "ukjentMålemetode", "kabeltype": "telefonledning", "sjøstatus": null }, "geometry": { "type": "MultiLineString", "coordinates": [ [ [ 5.179265375917019, 59.353533638591649 ], [ 5.180447531655116, 59.357029175562261 ] ] ] } },
{ "type": "Feature", "properties": { "gml_id": "idbb2d6b48-973b-4d73-bea8-935d9aac0b0c", "lokalId": "cbbc4437-82e2-46f6-9385-7c4d9a100af3", "navnerom": "https://data.geonorge.no/sosi/kyst/sjokart_maritim_infrastruktur", "førsteDatafangstdato": "1999-09-17T00:00:00", "oppdateringsdato": "2014-10-14T00:00:00", "datauttaksdato": "2025-05-01T00:00:29", "målemetode": "ukjentMålemetode", "kabeltype": null, "sjøstatus": "ikkeIBruk" }, "geometry": { "type": "MultiLineString", "coordinates": [ [ [ 6.876751944444443, 62.882976110578042 ], [ 6.845345, 62.878401388355591 ], [ 6.827728611111106, 62.890869443911654 ] ] ] } },
{ "type": "Feature", "properties": { "gml_id": "idbf68587d-2f7d-4f68-a137-7b1242b69b09", "lokalId": "588b97b7-5d62-46ec-a259-df28ab30d0c3", "navnerom": "https://data.geonorge.no/sosi/kyst/sjokart_maritim_infrastruktur", "førsteDatafangstdato": null, "oppdateringsdato": "2014-10-27T00:00:00", "datauttaksdato": "2025-05-01T00:00:29", "målemetode": "ukjentMålemetode", "kabeltype": null, "sjøstatus": null }, "geometry": { "type": "MultiLineString", "coordinates": [ [ [ 6.703497494001501, 65.074165951821939 ], [ 6.749532292710236, 65.054207637690595 ], [ 6.930797688080868, 65.05728778449118 ], [ 7.140604624611236, 65.040058430458942 ], [ 7.435912598769012, 64.998611797281995 ], [ 7.517349755451884, 64.996725093700078 ] ] ] } },
{ "type": "Feature", "properties": { "gml_id": "id337a5046-8c87-4d92-82c2-bfc065175c82", "lokalId": "6a7a9537-2584-4f65-8b9b-fecebb059497", "navnerom": "https://data.geonorge.no/sosi/kyst/sjokart_maritim_infrastruktur", "førsteDatafangstdato": null, "oppdateringsdato": "2014-10-27T00:00:00", "datauttaksdato": "2025-05-01T00:00:29", "målemetode": "ukjentMålemetode", "kabeltype": null, "sjøstatus": null }, "geometry": { "type": "MultiLineString", "coordinates": [ [ [ 6.717255747472811, 65.065196152561612 ], [ 6.696105901258649, 65.070395507764488 ], [ 6.748363941920809, 65.077014648712463 ], [ 7.045722118578991, 65.04864237757478 ] ] ] } },
{ "type": "Feature", "properties": { "gml_id": "idd8168a14-03c0-44db-93d0-b37754e2639a", "lokalId": "abed2e3d-59fb-426e-85c6-5ddc5075b778", "navnerom": "https://data.geonorge.no/sosi/kyst/sjokart_maritim_infrastruktur", "førsteDatafangstdato": null, "oppdateringsdato": "2015-09-22T00:00:00", "datauttaksdato": "2025-05-01T00:00:30", "målemetode": "ukjentMålemetode", "kabeltype": "kraftledning", "sjøstatus": null }, "geometry": { "type": "MultiLineString", "coordinates": [ [ [ 4.836897239563749, 60.540419724754692 ], [ 4.731371976665664, 60.498077198246108 ], [ 4.666727767139722, 60.48826118693043 ], [ 3.342690970689028, 60.464730864192511 ], [ 2.790782262441442, 60.444643519954717 ], [ 2.747501799588499, 60.434145240143195 ], [ 2.658644173186071, 60.434112489612545 ], [ 2.069744690608629, 60.482622746452471 ], [ 2.050473806496501, 60.48767964341598 ], [ 2.037845064217676, 60.500741896153414 ], [ 2.011832259702273, 60.504738473408707 ] ] ] } },
{ "type": "Feature", "properties": { "gml_id": "idb29d56d0-aee7-4763-9e7c-87d76d237df9", "lokalId": "0c19eebc-6c69-45a6-a0ad-ca88470e3789", "navnerom": "https://data.geonorge.no/sosi/kyst/sjokart_maritim_infrastruktur", "førsteDatafangstdato": null, "oppdateringsdato": "2019-07-31T00:00:00", "datauttaksdato": "2025-05-01T00:00:30", "målemetode": "ukjentMålemetode", "kabeltype": "kraftledning", "sjøstatus": null }, "geometry": { "type": "MultiLineString", "coordinates": [ [ [ 6.786686457407958, 64.836006466889202 ], [ 6.83856197561814, 64.865939838642859 ] ] ] } },
{ "type": "Feature", "properties": { "gml_id": "ida077b881-94e9-4b55-a4b1-da6612eb567e", "lokalId": "ac924fb7-5f27-4475-a9df-bda33abaf601", "navnerom": "https://data.geonorge.no/sosi/kyst/sjokart_maritim_infrastruktur", "førsteDatafangstdato": null, "oppdateringsdato": "2019-07-31T00:00:00", "datauttaksdato": "2025-05-01T00:00:30", "målemetode": "ukjentMålemetode", "kabeltype": "kraftledning", "sjøstatus": null }, "geometry": { "type": "MultiLineString", "coordinates": [ [ [ 6.838557987740713, 64.86613257068197 ], [ 6.838578546172279, 64.865950056589355 ] ] ] } },
{ "type": "Feature", "properties": { "gml_id": "id73e4598e-339f-4fb7-b67d-1df0659f33d1", "lokalId": "fc49b956-539b-4a7d-bb08-c6912ac8a1b1", "navnerom": "https://data.geonorge.no/sosi/kyst/sjokart_maritim_infrastruktur", "førsteDatafangstdato": null, "oppdateringsdato": "2019-07-31T00:00:00", "datauttaksdato": "2025-05-01T00:00:30", "målemetode": "ukjentMålemetode", "kabeltype": "kraftledning", "sjøstatus": null }, "geometry": { "type": "MultiLineString", "coordinates": [ [ [ 6.838576127119644, 64.865954884509819 ], [ 6.838557248480057, 64.866127656285329 ] ] ] } },
{ "type": "Feature", "properties": { "gml_id": "idff2f56bb-a5c4-4eec-a65b-28606c94bad7", "lokalId": "dd1bf208-4e32-46de-b0ea-7e4c395369a6", "navnerom": "https://data.geonorge.no/sosi/kyst/sjokart_maritim_infrastruktur", "førsteDatafangstdato": null, "oppdateringsdato": "2019-07-31T00:00:00", "datauttaksdato": "2025-05-01T00:00:30", "målemetode": "ukjentMålemetode", "kabeltype": "kraftledning", "sjøstatus": null }, "geometry": { "type": "MultiLineString", "coordinates": [ [ [ 6.838576062985878, 64.86595660054337 ], [ 6.838557407074023, 64.866125693733139 ] ] ] } },
{ "type": "Feature", "properties": { "gml_id": "idd3b32dcb-6a94-41ce-8c9b-832786f2c3c1", "lokalId": "6ee97a1a-d36e-4a61-91a0-d2aa04e7a816", "navnerom": "https://data.geonorge.no/sosi/kyst/sjokart_maritim_infrastruktur", "førsteDatafangstdato": null, "oppdateringsdato": "2019-07-31T00:00:00", "datauttaksdato": "2025-05-01T00:00:30", "målemetode": "ukjentMålemetode", "kabeltype": "kraftledning", "sjøstatus": null }, "geometry": { "type": "MultiLineString", "coordinates": [ [ [ 6.838559385961217, 64.866120095833452 ], [ 6.838573616516133, 64.865964828516141 ] ] ] } },
{ "type": "Feature", "properties": { "gml_id": "id1e19ec00-da2f-46b2-94c9-c8716e2a5867", "lokalId": "36e3ec13-e413-4ce3-8526-a2071832f41f", "navnerom": "https://data.geonorge.no/sosi/kyst/sjokart_maritim_infrastruktur", "førsteDatafangstdato": null, "oppdateringsdato": "2019-07-31T00:00:00", "datauttaksdato": "2025-05-01T00:00:30", "målemetode": "ukjentMålemetode", "kabeltype": "kraftledning", "sjøstatus": null }, "geometry": { "type": "MultiLineString", "coordinates": [ [ [ 6.838558769553556, 64.866121951128676 ], [ 6.838573678857474, 64.865966306035048 ] ] ] } },
{ "type": "Feature", "properties": { "gml_id": "id8a17c060-4148-47bf-86ad-d707053907a2", "lokalId": "ddbbac77-121a-46f8-93f6-3d478babcd03", "navnerom": "https://data.geonorge.no/sosi/kyst/sjokart_maritim_infrastruktur", "førsteDatafangstdato": null, "oppdateringsdato": "2019-07-31T00:00:00", "datauttaksdato": "2025-05-01T00:00:30", "målemetode": "ukjentMålemetode", "kabeltype": "kraftledning", "sjøstatus": null }, "geometry": { "type": "MultiLineString", "coordinates": [ [ [ 6.838536539676809, 64.866121765197192 ], [ 6.836021307171718, 64.865868421169893 ] ] ] } },
{ "type": "Feature", "properties": { "gml_id": "id3fcac863-2727-4560-8c58-4ace4c308772", "lokalId": "8d478d21-3bcc-48a9-9f8e-9838fa2e3209", "navnerom": "https://data.geonorge.no/sosi/kyst/sjokart_maritim_infrastruktur", "førsteDatafangstdato": null, "oppdateringsdato": "2019-07-31T00:00:00", "datauttaksdato": "2025-05-01T00:00:30", "målemetode": "ukjentMålemetode", "kabeltype": "kraftledning", "sjøstatus": null }, "geometry": { "type": "MultiLineString", "coordinates": [ [ [ 6.838535761365209, 64.866127390322944 ], [ 6.836028991183819, 64.865863124278491 ] ] ] } },
{ "type": "Feature", "properties": { "gml_id": "ide9e80102-b9c4-4e00-9696-0e28ca14a553", "lokalId": "d359f9e1-af7f-49ee-8502-57dcbf76f708", "navnerom": "https://data.geonorge.no/sosi/kyst/sjokart_maritim_infrastruktur", "førsteDatafangstdato": null, "oppdateringsdato": "2019-07-31T00:00:00", "datauttaksdato": "2025-05-01T00:00:30", "målemetode": "ukjentMålemetode", "kabeltype": "kraftledning", "sjøstatus": null }, "geometry": { "type": "MultiLineString", "coordinates": [ [ [ 6.838536872532379, 64.866123506847444 ], [ 6.836018355318124, 64.865868994216427 ] ] ] } },
{ "type": "Feature", "properties": { "gml_id": "idf85cd1cd-76c9-42f7-83cb-c902dbc782d9", "lokalId": "dc56a71e-43e1-4270-825e-b62e49dced2b", "navnerom": "https://data.geonorge.no/sosi/kyst/sjokart_maritim_infrastruktur", "førsteDatafangstdato": null, "oppdateringsdato": "2019-07-31T00:00:00", "datauttaksdato": "2025-05-01T00:00:30", "målemetode": "ukjentMålemetode", "kabeltype": "kraftledning", "sjøstatus": null }, "geometry": { "type": "MultiLineString", "coordinates": [ [ [ 6.838535274623538, 64.866129184789912 ], [ 6.836027327927878, 64.865864062316462 ] ] ] } },
{ "type": "Feature", "properties": { "gml_id": "id998c67d0-7990-42f5-9bdc-4f0e5a9864f7", "lokalId": "95115bd1-a554-4074-b8b9-4637b567c7d4", "navnerom": "https://data.geonorge.no/sosi/kyst/sjokart_maritim_infrastruktur", "førsteDatafangstdato": null, "oppdateringsdato": "2019-07-31T00:00:00", "datauttaksdato": "2025-05-01T00:00:30", "målemetode": "ukjentMålemetode", "kabeltype": "kraftledning", "sjøstatus": null }, "geometry": { "type": "MultiLineString", "coordinates": [ [ [ 6.838546954953015, 64.866137292857687 ], [ 6.865736531085433, 64.952781757005411 ], [ 6.874202545801608, 65.031452469085011 ] ] ] } },
{ "type": "Feature", "properties": { "gml_id": "id3dafe343-88aa-4203-8d82-7045e3ad5120", "lokalId": "df47f9df-e439-4e5a-996a-11afbdee6d67", "navnerom": "https://data.geonorge.no/sosi/kyst/sjokart_maritim_infrastruktur", "førsteDatafangstdato": null, "oppdateringsdato": "2020-03-02T00:00:00", "datauttaksdato": "2025-05-01T00:00:31", "målemetode": "ukjentMålemetode", "kabeltype": null, "sjøstatus": null }, "geometry": { "type": "MultiLineString", "coordinates": [ [ [ 7.326406923511773, 65.325084932198223 ], [ 7.29625886119935, 65.359164982910727 ], [ 7.175045180816966, 65.423809761630451 ], [ 7.138992637043858, 65.429196644959731 ] ] ] } },
{ "type": "Feature", "properties": { "gml_id": "id5bda963a-235c-4cc4-959a-1c2ba02b73b3", "lokalId": "da96ce96-364f-4b0e-8ad0-a2866ae435ff", "navnerom": "https://data.geonorge.no/sosi/kyst/sjokart_maritim_infrastruktur", "førsteDatafangstdato": null, "oppdateringsdato": "2016-01-22T00:00:00", "datauttaksdato": "2025-05-01T00:00:31", "målemetode": "ukjentMålemetode", "kabeltype": "telefonledning", "sjøstatus": null }, "geometry": { "type": "MultiLineString", "coordinates": [ [ [ 5.5, 59.055847338182303 ], [ 5.591239318518729, 59.0193142979562 ] ] ] } },
{ "type": "Feature", "properties": { "gml_id": "id679616c5-ff1d-4171-a6e3-d62c2268822a", "lokalId": "ab9f05c2-68a4-42dd-a948-35792f291a84", "navnerom": "https://data.geonorge.no/sosi/kyst/sjokart_maritim_infrastruktur", "førsteDatafangstdato": null, "oppdateringsdato": "2016-01-22T00:00:00", "datauttaksdato": "2025-05-01T00:00:31", "målemetode": "ukjentMålemetode", "kabeltype": "telefonledning", "sjøstatus": null }, "geometry": { "type": "MultiLineString", "coordinates": [ [ [ 5.463236980598667, 59.061160851246207 ], [ 5.5, 59.055847338182303 ] ] ] } },
{ "type": "Feature", "properties": { "gml_id": "id129a3f65-909a-4b3f-98af-ba8229525ba1", "lokalId": "c86b94bd-7cea-419e-8e22-7a649d09992d", "navnerom": "https://data.geonorge.no/sosi/kyst/sjokart_maritim_infrastruktur", "førsteDatafangstdato": null, "oppdateringsdato": "2018-11-02T00:00:00", "datauttaksdato": "2025-05-01T00:00:31", "målemetode": "ukjentMålemetode", "kabeltype": "kraftledning", "sjøstatus": null }, "geometry": { "type": "MultiLineString", "coordinates": [ [ [ 5.16557896361885, 59.399435454982751 ], [ 5.172535705947109, 59.406376891129121 ], [ 5.164166951433397, 59.420723682695211 ], [ 5.121262856362462, 59.42344011014179 ], [ 5.095216198843294, 59.433642519053741 ] ] ] } },
{ "type": "Feature", "properties": { "gml_id": "idbbdd6e9f-2684-473e-a66e-16430ded2786", "lokalId": "7b4eac20-0922-43f6-8584-e0f82cd0c8a3", "navnerom": "https://data.geonorge.no/sosi/kyst/sjokart_maritim_infrastruktur", "førsteDatafangstdato": null, "oppdateringsdato": "2016-09-13T00:00:00", "datauttaksdato": "2025-05-01T00:00:31", "målemetode": "ukjentMålemetode", "kabeltype": "telefonledning", "sjøstatus": null }, "geometry": { "type": "MultiLineString", "coordinates": [ [ [ 4.907406532948971, 59.300297043859494 ], [ 4.912052845580101, 59.293177062942839 ], [ 5.142462619910749, 59.286054506581252 ], [ 5.166934745222806, 59.279372369911705 ] ] ] } },
{ "type": "Feature", "properties": { "gml_id": "id0f33cf56-33b7-4406-8370-26f6b8b03dd9", "lokalId": "896591ad-6b19-41d8-914b-915d605bf22d", "navnerom": "https://data.geonorge.no/sosi/kyst/sjokart_maritim_infrastruktur", "førsteDatafangstdato": null, "oppdateringsdato": "2015-09-09T00:00:00", "datauttaksdato": "2025-05-01T00:00:31", "målemetode": "ukjentMålemetode", "kabeltype": "ukjent", "sjøstatus": null }, "geometry": { "type": "MultiLineString", "coordinates": [ [ [ 2.65604105998277, 60.856341006145051 ], [ 2.637959448648549, 60.859899528783387 ], [ 2.53567586817977, 60.804826099657234 ], [ 2.157970571124396, 60.597757241014925 ], [ 2.013743557727298, 60.50665476748366 ] ] ] } },
{ "type": "Feature", "properties": { "gml_id": "id5d4947ed-7d85-4199-9658-d4b67ed8bc37", "lokalId": "4becfd4c-2939-497d-8ca6-2b2b13ed41ce", "navnerom": "https://data.geonorge.no/sosi/kyst/sjokart_maritim_infrastruktur", "førsteDatafangstdato": null, "oppdateringsdato": "2017-05-09T00:00:00", "datauttaksdato": "2025-05-01T00:00:31", "målemetode": "ukjentMålemetode", "kabeltype": "telefonledning", "sjøstatus": null }, "geometry": { "type": "MultiLineString", "coordinates": [ [ [ 13.160764474884141, 68.077418158880036 ], [ 13.230438928718192, 68.085189365855015 ] ] ] } },
{ "type": "Feature", "properties": { "gml_id": "id5acdc74c-c89b-42c3-849b-2a7f274d573d", "lokalId": "843a214a-ed07-46d4-ab9f-37cece52a7f1", "navnerom": "https://data.geonorge.no/sosi/kyst/sjokart_maritim_infrastruktur", "førsteDatafangstdato": null, "oppdateringsdato": "2018-10-21T00:00:00", "datauttaksdato": "2025-05-01T00:00:31", "målemetode": "ukjentMålemetode", "kabeltype": "kraftledning", "sjøstatus": null }, "geometry": { "type": "MultiLineString", "coordinates": [ [ [ 2.272802265225832, 61.215051236447884 ], [ 2.278396560700369, 61.217025130750237 ], [ 2.227560424368602, 61.139251906213119 ], [ 2.217986759216903, 61.138627434260371 ], [ 2.189975339773617, 61.095950673606602 ] ] ] } },
{ "type": "Feature", "properties": { "gml_id": "id4fef1e2a-db3f-4445-b008-230e2eb5c9b9", "lokalId": "4b27efe3-42fa-427c-817e-fd4217522d92", "navnerom": "https://data.geonorge.no/sosi/kyst/sjokart_maritim_infrastruktur", "førsteDatafangstdato": null, "oppdateringsdato": "2018-10-21T00:00:00", "datauttaksdato": "2025-05-01T00:00:31", "målemetode": "ukjentMålemetode", "kabeltype": "kraftledning", "sjøstatus": null }, "geometry": { "type": "MultiLineString", "coordinates": [ [ [ 2.189977879932177, 61.09595507896605 ], [ 2.218060693446245, 61.138598009814558 ], [ 2.227770423538541, 61.139385981658037 ], [ 2.27771564428807, 61.216314966257194 ], [ 2.272802265225832, 61.215051236447884 ] ] ] } },
{ "type": "Feature", "properties": { "gml_id": "id22d563fb-53ad-4c87-9569-a9a35dac514f", "lokalId": "f8796559-f075-4e19-b5e4-b3529103fec7", "navnerom": "https://data.geonorge.no/sosi/kyst/sjokart_maritim_infrastruktur", "førsteDatafangstdato": null, "oppdateringsdato": "2018-10-21T00:00:00", "datauttaksdato": "2025-05-01T00:00:31", "målemetode": "ukjentMålemetode", "kabeltype": "kraftledning", "sjøstatus": null }, "geometry": { "type": "MultiLineString", "coordinates": [ [ [ 2.274325107899258, 61.214360822053386 ], [ 2.227509254747192, 61.139248292605423 ], [ 2.218016325516035, 61.138708497775617 ], [ 2.184208017434996, 61.097379622982366 ], [ 2.189726622009691, 61.096009337098785 ] ] ] } },
{ "type": "Feature", "properties": { "gml_id": "id59edf202-40d0-445c-8078-2fe33ef5b47e", "lokalId": "6410942a-9064-4e04-812c-d902fa3632d5", "navnerom": "https://data.geonorge.no/sosi/kyst/sjokart_maritim_infrastruktur", "førsteDatafangstdato": null, "oppdateringsdato": "2019-05-28T00:00:00", "datauttaksdato": "2025-05-01T00:00:32", "målemetode": "ukjentMålemetode", "kabeltype": "kraftledning", "sjøstatus": null }, "geometry": { "type": "MultiLineString", "coordinates": [ [ [ 6.63993511792617, 58.189261423451988 ], [ 6.507538344981736, 58.1487313246272 ], [ 6.480000345981758, 58.136307860624967 ], [ 6.471249985981754, 58.122795057623428 ], [ 6.862318594986241, 57.15221381347763 ] ] ] } },
{ "type": "Feature", "properties": { "gml_id": "id92867829-941f-4e90-9e74-b20f2438eb04", "lokalId": "52bae11b-04f3-470e-bd2a-c069aa1ed7a5", "navnerom": "https://data.geonorge.no/sosi/kyst/sjokart_maritim_infrastruktur", "førsteDatafangstdato": null, "oppdateringsdato": "2019-05-28T00:00:00", "datauttaksdato": "2025-05-01T00:00:32", "målemetode": "ukjentMålemetode", "kabeltype": "kraftledning", "sjøstatus": null }, "geometry": { "type": "MultiLineString", "coordinates": [ [ [ 6.640415764620344, 58.189150699005211 ], [ 6.493452894981766, 58.142794948626197 ], [ 6.471879724981789, 58.123612315623504 ], [ 6.863070967708813, 57.152444400564292 ] ] ] } },
{ "type": "Feature", "properties": { "gml_id": "ideb084e7b-6fd7-4707-b58c-1d9179961cec", "lokalId": "d0593945-6566-45d5-a032-056fd936b995", "navnerom": "https://data.geonorge.no/sosi/kyst/sjokart_maritim_infrastruktur", "førsteDatafangstdato": null, "oppdateringsdato": "2015-10-28T00:00:00", "datauttaksdato": "2025-05-01T00:00:32", "målemetode": "ukjentMålemetode", "kabeltype": null, "sjøstatus": null }, "geometry": { "type": "MultiLineString", "coordinates": [ [ [ 21.225685859180587, 71.569494548189851 ], [ 21.167648474073282, 71.604266858258626 ], [ 21.110561400925512, 71.621168591496982 ], [ 21.067640066736114, 71.657256310530414 ] ] ] } },
{ "type": "Feature", "properties": { "gml_id": "idae0548b6-a4c2-4d7f-b23b-c17d801d228a", "lokalId": "a6bc88cc-c709-465b-a177-46a4ed1433e6", "navnerom": "https://data.geonorge.no/sosi/kyst/sjokart_maritim_infrastruktur", "førsteDatafangstdato": null, "oppdateringsdato": "2017-09-14T00:00:00", "datauttaksdato": "2025-05-01T00:00:32", "målemetode": "ukjentMålemetode", "kabeltype": "kraftledning", "sjøstatus": null }, "geometry": { "type": "MultiLineString", "coordinates": [ [ [ 6.948166666659882, 62.888254609031343 ], [ 6.948179238113364, 62.887803904671095 ] ] ] } },
{ "type": "Feature", "properties": { "gml_id": "idd6ba6641-1268-4f86-85ee-f5fb17d8e686", "lokalId": "f7fae8fe-d13d-4d39-8a7e-41bb379ebab4", "navnerom": "https://data.geonorge.no/sosi/kyst/sjokart_maritim_infrastruktur", "førsteDatafangstdato": null, "oppdateringsdato": "2017-09-20T00:00:00", "datauttaksdato": "2025-05-01T00:00:32", "målemetode": "ukjentMålemetode", "kabeltype": "kraftledning", "sjøstatus": null }, "geometry": { "type": "MultiLineString", "coordinates": [ [ [ 13.316342529730182, 68.105821600119128 ], [ 13.316551881382718, 68.106178766627096 ] ] ] } },
{ "type": "Feature", "properties": { "gml_id": "idef5c0fc5-5f7f-484d-9607-b60d358f3bf8", "lokalId": "bc513ce8-0a6b-4ac1-871d-5703cd75b468", "navnerom": "https://data.geonorge.no/sosi/kyst/sjokart_maritim_infrastruktur", "førsteDatafangstdato": null, "oppdateringsdato": "2017-06-27T00:00:00", "datauttaksdato": "2025-05-01T00:00:32", "målemetode": "ukjentMålemetode", "kabeltype": "telefonledning", "sjøstatus": null }, "geometry": { "type": "MultiLineString", "coordinates": [ [ [ 14.389615313494092, 68.909898937218486 ], [ 14.445813948504798, 68.910552845922595 ], [ 14.495420910500806, 68.897160014685937 ], [ 14.625914983817596, 68.840895606742137 ], [ 14.569881609409419, 68.807851546060846 ] ] ] } },
{ "type": "Feature", "properties": { "gml_id": "id048647ce-7215-4dc8-8ba3-d69cc528ae36", "lokalId": "377c3815-2ebe-4fcf-b31c-9cd1c4b744be", "navnerom": "https://data.geonorge.no/sosi/kyst/sjokart_maritim_infrastruktur", "førsteDatafangstdato": null, "oppdateringsdato": "2015-11-23T00:00:00", "datauttaksdato": "2025-05-01T00:00:32", "målemetode": "ukjentMålemetode", "kabeltype": null, "sjøstatus": null }, "geometry": { "type": "MultiLineString", "coordinates": [ [ [ 7.780056425280349, 64.352512600889085 ], [ 7.738875563068676, 64.337037078567576 ], [ 7.737000999723862, 64.3104417886764 ] ] ] } },
{ "type": "Feature", "properties": { "gml_id": "id5d9c03b2-42a2-4f54-8d39-2f3b0eddd1e7", "lokalId": "6ee5d6a8-13a3-4cf0-8104-a152543db71b", "navnerom": "https://data.geonorge.no/sosi/kyst/sjokart_maritim_infrastruktur", "førsteDatafangstdato": null, "oppdateringsdato": "2015-11-23T00:00:00", "datauttaksdato": "2025-05-01T00:00:32", "målemetode": "ukjentMålemetode", "kabeltype": null, "sjøstatus": null }, "geometry": { "type": "MultiLineString", "coordinates": [ [ [ 7.779953836179328, 64.352585324742904 ], [ 7.722741987216442, 64.342055857955543 ] ] ] } },
{ "type": "Feature", "properties": { "gml_id": "idca6d5470-3572-4bcb-ac9a-b9381959541c", "lokalId": "5e4ae788-108e-4f30-b5fe-0839c095720f", "navnerom": "https://data.geonorge.no/sosi/kyst/sjokart_maritim_infrastruktur", "førsteDatafangstdato": null, "oppdateringsdato": "2015-11-23T00:00:00", "datauttaksdato": "2025-05-01T00:00:32", "målemetode": "ukjentMålemetode", "kabeltype": null, "sjøstatus": null }, "geometry": { "type": "MultiLineString", "coordinates": [ [ [ 7.781602756468859, 64.352601379591619 ], [ 7.750864656120819, 64.340025528990324 ] ] ] } },
{ "type": "Feature", "properties": { "gml_id": "ida4027ac2-6e38-4bde-9f48-c529e0b48ede", "lokalId": "a978d0cf-5d1a-4ddc-ad2d-5af3547fe9fc", "navnerom": "https://data.geonorge.no/sosi/kyst/sjokart_maritim_infrastruktur", "førsteDatafangstdato": null, "oppdateringsdato": "2015-11-23T00:00:00", "datauttaksdato": "2025-05-01T00:00:32", "målemetode": "ukjentMålemetode", "kabeltype": null, "sjøstatus": null }, "geometry": { "type": "MultiLineString", "coordinates": [ [ [ 7.781052360901605, 64.353260131329279 ], [ 7.789550085096279, 64.370209108030281 ] ] ] } },
{ "type": "Feature", "properties": { "gml_id": "idbc52cecc-2d3b-4f0e-9263-47cfe2625c82", "lokalId": "45bfe6f4-7eea-49bf-935e-c97eddf2a610", "navnerom": "https://data.geonorge.no/sosi/kyst/sjokart_maritim_infrastruktur", "førsteDatafangstdato": null, "oppdateringsdato": "2015-11-23T00:00:00", "datauttaksdato": "2025-05-01T00:00:32", "målemetode": "ukjentMålemetode", "kabeltype": null, "sjøstatus": null }, "geometry": { "type": "MultiLineString", "coordinates": [ [ [ 7.722445413680234, 64.341941310356262 ], [ 7.728997405179515, 64.2621208465834 ] ] ] } },
{ "type": "Feature", "properties": { "gml_id": "id5bb14292-a14f-4cc2-a161-c87729c4ac4c", "lokalId": "c8f6245f-e56c-4e5d-a07a-e6d6c88b449a", "navnerom": "https://data.geonorge.no/sosi/kyst/sjokart_maritim_infrastruktur", "førsteDatafangstdato": null, "oppdateringsdato": "2017-12-11T00:00:00", "datauttaksdato": "2025-05-01T00:00:32", "målemetode": "ukjentMålemetode", "kabeltype": "kraftledning", "sjøstatus": null }, "geometry": { "type": "MultiLineString", "coordinates": [ [ [ 2.826398028699308, 60.491747758345561 ], [ 2.831298128759851, 60.493742795834315 ], [ 2.816372910410733, 60.510963360702043 ], [ 2.732018385623623, 60.548050946315826 ] ] ] } },
{ "type": "Feature", "properties": { "gml_id": "ida745f497-2c92-486c-bb22-c50a649425a9", "lokalId": "31a936ce-0afb-4dce-a8ed-9d1d51bcd83e", "navnerom": "https://data.geonorge.no/sosi/kyst/sjokart_maritim_infrastruktur", "førsteDatafangstdato": null, "oppdateringsdato": "2019-10-28T00:00:00", "datauttaksdato": "2025-05-01T00:00:33", "målemetode": "ukjentMålemetode", "kabeltype": "kraftledning", "sjøstatus": "ikkeIBruk" }, "geometry": { "type": "MultiLineString", "coordinates": [ [ [ 2.649951055956524, 60.855516822971381 ], [ 2.674703152719179, 60.841957783599831 ], [ 2.895976141487687, 60.782495317185692 ] ] ] } },
{ "type": "Feature", "properties": { "gml_id": "iddda05ec4-0c06-4f12-a41c-80d706c47797", "lokalId": "5caca810-f661-4b44-98e6-3b78679f66bd", "navnerom": "https://data.geonorge.no/sosi/kyst/sjokart_maritim_infrastruktur", "førsteDatafangstdato": null, "oppdateringsdato": "2018-01-10T00:00:00", "datauttaksdato": "2025-05-01T00:00:33", "målemetode": "ukjentMålemetode", "kabeltype": "kraftledning", "sjøstatus": null }, "geometry": { "type": "MultiLineString", "coordinates": [ [ [ 7.01063338127343, 67.072614126647849 ], [ 6.87987684930153, 67.045651521349313 ] ] ] } },
{ "type": "Feature", "properties": { "gml_id": "id8265e943-d916-47b4-a1fb-f9ace8bfe0d3", "lokalId": "e94ef730-8ad4-4132-8ba3-30fe9315b5b7", "navnerom": "https://data.geonorge.no/sosi/kyst/sjokart_maritim_infrastruktur", "førsteDatafangstdato": null, "oppdateringsdato": "2018-01-10T00:00:00", "datauttaksdato": "2025-05-01T00:00:33", "målemetode": "ukjentMålemetode", "kabeltype": "kraftledning", "sjøstatus": null }, "geometry": { "type": "MultiLineString", "coordinates": [ [ [ 7.010210373875733, 67.072532632053267 ], [ 7.040676732900009, 67.033955260652547 ] ] ] } },
{ "type": "Feature", "properties": { "gml_id": "ide824c457-ddcb-440e-bc05-b41c0145c958", "lokalId": "ca58f1de-10f4-4204-b478-fc44e49182aa", "navnerom": "https://data.geonorge.no/sosi/kyst/sjokart_maritim_infrastruktur", "førsteDatafangstdato": null, "oppdateringsdato": "2018-01-10T00:00:00", "datauttaksdato": "2025-05-01T00:00:33", "målemetode": "ukjentMålemetode", "kabeltype": "kraftledning", "sjøstatus": null }, "geometry": { "type": "MultiLineString", "coordinates": [ [ [ 7.041065873263244, 67.034049878013278 ], [ 7.088446125349547, 67.045087522625977 ], [ 7.095774267491239, 67.058258614927809 ] ] ] } },
{ "type": "Feature", "properties": { "gml_id": "idb93562c5-de54-4b91-9b84-709342bb5aca", "lokalId": "aea344cf-cc52-42ac-a7ed-68d6853c6d57", "navnerom": "https://data.geonorge.no/sosi/kyst/sjokart_maritim_infrastruktur", "førsteDatafangstdato": null, "oppdateringsdato": "2019-11-25T00:00:00", "datauttaksdato": "2025-05-01T00:00:33", "målemetode": "ukjentMålemetode", "kabeltype": "kraftledning", "sjøstatus": null }, "geometry": { "type": "MultiLineString", "coordinates": [ [ [ 7.725373419081152, 65.738614293880005 ], [ 7.719400293483311, 65.738847781226383 ], [ 7.720379855994962, 65.724103989595619 ], [ 7.7045144124197, 65.706569098720649 ], [ 7.659419022886206, 65.697238112053995 ] ] ] } },
{ "type": "Feature", "properties": { "gml_id": "id1eb41f61-52b2-403c-a24c-bd3156f80cf1", "lokalId": "16611db1-93f4-4d7e-8650-c5d15b99f22c", "navnerom": "https://data.geonorge.no/sosi/kyst/sjokart_maritim_infrastruktur", "førsteDatafangstdato": null, "oppdateringsdato": "2019-11-25T00:00:00", "datauttaksdato": "2025-05-01T00:00:33", "målemetode": "ukjentMålemetode", "kabeltype": "kraftledning", "sjøstatus": null }, "geometry": { "type": "MultiLineString", "coordinates": [ [ [ 7.673912042828253, 65.697683093431735 ], [ 7.659419037259211, 65.697238112054009 ] ] ] } },
{ "type": "Feature", "properties": { "gml_id": "id14a9bb65-0b4c-4de7-9038-e68d0790de5c", "lokalId": "57ad0cfd-8cc7-4d02-bdf6-227daeddbe94", "navnerom": "https://data.geonorge.no/sosi/kyst/sjokart_maritim_infrastruktur", "førsteDatafangstdato": null, "oppdateringsdato": "2019-11-25T00:00:00", "datauttaksdato": "2025-05-01T00:00:33", "målemetode": "ukjentMålemetode", "kabeltype": "kraftledning", "sjøstatus": null }, "geometry": { "type": "MultiLineString", "coordinates": [ [ [ 7.650732264681312, 65.700935913740778 ], [ 7.642072242136068, 65.695688065384573 ] ] ] } },
{ "type": "Feature", "properties": { "gml_id": "ide8cd97cb-7b04-41cc-b5ef-1259b2689e3a", "lokalId": "815fbf3e-b432-44f8-9b33-440b52b03dc7", "navnerom": "https://data.geonorge.no/sosi/kyst/sjokart_maritim_infrastruktur", "førsteDatafangstdato": null, "oppdateringsdato": "2019-11-25T00:00:00", "datauttaksdato": "2025-05-01T00:00:33", "målemetode": "ukjentMålemetode", "kabeltype": "kraftledning", "sjøstatus": null }, "geometry": { "type": "MultiLineString", "coordinates": [ [ [ 7.642123161341422, 65.695629800480205 ], [ 7.652712439926809, 65.693906135282759 ] ] ] } },
{ "type": "Feature", "properties": { "gml_id": "id1732acfb-da13-4ede-819c-590700afaf13", "lokalId": "c003e1a2-7be8-4b2b-ac22-c1c5bc339284", "navnerom": "https://data.geonorge.no/sosi/kyst/sjokart_maritim_infrastruktur", "førsteDatafangstdato": null, "oppdateringsdato": "2016-12-08T00:00:00", "datauttaksdato": "2025-05-01T00:00:33", "målemetode": "ukjentMålemetode", "kabeltype": "ukjent", "sjøstatus": null }, "geometry": { "type": "MultiLineString", "coordinates": [ [ [ 2.385763883367737, 59.191087225968708 ], [ 2.384751899826851, 59.210631741532644 ], [ 2.448539180958682, 59.265650279759548 ] ] ] } },
{ "type": "Feature", "properties": { "gml_id": "ida5c7b27c-bf5c-429a-ab0b-8c02be7edc6d", "lokalId": "0d95ecfb-d3b1-4d53-8504-4b4a60014968", "navnerom": "https://data.geonorge.no/sosi/kyst/sjokart_maritim_infrastruktur", "førsteDatafangstdato": null, "oppdateringsdato": "2016-04-29T00:00:00", "datauttaksdato": "2025-05-01T00:00:33", "målemetode": "ukjentMålemetode", "kabeltype": null, "sjøstatus": null }, "geometry": { "type": "MultiLineString", "coordinates": [ [ [ 13.014002642517495, 67.991795274350608 ], [ 13.035319510728208, 67.964267185499494 ], [ 13.045360830080494, 67.962531822994691 ] ] ] } },
{ "type": "Feature", "properties": { "gml_id": "idab838c54-90b7-4860-91f0-359ac1831d1c", "lokalId": "f89bcc30-2b03-4e3b-9131-2ea5ae2363da", "navnerom": "https://data.geonorge.no/sosi/kyst/sjokart_maritim_infrastruktur", "førsteDatafangstdato": null, "oppdateringsdato": "2016-04-29T00:00:00", "datauttaksdato": "2025-05-01T00:00:33", "målemetode": "ukjentMålemetode", "kabeltype": null, "sjøstatus": null }, "geometry": { "type": "MultiLineString", "coordinates": [ [ [ 13.045374135180607, 67.962499686332265 ], [ 13.026661099182503, 67.95448041160779 ], [ 13.005352791784333, 67.958205666006364 ] ] ] } },
{ "type": "Feature", "properties": { "gml_id": "idc3c6112c-c3c6-4f63-9f97-4f6a95af1206", "lokalId": "297634a4-7c6f-4fc9-876e-85b64ab3deb5", "navnerom": "https://data.geonorge.no/sosi/kyst/sjokart_maritim_infrastruktur", "førsteDatafangstdato": null, "oppdateringsdato": "2016-04-29T00:00:00", "datauttaksdato": "2025-05-01T00:00:33", "målemetode": "ukjentMålemetode", "kabeltype": null, "sjøstatus": null }, "geometry": { "type": "MultiLineString", "coordinates": [ [ [ 13.00508051631541, 67.958128327320949 ], [ 13.011706726089393, 67.95576420134374 ], [ 13.003346449423201, 67.949348745252479 ] ] ] } },
{ "type": "Feature", "properties": { "gml_id": "idd9f442eb-aa52-49df-886b-d5dae0204620", "lokalId": "5679e818-bfd1-4f2c-b3c8-ec8f515c2d98", "navnerom": "https://data.geonorge.no/sosi/kyst/sjokart_maritim_infrastruktur", "førsteDatafangstdato": null, "oppdateringsdato": "2016-04-29T00:00:00", "datauttaksdato": "2025-05-01T00:00:33", "målemetode": "ukjentMålemetode", "kabeltype": null, "sjøstatus": null }, "geometry": { "type": "MultiLineString", "coordinates": [ [ [ 12.98125113759769, 67.940477342039429 ], [ 13.011121239237296, 67.955725805865697 ], [ 13.004945178227091, 67.958089885114305 ] ] ] } },
{ "type": "Feature", "properties": { "gml_id": "id0d3038ad-69a0-4161-a170-8d27b93e9e83", "lokalId": "6c4ba3da-83de-4af3-ab96-0e56383f1ad2", "navnerom": "https://data.geonorge.no/sosi/kyst/sjokart_maritim_infrastruktur", "førsteDatafangstdato": null, "oppdateringsdato": "2019-09-25T00:00:00", "datauttaksdato": "2025-05-01T00:00:33", "målemetode": "ukjentMålemetode", "kabeltype": null, "sjøstatus": null }, "geometry": { "type": "MultiLineString", "coordinates": [ [ [ 2.596109442108651, 58.784142843557717 ], [ 2.651092033683115, 58.766293651207015 ] ] ] } },
{ "type": "Feature", "properties": { "gml_id": "id53068eca-4ce9-45f0-b055-a3dbce133903", "lokalId": "1d8ada04-2695-477a-8387-d480c512962c", "navnerom": "https://data.geonorge.no/sosi/kyst/sjokart_maritim_infrastruktur", "førsteDatafangstdato": null, "oppdateringsdato": "2016-04-26T00:00:00", "datauttaksdato": "2025-05-01T00:00:33", "målemetode": "ukjentMålemetode", "kabeltype": "kraftledning", "sjøstatus": null }, "geometry": { "type": "MultiLineString", "coordinates": [ [ [ 12.070484501109092, 65.642003845605146 ], [ 12.152388350981502, 65.634500415376564 ] ] ] } },
{ "type": "Feature", "properties": { "gml_id": "id7f9db7de-b5d0-4d81-9510-f70268c387f6", "lokalId": "4510c571-20e0-4fb8-a98b-153e8a27e335", "navnerom": "https://data.geonorge.no/sosi/kyst/sjokart_maritim_infrastruktur", "førsteDatafangstdato": null, "oppdateringsdato": "2019-09-25T00:00:00", "datauttaksdato": "2025-05-01T00:00:33", "målemetode": "ukjentMålemetode", "kabeltype": null, "sjøstatus": null }, "geometry": { "type": "MultiLineString", "coordinates": [ [ [ 2.555095107392436, 58.836047572826814 ], [ 2.554049063542466, 58.819922323957115 ], [ 2.596367988574105, 58.784222056754835 ] ] ] } },
{ "type": "Feature", "properties": { "gml_id": "id9376fe0b-6240-4dbc-9474-6344e7d00c28", "lokalId": "b09ff534-9ed2-4e20-9be4-d2dee71ea662", "navnerom": "https://data.geonorge.no/sosi/kyst/sjokart_maritim_infrastruktur", "førsteDatafangstdato": null, "oppdateringsdato": "2019-11-25T00:00:00", "datauttaksdato": "2025-05-01T00:00:33", "målemetode": "ukjentMålemetode", "kabeltype": "kraftledning", "sjøstatus": null }, "geometry": { "type": "MultiLineString", "coordinates": [ [ [ 7.717181724226111, 65.796451280960667 ], [ 7.71940832352356, 65.738744904029218 ], [ 7.725372483036715, 65.738617849222209 ] ] ] } },
{ "type": "Feature", "properties": { "gml_id": "id0510365c-4a58-4806-8f65-146b4a318bd6", "lokalId": "0d1d46a9-d67f-4b85-b3ee-1de5fda9a154", "navnerom": "https://data.geonorge.no/sosi/kyst/sjokart_maritim_infrastruktur", "førsteDatafangstdato": null, "oppdateringsdato": "2019-11-25T00:00:00", "datauttaksdato": "2025-05-01T00:00:33", "målemetode": "ukjentMålemetode", "kabeltype": "kraftledning", "sjøstatus": null }, "geometry": { "type": "MultiLineString", "coordinates": [ [ [ 7.650827325303105, 65.70093976629795 ], [ 7.644023651529601, 65.726816858925375 ], [ 7.649535231717552, 65.737908201048967 ] ] ] } },
{ "type": "Feature", "properties": { "gml_id": "id3f51d9ff-f743-4918-b4cf-1c8b6aede694", "lokalId": "52fb97c4-c286-4159-b261-5fe8c10e687c", "navnerom": "https://data.geonorge.no/sosi/kyst/sjokart_maritim_infrastruktur", "førsteDatafangstdato": null, "oppdateringsdato": "2015-09-09T00:00:00", "datauttaksdato": "2025-05-01T00:00:33", "målemetode": "ukjentMålemetode", "kabeltype": "ukjent", "sjøstatus": null }, "geometry": { "type": "MultiLineString", "coordinates": [ [ [ 2.624070390899316, 60.852243098526706 ], [ 2.629307348383982, 60.854817121788358 ] ] ] } },
{ "type": "Feature", "properties": { "gml_id": "id070ba1ba-2132-4b06-89f9-7634d6093340", "lokalId": "2183547a-5f2e-4f3c-9cef-8abc1c56294e", "navnerom": "https://data.geonorge.no/sosi/kyst/sjokart_maritim_infrastruktur", "førsteDatafangstdato": null, "oppdateringsdato": "2015-09-09T00:00:00", "datauttaksdato": "2025-05-01T00:00:33", "målemetode": "ukjentMålemetode", "kabeltype": "ukjent", "sjøstatus": null }, "geometry": { "type": "MultiLineString", "coordinates": [ [ [ 2.017199466188453, 60.510146052523993 ], [ 2.020985321497412, 60.51320947862051 ] ] ] } },
{ "type": "Feature", "properties": { "gml_id": "id93eae0ca-09f2-406a-9fa4-edcee401e6d7", "lokalId": "0d99742b-5721-4c2e-b1c4-c9abe4bff4b4", "navnerom": "https://data.geonorge.no/sosi/kyst/sjokart_maritim_infrastruktur", "førsteDatafangstdato": null, "oppdateringsdato": "2018-06-13T00:00:00", "datauttaksdato": "2025-05-01T00:00:33", "målemetode": "ukjentMålemetode", "kabeltype": "kraftledning", "sjøstatus": null }, "geometry": { "type": "MultiLineString", "coordinates": [ [ [ 12.127945733648861, 67.517538883379885 ], [ 12.185387221592702, 67.517330727215537 ], [ 12.25, 67.531138825041367 ] ] ] } },
{ "type": "Feature", "properties": { "gml_id": "id15ee80e4-ac68-4149-8533-0e4b98f2d440", "lokalId": "733908d8-85d5-49f5-919f-baf4f07ad257", "navnerom": "https://data.geonorge.no/sosi/kyst/sjokart_maritim_infrastruktur", "førsteDatafangstdato": null, "oppdateringsdato": "2018-06-13T00:00:00", "datauttaksdato": "2025-05-01T00:00:33", "målemetode": "ukjentMålemetode", "kabeltype": "telefonledning", "sjøstatus": null }, "geometry": { "type": "MultiLineString", "coordinates": [ [ [ 12.127332972062568, 67.517107170724373 ], [ 12.243729091040503, 67.512213731306261 ], [ 12.266876663445906, 67.490981888205141 ], [ 12.299091562676004, 67.483777614222348 ], [ 13.465335842221503, 67.260628388423598 ], [ 13.50000514484749, 67.259442215784901 ] ] ] } },
{ "type": "Feature", "properties": { "gml_id": "id40e9f814-0e33-4744-b877-6d223c6f9499", "lokalId": "e1aa7a77-53d0-43b9-8406-e79042e9afd9", "navnerom": "https://data.geonorge.no/sosi/kyst/sjokart_maritim_infrastruktur", "førsteDatafangstdato": null, "oppdateringsdato": "2018-08-28T00:00:00", "datauttaksdato": "2025-05-01T00:00:33", "målemetode": "ukjentMålemetode", "kabeltype": "kraftledning", "sjøstatus": null }, "geometry": { "type": "MultiLineString", "coordinates": [ [ [ 6.786639512931843, 64.835968354085693 ], [ 6.838571146508936, 64.865969334966422 ] ] ] } },
{ "type": "Feature", "properties": { "gml_id": "id10cfb8c7-5b3d-472e-98cf-b1cbfe4a15be", "lokalId": "12fa666f-6a20-4d8e-840f-52b966ff3356", "navnerom": "https://data.geonorge.no/sosi/kyst/sjokart_maritim_infrastruktur", "førsteDatafangstdato": null, "oppdateringsdato": "2018-08-28T00:00:00", "datauttaksdato": "2025-05-01T00:00:33", "målemetode": "ukjentMålemetode", "kabeltype": "kraftledning", "sjøstatus": null }, "geometry": { "type": "MultiLineString", "coordinates": [ [ [ 6.838561763154923, 64.86610385235133 ], [ 6.87013827085379, 64.97350136094191 ], [ 6.873311715046939, 65.030319527314944 ] ] ] } },
{ "type": "Feature", "properties": { "gml_id": "id9885e72e-4dd8-48a1-9aca-4bd80800c19b", "lokalId": "532b69fd-9ca5-4992-a797-6ba45adc13d0", "navnerom": "https://data.geonorge.no/sosi/kyst/sjokart_maritim_infrastruktur", "førsteDatafangstdato": null, "oppdateringsdato": "2016-06-24T00:00:00", "datauttaksdato": "2025-05-01T00:00:33", "målemetode": "ukjentMålemetode", "kabeltype": null, "sjøstatus": null }, "geometry": { "type": "MultiLineString", "coordinates": [ [ [ 4.831781784242653, 60.872209774676428 ], [ 4.903109193920779, 60.850164132049194 ] ] ] } },
{ "type": "Feature", "properties": { "gml_id": "ida5eee01b-efb7-45f1-9260-278d1933ee5b", "lokalId": "3003af16-38f5-4504-a253-d6c626a3d631", "navnerom": "https://data.geonorge.no/sosi/kyst/sjokart_maritim_infrastruktur", "førsteDatafangstdato": null, "oppdateringsdato": "2019-10-25T00:00:00", "datauttaksdato": "2025-05-01T00:00:33", "målemetode": "ukjentMålemetode", "kabeltype": "kraftledning", "sjøstatus": null }, "geometry": { "type": "MultiLineString", "coordinates": [ [ [ 6.862336304391924, 67.085485788710542 ], [ 6.879736407563191, 67.045625501820609 ] ] ] } },
{ "type": "Feature", "properties": { "gml_id": "id3524cfde-8f71-426c-9847-ad66228c4fe8", "lokalId": "6be5fd81-30b3-4e16-baf0-ca32f304bc4c", "navnerom": "https://data.geonorge.no/sosi/kyst/sjokart_maritim_infrastruktur", "førsteDatafangstdato": null, "oppdateringsdato": "2015-05-19T00:00:00", "datauttaksdato": "2025-05-01T00:00:34", "målemetode": "ukjentMålemetode", "kabeltype": "kraftledning", "sjøstatus": null }, "geometry": { "type": "MultiLineString", "coordinates": [ [ [ 5.157535288645585, 59.139615234026046 ], [ 5.180519777945949, 59.140531766051097 ], [ 5.18261106782315, 59.153673970109487 ], [ 5.196289107498014, 59.157742775717153 ] ] ] } },
{ "type": "Feature", "properties": { "gml_id": "ida8af5fe4-1bf3-4db6-839a-2d6fcc70d23d", "lokalId": "6e61e8ef-d55a-449f-ad37-e166ee43db1e", "navnerom": "https://data.geonorge.no/sosi/kyst/sjokart_maritim_infrastruktur", "førsteDatafangstdato": null, "oppdateringsdato": "2018-09-21T00:00:00", "datauttaksdato": "2025-05-01T00:00:34", "målemetode": "ukjentMålemetode", "kabeltype": "kraftledning", "sjøstatus": null }, "geometry": { "type": "MultiLineString", "coordinates": [ [ [ 5.462258716949511, 59.113319075146187 ], [ 5.325908443002252, 59.086525795778343 ], [ 5.255411010983845, 59.09079903445997 ], [ 5.207904864761796, 59.07806330364452 ], [ 5.158218620528019, 59.077266177897172 ], [ 5.094960176088621, 59.091943222124456 ], [ 3.989721848770867, 59.004263898848613 ], [ 2.937625057462587, 58.907057375402182 ], [ 2.704982864182756, 58.8837406565872 ], [ 2.556051747500348, 58.836675835283188 ] ] ] } },
{ "type": "Feature", "properties": { "gml_id": "id901ac7f9-312d-427f-9db8-d446e080bfee", "lokalId": "bdee5caa-b99b-47a8-afa7-29ab439c3492", "navnerom": "https://data.geonorge.no/sosi/kyst/sjokart_maritim_infrastruktur", "førsteDatafangstdato": "1999-09-17T00:00:00", "oppdateringsdato": "2017-02-22T00:00:00", "datauttaksdato": "2025-05-01T00:00:34", "målemetode": "ukjentMålemetode", "kabeltype": null, "sjøstatus": "ikkeIBruk" }, "geometry": { "type": "MultiLineString", "coordinates": [ [ [ 6.915825057209918, 62.902970739627257 ], [ 6.877233055555563, 62.882972777244646 ] ] ] } },
{ "type": "Feature", "properties": { "gml_id": "id70f6fd0d-e384-476a-a55c-8c8ebbd09b3b", "lokalId": "5b2395ce-c098-4d19-b2ea-d6fad7e1441f", "navnerom": "https://data.geonorge.no/sosi/kyst/sjokart_maritim_infrastruktur", "førsteDatafangstdato": null, "oppdateringsdato": "2018-10-09T00:00:00", "datauttaksdato": "2025-05-01T00:00:34", "målemetode": "ukjentMålemetode", "kabeltype": null, "sjøstatus": null }, "geometry": { "type": "MultiLineString", "coordinates": [ [ [ 2.512868617286214, 58.830225582935363 ], [ 2.544989518411821, 58.835944111928768 ] ] ] } },
{ "type": "Feature", "properties": { "gml_id": "id732d7b49-0dc6-4656-9780-e2b554c0dfa2", "lokalId": "80db607a-d873-4ac8-8374-f2745249ac19", "navnerom": "https://data.geonorge.no/sosi/kyst/sjokart_maritim_infrastruktur", "førsteDatafangstdato": null, "oppdateringsdato": "2015-09-04T00:00:00", "datauttaksdato": "2025-05-01T00:00:34", "målemetode": "ukjentMålemetode", "kabeltype": "ukjent", "sjøstatus": null }, "geometry": { "type": "MultiLineString", "coordinates": [ [ [ 2.245777953, 59.572274401443359 ], [ 2.239644519499996, 59.569709666109844 ] ] ] } },
{ "type": "Feature", "properties": { "gml_id": "idc6f828a4-6833-4389-a971-a325e74e3019", "lokalId": "8959d80d-d823-4894-b373-06bcd465e16b", "navnerom": "https://data.geonorge.no/sosi/kyst/sjokart_maritim_infrastruktur", "førsteDatafangstdato": null, "oppdateringsdato": "2017-06-25T00:00:00", "datauttaksdato": "2025-05-01T00:00:34", "målemetode": "ukjentMålemetode", "kabeltype": "kraftledning", "sjøstatus": null }, "geometry": { "type": "MultiLineString", "coordinates": [ [ [ 5.442103962070992, 59.066597399181703 ], [ 5.484750535674826, 59.046248838003997 ], [ 5.498408189818176, 59.04714826948041 ], [ 5.498268329796339, 59.053663029384253 ], [ 5.591067639249299, 59.018976915467199 ] ] ] } },
{ "type": "Feature", "properties": { "gml_id": "ide5ef9319-3dbf-492e-9c22-e0112ec630b4", "lokalId": "95cd87f5-48d3-4b5e-a716-4ba00b28cff1", "navnerom": "https://data.geonorge.no/sosi/kyst/sjokart_maritim_infrastruktur", "førsteDatafangstdato": null, "oppdateringsdato": "2017-11-10T00:00:00", "datauttaksdato": "2025-05-01T00:00:34", "målemetode": "ukjentMålemetode", "kabeltype": "kraftledning", "sjøstatus": null }, "geometry": { "type": "MultiLineString", "coordinates": [ [ [ 6.556818343569796, 64.996070583965533 ], [ 6.598808532422363, 65.009124763548726 ], [ 6.946366705088716, 65.001776724722461 ], [ 6.977946682700929, 64.990068598854023 ], [ 6.975040369863461, 64.974395447190673 ] ] ] } },
{ "type": "Feature", "properties": { "gml_id": "idc8989bec-451e-4d72-b1a8-9c444e410558", "lokalId": "92e550da-5f76-4dd3-a41d-4663f5fed247", "navnerom": "https://data.geonorge.no/sosi/kyst/sjokart_maritim_infrastruktur", "førsteDatafangstdato": null, "oppdateringsdato": "2017-11-10T00:00:00", "datauttaksdato": "2025-05-01T00:00:34", "målemetode": "ukjentMålemetode", "kabeltype": "kraftledning", "sjøstatus": null }, "geometry": { "type": "MultiLineString", "coordinates": [ [ [ 6.974840987015699, 64.974331871744567 ], [ 6.952947084716349, 64.946990924714214 ] ] ] } },
{ "type": "Feature", "properties": { "gml_id": "id49ed812f-5a13-4a21-8ced-b77c0018f8fc", "lokalId": "7966d257-f54f-49a2-816b-30cb4f604226", "navnerom": "https://data.geonorge.no/sosi/kyst/sjokart_maritim_infrastruktur", "førsteDatafangstdato": "2001-08-01T00:00:00", "oppdateringsdato": "2016-09-21T00:00:00", "datauttaksdato": "2025-05-01T00:00:34", "målemetode": "ukjentMålemetode", "kabeltype": "kraftledning", "sjøstatus": null }, "geometry": { "type": "MultiLineString", "coordinates": [ [ [ 5.18847455951169, 59.384543042525792 ], [ 5.189715349876625, 59.384410500974198 ] ] ] } },
{ "type": "Feature", "properties": { "gml_id": "id987ec30f-de68-4ceb-84d9-c5c04ca1cea7", "lokalId": "ec2067e2-c951-4b5d-a878-c8a07a5f509f", "navnerom": "https://data.geonorge.no/sosi/kyst/sjokart_maritim_infrastruktur", "førsteDatafangstdato": "2001-07-19T00:00:00", "oppdateringsdato": "2016-09-21T00:00:00", "datauttaksdato": "2025-05-01T00:00:34", "målemetode": "ukjentMålemetode", "kabeltype": null, "sjøstatus": null }, "geometry": { "type": "MultiLineString", "coordinates": [ [ [ 5.166935832539397, 59.379022868653614 ], [ 5.172225197212816, 59.376593188289164 ] ], [ [ 5.172318399050282, 59.376580040200977 ], [ 5.185278997186961, 59.37685238698613 ] ] ] } },
{ "type": "Feature", "properties": { "gml_id": "id96650be8-5bcc-49a5-8599-8bc6d9411a99", "lokalId": "a500b271-d39c-4345-ab66-205d8d71a73a", "navnerom": "https://data.geonorge.no/sosi/kyst/sjokart_maritim_infrastruktur", "førsteDatafangstdato": "2001-12-03T00:00:00", "oppdateringsdato": "2016-04-25T00:00:00", "datauttaksdato": "2025-05-01T00:00:34", "målemetode": "ukjentMålemetode", "kabeltype": null, "sjøstatus": null }, "geometry": { "type": "MultiLineString", "coordinates": [ [ [ 5.316714928213563, 59.13626697186735 ], [ 5.321666666666657, 59.120555554797633 ], [ 5.35388888888889, 59.116388888130764 ], [ 5.3870325, 59.089008332573009 ] ] ] } },
{ "type": "Feature", "properties": { "gml_id": "id0f1a8808-606d-4f31-9408-99e03ea7d63f", "lokalId": "c0dc5987-7276-4ab3-8f18-1e706f030113", "navnerom": "https://data.geonorge.no/sosi/kyst/sjokart_maritim_infrastruktur", "førsteDatafangstdato": "2001-12-03T00:00:00", "oppdateringsdato": "2016-04-25T00:00:00", "datauttaksdato": "2025-05-01T00:00:34", "målemetode": "ukjentMålemetode", "kabeltype": null, "sjøstatus": null }, "geometry": { "type": "MultiLineString", "coordinates": [ [ [ 5.442034985426004, 59.066808318187356 ], [ 5.474419444444438, 59.08350277701706 ], [ 5.475087222222229, 59.104426388129816 ] ] ] } },
{ "type": "Feature", "properties": { "gml_id": "ida25bacf8-f1cc-4546-a9f8-0851dd559f38", "lokalId": "1d8cc2f9-69d1-4725-9954-4849b219c9d6", "navnerom": "https://data.geonorge.no/sosi/kyst/sjokart_maritim_infrastruktur", "førsteDatafangstdato": "2001-12-03T00:00:00", "oppdateringsdato": "2016-04-25T00:00:00", "datauttaksdato": "2025-05-01T00:00:34", "målemetode": "ukjentMålemetode", "kabeltype": null, "sjøstatus": null }, "geometry": { "type": "MultiLineString", "coordinates": [ [ [ 5.475087222222229, 59.104426388129816 ], [ 5.475282603661727, 59.111256578937606 ] ] ] } },
{ "type": "Feature", "properties": { "gml_id": "id2348d883-9fec-45f2-ad52-1e8119173f29", "lokalId": "75517dad-0f95-42e4-aff2-3f823dc8e4f5", "navnerom": "https://data.geonorge.no/sosi/kyst/sjokart_maritim_infrastruktur", "førsteDatafangstdato": "2001-12-03T00:00:00", "oppdateringsdato": "2016-04-25T00:00:00", "datauttaksdato": "2025-05-01T00:00:34", "målemetode": "ukjentMålemetode", "kabeltype": null, "sjøstatus": null }, "geometry": { "type": "MultiLineString", "coordinates": [ [ [ 5.390788888888887, 59.091603888128716 ], [ 5.354462222222219, 59.117394443686322 ], [ 5.323611111111109, 59.121944443686665 ], [ 5.31868286688104, 59.135957919645953 ] ] ] } },
{ "type": "Feature", "properties": { "gml_id": "id9c0e5de0-8430-4d96-8c6f-6aab0854e78b", "lokalId": "dcb5cb31-3e45-4a13-8c65-52f47860402c", "navnerom": "https://data.geonorge.no/sosi/kyst/sjokart_maritim_infrastruktur", "førsteDatafangstdato": null, "oppdateringsdato": "2016-12-08T00:00:00", "datauttaksdato": "2025-05-01T00:00:34", "målemetode": "ukjentMålemetode", "kabeltype": "ukjent", "sjøstatus": null }, "geometry": { "type": "MultiLineString", "coordinates": [ [ [ 2.360789219484109, 59.219424619675159 ], [ 2.357149752945305, 59.191349674316136 ] ] ] } },
{ "type": "Feature", "properties": { "gml_id": "ide578fb7a-f732-41c3-85b9-2253ef03a274", "lokalId": "5799576d-5a77-4e29-b5e4-232b830c9461", "navnerom": "https://data.geonorge.no/sosi/kyst/sjokart_maritim_infrastruktur", "førsteDatafangstdato": null, "oppdateringsdato": "2015-11-23T00:00:00", "datauttaksdato": "2025-05-01T00:00:34", "målemetode": "ukjentMålemetode", "kabeltype": null, "sjøstatus": null }, "geometry": { "type": "MultiLineString", "coordinates": [ [ [ 7.751216416304762, 64.339896182728907 ], [ 7.74011447344136, 64.332368626314761 ], [ 7.737734307499885, 64.267784663454179 ], [ 7.72797258102746, 64.26269620047816 ] ] ] } },
{ "type": "Feature", "properties": { "gml_id": "idcf869358-6c45-47fe-92b9-23a8d3ddc060", "lokalId": "2c270930-79bf-4967-bac7-11d719f00e1a", "navnerom": "https://data.geonorge.no/sosi/kyst/sjokart_maritim_infrastruktur", "førsteDatafangstdato": null, "oppdateringsdato": "2015-11-23T00:00:00", "datauttaksdato": "2025-05-01T00:00:34", "målemetode": "ukjentMålemetode", "kabeltype": null, "sjøstatus": null }, "geometry": { "type": "MultiLineString", "coordinates": [ [ [ 7.78117420864436, 64.35331976590895 ], [ 7.798561902323188, 64.389226954685014 ], [ 7.794414445889993, 64.399975282143842 ] ] ] } },
{ "type": "Feature", "properties": { "gml_id": "id5cca3b83-53c2-4dff-a37d-50e8b5b04230", "lokalId": "fd8ba3ed-95e6-432e-864d-146606624af1", "navnerom": "https://data.geonorge.no/sosi/kyst/sjokart_maritim_infrastruktur", "førsteDatafangstdato": null, "oppdateringsdato": "2016-07-11T00:00:00", "datauttaksdato": "2025-05-01T00:00:34", "målemetode": "ukjentMålemetode", "kabeltype": "kraftledning", "sjøstatus": null }, "geometry": { "type": "MultiLineString", "coordinates": [ [ [ 2.104244544733726, 61.069765749073355 ], [ 2.251300619632655, 61.080595749043262 ] ] ] } },
{ "type": "Feature", "properties": { "gml_id": "id6b74a3f4-6b9a-436a-8ea0-15f46b994645", "lokalId": "6127556f-ba9b-407f-a145-e2ca3be66add", "navnerom": "https://data.geonorge.no/sosi/kyst/sjokart_maritim_infrastruktur", "førsteDatafangstdato": null, "oppdateringsdato": "2018-06-27T00:00:00", "datauttaksdato": "2025-05-01T00:00:35", "målemetode": "ukjentMålemetode", "kabeltype": null, "sjøstatus": null }, "geometry": { "type": "MultiLineString", "coordinates": [ [ [ 14.389615313494092, 68.909898937218486 ], [ 14.284630614927901, 68.917699971104923 ] ] ] } },
{ "type": "Feature", "properties": { "gml_id": "id1744821c-4bb0-4d66-8037-d057f1bd0f03", "lokalId": "4bc7e17f-0ee3-4cce-b9f8-0666ba7db9f2", "navnerom": "https://data.geonorge.no/sosi/kyst/sjokart_maritim_infrastruktur", "førsteDatafangstdato": null, "oppdateringsdato": "2018-06-27T00:00:00", "datauttaksdato": "2025-05-01T00:00:35", "målemetode": "ukjentMålemetode", "kabeltype": null, "sjøstatus": null }, "geometry": { "type": "MultiLineString", "coordinates": [ [ [ 14.389615313494092, 68.909898937218486 ], [ 14.226133411152393, 69.074999991329648 ], [ 14.038170988905495, 69.158406485784425 ] ] ] } },
{ "type": "Feature", "properties": { "gml_id": "id798dfb17-7fbc-419e-9b2b-43c232ae7c3c", "lokalId": "22f756c5-1f63-459b-a274-a0e74157a57c", "navnerom": "https://data.geonorge.no/sosi/kyst/sjokart_maritim_infrastruktur", "førsteDatafangstdato": "2001-12-03T00:00:00", "oppdateringsdato": "2016-04-25T00:00:00", "datauttaksdato": "2025-05-01T00:00:35", "målemetode": "ukjentMålemetode", "kabeltype": null, "sjøstatus": null }, "geometry": { "type": "MultiLineString", "coordinates": [ [ [ 5.387032777777777, 59.08900777701745 ], [ 5.413847670416597, 59.075175664529681 ] ] ] } },
{ "type": "Feature", "properties": { "gml_id": "idaa3d2044-3ac8-4643-9b7c-d0f29080a740", "lokalId": "96a44274-f640-41cd-86f0-809e4b23cadc", "navnerom": "https://data.geonorge.no/sosi/kyst/sjokart_maritim_infrastruktur", "førsteDatafangstdato": "2001-12-03T00:00:00", "oppdateringsdato": "2016-04-25T00:00:00", "datauttaksdato": "2025-05-01T00:00:35", "målemetode": "ukjentMålemetode", "kabeltype": null, "sjøstatus": null }, "geometry": { "type": "MultiLineString", "coordinates": [ [ [ 5.413397777777788, 59.075405832571882 ], [ 5.390788888888887, 59.091603888128716 ] ] ] } },
{ "type": "Feature", "properties": { "gml_id": "id00724196-2106-4e42-8bf8-3fbefe241b7a", "lokalId": "270e1bb1-5198-44ce-bed0-515e3eca00bb", "navnerom": "https://data.geonorge.no/sosi/kyst/sjokart_maritim_infrastruktur", "førsteDatafangstdato": null, "oppdateringsdato": "2021-12-23T00:00:00", "datauttaksdato": "2025-05-01T00:00:35", "målemetode": "ukjentMålemetode", "kabeltype": null, "sjøstatus": null }, "geometry": { "type": "MultiLineString", "coordinates": [ [ [ 5.013884659405978, 59.150643105873407 ], [ 5.029677895570091, 59.140267489112453 ] ] ] } },
{ "type": "Feature", "properties": { "gml_id": "idbf3a9bd5-5cdd-496a-9f8e-91626eec3792", "lokalId": "5c3be557-4a79-4bea-9d85-597ce91b8c6c", "navnerom": "https://data.geonorge.no/sosi/kyst/sjokart_maritim_infrastruktur", "førsteDatafangstdato": null, "oppdateringsdato": "2023-03-28T00:00:00", "datauttaksdato": "2025-05-01T00:00:35", "målemetode": "ukjentMålemetode", "kabeltype": "kraftledning", "sjøstatus": null }, "geometry": { "type": "MultiLineString", "coordinates": [ [ [ 7.210296386935182, 64.268115836489059 ], [ 7.229810077870223, 64.252219605139786 ], [ 6.74922149733973, 64.030366374925151 ] ] ] } },
{ "type": "Feature", "properties": { "gml_id": "id590dd12a-59b2-42fd-a781-b8fe3ce8f5fc", "lokalId": "5049818a-3a72-4570-96a0-6be123b29837", "navnerom": "https://data.geonorge.no/sosi/kyst/sjokart_maritim_infrastruktur", "førsteDatafangstdato": null, "oppdateringsdato": "2024-02-01T00:00:00", "datauttaksdato": "2025-05-01T00:00:35", "målemetode": "ukjentMålemetode", "kabeltype": "telefonledning", "sjøstatus": null }, "geometry": { "type": "MultiLineString", "coordinates": [ [ [ 10.663881123266492, 58.995302713388064 ], [ 10.727037054338291, 59.029888468834237 ], [ 10.804462574591, 59.044578049890589 ], [ 10.857766559967299, 59.027513406840164 ], [ 10.916299277723491, 58.981830952674294 ], [ 10.978277490725967, 58.96357522512178 ] ] ] } },
{ "type": "Feature", "properties": { "gml_id": "idab5dff23-0817-41bf-9d04-3bbf098694fe", "lokalId": "ed81bfab-cf73-4aa6-8a23-87e87d5ea57b", "navnerom": "https://data.geonorge.no/sosi/kyst/sjokart_maritim_infrastruktur", "førsteDatafangstdato": null, "oppdateringsdato": "2024-02-08T00:00:00", "datauttaksdato": "2025-05-01T00:00:35", "målemetode": "ukjentMålemetode", "kabeltype": "telefonledning", "sjøstatus": null }, "geometry": { "type": "MultiLineString", "coordinates": [ [ [ 2.657089883839352, 60.000000056517436 ], [ 2.500000178194347, 59.79122610330716 ] ] ] } },
{ "type": "Feature", "properties": { "gml_id": "id901830fe-478d-4465-a884-55138af1d721", "lokalId": "d78c3665-ca31-438c-af3a-86ac28ceefd8", "navnerom": "https://data.geonorge.no/sosi/kyst/sjokart_maritim_infrastruktur", "førsteDatafangstdato": null, "oppdateringsdato": "2022-01-31T00:00:00", "datauttaksdato": "2025-05-01T00:00:35", "målemetode": "ukjentMålemetode", "kabeltype": "kraftledning", "sjøstatus": null }, "geometry": { "type": "MultiLineString", "coordinates": [ [ [ 5.914765597264249, 58.46170089370468 ], [ 5.794386666666706, 58.437354999185295 ], [ 5.532418333333668, 58.281233332504755 ], [ 5.472410000000423, 58.267669999170195 ], [ 4.826476666667806, 57.927038332472101 ], [ 4.703645000001272, 57.850804999131562 ], [ 4.653291666668009, 57.839311665797112 ], [ 4.566690000001434, 57.801254999126726 ], [ 4.541900000001458, 57.801024999126746 ], [ 4.535461666668126, 57.793151665792699 ], [ 4.520903333334807, 57.670004999114056 ], [ 4.525820000001468, 57.64097166577789 ], [ 4.501443333334831, 57.609553332441415 ], [ 3.93510650563436, 57.452946356098209 ] ] ] } },
{ "type": "Feature", "properties": { "gml_id": "id3857b38c-c792-4c7c-b290-9765df98304c", "lokalId": "a9d63dd0-3123-415d-bb09-1bb69982283b", "navnerom": "https://data.geonorge.no/sosi/kyst/sjokart_maritim_infrastruktur", "førsteDatafangstdato": null, "oppdateringsdato": "2021-06-04T00:00:00", "datauttaksdato": "2025-05-01T00:00:35", "målemetode": "ukjentMålemetode", "kabeltype": "kraftledning", "sjøstatus": null }, "geometry": { "type": "MultiLineString", "coordinates": [ [ [ 7.542099310500946, 65.93334011696416 ], [ 7.68039248274646, 65.96107298799383 ], [ 7.808080000935998, 65.968142972348318 ] ] ] } },
{ "type": "Feature", "properties": { "gml_id": "id5f10e4d3-8dd7-4e43-823a-09364dbe2901", "lokalId": "bc480511-37e1-4964-9002-9b0c616b4cce", "navnerom": "https://data.geonorge.no/sosi/kyst/sjokart_maritim_infrastruktur", "førsteDatafangstdato": null, "oppdateringsdato": "2021-06-09T00:00:00", "datauttaksdato": "2025-05-01T00:00:35", "målemetode": "ukjentMålemetode", "kabeltype": null, "sjøstatus": null }, "geometry": { "type": "MultiLineString", "coordinates": [ [ [ 2.208395, 61.415553332728109 ], [ 2.306596666666791, 61.486486666065375 ], [ 2.324225, 61.558043332735885 ], [ 2.319548333333424, 61.576341666070157 ], [ 2.303863333333245, 61.589623332737489 ], [ 1.587418227112615, 61.688401523753875 ] ] ] } },
{ "type": "Feature", "properties": { "gml_id": "id5122c4eb-e272-4505-a99d-578795565360", "lokalId": "05dd3111-c8f7-4e15-9a19-b9e6c0b9dcda", "navnerom": "https://data.geonorge.no/sosi/kyst/sjokart_maritim_infrastruktur", "førsteDatafangstdato": null, "oppdateringsdato": "2023-12-11T00:00:00", "datauttaksdato": "2025-05-01T00:00:35", "målemetode": "ukjentMålemetode", "kabeltype": "kraftledning", "sjøstatus": null }, "geometry": { "type": "MultiLineString", "coordinates": [ [ [ 6.43311569441912, 64.880985092267551 ], [ 6.42525588623763, 64.903027019446299 ], [ 6.489525634771435, 64.950124180150553 ], [ 6.529565287648017, 64.967266571380634 ], [ 6.546992430974724, 64.990664569355687 ] ] ] } },
{ "type": "Feature", "properties": { "gml_id": "idaf9d9b47-1502-4f2e-a706-610a4310a92f", "lokalId": "cc508ad5-c88d-4e71-bbd5-1746edae0635", "navnerom": "https://data.geonorge.no/sosi/kyst/sjokart_maritim_infrastruktur", "førsteDatafangstdato": null, "oppdateringsdato": "2023-12-11T00:00:00", "datauttaksdato": "2025-05-01T00:00:35", "målemetode": "ukjentMålemetode", "kabeltype": "kraftledning", "sjøstatus": null }, "geometry": { "type": "MultiLineString", "coordinates": [ [ [ 6.551269945340143, 64.844891591405613 ], [ 6.530603195078506, 64.96547780149919 ], [ 6.547082899870153, 64.990642980781061 ] ] ] } },
{ "type": "Feature", "properties": { "gml_id": "id8e3a4d21-46e5-4e3f-ace9-17215a740852", "lokalId": "a9aa0b00-b910-4c72-b6db-53670aa8b1d1", "navnerom": "https://data.geonorge.no/sosi/kyst/sjokart_maritim_infrastruktur", "førsteDatafangstdato": null, "oppdateringsdato": "2022-12-08T00:00:00", "datauttaksdato": "2025-05-01T00:00:35", "målemetode": "ukjentMålemetode", "kabeltype": "kraftledning", "sjøstatus": null }, "geometry": { "type": "MultiLineString", "coordinates": [ [ [ 1.9925068756549, 59.567442908140961 ], [ 2.084427342835285, 59.585529234563737 ] ] ] } },
{ "type": "Feature", "properties": { "gml_id": "ida444f0ee-cf02-4aea-a3b0-e872a6d89218", "lokalId": "5456cf1f-16a2-47d7-a9ff-e25c9586a380", "navnerom": "https://data.geonorge.no/sosi/kyst/sjokart_maritim_infrastruktur", "førsteDatafangstdato": null, "oppdateringsdato": "2022-12-08T00:00:00", "datauttaksdato": "2025-05-01T00:00:35", "målemetode": "ukjentMålemetode", "kabeltype": "kraftledning", "sjøstatus": null }, "geometry": { "type": "MultiLineString", "coordinates": [ [ [ 2.056944400915602, 59.5809655817852 ], [ 2.084438150466463, 59.585534883760239 ] ] ] } },
{ "type": "Feature", "properties": { "gml_id": "ida1c1151d-c757-4265-ad2c-0fe29e969a66", "lokalId": "ffb23159-3489-4818-887f-54325e723597", "navnerom": "https://data.geonorge.no/sosi/kyst/sjokart_maritim_infrastruktur", "førsteDatafangstdato": null, "oppdateringsdato": "2021-08-26T00:00:00", "datauttaksdato": "2025-05-01T00:00:35", "målemetode": "ukjentMålemetode", "kabeltype": "kraftledning", "sjøstatus": null }, "geometry": { "type": "MultiLineString", "coordinates": [ [ [ 5.020783333974149, 58.875555123643309 ], [ 4.320742847701541, 58.500705001573309 ], [ 3.689467441411664, 58.149513932215811 ] ] ] } },
{ "type": "Feature", "properties": { "gml_id": "id6b3a3dfe-9788-4a85-adeb-5b7e22a0ca9e", "lokalId": "edebe6cb-1830-4d86-9036-f89c2d461ab1", "navnerom": "https://data.geonorge.no/sosi/kyst/sjokart_maritim_infrastruktur", "førsteDatafangstdato": null, "oppdateringsdato": "2020-11-26T00:00:00", "datauttaksdato": "2025-05-01T00:00:36", "målemetode": "ukjentMålemetode", "kabeltype": "kraftledning", "sjøstatus": null }, "geometry": { "type": "MultiLineString", "coordinates": [ [ [ 4.89571592170939, 59.295237241060747 ], [ 4.895708360548216, 59.295201241530222 ] ] ] } },
{ "type": "Feature", "properties": { "gml_id": "id2eed5abd-a6f4-4cf7-8a0b-23f0c2c19900", "lokalId": "e52ea3e0-dd4d-447b-9fef-c27fbe3f29cd", "navnerom": "https://data.geonorge.no/sosi/kyst/sjokart_maritim_infrastruktur", "førsteDatafangstdato": null, "oppdateringsdato": "2021-08-26T00:00:00", "datauttaksdato": "2025-05-01T00:00:35", "målemetode": "ukjentMålemetode", "kabeltype": "kraftledning", "sjøstatus": null }, "geometry": { "type": "MultiLineString", "coordinates": [ [ [ 3.41670913895221, 57.99512417774541 ], [ 3.689467441411664, 58.149513932215811 ] ] ] } },
{ "type": "Feature", "properties": { "gml_id": "id074a8305-2c4f-4596-813b-927b02025efa", "lokalId": "01a85154-6192-45e0-a317-148aa4ea4f5b", "navnerom": "https://data.geonorge.no/sosi/kyst/sjokart_maritim_infrastruktur", "førsteDatafangstdato": null, "oppdateringsdato": "2023-10-20T00:00:00", "datauttaksdato": "2025-05-01T00:00:35", "målemetode": "ukjentMålemetode", "kabeltype": "kraftledning", "sjøstatus": null }, "geometry": { "type": "MultiLineString", "coordinates": [ [ [ 6.963534896923116, 64.95992660869733 ], [ 6.952829456583487, 64.946972168519991 ] ] ] } },
{ "type": "Feature", "properties": { "gml_id": "id60e0d6be-412c-4734-8b05-9dab7d04d56a", "lokalId": "432ce4ad-7697-441f-9572-17b66f04393c", "navnerom": "https://data.geonorge.no/sosi/kyst/sjokart_maritim_infrastruktur", "førsteDatafangstdato": null, "oppdateringsdato": "2021-08-26T00:00:00", "datauttaksdato": "2025-05-01T00:00:35", "målemetode": "ukjentMålemetode", "kabeltype": "kraftledning", "sjøstatus": null }, "geometry": { "type": "MultiLineString", "coordinates": [ [ [ 5.07279537002047, 58.902332572991504 ], [ 4.324811983498789, 58.501941228244135 ], [ 3.689296450188501, 58.148773643703244 ] ] ] } },
{ "type": "Feature", "properties": { "gml_id": "id373cb7bb-64cd-4ecb-8bb6-ba9c3bb7c48e", "lokalId": "47047275-9775-4f5b-923d-39b45b157eec", "navnerom": "https://data.geonorge.no/sosi/kyst/sjokart_maritim_infrastruktur", "førsteDatafangstdato": null, "oppdateringsdato": "2021-08-26T00:00:00", "datauttaksdato": "2025-05-01T00:00:35", "målemetode": "ukjentMålemetode", "kabeltype": "kraftledning", "sjøstatus": null }, "geometry": { "type": "MultiLineString", "coordinates": [ [ [ 3.417119695383876, 57.994702071533347 ], [ 3.689296450188501, 58.148773643703244 ] ] ] } },
{ "type": "Feature", "properties": { "gml_id": "iddfcacc26-787c-4028-a451-0f71b8d4439b", "lokalId": "ea459ec1-af71-4aa7-b733-60aca6cd893d", "navnerom": "https://data.geonorge.no/sosi/kyst/sjokart_maritim_infrastruktur", "førsteDatafangstdato": null, "oppdateringsdato": "2022-11-18T00:00:00", "datauttaksdato": "2025-05-01T00:00:35", "målemetode": "ukjentMålemetode", "kabeltype": "telefonledning", "sjøstatus": null }, "geometry": { "type": "MultiLineString", "coordinates": [ [ [ 8.46754070060091, 63.387305802237371 ], [ 8.669313259762996, 63.424408921627155 ] ] ] } },
{ "type": "Feature", "properties": { "gml_id": "id5dcc2268-6020-4c09-9118-2d596b314b78", "lokalId": "dcebc6cc-2337-4c75-bbe5-35172872f2d7", "navnerom": "https://data.geonorge.no/sosi/kyst/sjokart_maritim_infrastruktur", "førsteDatafangstdato": null, "oppdateringsdato": "2024-10-18T00:00:00", "datauttaksdato": "2025-05-01T00:00:35", "målemetode": "ukjentMålemetode", "kabeltype": "kraftledning", "sjøstatus": null }, "geometry": { "type": "MultiLineString", "coordinates": [ [ [ 2.481234834849523, 59.165630980930935 ], [ 2.535096678700673, 59.22336452790298 ], [ 2.574759699515809, 59.233862252619865 ], [ 2.633456394100802, 59.266539066620339 ] ] ] } },
{ "type": "Feature", "properties": { "gml_id": "id48d7fdac-8be1-4cbd-8c1c-d3c7e9224a17", "lokalId": "ac28f87e-2d2f-4564-95b7-ef44f403e2cd", "navnerom": "https://data.geonorge.no/sosi/kyst/sjokart_maritim_infrastruktur", "førsteDatafangstdato": null, "oppdateringsdato": "2024-10-18T00:00:00", "datauttaksdato": "2025-05-01T00:00:36", "målemetode": "ukjentMålemetode", "kabeltype": "kraftledning", "sjøstatus": null }, "geometry": { "type": "MultiLineString", "coordinates": [ [ [ 2.544782594477739, 59.226424194871456 ], [ 2.554918089973808, 59.230481318586847 ] ] ] } },
{ "type": "Feature", "properties": { "gml_id": "id0903b387-324a-49a4-ba1f-b2a06d448785", "lokalId": "2ee7d155-f190-4081-9623-63fe1487db45", "navnerom": "https://data.geonorge.no/sosi/kyst/sjokart_maritim_infrastruktur", "førsteDatafangstdato": null, "oppdateringsdato": "2024-10-18T00:00:00", "datauttaksdato": "2025-05-01T00:00:36", "målemetode": "ukjentMålemetode", "kabeltype": "kraftledning", "sjøstatus": null }, "geometry": { "type": "MultiLineString", "coordinates": [ [ [ 2.577241737084778, 59.235307651590759 ], [ 2.587880934419257, 59.238480605937042 ], [ 2.582832901742855, 59.241065597478361 ] ] ] } },
{ "type": "Feature", "properties": { "gml_id": "id0a3faaea-8111-4a6f-bc60-f34b28b8092b", "lokalId": "7ec5d74c-8ffd-4921-8588-1506563e996b", "navnerom": "https://data.geonorge.no/sosi/kyst/sjokart_maritim_infrastruktur", "førsteDatafangstdato": null, "oppdateringsdato": "2024-10-18T00:00:00", "datauttaksdato": "2025-05-01T00:00:36", "målemetode": "ukjentMålemetode", "kabeltype": "kraftledning", "sjøstatus": null }, "geometry": { "type": "MultiLineString", "coordinates": [ [ [ 2.597279594504688, 59.247501353630234 ], [ 2.607082974659429, 59.250219677025072 ], [ 2.602541383302817, 59.253439711664278 ] ] ] } },
{ "type": "Feature", "properties": { "gml_id": "id60ebd807-98fa-4bd1-a42b-64248b4f68d3", "lokalId": "1a9d1bc5-41cb-4a4c-82b1-f7e95e004607", "navnerom": "https://data.geonorge.no/sosi/kyst/sjokart_maritim_infrastruktur", "førsteDatafangstdato": null, "oppdateringsdato": "2024-10-18T00:00:00", "datauttaksdato": "2025-05-01T00:00:36", "målemetode": "ukjentMålemetode", "kabeltype": "kraftledning", "sjøstatus": null }, "geometry": { "type": "MultiLineString", "coordinates": [ [ [ 2.61494980882956, 59.258472951559185 ], [ 2.622603172684471, 59.263531262206691 ] ] ] } },
{ "type": "Feature", "properties": { "gml_id": "id90d34ca0-77c9-4886-bc6c-2aca9bfe233d", "lokalId": "56771567-8836-417a-9073-63c6f8c6c245", "navnerom": "https://data.geonorge.no/sosi/kyst/sjokart_maritim_infrastruktur", "førsteDatafangstdato": null, "oppdateringsdato": "2024-10-18T00:00:00", "datauttaksdato": "2025-05-01T00:00:36", "målemetode": "ukjentMålemetode", "kabeltype": "kraftledning", "sjøstatus": null }, "geometry": { "type": "MultiLineString", "coordinates": [ [ [ 2.481163213126259, 59.16564829719092 ], [ 2.534724661622152, 59.223164281235164 ], [ 2.578400279755892, 59.235356403275858 ], [ 2.624095865140809, 59.262477159766746 ] ] ] } },
{ "type": "Feature", "properties": { "gml_id": "ida9783339-a987-456b-86bd-3f4205c6f79c", "lokalId": "717da727-cfcd-4003-8810-c57a39eeeb40", "navnerom": "https://data.geonorge.no/sosi/kyst/sjokart_maritim_infrastruktur", "førsteDatafangstdato": null, "oppdateringsdato": "2024-12-18T00:00:00", "datauttaksdato": "2025-05-01T00:00:36", "målemetode": "ukjentMålemetode", "kabeltype": "kraftledning", "sjøstatus": null }, "geometry": { "type": "MultiLineString", "coordinates": [ [ [ 7.524908217607053, 64.993789580023545 ], [ 7.582119853078273, 64.95006426906356 ], [ 7.640955822574381, 64.875226286614264 ], [ 7.611945773851667, 64.762326576962764 ] ] ] } },
{ "type": "Feature", "properties": { "gml_id": "idd746cabc-b77e-474e-8ec5-6707c885e63d", "lokalId": "6e5f84ac-917d-4a3e-9b43-c5fd449533b7", "navnerom": "https://data.geonorge.no/sosi/kyst/sjokart_maritim_infrastruktur", "førsteDatafangstdato": null, "oppdateringsdato": "2024-12-18T00:00:00", "datauttaksdato": "2025-05-01T00:00:36", "målemetode": "ukjentMålemetode", "kabeltype": "kraftledning", "sjøstatus": null }, "geometry": { "type": "MultiLineString", "coordinates": [ [ [ 7.637167305174286, 64.86666583221681 ], [ 7.610977838347837, 64.781164421393854 ], [ 7.611945773851667, 64.762326576962764 ] ] ] } },
{ "type": "Feature", "properties": { "gml_id": "id3b450db3-7584-456d-8752-5a172baadebc", "lokalId": "fe04b097-c1ae-4f90-8d5e-6373f85121f7", "navnerom": "https://data.geonorge.no/sosi/kyst/sjokart_maritim_infrastruktur", "førsteDatafangstdato": null, "oppdateringsdato": "2024-12-18T00:00:00", "datauttaksdato": "2025-05-01T00:00:36", "målemetode": "ukjentMålemetode", "kabeltype": "kraftledning", "sjøstatus": null }, "geometry": { "type": "MultiLineString", "coordinates": [ [ [ 7.678514220272009, 64.712228022546284 ], [ 7.679956147693789, 64.725702800521901 ], [ 7.612705243911029, 64.747525374258672 ], [ 7.611945773851667, 64.762326576962764 ] ] ] } },
{ "type": "Feature", "properties": { "gml_id": "idbbbee2f0-a8b6-4672-9ef0-ec00807ab616", "lokalId": "bd3a0682-3935-444a-86fd-438d5e2178c2", "navnerom": "https://data.geonorge.no/sosi/kyst/sjokart_maritim_infrastruktur", "førsteDatafangstdato": null, "oppdateringsdato": "2024-12-18T00:00:00", "datauttaksdato": "2025-05-01T00:00:36", "målemetode": "ukjentMålemetode", "kabeltype": "kraftledning", "sjøstatus": null }, "geometry": { "type": "MultiLineString", "coordinates": [ [ [ 7.611945773851667, 64.762326576962764 ], [ 7.614145910677765, 64.739910315820723 ], [ 7.661821402391487, 64.646562842628342 ] ] ] } },
{ "type": "Feature", "properties": { "gml_id": "id95ed8e57-dfd0-4d1d-8846-1277d928a3eb", "lokalId": "e4f4204b-c28c-4025-b66c-74dca957d9e4", "navnerom": "https://data.geonorge.no/sosi/kyst/sjokart_maritim_infrastruktur", "førsteDatafangstdato": null, "oppdateringsdato": "2024-12-18T00:00:00", "datauttaksdato": "2025-05-01T00:00:36", "målemetode": "ukjentMålemetode", "kabeltype": "kraftledning", "sjøstatus": null }, "geometry": { "type": "MultiLineString", "coordinates": [ [ [ 7.661821402391487, 64.646562842628342 ], [ 7.711023868656968, 64.580138689874275 ] ] ] } },
{ "type": "Feature", "properties": { "gml_id": "id64a68a54-ba62-44b6-ac8f-815f033e33db", "lokalId": "d65772b8-26e0-4886-8f96-c39c78081de6", "navnerom": "https://data.geonorge.no/sosi/kyst/sjokart_maritim_infrastruktur", "førsteDatafangstdato": null, "oppdateringsdato": "2020-11-26T00:00:00", "datauttaksdato": "2025-05-01T00:00:36", "målemetode": "ukjentMålemetode", "kabeltype": "kraftledning", "sjøstatus": null }, "geometry": { "type": "MultiLineString", "coordinates": [ [ [ 8.09599831934994, 66.025122257695386 ], [ 8.117320156293729, 66.023562511903492 ], [ 8.169424746184252, 66.048880197027955 ] ] ] } },
{ "type": "Feature", "properties": { "gml_id": "id433e5702-331e-41cf-b21e-d1dbc23bbeb4", "lokalId": "8db22f89-d423-4c17-8d55-3610c17ea97b", "navnerom": "https://data.geonorge.no/sosi/kyst/sjokart_maritim_infrastruktur", "førsteDatafangstdato": null, "oppdateringsdato": "2020-11-26T00:00:00", "datauttaksdato": "2025-05-01T00:00:36", "målemetode": "ukjentMålemetode", "kabeltype": "telefonledning", "sjøstatus": null }, "geometry": { "type": "MultiLineString", "coordinates": [ [ [ 7.315804717773323, 65.325007540639405 ], [ 7.234827921504801, 65.331881494243177 ], [ 7.231159393691092, 65.372975147749585 ], [ 7.277411719354538, 65.45845999806771 ], [ 7.397456433671532, 65.50796144118614 ], [ 7.758726368808848, 65.700224451620258 ], [ 7.841878692609058, 65.793970202227513 ], [ 7.895272927324125, 65.822664033794865 ], [ 7.912108538874652, 65.860846019997993 ], [ 7.961472362076364, 65.916313026082804 ], [ 7.987559777418799, 65.97171085384943 ], [ 8.126921757099002, 66.016004798732197 ], [ 8.08650050127182, 66.027059162278093 ] ] ] } },
{ "type": "Feature", "properties": { "gml_id": "iddeba8f6d-894e-4a5e-a908-758bd0da5940", "lokalId": "ef0ba374-6263-4248-9a43-7453207797b0", "navnerom": "https://data.geonorge.no/sosi/kyst/sjokart_maritim_infrastruktur", "førsteDatafangstdato": null, "oppdateringsdato": "2020-11-26T00:00:00", "datauttaksdato": "2025-05-01T00:00:36", "målemetode": "ukjentMålemetode", "kabeltype": null, "sjøstatus": null }, "geometry": { "type": "MultiLineString", "coordinates": [ [ [ 7.72958895666415, 64.261512087942023 ], [ 7.701910343646783, 64.256180238830069 ] ] ] } },
{ "type": "Feature", "properties": { "gml_id": "id7737d2ff-2387-4d19-a1b5-56bb73476f71", "lokalId": "724f8510-11c8-4144-9f72-ba73d014abd4", "navnerom": "https://data.geonorge.no/sosi/kyst/sjokart_maritim_infrastruktur", "førsteDatafangstdato": null, "oppdateringsdato": "2020-11-26T00:00:00", "datauttaksdato": "2025-05-01T00:00:36", "målemetode": "ukjentMålemetode", "kabeltype": null, "sjøstatus": "ikkeIBruk" }, "geometry": { "type": "MultiLineString", "coordinates": [ [ [ 7.779975473132369, 64.352563991227683 ], [ 7.7324013726291, 64.336318902882923 ], [ 7.735413372597918, 64.278078409336771 ] ] ] } },
{ "type": "Feature", "properties": { "gml_id": "id848be53f-ac25-4de0-a3ab-ef86f355fae8", "lokalId": "4ccfc5b5-31e2-4b27-8c79-979434c13f1b", "navnerom": "https://data.geonorge.no/sosi/kyst/sjokart_maritim_infrastruktur", "førsteDatafangstdato": null, "oppdateringsdato": "2020-11-26T00:00:00", "datauttaksdato": "2025-05-01T00:00:36", "målemetode": "ukjentMålemetode", "kabeltype": null, "sjøstatus": "ikkeIBruk" }, "geometry": { "type": "MultiLineString", "coordinates": [ [ [ 7.780093651464442, 64.352514704606619 ], [ 7.773245150173224, 64.329989020653287 ] ] ] } },
{ "type": "Feature", "properties": { "gml_id": "idb1e92ff7-0825-402e-87c1-bef086b08dd7", "lokalId": "47def6a7-bd74-4b0f-8edc-13bb5697a230", "navnerom": "https://data.geonorge.no/sosi/kyst/sjokart_maritim_infrastruktur", "førsteDatafangstdato": null, "oppdateringsdato": "2020-11-26T00:00:00", "datauttaksdato": "2025-05-01T00:00:36", "målemetode": "ukjentMålemetode", "kabeltype": null, "sjøstatus": null }, "geometry": { "type": "MultiLineString", "coordinates": [ [ [ 7.722404882297727, 64.34201274269823 ], [ 7.710979854317398, 64.360591561197353 ] ] ] } },
{ "type": "Feature", "properties": { "gml_id": "id659ddc29-e14a-48b4-87fc-7a1621a73f70", "lokalId": "722efe35-9b5f-4f82-af87-96099c9cb4a5", "navnerom": "https://data.geonorge.no/sosi/kyst/sjokart_maritim_infrastruktur", "førsteDatafangstdato": null, "oppdateringsdato": "2020-11-26T00:00:00", "datauttaksdato": "2025-05-01T00:00:36", "målemetode": "ukjentMålemetode", "kabeltype": null, "sjøstatus": "ikkeIBruk" }, "geometry": { "type": "MultiLineString", "coordinates": [ [ [ 7.78115365385332, 64.353268429916255 ], [ 7.958665601516491, 64.385158992740358 ] ] ] } },
{ "type": "Feature", "properties": { "gml_id": "id1aeaa50a-eeca-4ee0-8be9-1ceb3045d24d", "lokalId": "d1a2be8a-897a-4d1d-af02-537b01baea14", "navnerom": "https://data.geonorge.no/sosi/kyst/sjokart_maritim_infrastruktur", "førsteDatafangstdato": null, "oppdateringsdato": "2020-11-26T00:00:00", "datauttaksdato": "2025-05-01T00:00:36", "målemetode": "ukjentMålemetode", "kabeltype": "kraftledning", "sjøstatus": null }, "geometry": { "type": "MultiLineString", "coordinates": [ [ [ 4.895479765764647, 59.296552307622441 ], [ 4.895729816504308, 59.295303395726982 ] ] ] } },
{ "type": "Feature", "properties": { "gml_id": "id96ba6e48-9eb5-4c19-a502-493d6c0637bf", "lokalId": "4fa723dd-5546-4374-a0ca-75bff64da085", "navnerom": "https://data.geonorge.no/sosi/kyst/sjokart_maritim_infrastruktur", "førsteDatafangstdato": null, "oppdateringsdato": "2024-12-18T00:00:00", "datauttaksdato": "2025-05-01T00:00:36", "målemetode": "ukjentMålemetode", "kabeltype": "kraftledning", "sjøstatus": null }, "geometry": { "type": "MultiLineString", "coordinates": [ [ [ 7.483414204992786, 65.063779422156443 ], [ 7.379953592316889, 65.019806056990632 ] ] ] } },
{ "type": "Feature", "properties": { "gml_id": "id48ac1e06-e082-4b33-9318-dcf6665817b6", "lokalId": "8204c438-7933-4b7f-99a8-4dcabef541d7", "navnerom": "https://data.geonorge.no/sosi/kyst/sjokart_maritim_infrastruktur", "førsteDatafangstdato": null, "oppdateringsdato": "2024-12-18T00:00:00", "datauttaksdato": "2025-05-01T00:00:36", "målemetode": "ukjentMålemetode", "kabeltype": "kraftledning", "sjøstatus": null }, "geometry": { "type": "MultiLineString", "coordinates": [ [ [ 7.508814158355482, 64.994468222029312 ], [ 7.41509203551421, 64.999989159598002 ], [ 7.396832162351905, 65.003833051582276 ], [ 7.379953592316889, 65.019806056990632 ] ] ] } },
{ "type": "Feature", "properties": { "gml_id": "id6add2706-c617-4046-83a0-5cd3189846b1", "lokalId": "dd9f1004-9b6f-48f5-adc4-1a258deed9f8", "navnerom": "https://data.geonorge.no/sosi/kyst/sjokart_maritim_infrastruktur", "førsteDatafangstdato": null, "oppdateringsdato": "2024-12-18T00:00:00", "datauttaksdato": "2025-05-01T00:00:36", "målemetode": "ukjentMålemetode", "kabeltype": "kraftledning", "sjøstatus": null }, "geometry": { "type": "MultiLineString", "coordinates": [ [ [ 7.43208433444253, 65.144214660855965 ], [ 7.42888253246135, 65.126231605465577 ], [ 7.360932177202213, 65.035753821610612 ], [ 7.361482595228396, 65.026784769914485 ], [ 7.378892939629423, 65.019794556123514 ] ] ] } },
{ "type": "Feature", "properties": { "gml_id": "id3f2f67b9-a715-4b97-9f47-f2635e4adf08", "lokalId": "aaa89798-d479-4bd8-86fd-5a6ec1870124", "navnerom": "https://data.geonorge.no/sosi/kyst/sjokart_maritim_infrastruktur", "førsteDatafangstdato": null, "oppdateringsdato": "2020-09-24T00:00:00", "datauttaksdato": "2025-05-01T00:00:36", "målemetode": "ukjentMålemetode", "kabeltype": "kraftledning", "sjøstatus": null }, "geometry": { "type": "MultiLineString", "coordinates": [ [ [ 5.25, 59.005210504340397 ], [ 5.289721235676092, 59.022263614751139 ], [ 5.374244904320532, 59.092842814715169 ], [ 5.452269979988052, 59.101802826600895 ], [ 5.470099096765104, 59.112077630090461 ] ] ] } },
{ "type": "Feature", "properties": { "gml_id": "idf185c945-73e0-4b87-a46b-9dd2f1ef68b3", "lokalId": "77e057be-008e-4227-96bb-f9d1554c8db3", "navnerom": "https://data.geonorge.no/sosi/kyst/sjokart_maritim_infrastruktur", "førsteDatafangstdato": null, "oppdateringsdato": "2020-09-24T00:00:00", "datauttaksdato": "2025-05-01T00:00:36", "målemetode": "ukjentMålemetode", "kabeltype": "kraftledning", "sjøstatus": null }, "geometry": { "type": "MultiLineString", "coordinates": [ [ [ 5.25, 59.005851564396373 ], [ 5.288577949805448, 59.022340971578537 ], [ 5.373208815555641, 59.092537635680337 ], [ 5.45339631054098, 59.102354277158824 ], [ 5.469817673778644, 59.112122199880744 ] ] ] } },
{ "type": "Feature", "properties": { "gml_id": "id9ca72f73-c7de-445c-a98b-d3a04f1267da", "lokalId": "8c9661f3-cb3a-4715-86a4-a129b7532d93", "navnerom": "https://data.geonorge.no/sosi/kyst/sjokart_maritim_infrastruktur", "førsteDatafangstdato": null, "oppdateringsdato": "2023-04-27T00:00:00", "datauttaksdato": "2025-05-01T00:00:36", "målemetode": "ukjentMålemetode", "kabeltype": "kraftledning", "sjøstatus": null }, "geometry": { "type": "MultiLineString", "coordinates": [ [ [ 3.44148784724513, 60.575841665960013 ], [ 3.427337524519497, 60.570689374000239 ], [ 3.419463426868729, 60.556609424508395 ], [ 3.468346757176565, 60.512933286529638 ] ] ] } },
{ "type": "Feature", "properties": { "gml_id": "idc7b1b431-29ba-4092-895c-212a6b554fe2", "lokalId": "b0276a75-20ed-4c84-aae5-95747d7d8454", "navnerom": "https://data.geonorge.no/sosi/kyst/sjokart_maritim_infrastruktur", "førsteDatafangstdato": null, "oppdateringsdato": "2023-08-24T00:00:00", "datauttaksdato": "2025-05-01T00:00:36", "målemetode": "ukjentMålemetode", "kabeltype": "telefonledning", "sjøstatus": null }, "geometry": { "type": "MultiLineString", "coordinates": [ [ [ 2.26679507468945, 59.572118662977289 ], [ 2.241104073226673, 59.572987372168548 ], [ 2.236667261546954, 59.583296197874027 ], [ 2.242306553409342, 59.584188691517859 ] ] ] } },
{ "type": "Feature", "properties": { "gml_id": "id9405b46d-7819-4531-b944-0b36af7f53b5", "lokalId": "5dac26e9-3d2b-4e97-a507-077d0a27bbae", "navnerom": "https://data.geonorge.no/sosi/kyst/sjokart_maritim_infrastruktur", "førsteDatafangstdato": null, "oppdateringsdato": "2023-08-24T00:00:00", "datauttaksdato": "2025-05-01T00:00:36", "målemetode": "ukjentMålemetode", "kabeltype": "telefonledning", "sjøstatus": null }, "geometry": { "type": "MultiLineString", "coordinates": [ [ [ 2.500000000000309, 59.791226044410543 ], [ 2.242306553409807, 59.584188691517859 ] ] ] } },
{ "type": "Feature", "properties": { "gml_id": "id4ff9ba1e-d899-4a76-8e4c-60880dc182d5", "lokalId": "9c69632a-d2c3-4e7c-be75-714b1c6318a4", "navnerom": "https://data.geonorge.no/sosi/kyst/sjokart_maritim_infrastruktur", "førsteDatafangstdato": null, "oppdateringsdato": "2023-08-24T00:00:00", "datauttaksdato": "2025-05-01T00:00:36", "målemetode": "ukjentMålemetode", "kabeltype": "telefonledning", "sjøstatus": null }, "geometry": { "type": "MultiLineString", "coordinates": [ [ [ 2.323886479850538, 59.535962959643101 ], [ 2.266795074689897, 59.572118662977275 ] ] ] } },
{ "type": "Feature", "properties": { "gml_id": "id5df71b23-ef1b-4e23-a658-e9bdf54f8a92", "lokalId": "10cff20a-ed46-483c-b8b1-f2254b270d74", "navnerom": "https://data.geonorge.no/sosi/kyst/sjokart_maritim_infrastruktur", "førsteDatafangstdato": null, "oppdateringsdato": "2023-08-24T00:00:00", "datauttaksdato": "2025-05-01T00:00:36", "målemetode": "ukjentMålemetode", "kabeltype": "telefonledning", "sjøstatus": null }, "geometry": { "type": "MultiLineString", "coordinates": [ [ [ 2.225041260500468, 59.566774109609483 ], [ 2.239781783333789, 59.569014856776462 ] ] ] } },
{ "type": "Feature", "properties": { "gml_id": "id9a248c0d-3c78-43e1-b080-b2dfff2d05c7", "lokalId": "f8958499-8527-41c4-9a27-de5023f46e7c", "navnerom": "https://data.geonorge.no/sosi/kyst/sjokart_maritim_infrastruktur", "førsteDatafangstdato": null, "oppdateringsdato": "2023-08-24T00:00:00", "datauttaksdato": "2025-05-01T00:00:36", "målemetode": "ukjentMålemetode", "kabeltype": "telefonledning", "sjøstatus": null }, "geometry": { "type": "MultiLineString", "coordinates": [ [ [ 1.911994824442091, 59.627926365716483 ], [ 2.054753010167243, 59.618044783613364 ], [ 2.225041260500939, 59.566774109609497 ] ] ] } },
{ "type": "Feature", "properties": { "gml_id": "id90ec0636-ecb5-4679-9f4b-6924ed91ec36", "lokalId": "342e292d-77ce-497e-b877-0c7f5816e7da", "navnerom": "https://data.geonorge.no/sosi/kyst/sjokart_maritim_infrastruktur", "førsteDatafangstdato": null, "oppdateringsdato": "2024-02-26T00:00:00", "datauttaksdato": "2025-05-01T00:00:36", "målemetode": "ukjentMålemetode", "kabeltype": "kraftledning", "sjøstatus": null }, "geometry": { "type": "MultiLineString", "coordinates": [ [ [ 3.500583474145684, 60.774530508466022 ], [ 3.492364040024283, 60.787697164951567 ], [ 3.561109097798732, 60.773567129744592 ], [ 3.627639114017564, 60.795036018436505 ], [ 3.646976735421968, 60.834928984913049 ], [ 3.610439882451882, 60.885585166111518 ] ] ] } },
{ "type": "Feature", "properties": { "gml_id": "ida768632e-feb1-4017-8c47-fd89a8ce1ef1", "lokalId": "ead86750-d2e3-4fc6-9472-015b0669cc85", "navnerom": "https://data.geonorge.no/sosi/kyst/sjokart_maritim_infrastruktur", "førsteDatafangstdato": null, "oppdateringsdato": "2020-11-26T00:00:00", "datauttaksdato": "2025-05-01T00:00:36", "målemetode": "ukjentMålemetode", "kabeltype": "kraftledning", "sjøstatus": "permanent" }, "geometry": { "type": "MultiLineString", "coordinates": [ [ [ 12.724481527729756, 67.657764741386416 ], [ 12.771569493451688, 67.664107077247834 ], [ 12.928949910053509, 67.748337303123321 ], [ 12.958893140994796, 67.794107140979037 ], [ 12.985343271903508, 67.810238221492341 ], [ 13.002831301147406, 67.851331534009475 ], [ 13.033002252275709, 67.873791173837262 ], [ 13.185680580257692, 67.94775688900198 ], [ 13.205847332651288, 67.982080033265802 ], [ 13.187120151792907, 68.007828477287973 ], [ 13.174692483856621, 68.008307688759047 ] ] ] } },
{ "type": "Feature", "properties": { "gml_id": "id02227be0-bc99-4415-89a3-7b280d5ba9aa", "lokalId": "198c1cb1-3171-46d0-83cb-98d067d77348", "navnerom": "https://data.geonorge.no/sosi/kyst/sjokart_maritim_infrastruktur", "førsteDatafangstdato": null, "oppdateringsdato": "2020-11-26T00:00:00", "datauttaksdato": "2025-05-01T00:00:36", "målemetode": "ukjentMålemetode", "kabeltype": null, "sjøstatus": null }, "geometry": { "type": "MultiLineString", "coordinates": [ [ [ 13.005243201976699, 67.958174537489015 ], [ 13.052737925074211, 67.950853192981938 ], [ 13.069849995307074, 67.940626198403791 ] ] ] } },
{ "type": "Feature", "properties": { "gml_id": "ideacc9474-c42b-47bd-add1-336ea3da0bae", "lokalId": "b6b2b28b-2051-447b-8825-d576031606ee", "navnerom": "https://data.geonorge.no/sosi/kyst/sjokart_maritim_infrastruktur", "førsteDatafangstdato": null, "oppdateringsdato": "2023-08-24T00:00:00", "datauttaksdato": "2025-05-01T00:00:36", "målemetode": "ukjentMålemetode", "kabeltype": "telefonledning", "sjøstatus": null }, "geometry": { "type": "MultiLineString", "coordinates": [ [ [ 2.239781783334247, 59.569014856776448 ], [ 2.239603444352946, 59.575049911796825 ] ] ] } },
{ "type": "Feature", "properties": { "gml_id": "id29b4cc6f-8e21-4540-b96f-c6eb252b7d61", "lokalId": "abbcef5f-1b8b-4bf2-a494-200f8f2fc49a", "navnerom": "https://data.geonorge.no/sosi/kyst/sjokart_maritim_infrastruktur", "førsteDatafangstdato": null, "oppdateringsdato": "2022-09-13T00:00:00", "datauttaksdato": "2025-05-01T00:00:36", "målemetode": "ukjentMålemetode", "kabeltype": "kraftledning", "sjøstatus": null }, "geometry": { "type": "MultiLineString", "coordinates": [ [ [ 5.462465339079817, 59.113286365510874 ], [ 5.178702000487035, 59.054723900953142 ], [ 3.76007544523125, 58.93892818531949 ], [ 2.751544573393341, 58.843786154630614 ], [ 2.706782944409496, 58.846672335599187 ], [ 2.643412577051361, 58.863209314499564 ], [ 2.55933051951087, 58.837292305065326 ] ] ] } },
{ "type": "Feature", "properties": { "gml_id": "ida1444add-8ac1-4aa0-aa11-521392359e33", "lokalId": "31dcefb5-9eb6-4d5d-9672-ce6220e69610", "navnerom": "https://data.geonorge.no/sosi/kyst/sjokart_maritim_infrastruktur", "førsteDatafangstdato": null, "oppdateringsdato": "2022-03-23T00:00:00", "datauttaksdato": "2025-05-01T00:00:36", "målemetode": "ukjentMålemetode", "kabeltype": "kraftledning", "sjøstatus": "permanent" }, "geometry": { "type": "MultiLineString", "coordinates": [ [ [ 2.139292216445558, 61.388605607554076 ], [ 2.117386067417419, 61.39633406256285 ] ] ] } },
{ "type": "Feature", "properties": { "gml_id": "idf0001262-d0dd-4061-9883-e87c760bf524", "lokalId": "566143d4-28a6-4341-984b-f0004e41ee81", "navnerom": "https://data.geonorge.no/sosi/kyst/sjokart_maritim_infrastruktur", "førsteDatafangstdato": null, "oppdateringsdato": "2022-03-23T00:00:00", "datauttaksdato": "2025-05-01T00:00:36", "målemetode": "ukjentMålemetode", "kabeltype": "kraftledning", "sjøstatus": "permanent" }, "geometry": { "type": "MultiLineString", "coordinates": [ [ [ 2.143332107187118, 61.445492142567176 ], [ 2.133599301234507, 61.409958984133993 ], [ 2.139487872650109, 61.388957930497959 ] ] ] } },
{ "type": "Feature", "properties": { "gml_id": "id241467e0-c68c-4ebb-9022-65915b14e48f", "lokalId": "fc5f7bec-2464-43b1-bb9e-dab45b1149e0", "navnerom": "https://data.geonorge.no/sosi/kyst/sjokart_maritim_infrastruktur", "førsteDatafangstdato": null, "oppdateringsdato": "2023-11-10T00:00:00", "datauttaksdato": "2025-05-01T00:00:36", "målemetode": "ukjentMålemetode", "kabeltype": "kraftledning", "sjøstatus": null }, "geometry": { "type": "MultiLineString", "coordinates": [ [ [ 2.353612459000026, 59.59391115227838 ], [ 2.381006093000054, 59.597493621278502 ], [ 2.437344347000018, 59.626107949280609 ] ] ] } },
{ "type": "Feature", "properties": { "gml_id": "id6fe7c634-3b42-4742-8134-437b6bef509d", "lokalId": "aeab9904-ecf5-4f52-ab73-7fc3be7664bb", "navnerom": "https://data.geonorge.no/sosi/kyst/sjokart_maritim_infrastruktur", "førsteDatafangstdato": null, "oppdateringsdato": "2023-11-10T00:00:00", "datauttaksdato": "2025-05-01T00:00:36", "målemetode": "ukjentMålemetode", "kabeltype": "kraftledning", "sjøstatus": null }, "geometry": { "type": "MultiLineString", "coordinates": [ [ [ 2.002144357, 59.568249488276358 ], [ 2.083818361000055, 59.586119476277673 ] ] ] } },
{ "type": "Feature", "properties": { "gml_id": "idf847b3be-8cc0-493f-b966-f23c100ee345", "lokalId": "82269bef-56a2-4d91-b9c6-4b77f0f85c00", "navnerom": "https://data.geonorge.no/sosi/kyst/sjokart_maritim_infrastruktur", "førsteDatafangstdato": null, "oppdateringsdato": "2023-11-10T00:00:00", "datauttaksdato": "2025-05-01T00:00:36", "målemetode": "ukjentMålemetode", "kabeltype": "kraftledning", "sjøstatus": null }, "geometry": { "type": "MultiLineString", "coordinates": [ [ [ 2.085642560000051, 59.586424806277741 ], [ 2.352566119000072, 59.593850936278258 ] ] ] } },
{ "type": "Feature", "properties": { "gml_id": "id1ed916ce-b765-49b0-bddf-99cf562bb60a", "lokalId": "f1da2c86-fe8a-4754-9f14-e656dc22fdcd", "navnerom": "https://data.geonorge.no/sosi/kyst/sjokart_maritim_infrastruktur", "førsteDatafangstdato": null, "oppdateringsdato": "2023-12-12T00:00:00", "datauttaksdato": "2025-05-01T00:00:36", "målemetode": "ukjentMålemetode", "kabeltype": "kraftledning", "sjøstatus": null }, "geometry": { "type": "MultiLineString", "coordinates": [ [ [ 13.093430320960469, 67.936458675097398 ], [ 13.135156637645604, 67.949856269423222 ] ] ] } },
{ "type": "Feature", "properties": { "gml_id": "id72d7e770-c49f-46aa-b185-a803c71fe5ee", "lokalId": "5c18aff8-861f-4579-aef0-bd37995f0c46", "navnerom": "https://data.geonorge.no/sosi/kyst/sjokart_maritim_infrastruktur", "førsteDatafangstdato": null, "oppdateringsdato": "2021-12-22T00:00:00", "datauttaksdato": "2025-05-01T00:00:36", "målemetode": "ukjentMålemetode", "kabeltype": "kraftledning", "sjøstatus": null }, "geometry": { "type": "MultiLineString", "coordinates": [ [ [ 7.691007229000022, 65.841176113570498 ], [ 7.719110087000047, 65.917570889572431 ] ] ] } },
{ "type": "Feature", "properties": { "gml_id": "idc9288437-fb98-4c9a-80f9-80655ba16007", "lokalId": "fdbe5e14-0263-47a0-847c-5d9d26c7156f", "navnerom": "https://data.geonorge.no/sosi/kyst/sjokart_maritim_infrastruktur", "førsteDatafangstdato": null, "oppdateringsdato": "2021-12-22T00:00:00", "datauttaksdato": "2025-05-01T00:00:36", "målemetode": "ukjentMålemetode", "kabeltype": "kraftledning", "sjøstatus": null }, "geometry": { "type": "MultiLineString", "coordinates": [ [ [ 7.645476563000048, 65.694403037566218 ], [ 7.642196353000038, 65.68272312356585 ], [ 7.684923193000029, 65.696383275566248 ], [ 7.698614081000074, 65.795024665569017 ], [ 7.690814025000068, 65.841135174570269 ] ] ] } },
{ "type": "Feature", "properties": { "gml_id": "idb941b910-4380-4358-82c2-6fe354ac155c", "lokalId": "3a6a4021-6d1a-41fa-b010-e2b6b4d499f1", "navnerom": "https://data.geonorge.no/sosi/kyst/sjokart_maritim_infrastruktur", "førsteDatafangstdato": null, "oppdateringsdato": "2022-10-06T00:00:00", "datauttaksdato": "2025-05-01T00:00:36", "målemetode": "ukjentMålemetode", "kabeltype": "kraftledning", "sjøstatus": null }, "geometry": { "type": "MultiLineString", "coordinates": [ [ [ 3.979468990079341, 61.387777221148191 ], [ 3.997686138649931, 61.404644157888058 ] ] ] } },
{ "type": "Feature", "properties": { "gml_id": "idea09c8fd-fef3-48b0-9f34-994473875340", "lokalId": "84763de7-97ba-4678-966a-856f6d166e8a", "navnerom": "https://data.geonorge.no/sosi/kyst/sjokart_maritim_infrastruktur", "førsteDatafangstdato": null, "oppdateringsdato": "2021-12-22T00:00:00", "datauttaksdato": "2025-05-01T00:00:36", "målemetode": "ukjentMålemetode", "kabeltype": "kraftledning", "sjøstatus": null }, "geometry": { "type": "MultiLineString", "coordinates": [ [ [ 7.655852551000065, 65.695917499566235 ], [ 7.686121355000066, 65.697234255566244 ], [ 7.69935831900004, 65.796468079569209 ], [ 7.718003053000082, 65.799707104569137 ] ] ] } },
{ "type": "Feature", "properties": { "gml_id": "id644fa7c2-9129-4c55-ad85-658ec77a46a9", "lokalId": "5e64e08a-f816-4ab4-b897-c2b04ed8845c", "navnerom": "https://data.geonorge.no/sosi/kyst/sjokart_maritim_infrastruktur", "førsteDatafangstdato": null, "oppdateringsdato": "2021-12-22T00:00:00", "datauttaksdato": "2025-05-01T00:00:36", "målemetode": "ukjentMålemetode", "kabeltype": "kraftledning", "sjøstatus": null }, "geometry": { "type": "MultiLineString", "coordinates": [ [ [ 7.719632778000062, 65.798887047569096 ], [ 7.719069232000043, 65.798138309569211 ] ] ] } },
{ "type": "Feature", "properties": { "gml_id": "id7c3b8cf7-de92-4d31-97cb-0007be7f3043", "lokalId": "98e25e51-8d0a-462e-9b3f-025beb0f399d", "navnerom": "https://data.geonorge.no/sosi/kyst/sjokart_maritim_infrastruktur", "førsteDatafangstdato": null, "oppdateringsdato": "2020-08-12T00:00:00", "datauttaksdato": "2025-05-01T00:00:36", "målemetode": "ukjentMålemetode", "kabeltype": null, "sjøstatus": null }, "geometry": { "type": "MultiLineString", "coordinates": [ [ [ 2.276910000160888, 59.656676775139445 ], [ 2.261549742165952, 59.666828446333099 ], [ 2.197339918335679, 59.78225621695136 ], [ 2.180742436752289, 59.793096360165741 ] ] ] } },
{ "type": "Feature", "properties": { "gml_id": "id4d2ca905-222b-412a-bb8a-ffb8df79e8a1", "lokalId": "caefa19d-058e-4af3-81dc-a78e20141042", "navnerom": "https://data.geonorge.no/sosi/kyst/sjokart_maritim_infrastruktur", "førsteDatafangstdato": null, "oppdateringsdato": "2021-02-10T00:00:00", "datauttaksdato": "2025-05-01T00:00:36", "målemetode": "ukjentMålemetode", "kabeltype": "kraftledning", "sjøstatus": null }, "geometry": { "type": "MultiLineString", "coordinates": [ [ [ 3.513437282367991, 60.838277425369711 ], [ 3.512230229647609, 60.819812358853085 ], [ 3.535146926864788, 60.786373031714668 ] ] ] } },
{ "type": "Feature", "properties": { "gml_id": "id81fc9628-147b-46e0-a5e5-b7c75b61ea61", "lokalId": "a3e36000-44eb-446b-bf43-4a1bb0060394", "navnerom": "https://data.geonorge.no/sosi/kyst/sjokart_maritim_infrastruktur", "førsteDatafangstdato": null, "oppdateringsdato": "2021-02-10T00:00:00", "datauttaksdato": "2025-05-01T00:00:36", "målemetode": "ukjentMålemetode", "kabeltype": "kraftledning", "sjøstatus": null }, "geometry": { "type": "MultiLineString", "coordinates": [ [ [ 3.726150001339411, 60.645321028421719 ], [ 3.587305472884371, 60.746301156489821 ], [ 3.535204309445393, 60.774858590523039 ], [ 3.535106535556422, 60.786175668691648 ] ] ] } },
{ "type": "Feature", "properties": { "gml_id": "idc48dc041-0cad-4555-83f0-4ff69a758088", "lokalId": "5dbeb174-7f67-4f34-9b70-0e74d09b2da9", "navnerom": "https://data.geonorge.no/sosi/kyst/sjokart_maritim_infrastruktur", "førsteDatafangstdato": null, "oppdateringsdato": "2022-10-06T00:00:00", "datauttaksdato": "2025-05-01T00:00:36", "målemetode": "ukjentMålemetode", "kabeltype": "kraftledning", "sjøstatus": null }, "geometry": { "type": "MultiLineString", "coordinates": [ [ [ 3.905672295000626, 61.33375902197681 ], [ 3.957394414349528, 61.338212728215197 ], [ 4.007813596755097, 61.358199776265074 ], [ 4.065598732450523, 61.399791975149348 ] ] ] } },
{ "type": "Feature", "properties": { "gml_id": "id5f40cdcb-980b-4fcb-9e43-83f094ede1f4", "lokalId": "4abe5e87-9eb4-4f51-93c2-d1deae27cc21", "navnerom": "https://data.geonorge.no/sosi/kyst/sjokart_maritim_infrastruktur", "førsteDatafangstdato": null, "oppdateringsdato": "2020-09-24T00:00:00", "datauttaksdato": "2025-05-01T00:00:36", "målemetode": "ukjentMålemetode", "kabeltype": "kraftledning", "sjøstatus": null }, "geometry": { "type": "MultiLineString", "coordinates": [ [ [ 5.020783333974149, 58.875555123643309 ], [ 5.25, 59.005851564396373 ] ] ] } },
{ "type": "Feature", "properties": { "gml_id": "id54bffa27-e442-40de-affe-5ce20b8bf8e0", "lokalId": "c923cc7d-6594-4c57-ab35-08fd73b146cd", "navnerom": "https://data.geonorge.no/sosi/kyst/sjokart_maritim_infrastruktur", "førsteDatafangstdato": null, "oppdateringsdato": "2020-09-24T00:00:00", "datauttaksdato": "2025-05-01T00:00:37", "målemetode": "ukjentMålemetode", "kabeltype": "kraftledning", "sjøstatus": null }, "geometry": { "type": "MultiLineString", "coordinates": [ [ [ 5.07279537002047, 58.902332572991504 ], [ 5.25, 59.005210504340397 ] ] ] } },
{ "type": "Feature", "properties": { "gml_id": "id4fd1f647-6af3-4786-9cf4-fa006bec9eea", "lokalId": "6d4caac2-2be1-419d-ba40-8b493e74d32d", "navnerom": "https://data.geonorge.no/sosi/kyst/sjokart_maritim_infrastruktur", "førsteDatafangstdato": null, "oppdateringsdato": "2020-11-26T00:00:00", "datauttaksdato": "2025-05-01T00:00:37", "målemetode": "ukjentMålemetode", "kabeltype": null, "sjøstatus": null }, "geometry": { "type": "MultiLineString", "coordinates": [ [ [ 8.183270706104192, 57.864315074430912 ], [ 8.341528872069002, 57.588824837722235 ] ] ] } },
{ "type": "Feature", "properties": { "gml_id": "ida63169f9-ceed-4e58-8953-4f18cf58d04b", "lokalId": "6bcb6883-e68f-450d-b62d-29529fc9f517", "navnerom": "https://data.geonorge.no/sosi/kyst/sjokart_maritim_infrastruktur", "førsteDatafangstdato": null, "oppdateringsdato": "2020-11-26T00:00:00", "datauttaksdato": "2025-05-01T00:00:37", "målemetode": "ukjentMålemetode", "kabeltype": "kraftledning", "sjøstatus": null }, "geometry": { "type": "MultiLineString", "coordinates": [ [ [ 8.25, 58.017856919912546 ], [ 8.633325455869485, 57.650211743048324 ] ] ] } },
{ "type": "Feature", "properties": { "gml_id": "idfdb6c80c-b880-483d-a2c2-b696f5072223", "lokalId": "a1e35089-a988-4983-9188-59e13ffffb5c", "navnerom": "https://data.geonorge.no/sosi/kyst/sjokart_maritim_infrastruktur", "førsteDatafangstdato": null, "oppdateringsdato": "2020-09-03T00:00:00", "datauttaksdato": "2025-05-01T00:00:37", "målemetode": "ukjentMålemetode", "kabeltype": "kraftledning", "sjøstatus": null }, "geometry": { "type": "MultiLineString", "coordinates": [ [ [ 2.528378051331758, 58.816613849554749 ], [ 2.54955448523754, 58.822722068487167 ], [ 2.527732791638212, 58.817180408308353 ] ] ] } },
{ "type": "Feature", "properties": { "gml_id": "ide784e12f-b51d-4060-a786-8e17d04731cd", "lokalId": "0e9b48a7-3569-41f4-9608-61cf0c793ad9", "navnerom": "https://data.geonorge.no/sosi/kyst/sjokart_maritim_infrastruktur", "førsteDatafangstdato": null, "oppdateringsdato": "2020-10-19T00:00:00", "datauttaksdato": "2025-05-01T00:00:37", "målemetode": "ukjentMålemetode", "kabeltype": null, "sjøstatus": null }, "geometry": { "type": "MultiLineString", "coordinates": [ [ [ 7.546153790000058, 65.697136500566302 ], [ 7.488605083000032, 65.626828639564323 ] ] ] } },
{ "type": "Feature", "properties": { "gml_id": "ide98404fb-8495-4735-8b87-2f7845cd1371", "lokalId": "d0a606be-ad78-492b-b74a-547803b20c5b", "navnerom": "https://data.geonorge.no/sosi/kyst/sjokart_maritim_infrastruktur", "førsteDatafangstdato": null, "oppdateringsdato": "2020-10-19T00:00:00", "datauttaksdato": "2025-05-01T00:00:37", "målemetode": "ukjentMålemetode", "kabeltype": null, "sjøstatus": null }, "geometry": { "type": "MultiLineString", "coordinates": [ [ [ 7.643498699000077, 65.694657492566293 ], [ 7.546333036000026, 65.697186936566382 ] ] ] } },
{ "type": "Feature", "properties": { "gml_id": "idd461fa35-c594-49d5-8b27-01540252eb61", "lokalId": "f8ec3f95-bf20-41ed-8e6b-6d0e7e99152d", "navnerom": "https://data.geonorge.no/sosi/kyst/sjokart_maritim_infrastruktur", "førsteDatafangstdato": null, "oppdateringsdato": "2020-10-19T00:00:00", "datauttaksdato": "2025-05-01T00:00:37", "målemetode": "ukjentMålemetode", "kabeltype": null, "sjøstatus": null }, "geometry": { "type": "MultiLineString", "coordinates": [ [ [ 7.488480009000063, 65.626794373564266 ], [ 7.472724297000072, 65.612036309563919 ], [ 7.423311676000012, 65.594229264563367 ] ] ] } },
{ "type": "Feature", "properties": { "gml_id": "id149c1e7a-ee4e-4e91-8650-e948082d8aee", "lokalId": "6ed62687-b238-490a-b16d-8e74e9884856", "navnerom": "https://data.geonorge.no/sosi/kyst/sjokart_maritim_infrastruktur", "førsteDatafangstdato": null, "oppdateringsdato": "2020-10-19T00:00:00", "datauttaksdato": "2025-05-01T00:00:37", "målemetode": "ukjentMålemetode", "kabeltype": null, "sjøstatus": null }, "geometry": { "type": "MultiLineString", "coordinates": [ [ [ 7.642071540000077, 65.695627673566165 ], [ 7.643486310000075, 65.69467784256635 ] ] ] } },
{ "type": "Feature", "properties": { "gml_id": "id7629634f-9faa-498b-ad30-987b5549b193", "lokalId": "ba4badad-d01b-464c-a8a6-a76cd9cac953", "navnerom": "https://data.geonorge.no/sosi/kyst/sjokart_maritim_infrastruktur", "førsteDatafangstdato": null, "oppdateringsdato": "2020-10-19T00:00:00", "datauttaksdato": "2025-05-01T00:00:37", "målemetode": "ukjentMålemetode", "kabeltype": null, "sjøstatus": null }, "geometry": { "type": "MultiLineString", "coordinates": [ [ [ 7.544342201000067, 65.696201920566338 ], [ 7.56607032800002, 65.715312747566799 ], [ 7.615002803000046, 65.734949636567507 ], [ 7.651037745000052, 65.739789046567537 ] ] ] } },
{ "type": "Feature", "properties": { "gml_id": "id098c3c7c-545f-4349-a94a-555146f7ecb9", "lokalId": "3e2f46cc-a2c7-4645-9e41-e68bfa1142b0", "navnerom": "https://data.geonorge.no/sosi/kyst/sjokart_maritim_infrastruktur", "førsteDatafangstdato": null, "oppdateringsdato": "2020-11-26T00:00:00", "datauttaksdato": "2025-05-01T00:00:37", "målemetode": "ukjentMålemetode", "kabeltype": "kraftledning", "sjøstatus": null }, "geometry": { "type": "MultiLineString", "coordinates": [ [ [ 1.95478469295343, 61.444080884403284 ], [ 1.912352411384728, 61.446894514562658 ] ] ] } },
{ "type": "Feature", "properties": { "gml_id": "id55871d8f-161f-4972-9fe1-756e33e8945c", "lokalId": "64720ede-38f2-47ff-8662-ee85265ee52c", "navnerom": "https://data.geonorge.no/sosi/kyst/sjokart_maritim_infrastruktur", "førsteDatafangstdato": null, "oppdateringsdato": "2021-02-01T00:00:00", "datauttaksdato": "2025-05-01T00:00:37", "målemetode": "ukjentMålemetode", "kabeltype": "kraftledning", "sjøstatus": null }, "geometry": { "type": "MultiLineString", "coordinates": [ [ [ 3.508748561513091, 60.714101137508457 ], [ 3.509261358884692, 60.715574429334772 ] ] ] } },
{ "type": "Feature", "properties": { "gml_id": "idf79ff31f-04d7-49a3-a4df-320539442596", "lokalId": "41d9baae-4af6-4473-96cf-ee34484acd4d", "navnerom": "https://data.geonorge.no/sosi/kyst/sjokart_maritim_infrastruktur", "førsteDatafangstdato": null, "oppdateringsdato": "2020-11-26T00:00:00", "datauttaksdato": "2025-05-01T00:00:37", "målemetode": "ukjentMålemetode", "kabeltype": null, "sjøstatus": null }, "geometry": { "type": "MultiLineString", "coordinates": [ [ [ 2.066278297366236, 59.615349240998313 ], [ 1.97875354199259, 59.5822577634463 ], [ 1.977851118712685, 59.574044342036963 ], [ 1.991511882781574, 59.56779020616387 ] ] ] } },
{ "type": "Feature", "properties": { "gml_id": "idcef978ca-7886-4f72-90ce-ddb44c3b5507", "lokalId": "0be14cca-81e3-4b46-aa4f-c4f3f128439b", "navnerom": "https://data.geonorge.no/sosi/kyst/sjokart_maritim_infrastruktur", "førsteDatafangstdato": null, "oppdateringsdato": "2024-03-04T00:00:00", "datauttaksdato": "2025-05-01T00:00:37", "målemetode": "ukjentMålemetode", "kabeltype": "kraftledning", "sjøstatus": null }, "geometry": { "type": "MultiLineString", "coordinates": [ [ [ 2.824814610255511, 60.491981795047849 ], [ 2.830451727867217, 60.497287532833667 ], [ 2.838079417694829, 60.490261492968273 ], [ 2.813615277312312, 60.396895302438381 ], [ 2.795712671211434, 60.389779866683099 ] ] ] } },
{ "type": "Feature", "properties": { "gml_id": "id732a2cae-6ca4-464a-a4d0-b4b00ca2c079", "lokalId": "7fc04546-a22d-4f5f-9eb6-eb297ce34002", "navnerom": "https://data.geonorge.no/sosi/kyst/sjokart_maritim_infrastruktur", "førsteDatafangstdato": null, "oppdateringsdato": "2024-03-04T00:00:00", "datauttaksdato": "2025-05-01T00:00:37", "målemetode": "ukjentMålemetode", "kabeltype": "kraftledning", "sjøstatus": null }, "geometry": { "type": "MultiLineString", "coordinates": [ [ [ 4.823542700196053, 60.553649893352052 ], [ 4.822319052074791, 60.55278253898571 ] ], [ [ 4.822109258756225, 60.552618668042918 ], [ 4.821225448171563, 60.550189681840976 ] ], [ [ 4.819794527404078, 60.548162534041495 ], [ 4.820546543330266, 60.545162900206755 ] ], [ [ 4.820594572317552, 60.545120269500536 ], [ 4.807546974394545, 60.527387295870604 ], [ 4.730963822320011, 60.498539832496007 ], [ 4.622263839910882, 60.487243734925379 ], [ 3.342901814317214, 60.464967223714211 ], [ 3.055744763997798, 60.451759865271491 ], [ 2.952518156686721, 60.464810307080405 ], [ 2.833323828473503, 60.499807660219048 ], [ 2.824715767073426, 60.492012487109193 ] ] ] } },
{ "type": "Feature", "properties": { "gml_id": "id057a616f-7e45-462a-87a5-85571b4df498", "lokalId": "f8f5d690-406f-4968-b450-950e2ea76f6d", "navnerom": "https://data.geonorge.no/sosi/kyst/sjokart_maritim_infrastruktur", "førsteDatafangstdato": null, "oppdateringsdato": "2020-11-26T00:00:00", "datauttaksdato": "2025-05-01T00:00:37", "målemetode": "ukjentMålemetode", "kabeltype": "kraftledning", "sjøstatus": null }, "geometry": { "type": "MultiLineString", "coordinates": [ [ [ 2.14271894968322, 61.448680909717481 ], [ 2.224146304386436, 61.489381050720993 ] ] ] } },
{ "type": "Feature", "properties": { "gml_id": "id1089b78f-e29d-4d9d-945b-050b7f7c0aac", "lokalId": "307f31ff-e33c-464c-b522-18af1969a285", "navnerom": "https://data.geonorge.no/sosi/kyst/sjokart_maritim_infrastruktur", "førsteDatafangstdato": null, "oppdateringsdato": "2020-11-26T00:00:00", "datauttaksdato": "2025-05-01T00:00:37", "målemetode": "ukjentMålemetode", "kabeltype": "kraftledning", "sjøstatus": null }, "geometry": { "type": "MultiLineString", "coordinates": [ [ [ 2.161884004066207, 61.454808252870428 ], [ 2.183821277913233, 61.469706127281547 ] ] ] } },
{ "type": "Feature", "properties": { "gml_id": "id54cb2d99-22ac-47af-bb2c-da22565bdab4", "lokalId": "30843c69-a21e-4cec-b510-4dab1bdc8686", "navnerom": "https://data.geonorge.no/sosi/kyst/sjokart_maritim_infrastruktur", "førsteDatafangstdato": null, "oppdateringsdato": "2020-11-26T00:00:00", "datauttaksdato": "2025-05-01T00:00:37", "målemetode": "ukjentMålemetode", "kabeltype": "kraftledning", "sjøstatus": null }, "geometry": { "type": "MultiLineString", "coordinates": [ [ [ 2.242647438521627, 61.123493102558761 ], [ 2.258935439583877, 61.110129397005629 ] ] ] } },
{ "type": "Feature", "properties": { "gml_id": "id0cfbdabf-4479-48d8-adc4-48fb817f7702", "lokalId": "26253fe3-4922-40fa-af9f-413f0ea40f10", "navnerom": "https://data.geonorge.no/sosi/kyst/sjokart_maritim_infrastruktur", "førsteDatafangstdato": null, "oppdateringsdato": "2020-11-26T00:00:00", "datauttaksdato": "2025-05-01T00:00:37", "målemetode": "ukjentMålemetode", "kabeltype": "kraftledning", "sjøstatus": null }, "geometry": { "type": "MultiLineString", "coordinates": [ [ [ 2.187360593400647, 61.176140341590177 ], [ 2.146013268260316, 61.176786465678468 ], [ 2.014359309058036, 61.135830789110948 ] ] ] } },
{ "type": "Feature", "properties": { "gml_id": "ida2323503-432e-439b-8bc7-49777e72b1fe", "lokalId": "69ae95f1-ada1-4ed9-868d-aefc52b566cb", "navnerom": "https://data.geonorge.no/sosi/kyst/sjokart_maritim_infrastruktur", "førsteDatafangstdato": null, "oppdateringsdato": "2020-11-26T00:00:00", "datauttaksdato": "2025-05-01T00:00:37", "målemetode": "ukjentMålemetode", "kabeltype": "kraftledning", "sjøstatus": null }, "geometry": { "type": "MultiLineString", "coordinates": [ [ [ 4.319881866525888, 58.929213630028165 ], [ 4.5, 58.99611947538812 ] ] ] } },
{ "type": "Feature", "properties": { "gml_id": "ida2819817-9c9b-4159-a690-96016c1766dd", "lokalId": "d938cab0-d0b1-4b9c-b1af-c9ad95c8aca1", "navnerom": "https://data.geonorge.no/sosi/kyst/sjokart_maritim_infrastruktur", "førsteDatafangstdato": null, "oppdateringsdato": "2020-11-26T00:00:00", "datauttaksdato": "2025-05-01T00:00:37", "målemetode": "ukjentMålemetode", "kabeltype": "kraftledning", "sjøstatus": null }, "geometry": { "type": "MultiLineString", "coordinates": [ [ [ 2.827299016077304, 60.489741512459553 ], [ 2.652116358642144, 60.467134529627778 ] ] ] } },
{ "type": "Feature", "properties": { "gml_id": "id5017ac2f-9fe3-42cf-bf3d-e8e7998813c9", "lokalId": "bc1c3ea8-11d6-4258-94d6-65c80e01bc16", "navnerom": "https://data.geonorge.no/sosi/kyst/sjokart_maritim_infrastruktur", "førsteDatafangstdato": null, "oppdateringsdato": "2020-11-26T00:00:00", "datauttaksdato": "2025-05-01T00:00:37", "målemetode": "ukjentMålemetode", "kabeltype": "kraftledning", "sjøstatus": null }, "geometry": { "type": "MultiLineString", "coordinates": [ [ [ 7.054859928675222, 64.811305801255742 ], [ 7.013700348798221, 64.834509401226768 ] ] ] } },
{ "type": "Feature", "properties": { "gml_id": "id082349c6-66b4-4135-bb18-55aba3b40b09", "lokalId": "9f32ad9e-6f9a-47d7-a446-12bd49e6c7ce", "navnerom": "https://data.geonorge.no/sosi/kyst/sjokart_maritim_infrastruktur", "førsteDatafangstdato": null, "oppdateringsdato": "2020-11-26T00:00:00", "datauttaksdato": "2025-05-01T00:00:37", "målemetode": "ukjentMålemetode", "kabeltype": "kraftledning", "sjøstatus": null }, "geometry": { "type": "MultiLineString", "coordinates": [ [ [ 7.009812154754938, 64.78956270073904 ], [ 6.988986508310028, 64.779479295428203 ] ] ] } },
{ "type": "Feature", "properties": { "gml_id": "id804e0360-78db-4563-8e1f-8fc82d612859", "lokalId": "0886b9eb-121e-41a8-b0ed-eb4414423a1b", "navnerom": "https://data.geonorge.no/sosi/kyst/sjokart_maritim_infrastruktur", "førsteDatafangstdato": null, "oppdateringsdato": "2020-11-26T00:00:00", "datauttaksdato": "2025-05-01T00:00:37", "målemetode": "ukjentMålemetode", "kabeltype": "kraftledning", "sjøstatus": null }, "geometry": { "type": "MultiLineString", "coordinates": [ [ [ 2.79592719011382, 60.389596868142782 ], [ 2.800317790833401, 60.37742880373316 ], [ 2.774446823952863, 60.264093316479929 ] ] ] } },
{ "type": "Feature", "properties": { "gml_id": "idf842bb65-f730-4fce-b839-e5fbc0d43313", "lokalId": "0bb8d22c-adc5-4444-a817-c1915a9bbb89", "navnerom": "https://data.geonorge.no/sosi/kyst/sjokart_maritim_infrastruktur", "førsteDatafangstdato": null, "oppdateringsdato": "2020-11-26T00:00:00", "datauttaksdato": "2025-05-01T00:00:37", "målemetode": "ukjentMålemetode", "kabeltype": "kraftledning", "sjøstatus": null }, "geometry": { "type": "MultiLineString", "coordinates": [ [ [ 6.550507127934414, 64.994378752608782 ], [ 6.570374846228905, 65.005736943836126 ], [ 6.626007972928086, 65.003436646154668 ], [ 7.041210560747606, 64.918554738671148 ], [ 7.065404848669361, 64.906273458757937 ], [ 7.069639662218876, 64.888672436185956 ] ] ] } },
{ "type": "Feature", "properties": { "gml_id": "id0f7a1cbe-954c-4901-ab7e-06e46ed9d179", "lokalId": "f1e6cd3d-648d-4a8c-b9d9-bb7ff68e05b3", "navnerom": "https://data.geonorge.no/sosi/kyst/sjokart_maritim_infrastruktur", "førsteDatafangstdato": null, "oppdateringsdato": "2024-11-26T00:00:00", "datauttaksdato": "2025-05-01T00:00:37", "målemetode": "ukjentMålemetode", "kabeltype": "telefonledning", "sjøstatus": null }, "geometry": { "type": "MultiLineString", "coordinates": [ [ [ 23.585192698943892, 70.68908335830487 ], [ 23.540367963937591, 70.699132008045396 ], [ 23.531173828312372, 70.712270441566062 ], [ 23.567512747848681, 70.731058682097427 ], [ 23.632248408463379, 70.748090006921331 ], [ 23.650314856554303, 70.761291301410964 ], [ 23.649972678315887, 70.779244098703217 ], [ 23.596953048541106, 70.811407477069395 ], [ 23.528872203799388, 70.833889831429886 ], [ 23.48184524146739, 70.883879540304036 ], [ 23.487628420758288, 70.897261247432326 ], [ 23.526492767345609, 70.922756739390763 ], [ 23.586515920933497, 70.941221224450842 ], [ 23.615455334284782, 70.962800497051063 ], [ 23.703527308491086, 71.003716308226672 ], [ 23.784985127318699, 71.063540440905427 ], [ 23.776484513147988, 71.081616151525751 ], [ 23.7419092214015, 71.10142215928785 ], [ 23.415822422765505, 71.173666841763506 ], [ 23.305963666362985, 71.184471552858753 ], [ 21.987695805277696, 71.438603617606788 ], [ 21.226458195844195, 71.572387573594071 ] ] ] } },
{ "type": "Feature", "properties": { "gml_id": "id69a94a72-c18b-46dc-990e-2f707b327e7a", "lokalId": "f87187a1-61a7-4db9-92d7-90f43076bd4f", "navnerom": "https://data.geonorge.no/sosi/kyst/sjokart_maritim_infrastruktur", "førsteDatafangstdato": null, "oppdateringsdato": "2024-11-26T00:00:00", "datauttaksdato": "2025-05-01T00:00:37", "målemetode": "ukjentMålemetode", "kabeltype": "telefonledning", "sjøstatus": null }, "geometry": { "type": "MultiLineString", "coordinates": [ [ [ 21.273102948224793, 71.563809107890322 ], [ 21.2264210035917, 71.569249623036001 ] ] ] } },
{ "type": "Feature", "properties": { "gml_id": "id872cd9d5-2a81-476b-a182-f6081a0d8a0b", "lokalId": "8c866ab1-4da4-4073-ac2a-09a72cbe9ac3", "navnerom": "https://data.geonorge.no/sosi/kyst/sjokart_maritim_infrastruktur", "førsteDatafangstdato": null, "oppdateringsdato": "2024-11-26T00:00:00", "datauttaksdato": "2025-05-01T00:00:37", "målemetode": "ukjentMålemetode", "kabeltype": "telefonledning", "sjøstatus": null }, "geometry": { "type": "MultiLineString", "coordinates": [ [ [ 21.333872499471898, 71.555643271973295 ], [ 21.302686739117082, 71.55345386193882 ] ] ] } },
{ "type": "Feature", "properties": { "gml_id": "idd735dc32-80f0-4f37-9e7a-0fd2d1c59491", "lokalId": "5e49464c-f53c-4f45-99d7-5e77791e5e88", "navnerom": "https://data.geonorge.no/sosi/kyst/sjokart_maritim_infrastruktur", "førsteDatafangstdato": null, "oppdateringsdato": "2024-11-26T00:00:00", "datauttaksdato": "2025-05-01T00:00:37", "målemetode": "ukjentMålemetode", "kabeltype": "telefonledning", "sjøstatus": null }, "geometry": { "type": "MultiLineString", "coordinates": [ [ [ 22.455318556322091, 71.349498570913724 ], [ 22.423471689396397, 71.354673636741751 ] ] ] } },
{ "type": "Feature", "properties": { "gml_id": "idd52362a3-19f4-4a5d-81e5-cb11079b3284", "lokalId": "9285a291-7bfe-41aa-b95f-7dd049ead1d2", "navnerom": "https://data.geonorge.no/sosi/kyst/sjokart_maritim_infrastruktur", "førsteDatafangstdato": null, "oppdateringsdato": "2025-03-20T00:00:00", "datauttaksdato": "2025-05-01T00:00:37", "målemetode": "ukjentMålemetode", "kabeltype": "telefonledning", "sjøstatus": null }, "geometry": { "type": "MultiLineString", "coordinates": [ [ [ 23.576775786948822, 70.651772235963492 ], [ 23.49999999999979, 70.651300230700926 ] ] ] } },
{ "type": "Feature", "properties": { "gml_id": "id8c4c3cb7-baf5-4503-9642-11a01d062b2d", "lokalId": "7863eff7-774a-47a5-90f2-1c388ceccc1a", "navnerom": "https://data.geonorge.no/sosi/kyst/sjokart_maritim_infrastruktur", "førsteDatafangstdato": null, "oppdateringsdato": "2025-03-20T00:00:00", "datauttaksdato": "2025-05-01T00:00:37", "målemetode": "ukjentMålemetode", "kabeltype": "telefonledning", "sjøstatus": null }, "geometry": { "type": "MultiLineString", "coordinates": [ [ [ 23.58800321160361, 70.654010102563277 ], [ 23.5, 70.660713314964909 ] ] ] } },
{ "type": "Feature", "properties": { "gml_id": "ida78945c0-1fa2-4bf0-9a4c-9d21e5ae6732", "lokalId": "d813a6b1-8b99-4b8d-8fc1-ee192b25cb1e", "navnerom": "https://data.geonorge.no/sosi/kyst/sjokart_maritim_infrastruktur", "førsteDatafangstdato": null, "oppdateringsdato": "2024-05-08T00:00:00", "datauttaksdato": "2025-05-01T00:00:37", "målemetode": "ukjentMålemetode", "kabeltype": "kraftledning", "sjøstatus": null }, "geometry": { "type": "MultiLineString", "coordinates": [ [ [ 6.92660618912385, 62.878955172352207 ], [ 6.896510074000052, 62.898305209467559 ], [ 6.781676391000081, 62.90926475346803 ], [ 6.771035497000067, 62.919128910468451 ], [ 6.769775386000058, 62.948801334469771 ], [ 6.73378580400002, 62.960420610470244 ], [ 6.70249694700005, 62.981755708471297 ], [ 6.518001120000071, 62.979332146471087 ], [ 6.355339785000069, 63.011430986472433 ], [ 6.260794235000053, 63.039987683473719 ], [ 6.01919983600004, 63.146538968478175 ], [ 5.858660962000028, 63.257145968482824 ], [ 5.74155873900003, 63.37497580748748 ], [ 5.64992941800005, 63.393034173488289 ], [ 5.577189855000034, 63.42109572048949 ], [ 5.45037961400004, 63.4533828744907 ], [ 5.385772859000026, 63.494827702492429 ] ] ] } },
{ "type": "Feature", "properties": { "gml_id": "ida06e0d67-4332-456c-8d55-e868a3419529", "lokalId": "6abbfcf6-b8d6-493a-9fd6-3ea31bf0f108", "navnerom": "https://data.geonorge.no/sosi/kyst/sjokart_maritim_infrastruktur", "førsteDatafangstdato": null, "oppdateringsdato": "2024-05-08T00:00:00", "datauttaksdato": "2025-05-01T00:00:37", "målemetode": "ukjentMålemetode", "kabeltype": "kraftledning", "sjøstatus": null }, "geometry": { "type": "MultiLineString", "coordinates": [ [ [ 6.926850823699048, 62.879055560974258 ], [ 6.896997774000048, 62.89837718846757 ], [ 6.782177506000035, 62.909301270468127 ], [ 6.771444164000069, 62.918867245468469 ], [ 6.770275887000027, 62.948902987469765 ], [ 6.734281808000044, 62.960410808470201 ], [ 6.702400346000059, 62.982005095471258 ], [ 6.51835346000006, 62.979483034471073 ], [ 6.353325071000034, 63.012117859472525 ], [ 6.260388616000057, 63.040633804473678 ], [ 6.017917281000059, 63.148162891478357 ], [ 5.859677505000038, 63.257222359482782 ], [ 5.804916590000056, 63.319215103485334 ], [ 5.741574430000065, 63.375457062487726 ], [ 5.650402363000062, 63.393205184488266 ], [ 5.584991582000033, 63.422859134489492 ], [ 5.451949712000041, 63.453047874490721 ], [ 5.386171610000067, 63.494867390492374 ] ] ] } },
{ "type": "Feature", "properties": { "gml_id": "id09564b5a-9e01-4b2e-a0bb-ddb1a70e6aa0", "lokalId": "f86e5fe2-7029-4c34-b4ee-8e74b5b50362", "navnerom": "https://data.geonorge.no/sosi/kyst/sjokart_maritim_infrastruktur", "førsteDatafangstdato": null, "oppdateringsdato": "2021-01-28T00:00:00", "datauttaksdato": "2025-05-01T00:00:37", "målemetode": "ukjentMålemetode", "kabeltype": "kraftledning", "sjøstatus": null }, "geometry": { "type": "MultiLineString", "coordinates": [ [ [ 5.419267460234019, 59.055980080429634 ], [ 5.421819982987772, 59.054817209585671 ] ] ] } },
{ "type": "Feature", "properties": { "gml_id": "id8f8d893a-710a-40ab-8dc7-a9a6344bd987", "lokalId": "5c0f5400-03e7-4d7c-ba88-0acc6f60d91b", "navnerom": "https://data.geonorge.no/sosi/kyst/sjokart_maritim_infrastruktur", "førsteDatafangstdato": null, "oppdateringsdato": "2021-01-28T00:00:00", "datauttaksdato": "2025-05-01T00:00:37", "målemetode": "ukjentMålemetode", "kabeltype": "kraftledning", "sjøstatus": null }, "geometry": { "type": "MultiLineString", "coordinates": [ [ [ 5.420108820470985, 59.057731247603662 ], [ 5.419267439647875, 59.055980092040834 ] ] ] } },
{ "type": "Feature", "properties": { "gml_id": "idcfb2ac94-f824-4d6e-aac1-b665331150ec", "lokalId": "876b8562-8d0b-4f03-8d2b-7989ef73d47e", "navnerom": "https://data.geonorge.no/sosi/kyst/sjokart_maritim_infrastruktur", "førsteDatafangstdato": null, "oppdateringsdato": "2021-01-28T00:00:00", "datauttaksdato": "2025-05-01T00:00:37", "målemetode": "ukjentMålemetode", "kabeltype": "kraftledning", "sjøstatus": null }, "geometry": { "type": "MultiLineString", "coordinates": [ [ [ 5.421820013870865, 59.054817204834379 ], [ 5.422783243475886, 59.055249965869898 ] ] ] } },
{ "type": "Feature", "properties": { "gml_id": "id6eacf704-4c49-4f3e-8fca-6a00af86f34d", "lokalId": "b754cf7a-41a4-4f30-b014-5370494eac35", "navnerom": "https://data.geonorge.no/sosi/kyst/sjokart_maritim_infrastruktur", "førsteDatafangstdato": null, "oppdateringsdato": "2021-01-28T00:00:00", "datauttaksdato": "2025-05-01T00:00:37", "målemetode": "ukjentMålemetode", "kabeltype": "kraftledning", "sjøstatus": null }, "geometry": { "type": "MultiLineString", "coordinates": [ [ [ 5.422801169687228, 59.055244527822481 ], [ 5.424249689188739, 59.054591381082716 ] ] ] } },
{ "type": "Feature", "properties": { "gml_id": "idc5d5bf93-60e1-4813-8ddd-29f758e856de", "lokalId": "84d42f67-4618-4205-b77f-871a039ae725", "navnerom": "https://data.geonorge.no/sosi/kyst/sjokart_maritim_infrastruktur", "førsteDatafangstdato": null, "oppdateringsdato": "2021-01-28T00:00:00", "datauttaksdato": "2025-05-01T00:00:37", "målemetode": "ukjentMålemetode", "kabeltype": "kraftledning", "sjøstatus": null }, "geometry": { "type": "MultiLineString", "coordinates": [ [ [ 5.421820025748979, 59.054817181078157 ], [ 5.425775960983345, 59.053483118200454 ] ] ] } },
{ "type": "Feature", "properties": { "gml_id": "id2c1a6fd9-998c-4777-b325-35b4e660fe14", "lokalId": "0acce2dd-7e9c-4d59-82c7-feaaef4127ff", "navnerom": "https://data.geonorge.no/sosi/kyst/sjokart_maritim_infrastruktur", "førsteDatafangstdato": null, "oppdateringsdato": "2020-12-10T00:00:00", "datauttaksdato": "2025-05-01T00:00:37", "målemetode": "ukjentMålemetode", "kabeltype": "kraftledning", "sjøstatus": null }, "geometry": { "type": "MultiLineString", "coordinates": [ [ [ 2.21076167139593, 61.524752167491179 ], [ 2.224234380377326, 61.519530178796998 ], [ 2.222489754843974, 61.511684865811048 ], [ 2.178741363154783, 61.47665122312447 ], [ 2.175229329700082, 61.46852874556761 ], [ 2.182992204703751, 61.465015191190908 ], [ 2.163438105229798, 61.432411017181394 ], [ 2.145463064751358, 61.422755757071869 ], [ 2.137088585029907, 61.405169423783114 ], [ 2.116691469840575, 61.397485461919047 ] ] ] } },
{ "type": "Feature", "properties": { "gml_id": "idf5199575-0c5c-401a-a4ff-543a9596a56d", "lokalId": "05a1ba14-fa9b-4e1f-a6f5-4c122b60c819", "navnerom": "https://data.geonorge.no/sosi/kyst/sjokart_maritim_infrastruktur", "førsteDatafangstdato": "2001-10-30T00:00:00", "oppdateringsdato": "2021-05-10T00:00:00", "datauttaksdato": "2025-05-01T00:00:37", "målemetode": "ukjentMålemetode", "kabeltype": "kraftledning", "sjøstatus": null }, "geometry": { "type": "MultiLineString", "coordinates": [ [ [ 5.16395703753933, 59.377968038726081 ], [ 5.171791319500428, 59.376963482192082 ] ] ] } },
{ "type": "Feature", "properties": { "gml_id": "idaa17ae42-5682-42dd-912b-b299765c13f5", "lokalId": "46dfee77-3c1a-469e-be1c-fe7701e2eeee", "navnerom": "https://data.geonorge.no/sosi/kyst/sjokart_maritim_infrastruktur", "førsteDatafangstdato": null, "oppdateringsdato": "2024-01-02T00:00:00", "datauttaksdato": "2025-05-01T00:00:37", "målemetode": "ukjentMålemetode", "kabeltype": "kraftledning", "sjøstatus": null }, "geometry": { "type": "MultiLineString", "coordinates": [ [ [ 13.171668830463702, 68.027842614664749 ], [ 13.178036620982105, 68.027740566977883 ] ] ] } },
{ "type": "Feature", "properties": { "gml_id": "id6bd5a5f1-0b2e-421f-8686-1de9e30c8ee9", "lokalId": "1c4eb425-f8a2-4f90-98ab-d0a03c09f6e7", "navnerom": "https://data.geonorge.no/sosi/kyst/sjokart_maritim_infrastruktur", "førsteDatafangstdato": null, "oppdateringsdato": "2024-02-01T00:00:00", "datauttaksdato": "2025-05-01T00:00:38", "målemetode": "ukjentMålemetode", "kabeltype": "telefonledning", "sjøstatus": null }, "geometry": { "type": "MultiLineString", "coordinates": [ [ [ 5.702671715697541, 58.384341878171192 ], [ 5.79110981472645, 58.440501441376639 ], [ 5.897904443959343, 58.459866817035994 ] ], [ [ 5.897926718266754, 58.459988314475147 ], [ 5.915071428725134, 58.461606232301598 ] ] ] } },
{ "type": "Feature", "properties": { "gml_id": "id43e430e4-6f79-4888-ab38-c358e5ba8718", "lokalId": "fa2ef122-016f-4090-bd73-46da7ab18dae", "navnerom": "https://data.geonorge.no/sosi/kyst/sjokart_maritim_infrastruktur", "førsteDatafangstdato": null, "oppdateringsdato": "2024-02-01T00:00:00", "datauttaksdato": "2025-05-01T00:00:38", "målemetode": "ukjentMålemetode", "kabeltype": "telefonledning", "sjøstatus": null }, "geometry": { "type": "MultiLineString", "coordinates": [ [ [ 6.733028417056424, 57.981293604523081 ], [ 6.756368322830299, 58.022447114892131 ], [ 6.750570470692576, 58.052077247182453 ], [ 6.774056130446713, 58.070384277051666 ] ] ] } },
{ "type": "Feature", "properties": { "gml_id": "id5400e679-33d5-4e7c-aae5-67d22c821529", "lokalId": "b3d8a697-e9ff-47c9-bb9f-6dd100887622", "navnerom": "https://data.geonorge.no/sosi/kyst/sjokart_maritim_infrastruktur", "førsteDatafangstdato": null, "oppdateringsdato": "2020-12-10T00:00:00", "datauttaksdato": "2025-05-01T00:00:38", "målemetode": "ukjentMålemetode", "kabeltype": null, "sjøstatus": "ikkeIBruk" }, "geometry": { "type": "MultiLineString", "coordinates": [ [ [ 5.081414017299182, 56.778605131627323 ], [ 5.331082744207759, 56.852254179294043 ], [ 6.412731463617669, 57.215273713587834 ], [ 6.802608419930622, 57.259726897282626 ] ] ] } },
{ "type": "Feature", "properties": { "gml_id": "id3b65bbec-0d47-428b-acfa-545a6a93eec2", "lokalId": "002f1343-527a-445d-aed9-f6a9df20a59c", "navnerom": "https://data.geonorge.no/sosi/kyst/sjokart_maritim_infrastruktur", "førsteDatafangstdato": null, "oppdateringsdato": "2020-12-10T00:00:00", "datauttaksdato": "2025-05-01T00:00:38", "målemetode": "ukjentMålemetode", "kabeltype": null, "sjøstatus": "ikkeIBruk" }, "geometry": { "type": "MultiLineString", "coordinates": [ [ [ 7.698528181118507, 57.560679492844891 ], [ 7.413645438912618, 57.431352055075735 ], [ 7.220931670270361, 57.318191337845754 ], [ 7.081283540775943, 57.248612333184873 ], [ 6.933255908774486, 57.191034009542847 ], [ 5.857956270773167, 56.90178315161284 ], [ 5.259323008951934, 56.732140483220526 ] ] ] } },
{ "type": "Feature", "properties": { "gml_id": "idc3b18f60-4f70-4a92-b7f2-0fdf8e640173", "lokalId": "e1b0cfd1-c2bd-4c3d-bf81-d8b687914fe8", "navnerom": "https://data.geonorge.no/sosi/kyst/sjokart_maritim_infrastruktur", "førsteDatafangstdato": null, "oppdateringsdato": "2020-12-10T00:00:00", "datauttaksdato": "2025-05-01T00:00:38", "målemetode": "ukjentMålemetode", "kabeltype": null, "sjøstatus": "ikkeIBruk" }, "geometry": { "type": "MultiLineString", "coordinates": [ [ [ 7.894040365841502, 57.536656186858103 ], [ 7.818628585513901, 57.54416501651167 ], [ 7.469817418043782, 57.341335570154087 ] ] ] } },
{ "type": "Feature", "properties": { "gml_id": "id241aa3a9-cd67-4aaf-91bd-5d4523e801bd", "lokalId": "137c8ebe-6a2e-4a79-a5fc-92e0adfbe613", "navnerom": "https://data.geonorge.no/sosi/kyst/sjokart_maritim_infrastruktur", "førsteDatafangstdato": null, "oppdateringsdato": "2020-12-10T00:00:00", "datauttaksdato": "2025-05-01T00:00:38", "målemetode": "ukjentMålemetode", "kabeltype": null, "sjøstatus": "ikkeIBruk" }, "geometry": { "type": "MultiLineString", "coordinates": [ [ [ 8.012679498893057, 57.699271316202058 ], [ 8.219581279486967, 57.846854811401982 ], [ 8.342227520696026, 57.970277832196324 ] ] ] } },
{ "type": "Feature", "properties": { "gml_id": "id34baf2e0-6c73-493d-a18e-bd53dd4aadb6", "lokalId": "f575d8c0-3290-4418-a03e-85f89356e046", "navnerom": "https://data.geonorge.no/sosi/kyst/sjokart_maritim_infrastruktur", "førsteDatafangstdato": null, "oppdateringsdato": "2020-12-10T00:00:00", "datauttaksdato": "2025-05-01T00:00:38", "målemetode": "ukjentMålemetode", "kabeltype": null, "sjøstatus": "ikkeIBruk" }, "geometry": { "type": "MultiLineString", "coordinates": [ [ [ 8.099292802694308, 57.553854213900159 ], [ 8.279974010404167, 57.790698975782568 ] ] ] } },
{ "type": "Feature", "properties": { "gml_id": "id23fedfc8-bb16-4a9f-9c8e-7b147f2717cd", "lokalId": "723058e9-d287-4140-9d21-5cdf81cbc25a", "navnerom": "https://data.geonorge.no/sosi/kyst/sjokart_maritim_infrastruktur", "førsteDatafangstdato": "2002-11-15T00:00:00", "oppdateringsdato": "2020-12-10T00:00:00", "datauttaksdato": "2025-05-01T00:00:38", "målemetode": "ukjentMålemetode", "kabeltype": null, "sjøstatus": "ikkeIBruk" }, "geometry": { "type": "MultiLineString", "coordinates": [ [ [ 9.0, 58.029671943592831 ], [ 9.380413055555556, 58.117982221378789 ] ] ] } },
{ "type": "Feature", "properties": { "gml_id": "id6482d842-3dad-4828-9b09-d300e152e1ff", "lokalId": "14c948fd-c8a9-44cd-a49e-87a14ece91e7", "navnerom": "https://data.geonorge.no/sosi/kyst/sjokart_maritim_infrastruktur", "førsteDatafangstdato": null, "oppdateringsdato": "2020-12-10T00:00:00", "datauttaksdato": "2025-05-01T00:00:38", "målemetode": "ukjentMålemetode", "kabeltype": null, "sjøstatus": "ikkeIBruk" }, "geometry": { "type": "MultiLineString", "coordinates": [ [ [ 5.868329361176831, 58.332517278742095 ], [ 5.721643737527563, 58.235514404297597 ], [ 5.668428287328786, 58.233805336594166 ] ] ] } },
{ "type": "Feature", "properties": { "gml_id": "id011e8141-54aa-4b29-9f7c-43dd4fc1b39d", "lokalId": "9dc6e292-0d0c-4506-84bc-d03c187925ce", "navnerom": "https://data.geonorge.no/sosi/kyst/sjokart_maritim_infrastruktur", "førsteDatafangstdato": "2001-12-03T00:00:00", "oppdateringsdato": "2020-12-10T00:00:00", "datauttaksdato": "2025-05-01T00:00:38", "målemetode": "ukjentMålemetode", "kabeltype": null, "sjøstatus": "ikkeIBruk" }, "geometry": { "type": "MultiLineString", "coordinates": [ [ [ 5.40537222222222, 59.070748054793711 ], [ 5.406075, 59.078866665905615 ], [ 5.327833082727109, 59.134520493091671 ] ] ] } },
{ "type": "Feature", "properties": { "gml_id": "id86560a7b-692d-4c0f-b5e6-1d22c974a9fb", "lokalId": "065ece9c-43fe-4615-90b5-45785309b571", "navnerom": "https://data.geonorge.no/sosi/kyst/sjokart_maritim_infrastruktur", "førsteDatafangstdato": null, "oppdateringsdato": "2021-02-10T00:00:00", "datauttaksdato": "2025-05-01T00:00:38", "målemetode": "ukjentMålemetode", "kabeltype": null, "sjøstatus": null }, "geometry": { "type": "MultiLineString", "coordinates": [ [ [ 7.209015823065825, 64.271409485644696 ], [ 7.249814113786832, 64.28579308615349 ], [ 7.733194057039494, 64.243408738628432 ], [ 7.947397674979501, 64.291886695454394 ] ] ] } },
{ "type": "Feature", "properties": { "gml_id": "id06f96009-7ac2-4522-a56e-b2ef9de51971", "lokalId": "6c5f80e5-d938-4921-bce2-74eaceaf5bb5", "navnerom": "https://data.geonorge.no/sosi/kyst/sjokart_maritim_infrastruktur", "førsteDatafangstdato": null, "oppdateringsdato": "2025-02-12T00:00:00", "datauttaksdato": "2025-05-01T00:00:38", "målemetode": "ukjentMålemetode", "kabeltype": "kraftledning", "sjøstatus": null }, "geometry": { "type": "MultiLineString", "coordinates": [ [ [ 4.823764185438341, 60.553471511707826 ], [ 4.823074457806189, 60.552443712271653 ] ], [ [ 4.822474992813522, 60.551550417943943 ], [ 4.821556121993872, 60.550122272219639 ] ], [ [ 4.820092526336931, 60.546973878787568 ], [ 4.820888561741715, 60.536853009000552 ], [ 4.80665188502624, 60.526718477165922 ], [ 4.753734102996531, 60.508564690191676 ], [ 4.64999770622371, 60.522011322439141 ] ] ] } },
{ "type": "Feature", "properties": { "gml_id": "idfb3259c3-10ad-4a1a-918f-037877a77325", "lokalId": "f64e257e-119d-4410-8af3-a3d8af49b09a", "navnerom": "https://data.geonorge.no/sosi/kyst/sjokart_maritim_infrastruktur", "førsteDatafangstdato": null, "oppdateringsdato": "2025-02-12T00:00:00", "datauttaksdato": "2025-05-01T00:00:38", "målemetode": "ukjentMålemetode", "kabeltype": "kraftledning", "sjøstatus": null }, "geometry": { "type": "MultiLineString", "coordinates": [ [ [ 4.64999770622371, 60.522011322439141 ], [ 4.512371055627125, 60.546540519743303 ], [ 4.322170004254716, 60.599293774658179 ], [ 3.553434218703639, 60.761808049776228 ], [ 3.503348689987677, 60.786246778635018 ], [ 3.494173067351765, 60.786729775982309 ], [ 3.495891678999075, 60.779091858957315 ] ] ] } },
{ "type": "Feature", "properties": { "gml_id": "id325fb911-6b5f-48c5-a11b-db8c0038007c", "lokalId": "2c5a7848-b9a1-4da4-babe-9124e10bc2a3", "navnerom": "https://data.geonorge.no/sosi/kyst/sjokart_maritim_infrastruktur", "førsteDatafangstdato": null, "oppdateringsdato": "2020-09-22T00:00:00", "datauttaksdato": "2025-05-01T00:00:38", "målemetode": "ukjentMålemetode", "kabeltype": "kraftledning", "sjøstatus": null }, "geometry": { "type": "MultiLineString", "coordinates": [ [ [ 20.409452534568501, 71.400199133401131 ], [ 20.388395873446285, 71.341109428492302 ] ] ] } },
{ "type": "Feature", "properties": { "gml_id": "id7369a9c8-aedf-4a4e-b84b-92538c42abf9", "lokalId": "e10b9ac2-23e8-4fd0-ad11-7520ddd088b8", "navnerom": "https://data.geonorge.no/sosi/kyst/sjokart_maritim_infrastruktur", "førsteDatafangstdato": null, "oppdateringsdato": "2020-09-22T00:00:00", "datauttaksdato": "2025-05-01T00:00:38", "målemetode": "ukjentMålemetode", "kabeltype": "kraftledning", "sjøstatus": null }, "geometry": { "type": "MultiLineString", "coordinates": [ [ [ 21.225423121279903, 71.569516286508446 ], [ 20.50654550780979, 71.412533916007206 ], [ 20.409806342984584, 71.400277434237267 ] ] ] } },
{ "type": "Feature", "properties": { "gml_id": "ida30da8b4-9815-4e10-baf5-50b777141d4b", "lokalId": "21e22957-a9a5-4f28-bdd9-14269fba5dd9", "navnerom": "https://data.geonorge.no/sosi/kyst/sjokart_maritim_infrastruktur", "førsteDatafangstdato": null, "oppdateringsdato": "2024-01-04T00:00:00", "datauttaksdato": "2025-05-01T00:00:38", "målemetode": "ukjentMålemetode", "kabeltype": "kraftledning", "sjøstatus": null }, "geometry": { "type": "MultiLineString", "coordinates": [ [ [ 20.409417663400305, 71.400209514173113 ], [ 20.329212377936202, 71.380210057976228 ], [ 20.253405284696004, 71.344949898570434 ], [ 20.200224382589198, 71.33171312445856 ], [ 20.197948452242908, 71.320562251461794 ], [ 20.1517157243781, 71.296558364670432 ], [ 20.129121669691486, 71.294388509363202 ] ] ] } },
{ "type": "Feature", "properties": { "gml_id": "id6a1de155-c6ed-410e-bcdc-231eedaeb494", "lokalId": "41d2551e-1d68-44a9-92b0-25c4f130a20b", "navnerom": "https://data.geonorge.no/sosi/kyst/sjokart_maritim_infrastruktur", "førsteDatafangstdato": null, "oppdateringsdato": "2020-12-10T00:00:00", "datauttaksdato": "2025-05-01T00:00:38", "målemetode": "ukjentMålemetode", "kabeltype": null, "sjøstatus": "ikkeIBruk" }, "geometry": { "type": "MultiLineString", "coordinates": [ [ [ 3.579715663274552, 59.403587986696053 ], [ 4.850178920496453, 59.938579831404603 ], [ 5.014614199421875, 59.940697404213672 ] ] ] } },
{ "type": "Feature", "properties": { "gml_id": "iddd2ddcaa-bbb7-4b42-8a28-5c6e7019e656", "lokalId": "c33b665d-8260-44ad-b144-64fb7dfd2daf", "navnerom": "https://data.geonorge.no/sosi/kyst/sjokart_maritim_infrastruktur", "førsteDatafangstdato": "2002-11-15T00:00:00", "oppdateringsdato": "2020-12-10T00:00:00", "datauttaksdato": "2025-05-01T00:00:38", "målemetode": "ukjentMålemetode", "kabeltype": null, "sjøstatus": "ikkeIBruk" }, "geometry": { "type": "MultiLineString", "coordinates": [ [ [ 3.766486809252311, 57.631340909774842 ], [ 4.021936944444434, 57.682229999115222 ], [ 5.399736944444447, 58.048603888039082 ], [ 6.355803055555554, 58.008218610257522 ], [ 6.723911111111098, 57.769555832457051 ], [ 8.268328055555559, 57.774771943568688 ], [ 8.9960675, 57.95571222136369 ], [ 9.239351944444437, 58.038384165815977 ], [ 9.438089722222236, 58.091805554709815 ], [ 9.623308887602319, 58.089679480514796 ] ] ] } },
{ "type": "Feature", "properties": { "gml_id": "ide8501659-e813-44a0-bd60-6b7ecba764a9", "lokalId": "096f1c60-09e2-4097-96cb-326af617862f", "navnerom": "https://data.geonorge.no/sosi/kyst/sjokart_maritim_infrastruktur", "førsteDatafangstdato": "2002-11-15T00:00:00", "oppdateringsdato": "2020-12-10T00:00:00", "datauttaksdato": "2025-05-01T00:00:38", "målemetode": "ukjentMålemetode", "kabeltype": null, "sjøstatus": "ikkeIBruk" }, "geometry": { "type": "MultiLineString", "coordinates": [ [ [ 3.946549458040392, 57.440767740368074 ], [ 5.57142555555555, 57.905941110247916 ], [ 6.291353888888887, 57.89409527691344 ], [ 6.821484722222226, 57.869764165800035 ], [ 8.192341944444433, 57.88584111024597 ], [ 9.074536388888886, 58.197718888052826 ], [ 9.3158, 58.290185554727685 ], [ 9.854930530868723, 58.187497615300757 ] ] ] } },
{ "type": "Feature", "properties": { "gml_id": "id1ed89a54-731d-4922-b172-dbe1a50714fc", "lokalId": "637920e9-c5e3-491b-a2ed-0be657f8b99d", "navnerom": "https://data.geonorge.no/sosi/kyst/sjokart_maritim_infrastruktur", "førsteDatafangstdato": null, "oppdateringsdato": "2023-11-10T00:00:00", "datauttaksdato": "2025-05-01T00:00:38", "målemetode": "ukjentMålemetode", "kabeltype": "kraftledning", "sjøstatus": "ikkeIBruk" }, "geometry": { "type": "MultiLineString", "coordinates": [ [ [ 2.226996212495874, 59.574847711483201 ], [ 2.214750787011987, 59.589897412635132 ], [ 2.218547330548378, 59.602011735769857 ], [ 2.304487559223095, 59.674205805202497 ], [ 2.308935523896488, 59.705685111658234 ] ] ] } },
{ "type": "Feature", "properties": { "gml_id": "id2fd84105-7cc4-4a4a-ad5b-2fb2609f0d09", "lokalId": "198f9283-1dc0-43dc-adef-13abb0f21216", "navnerom": "https://data.geonorge.no/sosi/kyst/sjokart_maritim_infrastruktur", "førsteDatafangstdato": "2002-11-15T00:00:00", "oppdateringsdato": "2020-12-10T00:00:00", "datauttaksdato": "2025-05-01T00:00:38", "målemetode": "ukjentMålemetode", "kabeltype": null, "sjøstatus": "ikkeIBruk" }, "geometry": { "type": "MultiLineString", "coordinates": [ [ [ 4.860998156064297, 56.835674001768496 ], [ 5.17423826871499, 56.941246477324938 ], [ 6.122473825705059, 57.213521075472407 ], [ 6.27328208456477, 57.269525826032776 ], [ 6.506725897549867, 57.334385065139358 ], [ 6.647204582553257, 57.393551804541843 ], [ 7.372326559429878, 57.601548453150372 ] ] ] } },
{ "type": "Feature", "properties": { "gml_id": "idc284b163-288e-4f4e-b9fe-1716ca33a415", "lokalId": "8ce7a0a2-cf73-4d38-b879-51e08468b385", "navnerom": "https://data.geonorge.no/sosi/kyst/sjokart_maritim_infrastruktur", "førsteDatafangstdato": "2002-11-15T00:00:00", "oppdateringsdato": "2020-12-10T00:00:00", "datauttaksdato": "2025-05-01T00:00:38", "målemetode": "ukjentMålemetode", "kabeltype": null, "sjøstatus": "ikkeIBruk" }, "geometry": { "type": "MultiLineString", "coordinates": [ [ [ 5.56333211301276, 57.238839586419751 ], [ 5.298980373409526, 57.142613166999368 ], [ 4.558461101422613, 56.913114554105434 ] ] ] } },
{ "type": "Feature", "properties": { "gml_id": "id3d0eb266-3cbf-4230-bbd7-3ca931c7559d", "lokalId": "9add61af-396c-4d8d-8bc4-3c9c5025416b", "navnerom": "https://data.geonorge.no/sosi/kyst/sjokart_maritim_infrastruktur", "førsteDatafangstdato": null, "oppdateringsdato": "2022-01-20T00:00:00", "datauttaksdato": "2025-05-01T00:00:38", "målemetode": "ukjentMålemetode", "kabeltype": null, "sjøstatus": null }, "geometry": { "type": "MultiLineString", "coordinates": [ [ [ 23.587815234878395, 70.688726355247468 ], [ 23.542406858946809, 70.69860018792744 ], [ 23.53140808459198, 70.712348963435616 ], [ 23.570548920560498, 70.732383251637899 ], [ 23.635528445678382, 70.750840200245364 ], [ 23.652458195076491, 70.763020211517571 ], [ 23.650648486528791, 70.777872733314211 ], [ 23.624805574896897, 70.799233683444044 ], [ 23.540705062440104, 70.830109297555964 ] ] ] } },
{ "type": "Feature", "properties": { "gml_id": "idc55b1ff6-9532-4fa3-8d51-e9bb17cf0855", "lokalId": "07dc1670-e2e3-43a3-9cf3-a34b31cca7ee", "navnerom": "https://data.geonorge.no/sosi/kyst/sjokart_maritim_infrastruktur", "førsteDatafangstdato": null, "oppdateringsdato": "2020-10-16T00:00:00", "datauttaksdato": "2025-05-01T00:00:38", "målemetode": "ukjentMålemetode", "kabeltype": "kraftledning", "sjøstatus": null }, "geometry": { "type": "MultiLineString", "coordinates": [ [ [ 7.649637386334992, 65.697485506523918 ], [ 7.658013942797437, 65.686387068268289 ], [ 7.525013879695336, 65.671781156643931 ] ] ] } },
{ "type": "Feature", "properties": { "gml_id": "id74c7dff6-ffa4-4c3a-b1db-b411b1ba68e6", "lokalId": "83e63871-7400-4714-b77d-1bd0b9c9e909", "navnerom": "https://data.geonorge.no/sosi/kyst/sjokart_maritim_infrastruktur", "førsteDatafangstdato": null, "oppdateringsdato": "2021-01-30T00:00:00", "datauttaksdato": "2025-05-01T00:00:38", "målemetode": "ukjentMålemetode", "kabeltype": null, "sjøstatus": null }, "geometry": { "type": "MultiLineString", "coordinates": [ [ [ 5.095071015042308, 59.433665587463871 ], [ 5.117341779180677, 59.423079841230305 ], [ 5.200242534270956, 59.415463463153941 ] ] ] } },
{ "type": "Feature", "properties": { "gml_id": "id7eb3db39-8a41-4640-8689-7c188039c2e1", "lokalId": "6c5957f1-e909-49f7-a46f-39f3cce1d214", "navnerom": "https://data.geonorge.no/sosi/kyst/sjokart_maritim_infrastruktur", "førsteDatafangstdato": null, "oppdateringsdato": "2022-10-12T00:00:00", "datauttaksdato": "2025-05-01T00:00:38", "målemetode": "ukjentMålemetode", "kabeltype": "kraftledning", "sjøstatus": null }, "geometry": { "type": "MultiLineString", "coordinates": [ [ [ 2.002260095000037, 59.568112519276404 ], [ 2.016572336000024, 59.570129730276449 ], [ 2.017976771000065, 59.559993921275762 ], [ 1.997436095000065, 59.558469564275626 ], [ 1.989214505000055, 59.546058504274804 ] ] ] } },
{ "type": "Feature", "properties": { "gml_id": "ided6cdfba-15d2-4cda-b02c-eabb71535aa8", "lokalId": "7c6d9bb8-aaa9-4d96-b48f-09e1e8ee5ebf", "navnerom": "https://data.geonorge.no/sosi/kyst/sjokart_maritim_infrastruktur", "førsteDatafangstdato": null, "oppdateringsdato": "2022-10-12T00:00:00", "datauttaksdato": "2025-05-01T00:00:38", "målemetode": "ukjentMålemetode", "kabeltype": "kraftledning", "sjøstatus": null }, "geometry": { "type": "MultiLineString", "coordinates": [ [ [ 1.989959836000039, 59.546065606274759 ], [ 2.035722897000031, 59.522167219273015 ] ] ] } },
{ "type": "Feature", "properties": { "gml_id": "id461803aa-78be-42cb-b049-f0db883ef433", "lokalId": "220aa1b4-827a-41ef-908a-068d3bcaade3", "navnerom": "https://data.geonorge.no/sosi/kyst/sjokart_maritim_infrastruktur", "førsteDatafangstdato": null, "oppdateringsdato": "2022-10-12T00:00:00", "datauttaksdato": "2025-05-01T00:00:38", "målemetode": "ukjentMålemetode", "kabeltype": "kraftledning", "sjøstatus": null }, "geometry": { "type": "MultiLineString", "coordinates": [ [ [ 2.036503277000066, 59.521782498272906 ], [ 2.051546638000047, 59.506939714271859 ], [ 2.027430262000057, 59.494296719270984 ] ] ] } },
{ "type": "Feature", "properties": { "gml_id": "id866d00f1-6a20-4c26-bcdd-9fde4ea8c385", "lokalId": "16b85f18-d6b6-4ed8-bb94-1b0243fc097e", "navnerom": "https://data.geonorge.no/sosi/kyst/sjokart_maritim_infrastruktur", "førsteDatafangstdato": "2001-10-30T00:00:00", "oppdateringsdato": "2021-05-10T00:00:00", "datauttaksdato": "2025-05-01T00:00:38", "målemetode": "ukjentMålemetode", "kabeltype": "kraftledning", "sjøstatus": null }, "geometry": { "type": "MultiLineString", "coordinates": [ [ [ 5.160946785566028, 59.378494327032513 ], [ 5.162831929155116, 59.378419994531619 ] ] ] } },
{ "type": "Feature", "properties": { "gml_id": "id389d45e0-cd94-4c10-b208-69b677df06bf", "lokalId": "89594932-d07a-4ea9-afe3-75b236b96bf0", "navnerom": "https://data.geonorge.no/sosi/kyst/sjokart_maritim_infrastruktur", "førsteDatafangstdato": "2001-10-30T00:00:00", "oppdateringsdato": "2021-05-10T00:00:00", "datauttaksdato": "2025-05-01T00:00:38", "målemetode": "ukjentMålemetode", "kabeltype": "kraftledning", "sjøstatus": null }, "geometry": { "type": "MultiLineString", "coordinates": [ [ [ 5.162832039091469, 59.378420040820686 ], [ 5.163956902511108, 59.377968004183998 ] ] ] } },
{ "type": "Feature", "properties": { "gml_id": "idd4786e26-c766-4a35-bbc8-e46c96be67bd", "lokalId": "9452e02f-1882-4d5b-aeeb-1925d0a56933", "navnerom": "https://data.geonorge.no/sosi/kyst/sjokart_maritim_infrastruktur", "førsteDatafangstdato": null, "oppdateringsdato": "2021-03-11T00:00:00", "datauttaksdato": "2025-05-01T00:00:39", "målemetode": "ukjentMålemetode", "kabeltype": "kraftledning", "sjøstatus": null }, "geometry": { "type": "MultiLineString", "coordinates": [ [ [ 7.199483240040789, 64.270459151413789 ], [ 7.193110204119939, 64.27067418788026 ] ] ] } },
{ "type": "Feature", "properties": { "gml_id": "idee9d0472-d402-4d2c-b925-9b7d53cbfb00", "lokalId": "854dcc9c-392a-4ffb-983b-28dc51f98eb5", "navnerom": "https://data.geonorge.no/sosi/kyst/sjokart_maritim_infrastruktur", "førsteDatafangstdato": null, "oppdateringsdato": "2021-03-11T00:00:00", "datauttaksdato": "2025-05-01T00:00:39", "målemetode": "ukjentMålemetode", "kabeltype": "kraftledning", "sjøstatus": null }, "geometry": { "type": "MultiLineString", "coordinates": [ [ [ 7.19930317381695, 64.270842498564605 ], [ 7.193111287726061, 64.270502056311742 ] ] ] } },
{ "type": "Feature", "properties": { "gml_id": "id2afa45a2-1dad-4330-90c1-7d8aad186d66", "lokalId": "4aed70c5-02fc-400b-928d-8494a7c3c65b", "navnerom": "https://data.geonorge.no/sosi/kyst/sjokart_maritim_infrastruktur", "førsteDatafangstdato": null, "oppdateringsdato": "2021-03-11T00:00:00", "datauttaksdato": "2025-05-01T00:00:39", "målemetode": "ukjentMålemetode", "kabeltype": "kraftledning", "sjøstatus": null }, "geometry": { "type": "MultiLineString", "coordinates": [ [ [ 7.204351339677786, 64.271665433178029 ], [ 7.246971309626231, 64.271965934205497 ] ] ] } },
{ "type": "Feature", "properties": { "gml_id": "id6e88fc8f-8216-442d-a681-fa431cd503e2", "lokalId": "56e2fe94-acc9-4301-ad33-09f40bbb8a23", "navnerom": "https://data.geonorge.no/sosi/kyst/sjokart_maritim_infrastruktur", "førsteDatafangstdato": null, "oppdateringsdato": "2020-11-19T00:00:00", "datauttaksdato": "2025-05-01T00:00:39", "målemetode": "ukjentMålemetode", "kabeltype": "kraftledning", "sjøstatus": null }, "geometry": { "type": "MultiLineString", "coordinates": [ [ [ 1.877614495788787, 59.377079455048239 ], [ 1.998595072745797, 59.564615778593755 ] ] ] } },
{ "type": "Feature", "properties": { "gml_id": "id973d32e5-6321-475b-b41a-3fe9bb015f7b", "lokalId": "8e411b6d-c5c5-4a12-bc25-459ff6ab8f0e", "navnerom": "https://data.geonorge.no/sosi/kyst/sjokart_maritim_infrastruktur", "førsteDatafangstdato": null, "oppdateringsdato": "2023-07-11T00:00:00", "datauttaksdato": "2025-05-01T00:00:39", "målemetode": "ukjentMålemetode", "kabeltype": "kraftledning", "sjøstatus": null }, "geometry": { "type": "MultiLineString", "coordinates": [ [ [ 2.266082065302471, 61.340238471383117 ], [ 2.276027114629, 61.334489319388631 ], [ 2.273056292106252, 61.32731970438671 ] ] ] } },
{ "type": "Feature", "properties": { "gml_id": "idd9764426-62f5-4264-917a-30686b6dd232", "lokalId": "1cb1fb37-d582-45eb-bbb0-021d015c2a82", "navnerom": "https://data.geonorge.no/sosi/kyst/sjokart_maritim_infrastruktur", "førsteDatafangstdato": null, "oppdateringsdato": "2023-07-11T00:00:00", "datauttaksdato": "2025-05-01T00:00:39", "målemetode": "ukjentMålemetode", "kabeltype": "kraftledning", "sjøstatus": null }, "geometry": { "type": "MultiLineString", "coordinates": [ [ [ 2.25187240576667, 61.366335010170218 ], [ 2.26183818320455, 61.360626769426268 ], [ 2.258880831547108, 61.353439553966496 ] ] ] } },
{ "type": "Feature", "properties": { "gml_id": "idbe0af85f-ca9a-4b53-a757-5e161521f1d3", "lokalId": "d3351735-f5a2-4b8f-9c98-fb3ab36b9ea2", "navnerom": "https://data.geonorge.no/sosi/kyst/sjokart_maritim_infrastruktur", "førsteDatafangstdato": null, "oppdateringsdato": "2023-07-11T00:00:00", "datauttaksdato": "2025-05-01T00:00:39", "målemetode": "ukjentMålemetode", "kabeltype": "kraftledning", "sjøstatus": null }, "geometry": { "type": "MultiLineString", "coordinates": [ [ [ 2.258969503469569, 61.353275591221539 ], [ 2.268777597436885, 61.347816724703065 ], [ 2.265970892987113, 61.340379936511809 ] ] ] } },
{ "type": "Feature", "properties": { "gml_id": "idff622e1f-1e53-42c0-b929-a95837c07cff", "lokalId": "6217cce3-1117-4709-812d-e12a051cd3eb", "navnerom": "https://data.geonorge.no/sosi/kyst/sjokart_maritim_infrastruktur", "førsteDatafangstdato": null, "oppdateringsdato": "2023-07-11T00:00:00", "datauttaksdato": "2025-05-01T00:00:39", "målemetode": "ukjentMålemetode", "kabeltype": "kraftledning", "sjøstatus": null }, "geometry": { "type": "MultiLineString", "coordinates": [ [ [ 2.273146054135431, 61.327155531959143 ], [ 2.283035924728701, 61.321531028222665 ], [ 2.280135836326636, 61.314259070476609 ] ] ] } },
{ "type": "Feature", "properties": { "gml_id": "id0fbf569e-dfb1-4cc6-bba2-fd8819c72f8f", "lokalId": "a2fbc27f-a341-491e-a62a-28598de1038b", "navnerom": "https://data.geonorge.no/sosi/kyst/sjokart_maritim_infrastruktur", "førsteDatafangstdato": null, "oppdateringsdato": "2023-07-11T00:00:00", "datauttaksdato": "2025-05-01T00:00:39", "målemetode": "ukjentMålemetode", "kabeltype": "kraftledning", "sjøstatus": null }, "geometry": { "type": "MultiLineString", "coordinates": [ [ [ 2.280224248940971, 61.314094329755186 ], [ 2.290038526975213, 61.308609364367385 ], [ 2.287209383181551, 61.301198042783135 ] ] ] } },
{ "type": "Feature", "properties": { "gml_id": "id1c69a6e1-db36-42b1-b28f-6648c09474e3", "lokalId": "a05ed1ac-2911-4504-a4fe-fdc669646a67", "navnerom": "https://data.geonorge.no/sosi/kyst/sjokart_maritim_infrastruktur", "førsteDatafangstdato": null, "oppdateringsdato": "2024-02-01T00:00:00", "datauttaksdato": "2025-05-01T00:00:39", "målemetode": "ukjentMålemetode", "kabeltype": "telefonledning", "sjøstatus": null }, "geometry": { "type": "MultiLineString", "coordinates": [ [ [ 8.118032087540424, 58.004904396104251 ], [ 8.1892492356142, 57.995626713542059 ], [ 8.237730417847686, 58.001175301449827 ], [ 8.567699658854368, 58.104737333764419 ], [ 8.696599713410203, 58.157896956909539 ], [ 8.732349699728738, 58.161898436832807 ], [ 8.793524158863425, 58.193033835103769 ], [ 8.888741009473511, 58.262465379859911 ], [ 9.054590142296901, 58.364268744910738 ], [ 9.088125900657845, 58.39779394724092 ], [ 9.179727621423567, 58.427476752531796 ], [ 9.214500871183146, 58.45580648661219 ], [ 9.275673379811698, 58.487260650625267 ], [ 9.367674740460561, 58.515732150384821 ], [ 9.467644356954047, 58.520359640263017 ], [ 9.518493131862551, 58.542808487600084 ], [ 9.537204942165618, 58.569177072892828 ], [ 9.591247837331055, 58.596451075245 ], [ 9.664651078495909, 58.616388009643515 ], [ 9.789613238895125, 58.622150640357923 ], [ 9.837821217537838, 58.637184192048849 ], [ 9.847141999568446, 58.647736278472543 ], [ 9.95565953945874, 58.677509775607113 ], [ 9.983863066876738, 58.693163658795115 ], [ 10.048721042540594, 58.773823544969886 ], [ 10.101275319618493, 58.798763176798857 ], [ 10.180487390796598, 58.819627766953502 ], [ 10.378549382356306, 58.847878941524215 ], [ 10.412285269392896, 58.856448972504452 ], [ 10.427077166438199, 58.868398530494488 ], [ 10.498610566846409, 58.873487001917567 ], [ 10.583258716411308, 58.909691768037355 ], [ 10.645865325165794, 58.947961424704339 ], [ 10.668588424401102, 59.005771749313965 ], [ 10.662511979970704, 59.027301020909519 ], [ 10.675667530461304, 59.044966433925161 ], [ 10.673440380978604, 59.06707231801299 ], [ 10.654440635146095, 59.082860975483591 ], [ 10.648361188461099, 59.113152409301506 ], [ 10.655679330766805, 59.142394957344578 ], [ 10.685133519088593, 59.166533002060291 ], [ 10.685751348390994, 59.180073250460076 ], [ 10.652290366934547, 59.225944606052863 ] ] ] } },
{ "type": "Feature", "properties": { "gml_id": "id31cc2498-4c13-4c29-a5c7-83a0dc706726", "lokalId": "68ff353d-8920-43cd-91d6-e4f92395e707", "navnerom": "https://data.geonorge.no/sosi/kyst/sjokart_maritim_infrastruktur", "førsteDatafangstdato": null, "oppdateringsdato": "2024-02-01T00:00:00", "datauttaksdato": "2025-05-01T00:00:39", "målemetode": "ukjentMålemetode", "kabeltype": "telefonledning", "sjøstatus": null }, "geometry": { "type": "MultiLineString", "coordinates": [ [ [ 10.064714921381603, 58.781023053271731 ], [ 10.057992102044599, 58.874379128474821 ], [ 10.115919757156894, 58.938663185598102 ], [ 10.040063972282763, 59.026940754569949 ] ] ] } },
{ "type": "Feature", "properties": { "gml_id": "id9631c9c5-662b-4c63-a78c-a7a157e10ca0", "lokalId": "7bb0b057-c209-4b42-8ecb-7a3f6b24ee99", "navnerom": "https://data.geonorge.no/sosi/kyst/sjokart_maritim_infrastruktur", "førsteDatafangstdato": null, "oppdateringsdato": "2024-02-01T00:00:00", "datauttaksdato": "2025-05-01T00:00:39", "målemetode": "ukjentMålemetode", "kabeltype": "telefonledning", "sjøstatus": null }, "geometry": { "type": "MultiLineString", "coordinates": [ [ [ 9.076161555890629, 58.388159554445565 ], [ 9.047069342809259, 58.418392102010813 ], [ 8.999685361815226, 58.441821745326443 ], [ 8.991964846501295, 58.457145453162909 ], [ 8.941110453202811, 58.472143391436212 ], [ 8.933488026730892, 58.48552195986175 ], [ 8.952664835786807, 58.505417391538046 ] ] ] } },
{ "type": "Feature", "properties": { "gml_id": "id176398a2-de84-44a0-bd7b-f75badb8cab3", "lokalId": "ceabcfb1-7d28-4528-b99e-63120c3c8119", "navnerom": "https://data.geonorge.no/sosi/kyst/sjokart_maritim_infrastruktur", "førsteDatafangstdato": null, "oppdateringsdato": "2022-01-31T00:00:00", "datauttaksdato": "2025-05-01T00:00:39", "målemetode": "ukjentMålemetode", "kabeltype": "kraftledning", "sjøstatus": null }, "geometry": { "type": "MultiLineString", "coordinates": [ [ [ 4.550488333335517, 57.808663332460767 ], [ 4.543545000000728, 57.812888332461206 ], [ 4.56069666666739, 57.813799999127959 ] ] ] } },
{ "type": "Feature", "properties": { "gml_id": "idaf4f3200-1b03-40b0-8eb2-acb6ddd127bb", "lokalId": "cdab30ec-567e-450a-8c3b-ce57d902d33d", "navnerom": "https://data.geonorge.no/sosi/kyst/sjokart_maritim_infrastruktur", "førsteDatafangstdato": null, "oppdateringsdato": "2022-01-31T00:00:00", "datauttaksdato": "2025-05-01T00:00:39", "målemetode": "ukjentMålemetode", "kabeltype": "kraftledning", "sjøstatus": null }, "geometry": { "type": "MultiLineString", "coordinates": [ [ [ 4.54770333333553, 57.801734999126857 ], [ 4.550488333334065, 57.80866333246076 ] ] ] } },
{ "type": "Feature", "properties": { "gml_id": "id6b787e71-9671-49d4-b61e-5ce2f28dc2f9", "lokalId": "e0347770-3dea-4f24-9870-a0ec6109f27a", "navnerom": "https://data.geonorge.no/sosi/kyst/sjokart_maritim_infrastruktur", "førsteDatafangstdato": null, "oppdateringsdato": "2022-01-31T00:00:00", "datauttaksdato": "2025-05-01T00:00:39", "målemetode": "ukjentMålemetode", "kabeltype": "kraftledning", "sjøstatus": null }, "geometry": { "type": "MultiLineString", "coordinates": [ [ [ 4.55048833333478, 57.808663332460782 ], [ 4.561673333334061, 57.809088332460874 ] ] ] } },
{ "type": "Feature", "properties": { "gml_id": "idad5a761c-551f-459f-b5a5-cb0469e952f4", "lokalId": "1850f1bb-4f9a-4eea-84a9-b7d89688ee02", "navnerom": "https://data.geonorge.no/sosi/kyst/sjokart_maritim_infrastruktur", "førsteDatafangstdato": null, "oppdateringsdato": "2021-06-11T00:00:00", "datauttaksdato": "2025-05-01T00:00:39", "målemetode": "ukjentMålemetode", "kabeltype": "kraftledning", "sjøstatus": null }, "geometry": { "type": "MultiLineString", "coordinates": [ [ [ 22.287897633000092, 71.286469990686115 ], [ 22.285378718000199, 71.286429534686178 ] ] ] } },
{ "type": "Feature", "properties": { "gml_id": "idcbd5f728-ef04-4aa2-aae5-000aeb3aac3b", "lokalId": "f8c2f0ad-37ac-42e3-b8e0-6092c1eb29a3", "navnerom": "https://data.geonorge.no/sosi/kyst/sjokart_maritim_infrastruktur", "førsteDatafangstdato": null, "oppdateringsdato": "2023-06-09T00:00:00", "datauttaksdato": "2025-05-01T00:00:39", "målemetode": "ukjentMålemetode", "kabeltype": null, "sjøstatus": null }, "geometry": { "type": "MultiLineString", "coordinates": [ [ [ 13.113546492875098, 67.942601043897568 ], [ 13.126803722421627, 67.946587813768275 ] ], [ [ 13.127987241990624, 67.946643792727372 ], [ 13.129950912079812, 67.946691146074286 ] ] ] } },
{ "type": "Feature", "properties": { "gml_id": "idaee152d1-3c1d-413e-9287-14a94197cfc4", "lokalId": "da9050bd-ec7c-4201-ad66-165c2e5a24dd", "navnerom": "https://data.geonorge.no/sosi/kyst/sjokart_maritim_infrastruktur", "førsteDatafangstdato": null, "oppdateringsdato": "2023-12-12T00:00:00", "datauttaksdato": "2025-05-01T00:00:40", "målemetode": "ukjentMålemetode", "kabeltype": "kraftledning", "sjøstatus": null }, "geometry": { "type": "MultiLineString", "coordinates": [ [ [ 13.086367988611066, 67.938435161335534 ], [ 13.093387052064074, 67.936481248253784 ] ] ] } },
{ "type": "Feature", "properties": { "gml_id": "id627eef8b-af73-4e42-820c-d3907e40e6f7", "lokalId": "18cb5bea-0442-441c-9e1f-9ba0e511ee3b", "navnerom": "https://data.geonorge.no/sosi/kyst/sjokart_maritim_infrastruktur", "førsteDatafangstdato": null, "oppdateringsdato": "2024-01-23T00:00:00", "datauttaksdato": "2025-05-01T00:00:40", "målemetode": "ukjentMålemetode", "kabeltype": "kraftledning", "sjøstatus": null }, "geometry": { "type": "MultiLineString", "coordinates": [ [ [ 8.086499170251214, 66.031483461081862 ], [ 8.08554771185795, 66.040536334938324 ], [ 8.129150561152697, 66.064117707886865 ], [ 8.153760003583567, 66.097419911375127 ], [ 8.230957921333822, 66.143414588207548 ] ] ] } },
{ "type": "Feature", "properties": { "gml_id": "idfe4ad2ef-e899-4087-ad62-bfdb62007f39", "lokalId": "1f1c5bad-6f2a-4d48-8092-0add9f9e92a3", "navnerom": "https://data.geonorge.no/sosi/kyst/sjokart_maritim_infrastruktur", "førsteDatafangstdato": null, "oppdateringsdato": "2024-01-23T00:00:00", "datauttaksdato": "2025-05-01T00:00:40", "målemetode": "ukjentMålemetode", "kabeltype": "kraftledning", "sjøstatus": null }, "geometry": { "type": "MultiLineString", "coordinates": [ [ [ 8.235261726682268, 66.144630677165665 ], [ 8.319472745391378, 66.194304513660271 ], [ 8.330939453180578, 66.215497425695574 ], [ 8.33092762146868, 66.234329547943261 ] ] ] } },
{ "type": "Feature", "properties": { "gml_id": "id51ec18a8-f13e-41f6-8f1f-2fa4e7c6a07d", "lokalId": "ab796a51-a7ce-4462-a049-dc8410d69c84", "navnerom": "https://data.geonorge.no/sosi/kyst/sjokart_maritim_infrastruktur", "førsteDatafangstdato": null, "oppdateringsdato": "2022-12-09T00:00:00", "datauttaksdato": "2025-05-01T00:00:40", "målemetode": "ukjentMålemetode", "kabeltype": "kraftledning", "sjøstatus": null }, "geometry": { "type": "MultiLineString", "coordinates": [ [ [ 2.52757713182201, 58.817317079358787 ], [ 2.568988082000025, 58.829141611218574 ], [ 2.558874748000053, 58.836831783219353 ] ] ] } },
{ "type": "Feature", "properties": { "gml_id": "id06098b4f-09e2-4214-ac4f-4a401421c02f", "lokalId": "71ba29e2-f347-4f14-b20f-163cd082952d", "navnerom": "https://data.geonorge.no/sosi/kyst/sjokart_maritim_infrastruktur", "førsteDatafangstdato": null, "oppdateringsdato": "2020-11-26T00:00:00", "datauttaksdato": "2025-05-01T00:00:40", "målemetode": "ukjentMålemetode", "kabeltype": "kraftledning", "sjøstatus": null }, "geometry": { "type": "MultiLineString", "coordinates": [ [ [ 7.055074668709137, 64.811308900548795 ], [ 7.082013802547517, 64.831360802404859 ], [ 7.069424359722521, 64.888669959321987 ] ] ] } },
{ "type": "Feature", "properties": { "gml_id": "id1ae7fd0f-7e72-4a9e-a866-429881ecf231", "lokalId": "06019518-0d8f-43bb-886d-619e75a705ac", "navnerom": "https://data.geonorge.no/sosi/kyst/sjokart_maritim_infrastruktur", "førsteDatafangstdato": null, "oppdateringsdato": "2020-11-26T00:00:00", "datauttaksdato": "2025-05-01T00:00:40", "målemetode": "ukjentMålemetode", "kabeltype": "kraftledning", "sjøstatus": null }, "geometry": { "type": "MultiLineString", "coordinates": [ [ [ 7.054880824933364, 64.811291991113109 ], [ 7.010013960522543, 64.78956908673247 ] ] ] } },
{ "type": "Feature", "properties": { "gml_id": "idbfe854b8-9643-4852-bd57-e9b9c0136dd3", "lokalId": "2ee2d6f3-ff30-4f43-b255-3c19582c2225", "navnerom": "https://data.geonorge.no/sosi/kyst/sjokart_maritim_infrastruktur", "førsteDatafangstdato": null, "oppdateringsdato": "2020-11-26T00:00:00", "datauttaksdato": "2025-05-01T00:00:40", "målemetode": "ukjentMålemetode", "kabeltype": null, "sjøstatus": null }, "geometry": { "type": "MultiLineString", "coordinates": [ [ [ 5.386388356253843, 63.527975274962003 ], [ 5.40557254490916, 63.522643690459695 ], [ 5.398481751998093, 63.519974508936897 ], [ 5.395138105714722, 63.502931556990703 ], [ 5.40333705830482, 63.486580729279012 ], [ 5.415095482825452, 63.483256041304664 ], [ 5.412979566459414, 63.470061990896475 ], [ 5.447055312082414, 63.449675737916287 ], [ 5.600065220810401, 63.415543178947885 ], [ 5.68200822434931, 63.416097173225054 ], [ 5.714311092036358, 63.407183848541905 ], [ 5.858900805653548, 63.257728652002648 ], [ 6.0, 63.160349115560095 ] ] ] } },
{ "type": "Feature", "properties": { "gml_id": "id825f2808-a0f9-4c74-a4d5-1b31544f9cab", "lokalId": "aee91bc2-0192-4433-9954-9b0d681323b9", "navnerom": "https://data.geonorge.no/sosi/kyst/sjokart_maritim_infrastruktur", "førsteDatafangstdato": null, "oppdateringsdato": "2020-11-26T00:00:00", "datauttaksdato": "2025-05-01T00:00:40", "målemetode": "ukjentMålemetode", "kabeltype": null, "sjøstatus": null }, "geometry": { "type": "MultiLineString", "coordinates": [ [ [ 6.92451519597349, 62.878097066517995 ], [ 6.897148901780298, 62.898501949144737 ], [ 6.78043249419594, 62.908789043127065 ], [ 6.769769299612456, 62.918311862247144 ], [ 6.77080794616257, 62.945982023949568 ], [ 6.749800415605486, 62.955169384135878 ] ] ] } },
{ "type": "Feature", "properties": { "gml_id": "id076be7bf-cbed-4edf-894c-4eb34347a8f8", "lokalId": "cc6948b5-a7cc-48c9-b2c6-af7aca1cb135", "navnerom": "https://data.geonorge.no/sosi/kyst/sjokart_maritim_infrastruktur", "førsteDatafangstdato": null, "oppdateringsdato": "2020-11-26T00:00:00", "datauttaksdato": "2025-05-01T00:00:40", "målemetode": "ukjentMålemetode", "kabeltype": null, "sjøstatus": "permanent" }, "geometry": { "type": "MultiLineString", "coordinates": [ [ [ 2.819457091527577, 60.499999999340368 ], [ 2.795879142184957, 60.512365136974189 ], [ 2.722527548266234, 60.521574584123563 ], [ 2.683807744332304, 60.53704998385502 ] ] ] } },
{ "type": "Feature", "properties": { "gml_id": "id7441f54f-afbb-40af-9cb3-914a7f27249c", "lokalId": "1bf0eb10-dbd9-481a-93e8-4f6e71f69bd2", "navnerom": "https://data.geonorge.no/sosi/kyst/sjokart_maritim_infrastruktur", "førsteDatafangstdato": null, "oppdateringsdato": "2020-11-26T00:00:00", "datauttaksdato": "2025-05-01T00:00:40", "målemetode": "ukjentMålemetode", "kabeltype": "kraftledning", "sjøstatus": null }, "geometry": { "type": "MultiLineString", "coordinates": [ [ [ 3.143802038941819, 60.499999999340353 ], [ 3.5, 60.550097957198481 ] ] ] } },
{ "type": "Feature", "properties": { "gml_id": "idcb03d2dd-7150-45a2-be7e-cb667e2dd4ed", "lokalId": "1aff33b2-2386-4a5b-85d1-09385f0db03f", "navnerom": "https://data.geonorge.no/sosi/kyst/sjokart_maritim_infrastruktur", "førsteDatafangstdato": null, "oppdateringsdato": "2020-11-26T00:00:00", "datauttaksdato": "2025-05-01T00:00:40", "målemetode": "ukjentMålemetode", "kabeltype": "kraftledning", "sjøstatus": null }, "geometry": { "type": "MultiLineString", "coordinates": [ [ [ 4.0, 60.580295668805732 ], [ 4.205865600422264, 60.552738731252674 ], [ 4.25, 60.553294853328616 ] ] ] } },
{ "type": "Feature", "properties": { "gml_id": "id45cd98b1-5a83-4001-bba8-e3d7f9329719", "lokalId": "ef9cd385-f564-4fa9-a51c-9b52552edc40", "navnerom": "https://data.geonorge.no/sosi/kyst/sjokart_maritim_infrastruktur", "førsteDatafangstdato": null, "oppdateringsdato": "2020-11-26T00:00:00", "datauttaksdato": "2025-05-01T00:00:40", "målemetode": "ukjentMålemetode", "kabeltype": "kraftledning", "sjøstatus": null }, "geometry": { "type": "MultiLineString", "coordinates": [ [ [ 4.25, 60.549160563546806 ], [ 4.5, 60.555403610704005 ] ] ] } },
{ "type": "Feature", "properties": { "gml_id": "id31e1715f-3c41-4230-a764-5ab9589f062a", "lokalId": "3bd5a27e-508b-4707-a64d-1607fa379cda", "navnerom": "https://data.geonorge.no/sosi/kyst/sjokart_maritim_infrastruktur", "førsteDatafangstdato": null, "oppdateringsdato": "2020-11-26T00:00:00", "datauttaksdato": "2025-05-01T00:00:40", "målemetode": "ukjentMålemetode", "kabeltype": "kraftledning", "sjøstatus": null }, "geometry": { "type": "MultiLineString", "coordinates": [ [ [ 4.25, 60.553294853328616 ], [ 4.5, 60.559100008489629 ] ] ] } },
{ "type": "Feature", "properties": { "gml_id": "idc6ffbb7b-7468-4fbf-a41c-2ef940b53bba", "lokalId": "d0edd25a-bd39-44de-80ab-812ce8257792", "navnerom": "https://data.geonorge.no/sosi/kyst/sjokart_maritim_infrastruktur", "førsteDatafangstdato": null, "oppdateringsdato": "2024-09-17T00:00:00", "datauttaksdato": "2025-05-01T00:00:40", "målemetode": "ukjentMålemetode", "kabeltype": "kraftledning", "sjøstatus": null }, "geometry": { "type": "MultiLineString", "coordinates": [ [ [ 3.441487855378468, 60.575841668425809 ], [ 3.457492754633558, 60.584081791109178 ], [ 3.420936646504923, 60.572933790571831 ] ] ] } },
{ "type": "Feature", "properties": { "gml_id": "idbe42a7fc-a88f-42a2-8510-e0c765ffec76", "lokalId": "78ed6d18-e990-4b5b-9baf-2a7ae29e44c8", "navnerom": "https://data.geonorge.no/sosi/kyst/sjokart_maritim_infrastruktur", "førsteDatafangstdato": null, "oppdateringsdato": "2024-09-02T00:00:00", "datauttaksdato": "2025-05-01T00:00:40", "målemetode": "ukjentMålemetode", "kabeltype": "telefonledning", "sjøstatus": null }, "geometry": { "type": "MultiLineString", "coordinates": [ [ [ 13.500005144848389, 67.259442215784887 ], [ 13.617326915394791, 67.249587151579021 ], [ 13.681123212432109, 67.25635931644095 ], [ 13.865476110922708, 67.2461022565424 ], [ 14.016114083447901, 67.252862689342038 ], [ 14.08843010979659, 67.270570069150565 ], [ 14.142831346377708, 67.265277391456337 ], [ 14.316497424629208, 67.274828228000843 ], [ 14.37495630999169, 67.293436731702386 ] ] ] } },
{ "type": "Feature", "properties": { "gml_id": "ide390cef9-4a7c-4990-8561-b3883700900e", "lokalId": "da69a950-7f98-42bb-a320-81a02c060ed5", "navnerom": "https://data.geonorge.no/sosi/kyst/sjokart_maritim_infrastruktur", "førsteDatafangstdato": null, "oppdateringsdato": "2024-09-17T00:00:00", "datauttaksdato": "2025-05-01T00:00:40", "målemetode": "ukjentMålemetode", "kabeltype": "kraftledning", "sjøstatus": null }, "geometry": { "type": "MultiLineString", "coordinates": [ [ [ 3.468419622405735, 60.513067915447344 ], [ 3.484294805393759, 60.521271654588801 ], [ 3.478050587784976, 60.511642079995063 ] ] ] } },
{ "type": "Feature", "properties": { "gml_id": "id69b59d97-7d39-44af-a78d-a776166706a5", "lokalId": "b129408e-5548-40d3-88b3-0e9e0c2111c9", "navnerom": "https://data.geonorge.no/sosi/kyst/sjokart_maritim_infrastruktur", "førsteDatafangstdato": null, "oppdateringsdato": "2024-09-17T00:00:00", "datauttaksdato": "2025-05-01T00:00:40", "målemetode": "ukjentMålemetode", "kabeltype": "kraftledning", "sjøstatus": null }, "geometry": { "type": "MultiLineString", "coordinates": [ [ [ 2.824876831832418, 60.492007933222425 ], [ 3.42239024034769, 60.572983143813893 ] ] ] } },
{ "type": "Feature", "properties": { "gml_id": "id8a3580cf-1340-46a1-b6e2-56e00691147b", "lokalId": "b1cdba2b-a228-44e4-94e6-75a525de06d8", "navnerom": "https://data.geonorge.no/sosi/kyst/sjokart_maritim_infrastruktur", "førsteDatafangstdato": null, "oppdateringsdato": "2024-09-17T00:00:00", "datauttaksdato": "2025-05-01T00:00:40", "målemetode": "ukjentMålemetode", "kabeltype": "kraftledning", "sjøstatus": null }, "geometry": { "type": "MultiLineString", "coordinates": [ [ [ 3.42239024034769, 60.572983143813893 ], [ 3.423478525545637, 60.551062919961204 ], [ 3.466936312309517, 60.511232483527287 ], [ 3.484211720942657, 60.515705176020617 ] ] ] } },
{ "type": "Feature", "properties": { "gml_id": "id4d0540e2-8ee8-4110-8187-44cdccaa6046", "lokalId": "40b3ff36-5ed0-4624-87e0-3dc8f6ededa5", "navnerom": "https://data.geonorge.no/sosi/kyst/sjokart_maritim_infrastruktur", "førsteDatafangstdato": null, "oppdateringsdato": "2023-04-20T00:00:00", "datauttaksdato": "2025-05-01T00:00:40", "målemetode": "ukjentMålemetode", "kabeltype": "kraftledning", "sjøstatus": "permanent" }, "geometry": { "type": "MultiLineString", "coordinates": [ [ [ 6.412621266474946, 58.050040735700712 ], [ 6.452826205999795, 58.112572275156225 ], [ 6.481557468999708, 58.141833626158729 ], [ 6.6393631281234, 58.189393187072795 ] ] ] } },
{ "type": "Feature", "properties": { "gml_id": "id37be7e92-9dc9-4ae7-82b3-e1d74ad2b72c", "lokalId": "2cf95db2-8962-48cf-93fa-b02ce9d18a01", "navnerom": "https://data.geonorge.no/sosi/kyst/sjokart_maritim_infrastruktur", "førsteDatafangstdato": null, "oppdateringsdato": "2023-12-05T00:00:00", "datauttaksdato": "2025-05-01T00:00:40", "målemetode": "ukjentMålemetode", "kabeltype": "telefonledning", "sjøstatus": null }, "geometry": { "type": "MultiLineString", "coordinates": [ [ [ 5.486504633077598, 59.10947823990508 ], [ 5.363501611060069, 59.080179353708431 ], [ 5.336535798165072, 59.017809193451825 ], [ 5.271487983760904, 58.957892798048491 ], [ 5.276967124660416, 58.831282450978399 ], [ 5.291246167259874, 58.805254939830824 ], [ 5.353489201218228, 58.757859873532681 ], [ 5.355075146936922, 58.683840162581767 ], [ 5.535520352390071, 58.515033324616255 ], [ 5.743717605852656, 58.347927229221895 ], [ 5.812753568114887, 58.294944696947105 ], [ 5.976855708528729, 58.20650926993163 ], [ 6.042956709442591, 58.160482831608405 ], [ 6.056266334676821, 58.13641439270819 ], [ 6.079866916523191, 58.117048522002243 ], [ 6.163856867159205, 58.111283791361096 ], [ 6.342520166741584, 58.078071992586089 ], [ 6.507592367724181, 58.027891376924543 ], [ 6.7293150184635, 57.982348807802943 ], [ 6.828360775780161, 57.95354531735061 ], [ 6.884636680391131, 57.934823782882567 ], [ 6.966819543326291, 57.890519051011609 ], [ 7.006140478281757, 57.884236664793939 ], [ 7.106991590109409, 57.88861364906208 ], [ 7.203208571494553, 57.855589570111285 ], [ 7.36918906752117, 57.877865978165033 ], [ 7.408453061668911, 57.891191035315174 ], [ 7.70738703527357, 57.920801231922496 ], [ 8.059573119259937, 57.974898652553115 ], [ 8.100497830001382, 57.989687702659289 ], [ 8.119863743858597, 58.006716523222451 ], [ 8.077552468952124, 58.066731870756222 ] ] ] } },
{ "type": "Feature", "properties": { "gml_id": "id45d2ad83-6355-40f9-8a3f-2476556fbb4a", "lokalId": "cf5fb5c0-df9d-4564-917c-96f3388ed7d7", "navnerom": "https://data.geonorge.no/sosi/kyst/sjokart_maritim_infrastruktur", "førsteDatafangstdato": null, "oppdateringsdato": "2024-01-02T00:00:00", "datauttaksdato": "2025-05-01T00:00:40", "målemetode": "ukjentMålemetode", "kabeltype": "kraftledning", "sjøstatus": null }, "geometry": { "type": "MultiLineString", "coordinates": [ [ [ 13.128390578250087, 68.04879315963899 ], [ 13.143401179694999, 68.039730001907984 ] ] ] } },
{ "type": "Feature", "properties": { "gml_id": "id1fbc6552-ce31-46a7-a5bc-92c000673c54", "lokalId": "aa1e8391-30bd-464e-b1d5-40b1236cb0ca", "navnerom": "https://data.geonorge.no/sosi/kyst/sjokart_maritim_infrastruktur", "førsteDatafangstdato": null, "oppdateringsdato": "2024-01-02T00:00:00", "datauttaksdato": "2025-05-01T00:00:40", "målemetode": "ukjentMålemetode", "kabeltype": "kraftledning", "sjøstatus": null }, "geometry": { "type": "MultiLineString", "coordinates": [ [ [ 13.128371991835717, 68.048789731728235 ], [ 13.143381045821108, 68.039721876537556 ] ] ] } },
{ "type": "Feature", "properties": { "gml_id": "id9055697b-3590-428f-939c-334cf4da71be", "lokalId": "7c3d8f9e-8027-44be-a96e-0292ce0f6975", "navnerom": "https://data.geonorge.no/sosi/kyst/sjokart_maritim_infrastruktur", "førsteDatafangstdato": null, "oppdateringsdato": "2024-11-27T00:00:00", "datauttaksdato": "2025-05-01T00:00:40", "målemetode": "ukjentMålemetode", "kabeltype": "kraftledning", "sjøstatus": null }, "geometry": { "type": "MultiLineString", "coordinates": [ [ [ 6.798057796551443, 65.111538716464281 ], [ 6.767747566094842, 65.09547329138708 ], [ 6.729013188577377, 65.095638423187296 ], [ 6.499195642489436, 65.126668066932595 ], [ 6.475808950969401, 65.136887375082722 ] ] ] } },
{ "type": "Feature", "properties": { "gml_id": "id6aba77c5-e993-4230-b987-bb7e55bda1a8", "lokalId": "3bfa9f8b-75c1-4e26-b459-6015cb256755", "navnerom": "https://data.geonorge.no/sosi/kyst/sjokart_maritim_infrastruktur", "førsteDatafangstdato": null, "oppdateringsdato": "2020-11-03T00:00:00", "datauttaksdato": "2025-05-01T00:00:40", "målemetode": "ukjentMålemetode", "kabeltype": null, "sjøstatus": null }, "geometry": { "type": "MultiLineString", "coordinates": [ [ [ 9.828256421199303, 58.177060790291399 ], [ 9.828400311573064, 58.176293409465899 ] ] ] } },
{ "type": "Feature", "properties": { "gml_id": "idd0583c9a-5724-4461-8aed-250968893f12", "lokalId": "469af01d-0b5a-4a40-9316-3c6c7bb67118", "navnerom": "https://data.geonorge.no/sosi/kyst/sjokart_maritim_infrastruktur", "førsteDatafangstdato": null, "oppdateringsdato": "2020-11-03T00:00:00", "datauttaksdato": "2025-05-01T00:00:40", "målemetode": "ukjentMålemetode", "kabeltype": null, "sjøstatus": null }, "geometry": { "type": "MultiLineString", "coordinates": [ [ [ 10.040476914267851, 59.027014212986906 ], [ 10.124468371526097, 58.93143131166962 ], [ 10.124442279098005, 58.904335586750285 ], [ 10.069941937803302, 58.722252290533582 ], [ 10.011059954411403, 58.622134282175026 ], [ 10.004597817156402, 58.592361201777329 ], [ 9.981354700243408, 58.569794574496207 ], [ 9.978301397188387, 58.549307955878874 ], [ 9.991052706955866, 58.541135321309554 ], [ 9.986544059505173, 58.532218215726139 ], [ 9.994129990775345, 58.512988332093848 ], [ 9.959705626432152, 58.487034290966164 ], [ 9.869642861294057, 58.447560604142531 ], [ 9.800187006045796, 58.312360343585979 ], [ 9.801236616965522, 58.248097447742126 ], [ 9.828256421199303, 58.177060790291399 ] ] ] } },
{ "type": "Feature", "properties": { "gml_id": "id4805efe6-f6c9-4f35-9a13-b9db4e109fb9", "lokalId": "77a50862-73a3-4288-a4b8-df52de708c64", "navnerom": "https://data.geonorge.no/sosi/kyst/sjokart_maritim_infrastruktur", "førsteDatafangstdato": null, "oppdateringsdato": "2021-12-06T00:00:00", "datauttaksdato": "2025-05-01T00:00:40", "målemetode": "ukjentMålemetode", "kabeltype": null, "sjøstatus": "permanent" }, "geometry": { "type": "MultiLineString", "coordinates": [ [ [ 5.491016487509486, 59.108762942330394 ], [ 5.450928333333326, 59.090656665906486 ], [ 5.41167166666667, 59.092358332573234 ], [ 5.36721, 59.077931665905496 ], [ 5.337766666666659, 59.009188332566595 ], [ 5.299803333333327, 58.973059999230379 ], [ 5.302881666666675, 58.950861665895232 ], [ 5.294091666666672, 58.932418332560381 ], [ 5.210396666666657, 58.913441665892243 ], [ 4.587985, 58.480751665855706 ], [ 4.492505, 58.250521665835272 ], [ 4.453618333333329, 58.229319999166719 ], [ 4.32618, 58.113924999156183 ], [ 4.180575, 58.012316665813373 ], [ 4.132638333333328, 57.929486665805648 ], [ 3.992193333333333, 57.818963332461813 ], [ 3.948115, 57.758958332455983 ], [ 3.918418333333325, 57.736074999120447 ], [ 3.894458333333337, 57.65580666577921 ], [ 3.835211666666663, 57.612578332441657 ], [ 3.813536658780707, 57.581763597482542 ] ] ] } },
{ "type": "Feature", "properties": { "gml_id": "id2ab9bb4a-4373-42c2-ad81-3be06b8cec49", "lokalId": "2e936f92-9b49-4e58-ba39-2d7a71e5090a", "navnerom": "https://data.geonorge.no/sosi/kyst/sjokart_maritim_infrastruktur", "førsteDatafangstdato": null, "oppdateringsdato": "2022-12-22T00:00:00", "datauttaksdato": "2025-05-01T00:00:41", "målemetode": "ukjentMålemetode", "kabeltype": "kraftledning", "sjøstatus": null }, "geometry": { "type": "MultiLineString", "coordinates": [ [ [ 2.251782646863709, 61.366499787694046 ], [ 2.254516791181981, 61.375971646943924 ], [ 2.13132526693055, 61.44821627331131 ], [ 2.140399080135213, 61.449308085059933 ] ] ] } },
{ "type": "Feature", "properties": { "gml_id": "idd3ffe3d1-ee86-42e5-a331-64b5429c593e", "lokalId": "12314af1-b1d0-4c76-b07d-a3732cfab792", "navnerom": "https://data.geonorge.no/sosi/kyst/sjokart_maritim_infrastruktur", "førsteDatafangstdato": null, "oppdateringsdato": "2022-12-22T00:00:00", "datauttaksdato": "2025-05-01T00:00:41", "målemetode": "ukjentMålemetode", "kabeltype": "kraftledning", "sjøstatus": null }, "geometry": { "type": "MultiLineString", "coordinates": [ [ [ 2.259909783251815, 61.304663085987272 ], [ 2.241676241379832, 61.297138913867236 ], [ 2.210733970712819, 61.201684644348894 ], [ 2.187591181564783, 61.175993899768251 ] ] ] } },
{ "type": "Feature", "properties": { "gml_id": "id22f6c95f-b680-4bb5-afad-eee1e2334b67", "lokalId": "79012186-928c-4a12-9e72-c3c75b9c243f", "navnerom": "https://data.geonorge.no/sosi/kyst/sjokart_maritim_infrastruktur", "førsteDatafangstdato": null, "oppdateringsdato": "2022-12-22T00:00:00", "datauttaksdato": "2025-05-01T00:00:41", "målemetode": "ukjentMålemetode", "kabeltype": "kraftledning", "sjøstatus": null }, "geometry": { "type": "MultiLineString", "coordinates": [ [ [ 2.251536842448844, 61.3663749908619 ], [ 2.23177853088003, 61.357009629895046 ] ] ] } },
{ "type": "Feature", "properties": { "gml_id": "id437a7457-3ac7-403b-9f11-3485c582e790", "lokalId": "16eb4e29-6d4a-49bc-b228-49bc07efefb0", "navnerom": "https://data.geonorge.no/sosi/kyst/sjokart_maritim_infrastruktur", "førsteDatafangstdato": null, "oppdateringsdato": "2023-04-20T00:00:00", "datauttaksdato": "2025-05-01T00:00:41", "målemetode": "ukjentMålemetode", "kabeltype": "kraftledning", "sjøstatus": "permanent" }, "geometry": { "type": "MultiLineString", "coordinates": [ [ [ 6.412621266475042, 58.050040735700698 ], [ 6.380575477925634, 57.999999999145693 ] ] ] } },
{ "type": "Feature", "properties": { "gml_id": "id3f86c19c-9ca7-4411-b0d6-8f394a9b6a1c", "lokalId": "b93e87ef-6c8f-42fa-a97e-794bceb89e3a", "navnerom": "https://data.geonorge.no/sosi/kyst/sjokart_maritim_infrastruktur", "førsteDatafangstdato": null, "oppdateringsdato": "2022-12-22T00:00:00", "datauttaksdato": "2025-05-01T00:00:41", "målemetode": "ukjentMålemetode", "kabeltype": "kraftledning", "sjøstatus": null }, "geometry": { "type": "MultiLineString", "coordinates": [ [ [ 2.23186724067114, 61.356854186470393 ], [ 2.242049418660129, 61.351135132636472 ], [ 2.238890593367259, 61.343953859484877 ] ] ] } },
{ "type": "Feature", "properties": { "gml_id": "id6438efe1-4b18-4c40-9d66-7a126bf5ba78", "lokalId": "8a64e882-c3e1-488c-a54d-d137b39eb5ea", "navnerom": "https://data.geonorge.no/sosi/kyst/sjokart_maritim_infrastruktur", "førsteDatafangstdato": null, "oppdateringsdato": "2022-12-22T00:00:00", "datauttaksdato": "2025-05-01T00:00:41", "målemetode": "ukjentMålemetode", "kabeltype": "kraftledning", "sjøstatus": null }, "geometry": { "type": "MultiLineString", "coordinates": [ [ [ 2.238964185333659, 61.343802187257644 ], [ 2.249167952493269, 61.338006152548047 ], [ 2.2459789412696, 61.330897944745423 ] ] ] } },
{ "type": "Feature", "properties": { "gml_id": "idd16acf13-0232-40fa-93d7-caa5a415e215", "lokalId": "81f21459-18b7-433b-88ba-2333d1b52ab6", "navnerom": "https://data.geonorge.no/sosi/kyst/sjokart_maritim_infrastruktur", "førsteDatafangstdato": null, "oppdateringsdato": "2022-02-01T00:00:00", "datauttaksdato": "2025-05-01T00:00:41", "målemetode": "ukjentMålemetode", "kabeltype": null, "sjøstatus": null }, "geometry": { "type": "MultiLineString", "coordinates": [ [ [ 8.080795607822452, 58.067130858281679 ], [ 8.372821979251579, 57.596730464780599 ] ] ] } },
{ "type": "Feature", "properties": { "gml_id": "id4e9c0a52-0a8e-42d9-9b5d-715207324ad3", "lokalId": "8479fdba-1a9f-4588-9707-a96ebf703ee5", "navnerom": "https://data.geonorge.no/sosi/kyst/sjokart_maritim_infrastruktur", "førsteDatafangstdato": null, "oppdateringsdato": "2022-12-22T00:00:00", "datauttaksdato": "2025-05-01T00:00:41", "målemetode": "ukjentMålemetode", "kabeltype": "kraftledning", "sjøstatus": null }, "geometry": { "type": "MultiLineString", "coordinates": [ [ [ 2.246062170263891, 61.330739049972095 ], [ 2.256168804122661, 61.325194847580718 ], [ 2.253067746174566, 61.317839953906017 ] ] ] } },
{ "type": "Feature", "properties": { "gml_id": "id4e9af9f0-be12-42c4-9639-e23d113fd9a0", "lokalId": "763cae02-b615-427a-a132-78b1b479e200", "navnerom": "https://data.geonorge.no/sosi/kyst/sjokart_maritim_infrastruktur", "førsteDatafangstdato": null, "oppdateringsdato": "2022-12-22T00:00:00", "datauttaksdato": "2025-05-01T00:00:41", "målemetode": "ukjentMålemetode", "kabeltype": "kraftledning", "sjøstatus": null }, "geometry": { "type": "MultiLineString", "coordinates": [ [ [ 2.253156398742852, 61.317677763221909 ], [ 2.262939694072395, 61.312145393717017 ], [ 2.260153081405189, 61.304780136628409 ] ] ] } },
{ "type": "Feature", "properties": { "gml_id": "id263d5494-e04f-4413-96d1-356a77f4fa5f", "lokalId": "af585dc2-74ef-4a95-971e-b856240a822c", "navnerom": "https://data.geonorge.no/sosi/kyst/sjokart_maritim_infrastruktur", "førsteDatafangstdato": null, "oppdateringsdato": "2022-12-22T00:00:00", "datauttaksdato": "2025-05-01T00:00:41", "målemetode": "ukjentMålemetode", "kabeltype": "kraftledning", "sjøstatus": null }, "geometry": { "type": "MultiLineString", "coordinates": [ [ [ 2.26024069016853, 61.304619460261932 ], [ 2.286963282184476, 61.30107955300543 ] ] ] } },
{ "type": "Feature", "properties": { "gml_id": "id6b4b2805-a502-4d4f-b2f1-feb9af4cf2e1", "lokalId": "5bb1d022-0e77-4513-baa1-f476654f6285", "navnerom": "https://data.geonorge.no/sosi/kyst/sjokart_maritim_infrastruktur", "førsteDatafangstdato": null, "oppdateringsdato": "2024-02-01T00:00:00", "datauttaksdato": "2025-05-01T00:00:41", "målemetode": "ukjentMålemetode", "kabeltype": "kraftledning", "sjøstatus": null }, "geometry": { "type": "MultiLineString", "coordinates": [ [ [ 2.514160081736092, 59.871635005398666 ], [ 2.549681722932403, 59.864843330363925 ] ] ] } },
{ "type": "Feature", "properties": { "gml_id": "idd3abaeee-f0e9-4e72-8b26-cfebab85de51", "lokalId": "ab2fe590-b183-4e03-b7ed-5b0868a5815e", "navnerom": "https://data.geonorge.no/sosi/kyst/sjokart_maritim_infrastruktur", "førsteDatafangstdato": null, "oppdateringsdato": "2023-04-20T00:00:00", "datauttaksdato": "2025-05-01T00:00:41", "målemetode": "ukjentMålemetode", "kabeltype": "kraftledning", "sjøstatus": "permanent" }, "geometry": { "type": "MultiLineString", "coordinates": [ [ [ 6.638481394958873, 58.189596296532464 ], [ 6.481099139999391, 58.142103647158734 ], [ 6.452201094999567, 58.112705588156132 ], [ 6.412621266474946, 58.050040735700712 ] ] ] } },
{ "type": "Feature", "properties": { "gml_id": "id9df0e6c8-3538-4b14-8c06-13296bc6befc", "lokalId": "6b82d3fe-4698-4b0f-bc99-86b4c5f9e7c8", "navnerom": "https://data.geonorge.no/sosi/kyst/sjokart_maritim_infrastruktur", "førsteDatafangstdato": null, "oppdateringsdato": "2022-09-14T00:00:00", "datauttaksdato": "2025-05-01T00:00:41", "målemetode": "ukjentMålemetode", "kabeltype": "telefonledning", "sjøstatus": null }, "geometry": { "type": "MultiLineString", "coordinates": [ [ [ 4.69711923122819, 60.874447208270894 ], [ 4.692206830709621, 60.859016932968458 ], [ 4.678854731351121, 60.854028359606275 ], [ 4.68070542296031, 60.839520977139365 ], [ 4.696423399381448, 60.818338166741903 ], [ 4.736994274936061, 60.802618093931514 ], [ 4.76131751426194, 60.775629572952937 ] ] ] } },
{ "type": "Feature", "properties": { "gml_id": "idab2e5dc9-7d02-4ef7-a44e-b62cae5ec68e", "lokalId": "c4f585d5-3347-4bf3-907b-8aab24cc665a", "navnerom": "https://data.geonorge.no/sosi/kyst/sjokart_maritim_infrastruktur", "førsteDatafangstdato": null, "oppdateringsdato": "2024-10-22T00:00:00", "datauttaksdato": "2025-05-01T00:00:41", "målemetode": "ukjentMålemetode", "kabeltype": "kraftledning", "sjøstatus": null }, "geometry": { "type": "MultiLineString", "coordinates": [ [ [ 5.093071109985465, 59.431132064616378 ], [ 5.095919708333329, 59.43023142426614 ] ] ] } },
{ "type": "Feature", "properties": { "gml_id": "id7d099623-30e2-47b2-bed1-9fbd314e6c7f", "lokalId": "3cccf9a3-a770-4d1f-b3b0-ed6e6f88182e", "navnerom": "https://data.geonorge.no/sosi/kyst/sjokart_maritim_infrastruktur", "førsteDatafangstdato": null, "oppdateringsdato": "2020-11-23T00:00:00", "datauttaksdato": "2025-05-01T00:00:41", "målemetode": "ukjentMålemetode", "kabeltype": "kraftledning", "sjøstatus": null }, "geometry": { "type": "MultiLineString", "coordinates": [ [ [ 4.848411182077763, 60.533606717144266 ], [ 4.835226846904394, 60.523708445541445 ], [ 4.807061517912486, 60.523798122523878 ], [ 4.756107518702829, 60.5028691704848 ], [ 4.66744575141244, 60.492505408039527 ], [ 4.191379361952128, 60.523022958724134 ], [ 3.784386524289863, 60.577833689627269 ], [ 3.748579374668447, 60.596839739350038 ], [ 3.725644959097956, 60.644635393605043 ] ] ] } },
{ "type": "Feature", "properties": { "gml_id": "idd24ae793-c336-4610-a5ca-529394429319", "lokalId": "2aeec9a6-13f6-4c83-bd6b-7018487629c1", "navnerom": "https://data.geonorge.no/sosi/kyst/sjokart_maritim_infrastruktur", "førsteDatafangstdato": null, "oppdateringsdato": "2020-11-26T00:00:00", "datauttaksdato": "2025-05-01T00:00:41", "målemetode": "ukjentMålemetode", "kabeltype": "kraftledning", "sjøstatus": null }, "geometry": { "type": "MultiLineString", "coordinates": [ [ [ 4.625, 60.530771285203734 ], [ 4.666312432653761, 60.522650074186167 ], [ 4.75, 60.529275296017886 ] ] ] } },
{ "type": "Feature", "properties": { "gml_id": "id5bb30da7-6087-4234-ac3d-8d4b474323c8", "lokalId": "7fce7f78-dd51-4162-8ca5-f554d3925e2c", "navnerom": "https://data.geonorge.no/sosi/kyst/sjokart_maritim_infrastruktur", "førsteDatafangstdato": null, "oppdateringsdato": "2021-09-08T00:00:00", "datauttaksdato": "2025-05-01T00:00:41", "målemetode": "ukjentMålemetode", "kabeltype": "kraftledning", "sjøstatus": null }, "geometry": { "type": "MultiLineString", "coordinates": [ [ [ 3.89607908196185, 61.331887830159154 ], [ 3.911427406239581, 61.335058896944702 ] ] ] } },
{ "type": "Feature", "properties": { "gml_id": "id1d3ed283-0c37-4dd8-a651-3fae188745cc", "lokalId": "265eea4a-14a7-4bf7-9567-a341c8d90df2", "navnerom": "https://data.geonorge.no/sosi/kyst/sjokart_maritim_infrastruktur", "førsteDatafangstdato": null, "oppdateringsdato": "2021-01-13T00:00:00", "datauttaksdato": "2025-05-01T00:00:41", "målemetode": "ukjentMålemetode", "kabeltype": null, "sjøstatus": null }, "geometry": { "type": "MultiLineString", "coordinates": [ [ [ 8.078807602593615, 58.066886294010146 ], [ 8.096371666666675, 58.035613332482257 ], [ 8.107371666666671, 57.991319999144821 ], [ 8.111165, 57.940784999140085 ], [ 8.105225, 57.919278332471414 ], [ 8.064008333333328, 57.880694999134406 ], [ 8.01308, 57.857669999132177 ], [ 7.219333333333334, 57.772456665790635 ], [ 7.097661163778194, 57.749999999121819 ] ] ] } },
{ "type": "Feature", "properties": { "gml_id": "id0801b056-859c-4dce-92b2-eb1d09eb3552", "lokalId": "6ec5f4f6-839c-4d1f-91d8-93427c1e7a9c", "navnerom": "https://data.geonorge.no/sosi/kyst/sjokart_maritim_infrastruktur", "førsteDatafangstdato": "2001-03-19T00:00:00", "oppdateringsdato": "2021-01-13T00:00:00", "datauttaksdato": "2025-05-01T00:00:41", "målemetode": "ukjentMålemetode", "kabeltype": null, "sjøstatus": null }, "geometry": { "type": "MultiLineString", "coordinates": [ [ [ 7.097661163778194, 57.749999999121819 ], [ 6.565413333333323, 57.631771665776995 ], [ 4.824648333333333, 57.41895333242217 ] ] ] } },
{ "type": "Feature", "properties": { "gml_id": "idb8409685-c30c-426a-aa10-fd6a8fe6cb40", "lokalId": "78a32e2f-12d1-4a8a-8cdc-2e7e43f6f005", "navnerom": "https://data.geonorge.no/sosi/kyst/sjokart_maritim_infrastruktur", "førsteDatafangstdato": null, "oppdateringsdato": "2021-09-08T00:00:00", "datauttaksdato": "2025-05-01T00:00:41", "målemetode": "ukjentMålemetode", "kabeltype": "kraftledning", "sjøstatus": null }, "geometry": { "type": "MultiLineString", "coordinates": [ [ [ 3.896084313501999, 61.33197231353072 ], [ 3.90570325648614, 61.333693018261101 ] ] ] } },
{ "type": "Feature", "properties": { "gml_id": "idb3390d21-9804-440d-b4df-df1c21986d1b", "lokalId": "91bb6d34-4342-49b5-a095-d807ac85f136", "navnerom": "https://data.geonorge.no/sosi/kyst/sjokart_maritim_infrastruktur", "førsteDatafangstdato": null, "oppdateringsdato": "2021-09-08T00:00:00", "datauttaksdato": "2025-05-01T00:00:41", "målemetode": "ukjentMålemetode", "kabeltype": "kraftledning", "sjøstatus": null }, "geometry": { "type": "MultiLineString", "coordinates": [ [ [ 3.904462791031406, 61.331436905329525 ], [ 3.905720541324102, 61.333687324256367 ] ] ] } },
{ "type": "Feature", "properties": { "gml_id": "id9728f43f-f1a7-41a8-b872-7f8518f9cfab", "lokalId": "7d3d9e55-798d-4aa7-a6fc-d85e8d8c1d0a", "navnerom": "https://data.geonorge.no/sosi/kyst/sjokart_maritim_infrastruktur", "førsteDatafangstdato": null, "oppdateringsdato": "2021-09-08T00:00:00", "datauttaksdato": "2025-05-01T00:00:41", "målemetode": "ukjentMålemetode", "kabeltype": "kraftledning", "sjøstatus": null }, "geometry": { "type": "MultiLineString", "coordinates": [ [ [ 3.911376750548376, 61.335079885126746 ], [ 3.884785747191717, 61.343965165176321 ], [ 3.856925416884825, 61.342862409167118 ], [ 3.66390422120507, 61.275943500415067 ] ] ] } },
{ "type": "Feature", "properties": { "gml_id": "id4ca4e76c-d0ea-4973-95cf-4de23bf80da1", "lokalId": "69407f05-0908-47ac-b5a1-001a6f9d5498", "navnerom": "https://data.geonorge.no/sosi/kyst/sjokart_maritim_infrastruktur", "førsteDatafangstdato": null, "oppdateringsdato": "2021-09-08T00:00:00", "datauttaksdato": "2025-05-01T00:00:41", "målemetode": "ukjentMålemetode", "kabeltype": "kraftledning", "sjøstatus": "ikkeIBruk" }, "geometry": { "type": "MultiLineString", "coordinates": [ [ [ 3.901148230977313, 61.332663674496985 ], [ 3.905132509470267, 61.33183872950363 ] ] ] } },
{ "type": "Feature", "properties": { "gml_id": "idcfa5174c-e47d-4d7d-9d98-9a3c182c1e1f", "lokalId": "be073c17-d31e-4854-9739-d4adb5099d7c", "navnerom": "https://data.geonorge.no/sosi/kyst/sjokart_maritim_infrastruktur", "førsteDatafangstdato": null, "oppdateringsdato": "2021-09-08T00:00:00", "datauttaksdato": "2025-05-01T00:00:41", "målemetode": "ukjentMålemetode", "kabeltype": "kraftledning", "sjøstatus": null }, "geometry": { "type": "MultiLineString", "coordinates": [ [ [ 3.663688306890109, 61.276085705233839 ], [ 3.664239607857546, 61.284710689099995 ] ] ] } },
{ "type": "Feature", "properties": { "gml_id": "id4c82cab1-bc7c-46ec-bbfa-98ba7232727e", "lokalId": "97079c37-a0cb-4f19-9f9d-663e59f8b7e5", "navnerom": "https://data.geonorge.no/sosi/kyst/sjokart_maritim_infrastruktur", "førsteDatafangstdato": null, "oppdateringsdato": "2021-01-13T00:00:00", "datauttaksdato": "2025-05-01T00:00:41", "målemetode": "ukjentMålemetode", "kabeltype": null, "sjøstatus": null }, "geometry": { "type": "MultiLineString", "coordinates": [ [ [ 4.847078333333322, 57.419238332422267 ], [ 4.824648333333333, 57.41895333242217 ] ] ] } },
{ "type": "Feature", "properties": { "gml_id": "id09c7c8ad-b8e2-43e3-bcf0-af9afa196495", "lokalId": "5d80fc5c-8b3f-46db-bd93-2099c2b533e0", "navnerom": "https://data.geonorge.no/sosi/kyst/sjokart_maritim_infrastruktur", "førsteDatafangstdato": null, "oppdateringsdato": "2021-01-20T00:00:00", "datauttaksdato": "2025-05-01T00:00:41", "målemetode": "ukjentMålemetode", "kabeltype": null, "sjøstatus": null }, "geometry": { "type": "MultiLineString", "coordinates": [ [ [ 4.79258666666667, 57.415054999088511 ], [ 4.498123333333321, 57.641696665777943 ], [ 4.41773166666667, 57.681359999115166 ], [ 4.328238333333323, 57.712759999118191 ], [ 4.255938333333324, 57.759573332456064 ], [ 3.806928333333337, 58.265966665836764 ], [ 3.70096833333333, 58.395574999181584 ], [ 3.506913333333331, 58.607593332533291 ], [ 3.306348333333324, 58.746546665878476 ] ] ] } },
{ "type": "Feature", "properties": { "gml_id": "id1400af6a-2982-40eb-af69-8871f4bdd641", "lokalId": "ca75e60d-c642-4270-9a7a-24ef82d0979b", "navnerom": "https://data.geonorge.no/sosi/kyst/sjokart_maritim_infrastruktur", "førsteDatafangstdato": null, "oppdateringsdato": "2021-01-13T00:00:00", "datauttaksdato": "2025-05-01T00:00:42", "målemetode": "ukjentMålemetode", "kabeltype": null, "sjøstatus": null }, "geometry": { "type": "MultiLineString", "coordinates": [ [ [ 4.824648333333333, 57.41895333242217 ], [ 4.79258666666667, 57.415054999088511 ], [ 4.83452, 57.326179999079429 ], [ 4.841303333333327, 57.005004999045454 ], [ 4.85745166666667, 56.976383332375718 ], [ 4.896041666666669, 56.939843332371773 ], [ 4.949531666666666, 56.904356665701215 ], [ 5.108634726514009, 56.771519161163006 ] ], [ [ 5.220467228219983, 56.742319185201218 ], [ 5.364815, 56.74312333234996 ], [ 5.448339633134745, 56.722729043839266 ] ] ] } },
{ "type": "Feature", "properties": { "gml_id": "id0cd3030c-b15a-4e2d-838a-a1e2bad7f22a", "lokalId": "3571efdc-cdd6-4ec6-856e-ff588551c7b9", "navnerom": "https://data.geonorge.no/sosi/kyst/sjokart_maritim_infrastruktur", "førsteDatafangstdato": null, "oppdateringsdato": "2021-01-13T00:00:00", "datauttaksdato": "2025-05-01T00:00:42", "målemetode": "ukjentMålemetode", "kabeltype": null, "sjøstatus": null }, "geometry": { "type": "MultiLineString", "coordinates": [ [ [ 5.448388245281954, 56.722707543912662 ], [ 5.453549291181009, 56.720454394503768 ] ] ] } },
{ "type": "Feature", "properties": { "gml_id": "id0e402cb0-f528-470c-a538-f797cbcb16b1", "lokalId": "a1fb0a87-032d-4273-89ec-ebcc72b3e570", "navnerom": "https://data.geonorge.no/sosi/kyst/sjokart_maritim_infrastruktur", "førsteDatafangstdato": null, "oppdateringsdato": "2021-01-20T00:00:00", "datauttaksdato": "2025-05-01T00:00:42", "målemetode": "ukjentMålemetode", "kabeltype": null, "sjøstatus": null }, "geometry": { "type": "MultiLineString", "coordinates": [ [ [ 3.306348333333324, 58.746546665878476 ], [ 3.172751666666664, 58.835936665885754 ], [ 2.905205, 58.938604999227522 ], [ 2.712256666666667, 58.954086665895545 ], [ 2.287184688276479, 59.026875759098303 ] ] ] } },
{ "type": "Feature", "properties": { "gml_id": "idb2dbcb36-7b45-4d06-8a89-3c7ef545044c", "lokalId": "112904b5-4362-4b89-a459-905fdd1d8564", "navnerom": "https://data.geonorge.no/sosi/kyst/sjokart_maritim_infrastruktur", "førsteDatafangstdato": null, "oppdateringsdato": "2020-10-28T00:00:00", "datauttaksdato": "2025-05-01T00:00:42", "målemetode": "ukjentMålemetode", "kabeltype": "kraftledning", "sjøstatus": null }, "geometry": { "type": "MultiLineString", "coordinates": [ [ [ 7.549480890525858, 64.357910094668455 ], [ 7.459780494409268, 64.354674700233574 ] ] ] } }
]
}
