{"type":"FeatureCollection","features":[{"type":"Feature","properties":{"name":"Norway EEZ","kind":"outer-boundary"},"geometry":{"type":"LineString","coordinates":[[3.065626,56.233778],[2.611864,56.594331],[2.274187,57.288611],[1.963454,57.904366],[1.481749,58.429378],[1.71004,59.289412],[2.075012,59.896106],[1.937883,60.61089],[1.788246,61.356164],[1.558216,61.736178],[1.551949,61.736177],[1.176178,62.278418],[1.036452,62.458671],[0.856374,62.665669],[0.639251,62.891092],[0.468292,63.055324],[-0.185048,63.635887],[-0.490696,63.887074],[-0.486726,64.433968],[0.148268,64.781745],[0.709261,65.072335],[1.053217,65.231645],[1.397818,65.370186],[2.057411,65.823873],[2.251087,65.943498],[2.459058,66.059322],[2.646671,66.154806],[2.820263,66.236414],[3.285169,66.432244],[3.311395,66.466968],[3.385173,66.729134],[3.418839,66.828825],[3.345693,66.951021],[3.283688,67.074187],[3.233075,67.198161],[3.198945,67.304941],[3.170129,67.429972],[3.153379,67.555329],[3.148909,67.680837],[3.155007,67.7884],[3.168551,67.88573],[3.192434,67.99294],[3.219589,68.082016],[3.268769,68.2144],[3.31732,68.320465],[3.365226,68.408356],[3.431707,68.513124],[3.494646,68.599764],[3.625295,68.753953],[3.778355,68.905524],[3.953868,69.054061],[4.151801,69.199148],[4.397876,69.355808],[4.676993,69.510129],[4.808353,69.626926],[4.932137,69.725507],[5.089591,69.838561],[5.235697,69.933645],[5.392038,70.026918],[5.605426,70.143985],[5.929822,70.30472],[6.088472,70.418287],[6.23599,70.513844],[6.421493,70.623069],[6.601118,70.719349],[7.475118,71.155534],[7.769659,71.285984],[8.051099,71.397525],[8.350607,71.504618],[8.667721,71.606987],[9.563502,71.871659],[9.916001,71.970003],[10.148877,72.100255],[10.394201,72.222325],[10.659847,72.340694],[10.945552,72.455067],[11.250974,72.565153],[11.575686,72.670665],[11.919175,72.771325],[12.280839,72.86686],[12.659986,72.957008],[13.055836,73.041515],[13.733844,73.172353],[14.157108,73.24709],[14.594659,73.315575],[15.250181,73.40838],[16.608293,73.590652],[17.895977,73.870583],[18.266198,73.942627],[18.681275,74.015475],[19.192085,74.094812],[19.721011,74.165982],[20.266266,74.22871],[20.763095,74.27718],[21.269877,74.318629],[21.785107,74.352927],[22.346005,74.382395],[22.917117,74.404077],[23.782582,74.45781],[24.443734,74.485045],[25.177934,74.501625],[26.049141,74.503024],[27.137139,74.48179],[28.918583,74.432308],[29.773103,74.393933],[30.815684,74.327582],[31.568475,74.265135],[32.364449,74.17936],[33.127012,74.075885],[33.742177,73.975122],[34.326695,73.862856],[34.829344,73.751337],[35.455634,73.594315],[35.9774,73.49397],[36.47626,73.384408],[35.845109,73.004056],[35.259864,72.63411],[34.698335,72.262515],[34.159156,71.889371],[33.641057,71.514771],[33.073245,71.084984],[32.596442,70.707544],[32.073056,70.274708],[31.775992,70.197689],[31.505397,70.120889],[31.104328,69.979303],[30.817653,69.794839],[30.822156,69.787378],[30.794846,69.791759],[30.790127,69.787797],[30.805349,69.781708],[30.784687,69.781406],[30.781438,69.78273],[30.792872,69.786191],[30.782627,69.787618],[30.763809,69.780596],[30.777773,69.779673],[30.783435,69.775497],[30.75389,69.779249],[30.744254,69.776705],[30.751423,69.77165],[30.713752,69.770056],[30.71949,69.763818],[30.707271,69.759756],[30.65332,69.761781],[30.629463,69.750995],[30.64782,69.766859],[30.669322,69.766319],[30.657647,69.763969],[30.661633,69.763399],[30.676832,69.766027],[30.683969,69.763654],[30.69234,69.775499],[30.683229,69.781197],[30.686041,69.785156],[30.719368,69.78702],[30.718338,69.791262],[30.735378,69.797797],[30.7341,69.801573],[30.728409,69.799402],[30.716105,69.804864],[30.703836,69.801147],[30.689614,69.806074],[30.687911,69.801783],[30.674176,69.800576],[30.707122,69.794514],[30.668918,69.798087],[30.68242,69.791959],[30.67262,69.789649],[30.646976,69.798646],[30.651837,69.803687],[30.683511,69.807597],[30.677065,69.811329],[30.649401,69.807851],[30.649711,69.803908],[30.622829,69.803063],[30.612874,69.803964],[30.640313,69.807633],[30.626552,69.814533],[30.619887,69.811989],[30.582865,69.818244],[30.579962,69.817237],[30.604326,69.806119],[30.590285,69.801656],[30.583961,69.80346],[30.584839,69.806908],[30.572668,69.806898],[30.580262,69.810125],[30.57708,69.812181],[30.543756,69.814559],[30.546613,69.811771],[30.532712,69.812655],[30.493193,69.80195],[30.505496,69.807145],[30.48965,69.804539],[30.53141,69.815609],[30.499501,69.823878],[30.467723,69.818636],[30.472715,69.815592],[30.446218,69.816193],[30.448121,69.819588],[30.439677,69.815022],[30.43232,69.816239],[30.426655,69.813784],[30.4292,69.800219],[30.421746,69.808811],[30.416291,69.808692],[30.42175,69.796669],[30.439106,69.782643],[30.436782,69.770191],[30.430681,69.769063],[30.434363,69.765858],[30.431555,69.760774],[30.464832,69.742908],[30.45477,69.734088],[30.44049,69.736462],[30.432293,69.72303],[30.440578,69.711723],[30.458969,69.70861],[30.435543,69.704878],[30.444002,69.696775],[30.439821,69.691269],[30.455287,69.685957],[30.45133,69.680659],[30.432347,69.674739],[30.393042,69.674216],[30.379887,69.666033],[30.366065,69.670635],[30.317554,69.671625],[30.295601,69.663596],[30.315673,69.673694],[30.361281,69.675532],[30.423619,69.691023],[30.411552,69.707979],[30.416755,69.717059],[30.4149,69.724467],[30.396068,69.726859],[30.409662,69.731172],[30.408706,69.739326],[30.401039,69.740001],[30.412051,69.748073],[30.401927,69.749806],[30.410175,69.755682],[30.403512,69.763607],[30.412927,69.769243],[30.410354,69.775828],[30.398218,69.783811],[30.388595,69.777117],[30.380243,69.7822],[30.389591,69.782907],[30.38888,69.790128],[30.374312,69.793622],[30.394015,69.800596],[30.387105,69.807279],[30.390732,69.812753],[30.382167,69.811289],[30.383888,69.816908],[30.375248,69.817414],[30.387917,69.821569],[30.385865,69.82585],[30.380995,69.832522],[30.37498,69.831174],[30.378783,69.833267],[30.371526,69.837136],[30.369818,69.84416],[30.347119,69.84308],[30.358264,69.846969],[30.332975,69.840276],[30.354295,69.840529],[30.356768,69.83917],[30.340957,69.834808],[30.315472,69.834561],[30.312597,69.836651],[30.332562,69.837799],[30.313134,69.842727],[30.277871,69.832734],[30.262754,69.835881],[30.228996,69.826839],[30.225099,69.827285],[30.230618,69.832549],[30.198908,69.826891],[30.196506,69.829488],[30.231882,69.833817],[30.233164,69.840681],[30.308806,69.852944],[30.335944,69.865544],[30.321182,69.869012],[30.300328,69.864005],[30.306915,69.867493],[30.301723,69.869102],[30.270765,69.864816],[30.309273,69.874285],[30.298727,69.879287],[30.285737,69.87846],[30.267542,69.880607],[30.256555,69.872946],[30.240315,69.879059],[30.237544,69.874858],[30.227513,69.871797],[30.215429,69.871144],[30.213868,69.873764],[30.220199,69.874592],[30.207405,69.879731],[30.185543,69.879655],[30.162061,69.872553],[30.148933,69.871685],[30.16067,69.869554],[30.141784,69.86431],[30.145288,69.861079],[30.169636,69.863825],[30.185452,69.859764],[30.150359,69.858431],[30.145101,69.85354],[30.130372,69.852058],[30.140815,69.838852],[30.159868,69.831105],[30.167966,69.819558],[30.154604,69.80689],[30.173139,69.791749],[30.186238,69.78753],[30.182119,69.784163],[30.198591,69.779101],[30.192898,69.777358],[30.198291,69.76994],[30.155387,69.767514],[30.156349,69.761624],[30.151453,69.760418],[30.098315,69.756093],[30.098831,69.748599],[30.110876,69.735825],[30.107344,69.732247],[30.129369,69.725987],[30.126422,69.722008],[30.12977,69.716932],[30.10781,69.70717],[30.116527,69.697943],[30.113535,69.689381],[30.119851,69.680729],[30.112945,69.6795],[30.130867,69.670934],[30.110473,69.678199],[30.107521,69.687965],[30.095639,69.700202],[30.095923,69.707729],[30.072968,69.718006],[30.075513,69.726832],[30.083424,69.720119],[30.095045,69.722966],[30.087204,69.729294],[30.034971,69.729173],[29.993192,69.714005],[29.928031,69.700341],[30.03399,69.736644],[30.04278,69.746171],[30.02647,69.752893],[30.060916,69.754744],[30.076291,69.768473],[30.052928,69.780601],[30.041984,69.777479],[30.038456,69.771273],[30.02503,69.77096],[30.033254,69.778948],[30.028355,69.7805],[30.013335,69.776693],[30.024871,69.77416],[30.019402,69.770834],[29.956066,69.764441],[29.952501,69.767487],[29.95783,69.759286],[29.944103,69.759758],[29.928164,69.750213],[29.915467,69.755515],[29.909245,69.75085],[29.909758,69.74536],[29.902173,69.745183],[29.8793,69.729709],[29.875077,69.730023],[29.87977,69.735113],[29.862246,69.742065],[29.826579,69.745545],[29.800403,69.742846],[29.7752,69.748039],[29.676729,69.73847],[29.650527,69.72798],[29.641219,69.713254],[29.622223,69.703966],[29.568731,69.689504],[29.533124,69.662933],[29.502142,69.6553],[29.484156,69.657609],[29.477882,69.649297],[29.467544,69.649565],[29.538338,69.690863],[29.533783,69.698903],[29.53679,69.700391],[29.51876,69.695993],[29.445329,69.697009],[29.404011,69.702347],[29.399616,69.699015],[29.411025,69.692954],[29.403958,69.691033],[29.407652,69.69368],[29.395561,69.701522],[29.405114,69.70358],[29.439843,69.699438],[29.478374,69.701879],[29.510187,69.7007],[29.524795,69.702184],[29.522054,69.706779],[29.563656,69.699013],[29.561042,69.706518],[29.595227,69.720219],[29.598885,69.728397],[29.610728,69.728469],[29.614857,69.731826],[29.610082,69.732879],[29.627196,69.742914],[29.609129,69.752323],[29.644711,69.745497],[29.657572,69.751298],[29.657185,69.75661],[29.641494,69.75503],[29.617521,69.764713],[29.682035,69.770311],[29.690181,69.779692],[29.697944,69.776503],[29.690328,69.785611],[29.68406,69.785769],[29.730523,69.805181],[29.725678,69.806386],[29.727943,69.81014],[29.742887,69.808011],[29.759321,69.814885],[29.72847,69.824166],[29.777407,69.829646],[29.778375,69.834852],[29.756977,69.843607],[29.761263,69.847908],[29.748269,69.848928],[29.742279,69.854164],[29.754868,69.856482],[29.753871,69.86794],[29.76199,69.878325],[29.758878,69.886351],[29.728519,69.895411],[29.73564,69.900727],[29.746578,69.899841],[29.710848,69.913269],[29.687312,69.912443],[29.686453,69.900051],[29.643848,69.903946],[29.60724,69.915962],[29.589052,69.913715],[29.576864,69.898796],[29.571619,69.89974],[29.578862,69.915705],[29.529295,69.917975],[29.506,69.909954],[29.503164,69.906415],[29.509121,69.901414],[29.495887,69.901371],[29.472224,69.892359],[29.464326,69.880299],[29.437132,69.866781],[29.423571,69.865492],[29.426007,69.855006],[29.351171,69.862318],[29.356593,69.86635],[29.349478,69.874661],[29.416165,69.871202],[29.419117,69.878868],[29.402744,69.885625],[29.430114,69.893876],[29.427685,69.897492],[29.43237,69.900673],[29.470684,69.90082],[29.486642,69.910576],[29.479365,69.917643],[29.500796,69.917351],[29.553426,69.927912],[29.564438,69.934825],[29.639201,69.950301],[29.644192,69.95376],[29.640437,69.957513],[29.661267,69.961449],[29.658714,69.965805],[29.63907,69.969706],[29.647414,69.97202],[29.643808,69.977828],[29.629989,69.976355],[29.633052,69.97341],[29.627823,69.972227],[29.599978,69.980722],[29.588584,69.978278],[29.579299,69.982989],[29.570575,69.98078],[29.542378,69.987203],[29.502261,69.988245],[29.492554,69.991303],[29.504381,70.000097],[29.4381,70.007631],[29.368634,70.009003],[29.317177,70.021339],[29.279149,70.011497],[29.239552,70.018295],[29.216288,70.01176],[29.18004,70.01921],[29.167494,70.017101],[29.157453,70.009178],[29.130394,70.009962],[29.117359,70.013519],[29.119466,70.017717],[29.169007,70.027254],[29.180766,70.03412],[29.161196,70.044621],[29.111798,70.046352],[29.104119,70.055151],[29.112068,70.05909],[29.093707,70.061572],[29.069413,70.053263],[29.05271,70.054164],[29.011934,70.062642],[28.956388,70.063398],[28.910309,70.071912],[28.916659,70.074321],[28.911534,70.076046],[28.848733,70.072634],[28.833218,70.078718],[28.795813,70.078513],[28.81641,70.079564],[28.806743,70.082512],[28.771779,70.078424],[28.730701,70.092693],[28.738196,70.096007],[28.747229,70.092069],[28.828125,70.087054],[28.852451,70.09048],[28.849198,70.100345],[28.798983,70.107024],[28.79758,70.111452],[28.737371,70.104994],[28.724165,70.107658],[28.667523,70.096783],[28.65475,70.096679],[28.65412,70.100155],[28.659415,70.098052],[28.668306,70.099553],[28.608297,70.107531],[28.592849,70.115466],[28.581577,70.114489],[28.591798,70.112128],[28.578044,70.1123],[28.575268,70.118952],[28.667261,70.130993],[28.684786,70.138867],[28.743433,70.149981],[28.762403,70.158795],[28.761575,70.163378],[28.715348,70.167682],[28.681519,70.164963],[28.669685,70.169346],[28.660046,70.164763],[28.610557,70.163694],[28.5854,70.166581],[28.58714,70.170569],[28.580191,70.172766],[28.652658,70.177795],[28.675239,70.17352],[28.731786,70.173969],[28.843412,70.150329],[28.853462,70.145972],[28.849635,70.143484],[28.852996,70.142038],[28.904055,70.147239],[28.931906,70.139176],[29.007468,70.128863],[29.017873,70.12238],[29.069358,70.123244],[29.087877,70.125412],[29.090054,70.129729],[29.11662,70.130829],[29.197488,70.114057],[29.235185,70.118235],[29.298968,70.116507],[29.325625,70.108248],[29.32803,70.112903],[29.320133,70.115318],[29.328997,70.115175],[29.327922,70.108096],[29.333418,70.102915],[29.352443,70.100368],[29.424861,70.094059],[29.455666,70.100652],[29.533644,70.090984],[29.573109,70.092605],[29.598389,70.087651],[29.607309,70.0908],[29.740013,70.075136],[29.750215,70.070201],[29.75889,70.074153],[29.786377,70.073103],[29.829425,70.061252],[29.877156,70.059364],[29.971885,70.065326],[30.081753,70.079201],[30.10033,70.075433],[30.097535,70.067809],[30.168157,70.068821],[30.139411,70.078631],[30.100676,70.077848],[30.09454,70.084944],[30.119606,70.092842],[30.123302,70.098239],[30.159228,70.104786],[30.192964,70.10269],[30.212979,70.115092],[30.296938,70.122941],[30.3361,70.136719],[30.36237,70.13857],[30.363066,70.14219],[30.357332,70.143241],[30.361642,70.146496],[30.3528,70.15371],[30.357874,70.156449],[30.343955,70.155796],[30.329831,70.16293],[30.326589,70.170085],[30.334841,70.174259],[30.331388,70.179523],[30.33895,70.18498],[30.3275,70.185959],[30.336671,70.186581],[30.34384,70.183968],[30.347447,70.188588],[30.361696,70.188508],[30.356678,70.191272],[30.365401,70.198632],[30.480268,70.20677],[30.478369,70.21419],[30.495227,70.21819],[30.488355,70.221766],[30.49377,70.227257],[30.522187,70.241957],[30.55686,70.238181],[30.561072,70.240525],[30.557827,70.244012],[30.571115,70.247766],[30.617517,70.24533],[30.660952,70.251046],[30.708338,70.245032],[30.716262,70.25416],[30.746269,70.26042],[30.793923,70.25648],[30.804065,70.264736],[30.822606,70.266678],[30.847724,70.258933],[30.855212,70.265661],[30.928054,70.273437],[30.958156,70.27129],[30.98177,70.285141],[31.00773,70.280201],[31.05629,70.284647],[31.063311,70.289192],[31.038747,70.304554],[31.058157,70.317987],[31.058973,70.324597],[31.043536,70.336573],[31.047381,70.348941],[31.05567,70.35002],[31.053689,70.362201],[31.027303,70.361774],[31.02008,70.365871],[31.02035,70.371789],[31.035517,70.380182],[31.029371,70.396895],[31.015175,70.397992],[30.993611,70.420365],[30.965226,70.427329],[30.961666,70.430265],[30.966348,70.432104],[30.963404,70.435807],[30.968933,70.436658],[30.967358,70.440899],[30.928286,70.450297],[30.874822,70.439175],[30.854741,70.443176],[30.818557,70.431487],[30.805241,70.431702],[30.794166,70.42136],[30.772973,70.422805],[30.774582,70.427302],[30.759115,70.433478],[30.7239,70.429303],[30.720112,70.43282],[30.734486,70.443765],[30.72363,70.446558],[30.742752,70.467605],[30.696582,70.475725],[30.694771,70.481504],[30.672412,70.489589],[30.647334,70.495098],[30.633005,70.492393],[30.628686,70.494806],[30.633057,70.498842],[30.588181,70.504282],[30.580294,70.511309],[30.602219,70.516039],[30.597079,70.519704],[30.618991,70.522514],[30.619687,70.529999],[30.609564,70.539249],[30.635727,70.538141],[30.632678,70.544651],[30.61483,70.552073],[30.582882,70.547586],[30.587457,70.542719],[30.559467,70.540478],[30.534768,70.541587],[30.515332,70.54935],[30.489915,70.545112],[30.453718,70.548963],[30.450944,70.554656],[30.434054,70.55176],[30.439893,70.548667],[30.414485,70.54886],[30.412664,70.552411],[30.401421,70.547733],[30.393992,70.549513],[30.395089,70.552468],[30.378131,70.546802],[30.355011,70.546373],[30.379546,70.548586],[30.3834,70.551009],[30.370261,70.548475],[30.350871,70.548501],[30.339622,70.544174],[30.348395,70.540786],[30.294105,70.534671],[30.288123,70.537596],[30.279877,70.533512],[30.292719,70.527212],[30.265553,70.531036],[30.271191,70.528836],[30.173406,70.515177],[30.175804,70.517867],[30.133025,70.504815],[30.120034,70.507095],[30.115732,70.516055],[30.107721,70.518023],[30.037171,70.523914],[30.034464,70.530543],[30.022579,70.536897],[30.01016,70.529652],[30.014864,70.538087],[29.999443,70.537503],[30.016776,70.540279],[30.051806,70.529088],[30.080315,70.533448],[30.147052,70.532109],[30.086524,70.541716],[30.081458,70.54799],[30.21011,70.552347],[30.222263,70.556736],[30.21371,70.563759],[30.228112,70.570871],[30.278664,70.57369],[30.289935,70.57799],[30.288896,70.581372],[30.310262,70.584447],[30.324011,70.592675],[30.322289,70.598392],[30.326475,70.601297],[30.322643,70.604138],[30.335194,70.609324],[30.328042,70.616053],[30.292555,70.623146],[30.28549,70.629249],[30.254667,70.635999],[30.247054,70.642769],[30.190792,70.648109],[30.204663,70.641589],[30.166636,70.645847],[30.092512,70.644142],[30.108865,70.648077],[30.109746,70.653096],[30.189725,70.664948],[30.213567,70.67601],[30.19548,70.674182],[30.175804,70.677503],[30.195584,70.676236],[30.173182,70.686375],[30.18037,70.681952],[30.135823,70.685741],[30.132098,70.68691],[30.161214,70.686497],[30.105897,70.69737],[30.09542,70.702497],[30.0947,70.707302],[30.015029,70.7088],[30.017659,70.710773],[30.00349,70.707246],[30.009657,70.703814],[30,70.707702],[29.943826,70.706549],[29.935333,70.703684],[29.936209,70.694801],[29.901812,70.682988],[29.825681,70.639472],[29.795605,70.632167],[29.739148,70.627191],[29.709483,70.618647],[29.6872,70.619554],[29.701042,70.623728],[29.695843,70.626685],[29.700461,70.628766],[29.715875,70.625567],[29.732191,70.632992],[29.717563,70.631562],[29.727692,70.637696],[29.740268,70.635628],[29.746362,70.644228],[29.790861,70.656652],[29.7713,70.659439],[29.795878,70.671722],[29.791221,70.67512],[29.811865,70.694446],[29.791933,70.700744],[29.798623,70.708689],[29.796258,70.718908],[29.802722,70.727921],[29.718908,70.736682],[29.574461,70.707106],[29.451929,70.702386],[29.41468,70.690005],[29.38459,70.699803],[29.385911,70.692886],[29.345852,70.683693],[29.341752,70.67731],[29.321944,70.669395],[29.324422,70.666122],[29.308826,70.658183],[29.272691,70.652304],[29.256495,70.65608],[29.257791,70.660114],[29.300114,70.664909],[29.250703,70.670337],[29.270654,70.676186],[29.266168,70.677118],[29.308351,70.681265],[29.321665,70.688398],[29.379583,70.700469],[29.363655,70.703916],[29.3202,70.700825],[29.285292,70.71071],[29.309874,70.719075],[29.321991,70.716736],[29.421507,70.732554],[29.360372,70.732271],[29.347044,70.724767],[29.315665,70.72752],[29.319566,70.729933],[29.316158,70.733184],[29.271722,70.727066],[29.265681,70.729729],[29.276397,70.738392],[29.254663,70.739594],[29.362725,70.763025],[29.351652,70.765729],[29.370892,70.7717],[29.37581,70.781389],[29.397096,70.785748],[29.264545,70.797315],[29.260435,70.802078],[29.270025,70.804009],[29.274409,70.811451],[29.263074,70.817495],[29.262492,70.822646],[29.273525,70.826851],[29.251747,70.835976],[29.255613,70.839093],[29.245707,70.842548],[29.24897,70.846823],[29.234557,70.849929],[29.242025,70.854405],[29.206779,70.856267],[29.13841,70.849386],[29.113767,70.861119],[29.116882,70.857874],[29.100502,70.855333],[29.103616,70.859387],[29.094655,70.858996],[29.107268,70.865199],[29.112792,70.86331],[29.088364,70.875245],[29.030761,70.876918],[28.983847,70.869412],[28.976382,70.871816],[28.986126,70.875619],[28.981079,70.87929],[28.984444,70.882016],[28.965139,70.886934],[28.835275,70.878124],[28.754866,70.855701],[28.741927,70.843912],[28.727035,70.843298],[28.723829,70.835994],[28.67187,70.812698],[28.66953,70.805403],[28.657235,70.797012],[28.670556,70.784407],[28.664261,70.780245],[28.601857,70.770042],[28.516078,70.728478],[28.530722,70.70946],[28.554214,70.695709],[28.620428,70.679844],[28.611998,70.674919],[28.573143,70.67543],[28.525437,70.685048],[28.505175,70.684141],[28.511045,70.677572],[28.506288,70.669684],[28.508911,70.656981],[28.477834,70.628006],[28.476376,70.60868],[28.465826,70.603264],[28.469446,70.59858],[28.43932,70.588102],[28.416581,70.570906],[28.408678,70.548078],[28.390872,70.542787],[28.431491,70.533553],[28.443218,70.523897],[28.455598,70.521087],[28.465386,70.509238],[28.540687,70.507719],[28.546434,70.506394],[28.544449,70.501373],[28.508994,70.491534],[28.503761,70.480716],[28.48546,70.471436],[28.508358,70.46146],[28.504744,70.451031],[28.475372,70.450644],[28.446353,70.464494],[28.449845,70.475539],[28.468458,70.482784],[28.464696,70.502317],[28.455595,70.511934],[28.440662,70.518408],[28.42796,70.517132],[28.418888,70.514158],[28.415266,70.502948],[28.404775,70.502152],[28.403881,70.49656],[28.403167,70.507894],[28.409562,70.508666],[28.410758,70.517358],[28.431081,70.524912],[28.423511,70.527811],[28.407035,70.522368],[28.401152,70.526155],[28.37985,70.522318],[28.394508,70.509112],[28.38659,70.502236],[28.388627,70.498438],[28.374973,70.496924],[28.364344,70.483499],[28.36224,70.48898],[28.355468,70.487873],[28.35212,70.475106],[28.339586,70.465241],[28.337734,70.448998],[28.336674,70.452744],[28.321815,70.447694],[28.325342,70.443468],[28.319631,70.436329],[28.288373,70.42812],[28.268231,70.414539],[28.225856,70.401733],[28.21468,70.392339],[28.22012,70.373223],[28.217343,70.376575],[28.212923,70.373565],[28.21926,70.368583],[28.210674,70.372935],[28.214172,70.377437],[28.210415,70.381317],[28.182772,70.374331],[28.194311,70.362639],[28.187292,70.359385],[28.190011,70.349674],[28.184646,70.349097],[28.203501,70.336622],[28.195487,70.331607],[28.19935,70.32422],[28.19536,70.316068],[28.176842,70.306091],[28.17881,70.300889],[28.169755,70.27341],[28.175221,70.27319],[28.178614,70.270193],[28.16744,70.265892],[28.170212,70.262839],[28.164878,70.264669],[28.168141,70.260456],[28.178881,70.269524],[28.1811,70.262934],[28.164499,70.255714],[28.172034,70.251381],[28.177794,70.255184],[28.170388,70.248088],[28.176834,70.213884],[28.194312,70.208117],[28.200483,70.202677],[28.195059,70.184545],[28.218925,70.167256],[28.198674,70.149092],[28.198438,70.133811],[28.163951,70.107831],[28.100716,70.089158],[28.075358,70.069959],[28.077096,70.075891],[28.049849,70.068886],[28.016876,70.070459],[28.000031,70.078222],[28.020325,70.072403],[28.051377,70.07245],[28.151288,70.107751],[28.180532,70.126803],[28.181966,70.136719],[28.189592,70.150538],[28.210594,70.16269],[28.214512,70.170017],[28.19317,70.177987],[28.185146,70.186097],[28.197917,70.197717],[28.196437,70.201007],[28.164204,70.211657],[28.160534,70.217301],[28.164171,70.22827],[28.157573,70.236265],[28.165095,70.235314],[28.158048,70.240849],[28.161854,70.24736],[28.1563,70.255588],[28.16916,70.282475],[28.165212,70.287476],[28.170912,70.293114],[28.170177,70.310407],[28.1804,70.320761],[28.185547,70.335868],[28.193851,70.341004],[28.186372,70.342585],[28.177406,70.352813],[28.185931,70.353915],[28.179211,70.355888],[28.188597,70.365389],[28.179323,70.368448],[28.179418,70.374455],[28.203858,70.383805],[28.206622,70.38831],[28.202043,70.386467],[28.202582,70.394401],[28.222299,70.407751],[28.263728,70.414873],[28.274379,70.422087],[28.268434,70.423912],[28.274053,70.426225],[28.269278,70.445887],[28.308969,70.467154],[28.326182,70.469466],[28.335754,70.47699],[28.321783,70.478831],[28.367641,70.499926],[28.365596,70.511284],[28.371121,70.515161],[28.357687,70.516975],[28.299869,70.50347],[28.292289,70.509653],[28.248124,70.512203],[28.23954,70.507962],[28.24301,70.504595],[28.210226,70.491028],[28.171925,70.489287],[28.07537,70.454624],[28.042325,70.424938],[28.036433,70.426226],[28.044453,70.431632],[28.034019,70.44423],[28.038904,70.452528],[28.131063,70.490112],[28.184327,70.494358],[28.197521,70.502259],[28.197583,70.509623],[28.166811,70.512197],[28.09416,70.498562],[28.066181,70.499162],[27.992026,70.480309],[27.981792,70.482047],[27.992404,70.485746],[27.98374,70.489182],[27.985761,70.493416],[27.977098,70.494193],[27.979041,70.491334],[27.963774,70.488426],[27.967905,70.483664],[27.955315,70.482024],[27.929291,70.467512],[27.930004,70.464042],[27.911812,70.460069],[27.932022,70.481858],[27.996631,70.504353],[27.950842,70.499912],[27.885457,70.476687],[27.867516,70.457952],[27.872344,70.456628],[27.869046,70.441332],[27.876863,70.427599],[27.856743,70.429745],[27.855924,70.442907],[27.851299,70.444711],[27.824139,70.446182],[27.835482,70.452671],[27.832564,70.45662],[27.843273,70.47752],[27.856528,70.48422],[27.829539,70.479671],[27.81436,70.485621],[27.881572,70.499468],[27.896389,70.506014],[27.894519,70.511307],[27.946052,70.525446],[27.9765,70.528836],[28.008026,70.540978],[28.07225,70.553568],[28.209062,70.597782],[28.249431,70.62035],[28.248038,70.624295],[28.266301,70.630703],[28.270095,70.634497],[28.267884,70.639091],[28.289694,70.65447],[28.287372,70.657923],[28.299479,70.660999],[28.297212,70.666895],[28.301034,70.672328],[28.295396,70.677023],[28.30448,70.681223],[28.304234,70.692669],[28.288395,70.708072],[28.286865,70.718619],[28.266978,70.720678],[28.200926,70.706763],[28.16869,70.690744],[28.122177,70.678196],[27.999787,70.659299],[27.898435,70.636911],[27.738104,70.618393],[27.658545,70.618752],[27.656017,70.623053],[27.727399,70.629041],[27.767131,70.638958],[27.798061,70.638614],[27.876771,70.654767],[27.883144,70.660388],[27.857278,70.664971],[27.854355,70.66962],[27.936482,70.684546],[27.982997,70.687575],[27.976295,70.692574],[28.017501,70.694477],[28.081846,70.712214],[28.07092,70.715969],[28.07362,70.717735],[28.111956,70.721708],[28.142311,70.735559],[28.12832,70.74535],[28.062953,70.759227],[28.042424,70.75804],[28.019523,70.745172],[28.00333,70.742392],[28.000645,70.746079],[28.019525,70.754815],[28.02495,70.763365],[27.903249,70.775227],[27.842806,70.770265],[27.834979,70.763613],[27.760775,70.745786],[27.755705,70.75218],[27.784214,70.76537],[27.806815,70.769375],[27.832617,70.783314],[27.820025,70.788159],[27.754411,70.793197],[27.733073,70.801056],[27.757146,70.80213],[27.791897,70.795569],[27.814628,70.800388],[27.86143,70.797326],[27.868513,70.804066],[27.926791,70.794577],[27.936093,70.796674],[27.931533,70.799076],[27.959673,70.801562],[27.957626,70.806821],[27.966146,70.809265],[27.962456,70.813732],[27.998248,70.817437],[28.018126,70.825203],[28.003592,70.816226],[28.006152,70.811723],[28.002892,70.810673],[28.02366,70.797121],[28.072961,70.790539],[28.076692,70.792525],[28.072627,70.799472],[28.09795,70.806401],[28.10889,70.801009],[28.090554,70.798904],[28.105142,70.793817],[28.125,70.794085],[28.117585,70.796021],[28.12323,70.797656],[28.146577,70.793237],[28.182778,70.79429],[28.199878,70.789092],[28.238629,70.790646],[28.261996,70.800967],[28.294362,70.807466],[28.290217,70.811026],[28.311983,70.812705],[28.258399,70.827087],[28.240634,70.836711],[28.216823,70.839844],[28.217838,70.843045],[28.244737,70.841372],[28.299418,70.82748],[28.35038,70.826259],[28.371178,70.839844],[28.328621,70.853849],[28.406055,70.852325],[28.425509,70.859477],[28.427338,70.866194],[28.457397,70.875767],[28.349347,70.884395],[28.341303,70.890029],[28.377232,70.892742],[28.426722,70.885573],[28.472495,70.891045],[28.485334,70.900843],[28.462526,70.908023],[28.489963,70.907397],[28.509739,70.913888],[28.498935,70.921726],[28.516057,70.923014],[28.525808,70.929463],[28.53263,70.952711],[28.540622,70.956168],[28.538257,70.964116],[28.550926,70.967083],[28.544643,70.980153],[28.51737,70.992292],[28.392396,71.004548],[28.31812,71.002065],[28.300307,70.996966],[28.310004,71.004606],[28.305931,71.0058],[28.266174,70.982302],[28.237232,70.973268],[28.233268,70.979475],[28.225889,70.979889],[28.222375,70.974712],[28.208233,70.972412],[28.212728,70.96882],[28.19977,70.966016],[28.196508,70.959062],[28.180857,70.958794],[28.191991,70.975664],[28.224001,71.000078],[28.224003,71.005742],[28.218238,71.010847],[28.204869,71.002705],[28.18859,71.000787],[28.188332,70.995369],[28.172681,70.989102],[28.177393,70.987533],[28.168791,70.979608],[28.175339,70.997506],[28.19337,71.006597],[28.188016,71.009255],[28.202912,71.016407],[28.198601,71.020954],[28.210724,71.024513],[28.205757,71.028976],[28.16785,71.033712],[28.216058,71.035996],[28.268413,71.048961],[28.248522,71.062917],[28.268921,71.064924],[28.24034,71.070968],[28.2495,71.071562],[28.252452,71.076608],[28.247782,71.086392],[28.189921,71.096169],[28.158044,71.093445],[28.129725,71.083889],[28.129569,71.079316],[28.09191,71.054678],[28.067295,71.047231],[28.058637,71.04838],[28.060837,71.056043],[28.067471,71.058223],[28.061737,71.061178],[28.064921,71.087062],[28.038822,71.087079],[28.015823,71.07727],[28.002824,71.064162],[27.980197,71.055568],[27.960691,71.062894],[27.980898,71.081419],[27.967267,71.08532],[27.962426,71.08397],[27.958431,71.072723],[27.923815,71.065391],[27.93721,71.058494],[27.913724,71.056883],[27.913379,71.051347],[27.891008,71.043816],[27.887142,71.038023],[27.869916,71.03461],[27.875317,71.036561],[27.86798,71.040934],[27.871657,71.051931],[27.860827,71.052618],[27.854588,71.051465],[27.855294,71.044781],[27.835481,71.044947],[27.849444,71.039283],[27.84486,71.034986],[27.832148,71.040259],[27.827596,71.038714],[27.832226,71.036073],[27.821262,71.030964],[27.808509,71.039348],[27.811103,71.046043],[27.783874,71.041048],[27.799271,71.051441],[27.811495,71.05178],[27.808674,71.055493],[27.817042,71.059212],[27.802281,71.067835],[27.802881,71.072807],[27.789363,71.072609],[27.788265,71.067929],[27.75254,71.05154],[27.715284,71.049266],[27.725321,71.056561],[27.719553,71.06151],[27.722583,71.066152],[27.684281,71.060532],[27.721389,71.083422],[27.719162,71.087344],[27.737859,71.097942],[27.74408,71.103626],[27.741405,71.105927],[27.755136,71.11143],[27.741067,71.116047],[27.710971,71.113419],[27.692946,71.116811],[27.659042,71.129493],[27.656401,71.134362],[27.62978,71.126813],[27.631572,71.118585],[27.642806,71.111483],[27.64541,71.104895],[27.641664,71.100192],[27.620214,71.097492],[27.57823,71.109266],[27.54348,71.10115],[27.546988,71.098482],[27.538152,71.094636],[27.50394,71.088663],[27.494431,71.077426],[27.498958,71.068489],[27.4866,71.063126],[27.490349,71.05828],[27.48762,71.054772],[27.496116,71.051537],[27.496921,71.041634],[27.55551,71.024965],[27.57298,71.012141],[27.559008,71.003811],[27.564455,70.990355],[27.552178,70.972276],[27.564448,70.963591],[27.547346,70.956272],[27.519282,70.958733],[27.508686,70.967798],[27.503717,70.989336],[27.512619,71.004364],[27.508065,71.011302],[27.470653,71.013597],[27.431582,71.023929],[27.398181,71.022207],[27.376429,71.015625],[27.369709,71.018194],[27.376593,71.021856],[27.370919,71.025699],[27.318434,71.036179],[27.305854,71.034161],[27.282111,71.044915],[27.234152,71.035837],[27.213571,71.027672],[27.216186,71.022491],[27.207208,71.021646],[27.199808,71.014686],[27.21979,71.005485],[27.261001,70.999527],[27.28913,70.987825],[27.303017,70.980746],[27.300561,70.976961],[27.309552,70.971391],[27.303906,70.967101],[27.316539,70.956615],[27.353041,70.946319],[27.335707,70.946717],[27.331316,70.950866],[27.315328,70.945547],[27.29732,70.947166],[27.195108,70.979041],[27.142462,70.981423],[27.147721,70.97065],[27.134048,70.964985],[27.133509,70.957034],[27.122186,70.954917],[27.126662,70.947763],[27.125049,70.938505],[27.101565,70.932097],[27.115045,70.917254],[27.154358,70.913851],[27.163458,70.904274],[27.181258,70.899652],[27.221892,70.896235],[27.236183,70.903828],[27.250864,70.894027],[27.29722,70.89672],[27.313653,70.891462],[27.357883,70.897975],[27.403564,70.919287],[27.417938,70.916985],[27.425873,70.914194],[27.416578,70.905075],[27.370139,70.879881],[27.475364,70.887263],[27.478237,70.88425],[27.46249,70.880141],[27.4685,70.878641],[27.459342,70.875129],[27.461772,70.871443],[27.501164,70.871335],[27.530641,70.864286],[27.514197,70.860921],[27.512275,70.855106],[27.495026,70.848684],[27.452041,70.846148],[27.465066,70.843024],[27.451405,70.842606],[27.456211,70.838473],[27.483717,70.828318],[27.540919,70.818222],[27.584991,70.817219],[27.695019,70.801735],[27.53114,70.810146],[27.505746,70.806971],[27.484689,70.816994],[27.445138,70.815975],[27.377357,70.83375],[27.29353,70.834694],[27.284562,70.832252],[27.279951,70.813064],[27.284075,70.809031],[27.279681,70.806754],[27.296377,70.800301],[27.275381,70.791815],[27.280901,70.772622],[27.268671,70.765566],[27.354406,70.755348],[27.348256,70.751167],[27.327832,70.75193],[27.324296,70.748183],[27.329762,70.738204],[27.324318,70.734482],[27.298352,70.72947],[27.291715,70.738099],[27.256659,70.75133],[27.138233,70.749257],[27.107589,70.755301],[27.10884,70.742117],[27.09932,70.725292],[27.08642,70.718612],[27.082311,70.708669],[27.068212,70.707161],[27.067956,70.701621],[27.162068,70.687337],[27.153157,70.679121],[27.158899,70.674851],[27.203769,70.666713],[27.172626,70.668635],[27.156992,70.673654],[27.149449,70.681458],[27.131494,70.68532],[27.088872,70.686687],[27.085617,70.68384],[27.090013,70.680964],[27.130729,70.67957],[27.163741,70.664572],[27.120435,70.673401],[27.107687,70.666034],[27.08466,70.664539],[27.075925,70.660458],[27.074691,70.649146],[27.078754,70.642829],[27.111046,70.631516],[27.151531,70.629444],[27.179114,70.621338],[27.182784,70.616083],[27.234411,70.60676],[27.252089,70.590401],[27.279395,70.588127],[27.252228,70.585578],[27.190902,70.600693],[27.126555,70.603425],[27.07352,70.614645],[27.056173,70.61147],[27.074268,70.618718],[27.050425,70.622177],[27.026925,70.618948],[27.027591,70.61509],[27.041018,70.61312],[27.03442,70.608718],[27.00609,70.606789],[26.977391,70.590456],[26.963356,70.589042],[26.968174,70.582767],[26.962821,70.577069],[26.949453,70.575655],[26.973951,70.569937],[27.006735,70.570103],[27.00521,70.561846],[27.013473,70.555979],[26.951397,70.545923],[26.993823,70.523923],[26.990113,70.516841],[26.996626,70.513857],[26.993746,70.509439],[27.030928,70.505748],[27.023108,70.499548],[27.035145,70.495694],[27.037174,70.488281],[27.060117,70.489492],[27.053409,70.485041],[27.084121,70.485366],[27.101127,70.48061],[27.093768,70.46713],[27.077592,70.469493],[27.082307,70.474418],[27.029353,70.483977],[27.029887,70.480891],[27.002021,70.475544],[26.979563,70.464469],[26.968953,70.464406],[26.965459,70.455759],[26.958497,70.454926],[26.915169,70.461169],[26.914119,70.464499],[26.94724,70.482046],[26.936929,70.486305],[26.921979,70.479534],[26.838415,70.478012],[26.835641,70.485528],[26.838978,70.489228],[26.825901,70.495484],[26.81483,70.495212],[26.812149,70.487555],[26.801999,70.480679],[26.779775,70.482564],[26.770887,70.488539],[26.74668,70.489213],[26.751633,70.482803],[26.742072,70.479372],[26.757711,70.474793],[26.753011,70.469686],[26.774978,70.467394],[26.759478,70.462338],[26.764105,70.460143],[26.756324,70.445273],[26.765217,70.439564],[26.746159,70.434881],[26.731758,70.437206],[26.725731,70.433028],[26.737583,70.424265],[26.730317,70.418178],[26.712832,70.413847],[26.704059,70.417733],[26.690825,70.41191],[26.681992,70.424014],[26.676796,70.418833],[26.664608,70.418941],[26.654161,70.425498],[26.630494,70.429233],[26.626698,70.434384],[26.611848,70.418523],[26.58247,70.403198],[26.609399,70.395126],[26.625872,70.396904],[26.617288,70.390425],[26.630236,70.381508],[26.609147,70.379405],[26.58433,70.384472],[26.581481,70.387727],[26.584826,70.392434],[26.576573,70.39411],[26.5707,70.391643],[26.578466,70.389102],[26.540776,70.379021],[26.52299,70.368544],[26.516964,70.353867],[26.519352,70.349236],[26.50965,70.347648],[26.498209,70.357168],[26.478693,70.360894],[26.478202,70.369076],[26.501737,70.37669],[26.495356,70.380674],[26.500714,70.388554],[26.53366,70.395522],[26.520099,70.403543],[26.516461,70.419999],[26.505246,70.421587],[26.511826,70.429531],[26.52315,70.432119],[26.511767,70.437218],[26.527856,70.447487],[26.528516,70.453315],[26.568282,70.461859],[26.559606,70.465394],[26.565946,70.467906],[26.564921,70.471796],[26.585188,70.479493],[26.549724,70.490425],[26.559874,70.4977],[26.549432,70.504662],[26.552377,70.509453],[26.546932,70.513544],[26.551227,70.52044],[26.599509,70.539913],[26.614208,70.553533],[26.60286,70.558126],[26.606563,70.561228],[26.602054,70.574368],[26.624245,70.599545],[26.619597,70.603123],[26.627496,70.617921],[26.611959,70.624419],[26.632155,70.630165],[26.640164,70.647732],[26.608187,70.657367],[26.595998,70.667673],[26.620629,70.671473],[26.627537,70.687556],[26.617146,70.688794],[26.595804,70.675916],[26.561356,70.673976],[26.555236,70.666959],[26.514242,70.671236],[26.425879,70.660763],[26.4199,70.661777],[26.419754,70.666219],[26.386361,70.662646],[26.381257,70.65806],[26.384611,70.655839],[26.364652,70.652254],[26.3255,70.653796],[26.407797,70.668005],[26.407359,70.672206],[26.399048,70.674088],[26.409895,70.681958],[26.442842,70.683162],[26.507621,70.694787],[26.624258,70.723961],[26.684095,70.749045],[26.68027,70.764416],[26.672104,70.769035],[26.672343,70.778057],[26.717886,70.804021],[26.712595,70.823245],[26.734567,70.826152],[26.729279,70.836604],[26.731333,70.841664],[26.726555,70.843427],[26.699403,70.834593],[26.656549,70.83139],[26.668371,70.836394],[26.670266,70.839991],[26.662786,70.846218],[26.670953,70.852155],[26.652814,70.854394],[26.696519,70.878854],[26.710979,70.880757],[26.713359,70.893908],[26.733412,70.906298],[26.732625,70.912156],[26.701104,70.919729],[26.722896,70.933646],[26.71566,70.945472],[26.704646,70.947144],[26.694823,70.958521],[26.685678,70.9598],[26.705208,70.965879],[26.671651,70.968869],[26.626322,70.954632],[26.590613,70.95503],[26.580447,70.950152],[26.572983,70.954782],[26.563148,70.952989],[26.435746,70.901309],[26.423889,70.892366],[26.427048,70.888848],[26.409012,70.888043],[26.37195,70.875911],[26.317526,70.846426],[26.30538,70.834914],[26.280466,70.828552],[26.2733,70.817622],[26.245059,70.812073],[26.224806,70.797571],[26.226826,70.789507],[26.1941,70.777678],[26.165689,70.776492],[26.131619,70.76757],[26.129077,70.764573],[26.142301,70.758906],[26.132422,70.753251],[26.111239,70.725188],[26.093464,70.722601],[26.074405,70.731238],[26.04243,70.722553],[26.030044,70.714146],[26.028416,70.704132],[26.044919,70.695491],[26.021615,70.686891],[26.018345,70.681338],[26.022997,70.677523],[26.013186,70.668354],[26.012937,70.658898],[25.972981,70.63005],[25.97229,70.624183],[25.979629,70.615096],[25.976763,70.608711],[25.941391,70.599441],[25.925188,70.591099],[25.915035,70.579777],[25.887159,70.571623],[25.855292,70.569894],[25.787855,70.537817],[25.766395,70.522676],[25.750481,70.520573],[25.744276,70.513438],[25.667744,70.493173],[25.654715,70.471807],[25.642817,70.463328],[25.610376,70.453553],[25.611331,70.437984],[25.579927,70.426207],[25.574167,70.416613],[25.551801,70.411554],[25.544552,70.412341],[25.534247,70.40637],[25.551032,70.403738],[25.546555,70.397773],[25.55487,70.395841],[25.540799,70.39361],[25.539392,70.38846],[25.519181,70.390821],[25.51803,70.397987],[25.503393,70.400963],[25.491935,70.395532],[25.495324,70.386226],[25.49206,70.381],[25.466576,70.373972],[25.463114,70.363158],[25.446935,70.3694],[25.439152,70.366917],[25.432784,70.360656],[25.439683,70.355451],[25.430312,70.350356],[25.436162,70.343802],[25.394073,70.337854],[25.395952,70.333709],[25.38332,70.326262],[25.403392,70.326447],[25.392088,70.323765],[25.467334,70.307007],[25.477522,70.311041],[25.516564,70.311642],[25.516492,70.305033],[25.503502,70.30323],[25.507577,70.300741],[25.490832,70.286642],[25.504522,70.282217],[25.477422,70.267353],[25.409086,70.251274],[25.401332,70.245389],[25.407867,70.241139],[25.401996,70.238653],[25.407573,70.229105],[25.405149,70.226198],[25.355118,70.198007],[25.320388,70.185771],[25.310258,70.186543],[25.313424,70.18929],[25.303017,70.192675],[25.304578,70.198513],[25.297805,70.195172],[25.28468,70.182233],[25.288409,70.177489],[25.278095,70.173317],[25.285857,70.164233],[25.273258,70.158391],[25.269633,70.146775],[25.241945,70.138246],[25.254501,70.131704],[25.231988,70.11303],[25.231167,70.099056],[25.224764,70.091107],[25.186306,70.085956],[25.160193,70.074963],[25.159549,70.071158],[25.15226,70.072011],[25.152901,70.065469],[25.13964,70.063954],[25.087606,70.078908],[25.071012,70.095692],[25.077241,70.108016],[25.071467,70.112002],[25.059944,70.109169],[25.059171,70.112868],[25.065454,70.117376],[25.104938,70.113129],[25.119372,70.124963],[25.129618,70.120011],[25.155147,70.124777],[25.147727,70.128684],[25.152508,70.132201],[25.136737,70.133255],[25.12794,70.140243],[25.117376,70.13627],[25.120164,70.138165],[25.115923,70.140108],[25.086141,70.122703],[25.059747,70.121207],[25.059002,70.133278],[25.072114,70.145844],[25.079935,70.147099],[25.077778,70.140828],[25.081415,70.139248],[25.095865,70.140745],[25.088445,70.149774],[25.086427,70.161782],[25.1135,70.170975],[25.103756,70.170853],[25.109992,70.172763],[25.110404,70.183236],[25.101876,70.184416],[25.076341,70.16876],[25.085292,70.163073],[25.056231,70.141697],[25.048775,70.141439],[25.046626,70.148993],[25.028681,70.155129],[25.005832,70.144143],[24.997244,70.133886],[25.001033,70.129166],[24.984303,70.126039],[24.981444,70.119796],[24.990686,70.116248],[24.985388,70.113845],[24.987659,70.107708],[24.975927,70.107665],[24.982487,70.105519],[24.978506,70.100003],[25.037519,70.082536],[25.026467,70.071412],[25.02842,70.060609],[25.001891,70.053592],[24.987043,70.055866],[24.995693,70.069517],[24.993019,70.074676],[24.974507,70.079022],[24.969745,70.087759],[24.96639,70.079491],[24.929541,70.08271],[24.920093,70.087988],[24.927463,70.083096],[24.926442,70.075737],[24.940487,70.073725],[24.946371,70.06984],[24.940243,70.065878],[24.929347,70.06519],[24.943654,70.069969],[24.926239,70.075315],[24.914424,70.084319],[24.915559,70.101012],[24.931593,70.105776],[24.917559,70.10818],[24.926769,70.113416],[24.919199,70.116463],[24.918555,70.135431],[24.910974,70.148735],[24.904278,70.148606],[24.907689,70.150065],[24.90213,70.153971],[24.917522,70.152769],[24.930167,70.166631],[24.960742,70.173474],[24.926749,70.184015],[24.938607,70.185058],[24.921953,70.191779],[24.930057,70.19474],[24.9179,70.197744],[24.920548,70.202438],[24.941967,70.207103],[24.938162,70.211323],[24.943318,70.220269],[24.93803,70.220482],[24.945886,70.228634],[24.937927,70.230979],[25.02529,70.251159],[25.031733,70.260315],[25.080075,70.263405],[25.078774,70.267753],[25.117759,70.280587],[25.104692,70.289068],[25.115284,70.292169],[25.126261,70.289701],[25.120302,70.28646],[25.133512,70.285623],[25.143758,70.290774],[25.156011,70.288245],[25.174952,70.29407],[25.167272,70.298336],[25.180833,70.306819],[25.170019,70.31315],[25.18318,70.321409],[25.176731,70.32272],[25.18147,70.32779],[25.168414,70.327465],[25.175412,70.330025],[25.135161,70.331957],[25.073846,70.31633],[25.051943,70.319324],[25.07768,70.329251],[25.075034,70.333826],[25.080361,70.344481],[25.126748,70.362958],[25.110061,70.363338],[25.068504,70.349751],[25.048846,70.34945],[25.040676,70.353999],[25.09287,70.366492],[25.107761,70.38222],[25.140235,70.401844],[25.15382,70.404933],[25.182965,70.406621],[25.179261,70.402821],[25.185808,70.401108],[25.175418,70.397278],[25.170265,70.39171],[25.172723,70.389628],[25.202814,70.394066],[25.21993,70.38562],[25.240492,70.392322],[25.246859,70.405854],[25.244419,70.41116],[25.231289,70.409106],[25.215708,70.413412],[25.21582,70.41786],[25.215157,70.413824],[25.186192,70.413373],[25.169588,70.418069],[25.163583,70.42171],[25.219196,70.442372],[25.218264,70.446261],[25.232576,70.456889],[25.228101,70.460901],[25.247607,70.459828],[25.263651,70.466738],[25.278671,70.466249],[25.258645,70.471072],[25.227968,70.466995],[25.22463,70.471201],[25.228766,70.476906],[25.224555,70.480435],[25.082552,70.470128],[25.069948,70.47844],[25.082131,70.484522],[25.058144,70.487552],[25.059558,70.490813],[25.079092,70.492315],[25.071767,70.495234],[25.079481,70.49901],[25.17937,70.49222],[25.21793,70.49982],[25.242418,70.521296],[25.21847,70.528837],[25.09953,70.514856],[25.080251,70.51651],[25.080208,70.52099],[25.08976,70.52521],[25.107558,70.522409],[25.10907,70.526183],[25.094176,70.528115],[25.233462,70.565499],[25.253102,70.586231],[25.249781,70.589795],[25.294021,70.595619],[25.331987,70.611398],[25.362085,70.628528],[25.336138,70.628399],[25.376744,70.63773],[25.36321,70.645787],[25.384764,70.646886],[25.405424,70.656658],[25.407963,70.660869],[25.391207,70.667397],[25.395222,70.670588],[25.462731,70.673034],[25.487447,70.680867],[25.502066,70.693981],[25.515277,70.694224],[25.520827,70.704682],[25.550212,70.705275],[25.640526,70.740779],[25.660072,70.738824],[25.659021,70.728006],[25.663327,70.725284],[25.684206,70.730887],[25.691666,70.739214],[25.687088,70.750616],[25.694307,70.760286],[25.677267,70.755999],[25.668154,70.743133],[25.662923,70.754119],[25.62021,70.74228],[25.608518,70.743748],[25.616761,70.753466],[25.595525,70.750582],[25.607124,70.75721],[25.604508,70.761591],[25.617103,70.766257],[25.619018,70.774165],[25.700685,70.786514],[25.715835,70.781514],[25.727978,70.787615],[25.737818,70.785188],[25.756186,70.789937],[25.763134,70.797589],[25.757833,70.811463],[25.77526,70.819721],[25.776602,70.827593],[25.805845,70.828371],[25.811455,70.831533],[25.809113,70.836619],[25.833767,70.836239],[25.835118,70.840063],[25.827736,70.841017],[25.887751,70.857479],[25.905919,70.866233],[25.91276,70.875587],[25.850976,70.867574],[25.829722,70.870047],[25.831354,70.873718],[25.862846,70.880296],[25.89354,70.898103],[25.854874,70.896531],[25.867514,70.903411],[25.854085,70.903549],[25.782949,70.897252],[25.75334,70.889984],[25.746702,70.885763],[25.752998,70.876746],[25.734063,70.865941],[25.730096,70.867583],[25.734804,70.87747],[25.724514,70.884709],[25.685211,70.890426],[25.712134,70.895693],[25.708524,70.906337],[25.688284,70.910378],[25.614651,70.90841],[25.574466,70.897059],[25.57906,70.895153],[25.576014,70.891088],[25.559614,70.890666],[25.564738,70.888806],[25.506916,70.863042],[25.496395,70.868496],[25.509188,70.879022],[25.497146,70.879855],[25.490346,70.870007],[25.472958,70.863374],[25.459249,70.851186],[25.438039,70.84737],[25.436857,70.854585],[25.445532,70.860091],[25.410306,70.863909],[25.524168,70.897241],[25.547831,70.914174],[25.536898,70.920821],[25.509655,70.924477],[25.509734,70.930863],[25.493327,70.936541],[25.446374,70.94841],[25.447601,70.955192],[25.432997,70.962235],[25.375826,70.969478],[25.363858,70.966114],[25.361629,70.974243],[25.321471,70.979727],[25.304201,70.971632],[25.299119,70.959395],[25.30985,70.940915],[25.342262,70.934571],[25.387782,70.902958],[25.394095,70.89541],[25.3939,70.887897],[25.376954,70.878524],[25.358485,70.877183],[25.362451,70.860319],[25.317624,70.864818],[25.36461,70.849859],[25.33971,70.830997],[25.328065,70.831573],[25.334172,70.819421],[25.329012,70.81239],[25.290543,70.827264],[25.265163,70.809868],[25.256473,70.814517],[25.24521,70.811772],[25.239249,70.808475],[25.241461,70.802286],[25.233387,70.7974],[25.228191,70.798967],[25.231765,70.813262],[25.250589,70.820733],[25.236838,70.836954],[25.24011,70.848332],[25.233727,70.854494],[25.231945,70.868524],[25.220908,70.878783],[25.21296,70.88007],[25.211542,70.886261],[25.194818,70.899941],[25.156148,70.899993],[25.154586,70.904513],[25.159308,70.907712],[25.112576,70.932295],[25.109499,70.930754],[25.112604,70.925409],[25.10726,70.921715],[25.094,70.921916],[25.047548,70.907834],[25.044935,70.899441],[25.019926,70.887982],[25.015017,70.878509],[25.027966,70.866922],[25.017173,70.866154],[25.002607,70.876562],[24.988255,70.869817],[24.938864,70.872524],[24.945045,70.875976],[24.934551,70.881106],[24.88571,70.875498],[24.918093,70.883294],[24.966534,70.907126],[25.031342,70.930968],[25.048298,70.951798],[25.012907,70.972112],[24.989896,70.976512],[24.955456,70.974132],[24.959229,70.960903],[24.930658,70.938548],[24.910325,70.933639],[24.950143,70.919585],[24.925047,70.917346],[24.898558,70.925205],[24.899335,70.930877],[24.845796,70.916025],[24.803574,70.915072],[24.795157,70.91841],[24.855956,70.923922],[24.832065,70.92536],[24.840505,70.929428],[24.816105,70.946052],[24.788099,70.946604],[24.777872,70.951398],[24.78205,70.952978],[24.77918,70.956739],[24.785739,70.958568],[24.759552,70.964456],[24.761316,70.971553],[24.773242,70.980901],[24.769097,70.984215],[24.774113,70.99076],[24.739707,70.990747],[24.727159,70.980586],[24.709949,70.98405],[24.672601,70.962999],[24.67115,70.972539],[24.68227,70.981085],[24.674362,70.985694],[24.696095,70.990245],[24.656738,70.994279],[24.711783,70.999626],[24.560694,71.021376],[24.540682,71.010584],[24.614401,70.99501],[24.65428,70.994148],[24.622031,70.992441],[24.603218,70.98253],[24.551947,70.97629],[24.536353,70.970238],[24.535107,70.966718],[24.540784,70.96461],[24.564184,70.964767],[24.575091,70.960386],[24.643466,70.960188],[24.542239,70.95387],[24.542164,70.949156],[24.550935,70.944311],[24.544117,70.937168],[24.550534,70.927912],[24.547831,70.923948],[24.562477,70.918808],[24.615192,70.918042],[24.600289,70.916385],[24.607631,70.914448],[24.600308,70.912499],[24.549458,70.905688],[24.550583,70.900556],[24.654163,70.88709],[24.707234,70.871007],[24.677752,70.865863],[24.625882,70.873295],[24.590995,70.87239],[24.584051,70.86717],[24.556744,70.865095],[24.577722,70.844135],[24.576675,70.838127],[24.59315,70.829928],[24.574808,70.830462],[24.567838,70.824505],[24.621221,70.8166],[24.623758,70.794262],[24.593462,70.784477],[24.571829,70.789721],[24.566919,70.797593],[24.549592,70.797065],[24.520097,70.8065],[24.515752,70.811774],[24.435447,70.823676],[24.42726,70.827795],[24.440334,70.835867],[24.427328,70.836583],[24.443129,70.840105],[24.431846,70.845691],[24.437917,70.847844],[24.38921,70.847184],[24.388065,70.853836],[24.398986,70.86454],[24.350644,70.877429],[24.312385,70.864886],[24.311248,70.858921],[24.323282,70.855162],[24.296993,70.859124],[24.239759,70.841471],[24.235404,70.834935],[24.266206,70.823715],[24.260438,70.823156],[24.261275,70.819689],[24.272883,70.813265],[24.272146,70.807389],[24.255156,70.802048],[24.241908,70.778035],[24.274295,70.768448],[24.314662,70.766611],[24.311093,70.76204],[24.32571,70.764985],[24.369826,70.76163],[24.348101,70.756138],[24.35638,70.754307],[24.350544,70.750988],[24.372015,70.748446],[24.463693,70.744731],[24.534624,70.748595],[24.52345,70.740484],[24.530468,70.731199],[24.508892,70.728393],[24.528937,70.719923],[24.569466,70.716243],[24.564369,70.711944],[24.546503,70.712476],[24.540466,70.70923],[24.543805,70.706859],[24.578179,70.705229],[24.577113,70.71192],[24.584288,70.713096],[24.661121,70.694802],[24.614666,70.696867],[24.594457,70.693928],[24.600575,70.688777],[24.590586,70.688062],[24.614442,70.682176],[24.628091,70.670881],[24.657782,70.660515],[24.655519,70.657611],[24.65981,70.654102],[24.68531,70.646266],[24.679739,70.639728],[24.694918,70.632993],[24.691956,70.627327],[24.673124,70.626009],[24.640888,70.613974],[24.609374,70.614397],[24.599397,70.623943],[24.571341,70.633579],[24.563539,70.646531],[24.49831,70.664063],[24.469419,70.666462],[24.476485,70.676457],[24.46049,70.683051],[24.405477,70.68014],[24.402277,70.686461],[24.34821,70.684292],[24.368153,70.696291],[24.36343,70.697225],[24.322337,70.681495],[24.318694,70.6826],[24.320724,70.687838],[24.298452,70.686373],[24.295586,70.681658],[24.272714,70.676538],[24.272752,70.671214],[24.285579,70.663106],[24.282571,70.659949],[24.241704,70.659137],[24.239181,70.648079],[24.229621,70.637651],[24.236745,70.633513],[24.230466,70.628723],[24.23593,70.600171],[24.199677,70.602043],[24.17073,70.587757],[24.159857,70.57131],[24.120077,70.562028],[24.089564,70.541147],[24.097317,70.534355],[24.113812,70.534695],[24.119493,70.529964],[24.135506,70.532613],[24.250236,70.508722],[24.305665,70.480036],[24.316805,70.467334],[24.310963,70.461703],[24.325187,70.452179],[24.330941,70.445694],[24.323439,70.452147],[24.301848,70.448928],[24.269391,70.460416],[24.275531,70.475263],[24.265272,70.480191],[24.222376,70.479443],[24.228984,70.485333],[24.104536,70.492957],[24.044241,70.512869],[23.998863,70.509643],[23.983709,70.502947],[23.975269,70.509962],[23.956348,70.510301],[23.90334,70.498747],[23.856854,70.494964],[23.802168,70.479162],[23.787217,70.470561],[23.785567,70.464828],[23.773407,70.464799],[23.780806,70.45998],[23.769057,70.45326],[23.788415,70.449572],[23.795933,70.445321],[23.792262,70.441117],[23.78529,70.4396],[23.787133,70.446653],[23.778541,70.448198],[23.740119,70.441027],[23.665265,70.418569],[23.653592,70.410599],[23.624607,70.406156],[23.622844,70.401264],[23.579535,70.389359],[23.579716,70.381335],[23.557448,70.377213],[23.446507,70.331794],[23.429877,70.313606],[23.452636,70.312196],[23.503888,70.32549],[23.511164,70.321601],[23.469192,70.305929],[23.534792,70.291802],[23.603044,70.297736],[23.593587,70.291612],[23.5104,70.281469],[23.415411,70.28718],[23.373947,70.280828],[23.370528,70.275691],[23.409533,70.261903],[23.355346,70.26731],[23.278654,70.257962],[23.246673,70.248301],[23.27255,70.241034],[23.325812,70.240273],[23.360945,70.246153],[23.377754,70.242685],[23.396565,70.244158],[23.389201,70.247183],[23.397455,70.248814],[23.506574,70.24087],[23.446404,70.241155],[23.406146,70.235904],[23.401113,70.226652],[23.326565,70.227383],[23.247212,70.218122],[23.207268,70.22224],[23.20051,70.214717],[23.179374,70.21551],[23.204454,70.209014],[23.207467,70.200416],[23.242622,70.189113],[23.281418,70.182724],[23.371879,70.179701],[23.26709,70.173093],[23.284341,70.162027],[23.271352,70.159446],[23.3182,70.144675],[23.326967,70.13662],[23.37525,70.126184],[23.368319,70.12156],[23.38113,70.115977],[23.366646,70.112781],[23.344796,70.098709],[23.324255,70.107023],[23.318503,70.105636],[23.321548,70.101495],[23.312293,70.099638],[23.235462,70.10287],[23.194266,70.093879],[23.141329,70.090397],[23.134245,70.084499],[23.182325,70.069827],[23.182821,70.063592],[23.222185,70.052694],[23.222783,70.048539],[23.330793,70.024049],[23.364001,70.020679],[23.392149,70.026808],[23.497374,70.025597],[23.528658,70.01554],[23.50632,70.009727],[23.499253,70.001561],[23.47902,70.000603],[23.486118,69.991592],[23.473805,69.981496],[23.431838,69.986353],[23.449602,69.982895],[23.425792,69.976736],[23.412347,69.977874],[23.408883,69.973163],[23.415313,69.969775],[23.411308,69.967529],[23.392285,69.96521],[23.395744,69.968199],[23.38014,69.968817],[23.361904,69.962984],[23.359352,69.958097],[23.35371,69.957102],[23.356826,69.961567],[23.369405,69.967],[23.394336,69.972242],[23.370914,69.979731],[23.390718,69.981739],[23.341846,69.983159],[23.329661,69.976668],[23.310008,69.97665],[23.293149,69.986787],[23.306677,69.989436],[23.290588,69.993033],[23.256067,69.986296],[23.260782,69.978854],[23.251874,69.978162],[23.256745,69.976424],[23.253855,69.973016],[23.234973,69.969787],[23.243126,69.965854],[23.193978,69.955232],[23.189013,69.949921],[23.161574,69.953145],[23.125715,69.939036],[23.119498,69.931183],[23.094869,69.934096],[23.110207,69.939358],[23.110287,69.946493],[23.096997,69.946853],[23.016731,69.922618],[23.014389,69.917267],[23.004626,69.917872],[23.000522,69.919807],[23.036315,69.939283],[23.050836,69.940673],[23.052459,69.947074],[23.113046,69.961868],[23.142161,69.960489],[23.134137,69.96641],[23.144354,69.974035],[23.136049,69.980886],[23.100819,69.977114],[23.096045,69.985028],[23.102872,70.002494],[23.075556,70.032308],[23.053748,70.025502],[23.044862,70.019603],[23.046872,70.017285],[23.025269,70.016084],[23.002056,70.029111],[22.979042,70.031549],[22.973142,70.038174],[22.953681,70.042793],[22.981161,70.044919],[22.988771,70.051653],[22.986851,70.054423],[22.999481,70.058441],[22.985242,70.073689],[22.989903,70.10361],[23.000285,70.106065],[22.989066,70.112854],[22.991165,70.119021],[22.986657,70.122288],[22.990922,70.128676],[23.003444,70.133084],[22.998406,70.137038],[23.016748,70.136093],[23.004381,70.143008],[23.000265,70.137738],[22.970018,70.139561],[22.877475,70.106446],[22.83918,70.097414],[22.74305,70.089355],[22.67908,70.075307],[22.6485,70.07586],[22.495151,70.059228],[22.395595,70.055715],[22.340896,70.040359],[22.304669,70.024241],[22.292105,70.023712],[22.273144,70.038306],[22.316651,70.051179],[22.333341,70.048958],[22.363215,70.054847],[22.3593,70.062382],[22.365315,70.064423],[22.408812,70.069342],[22.447646,70.08091],[22.53133,70.074777],[22.599881,70.0774],[22.633866,70.08977],[22.689659,70.088199],[22.730209,70.097046],[22.830765,70.107442],[22.839617,70.112577],[22.79923,70.117173],[22.829459,70.117295],[22.872448,70.130898],[22.88347,70.142845],[22.914558,70.150986],[22.904527,70.16271],[22.938868,70.158074],[22.966171,70.179664],[22.967182,70.190995],[22.96057,70.196985],[22.928247,70.204865],[22.810089,70.206444],[22.686037,70.219877],[22.647381,70.220255],[22.623648,70.207996],[22.583494,70.203659],[22.583372,70.207995],[22.600836,70.212714],[22.613783,70.222824],[22.554017,70.232808],[22.52158,70.223601],[22.514825,70.226776],[22.523214,70.23763],[22.507626,70.24455],[22.478593,70.244213],[22.459247,70.252066],[22.384259,70.254711],[22.35794,70.260448],[22.349409,70.25929],[22.35313,70.254452],[22.343868,70.248752],[22.349721,70.241549],[22.345508,70.238893],[22.360939,70.230626],[22.3348,70.232277],[22.332159,70.219379],[22.337384,70.210677],[22.331448,70.187529],[22.32237,70.176402],[22.309759,70.174129],[22.313293,70.16977],[22.309948,70.166347],[22.291053,70.161485],[22.306403,70.153163],[22.323562,70.151162],[22.4076,70.153612],[22.439164,70.14945],[22.511875,70.130554],[22.540236,70.11337],[22.522058,70.118876],[22.50927,70.116041],[22.491107,70.124331],[22.405037,70.139892],[22.340913,70.139803],[22.334548,70.125241],[22.31957,70.133296],[22.270485,70.134868],[22.223631,70.126969],[22.219342,70.133257],[22.208556,70.135333],[22.254914,70.14886],[22.252997,70.153706],[22.228147,70.154018],[22.240663,70.160237],[22.252379,70.178581],[22.249948,70.180533],[22.267923,70.196181],[22.27255,70.221688],[22.22489,70.218874],[22.27107,70.23042],[22.276809,70.243052],[22.269392,70.243895],[22.269193,70.249066],[22.277054,70.254355],[22.276022,70.261161],[22.299182,70.276574],[22.290952,70.281145],[22.273651,70.280064],[22.23289,70.287817],[22.149586,70.288075],[22.134373,70.282593],[22.13629,70.272246],[22.110779,70.276254],[22.113019,70.270707],[22.106607,70.258399],[22.110777,70.239748],[22.076672,70.231239],[22.072417,70.234976],[22.088894,70.24335],[22.089022,70.254781],[22.082757,70.258561],[22.08362,70.271486],[22.096844,70.283912],[22.089322,70.294993],[22.094279,70.302941],[22.072308,70.314088],[22.043014,70.310973],[21.992689,70.288234],[21.954373,70.276871],[21.949612,70.281575],[21.958593,70.289381],[22.010498,70.305155],[22.00635,70.3099],[22.013492,70.317392],[22.006647,70.325585],[21.951153,70.329626],[21.903314,70.312779],[21.840884,70.279021],[21.78883,70.266281],[21.782643,70.258752],[21.789189,70.255598],[21.782854,70.252887],[21.789228,70.24865],[21.773983,70.246932],[21.778848,70.243086],[21.77407,70.239059],[21.782648,70.240229],[21.777945,70.237976],[21.822219,70.218029],[21.870276,70.214519],[21.827343,70.210643],[21.814105,70.204039],[21.820624,70.199462],[21.824467,70.184253],[21.85856,70.170169],[21.857382,70.157186],[21.852765,70.153468],[21.86314,70.145388],[21.860627,70.139858],[21.845805,70.142501],[21.842527,70.151983],[21.834569,70.157691],[21.833039,70.168359],[21.788339,70.178855],[21.772624,70.209499],[21.761094,70.217638],[21.742076,70.219588],[21.715437,70.214936],[21.725038,70.228729],[21.721635,70.233978],[21.707227,70.233005],[21.689924,70.243844],[21.640219,70.260465],[21.608164,70.262633],[21.604289,70.270329],[21.563495,70.286507],[21.556263,70.297062],[21.571236,70.318075],[21.565671,70.32371],[21.515082,70.317484],[21.491951,70.312401],[21.474467,70.300178],[21.48678,70.285654],[21.49515,70.249821],[21.491775,70.240051],[21.47479,70.23238],[21.471635,70.219535],[21.497946,70.208846],[21.481159,70.205272],[21.497629,70.194713],[21.471287,70.198893],[21.473432,70.204617],[21.443784,70.212688],[21.425481,70.223055],[21.422343,70.231205],[21.436705,70.254801],[21.41865,70.273355],[21.347731,70.264982],[21.338078,70.259462],[21.338689,70.254006],[21.320501,70.249952],[21.300357,70.256605],[21.282845,70.254403],[21.26007,70.244131],[21.231405,70.239327],[21.192768,70.222207],[21.188538,70.218164],[21.188614,70.200802],[21.215913,70.208747],[21.227438,70.201487],[21.226856,70.194743],[21.25533,70.188465],[21.252456,70.17478],[21.276278,70.164079],[21.328895,70.155435],[21.375754,70.15707],[21.478294,70.174235],[21.474318,70.172407],[21.483666,70.165921],[21.462963,70.156518],[21.405624,70.144094],[21.446521,70.116992],[21.451382,70.103726],[21.471032,70.095056],[21.537667,70.088791],[21.562705,70.091947],[21.576275,70.102065],[21.57982,70.110419],[21.584747,70.110619],[21.602799,70.100576],[21.590942,70.089225],[21.592748,70.083693],[21.677402,70.063201],[21.692586,70.064096],[21.723035,70.052316],[21.820698,70.067065],[21.803589,70.076098],[21.803782,70.08483],[21.809931,70.088227],[21.821105,70.086135],[21.820818,70.079454],[21.830613,70.074759],[21.843726,70.072397],[21.947224,70.077023],[21.988311,70.09311],[21.993561,70.105451],[22.001486,70.106323],[22.010611,70.098937],[22.032603,70.104216],[22.046093,70.112917],[22.050905,70.121692],[22.067778,70.127453],[22.073382,70.122473],[22.059873,70.102994],[22.029693,70.095417],[22.005472,70.082905],[22.0038,70.075336],[21.939762,70.062701],[21.865347,70.06166],[21.820894,70.045308],[21.783277,70.03975],[21.77822,70.034528],[21.839879,70.014295],[21.865557,70.010372],[21.956354,70.015803],[21.979685,70.022706],[22.030135,70.027863],[22.087414,70.029326],[22.063164,70.020271],[22.009768,70.013371],[22.044762,69.989109],[22.037736,69.975389],[22.039762,69.963634],[22.034219,69.957355],[22.050726,69.942837],[22.042959,69.940395],[22.041711,69.934978],[21.979585,69.946214],[22.007986,69.950022],[22.006133,69.954278],[22.016153,69.966212],[22.013923,69.979383],[22.000335,69.990096],[21.965588,69.992843],[21.874053,69.982095],[21.870293,69.973855],[21.877689,69.967246],[21.924221,69.952005],[21.914547,69.947713],[21.894328,69.95066],[21.890845,69.946228],[21.874338,69.946342],[21.864545,69.934871],[21.877976,69.922308],[21.880322,69.911854],[21.874666,69.910799],[21.892541,69.903466],[21.888045,69.895046],[21.893308,69.891009],[21.888857,69.886615],[21.901459,69.882385],[21.907709,69.874748],[21.993898,69.86481],[22.028929,69.848235],[22.015025,69.841635],[21.98081,69.843298],[21.98342,69.840642],[21.951344,69.838412],[21.897105,69.849754],[21.890487,69.834744],[21.949608,69.813426],[21.964712,69.817334],[21.961352,69.822436],[21.964565,69.823842],[21.9784,69.820781],[22.091644,69.776367],[22.077876,69.769436],[22.031618,69.766702],[22.051572,69.766532],[22.138486,69.748805],[22.142578,69.745071],[22.118362,69.737346],[22.083707,69.738418],[22.063106,69.734127],[22.059634,69.732029],[22.061569,69.723171],[22.046055,69.729311],[22.014124,69.727004],[21.962932,69.736907],[21.96356,69.740948],[21.992642,69.73541],[22.057443,69.739478],[22.034632,69.74236],[22.05669,69.748829],[22.008284,69.765338],[22.031953,69.770969],[21.979893,69.766831],[21.928105,69.78019],[21.928949,69.785724],[21.908472,69.804472],[21.873717,69.8245],[21.87114,69.834013],[21.861908,69.836524],[21.882246,69.842359],[21.825184,69.847634],[21.808983,69.85694],[21.809458,69.861788],[21.763648,69.880056],[21.70477,69.885435],[21.578688,69.913813],[21.564241,69.926687],[21.565437,69.937526],[21.5768,69.941676],[21.566342,69.947997],[21.568466,69.950618],[21.53195,69.956539],[21.530545,69.962369],[21.508575,69.974409],[21.52896,69.971391],[21.523924,69.97619],[21.52552,69.981586],[21.477025,69.9976],[21.445951,70.001459],[21.448104,70.006628],[21.440689,70.014024],[21.42133,70.012877],[21.372251,70.021605],[21.348333,70.016867],[21.334265,70.021047],[21.2909,70.01155],[21.242903,70.009834],[21.22623,69.998293],[21.21603,69.977591],[21.210442,69.975798],[21.21377,69.964267],[21.197074,69.956174],[21.194945,69.95214],[21.200297,69.944014],[21.185761,69.935627],[21.246482,69.919025],[21.318659,69.913461],[21.325619,69.907336],[21.316041,69.899544],[21.305213,69.898411],[21.231061,69.899212],[21.200463,69.904384],[21.205847,69.900756],[21.188177,69.895491],[21.190547,69.883573],[21.200888,69.88063],[21.220652,69.860896],[21.217926,69.858804],[21.228216,69.853982],[21.224468,69.852099],[21.226664,69.849044],[21.200938,69.834342],[21.184101,69.831869],[21.177974,69.824493],[21.153481,69.819424],[21.138371,69.803393],[21.131191,69.806405],[21.136954,69.812801],[21.132077,69.826313],[21.157313,69.834161],[21.159789,69.836648],[21.150905,69.842453],[21.196991,69.861933],[21.1939,69.879731],[21.192131,69.876066],[21.160912,69.881173],[21.122368,69.877196],[21.084978,69.881262],[21.05561,69.871817],[21.051686,69.872626],[21.052755,69.877588],[21.036008,69.873703],[21.048113,69.87052],[21.031513,69.859717],[21.056467,69.85309],[21.061856,69.845982],[21.059013,69.837952],[20.995417,69.824415],[20.990371,69.819524],[20.995774,69.811175],[21.047222,69.793854],[21.035846,69.791365],[21.028291,69.79687],[21.012376,69.792493],[21.021194,69.789016],[21.022188,69.785025],[21.016347,69.781623],[21.023441,69.772628],[21.021719,69.764161],[21.029312,69.759385],[21.029432,69.753963],[21.040071,69.75003],[21.035327,69.74568],[21.038582,69.749994],[21.029745,69.75284],[21.021251,69.762316],[21.020132,69.775125],[21.010932,69.781552],[20.971774,69.781292],[20.979224,69.775498],[20.974133,69.776356],[20.967056,69.779403],[20.966858,69.787106],[20.958475,69.792876],[20.93857,69.793605],[20.926545,69.801047],[20.920612,69.816118],[20.903937,69.821526],[20.90429,69.830997],[20.9114,69.835448],[20.955817,69.83895],[20.952583,69.843606],[20.937335,69.845288],[20.943489,69.850816],[20.912305,69.85331],[20.864922,69.848988],[20.8476,69.854033],[20.908811,69.872499],[20.938522,69.898188],[20.971125,69.911432],[20.961996,69.915037],[20.965385,69.917647],[20.994664,69.920293],[21.020603,69.931504],[21.071561,69.941965],[21.073517,69.948396],[21.084717,69.954541],[21.070547,69.960125],[21.029117,69.956512],[20.961773,69.929883],[20.875245,69.92021],[20.855951,69.913564],[20.852715,69.902879],[20.839351,69.896607],[20.77183,69.885688],[20.750452,69.869141],[20.750515,69.864715],[20.792316,69.846531],[20.79151,69.841231],[20.782154,69.836457],[20.784888,69.827595],[20.768918,69.817252],[20.722224,69.802153],[20.709477,69.792407],[20.649983,69.790684],[20.560864,69.77472],[20.533746,69.76563],[20.498492,69.767776],[20.461078,69.763452],[20.464972,69.7579],[20.492054,69.75376],[20.486392,69.747343],[20.516545,69.738119],[20.525578,69.731869],[20.527344,69.723523],[20.525149,69.717703],[20.529509,69.708921],[20.525323,69.701328],[20.500339,69.676121],[20.476282,69.664688],[20.474761,69.656582],[20.460788,69.643459],[20.483382,69.614861],[20.53104,69.604383],[20.575443,69.585667],[20.585457,69.580499],[20.585541,69.574576],[20.59839,69.561979],[20.642623,69.538203],[20.693482,69.521848],[20.722566,69.525224],[20.77059,69.522518],[20.819359,69.496262],[20.802786,69.495357],[20.747602,69.514366],[20.686842,69.511923],[20.639478,69.516039],[20.619337,69.522622],[20.582456,69.547408],[20.533981,69.543476],[20.539923,69.545763],[20.535773,69.547294],[20.534197,69.563],[20.519564,69.571478],[20.432982,69.591642],[20.414693,69.590458],[20.399246,69.58513],[20.399031,69.577288],[20.389627,69.566465],[20.392698,69.560398],[20.388674,69.549131],[20.375003,69.528601],[20.357257,69.516306],[20.357368,69.507976],[20.340179,69.490602],[20.323803,69.45839],[20.305285,69.444775],[20.284312,69.43892],[20.276201,69.424965],[20.258089,69.417941],[20.270402,69.395766],[20.258907,69.386814],[20.266829,69.377029],[20.257408,69.383039],[20.244369,69.381709],[20.255946,69.379692],[20.246196,69.378877],[20.253143,69.375975],[20.188808,69.387259],[20.06776,69.351147],[20.05516,69.340693],[20.041677,69.339156],[20.044034,69.335341],[20.025724,69.334186],[19.993222,69.305968],[19.965936,69.29426],[19.95724,69.284185],[19.95856,69.276453],[19.916452,69.271153],[19.930519,69.26732],[19.928056,69.267373],[19.927353,69.264445],[19.920485,69.262226],[19.895277,69.266271],[19.926412,69.265088],[19.906513,69.269667],[19.903083,69.275987],[19.93107,69.303153],[19.984415,69.335353],[19.968036,69.342307],[20.057465,69.375662],[20.102169,69.383569],[20.141242,69.396364],[20.157017,69.411045],[20.160884,69.424807],[20.155447,69.434662],[20.166551,69.440988],[20.155345,69.445763],[20.171835,69.460038],[20.173752,69.471926],[20.181381,69.481614],[20.196195,69.481399],[20.194553,69.469002],[20.209857,69.465599],[20.19553,69.457703],[20.201528,69.453579],[20.208107,69.459973],[20.221893,69.459315],[20.244807,69.474445],[20.23706,69.475076],[20.246656,69.481102],[20.248677,69.491234],[20.255151,69.494845],[20.20975,69.495991],[20.222058,69.501955],[20.217207,69.506488],[20.221854,69.506805],[20.221241,69.511569],[20.228719,69.510667],[20.241819,69.518591],[20.235708,69.526132],[20.225058,69.525645],[20.238568,69.53481],[20.232667,69.537189],[20.267678,69.542279],[20.280609,69.549364],[20.245189,69.545986],[20.231063,69.54907],[20.22298,69.558887],[20.229711,69.568084],[20.222413,69.576195],[20.26707,69.579519],[20.273435,69.582523],[20.270875,69.587213],[20.279987,69.589857],[20.294356,69.58337],[20.310861,69.585724],[20.316808,69.588244],[20.323555,69.602689],[20.350121,69.616044],[20.351975,69.638157],[20.333378,69.640321],[20.322935,69.648035],[20.282785,69.653639],[20.272914,69.659353],[20.272285,69.678122],[20.253548,69.681417],[20.285684,69.699438],[20.287859,69.70822],[20.263537,69.714429],[20.288106,69.717115],[20.302012,69.756192],[20.318429,69.785912],[20.338328,69.809156],[20.356364,69.821432],[20.35849,69.839837],[20.368041,69.855801],[20.387047,69.866007],[20.394338,69.877609],[20.395062,69.892926],[20.375963,69.89871],[20.356662,69.922451],[20.352271,69.939573],[20.341644,69.943709],[20.33146,69.960115],[20.318024,69.961983],[20.316677,69.96635],[20.287218,69.977497],[20.262438,69.976074],[20.256362,69.973262],[20.253566,69.962339],[20.2016,69.938995],[20.18632,69.924776],[20.189932,69.918742],[20.184822,69.906496],[20.176008,69.901524],[20.181092,69.897872],[20.175074,69.889756],[20.204511,69.868582],[20.206935,69.859856],[20.200917,69.854892],[20.17908,69.870215],[20.170669,69.889306],[20.154209,69.895213],[20.155926,69.907132],[20.165062,69.90864],[20.162116,69.91231],[20.168153,69.928554],[20.164546,69.939343],[20.157998,69.943753],[20.1342,69.938329],[20.10882,69.903592],[20.108897,69.896818],[20.079373,69.877613],[20.044683,69.843308],[20.008411,69.796214],[19.99858,69.791003],[19.999247,69.786721],[19.985176,69.781065],[19.992749,69.779242],[19.984148,69.765981],[19.951515,69.760347],[19.95612,69.7621],[19.954739,69.770878],[19.960947,69.776308],[19.958738,69.782071],[19.974225,69.804234],[19.98934,69.812649],[19.986396,69.815568],[19.994049,69.830743],[19.990989,69.846228],[19.978263,69.843634],[19.958627,69.828313],[19.938959,69.821285],[19.916955,69.80142],[19.905887,69.783822],[19.852642,69.772184],[19.836593,69.752361],[19.844778,69.745955],[19.847706,69.730907],[19.818119,69.724712],[19.796502,69.71361],[19.788208,69.695314],[19.773804,69.689886],[19.770195,69.683689],[19.771072,69.678708],[19.816347,69.660337],[19.820239,69.653337],[19.814851,69.642175],[19.833435,69.622613],[19.865207,69.616467],[19.861722,69.613108],[19.943168,69.604589],[19.968162,69.594793],[19.999724,69.589481],[20.051231,69.585695],[20.109141,69.588681],[20.144943,69.582342],[19.983559,69.582303],[19.866634,69.602172],[19.852593,69.599647],[19.842085,69.604968],[19.807839,69.604914],[19.78885,69.612516],[19.730028,69.60703],[19.726765,69.601239],[19.732533,69.594969],[19.740966,69.591565],[19.74109,69.597637],[19.751263,69.596985],[19.758156,69.589797],[19.749045,69.572474],[19.717092,69.555168],[19.719195,69.54529],[19.738594,69.53447],[19.74033,69.529162],[19.716346,69.516435],[19.709608,69.506153],[19.69668,69.50886],[19.690886,69.505141],[19.732026,69.494829],[19.732687,69.48619],[19.671753,69.463277],[19.647966,69.445164],[19.642388,69.434616],[19.659267,69.423633],[19.650715,69.42363],[19.653511,69.421896],[19.647252,69.410651],[19.643723,69.409402],[19.642772,69.412726],[19.647504,69.420059],[19.613125,69.434876],[19.583792,69.427624],[19.524098,69.3993],[19.489591,69.395199],[19.529755,69.412586],[19.558355,69.434711],[19.635641,69.462984],[19.673554,69.484121],[19.669453,69.488765],[19.651772,69.490974],[19.63707,69.501539],[19.636524,69.517981],[19.632757,69.518699],[19.645318,69.534954],[19.640381,69.539785],[19.687499,69.565011],[19.700475,69.576634],[19.692856,69.579979],[19.694058,69.584026],[19.719068,69.606863],[19.7093,69.614541],[19.71081,69.618715],[19.740161,69.640986],[19.694625,69.657193],[19.653916,69.660907],[19.646817,69.667142],[19.645649,69.660301],[19.639847,69.65633],[19.626929,69.65719],[19.623547,69.659992],[19.642588,69.659976],[19.642306,69.665378],[19.638003,69.661819],[19.640851,69.665949],[19.660887,69.675863],[19.673905,69.7068],[19.701829,69.734606],[19.699753,69.741223],[19.678481,69.751424],[19.677131,69.756449],[19.692515,69.759494],[19.721377,69.777214],[19.718307,69.782463],[19.733004,69.804868],[19.718788,69.813158],[19.702154,69.815759],[19.657941,69.815801],[19.564938,69.796602],[19.544156,69.800649],[19.507539,69.797443],[19.39886,69.777275],[19.359246,69.774628],[19.320022,69.779222],[19.291272,69.775455],[19.273841,69.779139],[19.19599,69.762423],[19.170262,69.744232],[19.145642,69.743198],[19.131462,69.74807],[19.093561,69.733632],[19.098006,69.728106],[19.090168,69.717127],[19.091533,69.709213],[19.06881,69.686238],[19.019641,69.667913],[19.00103,69.654183],[19.006617,69.649832],[18.998537,69.653351],[18.98382,69.650089],[18.982865,69.64505],[18.947095,69.626419],[18.939764,69.618452],[18.935199,69.598433],[18.941635,69.567274],[18.947371,69.563828],[18.943284,69.561212],[18.957507,69.553703],[18.950865,69.548988],[18.960786,69.549002],[18.965417,69.539794],[18.986668,69.537868],[19.013511,69.527946],[19.034551,69.536854],[19.041767,69.549494],[19.052292,69.553023],[19.147061,69.559998],[19.164319,69.569851],[19.17954,69.571504],[19.185009,69.569459],[19.180067,69.56272],[19.181977,69.557065],[19.249214,69.518467],[19.240358,69.514977],[19.231156,69.517704],[19.164576,69.55404],[19.077781,69.546832],[19.055491,69.529925],[19.003149,69.513989],[19.013226,69.509271],[18.997196,69.509534],[18.993293,69.502951],[18.996937,69.489003],[18.977362,69.47674],[18.968587,69.463636],[18.97208,69.460989],[18.967025,69.45981],[18.984374,69.456194],[19.004037,69.441416],[19.054491,69.433118],[19.06327,69.422677],[19.066585,69.401181],[19.073558,69.392621],[19.116734,69.374857],[19.271753,69.379971],[19.322926,69.37007],[19.371675,69.375248],[19.351793,69.365119],[19.418524,69.319353],[19.40785,69.291245],[19.409572,69.268104],[19.418083,69.254354],[19.489984,69.226755],[19.552817,69.216061],[19.510952,69.214915],[19.490901,69.222289],[19.467926,69.220367],[19.362427,69.237791],[19.307034,69.229599],[19.311649,69.225267],[19.30679,69.228499],[19.284603,69.22334],[19.262758,69.224506],[19.237446,69.234597],[19.24596,69.241595],[19.234396,69.243176],[19.235783,69.248999],[19.272604,69.266698],[19.273008,69.272039],[19.296511,69.277117],[19.288934,69.281398],[19.337445,69.293746],[19.350484,69.311111],[19.343065,69.313151],[19.334918,69.326635],[19.322782,69.334766],[19.293152,69.344769],[19.107733,69.346287],[19.048386,69.363112],[18.999416,69.388929],[18.989824,69.389367],[18.988399,69.397678],[18.999149,69.416094],[18.997862,69.421739],[18.950277,69.428584],[18.947735,69.431226],[18.954955,69.435634],[18.911374,69.450172],[18.909608,69.463465],[18.894084,69.490761],[18.854432,69.482566],[18.840706,69.490028],[18.843688,69.490698],[18.837836,69.494911],[18.870973,69.505636],[18.86707,69.519557],[18.873229,69.523297],[18.863059,69.53053],[18.868024,69.536927],[18.852905,69.55466],[18.838384,69.56104],[18.817242,69.561552],[18.811381,69.557086],[18.813489,69.554673],[18.799476,69.55293],[18.79415,69.545828],[18.77503,69.543073],[18.743074,69.543954],[18.640837,69.533293],[18.615118,69.535065],[18.531636,69.517409],[18.446603,69.510705],[18.440236,69.505369],[18.442608,69.499274],[18.474201,69.490355],[18.482166,69.478213],[18.464818,69.45943],[18.454965,69.455658],[18.453676,69.44049],[18.476232,69.436766],[18.486859,69.443228],[18.547193,69.427137],[18.597299,69.404438],[18.589467,69.399755],[18.606366,69.391479],[18.603557,69.383391],[18.63959,69.367523],[18.686674,69.359609],[18.721455,69.348168],[18.759148,69.346163],[18.818601,69.331937],[18.826006,69.33297],[18.817432,69.336934],[18.831648,69.337606],[18.855494,69.330636],[18.934334,69.327625],[18.956871,69.320964],[18.946062,69.318184],[18.954762,69.316573],[18.950219,69.314354],[18.982456,69.303991],[18.969822,69.301308],[18.974238,69.297097],[19.005552,69.288861],[18.95743,69.286885],[18.944247,69.294559],[18.954862,69.296774],[18.857677,69.305124],[18.897997,69.317141],[18.898806,69.322991],[18.874405,69.322796],[18.872824,69.326548],[18.832767,69.321103],[18.792625,69.321773],[18.799003,69.324885],[18.766801,69.327498],[18.722657,69.321219],[18.677601,69.32276],[18.668843,69.314278],[18.640816,69.312911],[18.652233,69.302223],[18.692161,69.284741],[18.717014,69.280144],[18.71282,69.276046],[18.718051,69.268278],[18.713214,69.25851],[18.700592,69.253281],[18.697086,69.259465],[18.688425,69.255187],[18.698948,69.27187],[18.614067,69.297619],[18.570632,69.318783],[18.571872,69.324384],[18.589254,69.337998],[18.588964,69.34318],[18.57954,69.345065],[18.579587,69.350948],[18.56302,69.357642],[18.542979,69.351278],[18.534442,69.345913],[18.541035,69.339715],[18.529766,69.33209],[18.543912,69.322544],[18.541149,69.318185],[18.545884,69.312868],[18.544317,69.297047],[18.534483,69.286358],[18.537331,69.278946],[18.530205,69.273021],[18.528921,69.264892],[18.523132,69.261342],[18.51358,69.261426],[18.518749,69.257812],[18.50886,69.251053],[18.511636,69.237394],[18.481167,69.20677],[18.504968,69.195986],[18.566315,69.180912],[18.568548,69.172536],[18.558593,69.163365],[18.56348,69.148348],[18.606506,69.138083],[18.581451,69.123707],[18.605857,69.123296],[18.618336,69.116813],[18.624803,69.103151],[18.621005,69.092554],[18.579016,69.076312],[18.56909,69.066796],[18.580029,69.063821],[18.573126,69.063645],[18.566552,69.066568],[18.573126,69.075197],[18.615294,69.090451],[18.621011,69.102092],[18.609284,69.120341],[18.579009,69.122347],[18.580632,69.127124],[18.603062,69.1386],[18.561821,69.145666],[18.551764,69.163595],[18.560918,69.172981],[18.556948,69.182059],[18.511253,69.190404],[18.474416,69.206431],[18.487106,69.233326],[18.482493,69.244187],[18.492716,69.249007],[18.483835,69.243596],[18.487749,69.239126],[18.501771,69.246146],[18.497134,69.254899],[18.50834,69.272982],[18.497014,69.278048],[18.491214,69.287156],[18.500282,69.295194],[18.496611,69.29818],[18.500998,69.314173],[18.499467,69.324511],[18.489545,69.329647],[18.488802,69.340886],[18.493875,69.3505],[18.489533,69.353359],[18.496082,69.356982],[18.500263,69.367385],[18.480253,69.378247],[18.393654,69.396104],[18.368586,69.385302],[18.357718,69.385722],[18.316821,69.364063],[18.32159,69.37151],[18.34894,69.383794],[18.352087,69.393006],[18.362234,69.401187],[18.354765,69.4103],[18.370212,69.42625],[18.367402,69.431327],[18.373198,69.443858],[18.367939,69.446298],[18.371608,69.455991],[18.368173,69.459446],[18.347711,69.459894],[18.344611,69.467364],[18.303826,69.473802],[18.299195,69.475524],[18.304189,69.477823],[18.301563,69.479842],[18.270703,69.483499],[18.24056,69.482706],[18.234497,69.480264],[18.230317,69.468889],[18.196345,69.45997],[18.153529,69.466465],[18.133546,69.456074],[18.141991,69.446538],[18.154513,69.442963],[18.152638,69.439834],[18.16301,69.432896],[18.166866,69.424087],[18.153788,69.398716],[18.178601,69.390937],[18.167393,69.384408],[18.116683,69.385105],[18.09866,69.380369],[18.094333,69.377361],[18.11077,69.362889],[18.107133,69.352923],[18.101307,69.3529],[18.103128,69.348954],[18.111087,69.350307],[18.105362,69.343694],[18.084254,69.341066],[18.055967,69.318968],[17.985368,69.30819],[17.997372,69.299913],[17.986527,69.271075],[17.999427,69.264966],[18.001175,69.256322],[17.992794,69.245176],[17.972371,69.23505],[17.976294,69.228958],[17.970493,69.228445],[17.990969,69.226537],[18.040317,69.233787],[18.085858,69.230527],[18.089188,69.226633],[18.077392,69.221487],[18.075403,69.212413],[18.058754,69.20358],[18.067056,69.19764],[18.058682,69.19378],[18.052513,69.181703],[18.090684,69.17304],[18.075215,69.172504],[18.080264,69.170919],[18.069899,69.167538],[18.084691,69.157998],[18.115603,69.167062],[18.11586,69.158072],[18.148732,69.159629],[18.155425,69.158082],[18.144931,69.155465],[18.166326,69.149248],[18.079364,69.133272],[18.0694,69.136644],[18.056725,69.133104],[18.06158,69.136487],[18.060089,69.146962],[18.054593,69.149089],[18.015577,69.147906],[17.986014,69.152562],[17.927408,69.145232],[17.89721,69.134794],[17.856693,69.128138],[17.821311,69.126485],[17.787831,69.115976],[17.712101,69.119626],[17.644685,69.108013],[17.618833,69.091761],[17.649558,69.09758],[17.69604,69.086123],[17.594325,69.043107],[17.551712,69.033494],[17.51898,69.00959],[17.475867,68.994699],[17.475388,68.989892],[17.490228,68.979206],[17.542169,68.981566],[17.544084,68.967447],[17.558812,68.964272],[17.548056,68.956161],[17.490089,68.958177],[17.468217,68.954101],[17.48089,68.934231],[17.446406,68.91655],[17.447968,68.904448],[17.457745,68.893289],[17.513427,68.907108],[17.638038,68.922171],[17.669524,68.930497],[17.717757,68.932557],[17.717638,68.922171],[17.70558,68.917494],[17.708685,68.910928],[17.719296,68.907537],[17.732173,68.911528],[17.774855,68.904662],[17.834568,68.873119],[17.859693,68.864665],[17.807658,68.865266],[17.775985,68.873849],[17.704665,68.877368],[17.699425,68.880501],[17.725744,68.886509],[17.729079,68.892131],[17.71647,68.902688],[17.702047,68.902903],[17.609891,68.890672],[17.564374,68.874664],[17.544028,68.860931],[17.471215,68.831921],[17.534459,68.82411],[17.652742,68.795185],[17.763197,68.789563],[17.792153,68.775659],[17.802112,68.763428],[17.799747,68.751326],[17.803063,68.748364],[17.77133,68.76214],[17.771567,68.76699],[17.741012,68.775229],[17.619625,68.784757],[17.469893,68.822265],[17.427233,68.819132],[17.322253,68.783383],[17.26212,68.776045],[17.246233,68.76287],[17.250834,68.755488],[17.311231,68.744073],[17.322353,68.736262],[17.39015,68.745747],[17.422576,68.743987],[17.450272,68.737035],[17.462339,68.729396],[17.463404,68.716135],[17.477352,68.698969],[17.545521,68.687467],[17.559225,68.693905],[17.610829,68.691158],[17.682143,68.67485],[17.682143,68.669829],[17.586188,68.688111],[17.510974,68.679485],[17.462796,68.683863],[17.452049,68.690085],[17.435398,68.688068],[17.428673,68.694935],[17.434343,68.702316],[17.433753,68.710814],[17.420775,68.723345],[17.402088,68.729653],[17.342477,68.725963],[17.298248,68.729353],[17.285711,68.736949],[17.261479,68.736477],[17.182548,68.721027],[17.115486,68.71635],[17.107209,68.712101],[17.104852,68.696136],[17.094698,68.687897],[17.113353,68.680301],[17.105562,68.676224],[17.077834,68.676996],[17.050704,68.688841],[17.047161,68.694549],[17.04951,68.710084],[17.041944,68.716993],[16.98141,68.717937],[16.956464,68.713346],[16.897082,68.685193],[16.79852,68.686223],[16.716408,68.670001],[16.710628,68.665752],[16.712751,68.650432],[16.685053,68.652878],[16.61776,68.64408],[16.607272,68.63893],[16.612339,68.636956],[16.610925,68.633308],[16.590218,68.631463],[16.588335,68.625498],[16.565974,68.609061],[16.561068,68.598461],[16.571423,68.584599],[16.556617,68.583055],[16.590576,68.572283],[16.602212,68.572755],[16.627195,68.56164],[16.640929,68.571811],[16.651378,68.566918],[16.649851,68.560524],[16.627547,68.55619],[16.627083,68.542457],[16.617936,68.533273],[16.584985,68.538036],[16.554214,68.55679],[16.536021,68.561425],[16.501748,68.551469],[16.509612,68.548851],[16.477462,68.545976],[16.486027,68.543615],[16.474646,68.540182],[16.429472,68.541684],[16.452352,68.535333],[16.463616,68.537564],[16.469948,68.52984],[16.468894,68.519497],[16.449913,68.507094],[16.500572,68.498468],[16.526691,68.487997],[16.531022,68.481302],[16.526591,68.468084],[16.500514,68.4477],[16.507056,68.444738],[16.534977,68.449502],[16.577266,68.447957],[16.589882,68.454437],[16.610441,68.452334],[16.621067,68.457656],[16.638829,68.454738],[16.647009,68.463492],[16.650397,68.462849],[16.646424,68.456154],[16.662083,68.460317],[16.664887,68.453836],[16.673887,68.452764],[16.715246,68.456883],[16.710222,68.452806],[16.790593,68.467011],[16.873613,68.469458],[16.888581,68.478899],[16.913137,68.485594],[16.919543,68.496108],[16.93933,68.503961],[16.931134,68.507137],[16.939564,68.514347],[16.997322,68.525119],[17.004122,68.523831],[16.997556,68.520441],[16.999081,68.514304],[17.048656,68.509884],[17.103706,68.484392],[17.09949,68.479414],[17.05855,68.476152],[17.026159,68.464823],[17.012599,68.455081],[17.053397,68.449802],[17.21253,68.459158],[17.288264,68.472075],[17.42345,68.523102],[17.484633,68.528252],[17.521205,68.544259],[17.552189,68.549795],[17.570498,68.538036],[17.55946,68.53014],[17.559929,68.519497],[17.535427,68.508296],[17.53437,68.50143],[17.47421,68.481216],[17.464157,68.469758],[17.475614,68.464394],[17.542135,68.469286],[17.548682,68.47199],[17.543655,68.476539],[17.546812,68.479371],[17.57861,68.473191],[17.631586,68.475423],[17.69297,68.460059],[17.705717,68.453579],[17.700925,68.443236],[17.723129,68.444653],[17.800654,68.418088],[17.899226,68.416543],[17.838462,68.413668],[17.815721,68.407273],[17.788082,68.412209],[17.712961,68.439975],[17.68412,68.433065],[17.640691,68.447828],[17.600064,68.446412],[17.536536,68.455038],[17.455452,68.45418],[17.444803,68.448257],[17.39925,68.447056],[17.381843,68.439717],[17.37998,68.43195],[17.385117,68.429418],[17.413718,68.432293],[17.432507,68.421392],[17.416404,68.413668],[17.422238,68.408561],[17.439379,68.408732],[17.597725,68.378563],[17.591902,68.373928],[17.571172,68.373284],[17.426131,68.402853],[17.378914,68.423452],[17.336785,68.425083],[17.296293,68.419719],[17.308427,68.412595],[17.302826,68.403282],[17.263247,68.400106],[17.244138,68.39324],[17.25346,68.380108],[17.247284,68.369808],[17.278358,68.349466],[17.273683,68.337021],[17.284378,68.327751],[17.260431,68.321314],[17.30352,68.313074],[17.352152,68.296766],[17.397158,68.272991],[17.405372,68.25973],[17.391586,68.251147],[17.395872,68.247199],[17.383013,68.254967],[17.355673,68.259945],[17.356944,68.240075],[17.33877,68.231449],[17.334835,68.223467],[17.360054,68.214455],[17.365026,68.208275],[17.323293,68.192053],[17.314853,68.19613],[17.340633,68.206344],[17.313119,68.223596],[17.314606,68.231149],[17.309861,68.234754],[17.333469,68.246212],[17.332551,68.252649],[17.338808,68.258572],[17.337086,68.280029],[17.272822,68.297195],[17.240459,68.311915],[17.23128,68.340111],[17.247452,68.350496],[17.235934,68.369122],[17.180976,68.392982],[17.136461,68.393798],[17.11409,68.382854],[17.092302,68.386631],[17.04198,68.38367],[17.044077,68.379979],[17.031261,68.374743],[17.039994,68.366804],[17.029516,68.357019],[16.969678,68.359337],[16.910441,68.345604],[16.892528,68.350282],[16.85495,68.339252],[16.837284,68.341741],[16.862853,68.348436],[16.904622,68.368306],[16.896825,68.373499],[16.900907,68.382812],[16.894614,68.384571],[16.897178,68.387103],[16.797863,68.405428],[16.771862,68.402123],[16.785388,68.413754],[16.736556,68.422894],[16.677973,68.414998],[16.664508,68.405449],[16.657365,68.416876],[16.640163,68.422347],[16.593805,68.422186],[16.580539,68.415642],[16.56669,68.417734],[16.522939,68.409687],[16.479659,68.408453],[16.413666,68.392897],[16.402313,68.38131],[16.373639,68.385708],[16.274101,68.375033],[16.271483,68.365484],[16.281663,68.36248],[16.268866,68.361461],[16.270756,68.357009],[16.290388,68.352127],[16.28239,68.347996],[16.299259,68.349874],[16.276282,68.338609],[16.305076,68.330777],[16.297234,68.328202],[16.312483,68.326968],[16.318873,68.331313],[16.308707,68.331474],[16.330491,68.33598],[16.3424,68.335497],[16.343271,68.331581],[16.358521,68.327504],[16.384078,68.329382],[16.342693,68.325788],[16.350825,68.320638],[16.374639,68.319833],[16.40339,68.311518],[16.444615,68.31184],[16.45158,68.302292],[16.507437,68.298805],[16.568054,68.28534],[16.621123,68.279278],[16.637351,68.26399],[16.601128,68.249881],[16.644565,68.232232],[16.637622,68.214315],[16.731266,68.184435],[16.753355,68.169737],[16.794779,68.16389],[16.817861,68.155843],[16.804011,68.152088],[16.731735,68.159759],[16.681999,68.185562],[16.609212,68.202674],[16.606324,68.205303],[16.614657,68.228155],[16.606124,68.23824],[16.578795,68.244517],[16.562724,68.262756],[16.529279,68.271714],[16.506252,68.284106],[16.407043,68.290061],[16.404142,68.291616],[16.458821,68.288183],[16.444897,68.291938],[16.455485,68.293118],[16.451424,68.297303],[16.365857,68.315059],[16.357873,68.31463],[16.357728,68.310875],[16.36876,68.305403],[16.352212,68.303579],[16.378049,68.298054],[16.339003,68.30138],[16.337116,68.304223],[16.347132,68.307066],[16.347422,68.311304],[16.296616,68.32155],[16.284273,68.320584],[16.287903,68.314147],[16.276141,68.310767],[16.244196,68.319029],[16.241146,68.326539],[16.273389,68.32509],[16.259301,68.330884],[16.227493,68.332869],[16.224879,68.328363],[16.200914,68.321013],[16.176542,68.323522],[16.169712,68.321978],[16.178337,68.321076],[16.170009,68.319127],[16.170825,68.314371],[16.157417,68.30703],[16.162424,68.300895],[16.140707,68.292],[16.144391,68.285177],[16.262642,68.272163],[16.268121,68.261962],[16.280512,68.258857],[16.299677,68.259248],[16.344793,68.27107],[16.351584,68.267943],[16.364856,68.247034],[16.357933,68.243644],[16.3082,68.246158],[16.271745,68.235088],[16.237788,68.233168],[16.240501,68.231631],[16.224082,68.237015],[16.183831,68.233446],[16.195805,68.223459],[16.193129,68.214115],[16.198566,68.210736],[16.242134,68.214708],[16.250626,68.209306],[16.26703,68.208748],[16.318989,68.222055],[16.355029,68.225392],[16.445437,68.2242],[16.451407,68.225799],[16.450445,68.236477],[16.477268,68.243248],[16.480539,68.242048],[16.458873,68.229258],[16.478606,68.220736],[16.473405,68.209175],[16.477011,68.204927],[16.575542,68.184178],[16.608659,68.182152],[16.586588,68.176728],[16.552375,68.176709],[16.501985,68.192325],[16.399842,68.208282],[16.385309,68.205915],[16.41122,68.203125],[16.425547,68.193209],[16.481611,68.186671],[16.477001,68.180453],[16.480531,68.165874],[16.473592,68.166364],[16.460933,68.17741],[16.384105,68.178805],[16.382503,68.174343],[16.389336,68.169045],[16.418934,68.165024],[16.417145,68.159186],[16.406169,68.15779],[16.417105,68.150259],[16.418367,68.14014],[16.403542,68.142722],[16.403316,68.148901],[16.388202,68.155003],[16.377929,68.167915],[16.359177,68.171606],[16.363416,68.167846],[16.345476,68.164533],[16.332484,68.155002],[16.339663,68.145264],[16.348194,68.145233],[16.343768,68.142064],[16.308904,68.139403],[16.276456,68.150926],[16.251551,68.144901],[16.252629,68.140441],[16.24078,68.137711],[16.302276,68.126222],[16.296436,68.121184],[16.302731,68.118289],[16.281624,68.118259],[16.327422,68.097413],[16.369153,68.090974],[16.417612,68.109948],[16.428641,68.116507],[16.425528,68.121837],[16.441865,68.128716],[16.495653,68.132883],[16.531229,68.12342],[16.538647,68.118123],[16.535749,68.108562],[16.565895,68.095839],[16.715818,68.08774],[16.71203,68.08296],[16.73824,68.085355],[16.715186,68.08043],[16.691881,68.086462],[16.647735,68.085952],[16.656776,68.07767],[16.69043,68.073536],[16.655939,68.063492],[16.645211,68.068426],[16.641492,68.080999],[16.559807,68.080703],[16.532158,68.086656],[16.482462,68.121865],[16.45789,68.122478],[16.453244,68.121119],[16.459073,68.11787],[16.453723,68.106541],[16.436231,68.102305],[16.437716,68.09066],[16.40031,68.088262],[16.391753,68.075197],[16.357629,68.061378],[16.354785,68.043365],[16.36558,68.035488],[16.398669,68.03857],[16.473852,68.027344],[16.512163,68.026904],[16.515104,68.022501],[16.494823,68.010112],[16.460906,68.00474],[16.458721,68],[16.467293,67.987681],[16.486932,67.979786],[16.472767,67.977863],[16.478604,67.974939],[16.534288,67.976322],[16.518626,67.966239],[16.486832,67.963504],[16.455541,67.973624],[16.4192,68.016492],[16.404822,68.024968],[16.387126,68.028436],[16.38449,68.018722],[16.378074,68.015859],[16.351944,68.029823],[16.318467,68.029845],[16.316393,68.026243],[16.329415,68.017698],[16.327719,68.010795],[16.338977,68.008242],[16.330184,68.004537],[16.339223,67.991345],[16.362414,67.972693],[16.372373,67.971088],[16.367843,67.969733],[16.391794,67.953256],[16.47047,67.954978],[16.450937,67.950467],[16.451879,67.94347],[16.441475,67.934487],[16.445802,67.925247],[16.46145,67.916167],[16.433219,67.920409],[16.413823,67.93375],[16.412066,67.943266],[16.341715,67.970853],[16.342823,67.977533],[16.318658,67.994998],[16.309697,67.994918],[16.31435,68],[16.293782,68.014249],[16.285185,68.026704],[16.258322,68.02962],[16.236938,68.038284],[16.229484,68.03537],[16.236242,68.026114],[16.227815,68.022504],[16.190718,68.022395],[16.193381,68.017324],[16.219701,68.011864],[16.223325,68.009891],[16.21993,68.007478],[16.282557,67.986312],[16.260118,67.984182],[16.282944,67.967253],[16.28426,67.961732],[16.255588,67.934308],[16.248927,67.92246],[16.250539,67.914136],[16.235811,67.903833],[16.265869,67.903449],[16.295466,67.890088],[16.380612,67.878055],[16.430334,67.860978],[16.466087,67.859036],[16.437488,67.845711],[16.437266,67.837994],[16.516881,67.816568],[16.492687,67.814412],[16.457699,67.822855],[16.402707,67.846028],[16.376846,67.851138],[16.351352,67.867458],[16.310776,67.870296],[16.268302,67.894519],[16.215639,67.891171],[16.204544,67.897561],[16.19575,67.908991],[16.207134,67.915144],[16.205366,67.923347],[16.213556,67.927031],[16.226454,67.953494],[16.227304,67.96404],[16.219905,67.973119],[16.182532,68],[16.161247,68.024694],[16.122954,68.028566],[16.084494,68.048586],[16.077474,68.045207],[16.063383,68.047718],[16.075342,68.052853],[16.085986,68.068508],[16.115,68.085852],[16.10006,68.091285],[16.10288,68.102059],[16.118788,68.117657],[16.107158,68.123689],[16.115738,68.129006],[16.114607,68.133749],[16.122923,68.136306],[16.120049,68.138561],[16.131319,68.155517],[16.145628,68.162637],[16.13779,68.167926],[16.143255,68.177531],[16.138525,68.184008],[16.140806,68.187342],[16.124556,68.196023],[16.119752,68.193534],[16.114064,68.199476],[16.116466,68.188116],[16.090008,68.186837],[16.098694,68.18537],[16.094238,68.178733],[16.061546,68.183268],[16.046239,68.177506],[16.020373,68.188763],[16.023141,68.192214],[16.055179,68.193091],[16.065527,68.200727],[16.087711,68.205328],[16.121899,68.206382],[16.085322,68.224127],[16.07586,68.224818],[16.068231,68.219585],[16.055532,68.225029],[16.064079,68.236477],[16.071208,68.237398],[16.058636,68.248323],[16.05977,68.252763],[16.067561,68.252131],[16.062414,68.256305],[16.031152,68.255089],[16.028662,68.257743],[16.038839,68.258823],[16.037792,68.261904],[16.026485,68.26001],[16.001819,68.265762],[15.960924,68.266703],[15.929002,68.259975],[15.951655,68.257627],[15.931709,68.253405],[15.943091,68.25118],[15.942577,68.243286],[15.960103,68.237024],[15.944235,68.234412],[15.962447,68.222778],[15.954054,68.212881],[15.963306,68.207204],[15.937935,68.206137],[15.935767,68.202995],[15.941793,68.199891],[15.925667,68.196323],[15.893801,68.198644],[15.897103,68.205791],[15.883976,68.208619],[15.852828,68.20085],[15.847603,68.184005],[15.856938,68.181864],[15.857355,68.176528],[15.88757,68.172126],[15.88737,68.166496],[15.879309,68.167113],[15.871083,68.160764],[15.915613,68.158426],[15.944017,68.151924],[15.910002,68.147339],[15.899108,68.152294],[15.877083,68.15176],[15.883696,68.14569],[15.89784,68.145433],[15.889576,68.141372],[15.86882,68.141803],[15.897584,68.134863],[15.87299,68.12581],[15.876883,68.122333],[15.864789,68.122717],[15.862956,68.115353],[15.845074,68.11145],[15.818316,68.118399],[15.807554,68.118566],[15.818244,68.11457],[15.796805,68.110057],[15.806291,68.097079],[15.767251,68.099525],[15.761498,68.10787],[15.750322,68.108995],[15.755681,68.105284],[15.725357,68.101011],[15.731092,68.0986],[15.727918,68.094398],[15.743695,68.087736],[15.664554,68.087866],[15.64644,68.079504],[15.663438,68.070994],[15.64833,68.064633],[15.657729,68.06016],[15.633385,68.057009],[15.629942,68.06097],[15.643155,68.06899],[15.623079,68.067339],[15.620381,68.072221],[15.609879,68.074204],[15.655023,68.084992],[15.627708,68.096057],[15.644202,68.099279],[15.600087,68.11121],[15.707936,68.104834],[15.729236,68.119843],[15.715375,68.128158],[15.716647,68.134047],[15.711495,68.135826],[15.719876,68.135773],[15.713623,68.140733],[15.691002,68.144231],[15.693008,68.149024],[15.687277,68.150666],[15.709925,68.146283],[15.726532,68.150488],[15.722375,68.153682],[15.72552,68.154387],[15.722945,68.162781],[15.710027,68.167923],[15.720413,68.16832],[15.716767,68.171496],[15.671203,68.171317],[15.677642,68.172776],[15.64929,68.177229],[15.673341,68.175361],[15.667227,68.177323],[15.674356,68.182362],[15.664255,68.185717],[15.66826,68.187177],[15.644971,68.184771],[15.64793,68.188322],[15.620142,68.188693],[15.592125,68.181831],[15.630831,68.1752],[15.600393,68.170337],[15.604001,68.168393],[15.598358,68.166401],[15.627186,68.166456],[15.61948,68.163798],[15.630121,68.157854],[15.624384,68.155091],[15.631364,68.154213],[15.627641,68.141277],[15.595932,68.142355],[15.603547,68.145181],[15.597182,68.149712],[15.581788,68.148953],[15.577187,68.143828],[15.565922,68.148798],[15.570712,68.153341],[15.54512,68.14856],[15.547222,68.144558],[15.584116,68.139651],[15.574783,68.133204],[15.590753,68.133705],[15.566638,68.131417],[15.577405,68.129898],[15.570738,68.129019],[15.530502,68.13462],[15.532568,68.129295],[15.521433,68.127956],[15.526468,68.124477],[15.515492,68.125989],[15.520971,68.122895],[15.522307,68.119022],[15.517286,68.120105],[15.523874,68.116534],[15.521015,68.115298],[15.534922,68.11295],[15.522474,68.108015],[15.503129,68.112051],[15.494059,68.117659],[15.49596,68.125977],[15.483932,68.127316],[15.50983,68.130642],[15.512508,68.138825],[15.503968,68.139078],[15.523582,68.140879],[15.516736,68.139679],[15.515478,68.136358],[15.524405,68.13876],[15.527579,68.143222],[15.521085,68.142271],[15.519684,68.151217],[15.515273,68.150049],[15.507194,68.15106],[15.509632,68.154309],[15.488999,68.151508],[15.504423,68.162499],[15.481697,68.160677],[15.479781,68.157244],[15.473303,68.155597],[15.485923,68.154971],[15.475054,68.153932],[15.478057,68.151911],[15.446845,68.150615],[15.461224,68.14806],[15.42811,68.145677],[15.424834,68.141847],[15.404683,68.142889],[15.403964,68.138141],[15.414901,68.135846],[15.408607,68.134373],[15.413106,68.131592],[15.393092,68.13469],[15.387889,68.125701],[15.398087,68.121775],[15.399512,68.124544],[15.415192,68.127978],[15.39722,68.116068],[15.377231,68.112011],[15.382512,68.104402],[15.374948,68.103785],[15.369522,68.109357],[15.344473,68.104694],[15.331265,68.084777],[15.312352,68.079313],[15.327985,68.078333],[15.330742,68.073551],[15.322574,68.07264],[15.332488,68.070681],[15.326381,68.070989],[15.327412,68.067839],[15.342065,68.069605],[15.342647,68.065057],[15.350631,68.065086],[15.314448,68.064303],[15.299851,68.067448],[15.277349,68.061249],[15.28185,68.060618],[15.276552,68.05436],[15.277023,68.045936],[15.298436,68.033632],[15.291904,68.025949],[15.307379,68.020952],[15.305798,68.018049],[15.336205,68.013229],[15.339062,68.016871],[15.360322,68.010357],[15.364187,68.013169],[15.360037,68.014924],[15.377464,68.017776],[15.381017,68.011459],[15.370492,68.014946],[15.38175,68.00885],[15.367243,68.00861],[15.369134,68.00454],[15.386553,68.000863],[15.404948,68.003165],[15.403408,67.995849],[15.414464,67.995456],[15.426835,67.999876],[15.420213,68.008066],[15.43645,68.010462],[15.435944,68.014413],[15.441324,68.016029],[15.438501,68.02687],[15.456683,68.025587],[15.461949,68.02924],[15.44496,68.035897],[15.411756,68.035711],[15.423721,68.039433],[15.427758,68.046248],[15.444467,68.043031],[15.471771,68.045788],[15.468749,68.05106],[15.477584,68.051466],[15.473617,68.053718],[15.487936,68.054758],[15.487844,68.050841],[15.49425,68.050002],[15.507518,68.054123],[15.496909,68.058522],[15.517845,68.056577],[15.521474,68.053839],[15.527854,68.060167],[15.543088,68.058129],[15.544356,68.061004],[15.537083,68.060363],[15.542359,68.06212],[15.526338,68.068912],[15.53299,68.07371],[15.518723,68.083605],[15.520628,68.087697],[15.515547,68.091791],[15.521654,68.092889],[15.519829,68.098519],[15.540574,68.085796],[15.574329,68.081635],[15.576762,68.07884],[15.573254,68.077158],[15.597702,68.073374],[15.589362,68.069205],[15.570347,68.069785],[15.586016,68.063806],[15.562022,68.056664],[15.581202,68.058577],[15.58723,68.054665],[15.582759,68.053425],[15.58788,68.050137],[15.581219,68.04759],[15.570443,68.049369],[15.576937,68.044795],[15.705639,68.047104],[15.716007,68.042499],[15.741348,68.042033],[15.734293,68.037022],[15.740549,68.034085],[15.795333,68.033668],[15.807494,68.029166],[15.825863,68.033097],[15.830211,68.039088],[15.804632,68.044843],[15.783044,68.040191],[15.756297,68.044046],[15.771588,68.047683],[15.779271,68.055215],[15.799418,68.04728],[15.830461,68.055475],[15.822602,68.049925],[15.840537,68.048555],[15.8642,68.038448],[15.859434,68.036565],[15.924165,68.032815],[15.943866,68.025962],[15.94105,68.01916],[15.953674,68.02306],[15.950569,68.016599],[15.979331,68.011535],[15.949173,68.008237],[15.950117,67.996494],[15.992514,67.995878],[15.971676,67.988873],[15.968825,67.990235],[15.974681,67.994242],[15.948202,67.992529],[15.947348,67.988698],[15.955445,67.986782],[15.953026,67.983917],[15.97414,67.978983],[15.968701,67.975517],[15.930528,67.979621],[15.943733,67.977919],[15.945686,67.97193],[15.942081,67.969483],[15.923546,67.975472],[15.911422,67.971383],[15.916306,67.977592],[15.902138,67.981944],[15.879591,67.976695],[15.886516,67.970943],[15.928964,67.964983],[15.890677,67.949086],[15.890557,67.944649],[15.871132,67.940511],[15.873683,67.929288],[15.890144,67.922436],[15.871671,67.920458],[15.871864,67.916615],[15.879707,67.918291],[15.883838,67.914481],[15.868976,67.907109],[15.869391,67.915659],[15.862103,67.911935],[15.860011,67.917014],[15.843332,67.915048],[15.829859,67.941864],[15.810923,67.95859],[15.783001,67.967879],[15.735425,67.970024],[15.643013,67.959168],[15.65051,67.951347],[15.609667,67.953342],[15.58762,67.949469],[15.589618,67.93326],[15.577805,67.926937],[15.553496,67.92657],[15.56226,67.934705],[15.546728,67.941976],[15.529152,67.94242],[15.442373,67.92949],[15.454355,67.924871],[15.385986,67.916392],[15.334283,67.902068],[15.331244,67.903947],[15.335146,67.907714],[15.358813,67.916347],[15.354503,67.918939],[15.358462,67.921639],[15.349101,67.917249],[15.327943,67.917271],[15.272888,67.89585],[15.279246,67.895402],[15.273036,67.891245],[15.274835,67.886021],[15.196304,67.853388],[15.178195,67.850193],[15.200331,67.869825],[15.256028,67.887581],[15.246947,67.892812],[15.202067,67.89156],[15.207723,67.898056],[15.23174,67.904054],[15.185448,67.901894],[15.177636,67.896058],[15.133122,67.89266],[15.114705,67.899904],[15.087414,67.89962],[15.100233,67.90788],[15.058357,67.907819],[15.000598,67.905888],[14.850709,67.878327],[14.846398,67.87527],[14.873456,67.879559],[14.871236,67.876003],[14.876873,67.872683],[14.872944,67.87068],[14.877506,67.869233],[14.827109,67.858722],[14.916773,67.859741],[14.96432,67.866803],[14.979974,67.863462],[15.092373,67.875051],[15.1126,67.868722],[15.102416,67.863976],[15.103448,67.857929],[15.09738,67.853035],[15.088324,67.855369],[15.092571,67.859459],[15.08981,67.861956],[15.070846,67.859313],[15.074411,67.863953],[15.055751,67.867314],[15.007133,67.854765],[14.944583,67.853824],[14.885608,67.843006],[14.896807,67.836335],[14.882045,67.830979],[14.810848,67.848766],[14.807594,67.846793],[14.814053,67.847028],[14.798735,67.841533],[14.809858,67.834417],[14.76432,67.831116],[14.755559,67.825439],[14.766961,67.827345],[14.770549,67.825428],[14.746671,67.81915],[14.775126,67.822899],[14.75284,67.808543],[14.768662,67.817445],[14.781691,67.81873],[14.758774,67.806672],[14.776891,67.808266],[14.757598,67.798647],[14.772201,67.802318],[14.77526,67.799285],[14.768829,67.799729],[14.767178,67.795739],[14.772102,67.798393],[14.76952,67.794202],[14.777841,67.797657],[14.791372,67.793291],[14.841067,67.805707],[14.846234,67.803057],[14.823017,67.792941],[14.839038,67.796363],[14.834424,67.793713],[14.84162,67.790435],[14.836334,67.789028],[14.872069,67.786809],[14.833815,67.778998],[14.823267,67.775164],[14.823257,67.770766],[14.889302,67.782036],[14.879739,67.77643],[15.026797,67.793023],[15.039554,67.789145],[15.003606,67.781951],[15.009462,67.782088],[14.991757,67.769233],[15.032102,67.770063],[15.034482,67.76813],[15.01549,67.760875],[15.026759,67.757826],[15.070965,67.763713],[15.125122,67.762762],[15.100004,67.752355],[15.04226,67.751374],[15.046215,67.749406],[15.039187,67.744449],[15.016282,67.747622],[15.005488,67.75411],[14.997308,67.750019],[14.975381,67.751954],[14.932251,67.746594],[14.892386,67.736179],[14.785128,67.737958],[14.765624,67.726004],[14.782345,67.730401],[14.78482,67.729548],[14.766251,67.72266],[14.788949,67.726946],[14.784085,67.723942],[14.79731,67.723984],[14.805186,67.728589],[14.808357,67.726747],[14.805417,67.723059],[14.812132,67.722418],[14.798271,67.716603],[14.875969,67.721489],[14.890017,67.718167],[14.894771,67.711995],[14.833145,67.695294],[14.743882,67.68097],[14.73499,67.675781],[14.742355,67.672019],[14.736477,67.66877],[14.777873,67.666568],[14.765624,67.658203],[14.807269,67.660655],[14.836394,67.655475],[14.918223,67.658801],[14.97414,67.675925],[14.9993,67.676933],[15.0381,67.686879],[15.053548,67.6868],[15.105087,67.70854],[15.11645,67.707093],[15.14183,67.717943],[15.167524,67.71786],[15.212084,67.741881],[15.201695,67.75013],[15.217841,67.759209],[15.286489,67.777825],[15.31063,67.791899],[15.379347,67.803958],[15.379227,67.810606],[15.398756,67.834175],[15.38066,67.842238],[15.372918,67.8631],[15.375701,67.869501],[15.363909,67.877102],[15.368782,67.879012],[15.387353,67.87096],[15.388476,67.856916],[15.399184,67.842708],[15.432723,67.850914],[15.423643,67.857529],[15.425606,67.873878],[15.436255,67.865655],[15.442108,67.853658],[15.453881,67.852214],[15.451078,67.835675],[15.422095,67.824271],[15.425719,67.831009],[15.422807,67.833901],[15.412251,67.824598],[15.432081,67.811019],[15.457212,67.813005],[15.457513,67.805688],[15.462699,67.80333],[15.571273,67.780964],[15.587752,67.779772],[15.610732,67.78801],[15.606189,67.783632],[15.617324,67.778909],[15.66165,67.772562],[15.731457,67.748094],[15.773958,67.74379],[15.790365,67.732891],[15.782699,67.717098],[15.789374,67.713094],[15.820671,67.705114],[15.855678,67.709704],[15.843767,67.702809],[15.84468,67.69538],[15.828437,67.694349],[15.843869,67.686558],[15.842206,67.684826],[15.825322,67.685432],[15.816967,67.691658],[15.804066,67.692334],[15.796306,67.700721],[15.773533,67.704105],[15.759775,67.716402],[15.758476,67.731009],[15.703683,67.73274],[15.652131,67.746901],[15.616179,67.762168],[15.541181,67.769499],[15.505991,67.768046],[15.447965,67.75617],[15.427982,67.757885],[15.411465,67.75429],[15.405757,67.748158],[15.445887,67.733065],[15.466298,67.718518],[15.56472,67.718683],[15.620172,67.697808],[15.650579,67.691659],[15.652964,67.686858],[15.605954,67.692857],[15.552071,67.710409],[15.502683,67.70193],[15.515306,67.691025],[15.53626,67.683789],[15.522735,67.68275],[15.474936,67.698097],[15.463279,67.695909],[15.403435,67.705812],[15.401778,67.71242],[15.388271,67.72032],[15.342926,67.733552],[15.314922,67.738642],[15.294902,67.734952],[15.284365,67.723007],[15.261638,67.717836],[15.260736,67.708633],[15.247711,67.702084],[15.267166,67.697907],[15.333142,67.697988],[15.337949,67.692151],[15.32745,67.687791],[15.277491,67.691888],[15.232434,67.686019],[15.217282,67.670303],[15.185023,67.658617],[15.161162,67.631982],[15.189749,67.625867],[15.238625,67.626705],[15.272624,67.6398],[15.286269,67.639208],[15.283604,67.636078],[15.291036,67.632055],[15.332869,67.62479],[15.345732,67.618063],[15.38103,67.61574],[15.382777,67.610095],[15.407852,67.605831],[15.438607,67.610937],[15.431984,67.608364],[15.428716,67.601712],[15.432575,67.600229],[15.410112,67.598508],[15.366058,67.604231],[15.305694,67.621022],[15.240201,67.616884],[15.239241,67.612358],[15.255484,67.60733],[15.221118,67.603132],[15.214406,67.598969],[15.223328,67.593842],[15.210712,67.590702],[15.229289,67.583114],[15.212113,67.579262],[15.22061,67.57253],[15.211465,67.560593],[15.21625,67.555931],[15.281718,67.536261],[15.313159,67.537306],[15.334081,67.530748],[15.364871,67.530737],[15.388101,67.53754],[15.401856,67.529346],[15.456536,67.535054],[15.469123,67.532391],[15.472285,67.524018],[15.49673,67.52169],[15.52291,67.510023],[15.557732,67.527571],[15.674795,67.563764],[15.775208,67.573844],[15.782258,67.576516],[15.775893,67.578154],[15.779918,67.581388],[15.802277,67.579426],[15.861469,67.591598],[15.882119,67.592785],[15.859054,67.587708],[15.856901,67.583],[15.891014,67.581635],[15.879028,67.576202],[15.801855,67.573688],[15.766122,67.563628],[15.754959,67.566034],[15.675152,67.552723],[15.583523,67.516906],[15.569305,67.50781],[15.571201,67.504883],[15.536697,67.489922],[15.52678,67.478735],[15.539992,67.472622],[15.557371,67.469938],[15.594304,67.479521],[15.561681,67.466289],[15.516033,67.460391],[15.516782,67.445649],[15.55338,67.434055],[15.553482,67.424526],[15.575063,67.417251],[15.576772,67.411334],[15.626705,67.410746],[15.671604,67.420009],[15.671527,67.416003],[15.643953,67.407775],[15.666506,67.403224],[15.6352,67.406467],[15.592048,67.399106],[15.603994,67.392347],[15.597896,67.390974],[15.610148,67.388645],[15.606475,67.385226],[15.612599,67.383608],[15.603675,67.376554],[15.634259,67.369888],[15.589993,67.351298],[15.592309,67.347307],[15.583514,67.35066],[15.591685,67.365371],[15.578155,67.360032],[15.58666,67.368722],[15.583384,67.375159],[15.57066,67.37747],[15.54624,67.37153],[15.545355,67.401362],[15.531713,67.410625],[15.518854,67.430514],[15.500132,67.43998],[15.492221,67.43732],[15.47467,67.445253],[15.480185,67.45304],[15.475388,67.458673],[15.479442,67.478289],[15.46992,67.481841],[15.457212,67.479488],[15.452502,67.492684],[15.408016,67.500442],[15.380858,67.499777],[15.376034,67.505213],[15.366691,67.501173],[15.283833,67.509624],[15.288523,67.502033],[15.279129,67.497684],[15.269235,67.498689],[15.280985,67.502752],[15.277925,67.506735],[15.263549,67.501633],[15.264614,67.497594],[15.236182,67.495257],[15.219088,67.488073],[15.225992,67.479727],[15.202452,67.464759],[15.152899,67.453322],[15.151294,67.450541],[15.159675,67.447551],[15.150651,67.443525],[15.146829,67.432944],[15.139574,67.433297],[15.136143,67.437608],[15.143015,67.447878],[15.130688,67.458285],[15.17707,67.475276],[15.174213,67.484797],[15.145109,67.491937],[15.147657,67.496299],[15.234934,67.504137],[15.241053,67.509123],[15.223153,67.50944],[15.201057,67.516874],[15.205982,67.524139],[15.199387,67.531402],[15.155485,67.532635],[15.091941,67.510617],[15.052321,67.510698],[15.027178,67.497018],[15.011473,67.495581],[15.012663,67.491037],[14.996986,67.487917],[14.930752,67.489951],[14.949205,67.495752],[15.008387,67.496135],[15.027769,67.51161],[15.080124,67.529508],[15.030461,67.54287],[15.030202,67.555688],[15.026262,67.557745],[14.999521,67.557791],[14.993921,67.561244],[14.99966,67.577215],[15.019824,67.577639],[15.03686,67.571251],[15.058431,67.554583],[15.090476,67.542569],[15.148037,67.547137],[15.152178,67.549273],[15.154267,67.564367],[15.126144,67.569416],[15.121071,67.566661],[15.124019,67.578087],[15.100885,67.582921],[15.094803,67.589722],[15.08037,67.593388],[15.051263,67.593604],[14.930771,67.575984],[14.881156,67.563775],[14.896241,67.564738],[14.884226,67.561647],[14.886986,67.558748],[14.871337,67.55111],[14.852079,67.552611],[14.833364,67.543856],[14.839866,67.540627],[14.816982,67.538412],[14.796332,67.529283],[14.800045,67.528434],[14.752648,67.519423],[14.757244,67.518492],[14.750676,67.517119],[14.75466,67.515132],[14.750718,67.511788],[14.737816,67.512797],[14.708076,67.504329],[14.704581,67.498988],[14.688622,67.498224],[14.686144,67.496411],[14.699528,67.495388],[14.651423,67.476851],[14.678433,67.470063],[14.680456,67.465787],[14.716007,67.452388],[14.779743,67.45347],[14.817973,67.461477],[14.944758,67.447617],[15.018883,67.457839],[15.052843,67.457451],[15.053895,67.4528],[14.976699,67.449232],[14.950116,67.429395],[14.908213,67.432571],[14.877002,67.411423],[14.867062,67.409622],[14.866049,67.402168],[14.860481,67.399765],[14.866093,67.386332],[14.844595,67.384416],[14.849311,67.389977],[14.822059,67.388435],[14.855515,67.406974],[14.856848,67.420594],[14.870498,67.431016],[14.864276,67.4368],[14.809389,67.447824],[14.792813,67.445868],[14.792263,67.439259],[14.75325,67.437495],[14.758868,67.43523],[14.731043,67.436516],[14.754757,67.439095],[14.744581,67.44334],[14.717438,67.438645],[14.683769,67.446238],[14.669701,67.441082],[14.652126,67.442393],[14.633541,67.436868],[14.637362,67.42503],[14.623126,67.418411],[14.630373,67.419104],[14.632324,67.413868],[14.582194,67.410312],[14.573247,67.404089],[14.607747,67.399842],[14.637165,67.402634],[14.633835,67.400887],[14.640344,67.401354],[14.632568,67.39533],[14.646749,67.394933],[14.617778,67.388683],[14.632126,67.385395],[14.568855,67.371211],[14.561059,67.364726],[14.57096,67.363405],[14.570265,67.359829],[14.51848,67.342849],[14.503855,67.342445],[14.485739,67.335555],[14.491486,67.334758],[14.480285,67.330745],[14.484476,67.329658],[14.477625,67.322982],[14.455512,67.322501],[14.458182,67.319246],[14.435561,67.309046],[14.400608,67.31106],[14.388979,67.307309],[14.384486,67.300836],[14.395518,67.300903],[14.365097,67.286551],[14.383374,67.290212],[14.38922,67.296139],[14.402373,67.294327],[14.395303,67.28868],[14.310006,67.263934],[14.314959,67.258719],[14.310803,67.256843],[14.326303,67.256907],[14.317004,67.254185],[14.320254,67.253424],[14.410982,67.268642],[14.414363,67.265336],[14.469676,67.273176],[14.590935,67.276811],[14.63606,67.287302],[14.60424,67.286565],[14.610015,67.289046],[14.677696,67.294977],[14.714805,67.303559],[14.734314,67.314175],[14.734074,67.307019],[14.72836,67.303614],[14.731058,67.301587],[14.70961,67.294292],[14.720567,67.291487],[14.715923,67.285779],[14.73233,67.28297],[14.706899,67.272214],[14.713332,67.267421],[14.709979,67.265935],[14.721455,67.263461],[14.689564,67.252277],[14.716351,67.245482],[14.71087,67.244563],[14.713717,67.241268],[14.657389,67.23753],[14.612625,67.243174],[14.613916,67.232574],[14.621499,67.228072],[14.700986,67.224389],[14.724426,67.237344],[14.71401,67.240115],[14.744466,67.245862],[14.791602,67.263257],[14.852793,67.271523],[14.868982,67.284041],[14.867133,67.288173],[14.827557,67.288889],[14.822639,67.284086],[14.797055,67.289266],[14.865773,67.292794],[14.863882,67.297321],[14.87675,67.298141],[14.911092,67.29159],[14.972812,67.294827],[14.987964,67.289205],[15.027742,67.290819],[15.028935,67.298499],[15.016201,67.294799],[14.987916,67.299495],[15.037027,67.321678],[15.086763,67.319543],[15.171762,67.3296],[15.174287,67.325816],[15.157233,67.30953],[15.154099,67.299384],[15.141715,67.293836],[15.172444,67.297324],[15.168421,67.29188],[15.138052,67.293241],[15.130264,67.289102],[15.126882,67.292534],[15.097388,67.28156],[15.074683,67.283439],[15.037976,67.272419],[15.110216,67.273659],[15.142156,67.267395],[15.142107,67.262636],[15.172287,67.253699],[15.223715,67.257064],[15.235518,67.268622],[15.254388,67.270317],[15.280306,67.263165],[15.335095,67.265779],[15.346755,67.262174],[15.34992,67.254996],[15.337078,67.247376],[15.312482,67.242859],[15.269688,67.244043],[15.244655,67.235084],[15.281463,67.23323],[15.295721,67.228289],[15.385064,67.256662],[15.429567,67.259859],[15.424498,67.248451],[15.414358,67.240857],[15.383981,67.23569],[15.349486,67.221517],[15.368408,67.217383],[15.404811,67.22199],[15.391961,67.218536],[15.395163,67.214607],[15.435447,67.208295],[15.441562,67.198922],[15.465527,67.193379],[15.481588,67.18402],[15.471698,67.174123],[15.484431,67.163396],[15.47113,67.16217],[15.464071,67.152516],[15.444577,67.146489],[15.450015,67.144042],[15.444548,67.13259],[15.452638,67.119287],[15.434711,67.114597],[15.467927,67.103004],[15.470211,67.097925],[15.454092,67.095895],[15.432894,67.105096],[15.422478,67.101171],[15.417852,67.093944],[15.394003,67.085119],[15.420177,67.100391],[15.413519,67.105392],[15.389001,67.105369],[15.390378,67.113141],[15.416541,67.135606],[15.385595,67.12736],[15.404763,67.148437],[15.403505,67.154674],[15.408854,67.162005],[15.420473,67.167361],[15.403388,67.175605],[15.404686,67.184419],[15.384804,67.189656],[15.300074,67.192116],[15.289501,67.198414],[15.269062,67.199765],[15.239861,67.217855],[15.21897,67.221508],[15.147379,67.209571],[15.135875,67.210846],[15.121226,67.230186],[15.094007,67.23588],[15.022692,67.236016],[15.002566,67.231963],[15.024541,67.226534],[15.016042,67.220173],[14.998047,67.217409],[15.010954,67.214227],[14.943878,67.194138],[14.941105,67.191165],[14.951035,67.189396],[14.938221,67.18437],[14.917519,67.166776],[14.976208,67.15478],[14.970095,67.145135],[14.976657,67.146654],[14.978881,67.14136],[14.993583,67.139106],[14.996568,67.122962],[14.971339,67.119477],[14.947546,67.139673],[14.9448,67.14715],[14.94821,67.153321],[14.899404,67.157407],[14.888667,67.162312],[14.886483,67.172012],[14.953273,67.206708],[14.971531,67.209072],[14.950493,67.208174],[14.94841,67.21695],[14.941386,67.221794],[14.946134,67.226964],[14.963055,67.224088],[15.007704,67.240204],[14.983998,67.240001],[14.979304,67.248911],[14.949368,67.244398],[14.908431,67.230454],[14.88314,67.228608],[14.842785,67.228482],[14.847069,67.234354],[14.827667,67.236709],[14.826657,67.241192],[14.798597,67.240119],[14.75097,67.229347],[14.754091,67.226207],[14.737432,67.219192],[14.705755,67.212085],[14.701983,67.216751],[14.680921,67.211678],[14.687421,67.214754],[14.611972,67.22236],[14.515906,67.209723],[14.6189,67.224805],[14.591262,67.239357],[14.483482,67.231632],[14.5099,67.23875],[14.498371,67.238924],[14.363229,67.212956],[14.352482,67.209117],[14.362131,67.196261],[14.356128,67.190841],[14.371772,67.189332],[14.361768,67.186851],[14.371814,67.18367],[14.433065,67.200583],[14.513835,67.209612],[14.528517,67.200318],[14.552006,67.203656],[14.547121,67.199787],[14.550741,67.198162],[14.580015,67.204146],[14.618437,67.203994],[14.648879,67.191006],[14.669384,67.196675],[14.674584,67.189829],[14.682779,67.188646],[14.746158,67.189734],[14.707433,67.185763],[14.718552,67.183885],[14.710023,67.1802],[14.688258,67.183548],[14.672593,67.179381],[14.635968,67.185891],[14.630777,67.197476],[14.609987,67.197552],[14.572554,67.188159],[14.568704,67.183323],[14.575682,67.179178],[14.516686,67.182033],[14.507514,67.187452],[14.501442,67.183543],[14.470197,67.182263],[14.465521,67.183048],[14.48506,67.196169],[14.467698,67.196163],[14.470975,67.199069],[14.467342,67.201404],[14.457192,67.199387],[14.458289,67.196046],[14.45234,67.198248],[14.41597,67.18998],[14.39344,67.17693],[14.368808,67.177809],[14.334362,67.171688],[14.321548,67.15878],[14.326384,67.15157],[14.341085,67.14744],[14.321518,67.139976],[14.32134,67.135214],[14.306457,67.125955],[14.313432,67.121207],[14.307192,67.120503],[14.298174,67.105082],[14.277419,67.110932],[14.274292,67.098684],[14.240169,67.092502],[14.25572,67.087076],[14.302457,67.091427],[14.309485,67.088344],[14.305401,67.086402],[14.326406,67.082417],[14.305897,67.078268],[14.327238,67.076519],[14.398235,67.095989],[14.425285,67.090062],[14.425465,67.086575],[14.44742,67.086578],[14.452444,67.084701],[14.437937,67.080886],[14.484453,67.06816],[14.501044,67.07611],[14.58451,67.07085],[14.608225,67.057013],[14.608516,67.045029],[14.603155,67.04159],[14.611913,67.034752],[14.607527,67.030974],[14.576758,67.032608],[14.559756,67.01809],[14.575661,67.013985],[14.572396,67.009456],[14.574007,67.014257],[14.545722,67.016804],[14.558847,67.018727],[14.558438,67.021372],[14.573197,67.034647],[14.58796,67.038142],[14.56739,67.04457],[14.574047,67.048443],[14.572078,67.052654],[14.530085,67.066905],[14.520782,67.063965],[14.522085,67.059468],[14.503606,67.059343],[14.497979,67.054354],[14.484067,67.058483],[14.485335,67.062302],[14.478551,67.06489],[14.442734,67.072253],[14.427119,67.081098],[14.431979,67.083935],[14.428001,67.085595],[14.41892,67.076913],[14.401628,67.076122],[14.394155,67.080958],[14.407806,67.082977],[14.407825,67.089108],[14.397868,67.092019],[14.389958,67.086912],[14.392661,67.081941],[14.323828,67.074229],[14.325073,67.070068],[14.318983,67.069499],[14.295528,67.074563],[14.298782,67.078092],[14.291635,67.080057],[14.267003,67.078988],[14.262992,67.074177],[14.230376,67.07721],[14.224754,67.069451],[14.248175,67.06917],[14.262478,67.06398],[14.255354,67.062969],[14.256824,67.059696],[14.275549,67.055172],[14.268054,67.046778],[14.269195,67.037059],[14.257532,67.031389],[14.240881,67.010778],[14.225568,67.006778],[14.238856,67.001733],[14.237645,66.997676],[14.202619,66.992561],[14.180653,66.999027],[14.151299,66.976145],[14.148826,66.979526],[14.165515,66.992539],[14.169446,67.001662],[14.155998,67.006927],[14.14218,66.995785],[14.143503,67.006891],[14.123934,67.018373],[14.116772,67.032513],[14.117697,67.040295],[14.108202,67.046452],[14.10169,67.058547],[14.073032,67.067266],[14.052159,67.08231],[14.038403,67.078665],[14.047108,67.075055],[14.040565,67.074928],[14.040429,67.043276],[14.035308,67.052655],[14.022925,67.046641],[14.019931,67.059623],[14.018775,67.034355],[14.028228,67.037543],[14.017728,67.031041],[14.039453,67.008978],[14.046339,67.012161],[14.04406,67.003577],[14.063069,66.991769],[14.039205,66.987951],[14.040048,66.992594],[14.023303,66.986463],[14.038921,66.986499],[14.016407,66.975305],[14.013841,66.962965],[14.005557,66.965756],[14.001808,66.974191],[14.022423,66.980613],[14.015741,66.979969],[14.014882,66.988149],[14.009488,66.986457],[14.010691,66.982431],[13.97843,66.979733],[13.97178,66.97381],[13.975417,66.971484],[13.948587,66.959023],[13.952021,66.955588],[13.944499,66.952596],[13.905643,66.948518],[13.909363,66.964283],[13.894037,66.970986],[13.944002,66.967961],[13.960822,66.982018],[14.001846,67.001505],[13.996835,67.009618],[13.960915,67.01274],[13.946543,67.010113],[13.923853,67.01035],[13.90172,67.003267],[13.874708,67.002464],[13.864082,66.995225],[13.869211,66.992905],[13.869217,66.985683],[13.858889,66.98187],[13.80555,66.987011],[13.734121,66.980709],[13.726003,66.97508],[13.750437,66.968751],[13.794526,66.96925],[13.801509,66.964457],[13.740236,66.948114],[13.607272,66.951979],[13.554329,66.936736],[13.541271,66.940656],[13.557203,66.948831],[13.546101,66.955107],[13.507855,66.957214],[13.493222,66.952409],[13.493557,66.941617],[13.499106,66.934612],[13.535449,66.935879],[13.538564,66.934092],[13.530937,66.930594],[13.544128,66.930775],[13.53579,66.919214],[13.536338,66.902398],[13.630815,66.90816],[13.644212,66.903909],[13.656475,66.883283],[13.701233,66.875782],[13.706552,66.872365],[13.701638,66.867698],[13.718899,66.866227],[13.714655,66.861644],[13.72477,66.859855],[13.695626,66.85309],[13.708172,66.844568],[13.725078,66.843752],[13.674189,66.832414],[13.711183,66.833397],[13.748831,66.845788],[13.768005,66.835878],[13.745326,66.832713],[13.771209,66.832981],[13.758392,66.828466],[13.795649,66.820562],[13.805293,66.813535],[13.829284,66.809502],[13.981273,66.808343],[13.997361,66.798434],[13.815336,66.797089],[13.704229,66.811512],[13.714152,66.814912],[13.641715,66.81417],[13.608729,66.807085],[13.522057,66.802596],[13.500813,66.805135],[13.497082,66.799086],[13.501909,66.793641],[13.488376,66.794558],[13.49902,66.788278],[13.523742,66.78445],[13.514241,66.781534],[13.522436,66.777788],[13.505869,66.778137],[13.503865,66.776103],[13.520701,66.773279],[13.530733,66.7772],[13.544901,66.772029],[13.531748,66.767507],[13.535756,66.76509],[13.620929,66.771516],[13.757696,66.758696],[13.739383,66.753785],[13.604028,66.761966],[13.548447,66.755436],[13.557333,66.752253],[13.561699,66.746814],[13.558676,66.743972],[13.534209,66.74992],[13.514501,66.74572],[13.515967,66.740011],[13.500099,66.740888],[13.49792,66.745503],[13.473327,66.739699],[13.507776,66.737901],[13.553215,66.742375],[13.553823,66.737601],[13.549107,66.736614],[13.556386,66.733307],[13.551536,66.728126],[13.57498,66.713489],[13.573021,66.709856],[13.61857,66.714317],[13.653107,66.712247],[13.672276,66.715581],[13.669639,66.720566],[13.677508,66.724721],[13.694278,66.722129],[13.714092,66.728262],[13.772368,66.733307],[13.795504,66.729154],[13.886395,66.732561],[13.901209,66.729513],[13.891084,66.725678],[13.710227,66.71864],[13.682318,66.713466],[13.715829,66.708722],[13.714246,66.70154],[13.708477,66.700056],[13.57883,66.695339],[13.535719,66.703514],[13.526188,66.712223],[13.527591,66.726547],[13.476853,66.71445],[13.477416,66.719822],[13.461514,66.721818],[13.454398,66.730739],[13.422643,66.728541],[13.385779,66.734939],[13.321278,66.73099],[13.275181,66.735125],[13.217373,66.725911],[13.220055,66.718805],[13.212951,66.721919],[13.207499,66.716936],[13.222974,66.714343],[13.223696,66.716807],[13.225223,66.71517],[13.227666,66.716751],[13.240134,66.715652],[13.24471,66.716492],[13.240575,66.720565],[13.247831,66.720616],[13.263575,66.716377],[13.251927,66.712593],[13.297363,66.708532],[13.275382,66.705112],[13.297442,66.7004],[13.289744,66.699789],[13.295689,66.695225],[13.39921,66.688977],[13.412995,66.69424],[13.420583,66.693721],[13.423984,66.692704],[13.403041,66.688051],[13.444646,66.686297],[13.463296,66.676122],[13.532054,66.670834],[13.545072,66.657257],[13.56672,66.648857],[13.522092,66.6478],[13.510462,66.651745],[13.531232,66.656138],[13.455404,66.66316],[13.429538,66.663279],[13.412586,66.656156],[13.396828,66.655981],[13.405386,66.659166],[13.377591,66.661589],[13.364452,66.67091],[13.339533,66.667018],[13.312786,66.67322],[13.256276,66.666718],[13.229959,66.671623],[13.235128,66.674653],[13.227272,66.675364],[13.23409,66.680073],[13.228792,66.68143],[13.221568,66.675676],[13.199881,66.672426],[13.192392,66.664596],[13.168004,66.659545],[13.193638,66.653442],[13.194456,66.648465],[13.203276,66.64904],[13.208408,66.639263],[13.22467,66.635504],[13.21875,66.631083],[13.295209,66.644501],[13.351962,66.642499],[13.382514,66.636567],[13.379297,66.633127],[13.361961,66.636937],[13.366078,66.634438],[13.324105,66.632678],[13.317555,66.637916],[13.298342,66.630091],[13.315748,66.631232],[13.320779,66.624631],[13.279287,66.630016],[13.291015,66.621094],[13.283068,66.612509],[13.28117,66.618154],[13.27307,66.614516],[13.268629,66.622127],[13.258092,66.624963],[13.244083,66.614457],[13.228017,66.612149],[13.246626,66.596635],[13.232454,66.601535],[13.223635,66.599216],[13.219239,66.595833],[13.219022,66.582299],[13.205575,66.57237],[13.186011,66.56995],[13.20455,66.556281],[13.229391,66.559221],[13.290706,66.548899],[13.339726,66.561458],[13.445416,66.56167],[13.495038,66.591052],[13.513702,66.595347],[13.531553,66.593342],[13.533429,66.596828],[13.56371,66.608214],[13.618248,66.610283],[13.632546,66.614705],[13.706096,66.614002],[13.733299,66.609367],[13.730141,66.603284],[13.712654,66.601256],[13.649853,66.607669],[13.566079,66.601797],[13.560375,66.599562],[13.562287,66.59603],[13.547527,66.594802],[13.537283,66.587008],[13.513187,66.587582],[13.498023,66.581502],[13.508999,66.573586],[13.490905,66.5767],[13.470487,66.567112],[13.476081,66.561018],[13.549824,66.557971],[13.652962,66.537178],[13.662842,66.523412],[13.672049,66.519692],[13.666834,66.516186],[13.585666,66.538185],[13.504812,66.54827],[13.443426,66.549353],[13.422527,66.541623],[13.382735,66.540169],[13.357012,66.544221],[13.336353,66.540816],[13.335578,66.532529],[13.327651,66.529336],[13.264122,66.530009],[13.260666,66.52697],[13.269834,66.520986],[13.309089,66.505782],[13.27544,66.486894],[13.273129,66.481866],[13.280569,66.48071],[13.280437,66.473678],[13.268242,66.471154],[13.267639,66.466335],[13.292724,66.464647],[13.343151,66.473207],[13.386397,66.472199],[13.378641,66.46986],[13.426175,66.474066],[13.318568,66.459322],[13.293038,66.451319],[13.272572,66.452875],[13.258257,66.446194],[13.252774,66.448305],[13.257418,66.45167],[13.253854,66.45422],[13.211169,66.454031],[13.242226,66.461254],[13.243217,66.465381],[13.236829,66.466451],[13.246933,66.474434],[13.241171,66.475665],[13.252069,66.480082],[13.240301,66.490116],[13.222762,66.489042],[13.213198,66.497755],[13.213732,66.503176],[13.221869,66.508422],[13.214032,66.518912],[13.190899,66.527526],[13.177067,66.524292],[13.148021,66.531787],[13.147741,66.535411],[13.128082,66.53621],[13.125154,66.538634],[13.13164,66.542542],[13.119602,66.543169],[13.126057,66.550746],[13.072398,66.545164],[13.033358,66.535894],[13.024814,66.529828],[12.990675,66.533658],[12.980862,66.530608],[12.978071,66.522477],[13.006927,66.514825],[13.008969,66.507583],[13.0186,66.511196],[13.029853,66.508693],[13.026669,66.506965],[13.031373,66.505836],[13.027423,66.503627],[13.029609,66.499824],[13.041042,66.494971],[13.087926,66.494097],[13.101182,66.498786],[13.094534,66.494845],[13.101217,66.489422],[13.105305,66.474621],[13.172372,66.466237],[13.12986,66.460736],[13.077947,66.465896],[13.091045,66.461364],[13.088887,66.457314],[13.092962,66.45444],[13.150677,66.439272],[13.141143,66.429897],[13.159468,66.405585],[13.134417,66.398965],[13.117399,66.388452],[13.100372,66.386495],[13.090072,66.379373],[13.021351,66.361045],[13.007568,66.36112],[12.991099,66.348564],[13.011226,66.338653],[12.994326,66.341759],[13.002973,66.338254],[13.000672,66.331491],[13.011282,66.333141],[13.027817,66.324767],[13.057539,66.323216],[13.101479,66.311338],[13.108789,66.321963],[13.150975,66.333517],[13.163295,66.327907],[13.14213,66.312955],[13.11126,66.30721],[13.17334,66.303273],[13.236764,66.306862],[13.327049,66.320354],[13.361241,66.327804],[13.37271,66.336134],[13.40677,66.336425],[13.434831,66.349084],[13.459423,66.34173],[13.486576,66.344833],[13.429421,66.331367],[13.447278,66.320689],[13.505971,66.320738],[13.561931,66.308344],[13.559333,66.304518],[13.509067,66.308006],[13.457757,66.301113],[13.379229,66.304137],[13.191893,66.277687],[13.183939,66.269531],[13.180624,66.270352],[13.183465,66.274175],[13.178106,66.274163],[13.110382,66.250268],[13.126505,66.249612],[13.142048,66.257775],[13.155251,66.255234],[13.162274,66.261075],[13.173487,66.259423],[13.151258,66.250312],[13.137743,66.249818],[13.139138,66.246233],[13.131543,66.243029],[13.101451,66.236045],[13.086854,66.224794],[13.051656,66.212854],[13.034565,66.202187],[13.00938,66.201012],[13.011587,66.195014],[13.006558,66.189927],[13.013764,66.191016],[13.015128,66.183503],[13.024655,66.18424],[13.018335,66.179144],[13.053529,66.17526],[13.101449,66.188239],[13.186958,66.20093],[13.217566,66.215801],[13.24886,66.220738],[13.270863,66.234426],[13.317553,66.25037],[13.36517,66.248363],[13.385388,66.237565],[13.462661,66.245885],[13.479769,66.253674],[13.556967,66.270569],[13.569778,66.280821],[13.570821,66.285702],[13.565372,66.289035],[13.57005,66.290774],[13.631743,66.287442],[13.578985,66.265416],[13.572148,66.254865],[13.616444,66.240764],[13.631403,66.241064],[13.689968,66.254282],[13.735343,66.257071],[13.723748,66.269104],[13.726444,66.273766],[13.758757,66.277587],[13.753848,66.28015],[13.75665,66.2877],[13.73271,66.293368],[13.736895,66.294892],[13.765423,66.292801],[13.76951,66.28883],[13.779868,66.291525],[13.770766,66.287833],[13.77295,66.275497],[13.731951,66.265489],[13.741173,66.261273],[13.739262,66.257161],[13.753257,66.257407],[13.758086,66.259173],[13.749668,66.258796],[13.777259,66.272495],[13.787452,66.268875],[13.818053,66.276255],[13.870299,66.276126],[13.902009,66.27058],[13.911469,66.277776],[13.912372,66.288649],[13.936131,66.302452],[13.999032,66.310964],[14.026925,66.307097],[14.120282,66.331656],[14.119811,66.337198],[14.127763,66.34074],[14.164375,66.336314],[14.176609,66.33127],[14.168685,66.330109],[14.170329,66.324246],[14.19294,66.324227],[14.167528,66.323699],[14.163274,66.326872],[14.168411,66.331516],[14.162575,66.334551],[14.139608,66.336122],[14.151243,66.327599],[14.124276,66.316732],[14.128947,66.308444],[14.074021,66.290077],[14.045792,66.289371],[14.042194,66.28141],[14.029616,66.276],[13.983909,66.273403],[13.968403,66.261808],[13.971493,66.257743],[13.962512,66.254258],[13.994069,66.251724],[13.958506,66.247862],[13.927791,66.236191],[13.856164,66.228284],[13.849116,66.22228],[13.788765,66.204477],[13.782778,66.196597],[13.787307,66.191292],[13.767034,66.193522],[13.772642,66.204464],[13.820843,66.230559],[13.821246,66.237732],[13.744708,66.246033],[13.690708,66.240672],[13.666269,66.234525],[13.668379,66.230063],[13.662929,66.227541],[13.64909,66.229213],[13.644883,66.234061],[13.599473,66.225315],[13.639568,66.221642],[13.642455,66.21932],[13.629288,66.212517],[13.650052,66.213419],[13.653589,66.209689],[13.620216,66.195059],[13.61341,66.186281],[13.614222,66.179434],[13.638543,66.181251],[13.663414,66.193054],[13.681697,66.17606],[13.76706,66.187446],[13.790516,66.184959],[13.800434,66.1774],[13.841719,66.163475],[13.837492,66.157251],[13.842521,66.15479],[13.844934,66.148764],[13.835134,66.153645],[13.825927,66.150512],[13.822124,66.146067],[13.831461,66.142985],[13.825718,66.138307],[13.812559,66.142207],[13.804576,66.151947],[13.808918,66.155383],[13.791227,66.156633],[13.803215,66.147227],[13.801723,66.121566],[13.806149,66.114245],[13.798526,66.121159],[13.797984,66.146892],[13.785995,66.153772],[13.789611,66.16061],[13.808561,66.165569],[13.78003,66.160482],[13.753551,66.173476],[13.703898,66.160238],[13.644569,66.161693],[13.601928,66.149151],[13.564883,66.122887],[13.568268,66.121576],[13.56282,66.117473],[13.560583,66.106176],[13.54871,66.103786],[13.548885,66.108214],[13.542086,66.107874],[13.539081,66.12213],[13.542218,66.13741],[13.556847,66.151623],[13.575242,66.159158],[13.581667,66.169787],[13.599337,66.177294],[13.597568,66.183148],[13.609701,66.200901],[13.560677,66.200561],[13.54396,66.194359],[13.487283,66.191777],[13.525737,66.196065],[13.543271,66.206048],[13.575088,66.207888],[13.586054,66.216931],[13.580295,66.223099],[13.581118,66.230309],[13.576998,66.230926],[13.580901,66.234915],[13.561767,66.233976],[13.524844,66.242389],[13.499438,66.230271],[13.430921,66.22736],[13.38173,66.2177],[13.350288,66.2275],[13.298404,66.221921],[13.237954,66.19988],[13.233132,66.195128],[13.241958,66.18873],[13.09097,66.16058],[13.094489,66.158128],[13.079282,66.153155],[13.096402,66.152743],[13.07693,66.141801],[13.075606,66.146791],[13.064125,66.1514],[13.073984,66.15501],[13.071695,66.157845],[12.831262,66.129037],[12.821995,66.124271],[12.831466,66.122589],[12.818748,66.115494],[12.757157,66.103206],[12.677524,66.070689],[12.672936,66.065729],[12.683954,66.060347],[12.753529,66.062429],[12.658218,66.043424],[12.830899,66.068097],[12.670349,66.039859],[12.659322,66.031577],[12.797578,66.052413],[12.906358,66.052367],[12.964517,66.066088],[13.051513,66.077394],[13.026832,66.066327],[12.948563,66.048174],[12.9463,66.038205],[12.95495,66.035836],[12.942693,66.031171],[12.938214,66.021604],[12.948222,66.019397],[12.942872,66.013762],[12.951086,66.01114],[12.950938,66.006374],[12.899872,65.985865],[12.894298,65.981356],[12.895017,65.973033],[12.939757,65.969446],[12.985442,65.948084],[13.051491,65.946937],[13.064278,65.941272],[13.063584,65.936981],[13.086757,65.932238],[13.140486,65.948135],[13.131752,65.944247],[13.1363,65.935038],[13.131813,65.932487],[13.134453,65.921204],[13.170982,65.909715],[13.156044,65.89311],[13.158826,65.884022],[13.169153,65.872796],[13.192061,65.865176],[13.182539,65.863153],[13.194393,65.856423],[13.193689,65.851761],[13.18502,65.849327],[13.184944,65.83909],[13.210953,65.826889],[13.216277,65.815964],[13.210915,65.799827],[13.235347,65.777551],[13.241106,65.763559],[13.239889,65.757805],[13.237634,65.755826],[13.234122,65.777006],[13.206546,65.79943],[13.207777,65.826301],[13.18676,65.831576],[13.178846,65.846558],[13.167375,65.848611],[13.140912,65.872214],[13.126317,65.896087],[13.09779,65.888222],[13.081575,65.88906],[13.058059,65.896552],[13.050639,65.905057],[13.050569,65.917969],[13.030872,65.924898],[12.980297,65.929614],[12.942146,65.925352],[12.94616,65.928018],[12.939554,65.92942],[12.944202,65.937919],[12.921749,65.941297],[12.9146,65.951118],[12.902985,65.952493],[12.906584,65.957171],[12.887168,65.962828],[12.87058,65.958853],[12.87003,65.97387],[12.854347,65.973195],[12.850172,65.968464],[12.845969,65.969095],[12.845402,65.975648],[12.822932,65.972334],[12.729239,65.942528],[12.725437,65.939373],[12.729871,65.94062],[12.731939,65.936222],[12.717069,65.929171],[12.713308,65.931911],[12.722937,65.937925],[12.681804,65.929278],[12.644833,65.90072],[12.644584,65.88654],[12.635205,65.873335],[12.634712,65.863824],[12.646577,65.859804],[12.60941,65.84756],[12.598047,65.825248],[12.611714,65.815632],[12.628213,65.824206],[12.647503,65.825958],[12.666851,65.826725],[12.668692,65.820014],[12.674581,65.819553],[12.69132,65.846054],[12.689011,65.836106],[12.69555,65.836818],[12.690991,65.826927],[12.694182,65.819223],[12.728075,65.80395],[12.715529,65.799293],[12.693372,65.806694],[12.687549,65.801776],[12.708252,65.792828],[12.712811,65.785373],[12.708331,65.781319],[12.723754,65.783987],[12.720193,65.778923],[12.704438,65.776271],[12.689588,65.781713],[12.672831,65.813488],[12.647768,65.814884],[12.638385,65.808738],[12.605338,65.802473],[12.609141,65.80064],[12.60279,65.787539],[12.581876,65.766705],[12.538484,65.753832],[12.537725,65.74964],[12.549568,65.746452],[12.605734,65.722177],[12.602986,65.719129],[12.611152,65.710134],[12.626489,65.71431],[12.623929,65.700773],[12.625902,65.703746],[12.669995,65.689607],[12.668322,65.680473],[12.652004,65.671013],[12.646259,65.660906],[12.651673,65.651293],[12.701425,65.653438],[12.723956,65.645513],[12.760251,65.643425],[12.790141,65.633409],[12.761584,65.634555],[12.747639,65.628994],[12.744601,65.639048],[12.714463,65.641956],[12.713853,65.645387],[12.697232,65.642586],[12.685727,65.646856],[12.638041,65.646824],[12.643181,65.650762],[12.636799,65.661425],[12.644955,65.665247],[12.644564,65.671596],[12.630446,65.669523],[12.612041,65.651149],[12.604388,65.663146],[12.611395,65.664108],[12.607881,65.66856],[12.646821,65.685674],[12.639076,65.686963],[12.637588,65.693594],[12.602695,65.693464],[12.605675,65.701804],[12.593794,65.698209],[12.583247,65.718296],[12.515401,65.739625],[12.495246,65.735063],[12.474735,65.719407],[12.430908,65.697699],[12.348394,65.62783],[12.362422,65.63186],[12.366707,65.628358],[12.362824,65.605075],[12.369438,65.598911],[12.367362,65.594756],[12.373994,65.582004],[12.390462,65.577296],[12.418255,65.590138],[12.403769,65.580786],[12.403622,65.576047],[12.381612,65.566406],[12.389892,65.548551],[12.397849,65.544916],[12.395576,65.5418],[12.426111,65.528394],[12.448099,65.52447],[12.455376,65.533726],[12.509933,65.559342],[12.514377,65.573002],[12.539327,65.585166],[12.540685,65.581955],[12.531443,65.574835],[12.535904,65.573731],[12.519742,65.563817],[12.521518,65.555224],[12.502323,65.550931],[12.457862,65.520329],[12.49538,65.508792],[12.524905,65.514442],[12.555348,65.534451],[12.549286,65.558089],[12.553123,65.575275],[12.565291,65.587669],[12.572393,65.585084],[12.566044,65.574877],[12.5746,65.566406],[12.566585,65.559482],[12.571604,65.548097],[12.584915,65.535824],[12.58043,65.529446],[12.593507,65.523453],[12.628092,65.528126],[12.591581,65.517568],[12.570944,65.520348],[12.568452,65.513288],[12.549939,65.507548],[12.567608,65.501089],[12.581466,65.489759],[12.583431,65.479722],[12.595441,65.474126],[12.645304,65.484867],[12.665993,65.481176],[12.602331,65.466895],[12.605397,65.463913],[12.626476,65.454912],[12.644062,65.454741],[12.658959,65.459633],[12.781231,65.465212],[12.770401,65.458693],[12.74285,65.459497],[12.644803,65.447822],[12.644837,65.437106],[12.652085,65.433126],[12.644693,65.429463],[12.628483,65.436477],[12.611713,65.434929],[12.671384,65.399122],[12.711151,65.365477],[12.656849,65.400311],[12.633601,65.404208],[12.630703,65.416049],[12.603362,65.437139],[12.588222,65.442759],[12.576293,65.441866],[12.584137,65.42633],[12.581124,65.418081],[12.574026,65.419039],[12.591078,65.405729],[12.578891,65.405747],[12.566826,65.413141],[12.549987,65.40438],[12.563711,65.415017],[12.557961,65.421623],[12.567191,65.423434],[12.563129,65.424703],[12.570369,65.437629],[12.549925,65.450561],[12.526892,65.456155],[12.515229,65.453858],[12.54127,65.44649],[12.507931,65.44519],[12.495211,65.452585],[12.480662,65.445773],[12.467861,65.446208],[12.468119,65.451033],[12.498652,65.456226],[12.484858,65.460896],[12.45468,65.452754],[12.461593,65.445778],[12.458737,65.441529],[12.474026,65.438857],[12.46819,65.438581],[12.469739,65.430302],[12.498999,65.416203],[12.497722,65.412018],[12.49046,65.413991],[12.49261,65.409854],[12.520669,65.403156],[12.519463,65.394764],[12.509871,65.388637],[12.513965,65.383072],[12.502479,65.384989],[12.51425,65.39324],[12.512911,65.399703],[12.484144,65.40222],[12.488055,65.410065],[12.453231,65.424572],[12.442418,65.416885],[12.440816,65.420962],[12.447147,65.422891],[12.443369,65.426045],[12.443832,65.437896],[12.434777,65.451077],[12.454938,65.462466],[12.45238,65.478821],[12.388274,65.517603],[12.327694,65.537604],[12.327108,65.551535],[12.318923,65.557104],[12.326779,65.57377],[12.324775,65.57787],[12.291421,65.588467],[12.229587,65.553951],[12.245415,65.561307],[12.249343,65.557835],[12.235121,65.553584],[12.231952,65.543185],[12.25077,65.557549],[12.251854,65.560396],[12.263741,65.563838],[12.252903,65.555642],[12.274325,65.562885],[12.240162,65.547217],[12.244368,65.54504],[12.24283,65.536576],[12.26036,65.545364],[12.240062,65.518006],[12.251044,65.520895],[12.25415,65.527313],[12.256637,65.520458],[12.246419,65.516609],[12.235156,65.502017],[12.240823,65.499812],[12.2003,65.469231],[12.19391,65.457091],[12.208916,65.46226],[12.182207,65.450288],[12.178521,65.444182],[12.192615,65.453918],[12.176941,65.440931],[12.211168,65.450641],[12.214575,65.453574],[12.203244,65.451565],[12.223725,65.457164],[12.225759,65.464125],[12.234583,65.464707],[12.226385,65.472194],[12.23105,65.475977],[12.22207,65.477427],[12.222307,65.481942],[12.242425,65.482784],[12.262006,65.493493],[12.273907,65.493044],[12.296985,65.503641],[12.276831,65.487564],[12.247126,65.480732],[12.245711,65.472599],[12.237391,65.466452],[12.247022,65.465012],[12.277609,65.479024],[12.263904,65.466276],[12.299665,65.47527],[12.316522,65.492532],[12.305437,65.478477],[12.322533,65.482247],[12.307247,65.471688],[12.305802,65.475431],[12.297606,65.473083],[12.275311,65.460252],[12.29355,65.4622],[12.344646,65.493389],[12.331298,65.481619],[12.327629,65.468853],[12.353339,65.46727],[12.299884,65.444857],[12.27317,65.441766],[12.203683,65.417979],[12.202485,65.41371],[12.161354,65.390798],[12.169521,65.390625],[12.165469,65.382665],[12.175079,65.38387],[12.179457,65.380265],[12.177263,65.375954],[12.184667,65.374518],[12.23178,65.3831],[12.240516,65.382059],[12.266569,65.39358],[12.276132,65.392959],[12.254629,65.38321],[12.261795,65.3822],[12.258058,65.377928],[12.246007,65.376627],[12.23436,65.368079],[12.230236,65.36865],[12.241942,65.37962],[12.191855,65.371577],[12.20304,65.362394],[12.201658,65.359339],[12.215315,65.352508],[12.198721,65.346264],[12.195647,65.348889],[12.200017,65.360644],[12.195447,65.36785],[12.173702,65.365007],[12.163263,65.372033],[12.147755,65.37119],[12.146059,65.36476],[12.133991,65.358662],[12.141503,65.355556],[12.136339,65.352754],[12.140056,65.351421],[12.126237,65.348666],[12.129503,65.34594],[12.123629,65.343581],[12.12713,65.34207],[12.1137,65.338766],[12.128139,65.334321],[12.119619,65.331693],[12.127006,65.327203],[12.08829,65.314815],[12.092161,65.312598],[12.085043,65.304575],[12.145934,65.307669],[12.142678,65.304244],[12.147483,65.302653],[12.137205,65.300764],[12.139592,65.298271],[12.133708,65.296854],[12.136778,65.294827],[12.119585,65.289799],[12.128329,65.289479],[12.10497,65.283898],[12.133349,65.283935],[12.117011,65.274183],[12.129017,65.27079],[12.103711,65.264346],[12.116377,65.257109],[12.11447,65.253415],[12.095208,65.251278],[12.100496,65.249868],[12.099563,65.245717],[12.09055,65.242461],[12.102424,65.236905],[12.072357,65.230265],[12.06386,65.222683],[12.041066,65.216048],[12.052646,65.209211],[12.076434,65.209349],[12.137355,65.230184],[12.157079,65.229925],[12.191872,65.238768],[12.212539,65.246751],[12.248721,65.271292],[12.263773,65.274868],[12.271297,65.290871],[12.239153,65.300079],[12.241286,65.308259],[12.231506,65.310073],[12.227754,65.318243],[12.233266,65.320557],[12.229646,65.325679],[12.233767,65.330085],[12.247834,65.325595],[12.243398,65.317484],[12.264782,65.31629],[12.270835,65.311905],[12.278857,65.319913],[12.358928,65.328768],[12.38783,65.346766],[12.412499,65.355115],[12.418817,65.36273],[12.428289,65.364532],[12.429874,65.360842],[12.471555,65.370069],[12.469083,65.365391],[12.484423,65.363331],[12.424047,65.3481],[12.439847,65.341444],[12.422663,65.337494],[12.402529,65.322833],[12.426278,65.31827],[12.431018,65.319534],[12.424632,65.322819],[12.428333,65.324621],[12.436763,65.323763],[12.468426,65.335436],[12.461025,65.328913],[12.470483,65.327368],[12.46966,65.324192],[12.443754,65.32196],[12.449716,65.319643],[12.440053,65.316381],[12.449305,65.312776],[12.431006,65.308743],[12.382909,65.310236],[12.355959,65.303908],[12.335385,65.291608],[12.329675,65.270891],[12.310866,65.257781],[12.295864,65.256595],[12.302013,65.251295],[12.290704,65.253806],[12.253084,65.237557],[12.251086,65.230722],[12.276388,65.227515],[12.29238,65.23944],[12.290882,65.243205],[12.307702,65.250458],[12.304705,65.253108],[12.314868,65.258757],[12.339357,65.257781],[12.362847,65.266916],[12.393336,65.267962],[12.373509,65.256525],[12.392503,65.262174],[12.402333,65.25785],[12.408997,65.265382],[12.427991,65.269706],[12.424826,65.266637],[12.450318,65.260291],[12.434489,65.260152],[12.462147,65.257362],[12.441987,65.251923],[12.412827,65.258687],[12.40183,65.255409],[12.438821,65.249412],[12.385167,65.24739],[12.356508,65.236022],[12.334708,65.233303],[12.340537,65.232257],[12.334375,65.228979],[12.357689,65.221447],[12.428077,65.234767],[12.425082,65.230653],[12.446045,65.222145],[12.42814,65.214596],[12.434519,65.213672],[12.424661,65.208234],[12.458502,65.208546],[12.457364,65.20554],[12.464821,65.205338],[12.469897,65.201401],[12.467288,65.198971],[12.477503,65.198538],[12.472595,65.196529],[12.479134,65.194074],[12.502526,65.199968],[12.510951,65.195876],[12.433802,65.182824],[12.437318,65.187419],[12.416109,65.189159],[12.415112,65.192855],[12.366957,65.176885],[12.355668,65.168726],[12.351683,65.158544],[12.420011,65.139436],[12.49399,65.134136],[12.627214,65.184036],[12.72006,65.210509],[12.754015,65.227586],[12.76705,65.239563],[12.808223,65.257649],[12.809348,65.263617],[12.824629,65.268961],[12.833531,65.280193],[12.846512,65.279159],[12.844782,65.283473],[12.87676,65.304172],[12.913648,65.315695],[12.919135,65.323567],[12.943066,65.332689],[12.93952,65.32593],[12.951548,65.328683],[12.964912,65.322437],[12.959407,65.312991],[12.926745,65.30591],[12.922276,65.30282],[12.927206,65.30031],[12.921526,65.297477],[12.85899,65.275151],[12.853983,65.266642],[12.797124,65.230497],[12.792512,65.224607],[12.794157,65.212827],[12.785633,65.212923],[12.780564,65.219296],[12.773653,65.217751],[12.769045,65.210896],[12.706516,65.192013],[12.646811,65.159655],[12.598589,65.144462],[12.585987,65.132682],[12.541209,65.132006],[12.538453,65.129979],[12.544426,65.129592],[12.515743,65.120226],[12.507711,65.118585],[12.503351,65.123219],[12.492336,65.116267],[12.401269,65.099369],[12.405501,65.094095],[12.422151,65.095121],[12.422151,65.091741],[12.438858,65.087177],[12.451638,65.089563],[12.47929,65.10806],[12.495583,65.106032],[12.489139,65.095315],[12.482072,65.094732],[12.485716,65.089906],[12.459778,65.078376],[12.452457,65.077022],[12.455493,65.079175],[12.45143,65.081096],[12.436883,65.076571],[12.434948,65.071592],[12.424104,65.072343],[12.430315,65.076635],[12.412164,65.089187],[12.38573,65.093425],[12.365476,65.089456],[12.36555,65.084885],[12.325892,65.080557],[12.321937,65.068936],[12.264654,65.056958],[12.246715,65.057349],[12.254668,65.062057],[12.169606,65.048032],[12.173389,65.04327],[12.132786,65.0471],[12.094855,65.040484],[12.119404,65.050661],[12.075047,65.06529],[12.022205,65.06718],[12.008971,65.062534],[12.007908,65.066092],[11.979054,65.066939],[11.984321,65.071824],[12.034717,65.067852],[12.083078,65.070225],[12.131871,65.051267],[12.163525,65.057543],[12.181792,65.054735],[12.236425,65.063526],[12.290755,65.079753],[12.3275,65.096288],[12.331541,65.1108],[12.341301,65.112501],[12.302696,65.118488],[12.232907,65.10987],[12.260978,65.124248],[12.265011,65.132112],[12.261431,65.133672],[12.274201,65.140986],[12.295565,65.144076],[12.283849,65.144173],[12.303835,65.161457],[12.293728,65.169182],[12.273354,65.166059],[12.274126,65.179085],[12.266488,65.179004],[12.269488,65.183467],[12.26521,65.193231],[12.251342,65.193402],[12.254315,65.198571],[12.223126,65.212861],[12.201297,65.213456],[12.160598,65.200676],[12.14999,65.192417],[12.124539,65.191049],[12.111825,65.184013],[12.119583,65.183914],[12.1105,65.175691],[12.115588,65.174976],[12.115848,65.159027],[12.120894,65.155264],[12.113516,65.152874],[12.116663,65.142149],[12.107882,65.135753],[12.113345,65.124288],[12.125291,65.121392],[12.156211,65.128418],[12.166394,65.124047],[12.102649,65.11359],[12.091847,65.116203],[12.091835,65.125976],[12.085561,65.134026],[12.054036,65.108127],[12.072284,65.089166],[12.063756,65.088309],[12.06261,65.082731],[12.0684,65.079423],[12.043681,65.076615],[12.030747,65.092572],[12.014776,65.091086],[12.021132,65.096454],[12.015533,65.098459],[12.005934,65.09145],[11.977001,65.084414],[12.010586,65.100573],[12.008083,65.106494],[11.997308,65.105592],[11.99687,65.108774],[11.989534,65.106125],[11.980348,65.106109],[11.991655,65.110363],[11.984174,65.110629],[11.99173,65.11456],[12.009858,65.118107],[12.027755,65.138547],[12.019331,65.139353],[12.035659,65.149183],[12.024897,65.149145],[12.027445,65.155334],[12.011776,65.167047],[11.987505,65.167658],[11.985097,65.161079],[11.909046,65.139205],[11.893304,65.132173],[11.90078,65.131255],[11.887364,65.124939],[11.889306,65.122222],[11.881614,65.125117],[11.877457,65.124873],[11.879738,65.122854],[11.860564,65.116826],[11.863539,65.111982],[11.8432,65.106538],[11.846672,65.106676],[11.833354,65.097206],[11.839831,65.096871],[11.815176,65.085689],[11.836503,65.088931],[11.836094,65.085184],[11.808475,65.077962],[11.802978,65.070822],[11.783613,65.065423],[11.770769,65.051523],[11.746182,65.042449],[11.751364,65.042259],[11.747523,65.037603],[11.753217,65.034464],[11.739597,65.026062],[11.743628,65.02192],[11.73906,65.019965],[11.747161,65.018352],[11.750079,65.011437],[11.779005,65.015932],[11.943495,65.073043],[11.951588,65.07346],[11.952262,65.065119],[11.942508,65.063248],[11.951474,65.061149],[11.927133,65.060503],[11.828362,65.017922],[11.825082,65.017727],[11.833328,65.023268],[11.805194,65.020857],[11.801914,65.01209],[11.790241,65.010173],[11.789758,65.004926],[11.797483,64.998597],[11.788158,64.992638],[11.772902,64.995059],[11.776398,65.003193],[11.762004,65.006455],[11.754383,64.999197],[11.742513,65.003675],[11.726771,65.001419],[11.73008,65.00827],[11.71383,65.018193],[11.698148,65.01645],[11.680668,65.001718],[11.669834,65.000326],[11.676959,65.007981],[11.673242,65.009894],[11.630094,65.002738],[11.614324,64.997112],[11.611993,64.989046],[11.593178,64.980047],[11.617154,64.98259],[11.612507,64.978352],[11.622965,64.977471],[11.685189,64.984017],[11.70054,64.982324],[11.705184,64.979938],[11.703539,64.976068],[11.714942,64.973579],[11.720759,64.975022],[11.720031,64.984436],[11.73124,64.986918],[11.745997,64.985783],[11.744254,64.982894],[11.757535,64.985762],[11.769993,64.979347],[11.755911,64.971609],[11.731015,64.967773],[11.725417,64.961546],[11.731175,64.957094],[11.724388,64.954368],[11.712618,64.959534],[11.7051,64.9549],[11.685329,64.956918],[11.662438,64.951944],[11.675934,64.957847],[11.675973,64.963482],[11.665225,64.960996],[11.655932,64.969517],[11.612612,64.967051],[11.637943,64.953403],[11.642364,64.945174],[11.651114,64.94688],[11.647022,64.937307],[11.65537,64.936924],[11.653546,64.933233],[11.63684,64.938539],[11.623149,64.934349],[11.632789,64.940883],[11.631063,64.947396],[11.607036,64.963967],[11.591577,64.962021],[11.57294,64.945013],[11.569824,64.946565],[11.577399,64.955092],[11.568619,64.958353],[11.507047,64.950863],[11.476346,64.938473],[11.47774,64.934292],[11.492444,64.932068],[11.498565,64.922938],[11.511664,64.923412],[11.519659,64.916019],[11.517095,64.910462],[11.538231,64.900168],[11.560173,64.908615],[11.569588,64.916207],[11.567459,64.91891],[11.617297,64.930058],[11.588439,64.920437],[11.589314,64.915845],[11.598806,64.916688],[11.591643,64.912406],[11.586357,64.915426],[11.582554,64.909792],[11.590975,64.90601],[11.594027,64.898043],[11.579461,64.8983],[11.585693,64.905002],[11.579639,64.911162],[11.566788,64.910025],[11.558924,64.898281],[11.569278,64.894528],[11.564243,64.891388],[11.580597,64.892448],[11.572338,64.886827],[11.556184,64.895644],[11.541887,64.887782],[11.543911,64.894474],[11.531303,64.894867],[11.534691,64.898672],[11.520286,64.906824],[11.496467,64.912213],[11.498521,64.918889],[11.49032,64.92124],[11.498569,64.92172],[11.460376,64.930912],[11.467355,64.935636],[11.462315,64.937986],[11.355677,64.90242],[11.352547,64.899539],[11.357234,64.896891],[11.352081,64.894557],[11.306697,64.882724],[11.280146,64.866238],[11.280851,64.86006],[11.289647,64.859235],[11.280162,64.858694],[11.285464,64.855192],[11.282303,64.85429],[11.297627,64.850407],[11.276618,64.845853],[11.269746,64.839871],[11.307723,64.840107],[11.249999,64.828683],[11.252625,64.824657],[11.262312,64.826803],[11.25323,64.821653],[11.263927,64.822426],[11.241385,64.813391],[11.263649,64.812566],[11.24028,64.807215],[11.266639,64.807911],[11.277432,64.805331],[11.276727,64.801601],[11.297621,64.809036],[11.300847,64.815559],[11.290563,64.816074],[11.326656,64.821911],[11.30246,64.812298],[11.328479,64.806573],[11.389234,64.803308],[11.437937,64.812727],[11.443789,64.80998],[11.411986,64.802658],[11.4014,64.795428],[11.387678,64.792832],[11.391157,64.787013],[11.377208,64.783697],[11.384669,64.78092],[11.362216,64.778838],[11.360071,64.771539],[11.349511,64.768857],[11.35499,64.768519],[11.350293,64.765203],[11.308812,64.761103],[11.295359,64.752689],[11.285469,64.755084],[11.27579,64.751158],[11.269174,64.755534],[11.182274,64.741178],[11.219792,64.744341],[11.20404,64.738736],[11.213974,64.730606],[11.225826,64.737475],[11.227084,64.733613],[11.239024,64.735061],[11.276362,64.748526],[11.285163,64.747614],[11.219494,64.728959],[11.25008,64.728463],[11.322727,64.743958],[11.3934,64.751907],[11.418816,64.764012],[11.410925,64.768669],[11.424002,64.769282],[11.429425,64.775831],[11.46984,64.791875],[11.410963,64.788235],[11.467893,64.793977],[11.470448,64.798271],[11.467214,64.799195],[11.482886,64.801906],[11.463653,64.803877],[11.467003,64.807368],[11.505933,64.806604],[11.518484,64.814715],[11.551012,64.812779],[11.56972,64.817567],[11.571564,64.822739],[11.612409,64.827227],[11.64323,64.839404],[11.660264,64.863281],[11.63324,64.860481],[11.613786,64.866312],[11.703023,64.877948],[11.840242,64.914996],[11.885694,64.922202],[11.923569,64.933301],[11.954755,64.949183],[11.958272,64.943092],[11.97705,64.94582],[11.974086,64.941711],[11.982067,64.946313],[12.009513,64.9463],[12.030583,64.956256],[12.027718,64.962602],[12.044893,64.963652],[12.056393,64.970753],[12.063106,64.96469],[12.077452,64.963767],[12.117342,64.970567],[12.149307,64.96794],[12.181673,64.958604],[12.191715,64.950221],[12.207484,64.947504],[12.212929,64.943978],[12.252428,64.946478],[12.253842,64.950305],[12.298702,64.946647],[12.317309,64.937787],[12.392398,64.924523],[12.443458,64.895246],[12.439427,64.889429],[12.454993,64.890251],[12.442863,64.886465],[12.446965,64.880836],[12.441766,64.885929],[12.442513,64.887704],[12.434234,64.88605],[12.421097,64.894923],[12.423495,64.896899],[12.372756,64.920928],[12.338211,64.927634],[12.249296,64.935302],[12.235513,64.940691],[12.208076,64.932012],[12.173778,64.934498],[12.195206,64.944631],[12.17979,64.956554],[12.138172,64.964214],[12.071707,64.95682],[12.059212,64.946959],[12.036352,64.943901],[12.036805,64.936842],[12.026901,64.931159],[11.948074,64.932276],[11.873985,64.912048],[11.866815,64.904484],[11.858278,64.904114],[11.866906,64.909004],[11.862111,64.910294],[11.835003,64.90585],[11.770379,64.89138],[11.740622,64.879149],[11.693679,64.873506],[11.691208,64.868121],[11.717232,64.868242],[11.672922,64.860713],[11.663853,64.85506],[11.667539,64.848733],[11.655793,64.842698],[11.65343,64.836035],[11.679518,64.831964],[11.678512,64.835481],[11.697086,64.839082],[11.70119,64.838284],[11.693944,64.835108],[11.750856,64.841956],[11.763604,64.84425],[11.784822,64.859515],[11.801294,64.864665],[11.804891,64.864504],[11.797696,64.861608],[11.799779,64.859193],[11.816819,64.861044],[11.801483,64.856377],[11.798264,64.853883],[11.80243,64.851871],[11.794099,64.84825],[11.753464,64.835536],[11.786442,64.841442],[11.797839,64.839944],[11.794555,64.836774],[11.704101,64.830547],[11.625125,64.815068],[11.660476,64.815161],[11.679479,64.820215],[11.675399,64.815454],[11.686801,64.815442],[11.676615,64.813028],[11.695398,64.810833],[11.680825,64.807794],[11.702069,64.807556],[11.703617,64.804129],[11.743145,64.809095],[11.746356,64.806875],[11.743162,64.804454],[11.748191,64.803451],[11.737275,64.800323],[11.738506,64.793707],[11.781706,64.795411],[11.79339,64.800307],[11.788201,64.80176],[11.805401,64.805612],[11.814107,64.798655],[11.860935,64.799412],[11.866651,64.793844],[11.849479,64.795592],[11.852345,64.792642],[11.836827,64.791847],[11.838441,64.787321],[11.828367,64.788785],[11.822349,64.787313],[11.823128,64.783888],[11.809136,64.784431],[11.806656,64.780104],[11.815874,64.777708],[11.793646,64.779424],[11.794212,64.774874],[11.756185,64.774446],[11.733163,64.76764],[11.739059,64.771623],[11.73384,64.781978],[11.711476,64.785774],[11.703027,64.778321],[11.715837,64.777643],[11.71452,64.77406],[11.67677,64.76846],[11.649109,64.775938],[11.63056,64.767108],[11.602671,64.772311],[11.577879,64.768782],[11.566553,64.759651],[11.579691,64.757195],[11.569692,64.755301],[11.6366,64.761379],[11.623384,64.757609],[11.634638,64.754555],[11.611627,64.746596],[11.626943,64.744706],[11.604162,64.744223],[11.624438,64.74065],[11.62076,64.737342],[11.647321,64.736238],[11.627895,64.733094],[11.611301,64.740515],[11.585548,64.743088],[11.552316,64.755712],[11.52427,64.751116],[11.518314,64.748021],[11.539882,64.745294],[11.53818,64.739556],[11.521435,64.734471],[11.518719,64.728742],[11.425933,64.70968],[11.405628,64.712283],[11.401857,64.708552],[11.406252,64.700322],[11.4299,64.699659],[11.436722,64.690822],[11.400103,64.675634],[11.395289,64.679046],[11.398125,64.686052],[11.393132,64.686284],[11.380699,64.669518],[11.386532,64.653028],[11.410304,64.648147],[11.415802,64.635534],[11.430159,64.632922],[11.399534,64.630692],[11.422987,64.622864],[11.418811,64.620325],[11.428303,64.611144],[11.430772,64.617123],[11.437278,64.615407],[11.433268,64.609645],[11.44245,64.602362],[11.515703,64.566978],[11.522955,64.567085],[11.521527,64.562806],[11.525479,64.566585],[11.521218,64.571768],[11.529464,64.571607],[11.53315,64.564836],[11.550965,64.565564],[11.560766,64.573538],[11.570804,64.573202],[11.601562,64.585658],[11.606599,64.595089],[11.595996,64.601065],[11.598931,64.603797],[11.595131,64.606287],[11.561729,64.599529],[11.537907,64.600736],[11.580729,64.609366],[11.601237,64.620257],[11.608219,64.614691],[11.62852,64.614671],[11.615709,64.602245],[11.614932,64.592892],[11.603439,64.586633],[11.621565,64.586547],[11.608434,64.578792],[11.612145,64.569662],[11.634178,64.580809],[11.647833,64.583419],[11.654012,64.579988],[11.693444,64.593745],[11.732995,64.587365],[11.790061,64.58884],[11.725674,64.585072],[11.696579,64.576267],[11.622055,64.568319],[11.548832,64.532102],[11.549894,64.537321],[11.540936,64.544333],[11.560713,64.541897],[11.579234,64.551314],[11.576121,64.556918],[11.547903,64.560219],[11.544946,64.554413],[11.535372,64.559179],[11.521091,64.558266],[11.511708,64.564315],[11.506414,64.56176],[11.507036,64.568766],[11.491896,64.575285],[11.485542,64.57129],[11.495727,64.563871],[11.48479,64.559498],[11.470733,64.569042],[11.47377,64.577012],[11.480114,64.578463],[11.478887,64.583811],[11.440087,64.595666],[11.42698,64.60975],[11.392916,64.629448],[11.388973,64.625375],[11.396571,64.619967],[11.387918,64.614571],[11.395374,64.606859],[11.403183,64.609746],[11.395548,64.60573],[11.37599,64.618637],[11.375461,64.627952],[11.383588,64.628784],[11.376531,64.629535],[11.375538,64.640598],[11.365343,64.6414],[11.359082,64.638068],[11.363081,64.633803],[11.362456,64.621574],[11.373744,64.610224],[11.367491,64.601119],[11.382828,64.594528],[11.375493,64.593221],[11.370891,64.585509],[11.367662,64.591211],[11.356563,64.588181],[11.342257,64.571258],[11.343825,64.561391],[11.366844,64.560845],[11.359688,64.557724],[11.436831,64.540187],[11.443303,64.545147],[11.427437,64.550449],[11.470492,64.547151],[11.505489,64.56167],[11.517678,64.554413],[11.521465,64.55761],[11.527123,64.551181],[11.528302,64.547135],[11.517015,64.550412],[11.488495,64.542455],[11.509228,64.534243],[11.495594,64.528284],[11.514995,64.526601],[11.510738,64.529016],[11.52201,64.534887],[11.527458,64.530832],[11.523236,64.525884],[11.53761,64.52712],[11.534037,64.522203],[11.537284,64.518964],[11.514415,64.514569],[11.465512,64.519441],[11.446242,64.5078],[11.438306,64.497806],[11.444516,64.494573],[11.439646,64.491426],[11.459167,64.487427],[11.440712,64.485586],[11.441555,64.482251],[11.426984,64.475181],[11.445154,64.469173],[11.43808,64.463308],[11.438156,64.457608],[11.445841,64.453447],[11.463524,64.454928],[11.483547,64.468431],[11.503101,64.45954],[11.529048,64.468932],[11.577563,64.469766],[11.618867,64.480469],[11.637985,64.479599],[11.675159,64.466699],[11.695914,64.469551],[11.72161,64.462839],[11.74609,64.463402],[11.795153,64.442553],[11.853513,64.449428],[11.869231,64.444358],[11.886914,64.448188],[11.897022,64.443658],[11.922266,64.456693],[11.921802,64.469748],[11.907851,64.475879],[11.90759,64.480197],[11.955438,64.493239],[11.990411,64.497595],[11.999746,64.493138],[11.955434,64.492415],[11.937921,64.484215],[11.912994,64.480535],[11.909768,64.477907],[11.924007,64.470201],[11.9268,64.45819],[11.900157,64.442885],[11.862866,64.443012],[11.848333,64.447885],[11.82778,64.441651],[11.790005,64.440613],[11.739719,64.461149],[11.718479,64.461249],[11.702206,64.465593],[11.675015,64.462623],[11.64376,64.475767],[11.621209,64.476898],[11.582728,64.465066],[11.534789,64.464449],[11.529324,64.457751],[11.525092,64.45906],[11.529727,64.461646],[11.512452,64.456902],[11.521551,64.450189],[11.481799,64.443764],[11.485384,64.436741],[11.465266,64.439802],[11.463492,64.436105],[11.442954,64.433435],[11.4327,64.441607],[11.420406,64.434152],[11.404511,64.447731],[11.3782,64.434309],[11.38388,64.428731],[11.353089,64.418323],[11.37395,64.406001],[11.385058,64.405196],[11.387754,64.400886],[11.38064,64.401413],[11.386346,64.394461],[11.381415,64.392194],[11.391577,64.388852],[11.37429,64.390173],[11.381823,64.395881],[11.376438,64.400684],[11.331417,64.39253],[11.338124,64.390443],[11.330316,64.374548],[11.323759,64.375526],[11.32523,64.372688],[11.278004,64.355716],[11.27094,64.356762],[11.270753,64.352658],[11.256996,64.34606],[11.261829,64.338899],[11.251047,64.334473],[11.236532,64.317012],[11.211238,64.305517],[11.224615,64.314244],[11.216632,64.318479],[11.225505,64.332143],[11.259784,64.355153],[11.248816,64.362153],[11.264433,64.360946],[11.281024,64.376043],[11.316151,64.39108],[11.318754,64.40082],[11.329231,64.410357],[11.329165,64.417228],[11.337407,64.423661],[11.33543,64.433818],[11.341909,64.436812],[11.331176,64.440652],[11.343645,64.440718],[11.34717,64.449963],[11.338731,64.454308],[11.346135,64.460811],[11.333841,64.462878],[11.320753,64.455308],[11.300653,64.452732],[11.310603,64.444071],[11.327202,64.441751],[11.314385,64.442103],[11.317659,64.437818],[11.297403,64.440262],[11.296325,64.451005],[11.288437,64.454518],[11.306513,64.458848],[11.296545,64.463528],[11.262291,64.456943],[11.284504,64.453965],[11.248104,64.450184],[11.23373,64.453804],[11.225852,64.447574],[11.217444,64.452317],[11.194059,64.445574],[11.19208,64.437831],[11.165226,64.440286],[11.161569,64.443558],[11.182856,64.450399],[11.193125,64.463555],[11.194925,64.470026],[11.179304,64.473622],[11.189168,64.482157],[11.16647,64.495521],[11.151133,64.496187],[11.151093,64.499927],[11.114906,64.518211],[11.11605,64.521508],[11.127851,64.517593],[11.127877,64.52115],[11.099289,64.526781],[11.093587,64.519758],[11.098544,64.517038],[11.074797,64.515942],[11.073697,64.523787],[11.082507,64.534497],[11.072888,64.538417],[11.069781,64.550878],[11.075091,64.560108],[11.08487,64.559526],[11.089179,64.569588],[11.067561,64.567358],[11.058719,64.570174],[11.05368,64.577964],[11.024929,64.58673],[11.001206,64.584723],[10.999519,64.591643],[11.003268,64.593735],[10.999701,64.597587],[10.98409,64.604831],[10.958324,64.605653],[10.94905,64.597821],[10.952066,64.59405],[10.904877,64.578838],[10.920204,64.570005],[10.937954,64.570694],[10.945936,64.555525],[10.964691,64.547853],[10.962582,64.543181],[10.976014,64.537527],[10.973212,64.534021],[10.977179,64.531883],[10.967257,64.53333],[10.966958,64.527351],[10.959658,64.527839],[10.948557,64.520413],[10.969901,64.501137],[10.989132,64.502245],[10.984918,64.497294],[10.972384,64.500222],[10.976297,64.497677],[10.963204,64.495132],[10.965484,64.500787],[10.945826,64.510241],[10.9092,64.516268],[10.915581,64.508715],[10.928344,64.506569],[10.913188,64.50511],[10.914186,64.501161],[10.909798,64.500475],[10.889059,64.506655],[10.898437,64.496652],[10.891619,64.48911],[10.898917,64.487858],[10.910275,64.473352],[10.909501,64.469017],[10.900738,64.472319],[10.900188,64.465006],[10.894202,64.463233],[10.889736,64.465253],[10.895708,64.476444],[10.888065,64.488676],[10.873041,64.494295],[10.890428,64.495065],[10.87862,64.501419],[10.871845,64.498672],[10.851736,64.506909],[10.78562,64.511963],[10.790525,64.503922],[10.773931,64.508543],[10.777716,64.502106],[10.773381,64.501076],[10.779957,64.496698],[10.768399,64.491463],[10.758037,64.496956],[10.752657,64.493351],[10.768995,64.483995],[10.786719,64.463482],[10.775965,64.465628],[10.771584,64.474983],[10.762224,64.479618],[10.761029,64.474125],[10.767402,64.466915],[10.764614,64.462109],[10.754258,64.455757],[10.735339,64.457045],[10.739141,64.463653],[10.726987,64.472065],[10.6969,64.477987],[10.703463,64.474983],[10.695098,64.473867],[10.697289,64.470177],[10.6947,64.462194],[10.689323,64.462538],[10.690916,64.459276],[10.656281,64.45344],[10.656082,64.447775],[10.663645,64.44211],[10.702456,64.435844],[10.696516,64.430952],[10.705869,64.430179],[10.700069,64.42812],[10.705043,64.424601],[10.745582,64.431264],[10.748904,64.436121],[10.742303,64.44311],[10.761255,64.432535],[10.818696,64.436617],[10.800966,64.429863],[10.818835,64.415283],[10.795101,64.41983],[10.80423,64.415235],[10.799366,64.412228],[10.804233,64.405975],[10.783234,64.405521],[10.80331,64.394175],[10.82329,64.391127],[10.821105,64.382372],[10.845539,64.37233],[10.834439,64.368389],[10.809418,64.370693],[10.817782,64.375698],[10.802234,64.380484],[10.805138,64.382585],[10.799458,64.38666],[10.76239,64.37865],[10.751662,64.388981],[10.759197,64.394087],[10.749978,64.401255],[10.758921,64.405375],[10.751593,64.415281],[10.732692,64.41267],[10.677591,64.417562],[10.663268,64.426575],[10.668854,64.42915],[10.658494,64.431725],[10.660881,64.434814],[10.643384,64.439106],[10.6402,64.445372],[10.622087,64.450865],[10.616713,64.458847],[10.603576,64.455585],[10.601585,64.448719],[10.605566,64.447088],[10.587381,64.444115],[10.593405,64.441423],[10.589116,64.438367],[10.568869,64.444989],[10.55277,64.438419],[10.566585,64.435932],[10.566955,64.428635],[10.57807,64.431124],[10.580089,64.424999],[10.603064,64.424412],[10.612262,64.429886],[10.610276,64.415846],[10.625186,64.418592],[10.638809,64.413084],[10.614263,64.404945],[10.632342,64.403314],[10.640085,64.391041],[10.619621,64.389925],[10.625383,64.391642],[10.606707,64.396877],[10.601869,64.406124],[10.588555,64.411535],[10.586508,64.417248],[10.569394,64.420661],[10.530688,64.439621],[10.521934,64.436789],[10.529096,64.431553],[10.498253,64.42709],[10.497855,64.421511],[10.462969,64.411229],[10.456486,64.403829],[10.471598,64.397049],[10.487684,64.396791],[10.482515,64.393864],[10.488281,64.388466],[10.501399,64.390955],[10.499699,64.396924],[10.556227,64.402971],[10.58288,64.395434],[10.566028,64.390203],[10.572578,64.385813],[10.60567,64.390268],[10.610831,64.388809],[10.604478,64.382973],[10.619169,64.386492],[10.622942,64.380827],[10.616756,64.376866],[10.62989,64.372759],[10.614137,64.368714],[10.618785,64.363146],[10.631479,64.365034],[10.639413,64.361],[10.65647,64.366493],[10.690189,64.361773],[10.669759,64.354734],[10.643974,64.352846],[10.632822,64.344123],[10.621225,64.346473],[10.614041,64.341816],[10.608216,64.343222],[10.615577,64.349616],[10.589795,64.35912],[10.582703,64.367761],[10.526118,64.375356],[10.510358,64.372504],[10.518559,64.3631],[10.510872,64.360093],[10.512907,64.35585],[10.555165,64.343576],[10.580737,64.329844],[10.575727,64.327634],[10.56459,64.327334],[10.566147,64.331331],[10.518443,64.344868],[10.491872,64.358168],[10.467096,64.353275],[10.515465,64.337997],[10.491677,64.339714],[10.481171,64.346581],[10.444238,64.353697],[10.453213,64.346323],[10.449762,64.343279],[10.452618,64.340229],[10.479175,64.331732],[10.449646,64.330616],[10.447664,64.32478],[10.461339,64.316797],[10.4481,64.306787],[10.457157,64.306422],[10.454939,64.299428],[10.46534,64.305297],[10.47707,64.300403],[10.504079,64.306036],[10.486182,64.297576],[10.496501,64.297978],[10.488735,64.292681],[10.494809,64.289966],[10.447339,64.298526],[10.444626,64.294078],[10.456863,64.28893],[10.454289,64.285499],[10.458764,64.282947],[10.450594,64.278583],[10.437845,64.285485],[10.441673,64.290075],[10.437134,64.29819],[10.398234,64.29601],[10.404826,64.294273],[10.398612,64.291741],[10.40591,64.281849],[10.392209,64.280272],[10.393725,64.275953],[10.4127,64.273891],[10.404197,64.270348],[10.422389,64.264612],[10.421074,64.260453],[10.426984,64.255986],[10.40664,64.258755],[10.405985,64.264057],[10.371861,64.284964],[10.35584,64.2808],[10.352867,64.272282],[10.341607,64.274035],[10.338652,64.266801],[10.353768,64.267123],[10.348456,64.263662],[10.355695,64.260042],[10.35211,64.256097],[10.322423,64.247875],[10.295978,64.247292],[10.278525,64.235804],[10.264759,64.237118],[10.274175,64.229834],[10.352311,64.215946],[10.394092,64.201647],[10.377955,64.180937],[10.36169,64.176368],[10.366103,64.183236],[10.357103,64.178413],[10.369336,64.189635],[10.371225,64.197712],[10.347919,64.206488],[10.30201,64.212301],[10.298433,64.204219],[10.308887,64.203713],[10.292203,64.198255],[10.302802,64.187533],[10.284743,64.194647],[10.291003,64.201751],[10.28669,64.207309],[10.250169,64.204793],[10.254884,64.198083],[10.251896,64.193156],[10.266725,64.189777],[10.270011,64.186185],[10.266129,64.185326],[10.246665,64.189762],[10.237496,64.201577],[10.212926,64.206886],[10.202474,64.203182],[10.191614,64.19126],[10.195872,64.188516],[10.187924,64.183701],[10.196724,64.180736],[10.206574,64.183792],[10.216459,64.181378],[10.214429,64.175612],[10.22544,64.176052],[10.21664,64.170592],[10.22211,64.168348],[10.220219,64.165319],[10.210716,64.161052],[10.222384,64.158382],[10.22804,64.149578],[10.189304,64.154596],[10.199676,64.16311],[10.174924,64.178971],[10.166198,64.174164],[10.163368,64.170029],[10.16815,64.168666],[10.162287,64.165709],[10.175342,64.157435],[10.18867,64.156702],[10.172405,64.152366],[10.176202,64.143579],[10.157737,64.147069],[10.128584,64.134628],[10.125951,64.130436],[10.129571,64.129282],[10.121048,64.127092],[10.125381,64.124596],[10.118614,64.12515],[10.133117,64.112566],[10.170137,64.104428],[10.210736,64.102918],[10.253461,64.116007],[10.257977,64.11388],[10.256624,64.103291],[10.247117,64.104751],[10.173824,64.08433],[10.168882,64.076869],[10.158215,64.08255],[10.136518,64.068225],[10.1304,64.070457],[10.138322,64.082604],[10.080971,64.104574],[10.060887,64.105734],[10.051764,64.099985],[10.028115,64.098033],[10.028137,64.090828],[10.038234,64.081863],[10.022896,64.086722],[10.014659,64.084448],[10.021071,64.083514],[10.022682,64.077484],[10.043362,64.061614],[10.082566,64.05031],[10.065111,64.040293],[10.035154,64.035714],[10.051883,64.033342],[10.04426,64.02737],[10.056987,64.019755],[10.066526,64.023514],[10.064072,64.013732],[10.026401,64.028678],[10.019701,64.022011],[10.003246,64.017384],[10.024382,64.014459],[10.033087,64.00659],[10.006981,64.014087],[9.999251,64.012719],[10.056755,63.988511],[10.049472,63.988166],[10.050228,63.984685],[10.009391,63.998951],[9.992827,63.998253],[9.992645,63.993782],[10.00597,63.991837],[9.996199,63.985909],[9.997496,63.980562],[10.005908,63.977735],[9.976509,63.975546],[9.979757,63.970864],[9.970926,63.970266],[9.96645,63.96168],[9.952845,63.958914],[9.955681,63.951584],[9.934204,63.944255],[9.956536,63.943759],[9.956932,63.9488],[9.967302,63.948732],[9.974007,63.951453],[9.97152,63.953789],[9.982437,63.951776],[10.028184,63.96309],[10.011111,63.971202],[10.033012,63.964022],[10.048651,63.966623],[10.039161,63.963453],[10.047484,63.961],[10.110023,63.975624],[10.074951,63.965629],[10.109878,63.970509],[10.062093,63.953076],[10.114036,63.96548],[10.087097,63.946589],[10.075484,63.948779],[10.027546,63.938762],[10.015963,63.930539],[9.975642,63.918488],[9.96071,63.921345],[9.939914,63.913152],[9.969913,63.917385],[9.960832,63.911257],[9.932276,63.905684],[9.955774,63.906441],[9.970497,63.900898],[9.990995,63.906611],[9.974823,63.913087],[9.993242,63.916545],[9.986075,63.911333],[9.998183,63.908062],[10.006069,63.913748],[9.99815,63.917794],[10.03732,63.9274],[10.044622,63.928864],[10.047948,63.926986],[10.044798,63.922889],[10.057286,63.919431],[10.087813,63.9267],[10.099089,63.934915],[10.084718,63.93478],[10.097821,63.9404],[10.09551,63.944299],[10.100713,63.948526],[10.106069,63.938992],[10.125815,63.942675],[10.119164,63.938693],[10.193625,63.960336],[10.186068,63.95136],[10.222964,63.958603],[10.204859,63.952418],[10.201174,63.940751],[10.204205,63.935959],[10.222801,63.938981],[10.222409,63.927157],[10.205547,63.925686],[10.21085,63.927606],[10.198674,63.927732],[10.187035,63.934006],[10.187298,63.94164],[10.176569,63.936748],[10.172165,63.938609],[10.177281,63.942174],[10.171331,63.941932],[10.1571,63.937428],[10.158306,63.932049],[10.151708,63.935553],[10.115798,63.929],[10.120495,63.923656],[10.01909,63.905908],[10.004959,63.897745],[9.990814,63.896771],[9.965171,63.881464],[9.937521,63.87518],[9.937848,63.871494],[9.93189,63.874357],[9.930489,63.881419],[9.913626,63.877693],[9.959668,63.896645],[9.948134,63.897728],[9.939017,63.891507],[9.926814,63.893218],[9.923914,63.897941],[9.903277,63.889804],[9.895813,63.89364],[9.876227,63.890134],[9.829231,63.871867],[9.846383,63.86795],[9.85056,63.865127],[9.84831,63.861763],[9.859899,63.863279],[9.853657,63.857907],[9.865211,63.856679],[9.85977,63.853078],[9.883903,63.861378],[9.88351,63.858261],[9.846859,63.844725],[9.837231,63.846852],[9.853535,63.855423],[9.818304,63.850353],[9.812408,63.843594],[9.824056,63.841398],[9.808721,63.831256],[9.790136,63.832423],[9.768511,63.823393],[9.705973,63.823596],[9.692533,63.816511],[9.688444,63.821969],[9.697147,63.828112],[9.697487,63.824645],[9.713326,63.825723],[9.734021,63.832266],[9.783766,63.837436],[9.791881,63.842262],[9.799768,63.839178],[9.802852,63.844482],[9.807744,63.840918],[9.819524,63.859639],[9.818265,63.865952],[9.754494,63.851484],[9.765611,63.858409],[9.763075,63.864258],[9.753844,63.866194],[9.713702,63.849826],[9.692433,63.849893],[9.665035,63.832652],[9.639294,63.828923],[9.612412,63.815277],[9.664582,63.825107],[9.66962,63.820721],[9.68049,63.823811],[9.68176,63.817719],[9.655414,63.814268],[9.653058,63.810914],[9.661547,63.811002],[9.65051,63.804952],[9.647384,63.809062],[9.612122,63.800856],[9.610025,63.791858],[9.586913,63.788493],[9.569573,63.779555],[9.560276,63.768496],[9.613684,63.756495],[9.764353,63.768702],[9.797568,63.769251],[9.804243,63.766623],[9.802787,63.761794],[9.7729,63.765838],[9.724717,63.75842],[9.725699,63.754208],[9.70465,63.755828],[9.660397,63.737741],[9.618177,63.728428],[9.591113,63.728927],[9.591948,63.725774],[9.551702,63.721321],[9.548691,63.720465],[9.552762,63.715639],[9.530017,63.713025],[9.539347,63.712635],[9.530472,63.71008],[9.538347,63.708749],[9.560969,63.713879],[9.574721,63.708987],[9.568717,63.7083],[9.578789,63.699245],[9.572009,63.686843],[9.578785,63.68547],[9.562248,63.676071],[9.563969,63.672423],[9.552357,63.663626],[9.542391,63.661652],[9.55468,63.658261],[9.549464,63.652141],[9.566775,63.654313],[9.567017,63.650188],[9.593076,63.672209],[9.614944,63.6762],[9.66767,63.674759],[9.664488,63.676801],[9.668931,63.68955],[9.664964,63.693881],[9.679103,63.698344],[9.679103,63.702378],[9.740601,63.696357],[9.751719,63.703371],[9.82297,63.715285],[9.834654,63.724051],[9.843763,63.724437],[9.848514,63.718783],[9.863086,63.721332],[9.883041,63.729732],[9.877076,63.736708],[9.91022,63.743227],[9.934107,63.753867],[9.999806,63.757288],[10.035429,63.762894],[10.066172,63.774788],[10.119766,63.782973],[10.117771,63.777746],[10.078156,63.773993],[10.064876,63.766585],[10.076443,63.76714],[10.074709,63.763299],[10.04859,63.759087],[10.014571,63.731624],[10.043227,63.732633],[10.073454,63.742887],[10.081423,63.749936],[10.120926,63.751355],[10.083313,63.741026],[10.077922,63.733202],[10.051561,63.724984],[10.044328,63.717634],[10.017352,63.719836],[9.984051,63.709596],[9.978876,63.715636],[9.981891,63.721466],[9.955764,63.716701],[9.937316,63.707022],[9.955874,63.703952],[9.960831,63.697],[9.923987,63.698132],[9.91312,63.702711],[9.874545,63.690772],[9.878984,63.686703],[9.871361,63.680958],[9.859164,63.680427],[9.862436,63.685983],[9.859004,63.689403],[9.826167,63.689703],[9.815637,63.684426],[9.819232,63.677146],[9.828907,63.672557],[9.803666,63.661011],[9.806824,63.656567],[9.830298,63.65509],[9.829059,63.646814],[9.857399,63.644314],[9.806413,63.627381],[9.823018,63.620026],[9.824209,63.608927],[9.839227,63.6054],[9.833689,63.601128],[9.839904,63.594979],[9.852329,63.591979],[9.855441,63.586308],[9.918044,63.593163],[9.923958,63.589541],[9.918924,63.583697],[9.927047,63.582509],[9.895886,63.572067],[9.893727,63.563262],[9.904086,63.561535],[9.903255,63.555872],[9.919176,63.55043],[9.921471,63.544661],[9.910287,63.536513],[9.911817,63.531049],[9.9402,63.49926],[9.981029,63.496735],[9.987854,63.492886],[9.987531,63.487295],[9.996156,63.486073],[10.0237,63.494195],[10.047452,63.490806],[10.102969,63.495913],[10.12708,63.50181],[10.15811,63.521935],[10.201313,63.536096],[10.212126,63.543783],[10.214426,63.551188],[10.232539,63.555651],[10.308417,63.555292],[10.357429,63.57419],[10.420867,63.5711],[10.418378,63.581679],[10.426267,63.588867],[10.456944,63.593651],[10.460469,63.599848],[10.486415,63.604574],[10.533524,63.623285],[10.564744,63.628242],[10.605868,63.647543],[10.609252,63.662789],[10.62113,63.670449],[10.667372,63.678035],[10.699452,63.690652],[10.76127,63.705447],[10.800893,63.708329],[10.925348,63.734261],[10.95561,63.745404],[11.005639,63.791815],[11.012296,63.804319],[11.00472,63.804815],[11.012903,63.809265],[10.999861,63.811873],[11.017323,63.821934],[11.04085,63.825311],[11.071081,63.842286],[11.049399,63.859319],[11.049989,63.873194],[11.043555,63.874469],[11.048916,63.880632],[11.032951,63.881721],[11.027846,63.887362],[11.012047,63.885973],[10.979965,63.892374],[10.964743,63.906804],[10.939309,63.9051],[10.932907,63.897567],[10.88143,63.882238],[10.855043,63.871222],[10.851446,63.865083],[10.815779,63.854599],[10.737192,63.847627],[10.707379,63.841689],[10.698503,63.835807],[10.698881,63.840547],[10.687554,63.84064],[10.674053,63.835659],[10.688939,63.835394],[10.675858,63.832289],[10.683035,63.829008],[10.664679,63.825386],[10.67395,63.824472],[10.667591,63.817996],[10.628628,63.810568],[10.599644,63.79941],[10.594198,63.799067],[10.600811,63.804388],[10.59128,63.806534],[10.606063,63.807564],[10.683855,63.843035],[10.890152,63.893132],[10.923805,63.904164],[10.989307,63.941376],[11.012,63.945901],[11.021772,63.95663],[11.101262,63.981861],[11.170132,63.993614],[11.186767,64.003934],[11.207309,64.007233],[11.220005,64.02053],[11.221503,64.028537],[11.228271,64.029454],[11.221036,64.030168],[11.218999,64.041825],[11.210521,64.048282],[11.217447,64.054878],[11.216308,64.062269],[11.22437,64.06626],[11.222981,64.073012],[11.262409,64.076766],[11.33127,64.096341],[11.333808,64.099825],[11.326642,64.102482],[11.304767,64.100793],[11.320656,64.108096],[11.308025,64.112058],[11.315105,64.114964],[11.33357,64.109718],[11.359908,64.113002],[11.364664,64.108387],[11.37749,64.10983],[11.383819,64.105221],[11.3659,64.098873],[11.338742,64.096947],[11.283995,64.079806],[11.270725,64.069589],[11.268132,64.074673],[11.235026,64.07015],[11.230264,64.057839],[11.232555,64.037833],[11.238635,64.028048],[11.249999,64.025949],[11.26306,64.026805],[11.28399,64.036698],[11.305057,64.037023],[11.308266,64.032351],[11.316545,64.038936],[11.313993,64.032754],[11.324538,64.031935],[11.358593,64.0394],[11.36227,64.037755],[11.353934,64.034461],[11.372885,64.035901],[11.365398,64.032895],[11.370339,64.030949],[11.360986,64.031965],[11.346303,64.025642],[11.371963,64.03009],[11.377377,64.025339],[11.34118,64.016054],[11.375925,64.017643],[11.433174,64.028428],[11.445026,64.019802],[11.432819,64.014264],[11.464627,64.010401],[11.467968,64.01122],[11.465446,64.01564],[11.480131,64.012309],[11.486877,64.016631],[11.490304,64.017033],[11.493609,64.015773],[11.48409,64.011829],[11.493588,64.005047],[11.428804,63.984602],[11.41134,63.974798],[11.392727,63.982005],[11.380391,63.979041],[11.378335,63.970029],[11.358861,63.975651],[11.325352,63.968547],[11.317993,63.960814],[11.312397,63.969224],[11.293833,63.972184],[11.296092,63.975279],[11.291798,63.977555],[11.283715,63.976276],[11.272171,63.964733],[11.257819,63.961465],[11.260564,63.95748],[11.255505,63.952976],[11.211298,63.937667],[11.209982,63.932485],[11.227139,63.940357],[11.198561,63.91614],[11.187293,63.912573],[11.186467,63.917826],[11.171123,63.909629],[11.146727,63.904424],[11.143323,63.907928],[11.137567,63.903666],[11.141154,63.909756],[11.131212,63.906403],[11.134922,63.911222],[11.113141,63.898546],[11.07796,63.887894],[11.073113,63.882215],[11.077218,63.875065],[11.069951,63.868529],[11.072457,63.859581],[11.080715,63.845511],[11.094913,63.837506],[11.136975,63.838806],[11.176554,63.845067],[11.190968,63.855715],[11.19838,63.853062],[11.210182,63.857249],[11.220639,63.854805],[11.211267,63.858754],[11.226272,63.864729],[11.246826,63.861933],[11.292048,63.870878],[11.302813,63.868664],[11.309073,63.876864],[11.306741,63.880216],[11.331583,63.895419],[11.332475,63.903412],[11.323965,63.906872],[11.318702,63.915632],[11.345298,63.924151],[11.347305,63.928144],[11.34113,63.932867],[11.346427,63.934],[11.344012,63.937108],[11.360616,63.933913],[11.374322,63.949304],[11.383906,63.945758],[11.375545,63.93373],[11.367101,63.93003],[11.376338,63.92593],[11.366277,63.921178],[11.377402,63.91807],[11.378172,63.915153],[11.361593,63.912134],[11.361706,63.906644],[11.351316,63.89793],[11.351998,63.893836],[11.374951,63.886898],[11.376624,63.881252],[11.35682,63.865163],[11.337631,63.859558],[11.291923,63.869727],[11.298033,63.862862],[11.294792,63.860341],[11.31574,63.854351],[11.31083,63.855731],[11.304051,63.848634],[11.31321,63.839525],[11.299567,63.836117],[11.340698,63.838913],[11.369378,63.834327],[11.401975,63.847818],[11.411241,63.837652],[11.438164,63.832541],[11.43972,63.825416],[11.432132,63.821554],[11.409745,63.823604],[11.398605,63.818079],[11.437969,63.813143],[11.443699,63.805363],[11.463496,63.803987],[11.472974,63.801138],[11.481888,63.783321],[11.50647,63.782703],[11.479687,63.78308],[11.467008,63.798766],[11.448096,63.803359],[11.441195,63.796494],[11.431731,63.800122],[11.437595,63.790816],[11.432711,63.784603],[11.44062,63.785505],[11.421723,63.767534],[11.385632,63.781035],[11.372908,63.773283],[11.329104,63.769895],[11.334991,63.764592],[11.323114,63.762371],[11.32259,63.757751],[11.295583,63.75367],[11.30085,63.749023],[11.292356,63.744471],[11.283559,63.743156],[11.279802,63.744414],[11.29633,63.750142],[11.274696,63.765916],[11.238476,63.75735],[11.211909,63.75741],[11.204018,63.735294],[11.210221,63.720875],[11.189479,63.711519],[11.166605,63.712034],[11.150648,63.71813],[11.143148,63.707743],[11.083725,63.703155],[11.088341,63.711003],[11.079781,63.707914],[11.080363,63.701391],[11.047622,63.696499],[11.04336,63.698988],[11.043884,63.711605],[10.997205,63.712893],[11.005921,63.709631],[11.005146,63.704996],[10.953302,63.700753],[10.895213,63.677279],[10.854549,63.648777],[10.844699,63.647919],[10.854743,63.644829],[10.844893,63.638992],[10.802982,63.63204],[10.778067,63.636847],[10.715295,63.617436],[10.713427,63.609263],[10.704141,63.605368],[10.70308,63.594275],[10.6731,63.582001],[10.677936,63.573149],[10.671842,63.569373],[10.670782,63.558987],[10.628084,63.548568],[10.648332,63.538541],[10.674629,63.542761],[10.741601,63.573858],[10.749825,63.573503],[10.750568,63.567979],[10.763244,63.567831],[10.910122,63.615303],[10.913788,63.615389],[10.900474,63.60878],[10.902015,63.604746],[10.932898,63.61305],[10.916296,63.604059],[10.940613,63.601742],[10.91456,63.600969],[10.891208,63.592386],[10.912051,63.59333],[10.922279,63.588867],[10.920349,63.585949],[10.872875,63.588181],[10.876541,63.585863],[10.850848,63.574942],[10.873374,63.572903],[10.859183,63.562607],[10.890983,63.564758],[10.890592,63.561694],[10.914256,63.568071],[10.909888,63.564275],[10.919574,63.565213],[10.910671,63.559244],[10.937118,63.562704],[10.896744,63.545801],[10.869733,63.546586],[10.834577,63.540105],[10.81338,63.544235],[10.774166,63.537862],[10.756722,63.521215],[10.752553,63.510096],[10.758071,63.500367],[10.775803,63.492455],[10.77738,63.4833],[10.80853,63.472938],[10.843136,63.47061],[10.879036,63.478072],[10.879498,63.471295],[10.886979,63.469448],[10.881838,63.465788],[10.899957,63.474208],[10.912154,63.466352],[10.907931,63.458912],[10.904224,63.460029],[10.908939,63.465346],[10.897395,63.469923],[10.899452,63.459277],[10.887196,63.458146],[10.896044,63.457181],[10.894616,63.450651],[10.901131,63.449845],[10.907798,63.455584],[10.905638,63.449077],[10.919125,63.44678],[10.932734,63.45332],[10.945053,63.452769],[10.922204,63.445959],[10.889344,63.449236],[10.844528,63.435839],[10.84531,63.439066],[10.82747,63.435082],[10.834016,63.439661],[10.828156,63.441351],[10.824245,63.436144],[10.804191,63.433175],[10.804215,63.42146],[10.810081,63.418679],[10.7935,63.412741],[10.783272,63.414467],[10.774915,63.426459],[10.76177,63.432685],[10.729008,63.436249],[10.718709,63.432827],[10.642626,63.443655],[10.614341,63.437564],[10.601748,63.442522],[10.552262,63.430231],[10.524531,63.431529],[10.486498,63.442386],[10.473469,63.439038],[10.466423,63.45112],[10.449253,63.457374],[10.422841,63.447697],[10.42247,63.44013],[10.417248,63.444701],[10.405555,63.441177],[10.403665,63.444315],[10.398087,63.440493],[10.400876,63.439286],[10.380992,63.432285],[10.351211,63.433573],[10.34888,63.442976],[10.340701,63.447461],[10.303999,63.45407],[10.189328,63.450766],[10.180207,63.449113],[10.181215,63.44272],[10.159183,63.437199],[10.142496,63.42593],[10.115077,63.424179],[10.09172,63.416893],[10.065846,63.402233],[10.065891,63.393813],[10.056539,63.385799],[10.069821,63.371425],[10.089434,63.368797],[10.109524,63.35324],[10.130809,63.35206],[10.152939,63.344502],[10.206459,63.346569],[10.261347,63.339565],[10.264359,63.3355],[10.253464,63.327718],[10.277552,63.322794],[10.278031,63.316787],[10.2742,63.322809],[10.253674,63.326705],[10.252475,63.33119],[10.260116,63.336803],[10.234637,63.341297],[10.21865,63.339302],[10.209702,63.32396],[10.16849,63.31117],[10.151211,63.319939],[10.102027,63.329455],[10.075384,63.325635],[10.058835,63.343477],[10.043507,63.349286],[9.994738,63.346322],[9.973686,63.349829],[9.864121,63.31464],[9.851801,63.317227],[9.850076,63.312658],[9.846345,63.310096],[9.851035,63.318251],[9.841064,63.318355],[9.827211,63.305099],[9.834001,63.301988],[9.826777,63.302716],[9.826468,63.306861],[9.839341,63.319484],[9.82463,63.322639],[9.909862,63.35087],[9.943334,63.373712],[9.964163,63.404363],[9.979443,63.442185],[9.929615,63.455044],[9.927032,63.462308],[9.909792,63.462081],[9.905272,63.464732],[9.90594,63.471135],[9.849342,63.485876],[9.85225,63.50238],[9.842787,63.505694],[9.830904,63.502926],[9.831599,63.508278],[9.808887,63.518471],[9.827166,63.526534],[9.831996,63.541748],[9.814783,63.55598],[9.791391,63.561633],[9.794256,63.568422],[9.786772,63.57707],[9.758654,63.582987],[9.763154,63.593343],[9.752981,63.596437],[9.754362,63.604715],[9.742274,63.608212],[9.742274,63.616831],[9.71818,63.616216],[9.74035,63.62349],[9.747398,63.641803],[9.754657,63.645948],[9.694669,63.642751],[9.691515,63.64113],[9.695443,63.639259],[9.670751,63.635258],[9.674246,63.632813],[9.663385,63.62537],[9.644395,63.621582],[9.610484,63.623662],[9.570512,63.608544],[9.530607,63.601025],[9.524663,63.595846],[9.532083,63.593122],[9.493554,63.579935],[9.499192,63.577043],[9.504417,63.581182],[9.516747,63.579638],[9.546045,63.586571],[9.564163,63.583143],[9.567681,63.580437],[9.558901,63.570391],[9.572209,63.564371],[9.575746,63.543432],[9.585231,63.534969],[9.585381,63.529031],[9.576141,63.534161],[9.56995,63.554346],[9.552319,63.569204],[9.536533,63.570994],[9.505066,63.564895],[9.493094,63.567292],[9.496534,63.572146],[9.48938,63.573349],[9.477609,63.567619],[9.483149,63.56265],[9.459439,63.562112],[9.461721,63.559009],[9.453547,63.555543],[9.466623,63.553323],[9.446861,63.546144],[9.449573,63.540963],[9.442566,63.536779],[9.436425,63.539515],[9.430428,63.532015],[9.412612,63.525904],[9.412922,63.521836],[9.419029,63.5209],[9.413635,63.519331],[9.422157,63.51023],[9.418873,63.50751],[9.426516,63.504191],[9.417649,63.500493],[9.399206,63.507148],[9.390718,63.516062],[9.399913,63.521229],[9.390723,63.520308],[9.389305,63.526331],[9.396604,63.535453],[9.393214,63.538169],[9.399753,63.545136],[9.398493,63.55134],[9.407136,63.54897],[9.413242,63.555574],[9.399767,63.554189],[9.392783,63.559648],[9.381968,63.554038],[9.359351,63.552351],[9.358893,63.548098],[9.35049,63.545873],[9.352681,63.55001],[9.345194,63.548761],[9.343819,63.542789],[9.318939,63.529148],[9.323381,63.523648],[9.316592,63.51942],[9.296881,63.515756],[9.292251,63.520332],[9.302223,63.524625],[9.293181,63.528684],[9.243464,63.523333],[9.266178,63.506384],[9.274781,63.507377],[9.261793,63.491585],[9.251311,63.49175],[9.260733,63.502935],[9.251274,63.503312],[9.242027,63.511622],[9.240401,63.519449],[9.232138,63.519945],[9.218815,63.517456],[9.200332,63.50338],[9.178718,63.504633],[9.18454,63.501014],[9.179788,63.496465],[9.148635,63.488446],[9.171868,63.482979],[9.16825,63.480291],[9.174979,63.477888],[9.169019,63.470078],[9.184593,63.466473],[9.174981,63.463275],[9.176409,63.46013],[9.219763,63.458437],[9.232907,63.448218],[9.269098,63.453689],[9.285123,63.451436],[9.288787,63.455615],[9.295206,63.448459],[9.304389,63.446849],[9.33249,63.455281],[9.334234,63.464786],[9.338633,63.466374],[9.284583,63.467671],[9.30149,63.47963],[9.283559,63.479226],[9.288125,63.484809],[9.277778,63.493644],[9.28029,63.495998],[9.310671,63.4863],[9.315862,63.480635],[9.301577,63.471932],[9.32413,63.476086],[9.347396,63.472309],[9.338652,63.463314],[9.342974,63.459606],[9.340667,63.455915],[9.429567,63.466389],[9.477719,63.481396],[9.511233,63.48499],[9.496818,63.48204],[9.502104,63.479251],[9.480001,63.478768],[9.498981,63.477373],[9.497609,63.471408],[9.485407,63.471419],[9.495857,63.470346],[9.493686,63.465995],[9.459111,63.463511],[9.45451,63.467689],[9.440041,63.467604],[9.434086,63.464399],[9.435577,63.461239],[9.40826,63.459308],[9.366787,63.446473],[9.356811,63.450864],[9.333902,63.444213],[9.3239,63.445725],[9.286803,63.433704],[9.282442,63.44133],[9.27371,63.443727],[9.257211,63.434251],[9.237168,63.438052],[9.230704,63.429112],[9.220544,63.431795],[9.220593,63.435482],[9.207643,63.435459],[9.192191,63.430378],[9.184214,63.422519],[9.187505,63.418432],[9.177357,63.414495],[9.195924,63.394627],[9.206167,63.392615],[9.215208,63.383206],[9.235232,63.390204],[9.239659,63.385844],[9.230852,63.37268],[9.25019,63.367912],[9.31847,63.375315],[9.365551,63.374671],[9.496919,63.396845],[9.490127,63.388783],[9.337374,63.358919],[9.320174,63.358294],[9.317155,63.359694],[9.327603,63.362919],[9.313597,63.364363],[9.297413,63.362195],[9.262007,63.347013],[9.23998,63.348062],[9.24578,63.33962],[9.241155,63.338075],[9.243414,63.333875],[9.235801,63.332118],[9.221742,63.339159],[9.205043,63.340585],[9.202882,63.335165],[9.191916,63.335016],[9.175158,63.32356],[9.145056,63.319856],[9.127978,63.310133],[9.132136,63.302207],[9.095295,63.287392],[9.089916,63.298687],[9.094891,63.302398],[9.089815,63.303582],[9.095539,63.310241],[9.086981,63.31092],[9.11623,63.331979],[9.138626,63.341613],[9.121864,63.343781],[9.126871,63.348107],[9.120803,63.349014],[9.140624,63.361607],[9.180869,63.373872],[9.175564,63.379075],[9.150854,63.377041],[9.146956,63.383836],[9.155426,63.393634],[9.154819,63.399135],[9.148072,63.406957],[9.140092,63.408117],[9.140624,63.416574],[9.132055,63.421615],[9.101644,63.419802],[9.09981,63.423697],[9.118876,63.427485],[9.089947,63.428077],[9.097153,63.442821],[9.072399,63.441994],[9.060313,63.444487],[9.06215,63.448051],[9.029288,63.44638],[9.03125,63.451418],[9.022462,63.465315],[9.00164,63.465117],[8.996458,63.461547],[9.002622,63.454105],[8.996773,63.449355],[9.003192,63.447799],[8.976975,63.44058],[9.001931,63.429394],[8.971948,63.419772],[8.989646,63.42124],[9.024435,63.41277],[9.008963,63.411186],[9.010047,63.407631],[8.966623,63.405862],[8.968213,63.408984],[8.955227,63.408247],[8.971208,63.412727],[8.959557,63.411646],[8.957648,63.416698],[8.947231,63.420198],[8.937493,63.41759],[8.942595,63.425612],[8.937035,63.426712],[8.919792,63.42102],[8.919756,63.415403],[8.92647,63.413172],[8.915277,63.410729],[8.910964,63.415376],[8.903437,63.415089],[8.910923,63.411927],[8.901641,63.407118],[8.899008,63.41658],[8.882789,63.411457],[8.906705,63.398602],[8.901433,63.393468],[8.911185,63.393586],[8.906046,63.388276],[8.893394,63.389633],[8.882751,63.404832],[8.873797,63.407704],[8.882602,63.418086],[8.879964,63.423501],[8.870796,63.4248],[8.871693,63.429256],[8.79788,63.424735],[8.768003,63.427162],[8.737478,63.420725],[8.741473,63.416489],[8.738002,63.413544],[8.708986,63.417328],[8.659337,63.410301],[8.650954,63.403012],[8.656128,63.393233],[8.65205,63.390891],[8.666113,63.38959],[8.665035,63.385245],[8.674894,63.37429],[8.710063,63.358305],[8.713174,63.351974],[8.703173,63.346814],[8.731166,63.35],[8.75659,63.343863],[8.843936,63.351318],[8.844744,63.347228],[8.767475,63.343116],[8.706325,63.327491],[8.698948,63.330425],[8.676512,63.327097],[8.657927,63.317945],[8.63089,63.319993],[8.600898,63.312706],[8.56639,63.312337],[8.541574,63.302597],[8.525983,63.303267],[8.522559,63.299952],[8.536027,63.300047],[8.529539,63.297472],[8.532896,63.291556],[8.516752,63.287208],[8.502098,63.291794],[8.493302,63.28125],[8.499959,63.278589],[8.491853,63.277853],[8.509692,63.276186],[8.514081,63.271809],[8.518013,63.277002],[8.530302,63.271723],[8.523464,63.26932],[8.534553,63.262625],[8.526485,63.258419],[8.527657,63.254814],[8.551521,63.253613],[8.560482,63.245029],[8.553439,63.241081],[8.574971,63.234815],[8.568802,63.230266],[8.586029,63.225288],[8.577943,63.218679],[8.599205,63.210611],[8.584926,63.200998],[8.607582,63.207178],[8.612723,63.201427],[8.597559,63.193102],[8.62167,63.18924],[8.640518,63.188725],[8.67831,63.197908],[8.710686,63.192415],[8.830292,63.202216],[8.98604,63.207932],[8.977201,63.201505],[8.869059,63.193193],[8.841025,63.196916],[8.824014,63.191143],[8.745575,63.182822],[8.73614,63.18661],[8.700001,63.184425],[8.572346,63.167645],[8.546887,63.158942],[8.567067,63.148942],[8.556048,63.142331],[8.575207,63.130692],[8.566735,63.130167],[8.604279,63.127913],[8.611755,63.123783],[8.607604,63.119373],[8.624048,63.118],[8.625845,63.105125],[8.631546,63.102036],[8.620365,63.095297],[8.608369,63.098251],[8.592141,63.121318],[8.564016,63.122937],[8.542385,63.136709],[8.51058,63.13136],[8.49714,63.136228],[8.500764,63.140599],[8.46666,63.133425],[8.455527,63.139324],[8.434963,63.137125],[8.431445,63.140473],[8.434297,63.142023],[8.428281,63.142659],[8.371656,63.133138],[8.335738,63.145538],[8.335665,63.150688],[8.245912,63.146313],[8.240316,63.139598],[8.257426,63.131261],[8.253914,63.128927],[8.27368,63.119202],[8.292036,63.119271],[8.326053,63.109453],[8.31319,63.104306],[8.338382,63.093967],[8.323014,63.087246],[8.345924,63.084982],[8.288171,63.073478],[8.28016,63.077871],[8.286373,63.086912],[8.307985,63.096203],[8.290662,63.102471],[8.279615,63.100045],[8.265838,63.107426],[8.267625,63.110157],[8.258846,63.111144],[8.248358,63.123473],[8.250203,63.127258],[8.234841,63.134545],[8.232502,63.14131],[8.203522,63.138353],[8.159593,63.123914],[8.162111,63.118763],[8.156453,63.117596],[8.164328,63.109471],[8.161019,63.106659],[8.183106,63.099959],[8.177668,63.094111],[8.182358,63.090159],[8.179832,63.087966],[8.193019,63.079585],[8.234,63.067363],[8.234611,63.048032],[8.217157,63.035581],[8.221093,63.029326],[8.307094,63.008594],[8.349327,63.021301],[8.379495,63.019826],[8.381978,63.014439],[8.475918,63.022213],[8.494177,63.018754],[8.441027,63.008699],[8.388997,63.009818],[8.386796,63.012229],[8.348902,63.009446],[8.323428,62.995712],[8.347116,62.987371],[8.366212,62.969813],[8.409151,62.974319],[8.450099,62.988149],[8.470386,62.986484],[8.463838,62.989833],[8.578483,63.022621],[8.589484,63.021852],[8.473624,62.984807],[8.471264,62.975457],[8.463828,62.970786],[8.511408,62.9684],[8.573078,62.986615],[8.611339,62.991121],[8.623103,62.986635],[8.651867,62.991056],[8.65541,62.987323],[8.650124,62.987146],[8.643232,62.982564],[8.648779,62.984866],[8.653426,62.974083],[8.649175,62.973096],[8.653164,62.97129],[8.679494,62.977659],[8.660918,62.970742],[8.584216,62.966359],[8.5309,62.956831],[8.505623,62.955933],[8.483242,62.961097],[8.45511,62.952772],[8.425506,62.951839],[8.422097,62.948001],[8.431446,62.934428],[8.457615,62.924688],[8.459498,62.911713],[8.474682,62.901878],[8.498763,62.899818],[8.522146,62.887929],[8.540026,62.887215],[8.544311,62.884587],[8.535389,62.882461],[8.541983,62.879187],[8.587175,62.885302],[8.612805,62.880936],[8.620713,62.869277],[8.629607,62.867042],[8.625954,62.847998],[8.632444,62.848715],[8.632539,62.841959],[8.691091,62.832184],[8.701083,62.827652],[8.699229,62.820649],[8.689152,62.819878],[8.662692,62.830154],[8.633784,62.831128],[8.61327,62.848233],[8.596959,62.854426],[8.592371,62.865725],[8.583305,62.868456],[8.518847,62.865167],[8.492729,62.878487],[8.455916,62.885773],[8.419896,62.902315],[8.414325,62.902103],[8.424275,62.896118],[8.425458,62.889624],[8.445745,62.878005],[8.514532,62.857192],[8.52145,62.845149],[8.514861,62.838995],[8.499995,62.836288],[8.486308,62.846543],[8.455574,62.847113],[8.432826,62.85752],[8.417324,62.870624],[8.370819,62.886945],[8.343141,62.879276],[8.342837,62.874529],[8.328169,62.870994],[8.31705,62.861647],[8.308473,62.858368],[8.317789,62.867395],[8.303247,62.865071],[8.318934,62.879572],[8.341895,62.890993],[8.322259,62.912582],[8.301232,62.918439],[8.285605,62.928456],[8.303563,62.929286],[8.300665,62.932422],[8.290051,62.929687],[8.313635,62.94908],[8.335144,62.957495],[8.33435,62.965003],[8.27861,62.984265],[8.253697,62.975153],[8.255194,62.980044],[8.244599,62.982327],[8.257864,62.988591],[8.257955,62.99683],[8.194747,63.01079],[8.174828,63.026309],[8.152622,63.026816],[8.133991,63.034554],[8.134969,63.041716],[8.13019,63.043358],[8.135922,63.044518],[8.119544,63.04475],[8.127509,63.052007],[8.128402,63.063134],[8.140474,63.068271],[8.143193,63.074873],[8.132905,63.076304],[8.140449,63.083449],[8.131861,63.084089],[8.128421,63.091421],[8.115769,63.091349],[8.111307,63.106751],[8.067415,63.110356],[7.980863,63.089382],[7.968663,63.07767],[7.974632,63.072901],[7.970321,63.070686],[7.978114,63.067306],[7.973107,63.063907],[7.980983,63.063472],[7.972648,63.056116],[7.979277,63.049169],[7.962433,63.041137],[7.913325,63.040698],[7.904822,63.036908],[7.907378,63.032835],[7.886305,63.025256],[7.89362,63.020089],[7.892185,63.016163],[7.900004,63.014295],[7.888798,63.010854],[7.894456,63.004189],[7.890304,63.002987],[7.892946,62.996292],[7.903172,62.993546],[7.884875,62.993553],[7.882208,62.989544],[7.903215,62.98917],[7.934043,62.997622],[7.954961,62.998237],[7.96759,63.009498],[7.987394,63.014273],[7.991547,63.017576],[7.987593,63.019407],[7.993758,63.022062],[7.985176,63.02859],[7.967366,63.019139],[7.951275,63.021529],[7.963115,63.031595],[7.965644,63.040237],[7.982862,63.038607],[7.974487,63.031214],[7.983997,63.03277],[8.008404,63.02187],[7.989077,63.011205],[8.003628,63.005369],[8.000198,62.999884],[8.025944,62.998009],[8.028022,62.994919],[8.023157,62.993031],[8.038601,62.990456],[8.03599,62.988739],[8.04937,62.980842],[8.048067,62.976894],[8.072607,62.973976],[8.08262,62.965393],[8.136965,62.947165],[8.141045,62.937961],[8.151496,62.933149],[8.153704,62.919713],[8.159462,62.916111],[8.153568,62.909563],[8.205321,62.911751],[8.191751,62.903958],[8.167268,62.901141],[8.150458,62.890811],[8.166317,62.868962],[8.157355,62.856806],[8.175704,62.849511],[8.192132,62.829453],[8.222112,62.822646],[8.24854,62.809718],[8.277305,62.811971],[8.279536,62.80784],[8.323746,62.803516],[8.339413,62.789494],[8.397248,62.777644],[8.442826,62.761953],[8.445463,62.759008],[8.439744,62.757379],[8.440484,62.752648],[8.446884,62.7484],[8.453851,62.749519],[8.446201,62.757024],[8.452954,62.756256],[8.543564,62.72953],[8.556308,62.716656],[8.56082,62.697348],[8.556049,62.685089],[8.538495,62.679989],[8.547304,62.676784],[8.536678,62.676902],[8.529827,62.671337],[8.519377,62.677993],[8.518445,62.687813],[8.506801,62.695398],[8.508321,62.717243],[8.493211,62.719026],[8.486264,62.72585],[8.435767,62.732125],[8.434641,62.720551],[8.421027,62.720755],[8.402894,62.747025],[8.352726,62.764621],[8.337366,62.764791],[8.314487,62.776819],[8.313516,62.7848],[8.264157,62.780448],[8.204855,62.798449],[8.175753,62.802504],[8.175313,62.809587],[8.141991,62.820357],[8.113713,62.857861],[8.106952,62.880201],[8.112316,62.888684],[8.089731,62.890802],[8.106395,62.903139],[8.101626,62.905658],[8.119985,62.921224],[8.104406,62.920905],[8.102126,62.923735],[8.110048,62.927618],[8.075753,62.937109],[8.064438,62.954085],[8.044013,62.954039],[8.0362,62.967757],[8.022853,62.96544],[7.972805,62.973311],[7.949307,62.964218],[7.888293,62.960354],[7.870733,62.954088],[7.864632,62.946193],[7.838878,62.951136],[7.753276,62.920488],[7.727214,62.915282],[7.686332,62.897103],[7.67924,62.899108],[7.712548,62.924485],[7.793746,62.960227],[7.7632,62.96916],[7.75116,62.967451],[7.743,62.973464],[7.731215,62.969379],[7.686808,62.969212],[7.588992,62.937719],[7.600119,62.934489],[7.594056,62.927011],[7.56555,62.926017],[7.538524,62.912302],[7.485981,62.907502],[7.471419,62.900687],[7.449275,62.907797],[7.45702,62.909802],[7.454211,62.911618],[7.458985,62.91952],[7.448903,62.938951],[7.432754,62.942978],[7.416154,62.958586],[7.384989,62.959597],[7.378149,62.96763],[7.346259,62.970601],[7.342558,62.974457],[7.319573,62.972306],[7.31607,62.980163],[7.326583,62.994277],[7.308483,63.002593],[7.29178,62.999073],[7.309358,63.009609],[7.347006,63.015155],[7.334201,63.017146],[7.264627,63.004388],[7.245264,63.002754],[7.250226,63.007271],[7.241865,63.006692],[7.244189,63.009027],[7.230924,63.003153],[7.235044,63.001099],[7.215019,63.00245],[7.215695,62.998673],[7.208797,62.999833],[7.214618,62.997006],[7.211335,62.995747],[7.178399,62.993631],[7.164691,62.997516],[7.139773,62.993365],[7.156651,62.992453],[7.156654,62.984792],[7.150242,62.982699],[7.13401,62.985969],[7.120181,62.982889],[7.118498,62.989056],[7.103786,62.9899],[7.106364,62.985937],[7.090865,62.985252],[7.100156,62.979191],[7.085997,62.97225],[7.097621,62.968606],[7.092417,62.960798],[7.071599,62.971021],[7.054014,62.973601],[7.058077,62.969155],[7.054992,62.967252],[7.032871,62.96845],[7.043399,62.962193],[7.039408,62.957889],[7.013708,62.955507],[7.025823,62.952562],[7.016674,62.949918],[7.007565,62.949854],[7.012304,62.952382],[7.008601,62.955002],[6.99791,62.952537],[7.007116,62.94967],[6.992602,62.945326],[7.003757,62.945292],[6.979936,62.940726],[6.984723,62.93994],[6.978573,62.938184],[6.980633,62.933418],[6.975011,62.940808],[6.953158,62.937713],[6.962991,62.937368],[6.946223,62.931676],[6.964811,62.931873],[6.963115,62.929288],[6.901699,62.911851],[6.897699,62.908259],[6.911258,62.905641],[6.90542,62.902677],[6.932311,62.902422],[6.91728,62.89799],[6.967063,62.900663],[6.942924,62.893855],[6.940379,62.891925],[6.945712,62.888109],[6.938093,62.883229],[6.955078,62.890346],[6.955778,62.894795],[6.97806,62.896201],[6.975457,62.887851],[6.967407,62.885478],[6.96935,62.882172],[6.966176,62.875026],[6.995382,62.873703],[6.990065,62.86087],[7.006963,62.860022],[7.012691,62.854044],[7.005531,62.851362],[7.009694,62.848405],[6.990912,62.841298],[6.997382,62.834619],[7.031293,62.840899],[7.036487,62.836845],[7.065854,62.838379],[7.135405,62.851295],[7.172993,62.849828],[7.174855,62.84686],[7.154932,62.842215],[7.200708,62.834615],[7.179871,62.824689],[7.179549,62.819642],[7.208774,62.811958],[7.241135,62.809986],[7.234272,62.804959],[7.218647,62.808151],[7.178914,62.803753],[7.160943,62.807356],[7.15421,62.820007],[7.105153,62.813922],[7.100202,62.818597],[7.085577,62.816158],[7.073789,62.818629],[7.079612,62.822741],[7.11595,62.826466],[7.10255,62.826315],[7.096953,62.831717],[7.071438,62.825617],[7.069576,62.831427],[7.045638,62.819627],[7.040528,62.821846],[7.043512,62.824491],[7.028249,62.821764],[7.032121,62.826982],[7.025411,62.829785],[7.006567,62.818867],[7.023141,62.820116],[7.005178,62.813594],[6.99368,62.812565],[7.017631,62.814424],[7.012625,62.809726],[7.001139,62.80979],[7.006573,62.809131],[6.976298,62.795739],[6.980119,62.79422],[6.97645,62.791942],[6.989584,62.786989],[6.969608,62.776809],[6.980572,62.774219],[6.976272,62.77028],[6.990417,62.768219],[6.989776,62.763206],[6.995595,62.759315],[6.987023,62.754054],[6.993979,62.747495],[6.989106,62.741868],[6.969414,62.735237],[6.992136,62.730354],[6.982086,62.728459],[6.981707,62.724205],[7.080085,62.733788],[7.148615,62.732746],[7.258405,62.742933],[7.317295,62.755236],[7.453206,62.770495],[7.495814,62.780938],[7.542437,62.781868],[7.635646,62.793778],[7.676417,62.791931],[7.655137,62.785153],[7.663945,62.781816],[7.718842,62.792815],[7.677201,62.779848],[7.617612,62.78036],[7.531722,62.772537],[7.361777,62.738525],[7.374133,62.735318],[7.365683,62.732406],[7.370635,62.731195],[7.414277,62.731192],[7.419251,62.728262],[7.392577,62.720806],[7.417222,62.722358],[7.419992,62.720832],[7.412815,62.71769],[7.426817,62.717602],[7.407702,62.712753],[7.422711,62.711772],[7.416762,62.708176],[7.373729,62.706732],[7.344522,62.695966],[7.359391,62.690432],[7.413584,62.690363],[7.443126,62.696256],[7.443606,62.690411],[7.455346,62.689406],[7.451301,62.68387],[7.501158,62.687064],[7.874006,62.762842],[7.963853,62.769361],[7.958309,62.764879],[8.068584,62.776458],[8.069521,62.770708],[8.020465,62.758038],[8.020041,62.749679],[8.045332,62.743585],[8.053388,62.737405],[8.080646,62.738027],[8.112753,62.728672],[8.112005,62.722321],[8.135188,62.713952],[8.147478,62.696679],[8.147317,62.687516],[8.132421,62.684156],[8.134564,62.686804],[8.121654,62.690337],[8.117203,62.702047],[8.106283,62.699157],[8.092207,62.713338],[8.085938,62.7101],[8.045756,62.721317],[8.032901,62.730104],[7.993302,62.74368],[7.957753,62.74574],[7.930578,62.739518],[7.941171,62.725046],[7.934513,62.723207],[7.922827,62.724511],[7.911872,62.732122],[7.872678,62.73654],[7.829705,62.732853],[7.711434,62.709624],[7.68266,62.697692],[7.621392,62.693324],[7.598093,62.680305],[7.547795,62.676403],[7.502333,62.66409],[7.497344,62.659557],[7.508361,62.645347],[7.508172,62.634932],[7.541382,62.617905],[7.544945,62.590978],[7.534843,62.587627],[7.523419,62.593193],[7.519214,62.588203],[7.503861,62.586037],[7.509757,62.592983],[7.51106,62.609216],[7.496221,62.618935],[7.498239,62.629945],[7.489533,62.639506],[7.462823,62.642162],[7.395009,62.630074],[7.407134,62.618186],[7.415433,62.598274],[7.445249,62.584541],[7.468706,62.585185],[7.454855,62.577846],[7.461073,62.572868],[7.475952,62.566345],[7.544719,62.55862],[7.548808,62.554328],[7.727379,62.584884],[7.785396,62.573682],[7.745772,62.567567],[7.6844,62.569673],[7.665271,62.56407],[7.673885,62.561415],[7.667367,62.558277],[7.692661,62.556735],[7.702525,62.553395],[7.663387,62.556577],[7.658466,62.548963],[7.568666,62.536974],[7.56039,62.531154],[7.567003,62.503494],[7.562723,62.497951],[7.54168,62.501246],[7.525756,62.532891],[7.508101,62.535557],[7.517087,62.542872],[7.477431,62.545711],[7.472098,62.535815],[7.447699,62.532831],[7.438417,62.539222],[7.436335,62.548707],[7.415042,62.562369],[7.378443,62.572703],[7.380209,62.577846],[7.367098,62.588283],[7.369554,62.592073],[7.363235,62.595819],[7.364457,62.603107],[7.359046,62.607744],[7.338512,62.611277],[7.326618,62.607478],[7.289083,62.608173],[7.261031,62.623214],[7.242942,62.6216],[7.246732,62.618368],[7.244131,62.61298],[7.230016,62.61068],[7.197335,62.623852],[7.169411,62.627658],[7.167487,62.631929],[7.147575,62.628714],[7.143681,62.625463],[7.146768,62.615352],[7.126912,62.605446],[7.153571,62.567311],[7.146559,62.559243],[7.150732,62.550708],[7.139931,62.523561],[7.129093,62.526889],[7.134468,62.535577],[7.125633,62.546996],[7.133806,62.55735],[7.123312,62.568097],[7.124785,62.576009],[7.108111,62.583317],[7.099469,62.611894],[7.094861,62.614047],[7.09937,62.620242],[7.090696,62.625886],[7.096033,62.630446],[7.079098,62.635954],[7.089118,62.64215],[7.0828,62.653313],[6.968325,62.654709],[6.909592,62.646626],[6.908605,62.636861],[6.933419,62.628994],[6.939378,62.615078],[6.925215,62.612272],[6.930153,62.609155],[6.916938,62.600246],[6.933946,62.585611],[6.914691,62.574765],[6.920019,62.588071],[6.90904,62.589067],[6.902731,62.598371],[6.877974,62.614358],[6.825091,62.63656],[6.820682,62.646996],[6.770154,62.65563],[6.66148,62.632689],[6.670739,62.602798],[6.6602,62.611966],[6.653364,62.629849],[6.62561,62.629215],[6.62877,62.626694],[6.623973,62.620662],[6.62536,62.614324],[6.614836,62.611124],[6.621753,62.609527],[6.621952,62.607561],[6.632267,62.605741],[6.634694,62.597759],[6.621508,62.581136],[6.625775,62.571666],[6.612727,62.568503],[6.61702,62.566602],[6.613435,62.557765],[6.602108,62.564823],[6.612852,62.587637],[6.60535,62.592325],[6.587157,62.589586],[6.589358,62.594484],[6.571656,62.59707],[6.572204,62.625247],[6.527966,62.616993],[6.458802,62.615323],[6.455533,62.611142],[6.473976,62.605827],[6.465783,62.601555],[6.469783,62.582171],[6.459476,62.565668],[6.453346,62.570699],[6.458108,62.579617],[6.454697,62.585357],[6.457233,62.593789],[6.4543,62.59673],[6.448585,62.591995],[6.450827,62.609271],[6.443653,62.608406],[6.441661,62.615153],[6.387109,62.606157],[6.33596,62.614659],[6.312709,62.601498],[6.25776,62.584583],[6.264395,62.576724],[6.27205,62.575681],[6.279239,62.563161],[6.273738,62.55846],[6.27919,62.552547],[6.267099,62.548939],[6.288326,62.543134],[6.253716,62.529431],[6.386126,62.536583],[6.450764,62.532806],[6.536637,62.543192],[6.573706,62.542934],[6.577776,62.541135],[6.575712,62.53644],[6.586046,62.531319],[6.520165,62.528124],[6.464345,62.515084],[6.47425,62.51204],[6.502417,62.517713],[6.547014,62.516665],[6.609674,62.523966],[6.626139,62.520585],[6.601521,62.513692],[6.617675,62.509791],[6.605042,62.503109],[6.697583,62.500448],[6.712414,62.497551],[6.6922,62.494934],[6.72245,62.491895],[6.679687,62.493583],[6.665089,62.488999],[6.678323,62.486227],[6.661152,62.482047],[6.62799,62.493832],[6.631067,62.498707],[6.624293,62.502123],[6.604788,62.495295],[6.607237,62.497855],[6.59688,62.503579],[6.576038,62.497637],[6.552734,62.497523],[6.520685,62.504641],[6.530241,62.509859],[6.507505,62.505109],[6.510771,62.501232],[6.506448,62.500071],[6.473334,62.506503],[6.470101,62.500272],[6.453672,62.494193],[6.37681,62.486017],[6.372246,62.480734],[6.374969,62.477486],[6.353768,62.474266],[6.255599,62.46965],[6.244495,62.471698],[6.262287,62.473075],[6.260067,62.479216],[6.198246,62.477994],[6.185004,62.483932],[6.152426,62.476568],[6.155539,62.474319],[6.090575,62.471426],[6.09568,62.465869],[6.086787,62.458735],[6.094041,62.455238],[6.165042,62.459604],[6.171199,62.464109],[6.126888,62.46358],[6.115672,62.467497],[6.124125,62.472347],[6.12547,62.467645],[6.138551,62.471305],[6.223999,62.471171],[6.222992,62.464698],[6.25415,62.465005],[6.247066,62.459961],[6.251968,62.45643],[6.30785,62.462854],[6.353273,62.460292],[6.358358,62.458044],[6.346829,62.457152],[6.352862,62.454375],[6.344027,62.452875],[6.354625,62.447405],[6.356944,62.445205],[6.351648,62.442681],[6.35685,62.441253],[6.345633,62.439868],[6.34957,62.437368],[6.3434,62.433706],[6.396482,62.431188],[6.39904,62.428188],[6.389892,62.42501],[6.387546,62.419413],[6.394351,62.419134],[6.430197,62.431638],[6.485371,62.429917],[6.537087,62.435464],[6.626278,62.463372],[6.618678,62.465322],[6.636039,62.461563],[6.657636,62.46516],[6.699765,62.486554],[6.723285,62.489714],[6.719236,62.484663],[6.702569,62.481022],[6.710989,62.474093],[6.812856,62.482375],[6.813374,62.474449],[6.776363,62.468154],[6.774298,62.45933],[6.875317,62.460365],[6.884408,62.452126],[6.890388,62.452576],[6.888608,62.447265],[6.942612,62.427202],[6.949744,62.413394],[6.946688,62.400177],[6.961462,62.386369],[6.985851,62.382751],[6.9796,62.376857],[6.937566,62.37493],[6.941075,62.364299],[6.96195,62.340696],[6.96144,62.331491],[6.991538,62.312565],[7.008346,62.308187],[7.06117,62.30896],[7.08555,62.304068],[7.094601,62.295141],[7.127359,62.298317],[7.191809,62.284584],[7.220052,62.286596],[7.247466,62.296944],[7.267746,62.297115],[7.283602,62.290936],[7.304053,62.295184],[7.313838,62.291622],[7.341131,62.293306],[7.432755,62.250499],[7.428759,62.245413],[7.41415,62.245426],[7.425338,62.235628],[7.415362,62.234463],[7.403298,62.242941],[7.404316,62.251266],[7.389819,62.253693],[7.366437,62.27025],[7.337962,62.277597],[7.330553,62.287315],[7.307793,62.282761],[7.266827,62.285322],[7.240564,62.269663],[7.238026,62.257676],[7.230221,62.253857],[7.214761,62.262272],[7.169575,62.263943],[7.131959,62.28079],[7.101278,62.276805],[7.051288,62.280061],[7.037313,62.275705],[7.033801,62.259499],[7.039775,62.244686],[7.036794,62.234217],[7.043677,62.224153],[7.03667,62.208431],[7.03776,62.193544],[7.043586,62.18679],[7.040111,62.17177],[7.026368,62.160069],[6.985144,62.143075],[6.964482,62.1215],[6.963547,62.114296],[6.984852,62.111378],[7.023706,62.095842],[7.046932,62.094726],[7.082219,62.099619],[7.12198,62.124081],[7.143459,62.125819],[7.18901,62.114339],[7.204651,62.101298],[7.196061,62.099346],[7.175724,62.111473],[7.138932,62.116227],[7.118726,62.112543],[7.08698,62.091992],[7.019641,62.085227],[6.960708,62.103228],[6.934498,62.106542],[6.87419,62.083071],[6.86953,62.089584],[6.926912,62.117841],[6.93601,62.127673],[6.937345,62.136279],[6.971177,62.158834],[7.017115,62.177233],[7.018145,62.196295],[7.004545,62.21673],[7.010116,62.248904],[7.007105,62.264621],[7.000042,62.272659],[7.009184,62.284689],[6.980471,62.286365],[6.967207,62.291835],[6.960009,62.30513],[6.922684,62.326102],[6.920321,62.343838],[6.89626,62.355194],[6.89079,62.363433],[6.896971,62.371524],[6.884981,62.37862],[6.916237,62.412382],[6.858858,62.433513],[6.817784,62.43688],[6.790566,62.43119],[6.751,62.435194],[6.746069,62.441951],[6.750685,62.449298],[6.724548,62.452779],[6.609178,62.431381],[6.550044,62.411149],[6.548002,62.40833],[6.582589,62.400188],[6.583141,62.395436],[6.572594,62.391571],[6.577675,62.383505],[6.571195,62.380326],[6.574199,62.373544],[6.569183,62.369285],[6.589311,62.356038],[6.584,62.351717],[6.593752,62.33523],[6.58131,62.339883],[6.577732,62.35848],[6.55708,62.368343],[6.555248,62.375029],[6.560976,62.386279],[6.554056,62.392769],[6.503007,62.402344],[6.488973,62.39911],[6.453268,62.402007],[6.409303,62.386181],[6.425601,62.371253],[6.403855,62.358236],[6.441102,62.333336],[6.446555,62.318865],[6.444383,62.312393],[6.462474,62.295914],[6.4692,62.276173],[6.500126,62.262955],[6.50344,62.250595],[6.52714,62.233601],[6.537813,62.212744],[6.527003,62.20665],[6.59438,62.211971],[6.637457,62.204418],[6.65328,62.194373],[6.65015,62.191504],[6.598009,62.20478],[6.553987,62.193775],[6.590865,62.165598],[6.609912,62.144153],[6.608374,62.134521],[6.592183,62.123754],[6.555691,62.119339],[6.559366,62.11678],[6.554704,62.113824],[6.557896,62.109779],[6.551691,62.105376],[6.545918,62.105076],[6.542468,62.111635],[6.549282,62.119842],[6.546974,62.125314],[6.576815,62.135566],[6.580545,62.147561],[6.545185,62.174267],[6.508641,62.194274],[6.498802,62.207714],[6.47849,62.206739],[6.475812,62.211724],[6.493355,62.220366],[6.473259,62.247612],[6.423411,62.267719],[6.421103,62.281786],[6.42567,62.291303],[6.407895,62.30416],[6.401255,62.314361],[6.402138,62.322955],[6.357212,62.350123],[6.351545,62.35814],[6.350221,62.373064],[6.343861,62.374957],[6.315502,62.375773],[6.281639,62.364143],[6.222526,62.355704],[6.20615,62.343797],[6.102207,62.315824],[6.085211,62.303521],[6.002942,62.27487],[5.986358,62.273065],[5.976038,62.266016],[5.970238,62.254598],[5.959373,62.249355],[5.983057,62.248449],[6.00146,62.239027],[6.01157,62.224116],[6.01088,62.216263],[6.119264,62.201645],[6.124075,62.197904],[6.116518,62.190583],[6.082924,62.190911],[6.038159,62.203933],[6.011899,62.20067],[5.997034,62.207484],[5.987124,62.219288],[5.986422,62.227866],[5.972406,62.230751],[5.932108,62.222298],[5.930606,62.217293],[5.940835,62.218532],[5.944317,62.212508],[5.964651,62.20725],[5.953794,62.205448],[5.949929,62.202616],[5.953425,62.199783],[5.981949,62.191629],[6.005321,62.170172],[6.040375,62.159228],[6.060884,62.14492],[6.06903,62.144094],[6.073839,62.13232],[6.092746,62.124563],[6.094437,62.118506],[6.111438,62.116887],[6.134979,62.105284],[6.141448,62.094555],[6.180837,62.099533],[6.217856,62.087345],[6.24857,62.089062],[6.250507,62.084797],[6.24302,62.082453],[6.246965,62.080157],[6.27722,62.086058],[6.309309,62.080693],[6.319735,62.070677],[6.311609,62.065413],[6.315949,62.064127],[6.314282,62.059592],[6.290353,62.065115],[6.300321,62.070754],[6.279374,62.080057],[6.268199,62.080629],[6.274584,62.076905],[6.274242,62.069804],[6.257133,62.06811],[6.239551,62.073017],[6.229723,62.081041],[6.206711,62.076066],[6.185583,62.085267],[6.159501,62.077989],[6.103318,62.077348],[6.087857,62.071873],[6.084997,62.060873],[6.0794,62.057452],[6.072398,62.060437],[6.068943,62.069235],[6.074056,62.07284],[6.071327,62.077217],[6.088937,62.090263],[6.086339,62.097044],[6.033743,62.116547],[6.009491,62.140588],[5.979661,62.143477],[5.960875,62.136439],[5.973402,62.122628],[5.96895,62.103969],[5.934469,62.07833],[5.912912,62.050781],[5.884649,62.03705],[5.854265,62.006618],[5.846892,62.006237],[5.843243,62.013788],[5.847249,62.020826],[5.896756,62.064278],[5.898541,62.070436],[5.915571,62.07756],[5.915322,62.089705],[5.930245,62.097988],[5.943907,62.117448],[5.944748,62.124767],[5.935475,62.140471],[5.9494,62.159278],[5.913725,62.18998],[5.892412,62.200852],[5.866192,62.199394],[5.847498,62.20415],[5.837621,62.199783],[5.803429,62.199193],[5.793312,62.195749],[5.800211,62.192783],[5.794105,62.187037],[5.741326,62.181389],[5.726843,62.172178],[5.670452,62.175324],[5.696227,62.135219],[5.692726,62.121789],[5.744267,62.099103],[5.739684,62.091312],[5.723326,62.088918],[5.673057,62.119221],[5.676018,62.137813],[5.670869,62.146939],[5.663487,62.149417],[5.641898,62.173175],[5.603287,62.164899],[5.563664,62.167877],[5.488217,62.202199],[5.439486,62.180263],[5.435254,62.175292],[5.436416,62.157262],[5.420681,62.151095],[5.417962,62.140703],[5.409314,62.139137],[5.412332,62.134876],[5.400264,62.133695],[5.40291,62.129115],[5.430591,62.115562],[5.434129,62.10367],[5.461689,62.09919],[5.481729,62.102982],[5.551485,62.100948],[5.543926,62.096136],[5.562718,62.098517],[5.569288,62.087478],[5.610728,62.079874],[5.621861,62.06754],[5.612062,62.062412],[5.618632,62.054848],[5.612612,62.050537],[5.600749,62.057805],[5.591562,62.075093],[5.586965,62.072154],[5.5883,62.07668],[5.572083,62.068752],[5.56102,62.07006],[5.552825,62.074655],[5.557187,62.078413],[5.546493,62.080553],[5.536083,62.076265],[5.519659,62.076844],[5.526831,62.048051],[5.515758,62.043635],[5.51343,62.048966],[5.510991,62.042611],[5.527986,62.037071],[5.528501,62.035566],[5.511834,62.038701],[5.509524,62.032432],[5.490986,62.0228],[5.487617,62.012251],[5.457106,62.004039],[5.453244,62.007509],[5.477509,62.014872],[5.475108,62.024528],[5.489163,62.03307],[5.48453,62.033546],[5.488315,62.042174],[5.495439,62.042824],[5.489133,62.043752],[5.479435,62.041157],[5.470335,62.050781],[5.475806,62.059285],[5.444868,62.061824],[5.43996,62.073519],[5.424714,62.073321],[5.418054,62.082561],[5.412752,62.07795],[5.40374,62.079806],[5.391407,62.092075],[5.357685,62.100473],[5.350111,62.109808],[5.315155,62.122767],[5.309531,62.133737],[5.315603,62.144768],[5.298998,62.152096],[5.324759,62.156868],[5.326736,62.168739],[5.289184,62.171789],[5.286224,62.168909],[5.295866,62.161142],[5.283226,62.159614],[5.287711,62.164664],[5.281389,62.166824],[5.280229,62.176066],[5.25253,62.179226],[5.236318,62.188655],[5.22621,62.199697],[5.225495,62.209753],[5.204956,62.20929],[5.18346,62.21706],[5.17672,62.213742],[5.182317,62.20947],[5.172723,62.200132],[5.200081,62.19738],[5.199359,62.193673],[5.175077,62.196245],[5.159254,62.193522],[5.157125,62.189322],[5.142672,62.196093],[5.141915,62.201779],[5.123176,62.201912],[5.110959,62.195056],[5.097697,62.195196],[5.092909,62.185894],[5.107153,62.17948],[5.113276,62.168916],[5.104399,62.165709],[5.087495,62.168435],[5.099252,62.161417],[5.096127,62.157383],[5.105502,62.15704],[5.102193,62.152147],[5.139847,62.146528],[5.143931,62.13598],[5.160648,62.127983],[5.158712,62.124364],[5.153996,62.122053],[5.111658,62.126491],[5.118533,62.107865],[5.111575,62.105336],[5.118654,62.103481],[5.116594,62.101046],[5.232509,62.104597],[5.250174,62.097517],[5.264652,62.085017],[5.312375,62.076058],[5.33729,62.062423],[5.348296,62.047955],[5.335474,62.044554],[5.338306,62.036997],[5.393504,62.035632],[5.413037,62.02966],[5.424186,62.020161],[5.413925,62.014023],[5.385644,62.026945],[5.351228,62.023611],[5.348354,62.026111],[5.35297,62.032609],[5.341145,62.033875],[5.34318,62.026238],[5.335649,62.020169],[5.329124,62.00415],[5.333442,61.996454],[5.317214,61.991006],[5.312334,61.977139],[5.297452,61.989207],[5.274371,61.980468],[5.272801,61.98554],[5.259366,61.987267],[5.266539,61.990372],[5.264364,61.992709],[5.241086,61.990149],[5.253115,61.989559],[5.258049,61.983196],[5.297488,61.966126],[5.30178,61.959329],[5.289685,61.951046],[5.265941,61.962032],[5.255219,61.977121],[5.242861,61.984104],[5.235164,61.977366],[5.199867,61.980037],[5.206438,61.955435],[5.200919,61.952677],[5.220547,61.949246],[5.224722,61.936597],[5.219841,61.934471],[5.208036,61.949332],[5.196718,61.95302],[5.187585,61.981859],[5.19583,61.987243],[5.171971,61.988176],[5.16124,61.98399],[5.154037,61.977973],[5.156715,61.959397],[5.149371,61.955037],[5.143163,61.940764],[5.1325,61.939082],[5.136163,61.930129],[5.143792,61.928956],[5.135184,61.929264],[5.125246,61.932887],[5.121199,61.92038],[5.135098,61.916775],[5.181592,61.919374],[5.183989,61.913963],[5.177495,61.911251],[5.167607,61.914594],[5.144876,61.91233],[5.154845,61.903326],[5.163147,61.902351],[5.160628,61.899596],[5.167732,61.901215],[5.173035,61.896966],[5.200771,61.901533],[5.222285,61.91475],[5.238876,61.910545],[5.299363,61.914074],[5.321919,61.909568],[5.35411,61.916038],[5.388901,61.929753],[5.383861,61.931394],[5.445963,61.940414],[5.456836,61.939551],[5.457009,61.935668],[5.44347,61.931751],[5.453596,61.931811],[5.457819,61.926767],[5.487549,61.928226],[5.499139,61.933633],[5.516957,61.925822],[5.598409,61.923934],[5.677517,61.911231],[5.708421,61.91063],[5.790289,61.920242],[5.809574,61.915952],[5.843066,61.917347],[5.855978,61.911983],[5.910071,61.919171],[5.976427,61.913425],[5.987118,61.906118],[5.972212,61.899666],[5.89942,61.902943],[5.853246,61.897044],[5.806932,61.90113],[5.730635,61.893781],[5.762805,61.883443],[5.771868,61.872601],[5.800197,61.870397],[5.808315,61.864915],[5.806941,61.857211],[5.852307,61.874753],[5.909915,61.883154],[5.963506,61.873466],[6.000986,61.876813],[6.062673,61.873938],[6.076987,61.864466],[6.137449,61.847153],[6.231704,61.86205],[6.277498,61.860028],[6.312229,61.863906],[6.335868,61.860838],[6.375121,61.842567],[6.424224,61.830851],[6.510405,61.832181],[6.525584,61.835035],[6.536931,61.865655],[6.555695,61.878133],[6.630287,61.890374],[6.67519,61.885911],[6.690888,61.890203],[6.698892,61.902885],[6.719865,61.901879],[6.705126,61.898267],[6.709635,61.881743],[6.760544,61.878616],[6.800863,61.869282],[6.838161,61.875097],[6.845616,61.866792],[6.82049,61.867246],[6.823172,61.863719],[6.81378,61.859944],[6.812336,61.845732],[6.803101,61.835459],[6.793259,61.851648],[6.757264,61.863901],[6.687538,61.873145],[6.586337,61.869182],[6.579641,61.863556],[6.613084,61.85214],[6.607661,61.846063],[6.560793,61.828718],[6.531032,61.80993],[6.476836,61.804536],[6.384613,61.816951],[6.33825,61.839538],[6.295629,61.847686],[6.247342,61.846614],[6.189412,61.834261],[6.127572,61.829853],[6.078777,61.846942],[6.081167,61.837807],[6.07766,61.83548],[6.100358,61.823486],[6.12873,61.814307],[6.181688,61.783665],[6.204088,61.782228],[6.211965,61.777251],[6.211844,61.774001],[6.201142,61.772874],[6.195331,61.773911],[6.197695,61.769846],[6.177979,61.7648],[6.116972,61.782658],[6.105279,61.797051],[6.061986,61.822652],[6.035796,61.845883],[6.018381,61.844775],[5.994571,61.837819],[5.994298,61.825238],[5.988941,61.814237],[5.981539,61.810629],[5.98646,61.805282],[5.979103,61.798846],[5.979278,61.786064],[5.973497,61.784413],[5.975701,61.779414],[5.96553,61.766017],[5.943226,61.748633],[5.922393,61.741138],[5.919414,61.733129],[5.911031,61.731523],[5.919333,61.738819],[5.910443,61.745074],[5.939486,61.763699],[5.961848,61.789459],[5.970557,61.808706],[5.968342,61.820476],[5.976767,61.826109],[5.982358,61.848359],[5.90852,61.859471],[5.854892,61.855602],[5.81992,61.842754],[5.7844,61.844699],[5.691895,61.833912],[5.671088,61.822338],[5.667487,61.814495],[5.648696,61.812575],[5.639725,61.813437],[5.639404,61.816936],[5.671434,61.827396],[5.674242,61.83044],[5.667511,61.830724],[5.668684,61.834922],[5.680692,61.840196],[5.77974,61.853027],[5.738049,61.859476],[5.707163,61.885117],[5.649585,61.889309],[5.600108,61.899732],[5.545349,61.889331],[5.531001,61.895782],[5.542689,61.902366],[5.538549,61.904986],[5.468962,61.906426],[5.432958,61.918148],[5.381162,61.908394],[5.337423,61.885771],[5.327399,61.887081],[5.332638,61.888395],[5.329886,61.893546],[5.317405,61.889075],[5.305151,61.893035],[5.186616,61.881777],[5.283105,61.86955],[5.298635,61.870515],[5.322355,61.884919],[5.3193,61.87754],[5.334109,61.881362],[5.310888,61.873873],[5.302426,61.864784],[5.312711,61.86264],[5.298856,61.858529],[5.381083,61.847268],[5.324414,61.848047],[5.292989,61.836113],[5.298779,61.831458],[5.318943,61.83276],[5.309222,61.827224],[5.210107,61.811227],[5.180337,61.813124],[5.155734,61.808954],[5.095404,61.778635],[5.091554,61.762741],[5.121512,61.765893],[5.128763,61.758747],[5.158064,61.773859],[5.188295,61.769428],[5.256908,61.778757],[5.294588,61.773043],[5.273437,61.76423],[5.254823,61.771166],[5.246573,61.764099],[5.199806,61.758723],[5.170845,61.759567],[5.166112,61.76496],[5.160151,61.758935],[5.148548,61.756291],[5.145526,61.742241],[5.153955,61.744623],[5.149499,61.739131],[5.190698,61.737053],[5.220178,61.72724],[5.211291,61.722384],[5.173863,61.72368],[5.164496,61.703508],[5.161024,61.705984],[5.16646,61.717587],[5.160735,61.722953],[5.148644,61.725421],[5.146502,61.735183],[5.117624,61.744775],[5.113902,61.733294],[5.119692,61.709128],[5.114164,61.711455],[5.107993,61.707208],[5.101558,61.723103],[5.104877,61.742953],[5.083513,61.754824],[5.03994,61.760015],[4.989369,61.740474],[4.980834,61.729581],[5.007038,61.721706],[4.968207,61.724756],[4.969695,61.713799],[4.983213,61.69703],[4.973225,61.695405],[4.967066,61.678477],[4.971966,61.669981],[5.007129,61.65059],[5.0035,61.646098],[4.993382,61.651256],[4.995734,61.642876],[4.9918,61.638857],[4.997602,61.636625],[4.991689,61.635443],[4.988808,61.628847],[5.012359,61.630571],[5.000513,61.636021],[5.002539,61.642607],[5.005938,61.635934],[5.023561,61.631369],[5.096548,61.640124],[5.155642,61.630618],[5.234539,61.636133],[5.215321,61.625585],[5.261532,61.632121],[5.283556,61.626413],[5.307142,61.637914],[5.335143,61.634921],[5.327688,61.641026],[5.37971,61.63919],[5.389992,61.646342],[5.391375,61.640954],[5.403288,61.645988],[5.409252,61.643391],[5.372742,61.629682],[5.321048,61.632468],[5.275016,61.618278],[5.214,61.615421],[5.201547,61.618709],[5.138239,61.604537],[5.131395,61.612039],[5.070131,61.613495],[5.060022,61.607676],[5.074835,61.606748],[5.052755,61.600446],[5.051246,61.604604],[4.995804,61.598997],[5.00403,61.596181],[4.996427,61.595546],[4.993276,61.592366],[4.998263,61.588027],[4.991125,61.587618],[5.015468,61.587422],[5.000876,61.583565],[5.002054,61.578839],[5.043653,61.585402],[5.044844,61.589195],[5.039096,61.589012],[5.053169,61.593238],[5.22765,61.612108],[5.288871,61.612954],[5.3094,61.60985],[5.337335,61.614244],[5.388132,61.607895],[5.426281,61.597896],[5.414905,61.596074],[5.420802,61.592425],[5.459151,61.590597],[5.442745,61.579309],[5.456945,61.573024],[5.359088,61.58141],[5.345624,61.578531],[5.362692,61.573405],[5.348695,61.575442],[5.332642,61.582521],[5.337086,61.585372],[5.333569,61.588162],[5.358703,61.584222],[5.396441,61.594368],[5.299851,61.608356],[5.236815,61.606681],[5.231398,61.604148],[5.239946,61.597513],[5.196325,61.601444],[5.200848,61.598834],[5.175451,61.595231],[5.188412,61.590754],[5.182901,61.587676],[5.20364,61.583347],[5.23144,61.585407],[5.275921,61.575855],[5.255955,61.575652],[5.271867,61.570954],[5.297784,61.571202],[5.294629,61.569314],[5.326628,61.560645],[5.352463,61.56156],[5.352131,61.558355],[5.391791,61.554852],[5.397012,61.550646],[5.339211,61.557933],[5.335385,61.552139],[5.315885,61.547399],[5.276063,61.554488],[5.298836,61.54536],[5.293996,61.543566],[5.296714,61.540889],[5.266735,61.541135],[5.241837,61.542634],[5.214605,61.554374],[5.175426,61.557785],[5.172321,61.550151],[5.181301,61.544589],[5.1803,61.537022],[5.160849,61.538727],[5.167795,61.533836],[5.155931,61.535144],[5.184758,61.525262],[5.165174,61.523438],[5.175861,61.515161],[5.220094,61.513159],[5.223821,61.511799],[5.217167,61.507646],[5.244755,61.499134],[5.295531,61.498439],[5.351496,61.489025],[5.460373,61.488789],[5.469643,61.494513],[5.501102,61.495671],[5.479742,61.490222],[5.491289,61.489941],[5.492794,61.486083],[5.468823,61.48454],[5.477348,61.474885],[5.478075,61.465965],[5.460137,61.473292],[5.441947,61.472314],[5.44679,61.466483],[5.441138,61.465617],[5.443448,61.463092],[5.45896,61.4654],[5.480382,61.455449],[5.528504,61.455454],[5.543519,61.464595],[5.561681,61.462471],[5.620773,61.471086],[5.631238,61.475029],[5.629057,61.482593],[5.634111,61.485329],[5.655145,61.488022],[5.69404,61.50419],[5.717393,61.507156],[5.720374,61.515218],[5.722221,61.503914],[5.757468,61.504072],[5.81326,61.489639],[5.804646,61.473396],[5.841888,61.461651],[5.832227,61.460722],[5.833145,61.456882],[5.797892,61.46746],[5.795477,61.482095],[5.785635,61.484935],[5.764778,61.485661],[5.750934,61.493703],[5.716108,61.491367],[5.71267,61.495495],[5.689606,61.490253],[5.696151,61.481826],[5.660021,61.478359],[5.661306,61.47034],[5.638935,61.461954],[5.634615,61.454954],[5.591248,61.458361],[5.594571,61.454495],[5.5822,61.450845],[5.556999,61.452444],[5.55665,61.44648],[5.585337,61.443387],[5.535846,61.441635],[5.453447,61.44849],[5.450495,61.449564],[5.466851,61.455376],[5.43446,61.459365],[5.420825,61.465303],[5.418988,61.475962],[5.409943,61.47799],[5.324944,61.478523],[5.379063,61.464407],[5.35585,61.464135],[5.34935,61.46017],[5.258353,61.475476],[5.269882,61.476419],[5.263736,61.482473],[5.239442,61.483488],[5.226563,61.476749],[5.253268,61.472469],[5.23742,61.470108],[5.238883,61.465619],[5.234146,61.464163],[5.226184,61.465898],[5.228565,61.462683],[5.224466,61.461039],[5.235077,61.460747],[5.233585,61.456636],[5.184124,61.458882],[5.094751,61.454186],[5.006464,61.433393],[4.991583,61.423365],[4.976593,61.421728],[4.973413,61.415498],[4.981065,61.415077],[4.974422,61.412004],[5.001403,61.40542],[5.049124,61.413896],[5.084782,61.425912],[5.164147,61.431513],[5.103175,61.412665],[5.106641,61.394985],[5.103041,61.377676],[5.095152,61.383576],[5.092614,61.402004],[5.052799,61.403995],[5.048971,61.396798],[5.031969,61.393763],[5.032968,61.387353],[5.023871,61.377381],[5.046171,61.349915],[5.106525,61.343299],[5.069313,61.339675],[5.069728,61.327576],[5.079469,61.322129],[5.16907,61.334795],[5.17592,61.345167],[5.174498,61.351948],[5.189791,61.360018],[5.209249,61.356754],[5.223422,61.362805],[5.270141,61.361325],[5.316486,61.373298],[5.387692,61.373861],[5.396838,61.38289],[5.409181,61.385658],[5.440215,61.385014],[5.459561,61.37877],[5.47219,61.382439],[5.527944,61.380186],[5.568363,61.370069],[5.655357,61.377257],[5.660752,61.370005],[5.666329,61.37082],[5.674341,61.368142],[5.671164,61.366189],[5.6754,61.362348],[5.671603,61.360876],[5.661861,61.361167],[5.642699,61.373513],[5.562065,61.362767],[5.558868,61.369113],[5.54667,61.368615],[5.533805,61.375701],[5.509932,61.370808],[5.474019,61.375499],[5.461443,61.371998],[5.425158,61.378676],[5.400026,61.375345],[5.403492,61.368365],[5.398346,61.366096],[5.367811,61.363146],[5.36887,61.355999],[5.355226,61.350526],[5.321709,61.352122],[5.303872,61.359471],[5.28498,61.355695],[5.302946,61.34542],[5.303835,61.339966],[5.330238,61.335653],[5.330211,61.329405],[5.346015,61.321898],[5.351463,61.324308],[5.358255,61.318043],[5.351074,61.318829],[5.350903,61.313526],[5.344369,61.313279],[5.34788,61.318254],[5.327847,61.327732],[5.325856,61.334167],[5.310884,61.332627],[5.283484,61.347791],[5.234336,61.350639],[5.226248,61.34578],[5.200831,61.346951],[5.196729,61.333689],[5.216706,61.331255],[5.211728,61.325415],[5.214487,61.322945],[5.200349,61.319179],[5.200939,61.315819],[5.227133,61.308435],[5.204427,61.303572],[5.174112,61.307571],[5.166184,61.30369],[5.154772,61.305751],[5.154801,61.312996],[5.159512,61.3122],[5.154844,61.313766],[5.151626,61.313491],[5.149629,61.319034],[5.137767,61.319105],[5.133606,61.317744],[5.135966,61.314282],[5.124233,61.311274],[5.128819,61.309614],[5.120229,61.30946],[5.129975,61.305994],[5.11884,61.305406],[5.128817,61.304433],[5.130562,61.300275],[5.148775,61.301323],[5.148469,61.297553],[5.123033,61.295779],[5.108862,61.299882],[5.103156,61.294813],[5.070181,61.300367],[5.060638,61.307172],[5.053741,61.305228],[5.062151,61.300707],[5.029655,61.29621],[5.030146,61.29262],[5.044661,61.291574],[5.050451,61.286618],[5.022672,61.290537],[5.01025,61.285103],[4.979068,61.284687],[4.977291,61.275774],[4.971686,61.277771],[4.979007,61.25853],[4.961306,61.264193],[4.945774,61.261012],[4.951927,61.255581],[4.948235,61.252629],[4.955639,61.253801],[4.954702,61.249522],[4.94569,61.250526],[4.945892,61.246753],[4.984243,61.245864],[4.990141,61.247378],[4.988817,61.253759],[5.001624,61.256069],[5.008486,61.262953],[5.00757,61.268091],[5.01778,61.268319],[5.018007,61.271214],[5.02363,61.27371],[5.027742,61.270234],[5.017429,61.262657],[5.028932,61.259406],[5.013346,61.2564],[5.01433,61.251711],[5.004871,61.247965],[5.014862,61.24117],[5.083422,61.240486],[5.092407,61.243029],[5.097045,61.258307],[5.102754,61.257534],[5.099186,61.256676],[5.107427,61.246938],[5.094953,61.239988],[5.093868,61.23585],[5.099308,61.236256],[5.100798,61.234687],[5.092835,61.232023],[5.089162,61.232348],[5.090741,61.240188],[5.066826,61.236522],[5.024704,61.23959],[5.022223,61.23723],[5.028285,61.236813],[5.022546,61.232111],[5.02649,61.23122],[5.004411,61.225803],[5.009444,61.221164],[5.058791,61.219621],[5.183021,61.226994],[5.311114,61.188869],[5.300435,61.182646],[5.252321,61.194478],[5.259792,61.182593],[5.294763,61.178307],[5.296293,61.174756],[5.260268,61.17],[5.214688,61.18998],[5.128887,61.205381],[5.096032,61.203092],[5.084523,61.192639],[5.089455,61.189472],[5.087835,61.18599],[5.075358,61.182566],[5.071698,61.170096],[5.134372,61.159258],[5.166695,61.148132],[5.164143,61.143764],[5.169526,61.140757],[5.192786,61.135607],[5.194614,61.144852],[5.200262,61.139451],[5.197017,61.134483],[5.227342,61.125975],[5.220071,61.114572],[5.228748,61.102591],[5.258312,61.107759],[5.257512,61.111557],[5.268704,61.114905],[5.269467,61.124689],[5.282599,61.115336],[5.282707,61.110474],[5.32253,61.120634],[5.329166,61.123475],[5.32297,61.129831],[5.335315,61.131045],[5.343476,61.139431],[5.343413,61.13094],[5.351241,61.128702],[5.336891,61.12165],[5.343511,61.119418],[5.348111,61.110037],[5.34581,61.102674],[5.377587,61.091665],[5.391735,61.077793],[5.386809,61.073274],[5.400664,61.070477],[5.447584,61.081423],[5.504577,61.105355],[5.518779,61.101412],[5.550429,61.109454],[5.552164,61.114027],[5.565326,61.115566],[5.611572,61.143462],[5.616149,61.152692],[5.635186,61.141237],[5.654782,61.149194],[5.70543,61.138573],[5.724645,61.146383],[5.718527,61.149859],[5.726033,61.154687],[5.718194,61.161608],[5.727118,61.167763],[5.801266,61.159959],[5.802632,61.172905],[5.796255,61.190843],[5.816298,61.209147],[5.833027,61.207148],[5.812535,61.189041],[5.820957,61.179217],[5.822299,61.162151],[5.85412,61.166897],[5.863709,61.165352],[5.866199,61.160374],[5.927023,61.161919],[5.98104,61.170083],[6.007743,61.185908],[6.051079,61.195736],[6.063209,61.218395],[6.074605,61.215268],[6.079486,61.208845],[6.069595,61.185966],[6.019892,61.175206],[6.004656,61.163238],[6.040236,61.154607],[6.053235,61.146185],[6.119475,61.156458],[6.13682,61.153722],[6.182172,61.160846],[6.19508,61.176081],[6.220361,61.189041],[6.224633,61.186552],[6.203731,61.165235],[6.231864,61.157343],[6.269651,61.133925],[6.298734,61.136341],[6.375201,61.110764],[6.408636,61.116428],[6.447307,61.11248],[6.475343,61.115806],[6.469547,61.124786],[6.475943,61.129904],[6.544562,61.140298],[6.540037,61.152704],[6.543715,61.168574],[6.53485,61.174678],[6.536194,61.182678],[6.528345,61.193991],[6.538303,61.210276],[6.499553,61.215477],[6.481001,61.228866],[6.504802,61.219704],[6.567423,61.213292],[6.546736,61.229253],[6.554639,61.242948],[6.539224,61.26213],[6.500847,61.276665],[6.525866,61.271637],[6.544161,61.273702],[6.551628,61.299344],[6.561518,61.299835],[6.564102,61.270891],[6.573502,61.253108],[6.652677,61.28451],[6.656084,61.298219],[6.67402,61.321296],[6.690792,61.336976],[6.72155,61.352656],[6.724295,61.367556],[6.741834,61.38911],[6.738634,61.397756],[6.743301,61.412009],[6.752743,61.420229],[6.759949,61.413161],[6.741967,61.347656],[6.726362,61.337199],[6.71591,61.33581],[6.68941,61.309592],[6.679687,61.296596],[6.682516,61.285887],[6.678476,61.280277],[6.622097,61.250314],[6.587444,61.239518],[6.58304,61.225948],[6.593529,61.219704],[6.596469,61.208371],[6.629646,61.209887],[6.678301,61.204319],[6.69721,61.198826],[6.717277,61.182432],[6.841146,61.186037],[6.868796,61.173683],[6.889555,61.174707],[6.911235,61.161575],[6.95321,61.163032],[6.995273,61.157266],[6.995843,61.169446],[7.011669,61.180477],[7.019808,61.179428],[7.021767,61.190758],[7.054699,61.199074],[7.059532,61.207323],[7.094446,61.213331],[7.105457,61.22276],[7.105682,61.230669],[7.119407,61.232214],[7.112652,61.246119],[7.134412,61.257105],[7.161779,61.26096],[7.163995,61.267284],[7.172884,61.261909],[7.17205,61.254954],[7.134162,61.249588],[7.136203,61.243605],[7.123,61.232255],[7.125289,61.219683],[7.118516,61.210928],[7.150679,61.208439],[7.171142,61.20316],[7.169695,61.200385],[7.076939,61.19878],[7.070184,61.191805],[7.044346,61.189055],[7.033415,61.181824],[7.031249,61.174107],[6.995188,61.151824],[6.963105,61.153803],[6.926353,61.142489],[6.927567,61.13907],[6.943396,61.127332],[6.944614,61.112535],[6.959966,61.114712],[6.993224,61.106129],[6.998118,61.107244],[7.000409,61.11919],[7.009052,61.126041],[7.035274,61.133122],[7.175237,61.143084],[7.172966,61.154462],[7.178416,61.162235],[7.196,61.168726],[7.245213,61.170673],[7.246541,61.177577],[7.239444,61.183596],[7.263894,61.178159],[7.255615,61.172271],[7.257438,61.169459],[7.330808,61.157155],[7.396342,61.18239],[7.354406,61.196916],[7.345405,61.213612],[7.338775,61.253929],[7.330111,61.267858],[7.300267,61.272792],[7.248507,61.299763],[7.325208,61.329031],[7.347824,61.344102],[7.343054,61.368514],[7.293258,61.387743],[7.285432,61.394673],[7.289652,61.397348],[7.285399,61.403354],[7.292138,61.396026],[7.333628,61.390633],[7.364694,61.379385],[7.371777,61.390486],[7.381972,61.395676],[7.435916,61.408497],[7.450173,61.43659],[7.4596,61.442655],[7.523457,61.457729],[7.588055,61.494899],[7.60086,61.488998],[7.591481,61.475649],[7.549273,61.453677],[7.518087,61.449471],[7.497538,61.43703],[7.487643,61.421449],[7.485775,61.409231],[7.46705,61.400295],[7.437802,61.395544],[7.415468,61.38074],[7.392124,61.356724],[7.395191,61.336541],[7.389253,61.328173],[7.351184,61.310098],[7.313256,61.301353],[7.312535,61.296854],[7.35385,61.282511],[7.361648,61.272453],[7.378301,61.26808],[7.39324,61.207173],[7.420406,61.200714],[7.482129,61.202774],[7.509462,61.210129],[7.542549,61.207956],[7.626609,61.214072],[7.63296,61.228958],[7.64946,61.240711],[7.684269,61.232257],[7.710243,61.23757],[7.715558,61.232615],[7.694675,61.220815],[7.65834,61.222644],[7.649314,61.206919],[7.624363,61.195772],[7.520305,61.193848],[7.457829,61.177472],[7.421596,61.155143],[7.374006,61.147294],[7.413633,61.135217],[7.425066,61.112483],[7.462868,61.110914],[7.473777,61.105335],[7.468333,61.101432],[7.450584,61.10638],[7.425522,61.101728],[7.394541,61.111889],[7.384894,61.122494],[7.360897,61.12603],[7.333496,61.121174],[7.319192,61.123753],[7.276199,61.141552],[7.247705,61.14753],[7.239605,61.143621],[7.231989,61.126713],[7.216898,61.118514],[7.160731,61.118508],[7.138131,61.110799],[7.100609,61.10658],[7.065932,61.112105],[7.042038,61.104085],[7.026226,61.087516],[7.039737,61.080845],[7.037727,61.070485],[7.047796,61.060686],[7.034551,61.048107],[7.042091,61.038577],[7.040164,61.033267],[7.056259,61.023301],[7.055691,61.015112],[7.071434,61.002525],[7.072076,60.991996],[7.081677,60.976771],[7.106644,60.969057],[7.123739,60.956483],[7.1808,60.950496],[7.19432,60.93466],[7.196555,60.924853],[7.184995,60.904807],[7.171247,60.903582],[7.156296,60.890778],[7.153154,60.881725],[7.143287,60.876562],[7.14178,60.867909],[7.12125,60.860818],[7.114841,60.862594],[7.137672,60.885062],[7.157186,60.915445],[7.149712,60.926087],[7.154705,60.938518],[7.10807,60.950082],[7.050227,60.9857],[7.031249,60.974051],[6.993991,60.961763],[6.967911,60.959153],[6.941242,60.943519],[6.880534,60.931206],[6.873971,60.923052],[6.877685,60.920103],[6.875074,60.901366],[6.858118,60.886283],[6.842237,60.880927],[6.867057,60.906348],[6.873113,60.932837],[6.92612,60.943394],[6.934072,60.946913],[6.933883,60.957147],[6.942055,60.960646],[7.016563,60.979357],[7.03789,61.000206],[7.029836,61.005535],[7.029634,61.01944],[7.016176,61.030287],[7.018832,61.037529],[7.008375,61.045817],[7.014181,61.057268],[7.009324,61.065717],[6.987701,61.074092],[6.979238,61.08253],[6.957052,61.088703],[6.943835,61.083248],[6.939513,61.07481],[6.881222,61.089393],[6.874334,61.100604],[6.880942,61.111543],[6.875576,61.130387],[6.850577,61.146184],[6.818652,61.14908],[6.809168,61.14459],[6.780663,61.143836],[6.763561,61.151192],[6.698518,61.151038],[6.641846,61.176005],[6.631146,61.173589],[6.624388,61.1489],[6.603754,61.126171],[6.60588,61.122976],[6.594142,61.108976],[6.589136,61.09108],[6.576712,61.090273],[6.570758,61.100791],[6.541559,61.104327],[6.504681,61.084138],[6.449999,61.079273],[6.433116,61.070389],[6.433244,61.055619],[6.427784,61.047837],[6.399047,61.023664],[6.416425,61.007869],[6.405214,61.00619],[6.387203,61.010749],[6.367793,61.008669],[6.361854,61.002907],[6.351017,61.006433],[6.350543,61.010685],[6.387043,61.019141],[6.383493,61.027937],[6.410351,61.055167],[6.409491,61.070505],[6.341684,61.070339],[6.311451,61.051067],[6.305441,61.040294],[6.268999,61.034773],[6.266408,61.038558],[6.290734,61.040297],[6.309075,61.047914],[6.30271,61.049421],[6.306103,61.058353],[6.3251,61.075599],[6.318579,61.08339],[6.283743,61.100122],[6.219847,61.100489],[6.191537,61.115317],[6.175333,61.118254],[6.147311,61.117394],[6.136329,61.111006],[6.129911,61.117679],[6.117648,61.116421],[6.080563,61.107773],[6.054422,61.114197],[6.042155,61.106926],[6.029298,61.115418],[6.002557,61.119911],[5.98569,61.12954],[5.92034,61.131611],[5.891793,61.12992],[5.887381,61.119583],[5.855841,61.113912],[5.853484,61.108778],[5.87189,61.103897],[5.87721,61.096063],[5.842543,61.098873],[5.833595,61.079751],[5.802239,61.069054],[5.806234,61.050483],[5.796089,61.0533],[5.796153,61.063712],[5.80663,61.079983],[5.819107,61.0879],[5.822156,61.103833],[5.818536,61.111107],[5.823671,61.119959],[5.802664,61.126841],[5.771155,61.11843],[5.776679,61.112566],[5.774251,61.109656],[5.732197,61.099081],[5.718473,61.099507],[5.693848,61.09128],[5.689941,61.091795],[5.691095,61.098962],[5.668277,61.095657],[5.670674,61.101451],[5.664303,61.105564],[5.637585,61.098807],[5.613617,61.085982],[5.658692,61.068125],[5.675763,61.066303],[5.680729,61.059952],[5.659007,61.059179],[5.626706,61.071024],[5.608308,61.084759],[5.56651,61.065788],[5.512587,61.064587],[5.507002,61.05536],[5.492887,61.056604],[5.479492,61.048688],[5.486003,61.040532],[5.484412,61.031113],[5.49184,61.026993],[5.490779,61.017895],[5.481269,61.010561],[5.482277,60.9872],[5.475228,60.990617],[5.47005,61.009934],[5.459459,61.017411],[5.464101,61.03284],[5.441276,61.025983],[5.405887,61.023832],[5.360059,61.034238],[5.320994,61.032323],[5.316078,61.036606],[5.32601,61.038666],[5.324016,61.043942],[5.298192,61.046828],[5.295133,61.049953],[5.298974,61.061395],[5.2914,61.065841],[5.23346,61.066867],[5.206524,61.078918],[5.177257,61.071187],[5.179492,61.075675],[5.1731,61.080658],[5.182099,61.087276],[5.164916,61.08275],[5.172618,61.078824],[5.168811,61.07524],[5.171265,61.07175],[5.150619,61.086152],[5.144841,61.0814],[5.153962,61.076876],[5.145748,61.077282],[5.139943,61.071613],[5.097289,61.073576],[5.043678,61.061302],[5.03929,61.053828],[5.044766,61.050616],[5.03419,61.046358],[5.039077,61.041676],[5.019263,61.035515],[5.049513,61.028858],[5.025572,61.025964],[5.038102,61.01965],[5.024601,61.011325],[5.03018,61.007206],[5.02609,61.001381],[5.034933,60.99925],[5.033107,60.9886],[5.038525,60.980861],[5.071583,60.981803],[5.081808,60.977248],[5.082734,60.987725],[5.085477,60.988068],[5.083353,60.98455],[5.090802,60.982616],[5.087304,60.974022],[5.110665,60.971404],[5.106856,60.970044],[5.113898,60.96572],[5.160612,60.975937],[5.164415,60.994173],[5.17319,61.006168],[5.187646,61.008539],[5.17283,61.001182],[5.185128,61.000345],[5.179347,60.997339],[5.185177,60.994563],[5.17143,60.987789],[5.178297,60.987066],[5.184935,60.979414],[5.182903,60.973637],[5.177621,60.973143],[5.190114,60.969075],[5.14283,60.967471],[5.126444,60.95995],[5.134161,60.954893],[5.129195,60.955397],[5.129342,60.948771],[5.138789,60.938694],[5.130804,60.936137],[5.12678,60.925],[5.129819,60.911056],[5.122602,60.906098],[5.126001,60.904149],[5.121796,60.89721],[5.133542,60.882407],[5.120072,60.877419],[5.113502,60.868737],[5.118672,60.884809],[5.111918,60.898872],[5.1133,60.914941],[5.119832,60.917559],[5.116066,60.926308],[5.120538,60.92766],[5.112786,60.934467],[5.114774,60.938668],[5.12024,60.937799],[5.118848,60.951076],[5.123718,60.949675],[5.123869,60.958985],[5.113967,60.959028],[5.113631,60.95541],[5.088347,60.960317],[5.046481,60.958836],[5.032262,60.965937],[5.009047,60.967855],[5.003134,60.967233],[5.018416,60.963788],[5.002353,60.960544],[5.013862,60.957457],[4.995412,60.955439],[5.00227,60.953622],[5.012815,60.93878],[5.008773,60.936482],[5.034159,60.924818],[5.025688,60.9165],[5.032316,60.912265],[5.026417,60.90942],[5.032292,60.904147],[5.028497,60.899919],[5.039203,60.89271],[5.032195,60.891635],[5.033746,60.886776],[5.040735,60.882071],[5.038794,60.890488],[5.048151,60.888157],[5.057875,60.865963],[5.068405,60.8644],[5.056816,60.861575],[5.060056,60.854284],[5.063365,60.856305],[5.06978,60.849693],[5.062291,60.844467],[5.088814,60.834793],[5.093422,60.836658],[5.09596,60.847006],[5.10019,60.842113],[5.095255,60.840826],[5.093503,60.832108],[5.098738,60.830338],[5.106013,60.83036],[5.103487,60.833236],[5.108852,60.835757],[5.114051,60.830825],[5.13241,60.83006],[5.133599,60.835813],[5.134893,60.829117],[5.141929,60.832918],[5.144572,60.826285],[5.153941,60.846663],[5.156407,60.841427],[5.169587,60.842144],[5.160888,60.834859],[5.152436,60.835599],[5.150308,60.824969],[5.161602,60.823079],[5.152164,60.822557],[5.152291,60.817106],[5.166203,60.817102],[5.173699,60.811792],[5.179826,60.834129],[5.180235,60.822233],[5.187639,60.820176],[5.180948,60.817644],[5.18082,60.808785],[5.191694,60.806642],[5.197312,60.816386],[5.18984,60.820312],[5.195484,60.822194],[5.189529,60.827969],[5.198986,60.827809],[5.20907,60.839414],[5.208403,60.834299],[5.216949,60.832334],[5.211643,60.828183],[5.214451,60.824222],[5.226598,60.828997],[5.238693,60.824057],[5.236525,60.815649],[5.244258,60.798543],[5.258789,60.793015],[5.27043,60.80692],[5.270436,60.81557],[5.27664,60.817766],[5.257846,60.827002],[5.241398,60.822733],[5.23886,60.831746],[5.257804,60.833026],[5.282426,60.821246],[5.279817,60.813422],[5.300915,60.811369],[5.310552,60.808125],[5.31273,60.823349],[5.308776,60.831985],[5.334806,60.830475],[5.340616,60.840654],[5.336757,60.847188],[5.347318,60.870094],[5.384869,60.879965],[5.410607,60.876617],[5.464253,60.887668],[5.479328,60.886045],[5.483472,60.888476],[5.468483,60.88975],[5.520041,60.915413],[5.527836,60.916228],[5.517664,60.905476],[5.501847,60.900386],[5.485235,60.887195],[5.490926,60.879643],[5.516005,60.875159],[5.505916,60.873551],[5.506011,60.869282],[5.57066,60.877561],[5.587506,60.871552],[5.552499,60.866033],[5.531868,60.870415],[5.512673,60.857906],[5.50887,60.85958],[5.5162,60.865776],[5.497873,60.863743],[5.494243,60.872108],[5.47291,60.876869],[5.418342,60.865845],[5.382965,60.868511],[5.36625,60.864496],[5.365955,60.858078],[5.350746,60.841434],[5.360954,60.833266],[5.358863,60.829676],[5.379311,60.823771],[5.381513,60.819082],[5.329003,60.81581],[5.32822,60.804185],[5.319989,60.800019],[5.299114,60.801728],[5.293333,60.792832],[5.273437,60.779855],[5.276834,60.776544],[5.266264,60.770798],[5.269113,60.761002],[5.322359,60.748976],[5.334918,60.75345],[5.343174,60.765638],[5.348972,60.76684],[5.338446,60.752969],[5.363217,60.73907],[5.383732,60.750296],[5.37989,60.744438],[5.38856,60.74169],[5.375809,60.731146],[5.386564,60.727467],[5.393057,60.735426],[5.400052,60.73518],[5.400419,60.729468],[5.392123,60.722825],[5.413067,60.709057],[5.452388,60.713935],[5.453181,60.710269],[5.431667,60.708521],[5.420267,60.701851],[5.441224,60.692634],[5.44744,60.682443],[5.469789,60.675368],[5.461826,60.669622],[5.46897,60.664466],[5.467577,60.659474],[5.40862,60.696873],[5.401146,60.694727],[5.390421,60.700425],[5.383952,60.694069],[5.385075,60.684774],[5.379874,60.685234],[5.419019,60.66257],[5.413119,60.661596],[5.458018,60.644629],[5.4609,60.63508],[5.446951,60.635934],[5.424509,60.651402],[5.361414,60.680901],[5.366202,60.659562],[5.379756,60.650194],[5.374236,60.652074],[5.376455,60.650031],[5.399574,60.640802],[5.356308,60.657685],[5.353112,60.662445],[5.359595,60.663915],[5.331791,60.697575],[5.331791,60.700836],[5.346537,60.699892],[5.348994,60.707874],[5.317528,60.73087],[5.284819,60.738264],[5.287462,60.733405],[5.281496,60.733914],[5.278684,60.728884],[5.273319,60.733768],[5.273933,60.742829],[5.268686,60.744887],[5.240244,60.75064],[5.243442,60.746033],[5.2331,60.744249],[5.183071,60.759098],[5.160249,60.770644],[5.164056,60.771736],[5.156618,60.776862],[5.137666,60.780573],[5.134955,60.779106],[5.14238,60.776308],[5.136315,60.776064],[5.119524,60.781531],[5.114895,60.77648],[5.106236,60.780028],[5.106698,60.785295],[5.099247,60.790349],[5.088095,60.789899],[5.093921,60.785251],[5.085751,60.782431],[5.100301,60.781746],[5.106907,60.769263],[5.079401,60.781345],[5.082039,60.783234],[5.073393,60.791174],[5.064223,60.793684],[5.065279,60.798644],[5.039381,60.809641],[5.038492,60.816275],[5.016384,60.822854],[5.022964,60.815951],[5.019363,60.81358],[4.986474,60.818863],[4.97278,60.812632],[4.976702,60.806734],[4.962827,60.812751],[4.958821,60.809649],[4.944212,60.810895],[4.948357,60.803752],[4.971014,60.794046],[4.945506,60.801098],[4.944341,60.794945],[4.961799,60.782116],[4.980757,60.776064],[4.99892,60.760629],[5.018319,60.761398],[5.031007,60.756353],[5.034437,60.758237],[4.997821,60.782824],[5.02831,60.765844],[5.048089,60.771217],[5.059883,60.753466],[5.052197,60.757347],[5.045186,60.752548],[5.048409,60.751133],[5.04115,60.75173],[5.042529,60.748612],[5.031209,60.750764],[5.043555,60.743618],[5.039755,60.743486],[5.042833,60.73804],[5.093923,60.720634],[5.090324,60.720811],[5.089296,60.718841],[5.118348,60.713089],[5.13423,60.702744],[5.173841,60.692611],[5.237947,60.662008],[5.242385,60.654613],[5.224957,60.657827],[5.227907,60.642969],[5.266166,60.619735],[5.250601,60.621122],[5.210682,60.640154],[5.19544,60.658342],[5.162914,60.672875],[5.122961,60.680503],[5.124578,60.677004],[5.112013,60.677607],[5.125933,60.671738],[5.122416,60.670267],[5.110265,60.675728],[5.114358,60.669434],[5.110467,60.659443],[5.122692,60.651177],[5.205257,60.622558],[5.197117,60.617399],[5.204857,60.613521],[5.200239,60.612098],[5.213181,60.597148],[5.229722,60.58568],[5.22301,60.583519],[5.22872,60.574209],[5.209283,60.586854],[5.206235,60.596037],[5.185197,60.617449],[5.108604,60.656403],[5.10469,60.677622],[5.082856,60.686203],[5.107103,60.677648],[5.105024,60.683326],[5.064408,60.70075],[5.053367,60.69766],[5.073698,60.681095],[5.069842,60.680323],[5.07177,60.677318],[5.106648,60.654831],[5.116546,60.636549],[5.106998,60.650711],[5.086142,60.659895],[5.054769,60.686245],[5.058099,60.687189],[5.049971,60.702746],[5.03469,60.713409],[4.997599,60.726804],[4.964529,60.728293],[4.942506,60.735088],[4.958312,60.72672],[4.945618,60.729086],[4.891238,60.747965],[4.887725,60.748176],[4.909034,60.730291],[4.864562,60.741282],[4.868458,60.734645],[4.87825,60.735727],[4.928047,60.705707],[4.906177,60.717542],[4.852682,60.721529],[4.867526,60.716491],[4.861984,60.714659],[4.873561,60.706686],[4.897254,60.705685],[4.893318,60.70135],[4.879069,60.703305],[4.880635,60.697602],[4.902218,60.692515],[4.897596,60.69888],[4.920028,60.6924],[4.906669,60.692113],[4.930471,60.686058],[4.940603,60.680312],[4.934934,60.675759],[4.954942,60.66613],[5.005411,60.652493],[4.992761,60.651051],[5.006012,60.646086],[5.001369,60.637025],[5.026965,60.636634],[5.069499,60.626013],[5.078641,60.619731],[5.077259,60.614042],[5.092738,60.608783],[5.145766,60.608139],[5.216262,60.564328],[5.228019,60.566511],[5.228444,60.571484],[5.237929,60.56146],[5.272041,60.553293],[5.273437,60.543806],[5.285492,60.540934],[5.330912,60.561705],[5.385241,60.568771],[5.385259,60.573405],[5.366738,60.582846],[5.375311,60.580502],[5.36567,60.595493],[5.379464,60.595372],[5.392698,60.585953],[5.406499,60.584272],[5.409186,60.587204],[5.399338,60.60136],[5.401996,60.604164],[5.423193,60.594679],[5.434499,60.595697],[5.443558,60.599974],[5.441088,60.60276],[5.46842,60.610285],[5.472794,60.619383],[5.490291,60.62273],[5.496499,60.629334],[5.493439,60.632539],[5.536485,60.625563],[5.569458,60.635799],[5.577385,60.643621],[5.577719,60.662531],[5.567945,60.669508],[5.564264,60.683069],[5.548674,60.700543],[5.594022,60.69738],[5.621256,60.716156],[5.634923,60.717086],[5.653041,60.730448],[5.661994,60.726757],[5.671122,60.740147],[5.681831,60.744095],[5.69131,60.758514],[5.702202,60.76478],[5.720996,60.765638],[5.727858,60.761298],[5.723142,60.756375],[5.70539,60.759592],[5.699664,60.752573],[5.705038,60.746999],[5.680949,60.735931],[5.666503,60.719957],[5.664619,60.715074],[5.677604,60.700437],[5.715162,60.701086],[5.720005,60.694781],[5.728351,60.700321],[5.749416,60.698433],[5.771184,60.713711],[5.770657,60.720234],[5.778557,60.721951],[5.791898,60.735512],[5.796989,60.734653],[5.760476,60.693884],[5.745628,60.690794],[5.741069,60.693884],[5.733985,60.688232],[5.739221,60.683446],[5.735333,60.678641],[5.739431,60.664216],[5.750131,60.661196],[5.734372,60.656832],[5.740968,60.651256],[5.733232,60.630994],[5.73465,60.595333],[5.724247,60.568542],[5.729042,60.558681],[5.719016,60.55637],[5.734111,60.551199],[5.718556,60.537527],[5.732639,60.478747],[5.742661,60.470853],[5.736838,60.457335],[5.701357,60.4533],[5.665916,60.462172],[5.652022,60.460634],[5.639168,60.455679],[5.636412,60.44574],[5.621002,60.429182],[5.580018,60.431156],[5.561171,60.423689],[5.529169,60.420771],[5.50621,60.425961],[5.50046,60.43593],[5.481486,60.440168],[5.459445,60.454159],[5.457544,60.438217],[5.467251,60.428581],[5.464725,60.420914],[5.454961,60.430978],[5.457642,60.435262],[5.448351,60.452994],[5.377388,60.505181],[5.29758,60.526982],[5.288369,60.52038],[5.272111,60.520229],[5.277799,60.514649],[5.261099,60.505709],[5.254251,60.478745],[5.274746,60.467794],[5.275459,60.464164],[5.267912,60.46124],[5.270621,60.457806],[5.29938,60.451216],[5.286022,60.452019],[5.299048,60.445172],[5.318174,60.443],[5.310797,60.441578],[5.316048,60.437861],[5.313148,60.437044],[5.277661,60.446132],[5.282419,60.436663],[5.279135,60.434742],[5.284766,60.429311],[5.305037,60.415022],[5.322505,60.410745],[5.314681,60.401073],[5.324092,60.394675],[5.300713,60.400477],[5.313267,60.392491],[5.305235,60.391634],[5.31183,60.388665],[5.307873,60.388399],[5.325983,60.38104],[5.340942,60.384956],[5.350998,60.38049],[5.331066,60.377911],[5.288744,60.39265],[5.264434,60.395551],[5.259371,60.391133],[5.241595,60.399776],[5.227584,60.390726],[5.220724,60.394277],[5.203532,60.388317],[5.19499,60.378101],[5.169711,60.373104],[5.180256,60.362408],[5.177884,60.357205],[5.173241,60.361027],[5.177915,60.349943],[5.182488,60.354318],[5.191658,60.347944],[5.175767,60.344449],[5.182897,60.339332],[5.195049,60.339061],[5.202271,60.327332],[5.21865,60.336424],[5.225672,60.327647],[5.232308,60.329381],[5.230283,60.336087],[5.235073,60.334339],[5.236684,60.339886],[5.232599,60.344144],[5.223938,60.343279],[5.226928,60.347114],[5.234464,60.347462],[5.253937,60.322063],[5.267336,60.315367],[5.263117,60.312236],[5.247324,60.322126],[5.231803,60.321941],[5.213323,60.319398],[5.20541,60.310677],[5.20909,60.307421],[5.204782,60.301993],[5.207533,60.295357],[5.20076,60.29007],[5.209526,60.280547],[5.209132,60.274842],[5.221846,60.273718],[5.218102,60.264461],[5.25422,60.263469],[5.235105,60.262244],[5.24219,60.255059],[5.230672,60.252183],[5.235174,60.248121],[5.230527,60.240627],[5.248123,60.238152],[5.235937,60.245509],[5.270194,60.24182],[5.264194,60.244131],[5.270792,60.247928],[5.265035,60.249548],[5.285672,60.259702],[5.277202,60.266502],[5.265968,60.260893],[5.262581,60.26342],[5.265103,60.268198],[5.278669,60.267002],[5.297308,60.256242],[5.31429,60.261047],[5.323447,60.269864],[5.33206,60.264062],[5.332214,60.257432],[5.303764,60.244893],[5.299127,60.238449],[5.290501,60.241238],[5.285135,60.233924],[5.287866,60.227497],[5.282394,60.224262],[5.262421,60.230467],[5.247183,60.223298],[5.24518,60.219164],[5.250376,60.217569],[5.24463,60.209402],[5.268848,60.203362],[5.271442,60.207567],[5.2832,60.207653],[5.284928,60.214005],[5.293803,60.21469],[5.28981,60.225242],[5.302932,60.219245],[5.303776,60.227137],[5.314323,60.218039],[5.316744,60.222673],[5.325735,60.221729],[5.33732,60.228767],[5.360125,60.223622],[5.355303,60.229282],[5.360989,60.231006],[5.38358,60.218744],[5.379937,60.213818],[5.38297,60.211486],[5.37746,60.212293],[5.365408,60.201558],[5.350699,60.210886],[5.3425,60.208292],[5.345847,60.206027],[5.335959,60.207237],[5.352191,60.192575],[5.332162,60.201717],[5.332641,60.197444],[5.325652,60.195909],[5.334483,60.189443],[5.320865,60.189755],[5.355842,60.186321],[5.361061,60.17749],[5.379514,60.173964],[5.397944,60.178253],[5.403257,60.171983],[5.400098,60.166399],[5.403472,60.158293],[5.375045,60.168098],[5.37789,60.159975],[5.385379,60.159722],[5.378267,60.151924],[5.38599,60.1473],[5.402504,60.15247],[5.407572,60.144932],[5.412045,60.146966],[5.404814,60.142437],[5.399173,60.147228],[5.395591,60.136631],[5.401477,60.133664],[5.411768,60.137987],[5.415418,60.132309],[5.42473,60.132512],[5.41733,60.136417],[5.427582,60.14584],[5.440813,60.132551],[5.456671,60.146885],[5.45821,60.155382],[5.451567,60.156405],[5.463388,60.164909],[5.452859,60.167742],[5.463408,60.179779],[5.533641,60.197611],[5.545676,60.209627],[5.536512,60.20834],[5.559368,60.224457],[5.576108,60.245762],[5.568673,60.248079],[5.562345,60.261447],[5.570417,60.260603],[5.610385,60.281926],[5.632436,60.324469],[5.622024,60.32567],[5.641194,60.344075],[5.647012,60.373907],[5.664356,60.370873],[5.650495,60.362736],[5.656377,60.359094],[5.653827,60.346063],[5.665233,60.345583],[5.683801,60.371504],[5.72023,60.381536],[5.71635,60.388588],[5.719849,60.389971],[5.713424,60.393483],[5.716494,60.401116],[5.725825,60.404053],[5.727733,60.39829],[5.733626,60.399795],[5.731186,60.397748],[5.742468,60.391741],[5.756785,60.398824],[5.767483,60.389635],[5.757893,60.375725],[5.746393,60.370085],[5.742386,60.375474],[5.740367,60.369576],[5.696891,60.369279],[5.688363,60.364306],[5.682494,60.346457],[5.654831,60.335746],[5.649384,60.307002],[5.652408,60.301923],[5.661808,60.300954],[5.658186,60.294318],[5.651037,60.301717],[5.637958,60.295017],[5.638453,60.288661],[5.646715,60.292029],[5.635686,60.281698],[5.633484,60.275512],[5.637403,60.276471],[5.632191,60.270822],[5.615175,60.264687],[5.613863,60.268087],[5.607235,60.266389],[5.583527,60.252969],[5.600335,60.250358],[5.594576,60.234724],[5.601218,60.236601],[5.634724,60.256834],[5.643888,60.270824],[5.649117,60.269794],[5.650581,60.276711],[5.664611,60.284366],[5.659836,60.278855],[5.664255,60.277487],[5.664653,60.266033],[5.623007,60.238237],[5.620419,60.232192],[5.645963,60.242586],[5.664722,60.244395],[5.719998,60.241538],[5.735581,60.246877],[5.74641,60.238538],[5.727541,60.232281],[5.70189,60.23122],[5.69182,60.226632],[5.686208,60.232056],[5.665809,60.230455],[5.639627,60.219234],[5.624999,60.20452],[5.606143,60.206388],[5.600769,60.202644],[5.591872,60.206501],[5.591208,60.200603],[5.599552,60.199175],[5.605067,60.184501],[5.595554,60.182667],[5.595323,60.171114],[5.586564,60.171128],[5.576963,60.157108],[5.58839,60.147905],[5.59867,60.148602],[5.589196,60.143036],[5.602287,60.142517],[5.679298,60.160409],[5.685804,60.1606],[5.682086,60.156655],[5.692117,60.158954],[5.686718,60.161634],[5.694263,60.169732],[5.687609,60.175123],[5.695173,60.180675],[5.696958,60.192029],[5.704525,60.180187],[5.722994,60.185165],[5.768733,60.186795],[5.720298,60.170568],[5.728252,60.151458],[5.744529,60.146624],[5.740652,60.144166],[5.742888,60.139853],[5.758517,60.137352],[5.755466,60.131499],[5.767732,60.12601],[5.736465,60.12313],[5.730726,60.116657],[5.742979,60.121082],[5.729944,60.114146],[5.734185,60.109549],[5.72058,60.105165],[5.737915,60.102159],[5.732289,60.094971],[5.743648,60.086226],[5.750534,60.076612],[5.749017,60.072089],[5.757614,60.069659],[5.782879,60.075152],[5.792041,60.091245],[5.799879,60.090835],[5.798434,60.081876],[5.803396,60.07548],[5.836041,60.090473],[5.819135,60.079454],[5.816285,60.070461],[5.793133,60.049751],[5.790416,60.063756],[5.783073,60.067896],[5.769417,60.066358],[5.753842,60.069953],[5.749313,60.067117],[5.754186,60.059451],[5.721997,60.076509],[5.715023,60.072167],[5.712988,60.05148],[5.706234,60.051454],[5.705935,60.04729],[5.715103,60.031164],[5.721944,60.028152],[5.719193,60.021084],[5.720529,60.014696],[5.728444,60.010531],[5.725917,60.003625],[5.744959,60.002287],[5.760163,60.011062],[5.763557,60.003855],[5.758217,59.992384],[5.765569,59.97895],[5.778554,59.980285],[5.806697,60.010653],[5.81284,60.008488],[5.826337,60.017538],[5.831572,60.016558],[5.818935,60.01148],[5.810832,60.000137],[5.821605,59.992344],[5.817142,59.989607],[5.821311,59.987086],[5.817556,59.981922],[5.830731,59.982568],[5.897251,60.015618],[5.912982,60.030396],[5.914636,60.033715],[5.908224,60.037713],[5.922967,60.044271],[5.918042,60.047083],[5.923431,60.06125],[5.912915,60.06341],[5.918705,60.066228],[5.915933,60.072706],[5.92089,60.083199],[5.919857,60.089808],[5.914689,60.090408],[5.916412,60.10294],[5.904699,60.123281],[5.904871,60.134354],[5.89643,60.13504],[5.90343,60.143452],[5.900499,60.158558],[5.905097,60.163536],[5.924085,60.166454],[5.924257,60.15727],[5.920287,60.155296],[5.923259,60.150232],[5.948603,60.157699],[5.955847,60.166111],[5.949639,60.170746],[5.954991,60.183878],[5.96138,60.185423],[5.959653,60.193148],[5.968631,60.198812],[5.961725,60.199842],[5.966898,60.206102],[5.964009,60.212728],[6.005268,60.230227],[6.005583,60.239406],[6.001785,60.239361],[6.009527,60.247349],[6.006268,60.249401],[6.01829,60.25739],[6.015141,60.269673],[6.030983,60.273338],[6.046762,60.263513],[6.066421,60.260939],[6.086709,60.252457],[6.122328,60.251942],[6.141002,60.259066],[6.136478,60.248889],[6.152005,60.24224],[6.163134,60.257435],[6.177638,60.261867],[6.195292,60.279493],[6.18994,60.286155],[6.174358,60.284386],[6.180172,60.2889],[6.172962,60.292289],[6.170207,60.300627],[6.175489,60.302732],[6.166878,60.309963],[6.176981,60.320778],[6.216894,60.329018],[6.220455,60.335791],[6.207247,60.347059],[6.176437,60.349599],[6.148851,60.366176],[6.144499,60.373199],[6.172643,60.363092],[6.204573,60.369616],[6.205094,60.379743],[6.200755,60.381718],[6.204226,60.387297],[6.229388,60.382748],[6.254668,60.371024],[6.265309,60.380258],[6.278941,60.382774],[6.231314,60.417872],[6.225175,60.429096],[6.226184,60.441713],[6.209478,60.469093],[6.216091,60.469952],[6.240407,60.434847],[6.231544,60.432529],[6.235246,60.422927],[6.260564,60.407639],[6.262044,60.400538],[6.28385,60.392361],[6.299142,60.392017],[6.34175,60.399914],[6.364182,60.413389],[6.395976,60.414108],[6.404077,60.419173],[6.409517,60.430856],[6.431108,60.429212],[6.466085,60.434933],[6.526754,60.456928],[6.563908,60.454632],[6.602416,60.458913],[6.607273,60.469504],[6.641093,60.476469],[6.650432,60.488372],[6.686919,60.504627],[6.699468,60.518446],[6.71451,60.522347],[6.715525,60.51885],[6.690928,60.49819],[6.678623,60.495742],[6.655024,60.476732],[6.629722,60.465888],[6.632364,60.449151],[6.656533,60.446491],[6.676268,60.430011],[6.700601,60.430544],[6.705058,60.440372],[6.754582,60.456651],[6.755182,60.46875],[6.761987,60.471038],[6.791489,60.47338],[6.839553,60.488758],[6.864049,60.489594],[6.878064,60.484728],[6.893137,60.490398],[6.917876,60.519702],[6.909136,60.532522],[6.914565,60.55649],[6.908562,60.560392],[6.912173,60.565567],[6.92722,60.571235],[6.946151,60.571596],[6.920434,60.56234],[6.927045,60.550429],[6.918734,60.531876],[6.924623,60.527802],[7.001663,60.579729],[7.026437,60.586216],[7.031603,60.583227],[6.951256,60.529711],[6.947503,60.518654],[6.913484,60.493453],[6.936467,60.489709],[6.957945,60.500422],[6.998032,60.503511],[7.074543,60.486323],[7.131714,60.500078],[7.140345,60.493986],[7.100224,60.486724],[7.096945,60.481076],[7.082012,60.479041],[7.074231,60.47002],[7.059068,60.464338],[7.031249,60.477121],[6.99243,60.482907],[6.976144,60.482415],[6.946577,60.472328],[6.894624,60.468471],[6.836345,60.474494],[6.817236,60.465227],[6.804117,60.451087],[6.778271,60.442325],[6.773828,60.436689],[6.755176,60.433947],[6.735397,60.408397],[6.712443,60.399925],[6.709663,60.394151],[6.724999,60.37836],[6.713946,60.375143],[6.685553,60.386283],[6.65246,60.336402],[6.657586,60.325493],[6.650729,60.322073],[6.65335,60.316818],[6.636036,60.292544],[6.617823,60.280871],[6.622526,60.259068],[6.61357,60.251563],[6.619043,60.237966],[6.60113,60.22287],[6.6016,60.208008],[6.587332,60.189854],[6.587356,60.182992],[6.570579,60.170609],[6.574828,60.160562],[6.56841,60.149381],[6.57093,60.142332],[6.556587,60.12928],[6.555836,60.110029],[6.545567,60.096344],[6.551398,60.073491],[6.545659,60.069657],[6.530785,60.07826],[6.528851,60.088797],[6.54062,60.087253],[6.531019,60.098218],[6.538592,60.110493],[6.535319,60.123625],[6.541548,60.14422],[6.551903,60.155315],[6.546617,60.162203],[6.552668,60.186751],[6.557687,60.197407],[6.566237,60.200483],[6.563951,60.207443],[6.572598,60.218935],[6.564097,60.239522],[6.578156,60.269279],[6.590612,60.274944],[6.610914,60.303333],[6.605607,60.328932],[6.624869,60.336656],[6.628262,60.344672],[6.625181,60.353506],[6.645232,60.373503],[6.64631,60.387406],[6.669961,60.405951],[6.615129,60.428026],[6.585179,60.435791],[6.56059,60.436545],[6.533396,60.41798],[6.511249,60.409714],[6.495872,60.38369],[6.426481,60.369427],[6.352978,60.370495],[6.348511,60.366282],[6.356067,60.355797],[6.35277,60.350304],[6.372726,60.34627],[6.376299,60.341281],[6.343592,60.336809],[6.348453,60.343734],[6.33915,60.339144],[6.342729,60.336452],[6.332167,60.327449],[6.335271,60.325572],[6.323235,60.32099],[6.320689,60.315472],[6.290182,60.305833],[6.272832,60.307361],[6.223226,60.29471],[6.242028,60.288897],[6.251209,60.274977],[6.233296,60.276236],[6.232607,60.26063],[6.203077,60.257712],[6.200184,60.251948],[6.2058,60.246472],[6.190197,60.238043],[6.193805,60.226039],[6.161189,60.213675],[6.146122,60.220288],[6.121852,60.219557],[6.111847,60.213482],[6.109857,60.204464],[6.082067,60.19135],[6.095446,60.184863],[6.090933,60.18275],[6.097021,60.179299],[6.093953,60.174799],[6.106365,60.171216],[6.106299,60.163409],[6.120934,60.154227],[6.129104,60.142553],[6.16645,60.124989],[6.153847,60.116165],[6.135182,60.111855],[6.134871,60.107272],[6.201887,60.11442],[6.246845,60.129931],[6.259312,60.138474],[6.266554,60.15564],[6.279817,60.163749],[6.295058,60.162823],[6.283875,60.15385],[6.282311,60.133072],[6.311386,60.131079],[6.314616,60.127212],[6.240651,60.117187],[6.204738,60.103318],[6.179148,60.104066],[6.14491,60.094085],[6.113574,60.095939],[6.094472,60.085208],[6.037889,60.067325],[6.017604,60.053986],[6.019224,60.03845],[5.980796,60.002142],[5.985785,59.989844],[6.005856,59.98622],[6.008756,59.980525],[5.992059,59.965759],[5.992669,59.954694],[5.981818,59.953228],[5.971351,59.958438],[5.972046,59.951053],[5.966823,59.94678],[5.918218,59.955855],[5.908345,59.949353],[5.869887,59.943464],[5.872662,59.939845],[5.866025,59.936254],[5.852098,59.936916],[5.858908,59.933285],[5.85496,59.93041],[5.810745,59.933715],[5.788455,59.922674],[5.782198,59.924841],[5.781405,59.919721],[5.788661,59.918959],[5.772494,59.912544],[5.764795,59.900814],[5.774586,59.883761],[5.773011,59.878467],[5.751783,59.866381],[5.757846,59.870001],[5.754524,59.876298],[5.736578,59.876588],[5.730202,59.870675],[5.739749,59.863193],[5.723976,59.863427],[5.728188,59.860188],[5.717745,59.857488],[5.702384,59.860715],[5.69074,59.853879],[5.696276,59.844685],[5.675053,59.848206],[5.6789,59.839984],[5.688412,59.834635],[5.716825,59.832231],[5.709509,59.828281],[5.715004,59.825975],[5.763842,59.832794],[5.781357,59.830168],[5.790201,59.82559],[5.778971,59.822694],[5.80016,59.81902],[5.809748,59.802282],[5.822212,59.791594],[5.880676,59.768766],[5.907244,59.783493],[5.914108,59.792254],[5.933658,59.792778],[5.956542,59.809306],[5.970117,59.832096],[5.967529,59.85288],[5.979918,59.858681],[5.991653,59.857876],[5.978508,59.847897],[5.983588,59.845528],[5.978694,59.842453],[5.986965,59.830734],[5.982841,59.808918],[5.955636,59.789833],[5.979652,59.763985],[6.021593,59.752576],[6.053545,59.754211],[6.068341,59.762566],[6.079793,59.759506],[6.096008,59.787265],[6.106431,59.788195],[6.113422,59.783046],[6.111075,59.780727],[6.121764,59.78165],[6.135325,59.791197],[6.161082,59.797583],[6.164924,59.806612],[6.182228,59.809039],[6.209746,59.821115],[6.228345,59.834548],[6.340143,59.853443],[6.344055,59.861316],[6.367841,59.875215],[6.379379,59.873923],[6.352616,59.860694],[6.357423,59.856306],[6.353734,59.85173],[6.31313,59.838753],[6.250843,59.831492],[6.228948,59.821801],[6.210169,59.802978],[6.176517,59.789243],[6.139021,59.782615],[6.140841,59.779166],[6.117881,59.750797],[6.091329,59.735955],[6.042532,59.745213],[6.017462,59.736977],[6.00285,59.744046],[5.991075,59.743675],[5.98825,59.738509],[5.995589,59.735515],[5.983953,59.734391],[5.957654,59.743587],[5.965982,59.748599],[5.961792,59.754621],[5.939248,59.762378],[5.935678,59.7703],[5.928262,59.768849],[5.934485,59.763265],[5.93222,59.757486],[5.949508,59.751911],[5.933079,59.74516],[5.941699,59.739053],[5.94003,59.733683],[5.907885,59.740351],[5.905803,59.733122],[5.857575,59.728931],[5.856986,59.71995],[5.86536,59.717506],[5.860821,59.711662],[5.82605,59.706984],[5.816879,59.702754],[5.810423,59.692856],[5.783295,59.683268],[5.785678,59.665344],[5.793006,59.663339],[5.789871,59.656521],[5.795927,59.647671],[5.800419,59.651599],[5.835681,59.65237],[5.923504,59.675413],[5.930439,59.672428],[5.930643,59.663955],[5.915687,59.66523],[5.894707,59.649924],[5.920577,59.648139],[5.922512,59.642722],[5.865401,59.644478],[5.857053,59.648922],[5.79328,59.643233],[5.801168,59.618742],[5.818902,59.610823],[5.802632,59.604461],[5.741307,59.59957],[5.76716,59.603963],[5.788551,59.615934],[5.784352,59.634335],[5.770807,59.649106],[5.678125,59.668699],[5.650535,59.665789],[5.612382,59.6793],[5.61412,59.683325],[5.593089,59.683885],[5.5729,59.665764],[5.563834,59.663086],[5.554689,59.647368],[5.553047,59.638645],[5.565246,59.636971],[5.552159,59.627678],[5.558949,59.611925],[5.552374,59.603075],[5.559803,59.594031],[5.582868,59.59331],[5.558434,59.577177],[5.565049,59.57414],[5.568082,59.565524],[5.566525,59.558492],[5.557112,59.551121],[5.561322,59.545918],[5.551005,59.547194],[5.549574,59.551436],[5.549272,59.543552],[5.543856,59.542286],[5.54914,59.532684],[5.550176,59.524056],[5.543742,59.530308],[5.547282,59.533384],[5.534126,59.53738],[5.519997,59.529522],[5.515768,59.518622],[5.508586,59.517215],[5.506859,59.511866],[5.476567,59.515331],[5.467815,59.511649],[5.463979,59.502105],[5.468571,59.490342],[5.464205,59.491305],[5.460325,59.482984],[5.455116,59.48686],[5.461427,59.491074],[5.458203,59.50851],[5.446408,59.512437],[5.45869,59.523993],[5.442246,59.522592],[5.460211,59.531374],[5.458946,59.537412],[5.451144,59.539623],[5.460124,59.539908],[5.455588,59.545081],[5.460536,59.542874],[5.465168,59.530272],[5.472649,59.524856],[5.500579,59.522032],[5.508844,59.526556],[5.50537,59.532037],[5.508062,59.542943],[5.497231,59.549111],[5.513831,59.547165],[5.515926,59.557176],[5.536935,59.569353],[5.528565,59.583927],[5.522702,59.586134],[5.526446,59.593799],[5.521049,59.594746],[5.523959,59.60168],[5.520456,59.61665],[5.525556,59.625568],[5.512698,59.635009],[5.531423,59.648577],[5.532794,59.654737],[5.52698,59.65905],[5.539463,59.682267],[5.541159,59.71323],[5.517035,59.719312],[5.527679,59.720245],[5.534546,59.731821],[5.525882,59.733328],[5.499233,59.716441],[5.476782,59.709429],[5.46817,59.69955],[5.467329,59.704621],[5.461506,59.704129],[5.455645,59.698035],[5.458864,59.692317],[5.4381,59.68829],[5.441036,59.683592],[5.433183,59.678521],[5.447301,59.672358],[5.446187,59.665969],[5.429154,59.663357],[5.424868,59.658504],[5.421147,59.660028],[5.422735,59.66514],[5.412959,59.662277],[5.417249,59.653258],[5.429014,59.650621],[5.423823,59.646899],[5.451081,59.650604],[5.443902,59.642362],[5.432728,59.638752],[5.443565,59.633197],[5.447832,59.635159],[5.445112,59.638634],[5.464465,59.632442],[5.475345,59.623674],[5.470986,59.614252],[5.463586,59.614536],[5.461018,59.609142],[5.449246,59.604843],[5.447027,59.60986],[5.459924,59.61527],[5.458009,59.619236],[5.440084,59.615944],[5.419762,59.628551],[5.41347,59.622642],[5.413817,59.64147],[5.40741,59.652313],[5.400834,59.651248],[5.396989,59.644256],[5.393881,59.652],[5.371833,59.645905],[5.376568,59.636372],[5.371529,59.633031],[5.340393,59.629695],[5.316191,59.619653],[5.321833,59.608897],[5.317584,59.606324],[5.317584,59.597529],[5.307399,59.601576],[5.30615,59.593629],[5.289739,59.588924],[5.293708,59.583522],[5.287547,59.577205],[5.284906,59.562758],[5.272556,59.564348],[5.27471,59.561282],[5.266154,59.552594],[5.24708,59.556602],[5.246958,59.549114],[5.231017,59.534495],[5.236236,59.535366],[5.235029,59.529182],[5.224189,59.527299],[5.233681,59.522234],[5.259267,59.521158],[5.272686,59.514116],[5.251755,59.521233],[5.239195,59.52055],[5.24822,59.518816],[5.246507,59.515522],[5.227456,59.513403],[5.243147,59.509877],[5.227958,59.507768],[5.231034,59.504857],[5.221726,59.500701],[5.225685,59.495355],[5.222116,59.492404],[5.226494,59.482544],[5.223886,59.478915],[5.239214,59.47497],[5.227252,59.472586],[5.228578,59.46859],[5.24848,59.468691],[5.233588,59.465004],[5.233413,59.456379],[5.242588,59.446677],[5.235155,59.439877],[5.235976,59.435213],[5.252635,59.42902],[5.256673,59.424166],[5.245785,59.422187],[5.256132,59.421211],[5.273742,59.407193],[5.276984,59.403896],[5.280641,59.396134],[5.297348,59.386207],[5.298941,59.367015],[5.316211,59.353743],[5.328787,59.332737],[5.345673,59.328319],[5.347883,59.32149],[5.333565,59.316304],[5.335842,59.295935],[5.353118,59.268331],[5.360723,59.272595],[5.362407,59.280186],[5.365992,59.281839],[5.369171,59.277006],[5.383546,59.2841],[5.381415,59.298892],[5.364084,59.290704],[5.371571,59.29638],[5.382531,59.319295],[5.370985,59.324432],[5.380015,59.329543],[5.378613,59.332682],[5.366585,59.334291],[5.374376,59.33703],[5.376004,59.344927],[5.365284,59.375436],[5.376473,59.386935],[5.367938,59.408032],[5.379935,59.420064],[5.390195,59.392543],[5.405412,59.383683],[5.391181,59.387979],[5.393001,59.381892],[5.381645,59.372535],[5.394411,59.341533],[5.408378,59.339519],[5.394609,59.340373],[5.389271,59.335806],[5.393015,59.329723],[5.388384,59.324932],[5.392495,59.321443],[5.397357,59.324079],[5.391202,59.312378],[5.399604,59.301205],[5.41863,59.289754],[5.427873,59.295252],[5.430637,59.292021],[5.424787,59.286765],[5.428949,59.280377],[5.434324,59.285491],[5.432433,59.292862],[5.457176,59.294623],[5.454242,59.314401],[5.464986,59.309329],[5.464076,59.298929],[5.46871,59.292583],[5.465963,59.285038],[5.474693,59.274899],[5.488819,59.269691],[5.515411,59.269021],[5.528904,59.274812],[5.546137,59.275411],[5.54771,59.270595],[5.558341,59.274973],[5.588185,59.301209],[5.600425,59.32327],[5.613472,59.328527],[5.613565,59.35114],[5.617237,59.353192],[5.61033,59.36343],[5.618684,59.37049],[5.609645,59.378356],[5.6241,59.384276],[5.623304,59.394648],[5.612171,59.406497],[5.593185,59.405026],[5.582544,59.40918],[5.600921,59.413399],[5.619246,59.406937],[5.616575,59.414802],[5.623109,59.427235],[5.625683,59.412124],[5.634676,59.401823],[5.629502,59.395356],[5.632421,59.386724],[5.661361,59.351585],[5.657578,59.343331],[5.685787,59.330919],[5.687098,59.328585],[5.672895,59.322569],[5.655181,59.321732],[5.648132,59.325912],[5.644716,59.321812],[5.648178,59.305545],[5.640969,59.300895],[5.650046,59.294589],[5.638748,59.286308],[5.649879,59.284458],[5.63919,59.282182],[5.627198,59.268619],[5.632024,59.270514],[5.647666,59.260219],[5.665769,59.268286],[5.667787,59.261573],[5.675685,59.265817],[5.672655,59.268152],[5.678482,59.274673],[5.677086,59.283623],[5.658199,59.272952],[5.662436,59.280656],[5.657721,59.281389],[5.656141,59.286134],[5.684213,59.302332],[5.689013,59.299093],[5.699688,59.302294],[5.69193,59.297748],[5.70414,59.29733],[5.711884,59.304181],[5.70943,59.306286],[5.727269,59.314478],[5.730545,59.32137],[5.748335,59.327824],[5.739277,59.332772],[5.743312,59.342808],[5.758088,59.328935],[5.774314,59.334845],[5.790474,59.324024],[5.803231,59.332647],[5.798785,59.344738],[5.80388,59.347812],[5.811769,59.346578],[5.81641,59.334079],[5.825269,59.329391],[5.832945,59.338777],[5.846727,59.342855],[5.852411,59.34013],[5.855597,59.344367],[5.874045,59.343278],[5.875717,59.337116],[5.891695,59.350001],[5.890032,59.364001],[5.895633,59.367633],[5.896488,59.381348],[5.861441,59.400443],[5.846635,59.420563],[5.842761,59.436599],[5.776123,59.425038],[5.759556,59.415033],[5.744831,59.414948],[5.70181,59.399748],[5.670856,59.394287],[5.68666,59.405308],[5.723409,59.414618],[5.753013,59.430774],[5.747755,59.438466],[5.751888,59.444621],[5.73662,59.453148],[5.742467,59.46164],[5.735972,59.462802],[5.73897,59.464611],[5.733616,59.475279],[5.740527,59.47445],[5.754115,59.46146],[5.768272,59.434456],[5.854765,59.463315],[5.85744,59.471809],[5.85147,59.486432],[5.841583,59.491456],[5.82566,59.513261],[5.816449,59.519339],[5.809318,59.517741],[5.825336,59.525463],[5.840105,59.522893],[5.845542,59.53904],[5.852786,59.543137],[5.869785,59.539299],[5.86608,59.511139],[5.877709,59.495772],[5.898837,59.494296],[5.897877,59.485898],[5.884019,59.481246],[5.90011,59.474927],[5.948235,59.473499],[6.006538,59.478434],[6.033851,59.476162],[6.028185,59.470058],[6.037254,59.467978],[6.061224,59.471585],[6.050101,59.475532],[6.054317,59.476778],[6.071562,59.472965],[6.15928,59.479661],[6.165305,59.486388],[6.197855,59.479132],[6.192489,59.473714],[6.157302,59.472935],[6.054247,59.457281],[6.012829,59.445469],[5.99492,59.448311],[5.964381,59.444424],[5.929978,59.453908],[5.9142,59.450024],[5.923246,59.440074],[5.919932,59.438192],[5.925884,59.436539],[5.91312,59.43092],[5.913392,59.422696],[5.921971,59.414063],[5.91796,59.407996],[5.92193,59.405323],[5.916642,59.401794],[5.932875,59.388183],[5.93556,59.374128],[5.94314,59.367078],[5.941614,59.361467],[5.959831,59.35169],[5.962722,59.356301],[5.977381,59.351841],[5.972255,59.358179],[5.982729,59.369259],[5.998777,59.377905],[6.010937,59.374787],[6.020207,59.379211],[6.011588,59.386406],[6.020817,59.38528],[6.018513,59.40433],[6.00433,59.398749],[6.006403,59.405327],[6.023434,59.410026],[6.024119,59.401969],[6.044533,59.394821],[6.058931,59.399737],[6.051015,59.403481],[6.062482,59.406715],[6.078696,59.405257],[6.086377,59.40966],[6.119324,59.404881],[6.123345,59.409175],[6.121431,59.418668],[6.15662,59.426061],[6.175296,59.438845],[6.184768,59.454758],[6.217812,59.472729],[6.215249,59.484674],[6.203171,59.487101],[6.208371,59.501046],[6.251797,59.520748],[6.257182,59.531211],[6.270425,59.537537],[6.265767,59.55067],[6.271114,59.55898],[6.306125,59.575534],[6.301941,59.584055],[6.304524,59.590522],[6.289221,59.592482],[6.288061,59.598371],[6.296266,59.608097],[6.289684,59.617376],[6.307242,59.638777],[6.33047,59.640915],[6.344449,59.648479],[6.365538,59.639906],[6.328125,59.623884],[6.330506,59.583854],[6.313748,59.568099],[6.293362,59.559741],[6.26976,59.524672],[6.269158,59.516996],[6.31933,59.52761],[6.326205,59.533203],[6.356808,59.536367],[6.360456,59.538914],[6.356851,59.542096],[6.367674,59.545133],[6.408651,59.547184],[6.438514,59.556855],[6.60061,59.55923],[6.516492,59.548682],[6.462826,59.548613],[6.399681,59.533308],[6.388722,59.526165],[6.367964,59.526317],[6.308015,59.510589],[6.270425,59.506181],[6.246478,59.49317],[6.248932,59.480917],[6.243321,59.478063],[6.255067,59.468606],[6.23743,59.454649],[6.236139,59.447853],[6.216463,59.427933],[6.212335,59.410578],[6.202815,59.407479],[6.214097,59.420668],[6.210891,59.427219],[6.217192,59.439757],[6.214074,59.444989],[6.203149,59.441782],[6.176116,59.420792],[6.171449,59.424227],[6.179591,59.425681],[6.182503,59.431543],[6.132975,59.416177],[6.125679,59.409744],[6.137254,59.404212],[6.131848,59.401275],[6.116699,59.397322],[6.102842,59.401079],[6.105374,59.394854],[6.092537,59.393589],[6.085455,59.39472],[6.081034,59.391072],[6.086031,59.389391],[6.078049,59.388257],[6.077991,59.384589],[6.064061,59.386605],[6.051191,59.380837],[6.038391,59.367334],[6.041505,59.360912],[6.027392,59.3534],[6.019831,59.341159],[6.027136,59.332316],[6.037558,59.335073],[6.041634,59.326923],[6.080078,59.329962],[6.084807,59.325679],[6.092205,59.344522],[6.081148,59.345117],[6.102358,59.360988],[6.097354,59.354686],[6.108828,59.355636],[6.100695,59.352618],[6.100398,59.345099],[6.092988,59.337352],[6.10362,59.335266],[6.097932,59.331797],[6.100701,59.321655],[6.117386,59.321396],[6.134563,59.314234],[6.170169,59.314584],[6.188359,59.326077],[6.185181,59.332631],[6.190179,59.340168],[6.200946,59.343991],[6.212304,59.341093],[6.193058,59.33282],[6.20112,59.326799],[6.18776,59.324639],[6.187331,59.317393],[6.230573,59.32352],[6.239004,59.329315],[6.229273,59.341826],[6.220271,59.340369],[6.222131,59.344026],[6.2169,59.348223],[6.22105,59.348946],[6.21957,59.353899],[6.228617,59.353201],[6.213972,59.383782],[6.217105,59.389748],[6.231904,59.360634],[6.232066,59.350635],[6.240646,59.344673],[6.243255,59.336471],[6.268262,59.321201],[6.290359,59.317969],[6.266498,59.31792],[6.273044,59.312075],[6.269321,59.309124],[6.274336,59.298037],[6.258127,59.311492],[6.243961,59.31441],[6.167004,59.305883],[6.12755,59.308588],[6.114129,59.302316],[6.11915,59.286485],[6.147917,59.271337],[6.156665,59.26036],[6.191898,59.27183],[6.248083,59.279629],[6.275675,59.290154],[6.30877,59.294854],[6.321423,59.302084],[6.331173,59.301445],[6.349127,59.316544],[6.375332,59.321818],[6.42433,59.324805],[6.451226,59.320312],[6.464048,59.324311],[6.493598,59.317858],[6.557896,59.321325],[6.535684,59.315772],[6.421647,59.313946],[6.326046,59.288154],[6.324954,59.283294],[6.336232,59.274097],[6.330582,59.271205],[6.304956,59.281472],[6.268305,59.269262],[6.229257,59.268242],[6.190068,59.257367],[6.174518,59.247926],[6.179639,59.238421],[6.176404,59.235227],[6.151517,59.234903],[6.137224,59.228966],[6.132253,59.220787],[6.120703,59.221438],[6.1153,59.215392],[6.101037,59.220652],[6.099625,59.211356],[6.086902,59.210613],[6.084136,59.206614],[6.097779,59.204763],[6.098118,59.198593],[6.068557,59.193214],[6.064518,59.187775],[6.068474,59.180286],[6.050618,59.177036],[6.052149,59.170608],[6.032214,59.15983],[6.022841,59.143303],[6.050368,59.137679],[6.095647,59.152748],[6.101695,59.151735],[6.100295,59.14664],[6.112509,59.143166],[6.128869,59.145543],[6.127657,59.149171],[6.162545,59.150055],[6.173552,59.139645],[6.089658,59.140052],[6.086567,59.132888],[6.095858,59.130475],[6.064394,59.13389],[6.067683,59.130209],[6.055549,59.126875],[6.059057,59.121637],[6.028873,59.114748],[5.974623,59.120936],[5.969203,59.114687],[5.953902,59.115439],[5.951319,59.109154],[5.938252,59.108091],[5.931569,59.100157],[5.916716,59.099031],[5.916553,59.093246],[5.889314,59.08252],[5.892526,59.066691],[5.911585,59.063499],[5.908947,59.060713],[5.916125,59.048985],[5.950104,59.022247],[5.963895,59.019395],[5.977373,59.023437],[5.995736,59.017547],[6.011964,59.023128],[6.02866,59.021656],[6.049736,59.008091],[6.073447,59.000739],[6.090152,58.985925],[6.052477,58.999301],[6.045386,58.993985],[6.035435,58.996176],[6.03574,58.990096],[6.018914,58.990696],[6.008943,58.978872],[6.014277,58.974746],[6.004344,58.976343],[5.995516,58.971102],[6.00521,58.961002],[6.000388,58.959688],[6.001771,58.95547],[6.019821,58.942646],[6.02598,58.930828],[6.04093,58.93396],[6.048232,58.930411],[6.04315,58.926316],[6.073195,58.903614],[6.083887,58.92151],[6.09716,58.925924],[6.100381,58.942535],[6.204152,58.989309],[6.235078,58.998191],[6.237058,59.004061],[6.265847,59.012501],[6.353778,59.017887],[6.484988,59.039423],[6.528416,59.038278],[6.548119,59.044534],[6.644904,59.05582],[6.646764,59.051529],[6.639456,59.049416],[6.582668,59.042274],[6.53452,59.029066],[6.514168,59.030383],[6.360654,59.003657],[6.280817,58.999489],[6.233684,58.985587],[6.2214,58.977236],[6.196727,58.97318],[6.169998,58.957653],[6.148875,58.955342],[6.143728,58.948765],[6.13316,58.949268],[6.133915,58.944209],[6.118944,58.942447],[6.114952,58.936842],[6.118423,58.930764],[6.101466,58.922258],[6.100504,58.905807],[6.085216,58.900534],[6.102449,58.894073],[6.116649,58.875288],[6.134576,58.870664],[6.174098,58.848334],[6.268155,58.84908],[6.279173,58.84592],[6.279511,58.839758],[6.190241,58.843873],[6.176782,58.835027],[6.152068,58.842329],[6.137521,58.853492],[6.121221,58.851551],[6.096371,58.869796],[6.073519,58.879583],[6.075387,58.882631],[6.063265,58.882665],[6.072163,58.886865],[6.057835,58.894493],[6.041516,58.897863],[6.047783,58.8935],[6.041824,58.892666],[6.014187,58.90256],[5.998354,58.896521],[5.966396,58.903592],[5.973264,58.908083],[5.966663,58.918616],[5.983414,58.927812],[5.97843,58.937457],[5.969583,58.935671],[5.964501,58.944136],[5.948342,58.951818],[5.932021,58.954685],[5.931544,58.947924],[5.91213,58.953977],[5.892941,58.967889],[5.862283,58.963102],[5.86236,58.954088],[5.85326,58.956126],[5.844179,58.947675],[5.853312,58.942289],[5.848752,58.930807],[5.839127,58.933761],[5.832495,58.927219],[5.816967,58.925544],[5.786575,58.939239],[5.783851,58.934482],[5.789639,58.931026],[5.778627,58.927522],[5.774843,58.914104],[5.777734,58.905289],[5.771888,58.896345],[5.774028,58.882702],[5.755858,58.865675],[5.753986,58.857339],[5.743614,58.851723],[5.74903,58.861498],[5.747988,58.869292],[5.741899,58.873729],[5.748995,58.87991],[5.751837,58.898286],[5.735332,58.909838],[5.747324,58.913542],[5.737626,58.919414],[5.739758,58.923439],[5.749204,58.9222],[5.756017,58.929629],[5.75508,58.947084],[5.746068,58.95329],[5.752782,58.951625],[5.768165,58.958216],[5.769728,58.964989],[5.757176,58.972706],[5.727816,58.972443],[5.685307,58.998175],[5.663691,58.999748],[5.656564,59.011134],[5.619264,59.024105],[5.603181,59.023808],[5.603134,59.029822],[5.58475,59.03679],[5.573882,59.030352],[5.580504,59.03047],[5.57765,59.025345],[5.591823,59.022587],[5.591668,59.019372],[5.562264,59.014858],[5.570114,59.006854],[5.563488,59.00292],[5.570462,58.996411],[5.56065,58.987517],[5.564336,58.980846],[5.607355,58.984879],[5.611215,58.975558],[5.59088,58.968194],[5.597175,58.961491],[5.624999,58.955078],[5.630885,58.948462],[5.62207,58.947188],[5.635826,58.942505],[5.635085,58.934603],[5.640374,58.931242],[5.66972,58.941498],[5.685363,58.928174],[5.662188,58.918995],[5.669593,58.913615],[5.658123,58.914024],[5.662361,58.910247],[5.64123,58.905812],[5.641895,58.898586],[5.634627,58.895749],[5.625384,58.905946],[5.616064,58.906913],[5.625,58.913783],[5.624999,58.928013],[5.633999,58.923586],[5.63644,58.929657],[5.616446,58.934903],[5.62851,58.934668],[5.627962,58.938506],[5.606418,58.947959],[5.609884,58.957156],[5.583821,58.961752],[5.575951,58.958167],[5.564111,58.941319],[5.570512,58.932624],[5.583235,58.927505],[5.600902,58.93008],[5.604372,58.925482],[5.58864,58.920845],[5.573187,58.924716],[5.589337,58.911816],[5.578043,58.908354],[5.577623,58.899609],[5.586193,58.892817],[5.599687,58.891169],[5.603846,58.882672],[5.598307,58.875978],[5.574563,58.875347],[5.553361,58.865986],[5.559149,58.860865],[5.549451,58.859249],[5.546184,58.850881],[5.561923,58.845451],[5.560413,58.840383],[5.537505,58.821689],[5.54753,58.809451],[5.546108,58.794997],[5.532869,58.778709],[5.501879,58.765883],[5.48751,58.752022],[5.513668,58.738134],[5.512117,58.732219],[5.521097,58.722901],[5.518201,58.709683],[5.529129,58.704977],[5.525319,58.702294],[5.533198,58.70311],[5.532832,58.699471],[5.551379,58.690127],[5.548432,58.683343],[5.537861,58.682844],[5.547633,58.680654],[5.540691,58.6696],[5.552863,58.662862],[5.550527,58.657468],[5.586065,58.640095],[5.587464,58.632671],[5.640437,58.584565],[5.650049,58.565943],[5.667798,58.549175],[5.675489,58.549107],[5.681671,58.541484],[5.695738,58.536368],[5.738899,58.536763],[5.771363,58.52878],[5.781988,58.518296],[5.794603,58.514967],[5.795232,58.510083],[5.787809,58.507248],[5.782495,58.497849],[5.789116,58.491408],[5.808333,58.487557],[5.816138,58.480382],[5.824541,58.483732],[5.821299,58.48015],[5.825146,58.478557],[5.843776,58.481315],[5.84813,58.475042],[5.857054,58.475801],[5.857042,58.479788],[5.875024,58.478726],[5.878682,58.476041],[5.865682,58.477797],[5.860307,58.472838],[5.871272,58.470213],[5.875576,58.464195],[5.96095,58.470659],[5.983386,58.464674],[5.974101,58.461413],[5.964201,58.467158],[5.946573,58.468433],[5.906532,58.459101],[5.898561,58.461127],[5.902395,58.458069],[5.890995,58.45457],[5.886841,58.448232],[5.891293,58.446816],[5.870734,58.445408],[5.865039,58.44066],[5.862271,58.429531],[5.87426,58.428839],[5.873742,58.422991],[5.904032,58.425866],[5.911062,58.436291],[5.90345,58.448244],[5.914693,58.457065],[5.919275,58.451543],[5.929678,58.453423],[5.92673,58.450707],[5.932275,58.449969],[5.9346,58.440923],[5.939254,58.439352],[5.935133,58.428838],[5.945101,58.420312],[5.968359,58.415019],[5.965854,58.408342],[5.980479,58.408114],[5.979247,58.421141],[5.991301,58.419463],[5.985309,58.428009],[5.988964,58.430936],[5.978954,58.439277],[5.985463,58.443155],[5.979294,58.447044],[5.983646,58.45016],[5.979299,58.458169],[5.983099,58.458569],[5.99025,58.451312],[5.987231,58.446163],[5.994957,58.419554],[6.013418,58.417006],[6.004216,58.409994],[6.014653,58.405981],[6.025388,58.387839],[6.051682,58.374193],[6.065387,58.383616],[6.068879,58.373908],[6.095443,58.371316],[6.090325,58.365586],[6.096409,58.366616],[6.110826,58.35552],[6.24104,58.322296],[6.251104,58.32176],[6.249742,58.325843],[6.258277,58.321275],[6.258607,58.32559],[6.262539,58.320771],[6.275613,58.319301],[6.271582,58.323674],[6.275241,58.324621],[6.297292,58.312847],[6.324122,58.309917],[6.333312,58.319205],[6.3514,58.325192],[6.347772,58.318142],[6.327265,58.310686],[6.329767,58.307949],[6.322427,58.298906],[6.334577,58.295037],[6.33217,58.290769],[6.3675,58.277358],[6.381952,58.277511],[6.377619,58.275524],[6.38613,58.272271],[6.444402,58.261449],[6.463065,58.262816],[6.460963,58.268194],[6.465011,58.269485],[6.467219,58.26184],[6.478796,58.255031],[6.510677,58.256989],[6.513153,58.253134],[6.520084,58.257943],[6.521233,58.251923],[6.531825,58.247712],[6.535937,58.250533],[6.581509,58.242763],[6.629704,58.241309],[6.643864,58.233936],[6.666677,58.238335],[6.665009,58.247872],[6.678481,58.248828],[6.671609,58.253341],[6.660875,58.251464],[6.649569,58.262676],[6.646054,58.270419],[6.654241,58.273252],[6.651099,58.283312],[6.65832,58.285187],[6.647473,58.293702],[6.654841,58.294544],[6.661283,58.29275],[6.658002,58.28756],[6.671888,58.28082],[6.657337,58.268531],[6.657316,58.262275],[6.674527,58.257321],[6.682294,58.262687],[6.685586,58.253492],[6.695906,58.251467],[6.693482,58.243321],[6.708228,58.224739],[6.719033,58.21974],[6.739929,58.231767],[6.759311,58.234551],[6.773635,58.24402],[6.785968,58.244237],[6.790691,58.253057],[6.817457,58.256277],[6.815522,58.261614],[6.841076,58.259476],[6.861922,58.270763],[6.875585,58.271248],[6.877934,58.276884],[6.890872,58.273088],[6.908146,58.282616],[6.922603,58.285891],[6.883286,58.269433],[6.771999,58.23444],[6.763169,58.22665],[6.744907,58.221336],[6.739227,58.213805],[6.673453,58.190507],[6.690714,58.18174],[6.689095,58.178601],[6.620633,58.178524],[6.621554,58.160409],[6.595971,58.131614],[6.551327,58.116811],[6.586033,58.096045],[6.578273,58.098028],[6.581103,58.094043],[6.592925,58.095063],[6.588288,58.0892],[6.598244,58.083836],[6.606728,58.086915],[6.60449,58.089528],[6.617546,58.088283],[6.620607,58.08482],[6.615017,58.080274],[6.623774,58.080337],[6.619749,58.077558],[6.624079,58.072078],[6.638562,58.06593],[6.660913,58.076965],[6.700388,58.065938],[6.720509,58.068886],[6.726935,58.066774],[6.727108,58.060646],[6.734117,58.066545],[6.768538,58.06614],[6.769256,58.071189],[6.781072,58.065737],[6.778796,58.062023],[6.789009,58.054728],[6.797007,58.055572],[6.791183,58.063164],[6.79474,58.065654],[6.821071,58.064328],[6.813506,58.074122],[6.822534,58.066594],[6.829376,58.069676],[6.828498,58.07519],[6.821758,58.075732],[6.826087,58.078578],[6.814887,58.084229],[6.790706,58.082005],[6.808954,58.08633],[6.805089,58.091092],[6.813798,58.091573],[6.806824,58.094826],[6.829117,58.089054],[6.833151,58.093444],[6.833534,58.088822],[6.852662,58.083491],[6.883755,58.081108],[6.878717,58.079288],[6.90007,58.079047],[6.899588,58.083948],[6.913219,58.081379],[6.908885,58.079046],[6.912091,58.07634],[6.900912,58.074049],[6.879771,58.076019],[6.882259,58.072014],[6.865803,58.07919],[6.844621,58.079674],[6.873832,58.067615],[6.869758,58.061547],[6.878374,58.057827],[6.886799,58.062217],[6.881666,58.067367],[6.889046,58.072805],[6.925879,58.072422],[6.918856,58.076616],[6.932109,58.089771],[6.929511,58.093062],[6.950908,58.097705],[6.954136,58.106194],[6.957503,58.100319],[6.950839,58.093729],[6.929268,58.086397],[6.931022,58.081641],[6.926069,58.08049],[6.961998,58.082293],[6.938934,58.075854],[6.942096,58.068933],[6.956277,58.069281],[6.934595,58.064268],[6.938278,58.062092],[6.933099,58.058496],[6.937065,58.057848],[6.938242,58.049464],[6.947818,58.052129],[6.961655,58.04761],[6.967905,58.050903],[6.963558,58.055031],[6.977289,58.055581],[6.973117,58.069448],[6.988619,58.069597],[6.990787,58.077871],[6.998346,58.078228],[7.011007,58.090109],[7.00731,58.096982],[7.023615,58.098118],[7.023701,58.106521],[7.029318,58.108982],[7.024971,58.111971],[7.044405,58.115397],[7.046934,58.122239],[7.058028,58.120607],[7.06168,58.119012],[7.058754,58.113382],[7.03925,58.103117],[7.032927,58.092632],[7.013811,58.085586],[7.01704,58.077427],[7.004531,58.073299],[7.012431,58.066952],[7.010137,58.061866],[6.996157,58.066562],[6.988751,58.060956],[6.994731,58.054268],[6.989306,58.053157],[6.993377,58.052145],[6.974272,58.045886],[6.977475,58.043809],[6.973648,58.03785],[6.982568,58.037695],[6.981339,58.031824],[6.987034,58.030401],[6.980481,58.022785],[6.989298,58.028569],[7.013433,58.032615],[6.996508,58.020634],[6.979482,58.018868],[6.984669,58.008743],[6.999426,58.013772],[7.000022,58.019772],[7.013211,58.011546],[7.017907,58.01599],[7.023796,58.013348],[7.024392,58.026132],[7.017594,58.028388],[7.017409,58.035],[7.039599,58.045105],[7.050831,58.057331],[7.058477,58.055316],[7.067737,58.061641],[7.075526,58.057751],[7.094978,58.069055],[7.09546,58.073886],[7.100068,58.072045],[7.098695,58.067333],[7.104892,58.067966],[7.110052,58.075053],[7.102206,58.077713],[7.124058,58.074549],[7.135806,58.080129],[7.124713,58.071573],[7.143761,58.070682],[7.126263,58.067966],[7.112568,58.057127],[7.085312,58.052445],[7.044247,58.028348],[7.03381,58.010415],[7.037462,58.00438],[7.027677,57.996778],[7.03454,57.987335],[7.055263,57.979109],[7.062539,57.98563],[7.08366,57.988753],[7.111459,58.006273],[7.116451,58.017738],[7.105214,58.030272],[7.106464,58.039556],[7.115881,58.035319],[7.12001,58.025076],[7.128503,58.031647],[7.12496,58.036943],[7.140896,58.042667],[7.136397,58.026883],[7.138389,58.026058],[7.147917,58.029692],[7.145958,58.040032],[7.154157,58.037694],[7.155064,58.044581],[7.177385,58.042353],[7.173677,58.045303],[7.178683,58.047553],[7.175926,58.053725],[7.180113,58.057475],[7.184901,58.050566],[7.200966,58.048939],[7.193746,58.043663],[7.202154,58.038144],[7.197813,58.02676],[7.213166,58.032889],[7.224673,58.032059],[7.227956,58.034739],[7.224455,58.037388],[7.246761,58.043552],[7.248421,58.050194],[7.258193,58.043228],[7.252896,58.041209],[7.251877,58.034737],[7.26428,58.03049],[7.262115,58.027128],[7.267458,58.025685],[7.265172,58.03009],[7.271129,58.041],[7.266734,58.048092],[7.274014,58.05398],[7.278564,58.052305],[7.27862,58.060897],[7.282673,58.063936],[7.279773,58.057262],[7.28543,58.050817],[7.275517,58.04207],[7.276165,58.025515],[7.296396,58.028917],[7.297824,58.039279],[7.303799,58.031564],[7.299036,58.028322],[7.320127,58.025809],[7.320133,58.045164],[7.327639,58.03651],[7.33444,58.037297],[7.33183,58.032617],[7.337646,58.027795],[7.388463,58.01724],[7.404555,58.007254],[7.426466,58.01096],[7.405481,58.016707],[7.41017,58.012209],[7.402428,58.012103],[7.395667,58.020208],[7.413077,58.016782],[7.425832,58.021362],[7.404466,58.026948],[7.419894,58.025443],[7.409801,58.029158],[7.427746,58.029531],[7.423679,58.025501],[7.432828,58.022484],[7.42663,58.019938],[7.441579,58.010636],[7.440961,58.015924],[7.445519,58.016724],[7.442613,58.018073],[7.45237,58.020573],[7.461757,58.016093],[7.476212,58.018362],[7.471964,58.011023],[7.4854,58.012182],[7.477533,58.020907],[7.492962,58.015794],[7.502511,58.018674],[7.498495,58.006274],[7.510844,58.00296],[7.49815,57.999571],[7.497081,57.990886],[7.503852,57.99034],[7.502658,57.986312],[7.509067,57.984854],[7.511248,57.97745],[7.519823,57.979036],[7.519312,57.974442],[7.529651,57.97345],[7.541753,57.978564],[7.53712,57.98203],[7.545372,57.986864],[7.533793,57.98696],[7.534755,57.989841],[7.550366,57.991402],[7.54095,57.995694],[7.54534,57.997478],[7.514946,58.003986],[7.518575,58.00657],[7.582432,58.007812],[7.5805,58.004233],[7.568726,58.005299],[7.595996,58.000444],[7.604022,58.00632],[7.593623,58.004511],[7.593534,58.009589],[7.636167,58.009234],[7.640697,58.013228],[7.628849,58.012627],[7.636321,58.015251],[7.632514,58.017384],[7.618318,58.012269],[7.613351,58.015219],[7.631526,58.020779],[7.668988,58.011738],[7.672681,58.01602],[7.652779,58.024023],[7.676072,58.02011],[7.675606,58.027343],[7.681277,58.029219],[7.675519,58.031663],[7.682022,58.038004],[7.662918,58.042985],[7.684651,58.041474],[7.690138,58.046148],[7.681449,58.04811],[7.701364,58.045854],[7.708987,58.050597],[7.692705,58.064463],[7.693699,58.070638],[7.7006,58.069662],[7.701077,58.060086],[7.715866,58.051907],[7.70971,58.053043],[7.714385,58.047626],[7.716295,58.048993],[7.727723,58.049151],[7.721267,58.050311],[7.721235,58.054239],[7.735747,58.052859],[7.729193,58.057011],[7.734112,58.059989],[7.746728,58.057728],[7.745754,58.064114],[7.737798,58.065283],[7.747864,58.066434],[7.756425,58.060987],[7.756785,58.065698],[7.750183,58.069267],[7.765184,58.067539],[7.785382,58.079819],[7.785096,58.066871],[7.796845,58.067979],[7.803926,58.077307],[7.817267,58.077244],[7.82167,58.072369],[7.816831,58.065324],[7.838119,58.062071],[7.843311,58.063144],[7.838591,58.064417],[7.838301,58.072695],[7.84379,58.075353],[7.857844,58.07022],[7.878853,58.073542],[7.911072,58.069675],[7.923034,58.077434],[7.919689,58.080369],[7.928526,58.083889],[7.925947,58.090371],[7.933571,58.094425],[7.930264,58.089477],[7.941989,58.084804],[7.943888,58.07715],[7.952433,58.075755],[7.9601,58.080394],[7.952909,58.086094],[7.967562,58.083068],[7.97804,58.093024],[7.972782,58.099507],[7.987914,58.098195],[7.990549,58.102175],[7.978178,58.106781],[7.99001,58.105874],[7.99412,58.109994],[7.981684,58.115605],[7.954379,58.11372],[7.979024,58.126517],[7.980887,58.130442],[7.968076,58.135889],[7.97832,58.136362],[7.986632,58.14438],[7.997244,58.132587],[8.010847,58.130139],[8.013521,58.132929],[8.001038,58.142048],[8.006814,58.145625],[8.017495,58.142133],[8.036333,58.144574],[8.038322,58.150874],[8.030108,58.153037],[8.045368,58.15827],[8.042554,58.163459],[8.050532,58.161932],[8.043399,58.173723],[8.048519,58.177059],[8.037805,58.182055],[8.051466,58.184829],[8.036472,58.197413],[8.054655,58.19992],[8.05423,58.204908],[8.046033,58.210252],[8.050689,58.215063],[8.044065,58.22221],[8.02337,58.231184],[8.031598,58.235598],[8.058602,58.21538],[8.072934,58.195218],[8.090124,58.198865],[8.075699,58.192098],[8.086776,58.186266],[8.081079,58.184294],[8.079795,58.176463],[8.071677,58.174566],[8.088394,58.166971],[8.076463,58.167245],[8.07908,58.161877],[8.061238,58.16275],[8.047193,58.149673],[8.060963,58.133847],[8.066123,58.141257],[8.075222,58.141014],[8.059553,58.123946],[8.062404,58.118958],[8.077884,58.123701],[8.076146,58.129632],[8.087249,58.133619],[8.090621,58.132108],[8.083954,58.12676],[8.08757,58.121795],[8.114019,58.114959],[8.118837,58.108587],[8.132364,58.114026],[8.146789,58.104076],[8.156226,58.109903],[8.157442,58.118106],[8.167372,58.118901],[8.159179,58.122862],[8.165242,58.123505],[8.149207,58.128222],[8.170871,58.12452],[8.183478,58.133175],[8.175584,58.134908],[8.183139,58.135708],[8.178833,58.140227],[8.191802,58.145543],[8.190577,58.14838],[8.195756,58.153727],[8.185614,58.159031],[8.189631,58.164857],[8.20679,58.163421],[8.200199,58.158771],[8.206618,58.152919],[8.191738,58.146556],[8.197018,58.141308],[8.206993,58.146687],[8.210274,58.143308],[8.202229,58.132464],[8.2085,58.130677],[8.203532,58.130065],[8.207928,58.124665],[8.202108,58.12236],[8.204941,58.119031],[8.199673,58.119098],[8.20147,58.112755],[8.206157,58.116037],[8.209241,58.114533],[8.205609,58.112019],[8.212904,58.108005],[8.220003,58.110663],[8.211811,58.113149],[8.218978,58.120461],[8.210716,58.124657],[8.224516,58.124412],[8.228423,58.117576],[8.241899,58.125144],[8.241087,58.129748],[8.259123,58.133057],[8.251313,58.138594],[8.254729,58.144939],[8.261319,58.14477],[8.252358,58.146911],[8.264176,58.14999],[8.247285,58.149832],[8.249921,58.142687],[8.245352,58.141823],[8.244037,58.147284],[8.236046,58.149214],[8.24421,58.150885],[8.238062,58.15467],[8.264087,58.159154],[8.265786,58.15667],[8.257704,58.154601],[8.284284,58.14963],[8.293196,58.154512],[8.28313,58.160962],[8.27137,58.160979],[8.28432,58.157388],[8.272075,58.155319],[8.268157,58.165073],[8.278993,58.172596],[8.273317,58.174034],[8.282989,58.176619],[8.28853,58.167805],[8.294886,58.166654],[8.301436,58.172127],[8.297575,58.176973],[8.30332,58.177926],[8.300053,58.184386],[8.284448,58.180962],[8.305472,58.193781],[8.299522,58.196539],[8.302409,58.199002],[8.277027,58.199382],[8.287522,58.19599],[8.284538,58.191901],[8.267021,58.199202],[8.247876,58.200409],[8.255569,58.202708],[8.253291,58.208292],[8.263693,58.200668],[8.271741,58.200377],[8.267357,58.206894],[8.275838,58.200491],[8.281483,58.204504],[8.300544,58.200294],[8.303748,58.20213],[8.289769,58.206748],[8.28854,58.214564],[8.315811,58.213103],[8.322377,58.208257],[8.339679,58.218464],[8.338747,58.206927],[8.332606,58.212225],[8.32255,58.204043],[8.331607,58.198149],[8.329558,58.204493],[8.339535,58.202836],[8.344211,58.194601],[8.337694,58.198601],[8.333349,58.196461],[8.316951,58.198534],[8.343614,58.190393],[8.37086,58.193614],[8.376355,58.200753],[8.374364,58.205198],[8.381569,58.206872],[8.378651,58.20893],[8.388856,58.206889],[8.386674,58.210762],[8.391883,58.217632],[8.382524,58.218816],[8.384477,58.224311],[8.379334,58.228376],[8.394165,58.229511],[8.395614,58.236466],[8.380349,58.239216],[8.369232,58.231956],[8.378065,58.229293],[8.374958,58.227966],[8.377785,58.22552],[8.357298,58.227224],[8.34972,58.233955],[8.377198,58.239396],[8.37938,58.247739],[8.385452,58.246775],[8.391662,58.255913],[8.405108,58.251569],[8.393707,58.247059],[8.395411,58.242282],[8.405345,58.239852],[8.405023,58.242969],[8.408008,58.244306],[8.413041,58.236333],[8.425902,58.24463],[8.435807,58.242613],[8.440182,58.246775],[8.429846,58.244855],[8.434672,58.248498],[8.431815,58.250146],[8.438664,58.250474],[8.430655,58.253643],[8.434024,58.257477],[8.427748,58.257028],[8.430973,58.259897],[8.427527,58.266243],[8.418722,58.269666],[8.4172,58.265772],[8.410813,58.266343],[8.435646,58.288504],[8.440202,58.287197],[8.435544,58.282816],[8.435109,58.271714],[8.44432,58.273243],[8.435381,58.263876],[8.457246,58.257558],[8.468614,58.261266],[8.462271,58.253297],[8.4375,58.261719],[8.440005,58.255243],[8.433485,58.254222],[8.437235,58.252232],[8.454628,58.253016],[8.466875,58.24794],[8.465424,58.251598],[8.475453,58.257084],[8.467752,58.254864],[8.471617,58.259032],[8.486867,58.262695],[8.48687,58.259596],[8.503359,58.260231],[8.520141,58.268375],[8.49864,58.253506],[8.500727,58.250872],[8.49162,58.251338],[8.495267,58.24572],[8.50578,58.251366],[8.50745,58.24587],[8.526977,58.249606],[8.509506,58.2576],[8.532017,58.270659],[8.534317,58.277772],[8.528252,58.277945],[8.537927,58.285032],[8.50646,58.280128],[8.523404,58.289166],[8.513395,58.30179],[8.528694,58.290203],[8.545423,58.295393],[8.539965,58.29958],[8.542326,58.301805],[8.552359,58.300149],[8.546116,58.312499],[8.555353,58.303327],[8.567535,58.308142],[8.585256,58.330552],[8.594975,58.331296],[8.596445,58.340445],[8.602414,58.340275],[8.604972,58.353564],[8.614279,58.357966],[8.613569,58.363231],[8.621796,58.358619],[8.600295,58.334963],[8.61891,58.330142],[8.63132,58.333503],[8.629147,58.337243],[8.639011,58.336559],[8.623528,58.34156],[8.645883,58.34326],[8.656337,58.352604],[8.653429,58.354077],[8.674387,58.356904],[8.676251,58.36065],[8.668595,58.371242],[8.686162,58.365529],[8.699493,58.370656],[8.693391,58.376093],[8.709283,58.37485],[8.728312,58.393408],[8.70355,58.392645],[8.711463,58.400251],[8.708618,58.403914],[8.722942,58.410252],[8.739815,58.409886],[8.735414,58.418551],[8.745724,58.416509],[8.754016,58.424942],[8.773718,58.422671],[8.77539,58.418],[8.780552,58.420619],[8.772035,58.430167],[8.781868,58.433484],[8.781758,58.441522],[8.772711,58.44833],[8.772518,58.454918],[8.755103,58.45229],[8.758752,58.455438],[8.786268,58.462559],[8.80008,58.471239],[8.806742,58.468052],[8.828307,58.473898],[8.843196,58.487476],[8.84993,58.485398],[8.886733,58.498098],[8.90114,58.512044],[8.881442,58.506826],[8.897964,58.516692],[8.886745,58.52359],[8.899529,58.527487],[8.906122,58.523885],[8.901334,58.518173],[8.919955,58.509543],[8.924978,58.512289],[8.919287,58.515218],[8.933598,58.518402],[8.931038,58.521083],[8.936612,58.525535],[8.945153,58.517419],[8.969558,58.528598],[8.992633,58.549602],[8.976988,58.550978],[8.994223,58.551649],[9.001099,58.556154],[8.995762,58.55986],[9.004189,58.560779],[8.995789,58.562179],[8.98779,58.579674],[8.974725,58.584918],[8.972916,58.571856],[8.978062,58.561324],[8.966581,58.554364],[8.974321,58.561723],[8.961143,58.568349],[8.971104,58.583123],[8.96543,58.593359],[8.968462,58.595027],[8.94299,58.59253],[8.939725,58.613482],[8.933605,58.620757],[8.945967,58.620063],[8.95479,58.625228],[8.945176,58.61101],[8.961222,58.602296],[8.953228,58.602543],[8.950196,58.597756],[8.971126,58.603905],[8.974594,58.590878],[8.985485,58.59199],[8.988881,58.584085],[8.998243,58.5856],[8.996374,58.592959],[9.00192,58.593105],[8.995642,58.572602],[9.005105,58.566825],[9.018244,58.566557],[9.020275,58.57881],[9.038441,58.596974],[9.009196,58.590743],[9.006197,58.593991],[9.013348,58.598697],[9.010005,58.60086],[9.015479,58.604327],[9.02573,58.599121],[9.040031,58.604993],[9.036839,58.610075],[9.018935,58.607442],[9.013243,58.611377],[9.023509,58.612834],[9.022231,58.618726],[9.033412,58.619109],[9.029598,58.612231],[9.039066,58.617377],[9.054981,58.617002],[9.062529,58.625407],[9.063417,58.619442],[9.075794,58.62254],[9.080387,58.628762],[9.151937,58.652363],[9.157637,58.658897],[9.151082,58.665428],[9.167039,58.656105],[9.189323,58.666013],[9.203975,58.665354],[9.205096,58.670386],[9.213381,58.672845],[9.211906,58.677554],[9.231127,58.680004],[9.225214,58.681546],[9.231902,58.683692],[9.224092,58.683874],[9.231259,58.687567],[9.22472,58.691456],[9.197369,58.696073],[9.073533,58.684609],[9.120718,58.697584],[9.141127,58.694158],[9.192339,58.702505],[9.185554,58.698421],[9.202812,58.699603],[9.195088,58.703068],[9.229288,58.706635],[9.227659,58.71108],[9.242253,58.717728],[9.246362,58.72588],[9.235189,58.729319],[9.206581,58.723454],[9.219751,58.732251],[9.236668,58.731527],[9.225763,58.734516],[9.23496,58.738888],[9.159511,58.735242],[9.102954,58.743289],[9.085379,58.732565],[9.100963,58.736868],[9.110361,58.72906],[9.154247,58.727924],[9.162158,58.72406],[9.152719,58.723215],[9.162297,58.719716],[9.165083,58.72433],[9.202291,58.721667],[9.189013,58.715188],[9.19366,58.720011],[9.159161,58.717984],[9.126232,58.721047],[9.118504,58.717098],[9.114095,58.71917],[9.125396,58.724297],[9.058735,58.727024],[9.103922,58.745199],[9.093271,58.748669],[9.086855,58.743822],[9.082576,58.748134],[9.110071,58.750376],[9.131753,58.747658],[9.133035,58.742504],[9.163147,58.738029],[9.175843,58.741068],[9.183838,58.750881],[9.187627,58.741663],[9.205145,58.747801],[9.240217,58.741042],[9.24441,58.74707],[9.252717,58.747394],[9.285468,58.740762],[9.308031,58.742018],[9.311277,58.743976],[9.297425,58.744232],[9.313404,58.748291],[9.326283,58.741746],[9.326778,58.745957],[9.320263,58.748439],[9.340816,58.752267],[9.341406,58.756428],[9.351787,58.753534],[9.373193,58.771989],[9.382469,58.773025],[9.390153,58.783685],[9.39909,58.783984],[9.412304,58.794134],[9.420102,58.792867],[9.425674,58.799584],[9.429155,58.795199],[9.430944,58.800107],[9.453959,58.808183],[9.432264,58.811912],[9.418327,58.80459],[9.405176,58.802297],[9.413609,58.805872],[9.402495,58.804919],[9.407974,58.808261],[9.397766,58.815712],[9.467378,58.828333],[9.46313,58.838813],[9.441608,58.84789],[9.397314,58.85198],[9.342355,58.844431],[9.323125,58.837363],[9.291419,58.839298],[9.29306,58.846477],[9.304355,58.847494],[9.29403,58.852549],[9.303228,58.856661],[9.298849,58.858442],[9.304041,58.861184],[9.308759,58.877162],[9.308942,58.8814],[9.300008,58.886068],[9.30291,58.88958],[9.306016,58.88405],[9.314038,58.883485],[9.31493,58.877042],[9.326789,58.866708],[9.354615,58.865207],[9.369407,58.858858],[9.369027,58.862515],[9.379665,58.86387],[9.419865,58.863298],[9.423874,58.866353],[9.416934,58.869306],[9.420322,58.875529],[9.398175,58.881296],[9.422977,58.880703],[9.426605,58.886719],[9.421927,58.902708],[9.409284,58.903921],[9.390595,58.897566],[9.384513,58.886467],[9.370988,58.883496],[9.373158,58.896222],[9.395924,58.904333],[9.435808,58.905261],[9.440393,58.903001],[9.435106,58.899169],[9.437446,58.896856],[9.446935,58.897232],[9.453984,58.885726],[9.45983,58.884888],[9.467198,58.895082],[9.4533,58.900729],[9.468645,58.909375],[9.466405,58.899252],[9.468952,58.894907],[9.47451,58.897476],[9.480085,58.91635],[9.490332,58.911618],[9.484229,58.905244],[9.488156,58.901569],[9.479365,58.895186],[9.480884,58.889932],[9.48691,58.890256],[9.481,58.881677],[9.483021,58.876027],[9.501757,58.871835],[9.503906,58.882493],[9.514883,58.881178],[9.524199,58.885891],[9.529834,58.881378],[9.537307,58.88585],[9.528066,58.873624],[9.541799,58.870677],[9.571054,58.875749],[9.589265,58.882077],[9.552971,58.883554],[9.573733,58.886719],[9.56713,58.893461],[9.535426,58.890538],[9.558406,58.899972],[9.553296,58.901428],[9.55571,58.903411],[9.567433,58.905287],[9.563379,58.91301],[9.555754,58.906543],[9.516853,58.919737],[9.497952,58.918513],[9.493685,58.921275],[9.513098,58.92504],[9.488993,58.93157],[9.479984,58.928132],[9.477082,58.931895],[9.482492,58.933369],[9.465206,58.937364],[9.490738,58.937181],[9.51892,58.927801],[9.532481,58.931357],[9.552078,58.928584],[9.548568,58.932982],[9.579558,58.924502],[9.605602,58.932149],[9.61249,58.93105],[9.609699,58.926327],[9.614158,58.925787],[9.614336,58.933086],[9.628362,58.932944],[9.622144,58.933612],[9.622978,58.93715],[9.640972,58.950549],[9.62671,58.949226],[9.629257,58.952178],[9.625492,58.95596],[9.650394,58.960491],[9.657373,58.965782],[9.650125,58.96768],[9.655602,58.969149],[9.651172,58.970245],[9.653288,58.972561],[9.657159,58.967773],[9.686519,58.971802],[9.683937,58.966863],[9.689345,58.964876],[9.704256,58.976612],[9.702441,58.98158],[9.67344,58.983494],[9.657484,58.989843],[9.670027,58.994649],[9.66611,58.990003],[9.706428,58.986803],[9.713455,58.992077],[9.703388,59.003592],[9.708853,59.00602],[9.720048,59.001323],[9.719932,59.008636],[9.733376,58.995257],[9.753809,58.988041],[9.748789,59.014708],[9.706007,59.041774],[9.711033,59.042748],[9.676669,59.051328],[9.647003,59.0472],[9.638524,59.051513],[9.649029,59.051678],[9.643728,59.059083],[9.625858,59.062874],[9.635465,59.068584],[9.628235,59.06918],[9.634215,59.075769],[9.627992,59.076893],[9.628018,59.08227],[9.583122,59.105088],[9.559522,59.106485],[9.555313,59.110867],[9.563091,59.113649],[9.557874,59.115838],[9.562463,59.118263],[9.531415,59.126858],[9.51267,59.124217],[9.512285,59.12818],[9.534709,59.131022],[9.547188,59.124475],[9.560431,59.124623],[9.559417,59.121112],[9.589992,59.116735],[9.593078,59.118998],[9.582336,59.123062],[9.60538,59.121819],[9.625658,59.132655],[9.612785,59.120391],[9.655408,59.101125],[9.647151,59.100255],[9.643694,59.08292],[9.654405,59.0625],[9.663062,59.055576],[9.688871,59.054437],[9.693038,59.050205],[9.710346,59.050652],[9.694917,59.060701],[9.701548,59.063428],[9.691989,59.074646],[9.698189,59.080276],[9.694554,59.092487],[9.702626,59.092024],[9.695454,59.097823],[9.702663,59.099642],[9.704368,59.107499],[9.716457,59.108097],[9.717561,59.097226],[9.710441,59.092773],[9.718663,59.07803],[9.714766,59.073052],[9.725164,59.066991],[9.717993,59.065472],[9.723554,59.060859],[9.737717,59.061103],[9.73165,59.059647],[9.733969,59.057172],[9.722292,59.059548],[9.720013,59.053481],[9.734262,59.042787],[9.735982,59.046695],[9.7493,59.045724],[9.740751,59.052016],[9.747843,59.052171],[9.74177,59.057324],[9.745843,59.058505],[9.730073,59.071383],[9.738747,59.072629],[9.752818,59.057991],[9.756451,59.059072],[9.759345,59.048867],[9.780049,59.038516],[9.775709,59.046266],[9.780465,59.047075],[9.777972,59.058388],[9.787606,59.065763],[9.795522,59.090377],[9.800167,59.089725],[9.792814,59.068758],[9.801008,59.061961],[9.800567,59.045619],[9.805941,59.037217],[9.81993,59.032839],[9.803151,59.027838],[9.817821,59.011835],[9.828818,59.007386],[9.83224,59.021354],[9.822834,59.031487],[9.835317,59.037891],[9.838296,59.031281],[9.834174,59.030906],[9.839788,59.027753],[9.835482,59.025716],[9.843186,59.012222],[9.845108,59.015367],[9.851652,59.01102],[9.848789,58.997309],[9.856609,58.992604],[9.853491,58.989182],[9.836064,58.991543],[9.84295,58.984233],[9.827096,58.975787],[9.801773,58.98595],[9.804824,58.97682],[9.809333,58.979938],[9.828898,58.96875],[9.847924,58.966831],[9.851784,58.964646],[9.847788,58.961933],[9.850476,58.958863],[9.858626,58.95768],[9.863775,58.95985],[9.860757,58.963441],[9.870033,58.965331],[9.867103,58.975116],[9.907433,58.965794],[9.908764,58.969583],[9.923224,58.967912],[9.924584,58.976854],[9.930716,58.965257],[9.962703,58.960536],[9.974702,58.965186],[9.966013,58.978147],[9.973519,58.982919],[9.980661,58.981775],[9.985232,58.969433],[9.989592,58.968455],[9.996419,58.973462],[10.005281,58.970412],[10.012534,58.978464],[10.026891,58.973451],[10.041505,58.977426],[10.037673,58.980582],[10.043183,58.983285],[10.032142,58.986155],[10.039256,58.992415],[10.044879,58.988711],[10.04039,58.99645],[10.050512,59.000441],[10.04651,59.003406],[10.049549,59.005156],[10.038645,59.002765],[10.033902,59.006058],[10.039135,59.007416],[10.037665,59.017505],[10.030076,59.018009],[10.01949,59.028961],[10.025728,59.033201],[10.024865,59.038739],[10.016162,59.045596],[10.028773,59.049475],[10.051144,59.040688],[10.038877,59.037061],[10.055603,59.037976],[10.066655,59.045972],[10.069988,59.06037],[10.073011,59.06046],[10.069614,59.047432],[10.064,59.038692],[10.053957,59.034871],[10.05992,59.027744],[10.067573,59.030832],[10.069108,59.026695],[10.064875,59.024805],[10.072646,59.014808],[10.08842,59.023672],[10.096828,59.023431],[10.096185,59.028149],[10.114887,59.027537],[10.121319,59.035839],[10.134536,59.039772],[10.156235,59.033097],[10.123629,59.02386],[10.132226,59.017725],[10.127848,59.01331],[10.132054,59.008631],[10.126873,59.008297],[10.132956,59.004217],[10.142098,59.011033],[10.153875,59.005594],[10.162484,59.007548],[10.177095,59.016339],[10.178742,59.022432],[10.187843,59.018194],[10.195573,59.025458],[10.208658,59.022773],[10.213504,59.02848],[10.208893,59.031911],[10.221132,59.03097],[10.231905,59.041802],[10.231439,59.054759],[10.224655,59.060694],[10.231946,59.057647],[10.234126,59.061347],[10.211768,59.070746],[10.22095,59.07922],[10.218001,59.088641],[10.223223,59.087494],[10.221216,59.092244],[10.230435,59.100856],[10.221121,59.121659],[10.22323,59.126376],[10.241351,59.126504],[10.22702,59.116326],[10.238446,59.104574],[10.239306,59.095871],[10.244588,59.100208],[10.246887,59.094373],[10.253857,59.097814],[10.261954,59.077419],[10.251712,59.067295],[10.261616,59.06402],[10.259177,59.059947],[10.267968,59.041898],[10.274008,59.040921],[10.280951,59.050682],[10.269861,59.066199],[10.281371,59.065204],[10.277363,59.070722],[10.281528,59.077449],[10.263705,59.107216],[10.263183,59.117608],[10.266815,59.111294],[10.271658,59.115972],[10.266222,59.121677],[10.283145,59.106703],[10.283335,59.102771],[10.276857,59.103975],[10.278951,59.098426],[10.282769,59.099452],[10.285082,59.093368],[10.290513,59.096107],[10.289296,59.088171],[10.293431,59.084094],[10.2901,59.080084],[10.302088,59.064618],[10.296437,59.058422],[10.305528,59.053149],[10.314574,59.069976],[10.307136,59.071991],[10.299963,59.08245],[10.308972,59.08231],[10.312242,59.088912],[10.308421,59.099004],[10.303248,59.099791],[10.304324,59.103859],[10.291373,59.116242],[10.299227,59.117043],[10.298043,59.120182],[10.292062,59.119285],[10.289947,59.127392],[10.283446,59.127391],[10.286913,59.129357],[10.279977,59.138505],[10.313272,59.135559],[10.311286,59.126993],[10.318643,59.131698],[10.324254,59.120386],[10.327206,59.125437],[10.321817,59.128494],[10.330502,59.129559],[10.322369,59.14441],[10.327103,59.147761],[10.30796,59.147556],[10.318898,59.151567],[10.323111,59.162061],[10.3239,59.156074],[10.332203,59.157114],[10.32789,59.1609],[10.335373,59.167968],[10.32883,59.170113],[10.333543,59.175246],[10.330031,59.180771],[10.333594,59.19038],[10.327761,59.192007],[10.343351,59.212404],[10.339374,59.219481],[10.359214,59.212427],[10.364398,59.225523],[10.376306,59.228055],[10.37812,59.240728],[10.371235,59.248705],[10.378132,59.265595],[10.373464,59.272468],[10.377739,59.278276],[10.387687,59.273776],[10.396085,59.275981],[10.403011,59.267844],[10.388601,59.268115],[10.385154,59.264214],[10.386392,59.251814],[10.381547,59.247411],[10.38516,59.245331],[10.384904,59.230787],[10.363018,59.205153],[10.366619,59.201955],[10.359833,59.187304],[10.366091,59.170551],[10.372631,59.170247],[10.370802,59.164313],[10.382787,59.162067],[10.384418,59.174556],[10.391043,59.177475],[10.393205,59.173022],[10.436491,59.163442],[10.455484,59.178834],[10.466747,59.177274],[10.4719,59.182376],[10.469564,59.187004],[10.459752,59.181796],[10.468104,59.189991],[10.455207,59.197987],[10.457753,59.20461],[10.453207,59.206878],[10.458232,59.208494],[10.458189,59.221995],[10.467057,59.222497],[10.461224,59.234254],[10.471909,59.231769],[10.475461,59.236423],[10.458795,59.243509],[10.449818,59.239254],[10.444116,59.245447],[10.43781,59.240712],[10.439885,59.231754],[10.455427,59.223393],[10.441422,59.226289],[10.437183,59.235113],[10.429244,59.238699],[10.433354,59.24422],[10.424166,59.258049],[10.431633,59.260875],[10.430105,59.269205],[10.441728,59.268876],[10.440128,59.262014],[10.450182,59.253163],[10.44752,59.248188],[10.458606,59.244717],[10.473618,59.247605],[10.478524,59.259125],[10.487789,59.265113],[10.491412,59.258158],[10.504806,59.254645],[10.492679,59.266806],[10.492425,59.275475],[10.501026,59.276351],[10.505899,59.28257],[10.499655,59.283834],[10.499753,59.290137],[10.521057,59.293924],[10.521895,59.304463],[10.530439,59.316546],[10.519401,59.323167],[10.497458,59.322964],[10.496728,59.328456],[10.46977,59.350855],[10.461309,59.369913],[10.479307,59.383544],[10.482278,59.391819],[10.477184,59.394897],[10.491265,59.413363],[10.497969,59.415437],[10.493749,59.431507],[10.498684,59.433488],[10.49045,59.434268],[10.489546,59.428455],[10.482406,59.431281],[10.479471,59.42899],[10.487044,59.423327],[10.475849,59.422433],[10.441396,59.444945],[10.476533,59.437769],[10.48321,59.450451],[10.470664,59.449053],[10.467378,59.443621],[10.465924,59.447733],[10.455893,59.445449],[10.447845,59.453478],[10.432295,59.451963],[10.427838,59.441092],[10.40132,59.450583],[10.390621,59.444336],[10.390015,59.438756],[10.38315,59.438573],[10.356342,59.461063],[10.357568,59.47088],[10.350167,59.480629],[10.343885,59.470301],[10.33654,59.469866],[10.324484,59.491398],[10.317924,59.489694],[10.306158,59.49707],[10.29204,59.510741],[10.294284,59.513839],[10.280132,59.531468],[10.260636,59.533042],[10.250037,59.547181],[10.24008,59.550556],[10.238711,59.555922],[10.243855,59.557138],[10.230496,59.56691],[10.243173,59.572815],[10.252437,59.56136],[10.266328,59.56214],[10.30177,59.542314],[10.335966,59.531144],[10.379977,59.529881],[10.391043,59.536689],[10.382444,59.539682],[10.391011,59.541046],[10.397489,59.560655],[10.409148,59.562438],[10.408872,59.567765],[10.396385,59.571216],[10.389556,59.580832],[10.395716,59.588338],[10.411138,59.590008],[10.403726,59.593406],[10.413833,59.603097],[10.40871,59.611086],[10.411718,59.621791],[10.391077,59.643216],[10.388315,59.659243],[10.380313,59.663321],[10.373629,59.677961],[10.366766,59.677612],[10.364304,59.682656],[10.346388,59.689806],[10.304211,59.694226],[10.285491,59.701481],[10.267639,59.712882],[10.267748,59.720368],[10.24587,59.73165],[10.228647,59.7305],[10.191505,59.744692],[10.162388,59.7477],[10.115791,59.747797],[10.090603,59.753833],[10.067541,59.752365],[10.042083,59.754993],[9.998653,59.753138],[9.965898,59.761532],[9.9544,59.767265],[9.993904,59.755139],[10.091621,59.754951],[10.12184,59.748118],[10.148764,59.75025],[10.185693,59.746959],[10.214871,59.739706],[10.243569,59.741233],[10.240836,59.743832],[10.257845,59.745904],[10.260366,59.750867],[10.267975,59.74653],[10.285879,59.746626],[10.288893,59.736572],[10.300287,59.738028],[10.3036,59.723946],[10.310379,59.724469],[10.317299,59.716614],[10.335073,59.711331],[10.373201,59.713542],[10.389769,59.700195],[10.395019,59.689542],[10.409938,59.689963],[10.419382,59.681417],[10.430094,59.684827],[10.427923,59.673681],[10.438176,59.665324],[10.434142,59.654048],[10.428342,59.652652],[10.431619,59.644832],[10.428546,59.642449],[10.440455,59.62273],[10.413199,59.616649],[10.414341,59.612697],[10.440449,59.607567],[10.426675,59.559882],[10.420597,59.556505],[10.410759,59.537315],[10.415117,59.529079],[10.434714,59.520368],[10.447843,59.523637],[10.463,59.51667],[10.48333,59.524873],[10.494909,59.520158],[10.505387,59.52643],[10.512073,59.520105],[10.514076,59.527568],[10.57534,59.544253],[10.618418,59.569878],[10.617816,59.594841],[10.606386,59.627092],[10.603244,59.662245],[10.597518,59.667566],[10.580342,59.669811],[10.587557,59.664855],[10.575518,59.664245],[10.570676,59.667328],[10.575631,59.66928],[10.541008,59.684262],[10.536456,59.68486],[10.534817,59.677848],[10.518363,59.696226],[10.523588,59.70689],[10.521926,59.728112],[10.51154,59.733765],[10.511214,59.743124],[10.516425,59.761493],[10.498735,59.762651],[10.502945,59.782042],[10.495527,59.788044],[10.503036,59.793424],[10.49691,59.796178],[10.504366,59.802791],[10.48661,59.807731],[10.489616,59.812938],[10.483948,59.815129],[10.490441,59.818184],[10.477643,59.820275],[10.496725,59.833686],[10.515121,59.839909],[10.504614,59.841318],[10.475798,59.832667],[10.472188,59.83666],[10.497282,59.846183],[10.4952,59.856122],[10.511583,59.860222],[10.519978,59.857175],[10.545518,59.869193],[10.538136,59.875764],[10.517039,59.872178],[10.529557,59.87609],[10.530591,59.881321],[10.504089,59.87583],[10.527529,59.887545],[10.536648,59.881501],[10.545204,59.884071],[10.532261,59.890315],[10.569467,59.887738],[10.613541,59.903948],[10.591766,59.893528],[10.6021,59.893812],[10.591228,59.887919],[10.596341,59.886908],[10.613281,59.890023],[10.594759,59.880469],[10.606227,59.874043],[10.625304,59.878361],[10.629822,59.883067],[10.613486,59.880339],[10.634763,59.887658],[10.636205,59.891755],[10.631255,59.892413],[10.636795,59.900336],[10.633725,59.902176],[10.644333,59.907821],[10.64191,59.910546],[10.671892,59.919144],[10.66173,59.913206],[10.665828,59.909982],[10.66283,59.902323],[10.677338,59.89411],[10.701983,59.903614],[10.689884,59.902729],[10.697972,59.906656],[10.68932,59.917579],[10.709681,59.909472],[10.711326,59.905026],[10.730547,59.910297],[10.74106,59.901848],[10.750326,59.908365],[10.759637,59.906555],[10.750811,59.901646],[10.757952,59.902331],[10.752419,59.896114],[10.7592,59.891487],[10.745446,59.886861],[10.767182,59.883602],[10.7533,59.874089],[10.750966,59.869966],[10.75488,59.866358],[10.740584,59.863109],[10.764272,59.864174],[10.75899,59.872906],[10.763611,59.877709],[10.777216,59.874899],[10.766543,59.869737],[10.774667,59.866218],[10.779437,59.871585],[10.783515,59.861245],[10.76958,59.837677],[10.772039,59.832733],[10.75207,59.823471],[10.735778,59.802734],[10.732144,59.784348],[10.734792,59.766987],[10.722097,59.755186],[10.728893,59.740284],[10.72607,59.73349],[10.73245,59.727904],[10.72859,59.721862],[10.724847,59.723982],[10.712616,59.717623],[10.725825,59.728496],[10.717904,59.751047],[10.708988,59.756553],[10.71533,59.770673],[10.710168,59.775504],[10.704499,59.796337],[10.706949,59.80458],[10.69963,59.810907],[10.693207,59.843544],[10.662945,59.869404],[10.65442,59.869556],[10.645015,59.843786],[10.631748,59.845152],[10.642396,59.842231],[10.617171,59.818792],[10.614844,59.810817],[10.606597,59.803541],[10.607811,59.794782],[10.596854,59.787005],[10.58059,59.762184],[10.580558,59.740865],[10.591949,59.732379],[10.586923,59.720128],[10.599459,59.711901],[10.611215,59.685055],[10.615317,59.682329],[10.627602,59.701655],[10.641022,59.704064],[10.637127,59.698285],[10.626233,59.698385],[10.630564,59.695822],[10.620294,59.684787],[10.624437,59.680588],[10.619747,59.672993],[10.652272,59.616864],[10.648366,59.607898],[10.655244,59.596829],[10.651126,59.585956],[10.656495,59.583012],[10.646767,59.576279],[10.650382,59.564511],[10.647366,59.558696],[10.652596,59.546732],[10.664665,59.538901],[10.658355,59.535363],[10.668713,59.522193],[10.688186,59.526919],[10.679176,59.510933],[10.684214,59.509406],[10.680824,59.499245],[10.688764,59.481993],[10.673102,59.460662],[10.668084,59.442104],[10.655963,59.435562],[10.647388,59.43795],[10.658079,59.44572],[10.654922,59.462198],[10.667939,59.464497],[10.659918,59.475588],[10.676182,59.486212],[10.664591,59.495248],[10.665265,59.504237],[10.646098,59.509282],[10.646255,59.501185],[10.653716,59.497818],[10.651222,59.491738],[10.624859,59.47927],[10.625417,59.472262],[10.634867,59.469844],[10.634234,59.466108],[10.617746,59.459082],[10.60853,59.440617],[10.588611,59.436944],[10.586974,59.420364],[10.604004,59.416515],[10.622037,59.424366],[10.629812,59.41801],[10.644832,59.42965],[10.652403,59.431632],[10.656793,59.427706],[10.656018,59.414063],[10.646902,59.394657],[10.652099,59.385846],[10.650109,59.376954],[10.654144,59.370044],[10.656643,59.377509],[10.662524,59.378485],[10.662264,59.357245],[10.673974,59.360213],[10.662311,59.352289],[10.659603,59.357352],[10.656617,59.353574],[10.662244,59.338352],[10.656718,59.33662],[10.671299,59.321443],[10.683742,59.324739],[10.677256,59.314821],[10.691129,59.300313],[10.69522,59.300272],[10.690008,59.304878],[10.694855,59.305831],[10.699538,59.317935],[10.736061,59.344534],[10.752615,59.342831],[10.746188,59.334185],[10.754718,59.329103],[10.753714,59.320097],[10.7406,59.323311],[10.735361,59.316444],[10.719333,59.318079],[10.717342,59.313148],[10.72664,59.312983],[10.720602,59.307912],[10.722983,59.303599],[10.736684,59.304992],[10.751592,59.316239],[10.760826,59.312633],[10.750984,59.308437],[10.751294,59.303999],[10.778502,59.319736],[10.797685,59.321864],[10.74747,59.291524],[10.745918,59.278014],[10.731876,59.281223],[10.726083,59.274243],[10.726541,59.266897],[10.737338,59.268832],[10.738395,59.274295],[10.747589,59.269696],[10.740581,59.254325],[10.73968,59.265287],[10.727159,59.260936],[10.730595,59.257122],[10.727078,59.251173],[10.735225,59.251858],[10.736736,59.244445],[10.729888,59.227802],[10.738189,59.233266],[10.758671,59.234661],[10.781569,59.258621],[10.790278,59.26118],[10.762949,59.235848],[10.772218,59.225255],[10.786573,59.219998],[10.789996,59.212213],[10.806407,59.206416],[10.789994,59.199586],[10.788908,59.188476],[10.802041,59.187782],[10.798605,59.19345],[10.806954,59.196399],[10.812025,59.193419],[10.812796,59.185212],[10.821909,59.1853],[10.814181,59.176728],[10.82191,59.176299],[10.821987,59.170129],[10.827841,59.171924],[10.821493,59.15524],[10.827593,59.150709],[10.833472,59.165305],[10.842057,59.162828],[10.847701,59.172073],[10.860622,59.171178],[10.856269,59.173814],[10.860425,59.182391],[10.85731,59.187311],[10.869476,59.177917],[10.897122,59.198163],[10.892726,59.208547],[10.907315,59.210133],[10.916991,59.221959],[10.924233,59.214435],[10.913684,59.212986],[10.917383,59.210095],[10.904463,59.205496],[10.880674,59.176974],[10.884269,59.173983],[10.899258,59.184215],[10.898437,59.178571],[10.904329,59.175642],[10.896376,59.168653],[10.916103,59.168431],[10.900763,59.160974],[10.900973,59.166896],[10.89419,59.164647],[10.900778,59.153654],[10.911835,59.156106],[10.90983,59.150809],[10.900114,59.148934],[10.911952,59.146343],[10.913583,59.14173],[10.90541,59.137156],[10.937906,59.13771],[10.949377,59.152762],[10.945202,59.161162],[10.950073,59.160504],[10.953242,59.171725],[10.942957,59.173139],[10.950915,59.180393],[10.942506,59.187128],[10.94711,59.194191],[10.958011,59.177866],[10.970964,59.175353],[10.970805,59.170438],[10.978015,59.171719],[10.96905,59.181367],[10.980651,59.188581],[10.990688,59.188135],[10.991652,59.178618],[10.997713,59.177674],[11.011506,59.186769],[11.018866,59.184541],[11.006916,59.178384],[11.008771,59.168298],[11.001494,59.167142],[11.01912,59.163532],[11.006584,59.146093],[11.017014,59.147612],[11.016798,59.154167],[11.026627,59.150363],[11.041015,59.158281],[11.035756,59.147182],[11.03683,59.137128],[11.030929,59.130061],[11.070907,59.139167],[11.067263,59.126374],[11.07337,59.122596],[11.10608,59.132712],[11.104137,59.141222],[11.110336,59.143306],[11.107486,59.159317],[11.099301,59.163945],[11.101301,59.168774],[11.082522,59.185598],[11.098488,59.183236],[11.11087,59.171551],[11.118514,59.160858],[11.118848,59.146054],[11.130237,59.143014],[11.126603,59.138836],[11.13254,59.132351],[11.140502,59.137938],[11.144696,59.134764],[11.14058,59.144232],[11.145903,59.141191],[11.157264,59.146513],[11.144549,59.152802],[11.129329,59.144567],[11.133917,59.153038],[11.167311,59.161317],[11.15728,59.17628],[11.15975,59.178884],[11.155494,59.17998],[11.15873,59.183556],[11.15576,59.189303],[11.141437,59.196009],[11.178784,59.186445],[11.182606,59.191558],[11.179649,59.196048],[11.184717,59.195988],[11.187921,59.178999],[11.178989,59.171996],[11.172487,59.155801],[11.196344,59.146906],[11.204193,59.150096],[11.213523,59.147108],[11.204774,59.137388],[11.203619,59.144574],[11.19058,59.147812],[11.174673,59.139935],[11.180482,59.139665],[11.174092,59.127396],[11.18843,59.12448],[11.18241,59.117758],[11.192876,59.119824],[11.199492,59.1121],[11.213838,59.117119],[11.203178,59.099817],[11.19556,59.098714],[11.19892,59.092212],[11.208128,59.093928],[11.215467,59.103871],[11.222683,59.104583],[11.218474,59.098485],[11.221174,59.095994],[11.214509,59.096007],[11.211012,59.08887],[11.223872,59.088074],[11.226813,59.091458],[11.281591,59.101548],[11.287569,59.100087],[11.295804,59.107605],[11.322468,59.117248],[11.374033,59.116881],[11.373971,59.108401],[11.38017,59.108856],[11.374725,59.10212],[11.376489,59.097893],[11.385305,59.096162],[11.384433,59.091226],[11.396232,59.074555],[11.409689,59.070684],[11.413377,59.061883],[11.406372,59.06127],[11.406894,59.054495],[11.415951,59.057503],[11.42221,59.053063],[11.426378,59.058574],[11.422422,59.065297],[11.433459,59.063283],[11.418461,59.039317],[11.432298,59.036444],[11.435332,59.028937],[11.444924,59.024971],[11.441364,59.020291],[11.444085,59.01377],[11.452399,59.012977],[11.466467,58.998183],[11.469109,58.994196],[11.465549,58.990643],[11.476516,58.984265],[11.473379,58.981013],[11.468217,58.981892],[11.428353,59.031718],[11.413928,59.036843],[11.411732,59.046586],[11.400711,59.055077],[11.400468,59.065053],[11.383502,59.076595],[11.366656,59.103452],[11.355269,59.10374],[11.344781,59.113079],[11.335922,59.11501],[11.325955,59.111247],[11.317209,59.111761],[11.288123,59.099335],[11.222512,59.08545],[11.194698,59.086056],[11.167325,59.095444],[11.16068,59.085381],[11.127621,59.071434],[11.133735,59.047581],[11.120297,59.0295],[11.119419,59.018347],[11.075789,58.979636],[10.917908,58.942272],[10.884586,58.948067],[10.757806,58.913944],[10.640278,58.892778],[10.268139,58.775694],[10.594444,58.761472],[10.146361,58.511444],[10.030028,58.261444],[9.383333,57.988333],[8.888333,57.696667],[8.458333,57.618333],[7.983333,57.498333],[5.033333,56.591667],[3.248569,56.085989],[3.065626,56.233778]]}}]}