{
"type": "FeatureCollection",
"name": "nsm restricted area polygon",
"crs": { "type": "name", "properties": { "name": "urn:ogc:def:crs:OGC:1.3:CRS84" } },
"features": [
{ "type": "Feature", "properties": { "OBJECTID": 14.0, "forbudsomr": "Restrictions", "typeforbud": "Alle sensorer. (Inkludert foto/video).", "navn": "Høyfjell", "refnr": "0077", "GlobalID": "d472a5c2-de54-4bc5-8324-f7dcbb7066fa", "Shape__Are": 66646.745788574219, "Shape__Len": 975.91941528635937 }, "geometry": { "type": "Polygon", "coordinates": [ [ [ 7.994234410585524, 58.0742520856925 ], [ 7.996180516751168, 58.0743100243741 ], [ 7.997779909156805, 58.073863460644958 ], [ 7.998124308979436, 58.072421339577815 ], [ 7.997856716610391, 58.071920941301201 ], [ 7.996433197117605, 58.071191749328683 ], [ 7.994977849598112, 58.071941917151001 ], [ 7.993782868996822, 58.07257854203862 ], [ 7.993546019376795, 58.073433791631857 ], [ 7.994234410585524, 58.0742520856925 ] ] ] } },
{ "type": "Feature", "properties": { "OBJECTID": 22.0, "forbudsomr": "Restrictions", "typeforbud": "Alle sensorer. (Inkludert foto/video).", "navn": "Vealøs Vestre", "refnr": "0220", "GlobalID": "7854fe16-1f7d-461e-a44f-0f3fea15abe1", "Shape__Are": 65766.727172851562, "Shape__Len": 909.29950844175585 }, "geometry": { "type": "Polygon", "coordinates": [ [ [ 9.701321648554115, 59.236316962065189 ], [ 9.70125654930483, 59.236226985577822 ], [ 9.701178658508004, 59.236139718128285 ], [ 9.701088404411768, 59.236055636114429 ], [ 9.700986279247433, 59.235975199647669 ], [ 9.700872838317103, 59.235898847117284 ], [ 9.700748705088468, 59.235826996299203 ], [ 9.700614554438438, 59.23576003917303 ], [ 9.700471119911192, 59.235698340419567 ], [ 9.70031918471458, 59.235642238853728 ], [ 9.700159581227316, 59.235592039306276 ], [ 9.699993176204824, 59.235548017419617 ], [ 9.699820882502841, 59.235510412028468 ], [ 9.69964364093307, 59.235479428918644 ], [ 9.699462417192491, 59.2354552380027 ], [ 9.699278200398972, 59.235437971460684 ], [ 9.699091999882175, 59.235427721809657 ], [ 9.698904830252159, 59.235424547593034 ], [ 9.698717714677914, 59.235428463616039 ], [ 9.698531674634848, 59.235439450425432 ], [ 9.698347725646704, 59.235457447836225 ], [ 9.698166871775291, 59.235482356506047 ], [ 9.697990101715915, 59.235514040474975 ], [ 9.697818381680806, 59.235552327773931 ], [ 9.697652648699744, 59.235597008350773 ], [ 9.697493806436404, 59.235647838398052 ], [ 9.697342723305967, 59.235704541175124 ], [ 9.69720022389053, 59.235766805756846 ], [ 9.697067089850142, 59.23583429246915 ], [ 9.696944044078649, 59.235906633140694 ], [ 9.696831759150751, 59.235983433246837 ], [ 9.696730850341432, 59.236064271623746 ], [ 9.696641869137231, 59.236148708301251 ], [ 9.696565298417299, 59.23623628160545 ], [ 9.696501558596898, 59.23632651380855 ], [ 9.696450998899952, 59.236418910771654 ], [ 9.696413892752865, 59.236512968954806 ], [ 9.696390446646534, 59.236608174879201 ], [ 9.696380784009934, 59.23670400716734 ], [ 9.69638496168368, 59.236799943515408 ], [ 9.696402955956032, 59.236895460122454 ], [ 9.696434667238188, 59.236990035481099 ], [ 9.696479925018123, 59.237083152380102 ], [ 9.696538480181003, 59.237174302090182 ], [ 9.696610013453599, 59.237262986509201 ], [ 9.696694132960495, 59.237348722562473 ], [ 9.696790383225894, 59.237431040771327 ], [ 9.696898233587163, 59.237509491979431 ], [ 9.697017099135021, 59.237583648209259 ], [ 9.69714632821794, 59.237653103952027 ], [ 9.69728521786943, 59.237717478598697 ], [ 9.697433005852828, 59.237776422414854 ], [ 9.697588887063942, 59.237829612712446 ], [ 9.697752009206303, 59.237876759072989 ], [ 9.697921483263331, 59.23791760377631 ], [ 9.698096381337191, 59.237951924412478 ], [ 9.698275747539315, 59.237979531627744 ], [ 9.69845860560528, 59.238000276635191 ], [ 9.698643952751667, 59.238014045564846 ], [ 9.698830780203625, 59.238020763002247 ], [ 9.699018064471943, 59.238020391632219 ], [ 9.699204784529776, 59.238012934740397 ], [ 9.699389920627219, 59.237998432565249 ], [ 9.699572459390849, 59.23797696340597 ], [ 9.699751404019656, 59.237948645838571 ], [ 9.699925778613112, 59.237913633492724 ], [ 9.700094631107698, 59.237872118770973 ], [ 9.700257037604397, 59.237824327625454 ], [ 9.700412110818441, 59.237770521702139 ], [ 9.700559006151186, 59.237710993188763 ], [ 9.700696919111573, 59.237646070108099 ], [ 9.70082509599027, 59.237576104154805 ], [ 9.700942839449711, 59.237501479921541 ], [ 9.701049503351571, 59.237422602988708 ], [ 9.701144507628129, 59.237339905930114 ], [ 9.701227332691442, 59.237253839085305 ], [ 9.701297524389233, 59.237164872560925 ], [ 9.701354701400852, 59.237073493832625 ], [ 9.701398552857425, 59.236980200448158 ], [ 9.701428836176886, 59.236885502638607 ], [ 9.701445388505643, 59.236789917485744 ], [ 9.701448118267999, 59.236693966777416 ], [ 9.701437010815688, 59.236598174538216 ], [ 9.701412126957692, 59.236503065170147 ], [ 9.701373602324562, 59.23640915622746 ], [ 9.701321648554115, 59.236316962065189 ] ] ] } },
{ "type": "Feature", "properties": { "OBJECTID": 23.0, "forbudsomr": "Restrictions", "typeforbud": "Alle sensorer. (Inkludert foto/video).", "navn": "Jønnbu/Slåråfjellet", "refnr": "0084", "GlobalID": "bf49cd9f-5cd3-447d-a559-ca82dee53647", "Shape__Are": 256523.30725097656, "Shape__Len": 1795.6380629029863 }, "geometry": { "type": "Polygon", "coordinates": [ [ [ 9.001999056137265, 59.494196590371104 ], [ 9.001816177024246, 59.49409830051875 ], [ 9.001623350935892, 59.494005055682948 ], [ 9.001421119610457, 59.493917114863052 ], [ 9.00121004311576, 59.49383472349777 ], [ 9.000990710704986, 59.493758112164834 ], [ 9.000763734428276, 59.493687492685716 ], [ 9.000529746582172, 59.493623062510864 ], [ 9.000289396834225, 59.493565000986138 ], [ 9.000043359090105, 59.493513470569859 ], [ 8.999792317604173, 59.493468615293331 ], [ 8.999536969214486, 59.493430558162935 ], [ 8.999278029415237, 59.493399406842364 ], [ 8.999016215750693, 59.493375247485908 ], [ 8.998752261389892, 59.493358148064921 ], [ 8.998486901556252, 59.493348155041858 ], [ 8.998220872734459, 59.49334529783571 ], [ 8.997954919054987, 59.493349582813401 ], [ 8.997689780645572, 59.493360999055945 ], [ 8.997426196185192, 59.493379513973949 ], [ 8.997164898598511, 59.49340507761115 ], [ 8.996906619684294, 59.493437616554623 ], [ 8.99665207639217, 59.493477041405832 ], [ 8.996401978645128, 59.493523242638616 ], [ 8.996157024072891, 59.493576090356335 ], [ 8.995917895621055, 59.493635437782629 ], [ 8.995685256602345, 59.49370111923232 ], [ 8.995459759001795, 59.49377295319465 ], [ 8.995242030224057, 59.493850737220093 ], [ 8.995032675174512, 59.493934256119317 ], [ 8.994832280727554, 59.494023276766072 ], [ 8.994641401040706, 59.49411755102134 ], [ 8.994460571604892, 59.494216816380394 ], [ 8.994290296791732, 59.494320796298553 ], [ 8.994131048097174, 59.494429200109685 ], [ 8.993983270529354, 59.494541726921668 ], [ 8.993847377976071, 59.494658061800692 ], [ 8.993723746820733, 59.494777881779278 ], [ 8.993612723762398, 59.494900851714263 ], [ 8.993514615918663, 59.495026630132841 ], [ 8.993429700242434, 59.495154866064858 ], [ 8.993358210589433, 59.495285202047633 ], [ 8.99330034633854, 59.495417275423627 ], [ 8.993256270952045, 59.495550716472941 ], [ 8.993226107187116, 59.495685155395627 ], [ 8.993209938208174, 59.495820216060025 ], [ 8.993207808385559, 59.495955521441886 ], [ 8.99321972632819, 59.49609069646543 ], [ 8.993245656895693, 59.496225363133178 ], [ 8.993285529022373, 59.496359146289073 ], [ 8.993339230605052, 59.496491672482712 ], [ 8.993406613132963, 59.496622573784563 ], [ 8.993487490725375, 59.496751483239969 ], [ 8.993581635024441, 59.496878043637949 ], [ 8.993688783492511, 59.497001900691075 ], [ 8.993808641649373, 59.49712271034209 ], [ 8.993940871412732, 59.497240134625414 ], [ 8.994085105948951, 59.497353847754681 ], [ 8.994240943442339, 59.497463531333942 ], [ 8.99440794789515, 59.497568879797676 ], [ 8.994585656311719, 59.49766959984197 ], [ 8.994773573269397, 59.497765411075441 ], [ 8.994971174590262, 59.497856045288501 ], [ 8.995177908301448, 59.497941251000405 ], [ 8.995393198625832, 59.49802079094237 ], [ 8.995616445982398, 59.498094442058282 ], [ 8.995847028106599, 59.498161999158448 ], [ 8.996084301807722, 59.49822327500106 ], [ 8.996327605203986, 59.498278097694552 ], [ 8.996576262356552, 59.498326314513044 ], [ 8.996829576086061, 59.498367792466226 ], [ 8.997086844737476, 59.498402413669744 ], [ 8.997347348295129, 59.498430083709721 ], [ 8.997610362112402, 59.498450724171953 ], [ 8.997875150689518, 59.49846427775784 ], [ 8.998140978692074, 59.498470706090842 ], [ 8.998407103290932, 59.498469992965305 ], [ 8.998672782145185, 59.498462139311719 ], [ 8.998937276440085, 59.498447166037849 ], [ 8.999199846899181, 59.49842511654591 ], [ 8.999459761767124, 59.498396051697938 ], [ 8.999716298091146, 59.498360052575428 ], [ 8.999968738369306, 59.498317219424486 ], [ 9.000216381250574, 59.498267671247589 ], [ 9.000458536108173, 59.498211546453888 ], [ 9.000694526713461, 59.498149002127356 ], [ 9.000923693471124, 59.498080211428181 ], [ 9.001145401566779, 59.49800536756868 ], [ 9.001359031383577, 59.497924677969365 ], [ 9.001563986649414, 59.497838368234952 ], [ 9.001759696830243, 59.497746678662416 ], [ 9.001945615215147, 59.497649865052431 ], [ 9.002121224662959, 59.497548196272398 ], [ 9.002286036966284, 59.497441957827945 ], [ 9.002439590610431, 59.497331444556075 ], [ 9.002581459078115, 59.49721696370807 ], [ 9.002711245261466, 59.497098836492484 ], [ 9.002828589917735, 59.49697739036035 ], [ 9.002933165285894, 59.496852965013531 ], [ 9.003024677954633, 59.496725906233628 ], [ 9.003102875409446, 59.496596568884137 ], [ 9.003167539641179, 59.49646531301422 ], [ 9.003218490497954, 59.496332504913248 ], [ 9.003255584244689, 59.496198515243378 ], [ 9.003278719307028, 59.496063716602713 ], [ 9.003287832597319, 59.495928484256289 ], [ 9.003282895840639, 59.495793196867503 ], [ 9.00326392562601, 59.495658229757602 ], [ 9.003230973668424, 59.495523959859845 ], [ 9.003184130955113, 59.495390762308951 ], [ 9.003123530294387, 59.495259006056699 ], [ 9.003049339772639, 59.495129060774197 ], [ 9.002961766257203, 59.495001287108991 ], [ 9.002861054599466, 59.494876041151002 ], [ 9.002747486194588, 59.494753672565565 ], [ 9.002621374028809, 59.494634522565342 ], [ 9.002483075289941, 59.494518922690382 ], [ 9.002332970131453, 59.494407194731686 ], [ 9.002171481149544, 59.494299650727889 ], [ 9.001999056137265, 59.494196590371104 ] ] ] } },
{ "type": "Feature", "properties": { "OBJECTID": 30.0, "forbudsomr": "Restrictions", "typeforbud": "Alle sensorer. (Inkludert foto/video).", "navn": "Rygge flystasjon", "refnr": "0155", "GlobalID": "1939ab25-ddd3-4a08-9a53-870435b82ff1", "Shape__Are": 5841017.9444580078, "Shape__Len": 12690.817518148773 }, "geometry": { "type": "Polygon", "coordinates": [ [ [ 10.752744469033535, 59.387334735107125 ], [ 10.755919058097865, 59.388399465545604 ], [ 10.76522947957168, 59.388846017279839 ], [ 10.768828516781479, 59.389215353876629 ], [ 10.780107368596722, 59.384412628147537 ], [ 10.781492307424912, 59.382861010412526 ], [ 10.78552412961986, 59.382446600474971 ], [ 10.791918362041027, 59.381038952277429 ], [ 10.79727352883766, 59.381192703605002 ], [ 10.798020727559337, 59.382275146186572 ], [ 10.796549108636039, 59.384620195162853 ], [ 10.796036187538963, 59.38770008683003 ], [ 10.797633488783589, 59.392078360625966 ], [ 10.802219673894109, 59.394508663814477 ], [ 10.80707629295563, 59.396062361042176 ], [ 10.818936012631079, 59.393837018935692 ], [ 10.820580355208024, 59.389905170284941 ], [ 10.82152255776867, 59.387633202126715 ], [ 10.824634375229355, 59.384538872514021 ], [ 10.825020098650819, 59.381013211947973 ], [ 10.823476706043422, 59.377697853577139 ], [ 10.81824968946828, 59.373216421118777 ], [ 10.815199954183901, 59.370835591475306 ], [ 10.813808641919531, 59.368821002927298 ], [ 10.805049942323585, 59.370386116653172 ], [ 10.794272826898721, 59.372862039242833 ], [ 10.783524866900887, 59.375059434874508 ], [ 10.765468798024688, 59.380386723439813 ], [ 10.758450135518908, 59.383737148217449 ], [ 10.75544579878791, 59.385340158206915 ], [ 10.752744469033535, 59.387334735107125 ] ] ] } },
{ "type": "Feature", "properties": { "OBJECTID": 32.0, "forbudsomr": "Restrictions", "typeforbud": "Alle sensorer. (Inkludert foto/video).", "navn": "Larkollen 1", "refnr": "0105", "GlobalID": "9d0c642b-ba0c-479d-92d9-54f21aef9a65", "Shape__Are": 60251.255615234375, "Shape__Len": 870.34556117204454 }, "geometry": { "type": "Polygon", "coordinates": [ [ [ 10.661527100248788, 59.336587011724369 ], [ 10.661453660642344, 59.336500718357513 ], [ 10.661367659273516, 59.33641750962466 ], [ 10.661269586245453, 59.336337862259867 ], [ 10.661160002859223, 59.336262232888068 ], [ 10.661039538678772, 59.336191053431769 ], [ 10.660908884404691, 59.336124731773488 ], [ 10.660768785206026, 59.336063648836642 ], [ 10.660620046664679, 59.336008153388789 ], [ 10.660463520411088, 59.335958564261553 ], [ 10.660300101306213, 59.335915164861575 ], [ 10.66013072557582, 59.335878204008559 ], [ 10.659956364144834, 59.335847893015611 ], [ 10.659778015628801, 59.335824405456336 ], [ 10.659596701192857, 59.335807876094279 ], [ 10.659413459525391, 59.335798398917319 ], [ 10.65922933948713, 59.335796029590419 ], [ 10.659045395314024, 59.335800781698694 ], [ 10.658862681477022, 59.335812625676624 ], [ 10.658682244644673, 59.335831496633148 ], [ 10.658505117934522, 59.335857284267711 ], [ 10.658332316151908, 59.335889842603031 ], [ 10.658164827830616, 59.335928983423962 ], [ 10.658003612452626, 59.335974484277713 ], [ 10.6578495941264, 59.33602608286656 ], [ 10.65770365354779, 59.336083484872184 ], [ 10.657566630097499, 59.336146361327209 ], [ 10.657439303857274, 59.336214351611098 ], [ 10.657322409173915, 59.336287067499107 ], [ 10.657216610235992, 59.336364091447152 ], [ 10.657122518027835, 59.336444981653031 ], [ 10.657040668609131, 59.336529276726438 ], [ 10.6569715323349, 59.336616492398761 ], [ 10.65691550405958, 59.336706129289006 ], [ 10.656872904658389, 59.336797674752439 ], [ 10.656843979157498, 59.336890603717158 ], [ 10.656828894291378, 59.336984383997688 ], [ 10.656827734650722, 59.337078478863965 ], [ 10.656840507708353, 59.337172349007673 ], [ 10.656867139737949, 59.337265456902315 ], [ 10.656907480839973, 59.337357268769601 ], [ 10.656961297354979, 59.337447258822948 ], [ 10.657028282033536, 59.337534912305081 ], [ 10.657108050413479, 59.337619726266823 ], [ 10.657200147026902, 59.337701216069838 ], [ 10.657304045627079, 59.337778913596232 ], [ 10.657419146632408, 59.337852373458979 ], [ 10.657544796062195, 59.337921176332301 ], [ 10.657680269875346, 59.337984927530755 ], [ 10.657824794430949, 59.338043262188954 ], [ 10.657977541230123, 59.338095845087118 ], [ 10.658137636746503, 59.33814237637538 ], [ 10.658304161132554, 59.338182587934369 ], [ 10.65847616308049, 59.338216251065738 ], [ 10.658652655252776, 59.338243170944835 ], [ 10.658832627162218, 59.338263196043485 ], [ 10.659015049824941, 59.338276209293007 ], [ 10.65919887637151, 59.338282137097593 ], [ 10.659383053139234, 59.338280945207984 ], [ 10.659566526457704, 59.338272640746617 ], [ 10.659748244519362, 59.338257271370487 ], [ 10.659927166261225, 59.338234924668008 ], [ 10.660102266626415, 59.338205728334074 ], [ 10.660272545216751, 59.33816985135757 ], [ 10.660437021838034, 59.338127497577283 ], [ 10.660594758831106, 59.338078910023199 ], [ 10.660744849262015, 59.338024366924728 ], [ 10.660886436318775, 59.337964181457615 ], [ 10.661018706873376, 59.337898697032102 ], [ 10.661140903408807, 59.337828290387606 ], [ 10.661252326687228, 59.337753364486659 ], [ 10.6613523377312, 59.337674346781732 ], [ 10.661440364490831, 59.337591692134566 ], [ 10.661515903100792, 59.337505872965309 ], [ 10.661578521269726, 59.33741738026427 ], [ 10.661627858392526, 59.337326722695813 ], [ 10.661663633702712, 59.337234417877063 ], [ 10.66168564242097, 59.337140994946843 ], [ 10.661693756324041, 59.337046990088183 ], [ 10.661687931553177, 59.336952940493731 ], [ 10.661668201485465, 59.336859385027275 ], [ 10.661634679055179, 59.336766859804996 ], [ 10.661587555340921, 59.336675895450902 ], [ 10.661527100248788, 59.336587011724369 ] ] ] } },
{ "type": "Feature", "properties": { "OBJECTID": 33.0, "forbudsomr": "Restrictions", "typeforbud": "Alle sensorer. (Inkludert foto/video).", "navn": "Larkollen 2", "refnr": "0105", "GlobalID": "daeac5cb-044e-4f5d-9b6e-6f412768be74", "Shape__Are": 5710.684814453125, "Shape__Len": 331.20917574818253 }, "geometry": { "type": "Polygon", "coordinates": [ [ [ 10.664814846509627, 59.338763675530799 ], [ 10.665039537813538, 59.339332295264938 ], [ 10.665325300562708, 59.339873156324089 ], [ 10.665919897935407, 59.339837594655563 ], [ 10.665971975071209, 59.339685347951182 ], [ 10.665826574647987, 59.339030359257805 ], [ 10.66554857053903, 59.33872633711686 ], [ 10.664814846509627, 59.338763675530799 ] ] ] } },
{ "type": "Feature", "properties": { "OBJECTID": 34.0, "forbudsomr": "Restrictions", "typeforbud": "Alle sensorer. (Inkludert foto/video).", "navn": "Rauøy", "refnr": "0147", "GlobalID": "bba30a61-2815-4ad1-adf1-603df7b783b3", "Shape__Are": 4344956.4542236328, "Shape__Len": 12054.30172753477 }, "geometry": { "type": "Polygon", "coordinates": [ [ [ 10.698530910654599, 59.251916777184192 ], [ 10.701045280397652, 59.252348974568605 ], [ 10.702184589363608, 59.254649904875656 ], [ 10.703252234466364, 59.255516715884781 ], [ 10.706936384480743, 59.253835282000324 ], [ 10.706181082431645, 59.252261707117761 ], [ 10.707390431590433, 59.24979134028689 ], [ 10.706197493334676, 59.247966209903609 ], [ 10.703750193956779, 59.246939419481826 ], [ 10.705138261505454, 59.244951674644874 ], [ 10.70178434374467, 59.241630791262196 ], [ 10.70412758928857, 59.239432565736642 ], [ 10.706836128590338, 59.236051734980855 ], [ 10.708071485380614, 59.233343472167434 ], [ 10.705553251937367, 59.230882611330223 ], [ 10.706476376033883, 59.228881157844285 ], [ 10.702155573205989, 59.22588975425186 ], [ 10.697331345333016, 59.223241322133468 ], [ 10.698990872339998, 59.220903668004979 ], [ 10.702511181234913, 59.220649580410708 ], [ 10.706762239416852, 59.218030275462297 ], [ 10.710455418059082, 59.21622974535007 ], [ 10.709138046473562, 59.213446290321009 ], [ 10.707290328812496, 59.21124385224838 ], [ 10.702339255895774, 59.21181383835966 ], [ 10.696192776240212, 59.214734986294587 ], [ 10.693101294614397, 59.217388256947707 ], [ 10.688862692528078, 59.219888166193748 ], [ 10.686180566803511, 59.223030746652121 ], [ 10.685733928365465, 59.224926862082064 ], [ 10.682368346498928, 59.22792978883178 ], [ 10.682304989211687, 59.2305532677644 ], [ 10.682228184026853, 59.233295683906817 ], [ 10.684785156508619, 59.235400166916165 ], [ 10.684721945257545, 59.238023648656274 ], [ 10.685752331910667, 59.241276202172266 ], [ 10.686126655164781, 59.244151308432414 ], [ 10.6888765949132, 59.246619408159596 ], [ 10.691636041674972, 59.246939715276355 ], [ 10.693305970389197, 59.248659763045318 ], [ 10.697704457831621, 59.248909044502199 ], [ 10.698838721708752, 59.249181197543727 ], [ 10.698530910654599, 59.251916777184192 ] ] ] } },
{ "type": "Feature", "properties": { "OBJECTID": 35.0, "forbudsomr": "Restrictions", "typeforbud": "Alle sensorer. (Inkludert foto/video).", "navn": "Brenni", "refnr": "0016", "GlobalID": "f60c7ca4-0a70-47f3-90db-0031d6c505f3", "Shape__Are": 122345.47607421875, "Shape__Len": 1449.8474244325175 }, "geometry": { "type": "Polygon", "coordinates": [ [ [ 11.238712105268034, 60.154290916544859 ], [ 11.238366603025366, 60.152948591589137 ], [ 11.234343098720787, 60.152711398769007 ], [ 11.231493015067985, 60.153084775207425 ], [ 11.228443967499565, 60.15475263263847 ], [ 11.229849906557552, 60.155779530126587 ], [ 11.232837110737972, 60.155409609943391 ], [ 11.238712105268034, 60.154290916544859 ] ] ] } },
{ "type": "Feature", "properties": { "OBJECTID": 36.0, "forbudsomr": "Restrictions", "typeforbud": "Alle sensorer. (Inkludert foto/video).", "navn": "Heggedal", "refnr": "0054", "GlobalID": "e6db3031-56fe-4753-81c7-1c24d4980dac", "Shape__Are": 31406.297119140625, "Shape__Len": 833.12298665854962 }, "geometry": { "type": "Polygon", "coordinates": [ [ [ 10.426396131503244, 59.783920261547813 ], [ 10.424919053159051, 59.784157838646379 ], [ 10.425078760167322, 59.785146129341314 ], [ 10.42809203077119, 59.786477191096616 ], [ 10.42910236517722, 59.786437851297421 ], [ 10.429460327746094, 59.786307133654958 ], [ 10.428611232278925, 59.786017002617939 ], [ 10.428231730738052, 59.78583279754789 ], [ 10.428105056518636, 59.785555132712538 ], [ 10.427941921194986, 59.785083724896772 ], [ 10.42681205643172, 59.784298218291347 ], [ 10.426396131503244, 59.783920261547813 ] ] ] } },
{ "type": "Feature", "properties": { "OBJECTID": 37.0, "forbudsomr": "Restrictions", "typeforbud": "Alle sensorer. (Inkludert foto/video).", "navn": "Kolsås", "refnr": "0097", "GlobalID": "cf6ba765-cd22-4dab-b99a-7405769a4612", "Shape__Are": 230312.72644042969, "Shape__Len": 1994.6277988137986 }, "geometry": { "type": "Polygon", "coordinates": [ [ [ 10.500910650233108, 59.918666027507022 ], [ 10.502614067475291, 59.919298159283613 ], [ 10.504002813148031, 59.919400592477103 ], [ 10.50575343317705, 59.919469190489181 ], [ 10.506221038850832, 59.92003732665367 ], [ 10.507374013851758, 59.920117535689492 ], [ 10.509662218417475, 59.919933114246696 ], [ 10.511691969607801, 59.918438541736776 ], [ 10.511139865955737, 59.917583449776856 ], [ 10.50966977533621, 59.916969192091955 ], [ 10.509065392505907, 59.916814661343956 ], [ 10.50836225350718, 59.916357826731179 ], [ 10.508922822443548, 59.915980482496771 ], [ 10.509200911637947, 59.914805485399242 ], [ 10.507668678701465, 59.915153085866322 ], [ 10.506117653466482, 59.915432075144338 ], [ 10.505034703800185, 59.91542610933746 ], [ 10.50350966382306, 59.915616871560623 ], [ 10.502720421771548, 59.915896082657966 ], [ 10.501775504678884, 59.916834207052624 ], [ 10.500877933216175, 59.917072162329241 ], [ 10.500910650233108, 59.918666027507022 ] ] ] } },
{ "type": "Feature", "properties": { "OBJECTID": 40.0, "forbudsomr": "Restrictions", "typeforbud": "Alle sensorer. (Inkludert foto/video).", "navn": "Lutvann", "refnr": "0115", "GlobalID": "bedb2f20-5dae-4126-835f-a8fb5b808c30", "Shape__Are": 187937.98840332031, "Shape__Len": 1708.0757730047485 }, "geometry": { "type": "Polygon", "coordinates": [ [ [ 10.872017896949462, 59.924232769693141 ], [ 10.874203754595479, 59.925886782854811 ], [ 10.878708047824354, 59.924561494417752 ], [ 10.880774677264798, 59.923001936289225 ], [ 10.880479686568552, 59.920520745961326 ], [ 10.877271414562268, 59.920407824766805 ], [ 10.875351416780079, 59.921067807133795 ], [ 10.872017896949462, 59.924232769693141 ] ] ] } },
{ "type": "Feature", "properties": { "OBJECTID": 42.0, "forbudsomr": "Restrictions", "typeforbud": "Alle sensorer. (Inkludert foto/video).", "navn": "Gullbekkåsen", "refnr": "0219", "GlobalID": "bd2ca0fe-3168-4be6-a109-84206e545be1", "Shape__Are": 588829.0234375, "Shape__Len": 2763.2816058251719 }, "geometry": { "type": "Polygon", "coordinates": [ [ [ 11.992587029274828, 60.214469644905861 ], [ 11.992737485687268, 60.214388272777313 ], [ 11.992884864493, 60.214305558360238 ], [ 11.993029078120633, 60.214221550894123 ], [ 11.993170036952829, 60.214136302267733 ], [ 11.993307658747172, 60.21404986274014 ], [ 11.993441859133123, 60.213962286116313 ], [ 11.993572555708925, 60.213873624448915 ], [ 11.993697005412981, 60.213785850691202 ], [ 11.993820538591789, 60.213695202328978 ], [ 11.993940340180499, 60.213603630013957 ], [ 11.994056338105953, 60.213511191424033 ], [ 11.994168460625733, 60.21341794065038 ], [ 11.994276639357174, 60.213323934555824 ], [ 11.994380809441564, 60.213229230981476 ], [ 11.994480909708258, 60.213133886953308 ], [ 11.994574878587599, 60.213040006801421 ], [ 11.99466674492105, 60.212943564850612 ], [ 11.994754366698908, 60.212846656417021 ], [ 11.994837691849609, 60.212749337833465 ], [ 11.994916669694597, 60.212651669956664 ], [ 11.994991249803101, 60.212553710953038 ], [ 11.995061390591248, 60.212455520986275 ], [ 11.995127047036732, 60.212357158344744 ], [ 11.995186927491817, 60.21226077986028 ], [ 11.995243598877471, 60.212162252119292 ], [ 11.995295675757824, 60.212063730724729 ], [ 11.9953431275299, 60.211965274290151 ], [ 11.995385927113153, 60.211866942407099 ], [ 11.995424045543642, 60.211768795522453 ], [ 11.995457463113626, 60.211670891596839 ], [ 11.995486156183597, 60.211573292095466 ], [ 11.995509648933234, 60.211478118430406 ], [ 11.995528948551719, 60.211381291676112 ], [ 11.995543482484695, 60.211284944528757 ], [ 11.995553242000353, 60.211189133398307 ], [ 11.995558219922277, 60.211093917425011 ], [ 11.995558414643398, 60.210999354077899 ], [ 11.995553826440075, 60.21090549996957 ], [ 11.995544457307835, 60.210812412649616 ], [ 11.995530663092124, 60.210722102990815 ], [ 11.99551185209544, 60.210630699320255 ], [ 11.995488286709719, 60.210540227463241 ], [ 11.995459979820026, 60.210450744315679 ], [ 11.995426950044044, 60.210362303308955 ], [ 11.995389216080246, 60.210274956977223 ], [ 11.995346800065244, 60.210188759729228 ], [ 11.995299729785824, 60.210103763405748 ], [ 11.995249180260238, 60.210021787193256 ], [ 11.995192985134116, 60.209939317269026 ], [ 11.995132228513063, 60.209858199510009 ], [ 11.99506694751447, 60.209778482372805 ], [ 11.994997179253851, 60.209700214313592 ], [ 11.994922968216075, 60.209623442158303 ], [ 11.994844358801894, 60.20954821362912 ], [ 11.994761399259794, 60.209474573839586 ], [ 11.994676039441963, 60.209404081904545 ], [ 11.994584620038825, 60.209333715772154 ], [ 11.994489008426983, 60.209265067727806 ], [ 11.99438926038161, 60.209198179460643 ], [ 11.994285438964685, 60.20913309192634 ], [ 11.994177603796565, 60.209069844205423 ], [ 11.994065821784368, 60.209008474644932 ], [ 11.993950161716686, 60.208949020735957 ], [ 11.993833272513662, 60.208892721412987 ], [ 11.993710144837529, 60.208837161929914 ], [ 11.993583353485636, 60.208783621768163 ], [ 11.993452973135048, 60.208732133161142 ], [ 11.993319087633362, 60.208682726753338 ], [ 11.993181773618959, 60.208635433025641 ], [ 11.993041115099064, 60.208590280829306 ], [ 11.99289719812675, 60.208547296366525 ], [ 11.992753272017385, 60.208507352141147 ], [ 11.992603167464262, 60.208468733952209 ], [ 11.992450066537184, 60.208432358599453 ], [ 11.992294066583771, 60.208398247150917 ], [ 11.992135259626648, 60.208366419655704 ], [ 11.991973743009446, 60.208336897182384 ], [ 11.991809614484689, 60.208309696316562 ], [ 11.991642971803111, 60.208284833644136 ], [ 11.991477538100927, 60.208262778238009 ], [ 11.991306221458416, 60.208242585597816 ], [ 11.991132695533825, 60.208224772189844 ], [ 11.990957067737389, 60.208209347632796 ], [ 11.990779441792411, 60.2081963223605 ], [ 11.990599927072553, 60.20818570424013 ], [ 11.990418633114691, 60.208177499346029 ], [ 11.99023566593347, 60.208171712774494 ], [ 11.990055081350665, 60.208168394397205 ], [ 11.989869134347124, 60.208167402466728 ], [ 11.989681851163121, 60.208168833800464 ], [ 11.989493341742351, 60.208172689992196 ], [ 11.989303722008644, 60.208178966482379 ], [ 11.989113105919305, 60.208187660464596 ], [ 11.988921607678082, 60.208198766443026 ], [ 11.988729346975878, 60.208212278148601 ], [ 11.988540546544025, 60.208227823393948 ], [ 11.988347116335344, 60.208246069268085 ], [ 11.988153267429196, 60.208266691834673 ], [ 11.987959118291201, 60.208289678509843 ], [ 11.987764787469713, 60.208315015813668 ], [ 11.987570393760485, 60.208342687577058 ], [ 11.987376050554895, 60.208372677508741 ], [ 11.987181880418159, 60.208404967729507 ], [ 11.986992118185722, 60.208438779347127 ], [ 11.986798632601127, 60.208475561939963 ], [ 11.986605665106467, 60.208514582586268 ], [ 11.986413337128065, 60.208555816195386 ], [ 11.986221760838141, 60.208599240162577 ], [ 11.986031054309388, 60.208644826626738 ], [ 11.985841333814394, 60.20869254768639 ], [ 11.985652713743361, 60.208742376296421 ], [ 11.985469279665503, 60.208793154636346 ], [ 11.985283172703902, 60.208847060807919 ], [ 11.985098501657106, 60.208902978846837 ], [ 11.984915379532746, 60.208960877186264 ], [ 11.984733919917035, 60.20902071798325 ], [ 11.984554228779645, 60.209082467714794 ], [ 11.98437641807419, 60.209146086704799 ], [ 11.984200594021893, 60.2092115387414 ], [ 11.984030537097539, 60.209277332941568 ], [ 11.983858955601107, 60.20934629099974 ], [ 11.983689675348751, 60.20941695900197 ], [ 11.983522797660285, 60.209489295235279 ], [ 11.983358424022788, 60.209563256193782 ], [ 11.983196654371332, 60.20963879564097 ], [ 11.98303758495762, 60.209715868155349 ], [ 11.982881312035897, 60.209794428315789 ], [ 11.982731166673346, 60.209872709979571 ], [ 11.982580706832914, 60.209954070770017 ], [ 11.982433322276087, 60.210036773731844 ], [ 11.982289100588144, 60.21012076965318 ], [ 11.982148129521754, 60.210206007529052 ], [ 11.982010495195214, 60.210292434520362 ], [ 11.981876279960872, 60.21037999949926 ], [ 11.981745566338413, 60.21046864954485 ], [ 11.981621099663737, 60.210556412018143 ], [ 11.981497543331562, 60.210647049742548 ], [ 11.981377718496102, 60.210738609773806 ], [ 11.981261696958059, 60.210831038048184 ], [ 11.981149547246559, 60.210924276833225 ], [ 11.981041339364848, 60.211018272023999 ], [ 11.980937136523291, 60.211112964868057 ], [ 11.980837005372997, 60.211208298488238 ], [ 11.980743002904275, 60.21130216867067 ], [ 11.980651098896491, 60.211398600681214 ], [ 11.980563439681264, 60.211495500426075 ], [ 11.980480075865252, 60.211592808864552 ], [ 11.980401059776083, 60.21169046789332 ], [ 11.980326436617878, 60.211788418348043 ], [ 11.980256255282372, 60.211886600249365 ], [ 11.980190555488232, 60.211984955205736 ], [ 11.980130631658069, 60.212081327490942 ], [ 11.980073915340622, 60.212179847537314 ], [ 11.980021792683569, 60.21227836350419 ], [ 11.979974292845677, 60.212376814062118 ], [ 11.979931448425212, 60.212475139756762 ], [ 11.979893281044591, 60.212573282680225 ], [ 11.979859818062453, 60.212671181460721 ], [ 11.979831077498195, 60.212768778107311 ], [ 11.979807538425746, 60.212863947733716 ], [ 11.979788189702219, 60.212960771785369 ], [ 11.979773608610062, 60.213057117728788 ], [ 11.979763804241708, 60.213152926469142 ], [ 11.979758778151508, 60.213248142333477 ], [ 11.97975853771182, 60.213342705288156 ], [ 11.979763082756687, 60.213436558721511 ], [ 11.979772407631126, 60.213529646794754 ], [ 11.979786159394232, 60.213619957743717 ], [ 11.979804927918442, 60.213711364190878 ], [ 11.97982845209377, 60.213801837594303 ], [ 11.979856717086774, 60.213891323701183 ], [ 11.979889709782334, 60.213979769195859 ], [ 11.979927406417167, 60.214067118722646 ], [ 11.979969784698545, 60.21415332055291 ], [ 11.980016822414804, 60.214238322060979 ], [ 11.980067338101112, 60.214320303758406 ], [ 11.980123502202973, 60.214402779817782 ], [ 11.980184229602319, 60.214483904191553 ], [ 11.980249485054214, 60.214563628448033 ], [ 11.980319227905769, 60.214641904032057 ], [ 11.98039341553511, 60.214718684140337 ], [ 11.980472003598809, 60.214793921031465 ], [ 11.980554943899799, 60.21486756957156 ], [ 11.980640286973385, 60.214938070427067 ], [ 11.980731689557285, 60.2150084468716 ], [ 11.980827290268845, 60.215077104736395 ], [ 11.980927026155877, 60.21514400214469 ], [ 11.981030841224641, 60.215209100073551 ], [ 11.981138670551292, 60.215272358397982 ], [ 11.981250447242587, 60.215333738745095 ], [ 11.981366107924572, 60.215393203720552 ], [ 11.981482998143063, 60.215449514897109 ], [ 11.981606129329583, 60.215505084821544 ], [ 11.98173292635008, 60.215558637335207 ], [ 11.981863312959259, 60.215610137446042 ], [ 11.98199721069502, 60.215659554604407 ], [ 11.982134537323883, 60.21570685997176 ], [ 11.98227520880797, 60.215752024668625 ], [ 11.982419142909212, 60.215795019856685 ], [ 11.982563087708828, 60.215834976303988 ], [ 11.982713215415208, 60.215873605130746 ], [ 11.982866337869551, 60.215909991829761 ], [ 11.98302236307271, 60.21594411542808 ], [ 11.983181197386289, 60.215975953118601 ], [ 11.983342743153536, 60.216005486495696 ], [ 11.983506904353087, 60.216032698988435 ], [ 11.983673579720284, 60.216057572109769 ], [ 11.983839047094362, 60.216079636588731 ], [ 11.984010399609152, 60.216099839128184 ], [ 11.984183961004693, 60.216117662977297 ], [ 11.984359629433001, 60.216133095927091 ], [ 11.984537293622139, 60.21614613004737 ], [ 11.984716849589752, 60.216156756675701 ], [ 11.984898187698784, 60.216164969717148 ], [ 11.985081198228718, 60.216170763973878 ], [ 11.985261826104155, 60.216174089447073 ], [ 11.985447816237667, 60.216175089031168 ], [ 11.985635147000183, 60.216173663166146 ], [ 11.985823702602687, 60.216169813706735 ], [ 11.986013369140135, 60.216163541652584 ], [ 11.986204032295316, 60.216154852487243 ], [ 11.986395576030999, 60.216143750757233 ], [ 11.986587885947214, 60.216130242844059 ], [ 11.986776730982246, 60.216114700699833 ], [ 11.986970210295654, 60.21609645752828 ], [ 11.987164106278868, 60.21607583706227 ], [ 11.98735830035198, 60.216052851880626 ], [ 11.987552677375136, 60.216027516438047 ], [ 11.98774711868713, 60.215999844211389 ], [ 11.987941505133602, 60.215969854058073 ], [ 11.988135721329851, 60.215937563124875 ], [ 11.988325524213087, 60.215903750176167 ], [ 11.988519053989879, 60.215866965744397 ], [ 11.988712060892992, 60.215827943510753 ], [ 11.988904430850418, 60.21578670604562 ], [ 11.989096044138373, 60.215743278487125 ], [ 11.989286788078417, 60.215697687931218 ], [ 11.98947654450512, 60.215649962248349 ], [ 11.989665200743268, 60.215600128535719 ], [ 11.989848665056522, 60.215549344628904 ], [ 11.9900348047618, 60.215495433259818 ], [ 11.990219505112769, 60.215439507709462 ], [ 11.990402652701484, 60.215381603147414 ], [ 11.990584139610585, 60.215321753969945 ], [ 11.990763854156226, 60.215259996285369 ], [ 11.990941686212217, 60.215196368933434 ], [ 11.99111752942324, 60.21513090904287 ], [ 11.991287603091967, 60.215065105922299 ], [ 11.99145919772146, 60.214996138366701 ], [ 11.991628490758387, 60.214925459688374 ], [ 11.991795378885662, 60.214853113376293 ], [ 11.991959760590776, 60.214779142960843 ], [ 11.99212153788566, 60.214703592951153 ], [ 11.992280610900547, 60.214626508712485 ], [ 11.9924368831258, 60.214547938382225 ], [ 11.992587029274828, 60.214469644905861 ] ] ] } },
{ "type": "Feature", "properties": { "OBJECTID": 44.0, "forbudsomr": "Restrictions", "typeforbud": "Alle sensorer. (Inkludert foto/video).", "navn": "Brennholsåtten", "refnr": "0234", "GlobalID": "08a9ee3c-05fc-4fbe-919f-9399d90da860", "Shape__Are": 1037149.2037353516, "Shape__Len": 3936.3540747684897 }, "geometry": { "type": "Polygon", "coordinates": [ [ [ 11.409916317039283, 60.882458103224565 ], [ 11.409786198299566, 60.885203899838501 ], [ 11.417464942558761, 60.886434629702528 ], [ 11.431790014408437, 60.882355187722673 ], [ 11.430602025111032, 60.880970260339886 ], [ 11.425573257762151, 60.875424003652448 ], [ 11.410302103798037, 60.877105176561848 ], [ 11.409916317039283, 60.882458103224565 ] ] ] } },
{ "type": "Feature", "properties": { "OBJECTID": 46.0, "forbudsomr": "Restrictions", "typeforbud": "Alle sensorer. (Inkludert foto/video).", "navn": "Brøttum", "refnr": "0019", "GlobalID": "7b5f7da1-6f95-4287-8bd4-c6156b05ad6d", "Shape__Are": 251194.73950195312, "Shape__Len": 2517.3840374810666 }, "geometry": { "type": "Polygon", "coordinates": [ [ [ 10.599675830637086, 60.990750695231775 ], [ 10.601634763283506, 60.991140973172016 ], [ 10.605004904880239, 60.990811515983296 ], [ 10.609056446420588, 60.988932362623316 ], [ 10.613497549780163, 60.988253493528248 ], [ 10.617799197877043, 60.987654395649699 ], [ 10.618577945498552, 60.986754145898431 ], [ 10.616996972612521, 60.985834998186945 ], [ 10.615161229689441, 60.985731572488952 ], [ 10.610728194633905, 60.986699751170057 ], [ 10.604904171178308, 60.987701949791798 ], [ 10.600746727732046, 60.98892731827366 ], [ 10.59981391383139, 60.989822964709489 ], [ 10.599675830637086, 60.990750695231775 ] ] ] } },
{ "type": "Feature", "properties": { "OBJECTID": 53.0, "forbudsomr": "Restrictions", "typeforbud": "Alle sensorer. (Inkludert foto/video).", "navn": "Trevatn", "refnr": "0206", "GlobalID": "8e9964d0-baf8-4a58-84ad-9b56d8793419", "Shape__Are": 349099.08947753906, "Shape__Len": 2932.9851674273064 }, "geometry": { "type": "Polygon", "coordinates": [ [ [ 10.403769077234548, 60.705393567816223 ], [ 10.405202126397878, 60.705662655240573 ], [ 10.409950260378226, 60.705527489072516 ], [ 10.407811588219792, 60.701280537275387 ], [ 10.406999539058233, 60.69826765215678 ], [ 10.407206707225846, 60.6959274839801 ], [ 10.405877091558505, 60.694714265367345 ], [ 10.403073611986963, 60.695122083352395 ], [ 10.402166354636782, 60.699319883766897 ], [ 10.402378231840668, 60.70337248406517 ], [ 10.402119630868583, 60.70466820961461 ], [ 10.403769077234548, 60.705393567816223 ] ] ] } },
{ "type": "Feature", "properties": { "OBJECTID": 54.0, "forbudsomr": "Restrictions", "typeforbud": "Alle sensorer. (Inkludert foto/video).", "navn": "Eggemoen", "refnr": "0030", "GlobalID": "8f64f0e8-4fa1-480d-a452-2404857ae41e", "Shape__Are": 1172771.6735839844, "Shape__Len": 4936.7426337265288 }, "geometry": { "type": "Polygon", "coordinates": [ [ [ 10.284076493490273, 60.228270283989893 ], [ 10.316943489708219, 60.220896737572936 ], [ 10.294522426428568, 60.216858610107828 ], [ 10.280628552167849, 60.224242374913963 ], [ 10.284076493490273, 60.228270283989893 ] ] ] } },
{ "type": "Feature", "properties": { "OBJECTID": 59.0, "forbudsomr": "Restrictions", "typeforbud": "Alle sensorer. (Inkludert foto/video).", "navn": "Haga", "refnr": "0049", "GlobalID": "3c7ed3ea-f4fb-45a9-b6ed-19787732d347", "Shape__Are": 189125.52099609375, "Shape__Len": 1819.2930499487497 }, "geometry": { "type": "Polygon", "coordinates": [ [ [ 10.344028897097512, 60.083970205724299 ], [ 10.347865062269864, 60.082596058457348 ], [ 10.342162808769098, 60.077968032082978 ], [ 10.337032599786268, 60.080411042470786 ], [ 10.344028897097512, 60.083970205724299 ] ] ] } },
{ "type": "Feature", "properties": { "OBJECTID": 63.0, "forbudsomr": "Restrictions", "typeforbud": "Alle sensorer. (Inkludert foto/video).", "navn": "Jåttanuten", "refnr": "0086", "GlobalID": "38685bcd-91e6-438a-9f1b-0bfb63a0d86b", "Shape__Are": 142555.78262329102, "Shape__Len": 1425.6259586363424 }, "geometry": { "type": "Polygon", "coordinates": [ [ [ 5.715893657581477, 58.908018064656112 ], [ 5.716594957688993, 58.908799576987548 ], [ 5.718948191247439, 58.909044637432942 ], [ 5.720900298911018, 58.909095436081003 ], [ 5.722368884657964, 58.908896337313116 ], [ 5.723560275582834, 58.908542776906799 ], [ 5.72442115739643, 58.907534048356332 ], [ 5.722821680207163, 58.906282179093402 ], [ 5.716543533552239, 58.905835942055212 ], [ 5.715701382379538, 58.906994228682514 ], [ 5.715893657581477, 58.908018064656112 ] ] ] } },
{ "type": "Feature", "properties": { "OBJECTID": 66.0, "forbudsomr": "Restrictions", "typeforbud": "Alle sensorer. (Inkludert foto/video).", "navn": "Store Skykula", "refnr": "0188", "GlobalID": "b829bb94-33f9-4c63-ae6a-4da24a310a8a", "Shape__Are": 503819.91209316254, "Shape__Len": 2516.3933751820282 }, "geometry": { "type": "Polygon", "coordinates": [ [ [ 6.328281186143649, 58.626350899745724 ], [ 6.328071133045736, 58.626234582015186 ], [ 6.327851355167437, 58.626123259126942 ], [ 6.327622288513641, 58.626017153865966 ], [ 6.327384389860607, 58.625916475080736 ], [ 6.327138128395434, 58.625821423436058 ], [ 6.326883995557659, 58.625732186664706 ], [ 6.326622493717822, 58.625648943313308 ], [ 6.326354144095439, 58.625571858766023 ], [ 6.326079476768284, 58.6255010836636 ], [ 6.325799041036755, 58.625436760927926 ], [ 6.325513388474325, 58.625379017387786 ], [ 6.325223090987899, 58.625327967714817 ], [ 6.324928720392718, 58.625283713036104 ], [ 6.324630863955212, 58.625246341087582 ], [ 6.324330112257521, 58.625215926292483 ], [ 6.324027063046956, 58.625192528217376 ], [ 6.323722315244121, 58.625176194776664 ], [ 6.323416475159967, 58.625166958140518 ], [ 6.323110151169393, 58.625164835276031 ], [ 6.322803947719403, 58.625169831151503 ], [ 6.322498476209324, 58.625181936767063 ], [ 6.322194341818884, 58.625201126453696 ], [ 6.32189214898802, 58.625227363662752 ], [ 6.321592494238601, 58.625260595060539 ], [ 6.321295975502044, 58.625300754773775 ], [ 6.321003179983998, 58.6253477644672 ], [ 6.320714690381672, 58.625401529251484 ], [ 6.320431076523887, 58.625461943434964 ], [ 6.320152904992694, 58.625528886662586 ], [ 6.319880724841718, 58.625602225653658 ], [ 6.319615077588729, 58.625681815783437 ], [ 6.319356489371411, 58.625767497840705 ], [ 6.319105476425916, 58.625859103817305 ], [ 6.318862533245288, 58.625956448879222 ], [ 6.318628145237195, 58.62605934306157 ], [ 6.318402776067537, 58.626167579572837 ], [ 6.318186873730858, 58.626280945138937 ], [ 6.317980866997444, 58.626399213440806 ], [ 6.317785164081767, 58.626522150440891 ], [ 6.317600154788539, 58.626649512722807 ], [ 6.317426205627737, 58.626781046255608 ], [ 6.31726366210889, 58.626916491064094 ], [ 6.317112846223833, 58.627055577445439 ], [ 6.316974058962691, 58.62719802975159 ], [ 6.316847575650185, 58.627343564265864 ], [ 6.316733648239199, 58.627491893873106 ], [ 6.316632499832507, 58.627642722269485 ], [ 6.316544335043431, 58.627795750987026 ], [ 6.316469328522627, 58.627950676807316 ], [ 6.316407626880721, 58.628107190989304 ], [ 6.316359354607973, 58.628264983283096 ], [ 6.31632460770742, 58.628423739691208 ], [ 6.316303455987734, 58.628583147139011 ], [ 6.316295939508557, 58.628742886912356 ], [ 6.31630207531411, 58.628902642339114 ], [ 6.316321850844262, 58.629062097437867 ], [ 6.31635522630081, 58.629220934370593 ], [ 6.31640213671842, 58.629378839000807 ], [ 6.316462487965678, 58.629535496107408 ], [ 6.316536161998744, 58.62969059606251 ], [ 6.316623011160138, 58.629843829929406 ], [ 6.316722863876546, 58.629994894364984 ], [ 6.31683552362084, 58.630143488840702 ], [ 6.316960762915341, 58.630289318846764 ], [ 6.317098337615614, 58.630432094155218 ], [ 6.317247970699527, 58.630571531329529 ], [ 6.317409367809739, 58.63070735387916 ], [ 6.317582208740608, 58.630839291681013 ], [ 6.317766148473735, 58.630967083759153 ], [ 6.317960825096793, 58.631090474309126 ], [ 6.31816584736856, 58.631209220882106 ], [ 6.318380812482174, 58.631323085661158 ], [ 6.318605291927961, 58.631431843529555 ], [ 6.318838839413055, 58.631535278095299 ], [ 6.319080993822356, 58.631633183698646 ], [ 6.319331270262547, 58.631725366609565 ], [ 6.319589176050573, 58.631811643406422 ], [ 6.319854196428532, 58.631891842713955 ], [ 6.320125805001161, 58.631965805010474 ], [ 6.320403464995442, 58.632033384519538 ], [ 6.320686621636632, 58.632094445080476 ], [ 6.320974714216111, 58.632148867289452 ], [ 6.321267170835984, 58.63219654182204 ], [ 6.321563410483972, 58.632237374992123 ], [ 6.321862845625088, 58.632271285316442 ], [ 6.32216488005687, 58.632298205175019 ], [ 6.322468915721105, 58.632318081273993 ], [ 6.322774346117362, 58.632330873295423 ], [ 6.323080567556882, 58.632336557370735 ], [ 6.323386969836667, 58.632335121835247 ], [ 6.323692946234619, 58.632326568810363 ], [ 6.323997886257618, 58.632310915516591 ], [ 6.32430118800481, 58.632288193307424 ], [ 6.324602246029865, 58.63225844774756 ], [ 6.324900463926017, 58.632221736758986 ], [ 6.325195250035459, 58.632178133940798 ], [ 6.325486016635751, 58.632127724902027 ], [ 6.325772189269558, 58.632070611506812 ], [ 6.326053195937307, 58.632006906625293 ], [ 6.326328482199683, 58.631936736062045 ], [ 6.326597500520222, 58.631860239637497 ], [ 6.326859714336868, 58.631777568755489 ], [ 6.327114604651446, 58.631688887753114 ], [ 6.327361666625516, 58.631594373669216 ], [ 6.327600406841411, 58.631494213349008 ], [ 6.327830354776953, 58.631388606028786 ], [ 6.328051049629375, 58.631277760634795 ], [ 6.328262056897208, 58.63116189871468 ], [ 6.328462955869036, 58.631041249072673 ], [ 6.328653347249155, 58.630916051898851 ], [ 6.32883285382247, 58.63078655610483 ], [ 6.329001120675854, 58.630653018435545 ], [ 6.329157811792713, 58.630515703237627 ], [ 6.329302616418823, 58.630374884697041 ], [ 6.329435246986741, 58.630230841280159 ], [ 6.329555441632967, 58.630083859516226 ], [ 6.329662959532898, 58.629934231874188 ], [ 6.329757590076799, 58.629782254676968 ], [ 6.32983914391296, 58.629628229298589 ], [ 6.329907459977546, 58.629472461738743 ], [ 6.329962402088363, 58.629315262390868 ], [ 6.330003861532076, 58.62915694260645 ], [ 6.330031756619288, 58.628997816470324 ], [ 6.330046032682696, 58.628838200800622 ], [ 6.330046659557131, 58.628678411365911 ], [ 6.330033637500698, 58.628518766898978 ], [ 6.330006993637173, 58.628359582535047 ], [ 6.329966778921984, 58.628201175023214 ], [ 6.329913074134017, 58.628043859521952 ], [ 6.329845984988336, 58.627887948364574 ], [ 6.32976564768474, 58.627733749630245 ], [ 6.329672220988414, 58.627581571121297 ], [ 6.329565887779887, 58.627431714148287 ], [ 6.3294468631217, 58.627284475884082 ], [ 6.329315382119042, 58.627140149442631 ], [ 6.329171704209709, 58.626999020559218 ], [ 6.329016115902411, 58.6268613704855 ], [ 6.32884892847931, 58.626727471319477 ], [ 6.328670470299363, 58.626597589094828 ], [ 6.328481097454363, 58.626471982699293 ], [ 6.328281186143649, 58.626350899745724 ] ] ] } },
{ "type": "Feature", "properties": { "OBJECTID": 69.0, "forbudsomr": "Restrictions", "typeforbud": "Alle sensorer. (Inkludert foto/video).", "navn": "Vestre Åmøy", "refnr": "0222", "GlobalID": "22395a76-0c71-47b4-9682-663e56983109", "Shape__Are": 114680.63052368164, "Shape__Len": 1200.6719643472363 }, "geometry": { "type": "Polygon", "coordinates": [ [ [ 5.694732665568731, 59.04167548528757 ], [ 5.694626366796653, 59.04158050387241 ], [ 5.694508476532221, 59.041489227858428 ], [ 5.694379482044599, 59.041402031395101 ], [ 5.694239911773511, 59.041319272634681 ], [ 5.694090339251236, 59.04124129220952 ], [ 5.693931380387596, 59.041168410324701 ], [ 5.693763688068925, 59.041100927271685 ], [ 5.693587951646931, 59.041039118873108 ], [ 5.693404890813357, 59.040983239654935 ], [ 5.693215260007019, 59.040933519551068 ], [ 5.69301983833834, 59.040890162270742 ], [ 5.692819429349158, 59.040853346185152 ], [ 5.692614852657836, 59.04082322281927 ], [ 5.692406953042865, 59.040799915702372 ], [ 5.69219658276499, 59.040783520895609 ], [ 5.691984607453675, 59.040774104707218 ], [ 5.691771896302744, 59.040771707501172 ], [ 5.691559325484623, 59.040776337618389 ], [ 5.691347766142917, 59.040787976832974 ], [ 5.69113808708176, 59.040806576931921 ], [ 5.690931152323504, 59.040832062249152 ], [ 5.690727811276803, 59.040864327145428 ], [ 5.690528897772064, 59.040903239553082 ], [ 5.690335230547247, 59.040948639203187 ], [ 5.69014760564609, 59.041000339785491 ], [ 5.68996679273878, 59.041058129584975 ], [ 5.689793535607067, 59.041121769708965 ], [ 5.689628545536094, 59.041190999030093 ], [ 5.68947250131532, 59.041265534185548 ], [ 5.689326044321878, 59.041345068316602 ], [ 5.689189774114514, 59.041429274363431 ], [ 5.689064253109056, 59.041517807210845 ], [ 5.688949996501719, 59.041610302053613 ], [ 5.688847474498858, 59.04170637907616 ], [ 5.688757107156869, 59.041805643078163 ], [ 5.688679266853067, 59.041907687267923 ], [ 5.688614271647017, 59.04201209187719 ], [ 5.68856239119037, 59.042118428203935 ], [ 5.688523836164645, 59.042226258750489 ], [ 5.688498767871769, 59.042335140629419 ], [ 5.688487289149483, 59.042444626712715 ], [ 5.688489445846588, 59.042554266642263 ], [ 5.688505229534361, 59.042663609737637 ], [ 5.688534575058692, 59.042772207530099 ], [ 5.688577364218752, 59.042879613125628 ], [ 5.688633417676259, 59.042985385137683 ], [ 5.688702508469238, 59.043089089570557 ], [ 5.688784351691049, 59.043190299071981 ], [ 5.688878611636192, 59.043288598873843 ], [ 5.688984898842357, 59.043383584771028 ], [ 5.68910277992379, 59.043474865641926 ], [ 5.689231767761889, 59.043562067257135 ], [ 5.68937133402614, 59.043644831379893 ], [ 5.689520905250188, 59.043722817289876 ], [ 5.689679863825584, 59.043795704567223 ], [ 5.689847562002066, 59.04386319320367 ], [ 5.690023305200335, 59.043925006913142 ], [ 5.690206375337404, 59.043980891207241 ], [ 5.690396017821607, 59.044030616068568 ], [ 5.690591453350708, 59.044073977709829 ], [ 5.690791878155217, 59.044110797688099 ], [ 5.690996472357511, 59.04414092441467 ], [ 5.691204390891101, 59.044164234304979 ], [ 5.691414779464977, 59.044180631127773 ], [ 5.691626777280375, 59.0441900489134 ], [ 5.691839509642866, 59.044192446899999 ], [ 5.692052101751387, 59.044187816858354 ], [ 5.692263682112892, 59.044176177013178 ], [ 5.692473381578198, 59.044157575587796 ], [ 5.692680335789627, 59.044132088270132 ], [ 5.692883695019223, 59.044099820732178 ], [ 5.693082625138154, 59.044060905085004 ], [ 5.693276307135525, 59.044015501650748 ], [ 5.693463944725001, 59.043963796801833 ], [ 5.693644767786433, 59.043906003209514 ], [ 5.693818033092461, 59.043842357184566 ], [ 5.693983028502651, 59.043773122595496 ], [ 5.694139075381403, 59.043698582005305 ], [ 5.694285532307987, 59.04361904236201 ], [ 5.694421799724945, 59.043534830815851 ], [ 5.694547313542142, 59.043446292447896 ], [ 5.694661561851346, 59.043353793287253 ], [ 5.694764075061736, 59.043257711462473 ], [ 5.694854429850031, 59.043158442005691 ], [ 5.694932255285312, 59.043056393680665 ], [ 5.694997233793961, 59.042951985437192 ], [ 5.69504909599831, 59.042845646037101 ], [ 5.695087631516764, 59.042737813028424 ], [ 5.695112679367575, 59.042628929339095 ], [ 5.695124136806998, 59.04251944301317 ], [ 5.695121958815121, 59.042409802654674 ], [ 5.695106154170348, 59.042300458951168 ], [ 5.695076787891399, 59.042191862139205 ], [ 5.695033978761682, 59.042084458210596 ], [ 5.69497790644736, 59.041978688524331 ], [ 5.694908797978307, 59.041874987924309 ], [ 5.694826939272566, 59.041773781055703 ], [ 5.694732665568731, 59.04167548528757 ] ] ] } },
{ "type": "Feature", "properties": { "OBJECTID": 71.0, "forbudsomr": "Restrictions", "typeforbud": "Alle sensorer. (Inkludert foto/video).", "navn": "Tittelsnes", "refnr": "0203", "GlobalID": "e06a2d90-ef11-4a62-b261-5ce7903cdb80", "Shape__Are": 199464.34574890137, "Shape__Len": 1662.1159238083069 }, "geometry": { "type": "Polygon", "coordinates": [ [ [ 5.510666008809908, 59.724443748622335 ], [ 5.513556089157749, 59.723844288502512 ], [ 5.514241559108473, 59.722292320440047 ], [ 5.51363107414332, 59.721139286774523 ], [ 5.511246476661451, 59.720041017685723 ], [ 5.509049947789102, 59.72035527407597 ], [ 5.506261656490715, 59.721228261634181 ], [ 5.50407502309659, 59.722476153580061 ], [ 5.50532427870626, 59.724028986973686 ], [ 5.510666008809908, 59.724443748622335 ] ] ] } },
{ "type": "Feature", "properties": { "OBJECTID": 73.0, "forbudsomr": "Restrictions", "typeforbud": "Alle sensorer. (Inkludert foto/video).", "navn": "Haakonsvern", "refnr": "0048", "GlobalID": "43b3eb40-0b6e-4780-abfb-9c5ff4e3afdd", "Shape__Are": 2791014.100769043, "Shape__Len": 6727.0467885630205 }, "geometry": { "type": "Polygon", "coordinates": [ [ [ 5.231656745228719, 60.347865919197396 ], [ 5.236221518069816, 60.347231674398486 ], [ 5.241183713097139, 60.341195896592112 ], [ 5.242145712635378, 60.33751164643067 ], [ 5.239199389311816, 60.329087100711796 ], [ 5.233436253924435, 60.326878472113521 ], [ 5.226462867313426, 60.325828673315719 ], [ 5.218815266204863, 60.326538128786218 ], [ 5.210377599002624, 60.329155884091058 ], [ 5.217271107840848, 60.333156315896034 ], [ 5.217709550806281, 60.337057093256398 ], [ 5.219442314158576, 60.339382428552604 ], [ 5.220300555417385, 60.340991018232138 ], [ 5.221950103624508, 60.344441578759863 ], [ 5.226240243154066, 60.347066608251389 ], [ 5.231656745228719, 60.347865919197396 ] ] ] } },
{ "type": "Feature", "properties": { "OBJECTID": 74.0, "forbudsomr": "Restrictions", "typeforbud": "Alle sensorer. (Inkludert foto/video).", "navn": "Knappen", "refnr": "0096", "GlobalID": "92212301-7b60-4fd2-a1b2-4798b471ceb1", "Shape__Are": 297735.72647094727, "Shape__Len": 2523.0807703431356 }, "geometry": { "type": "Polygon", "coordinates": [ [ [ 5.249911358919626, 60.328972580496234 ], [ 5.255037847716207, 60.329136550428018 ], [ 5.256430324990854, 60.328790675210115 ], [ 5.256539550562866, 60.327367784180041 ], [ 5.257665989375599, 60.326213873141036 ], [ 5.258171747307181, 60.320280527356516 ], [ 5.256500478162113, 60.320212117476061 ], [ 5.253662373938346, 60.322133337191872 ], [ 5.252621096438828, 60.324378492519003 ], [ 5.250825370770131, 60.325090538327402 ], [ 5.249631276275056, 60.327867553731146 ], [ 5.249911358919626, 60.328972580496234 ] ] ] } },
{ "type": "Feature", "properties": { "OBJECTID": 75.0, "forbudsomr": "Restrictions", "typeforbud": "Alle sensorer. (Inkludert foto/video).", "navn": "Storrinden", "refnr": "0189", "GlobalID": "882a69d2-287a-4de1-b61f-c9de10231e0f", "Shape__Are": 59338.347457885742, "Shape__Len": 863.72678863395743 }, "geometry": { "type": "Polygon", "coordinates": [ [ [ 5.250897915345217, 60.30660771442372 ], [ 5.250778185781674, 60.306536023031775 ], [ 5.250647871319233, 60.306469028723996 ], [ 5.250507720163032, 60.306407117069305 ], [ 5.250358533947383, 60.306350641410745 ], [ 5.250201166671233, 60.306299926405629 ], [ 5.25003652121196, 60.306255261436114 ], [ 5.249865539877052, 60.306216901719175 ], [ 5.24968920235625, 60.306185069060319 ], [ 5.24950851715268, 60.306159943982465 ], [ 5.249324519988282, 60.306141671035967 ], [ 5.249138265954392, 60.306130354599027 ], [ 5.248950820065236, 60.306126059987463 ], [ 5.248763256276592, 60.306128810668206 ], [ 5.248576649024445, 60.306138592155492 ], [ 5.248392066893316, 60.30615534882778 ], [ 5.248210567535916, 60.306178982646543 ], [ 5.248033188412572, 60.306209359706649 ], [ 5.247860949642919, 60.306246306828648 ], [ 5.247694832607583, 60.306289609972858 ], [ 5.247535793605196, 60.306339023392042 ], [ 5.247384738700658, 60.306394262339367 ], [ 5.247242537381267, 60.306455012221157 ], [ 5.247110002221783, 60.306520923470728 ], [ 5.246987891838912, 60.306591619908197 ], [ 5.246876906339995, 60.306666695688449 ], [ 5.246777681891699, 60.306745721230484 ], [ 5.246690786886004, 60.306828243836932 ], [ 5.24661671757296, 60.306913790083911 ], [ 5.246555900027895, 60.307001871393858 ], [ 5.246508681498214, 60.307091982489247 ], [ 5.246475334153241, 60.307183607097883 ], [ 5.2464560468822, 60.307276220963359 ], [ 5.246450932158451, 60.307369293258269 ], [ 5.246460019354206, 60.307462290611852 ], [ 5.246483255188894, 60.307554681666723 ], [ 5.246520507825306, 60.307645935573149 ], [ 5.246571562685783, 60.307735529821315 ], [ 5.246636129316546, 60.307822951654913 ], [ 5.246713836752469, 60.307907701346906 ], [ 5.246804239397384, 60.307989290826676 ], [ 5.246906820693492, 60.308067255712835 ], [ 5.24702099373285, 60.308141147217668 ], [ 5.247146103410413, 60.308210543163092 ], [ 5.247281432572566, 60.308275045723271 ], [ 5.247426206301873, 60.308334285361305 ], [ 5.247579597001327, 60.308387922111578 ], [ 5.247740724846867, 60.308435650137078 ], [ 5.247908665721432, 60.308477195604162 ], [ 5.248082459601571, 60.308512319113774 ], [ 5.248261110745195, 60.308540821143701 ], [ 5.248443594642339, 60.308562537136147 ], [ 5.248628866855182, 60.308577344485379 ], [ 5.24881586488504, 60.308585156343895 ], [ 5.249003518796577, 60.308585928741742 ], [ 5.249190752019997, 60.308579657932285 ], [ 5.249376492854689, 60.308566378529953 ], [ 5.24955967849209, 60.30854616833129 ], [ 5.249739258932598, 60.308519141367384 ], [ 5.249914202791864, 60.308485452856758 ], [ 5.250083512637163, 60.30844529672197 ], [ 5.250246215087485, 60.308398902141768 ], [ 5.250401378385202, 60.308346535756371 ], [ 5.250548113995238, 60.308288496357314 ], [ 5.250685583474604, 60.308225116299887 ], [ 5.250812996955955, 60.30815676048524 ], [ 5.250929626511459, 60.308083818303125 ], [ 5.251034802505652, 60.30800670969311 ], [ 5.251127922406193, 60.307925874036222 ], [ 5.251208452486294, 60.307841776612612 ], [ 5.251275934584624, 60.307754898246074 ], [ 5.251329980486378, 60.307665735791737 ], [ 5.251370279587418, 60.307574800894194 ], [ 5.251396602538214, 60.307482613924542 ], [ 5.251408797673754, 60.307389703715671 ], [ 5.251406796440611, 60.307296601631904 ], [ 5.251390609560281, 60.307203842189402 ], [ 5.251360329421395, 60.307111955091926 ], [ 5.25131613132737, 60.307021467132856 ], [ 5.251258267689931, 60.306932897242511 ], [ 5.251187069357059, 60.306846752063819 ], [ 5.251102944092572, 60.306763524935924 ], [ 5.251006375322569, 60.30668369399266 ], [ 5.250897915345217, 60.30660771442372 ] ] ] } },
{ "type": "Feature", "properties": { "OBJECTID": 76.0, "forbudsomr": "Restrictions", "typeforbud": "Alle sensorer. (Inkludert foto/video).", "navn": "Brandset", "refnr": "0014", "GlobalID": "15f3a5c1-2d88-40f9-8d87-29e793a5b375", "Shape__Are": 356819.35250854492, "Shape__Len": 2397.6820708307387 }, "geometry": { "type": "Polygon", "coordinates": [ [ [ 6.709073370290072, 60.776725716641828 ], [ 6.696080388093476, 60.77691960408891 ], [ 6.698540661520429, 60.780628392223953 ], [ 6.702598540537526, 60.781824439549091 ], [ 6.71083574039769, 60.781510326088608 ], [ 6.709073370290072, 60.776725716641828 ] ] ] } },
{ "type": "Feature", "properties": { "OBJECTID": 78.0, "forbudsomr": "Restrictions", "typeforbud": "Alle sensorer. (Inkludert foto/video).", "navn": "Tvildeåsen", "refnr": "0212", "GlobalID": "febad994-9d16-4c4c-90ac-27c55434611e", "Shape__Are": 415506.66613769531, "Shape__Len": 2749.3431342887916 }, "geometry": { "type": "Polygon", "coordinates": [ [ [ 6.441471754732122, 60.642398337079243 ], [ 6.443319767595906, 60.644094590204084 ], [ 6.44663664287809, 60.644482895382879 ], [ 6.450629156382585, 60.644073824405709 ], [ 6.451160916044537, 60.641590964865202 ], [ 6.450086562880115, 60.636407792647546 ], [ 6.44621556018601, 60.635521453696143 ], [ 6.444881462693643, 60.63555850258345 ], [ 6.441932797794941, 60.636266131630691 ], [ 6.442467888041461, 60.637008547191009 ], [ 6.444590063708138, 60.638143392069601 ], [ 6.444012612520682, 60.638522274460982 ], [ 6.442532138329941, 60.639615107153048 ], [ 6.441471754732122, 60.642398337079243 ] ] ] } },
{ "type": "Feature", "properties": { "OBJECTID": 79.0, "forbudsomr": "Restrictions", "typeforbud": "Alle sensorer. (Inkludert foto/video).", "navn": "Visterøy Fort/Korsnes", "refnr": "0225", "GlobalID": "7c96abe0-47ca-4dfb-befb-267ff2b4dd0b", "Shape__Are": 2032320.2418823242, "Shape__Len": 5469.1882532529653 }, "geometry": { "type": "Polygon", "coordinates": [ [ [ 5.266635878075476, 60.218068738601424 ], [ 5.269232665655987, 60.217097513285871 ], [ 5.270905133723435, 60.213141304970243 ], [ 5.272521447620989, 60.209860157702821 ], [ 5.273030684918056, 60.207112088128085 ], [ 5.27250893694696, 60.204630852967597 ], [ 5.267727991549622, 60.202256656085922 ], [ 5.258162337608836, 60.204229766315819 ], [ 5.256731971612038, 60.205418921434507 ], [ 5.249092547828724, 60.206373088858442 ], [ 5.246839549722881, 60.207096587605342 ], [ 5.243137843460167, 60.210026360681141 ], [ 5.246983941495278, 60.2137614038 ], [ 5.249797831889222, 60.216812232114115 ], [ 5.266635878075476, 60.218068738601424 ] ] ] } },
{ "type": "Feature", "properties": { "OBJECTID": 81.0, "forbudsomr": "Restrictions", "typeforbud": "Alle sensorer. (Inkludert foto/video).", "navn": "Heia", "refnr": "0056", "GlobalID": "e6da1c9f-519e-474c-a187-3ec2dfc95b86", "Shape__Are": 472468.39990234375, "Shape__Len": 2436.847179800563 }, "geometry": { "type": "Polygon", "coordinates": [ [ [ 5.058271112106709, 61.997139968806138 ], [ 5.058129223029411, 61.996998013567442 ], [ 5.057973837996611, 61.996859217965522 ], [ 5.057805276025562, 61.996723864998657 ], [ 5.057623879125073, 61.996592232094336 ], [ 5.057430020979667, 61.996464588120283 ], [ 5.057224095375487, 61.996341193448224 ], [ 5.057006524011789, 61.996222299617408 ], [ 5.056777750568261, 61.996108149808947 ], [ 5.0565382428759, 61.99599897809901 ], [ 5.05628849220061, 61.995895005785748 ], [ 5.056029005856099, 61.99579644628443 ], [ 5.055760314300063, 61.995703501117639 ], [ 5.055482969545445, 61.995616358894928 ], [ 5.055197534304342, 61.995535199049762 ], [ 5.054904593427674, 61.995460186335251 ], [ 5.054604744929723, 61.995391474698074 ], [ 5.054298601153768, 61.995329203742251 ], [ 5.053986786310937, 61.995273500361108 ], [ 5.05366993995127, 61.995224479895604 ], [ 5.053348707139399, 61.995182240892696 ], [ 5.053023744230825, 61.995146870958095 ], [ 5.052695715270985, 61.995118440156922 ], [ 5.052365289377181, 61.995097008971356 ], [ 5.052033143361029, 61.995082620343531 ], [ 5.05169995304534, 61.995075302664553 ], [ 5.051366400204894, 61.995075072090899 ], [ 5.051033166212663, 61.995081928459953 ], [ 5.050700931168786, 61.995095857942644 ], [ 5.050370374193926, 61.995116832159283 ], [ 5.050042169671411, 61.995144807905639 ], [ 5.049716988547295, 61.995179729058123 ], [ 5.049395493565625, 61.995221523510189 ], [ 5.049078342448706, 61.995270105214537 ], [ 5.048766181384789, 61.995325376424368 ], [ 5.048459650537946, 61.995387222662075 ], [ 5.048159374199143, 61.995455519244324 ], [ 5.047865966295862, 61.995530126250728 ], [ 5.047580027931017, 61.99561089015463 ], [ 5.047302138407009, 61.995697647695721 ], [ 5.047032868838569, 61.995790219628041 ], [ 5.0467727679595, 61.995888418739185 ], [ 5.046522367923087, 61.995992043934706 ], [ 5.046282181257213, 61.996100883637141 ], [ 5.046052695224055, 61.996214715374521 ], [ 5.04583438122149, 61.996333306464727 ], [ 5.045627686970823, 61.996456414351179 ], [ 5.045433030001564, 61.996583788843601 ], [ 5.045250812269718, 61.996715168655768 ], [ 5.045081403366744, 61.996850285613888 ], [ 5.044925150211485, 61.996988864456782 ], [ 5.044782373871211, 61.997130620793229 ], [ 5.044653363760185, 61.99727526701632 ], [ 5.044538383729866, 61.997422505503984 ], [ 5.044437671325113, 61.997572036712739 ], [ 5.044351431426825, 61.997723555092705 ], [ 5.044279839427698, 61.997876751129596 ], [ 5.044223040939002, 61.998031312228463 ], [ 5.044181155840378, 61.998186922103372 ], [ 5.044154266121459, 61.998343262607357 ], [ 5.044142429041912, 61.998500014691537 ], [ 5.044145667727363, 61.998656857719766 ], [ 5.044163977814207, 61.998813472669049 ], [ 5.044197319210998, 61.998969537907882 ], [ 5.044245627510273, 61.999124735460235 ], [ 5.044308801406219, 61.999278748278151 ], [ 5.044386711802922, 61.999431261811154 ], [ 5.044479203984077, 61.999581963259274 ], [ 5.044586084288078, 61.999730546940128 ], [ 5.044707135891992, 61.999876707291065 ], [ 5.044842112717201, 62.000020145668479 ], [ 5.044990739136153, 62.000160571232399 ], [ 5.045152712010784, 62.000297694757819 ], [ 5.045327698067906, 62.000431236592426 ], [ 5.045515342294282, 62.00056092455263 ], [ 5.045715260704879, 62.000686492491973 ], [ 5.045927046406728, 62.000807685270232 ], [ 5.046150265122384, 62.000924254806449 ], [ 5.046384460248007, 62.001035962258712 ], [ 5.046629154150754, 62.001142579930153 ], [ 5.046883846870905, 62.001243889363977 ], [ 5.047148019300322, 62.001339683386533 ], [ 5.04742113071929, 62.001429767739069 ], [ 5.047702622134621, 62.001513956794511 ], [ 5.047991919882349, 62.001592080158154 ], [ 5.048288432026538, 62.001663976068031 ], [ 5.048591553551836, 62.001729499016612 ], [ 5.048900662471119, 62.001788514035489 ], [ 5.049215131534449, 62.001840902075337 ], [ 5.049534314642553, 62.0018865544899 ], [ 5.049857560145488, 62.001925379436955 ], [ 5.050184206950713, 62.001957296162921 ], [ 5.050513590299643, 62.001982240855831 ], [ 5.050845034114608, 62.002000160656017 ], [ 5.051177862126265, 62.002011020803984 ], [ 5.051511396153825, 62.002014798177612 ], [ 5.051844950889624, 62.00201148543924 ], [ 5.052177846059146, 62.002001089204839 ], [ 5.05250940266207, 62.001983629770145 ], [ 5.052838939929184, 62.001959144510359 ], [ 5.053165788647092, 62.001927682512566 ], [ 5.053489278420584, 62.001889308174754 ], [ 5.053808747951706, 62.001844099237822 ], [ 5.054123546048928, 62.001792149574754 ], [ 5.054433027443348, 62.001733564358751 ], [ 5.054736561320091, 62.001668463399966 ], [ 5.055033525969451, 62.001596979850248 ], [ 5.055323316311108, 62.00151926075042 ], [ 5.055605337537624, 62.00143546294543 ], [ 5.055879016824404, 62.001345758463174 ], [ 5.056143792920547, 62.001250331039969 ], [ 5.056399123963338, 62.001149375783619 ], [ 5.056644489650759, 62.001043098425306 ], [ 5.05687938877903, 62.000931716950817 ], [ 5.057103340407459, 62.000815458063116 ], [ 5.057315888918001, 62.000694559360738 ], [ 5.057516598664533, 62.000569268042462 ], [ 5.057705059614222, 62.000439841317387 ], [ 5.057880886921811, 62.000306541846612 ], [ 5.058043721353917, 62.000169642300428 ], [ 5.058193231750946, 62.000029423726218 ], [ 5.058329110548356, 61.999886171600856 ], [ 5.058451082595965, 61.999740178282671 ], [ 5.058558897343228, 61.999591743347878 ], [ 5.058652336225442, 61.999441168695604 ], [ 5.058731205274031, 61.999288763442031 ], [ 5.058795348725997, 61.999134837667683 ], [ 5.058844630351096, 61.998979706490651 ], [ 5.058878952120261, 61.998823685992811 ], [ 5.058898245517364, 61.998667096208976 ], [ 5.058902469230889, 61.998510256432183 ], [ 5.058891616382589, 61.998353486645044 ], [ 5.058865708592631, 61.998197107993505 ], [ 5.058824796850215, 61.998041440134088 ], [ 5.058768969905992, 61.997886799128928 ], [ 5.05869833877864, 61.997733503561399 ], [ 5.058613047766395, 61.997581864473375 ], [ 5.058513272116681, 61.997432192438936 ], [ 5.058399215427304, 61.997284793754226 ], [ 5.058271112106709, 61.997139968806138 ] ] ] } },
{ "type": "Feature", "properties": { "OBJECTID": 82.0, "forbudsomr": "Restrictions", "typeforbud": "Alle sensorer. (Inkludert foto/video).", "navn": "Gossen Syd", "refnr": "0042", "GlobalID": "fb44e071-45a5-4d77-b434-05fd448c18cc", "Shape__Are": 189464.10052490234, "Shape__Len": 1543.2148359874429 }, "geometry": { "type": "Polygon", "coordinates": [ [ [ 6.905221607769997, 62.784709032744722 ], [ 6.90508612265544, 62.784601066362555 ], [ 6.904937517073078, 62.78449678436759 ], [ 6.904776271080216, 62.784396518776923 ], [ 6.904602897004791, 62.784300591740106 ], [ 6.904417950863601, 62.784209309881533 ], [ 6.904222027744849, 62.784122966742153 ], [ 6.904015753333637, 62.784041837775241 ], [ 6.903799787056246, 62.78396618323746 ], [ 6.903574824757046, 62.783896245636512 ], [ 6.903341583422791, 62.783832247943714 ], [ 6.903100810148465, 62.783774396822579 ], [ 6.902853278036248, 62.783722876072119 ], [ 6.902599779149138, 62.783677850733099 ], [ 6.902341124758569, 62.783639466200007 ], [ 6.902078144388159, 62.783607844554787 ], [ 6.901811679013799, 62.783583087784358 ], [ 6.901542582293755, 62.783565273338013 ], [ 6.901271716912727, 62.783554460235571 ], [ 6.900999950482899, 62.783550682510018 ], [ 6.900728150684495, 62.783553952537176 ], [ 6.900457191826082, 62.783564258707372 ], [ 6.900187940038694, 62.783581569081342 ], [ 6.899921256446832, 62.783605827059489 ], [ 6.899657995698193, 62.783636956713423 ], [ 6.8993990016194, 62.783674857116701 ], [ 6.89914510380517, 62.783719407563652 ], [ 6.898897114477363, 62.783770464678298 ], [ 6.898655829690705, 62.783827865192094 ], [ 6.898422019634106, 62.783891425381114 ], [ 6.898196434452966, 62.78396094140291 ], [ 6.897979797939168, 62.784036190735641 ], [ 6.897772801465942, 62.784116932728516 ], [ 6.897576109809544, 62.784202908938674 ], [ 6.897390351448739, 62.784293842567969 ], [ 6.897216124852213, 62.784389444243757 ], [ 6.897053984184801, 62.784489406675306 ], [ 6.896904451660392, 62.784593409883534 ], [ 6.896768003713952, 62.784701121301346 ], [ 6.896645080947091, 62.784812195446847 ], [ 6.896536073808016, 62.784926275801062 ], [ 6.896441333494221, 62.785042998148029 ], [ 6.896361162740469, 62.785161988234627 ], [ 6.896295820900334, 62.785282864773144 ], [ 6.896245513750858, 62.785405240655777 ], [ 6.896210404885875, 62.785528724517697 ], [ 6.896190606257366, 62.785652919285653 ], [ 6.896186182273573, 62.785777428735393 ], [ 6.896197146897998, 62.785901853712211 ], [ 6.896223465095205, 62.786025794020446 ], [ 6.896265052802546, 62.786148855644853 ], [ 6.896321775503261, 62.786270641639618 ], [ 6.896393455222486, 62.786390762465814 ], [ 6.896479859128067, 62.786508834427757 ], [ 6.896580713601622, 62.786624478683855 ], [ 6.896695691365337, 62.786737325014926 ], [ 6.896824427493866, 62.786847010947433 ], [ 6.896966510422474, 62.786953185747052 ], [ 6.897121482190732, 62.787055509530582 ], [ 6.897288850083448, 62.787153653941665 ], [ 6.897468074004297, 62.787247305030711 ], [ 6.897658582735219, 62.787336161489918 ], [ 6.897859766149375, 62.787419941425114 ], [ 6.898070977667578, 62.787498373470648 ], [ 6.89829154101259, 62.787571208015684 ], [ 6.898520751929461, 62.787638210984724 ], [ 6.89875787307706, 62.787699168056335 ], [ 6.899002148103865, 62.787753883674014 ], [ 6.899252791210225, 62.78780218315022 ], [ 6.899509001470288, 62.787843910788581 ], [ 6.899769956030276, 62.787878933101318 ], [ 6.900034821999192, 62.787907138596111 ], [ 6.900302746994684, 62.787928436325402 ], [ 6.90057287611884, 62.787942758676301 ], [ 6.900844340809447, 62.787950058918895 ], [ 6.901116273875558, 62.78795031388325 ], [ 6.901387801984383, 62.787943522621219 ], [ 6.901658055366705, 62.787929706968711 ], [ 6.901926169760522, 62.787908911658086 ], [ 6.902191284719223, 62.787881203317028 ], [ 6.902452551621987, 62.787846670029616 ], [ 6.902709133185558, 62.78780542311307 ], [ 6.902960206389629, 62.787757593675565 ], [ 6.903204969259055, 62.787703336620048 ], [ 6.903442634577464, 62.787642824862111 ], [ 6.903672442981371, 62.787576251894073 ], [ 6.903893657140736, 62.787503831446735 ], [ 6.904105568318089, 62.787425795160495 ], [ 6.90430749806473, 62.787342393585526 ], [ 6.90449880089831, 62.787253893627728 ], [ 6.904678860176973, 62.787160579211822 ], [ 6.90484710460481, 62.787062748625488 ], [ 6.905002990031196, 62.786960716172736 ], [ 6.905146020327328, 62.786854807965646 ], [ 6.905275737192068, 62.786745363138969 ], [ 6.905391724277099, 62.786632733185428 ], [ 6.905493610107348, 62.786517278513251 ], [ 6.905581069774058, 62.786399369446535 ], [ 6.905653820093189, 62.786279382333035 ], [ 6.905711632449409, 62.786157702996384 ], [ 6.905754318742945, 62.786034720504759 ], [ 6.90578174253821, 62.785910829622182 ], [ 6.905793818592908, 62.785786425364208 ], [ 6.905790507501903, 62.785661908104487 ], [ 6.905771817657309, 62.785537676466014 ], [ 6.90573781106641, 62.785414127658036 ], [ 6.905688597282191, 62.785291658027639 ], [ 6.905624334381788, 62.78517065950544 ], [ 6.905545227023255, 62.785051519493379 ], [ 6.905451528383121, 62.784934620977459 ], [ 6.905343539931202, 62.784820336195345 ], [ 6.905221607769997, 62.784709032744722 ] ] ] } },
{ "type": "Feature", "properties": { "OBJECTID": 83.0, "forbudsomr": "Restrictions", "typeforbud": "Alle sensorer. (Inkludert foto/video).", "navn": "Gossen Vest", "refnr": "0043", "GlobalID": "a94f9dfb-5eea-45f8-9637-64912c390180", "Shape__Are": 647018.44689941406, "Shape__Len": 3173.1933691884769 }, "geometry": { "type": "Polygon", "coordinates": [ [ [ 6.781711980607541, 62.843910510442043 ], [ 6.782153500147058, 62.845733138248697 ], [ 6.792195736658727, 62.847136170443783 ], [ 6.798423091519039, 62.845471489106757 ], [ 6.804800992406066, 62.841487974205883 ], [ 6.79355076813041, 62.838538076302505 ], [ 6.781711980607541, 62.843910510442043 ] ] ] } },
{ "type": "Feature", "properties": { "OBJECTID": 85.0, "forbudsomr": "Restrictions", "typeforbud": "Alle sensorer. (Inkludert foto/video).", "navn": "Bringen", "refnr": "0017", "GlobalID": "781f104c-d245-4964-b45b-bb607c25b9c4", "Shape__Are": 580875.78112792969, "Shape__Len": 3148.7306587755756 }, "geometry": { "type": "Polygon", "coordinates": [ [ [ 11.152996928728394, 63.066988974646165 ], [ 11.151689060821747, 63.061465897524876 ], [ 11.13440528765619, 63.061226697206898 ], [ 11.130302236149559, 63.06402103847725 ], [ 11.132301531333045, 63.065840888100794 ], [ 11.152996928728394, 63.066988974646165 ] ] ] } },
{ "type": "Feature", "properties": { "OBJECTID": 86.0, "forbudsomr": "Restrictions", "typeforbud": "Alle sensorer. (Inkludert foto/video).", "navn": "Botngård", "refnr": "0013", "GlobalID": "f96d72f5-e736-4dab-b6f3-b15b6a9ab44a", "Shape__Are": 87475.658081054688, "Shape__Len": 1198.8832594400176 }, "geometry": { "type": "Polygon", "coordinates": [ [ [ 9.80966501238888, 63.758267255525503 ], [ 9.80955735557033, 63.758663413253842 ], [ 9.81083291462128, 63.758887136918268 ], [ 9.812690663933427, 63.758821167177736 ], [ 9.815893055480064, 63.757345979528189 ], [ 9.816755032534202, 63.756611283281828 ], [ 9.816167789244668, 63.755465519100312 ], [ 9.813946384108631, 63.755010837884718 ], [ 9.812266555461001, 63.755972930154101 ], [ 9.810801084118587, 63.757123753404791 ], [ 9.80966501238888, 63.758267255525503 ] ] ] } },
{ "type": "Feature", "properties": { "OBJECTID": 87.0, "forbudsomr": "Restrictions", "typeforbud": "Alle sensorer. (Inkludert foto/video).", "navn": "Kalvå", "refnr": "0087", "GlobalID": "0705b43e-f694-4032-bf69-da2813561bb2", "Shape__Are": 427315.65063476562, "Shape__Len": 2939.6034586881701 }, "geometry": { "type": "Polygon", "coordinates": [ [ [ 9.783962887914337, 63.729039475319837 ], [ 9.782068951925419, 63.73119089411751 ], [ 9.782138832710919, 63.731193212466437 ], [ 9.783617264959501, 63.732425695972765 ], [ 9.786575313636586, 63.732804061823217 ], [ 9.790110735788604, 63.731426339794439 ], [ 9.793044158235988, 63.729032042062919 ], [ 9.794824649341416, 63.727222400382253 ], [ 9.796060823644707, 63.725723149571898 ], [ 9.797944439107695, 63.723727422451233 ], [ 9.795047005311771, 63.722553540876007 ], [ 9.791738369757004, 63.722509334850734 ], [ 9.788926487685359, 63.724222489135364 ], [ 9.788239888764977, 63.72564324786768 ], [ 9.787702193565494, 63.726559465803469 ], [ 9.785872376636805, 63.727942323096734 ], [ 9.783962887914337, 63.729039475319837 ] ] ] } },
{ "type": "Feature", "properties": { "OBJECTID": 89.0, "forbudsomr": "Restrictions", "typeforbud": "Alle sensorer. (Inkludert foto/video).", "navn": "Gråkallen", "refnr": "0045", "GlobalID": "09414983-caa7-430f-bd11-0e350a02ab6d", "Shape__Are": 282708.12182617188, "Shape__Len": 1885.0465468053951 }, "geometry": { "type": "Polygon", "coordinates": [ [ [ 10.255472207027223, 63.418833862469384 ], [ 10.255230131640094, 63.418747617585218 ], [ 10.254978469042582, 63.418667070766091 ], [ 10.254717888237609, 63.418592435773014 ], [ 10.254449079130691, 63.41852390907956 ], [ 10.254172754082742, 63.418461672622094 ], [ 10.253889646063612, 63.418405892839509 ], [ 10.25360050725055, 63.418356717029958 ], [ 10.253306102893866, 63.41831427404631 ], [ 10.25300721272234, 63.418278677940847 ], [ 10.252704631686751, 63.418250023493563 ], [ 10.252399158134345, 63.418228384919658 ], [ 10.252091604898569, 63.418213821634758 ], [ 10.251782786515463, 63.418206370634977 ], [ 10.251473522329256, 63.4182060519963 ], [ 10.251164630803691, 63.418212866886705 ], [ 10.25085693166945, 63.418226796738061 ], [ 10.250551239494122, 63.418247805730019 ], [ 10.250248366274471, 63.418275837278792 ], [ 10.249949114857962, 63.418310817415218 ], [ 10.249654279242234, 63.418352652995608 ], [ 10.249364638292914, 63.418401233290936 ], [ 10.249080961882695, 63.418456429291474 ], [ 10.248804002612721, 63.418518095229182 ], [ 10.248534494115333, 63.418586066722078 ], [ 10.248273150314146, 63.418660165245534 ], [ 10.248020666315911, 63.418740192765561 ], [ 10.247777707392821, 63.418825937666256 ], [ 10.247544921553652, 63.418917171570754 ], [ 10.247322924533087, 63.419013655135693 ], [ 10.247112307116122, 63.419115130200687 ], [ 10.246913623673606, 63.419221328398869 ], [ 10.246727404583927, 63.419331968872157 ], [ 10.246554142408209, 63.419446756910666 ], [ 10.246394296987274, 63.419565389517807 ], [ 10.246248292042024, 63.419687551699198 ], [ 10.246116516722934, 63.419812919211566 ], [ 10.245999317475313, 63.419941159190614 ], [ 10.245897007572802, 63.42007193316617 ], [ 10.245809855732103, 63.420204893085078 ], [ 10.245738097196899, 63.420339687076158 ], [ 10.245681920058994, 63.420475957195343 ], [ 10.24564147479108, 63.420613342441229 ], [ 10.245616866407621, 63.420751477594244 ], [ 10.245608161704318, 63.420889997954504 ], [ 10.245615385856674, 63.421028535631073 ], [ 10.245638517830473, 63.421166722986406 ], [ 10.245677496367476, 63.421304192835926 ], [ 10.245732219388433, 63.421440582025646 ], [ 10.245802542587837, 63.421575527788235 ], [ 10.245888276543795, 63.421708673043078 ], [ 10.245989199138441, 63.421839664112404 ], [ 10.24610503699477, 63.421968153700647 ], [ 10.246235487433465, 63.422093801626431 ], [ 10.246380204645028, 63.422216273463171 ], [ 10.246538802789525, 63.422335246038685 ], [ 10.246710862874599, 63.42245040226922 ], [ 10.246895927722056, 63.422561437287591 ], [ 10.247093506256251, 63.422668056788069 ], [ 10.247303077347441, 63.422769978054475 ], [ 10.247524081677243, 63.42286693058918 ], [ 10.247755935712886, 63.422958656579233 ], [ 10.247998023127991, 63.423044914208816 ], [ 10.24824970353059, 63.423125473453709 ], [ 10.248510307580382, 63.42320012131551 ], [ 10.248779145420544, 63.423268659404918 ], [ 10.24905550438571, 63.423330905664841 ], [ 10.249338650851511, 63.423386695331672 ], [ 10.249627832232758, 63.423435881002547 ], [ 10.24992228327147, 63.42347833104634 ], [ 10.250221223300855, 63.423513934009662 ], [ 10.250523856841205, 63.423542595039791 ], [ 10.250829385432723, 63.423564237178077 ], [ 10.251136995066338, 63.42357880453919 ], [ 10.251445871051667, 63.423586257410136 ], [ 10.251755193285463, 63.423586576589408 ], [ 10.252064142688928, 63.423579760903372 ], [ 10.252371899066015, 63.423565828034207 ], [ 10.252677646947497, 63.423544815613511 ], [ 10.25298057374588, 63.423516780261409 ], [ 10.253279876340718, 63.423481794208129 ], [ 10.253574760043522, 63.423439951554457 ], [ 10.253864445479424, 63.423391363104308 ], [ 10.254148162303833, 63.423336157953976 ], [ 10.254425157487036, 63.423274481968477 ], [ 10.254694697164505, 63.423206498741855 ], [ 10.254956066638794, 63.423132389596795 ], [ 10.255208570974068, 63.423052350006309 ], [ 10.255451544534857, 63.422966592608454 ], [ 10.25568433930512, 63.422875345018333 ], [ 10.255906339012062, 63.422778849397993 ], [ 10.256116953285552, 63.422677361362062 ], [ 10.256315627788414, 63.422571149414608 ], [ 10.256501831793425, 63.422460497233381 ], [ 10.256675073491031, 63.422345696084236 ], [ 10.256834892665964, 63.422227052670813 ], [ 10.256980866318571, 63.422104879428339 ], [ 10.257112605481918, 63.421979501611908 ], [ 10.257229764242526, 63.421851251300332 ], [ 10.257332029312334, 63.421720469747257 ], [ 10.257419132893355, 63.421587502412173 ], [ 10.257490840104843, 63.421452702139661 ], [ 10.257546963399392, 63.42131642694013 ], [ 10.257587352874877, 63.421179037868946 ], [ 10.257611904256798, 63.421040899291661 ], [ 10.257620551058316, 63.420902377723849 ], [ 10.25761326871795, 63.420763841069416 ], [ 10.257590079181474, 63.420625655175549 ], [ 10.257551044317605, 63.420488187211362 ], [ 10.257496266359341, 63.420351802984669 ], [ 10.257425890785894, 63.420216861642075 ], [ 10.257340106982991, 63.420083723785254 ], [ 10.257239138188259, 63.419952739445769 ], [ 10.257123257825272, 63.419824258521189 ], [ 10.25699276902397, 63.419698621101325 ], [ 10.256848018443776, 63.419576158827702 ], [ 10.256689391686622, 63.419457198339089 ], [ 10.256517308491675, 63.419342053917482 ], [ 10.256332226281794, 63.419231030304843 ], [ 10.256134636021859, 63.419124423465256 ], [ 10.255925059114354, 63.419022515086503 ], [ 10.255704054790769, 63.418925576423796 ], [ 10.255472207027223, 63.418833862469384 ] ] ] } },
{ "type": "Feature", "properties": { "OBJECTID": 90.0, "forbudsomr": "Restrictions", "typeforbud": "Alle sensorer. (Inkludert foto/video).", "navn": "Ørland flystasjon", "refnr": "0231", "GlobalID": "6fbc93d5-0e27-4355-8164-9a5c0acf7037", "Shape__Are": 8669435.3791503906, "Shape__Len": 13064.175861177619 }, "geometry": { "type": "Polygon", "coordinates": [ [ [ 9.616152091387647, 63.68365804733601 ], [ 9.615242583151849, 63.684056697688256 ], [ 9.573951830521239, 63.720535028694286 ], [ 9.583389488836549, 63.72101083722292 ], [ 9.593041913866271, 63.723723753829631 ], [ 9.599890377605348, 63.72564857086175 ], [ 9.604764284468159, 63.725010476291978 ], [ 9.607389355633904, 63.722874863748139 ], [ 9.620886819093894, 63.718022754303561 ], [ 9.62649450389401, 63.715963084934749 ], [ 9.627180944556985, 63.715586258465059 ], [ 9.628943679520223, 63.711492212278223 ], [ 9.629330402496828, 63.709272426003182 ], [ 9.630078467432368, 63.708625978061569 ], [ 9.631948205871074, 63.707432589332193 ], [ 9.632983940338079, 63.70681766092563 ], [ 9.63451556245087, 63.705215953046192 ], [ 9.638370817235174, 63.70089221403876 ], [ 9.63931977817326, 63.698645220748773 ], [ 9.639717527279419, 63.696998789318592 ], [ 9.640443666396155, 63.696354654013803 ], [ 9.642726203829184, 63.695340510451281 ], [ 9.644328750472484, 63.695065328397163 ], [ 9.64773017878961, 63.694551615243405 ], [ 9.648490078245947, 63.694067633839126 ], [ 9.649512700013705, 63.693427224954952 ], [ 9.651444872222019, 63.691771681871565 ], [ 9.653187050642433, 63.690913156786031 ], [ 9.651493119860051, 63.690390682231815 ], [ 9.643497493837868, 63.688034691648667 ], [ 9.636646491338286, 63.686190513749608 ], [ 9.631056386477459, 63.685157529342902 ], [ 9.616152091387647, 63.68365804733601 ] ] ] } },
{ "type": "Feature", "properties": { "OBJECTID": 91.0, "forbudsomr": "Restrictions", "typeforbud": "Alle sensorer. (Inkludert foto/video).", "navn": "Lørbern/Lerberen", "refnr": "0107", "GlobalID": "1a448744-516b-40ca-aed7-5059a4c27899", "Shape__Are": 319333.50048828125, "Shape__Len": 2065.62025651256 }, "geometry": { "type": "Polygon", "coordinates": [ [ [ 9.667981474468307, 63.721174583224332 ], [ 9.668369851989359, 63.721183825600242 ], [ 9.668758181544135, 63.721187408034979 ], [ 9.669145520766079, 63.721185321676082 ], [ 9.669526845876376, 63.721177685246822 ], [ 9.669909432516121, 63.721164351116634 ], [ 9.670288238965705, 63.721145404058895 ], [ 9.670662349038116, 63.721120890219325 ], [ 9.671026970596094, 63.721091217730041 ], [ 9.67138905640471, 63.721055820225502 ], [ 9.671743780104206, 63.721015072181785 ], [ 9.672090282299539, 63.720969074070965 ], [ 9.672424182136131, 63.720918507581871 ], [ 9.672751852132734, 63.720862406872122 ], [ 9.67306885991675, 63.720801425628572 ], [ 9.673374432820941, 63.720735710749672 ], [ 9.67366478039234, 63.720666193502751 ], [ 9.673945439883433, 63.720591547714648 ], [ 9.674212544804524, 63.720512677537577 ], [ 9.674465448372356, 63.720429773234216 ], [ 9.674701083439894, 63.720343978257297 ], [ 9.674814471541179, 63.720299257276537 ], [ 9.674923945524824, 63.720253656949701 ], [ 9.675029437358978, 63.720207204458369 ], [ 9.675130884723069, 63.720159928995123 ], [ 9.675228223450992, 63.7201118587842 ], [ 9.675321397440252, 63.720063022348384 ], [ 9.675410346221934, 63.72001344984799 ], [ 9.675493263805894, 63.719964248625438 ], [ 9.675573704054981, 63.719913308042308 ], [ 9.675649767930576, 63.719861722994168 ], [ 9.67572141126176, 63.719809523344196 ], [ 9.675788589542028, 63.719756740742312 ], [ 9.675851262128647, 63.719703407881127 ], [ 9.675909390563957, 63.719649556633968 ], [ 9.675962942269427, 63.719595219991291 ], [ 9.67601088891781, 63.719541600691933 ], [ 9.676055289367735, 63.719486400429695 ], [ 9.67609502157238, 63.719430813071533 ], [ 9.676130063034261, 63.719374871979774 ], [ 9.676160393103697, 63.719318611484439 ], [ 9.676185990963289, 63.719262066808724 ], [ 9.676206844531686, 63.719205269899739 ], [ 9.676222940886031, 63.71914825717203 ], [ 9.676234076544555, 63.719092280813058 ], [ 9.676240730054463, 63.719034941679055 ], [ 9.676242605222679, 63.71897748852215 ], [ 9.676239701557117, 63.718919956415867 ], [ 9.676232018565791, 63.718862380433166 ], [ 9.676219561803071, 63.718804795870554 ], [ 9.676202339007101, 63.718747237205129 ], [ 9.676180361946729, 63.718689739062881 ], [ 9.676154260530176, 63.718633557506358 ], [ 9.676122916224431, 63.718576281914089 ], [ 9.676086863035724, 63.718519171093511 ], [ 9.676046124992476, 63.718462259223138 ], [ 9.676000728137925, 63.718405580555817 ], [ 9.675950696330945, 63.718349170162732 ], [ 9.675896061996484, 63.718293060732755 ], [ 9.675836859237331, 63.718237286816006 ], [ 9.6757745242925, 63.718183057863968 ], [ 9.675706386416165, 63.718128047910419 ], [ 9.675633795183602, 63.718073473992305 ], [ 9.675556791076815, 63.718019369095252 ], [ 9.67547542482199, 63.717965765684326 ], [ 9.675389743281794, 63.717912695181347 ], [ 9.675299798858545, 63.717860191912678 ], [ 9.675109475446478, 63.717758093626657 ], [ 9.674900824004578, 63.717657522229082 ], [ 9.674676306582127, 63.717559833096004 ], [ 9.674436471329456, 63.717465262417079 ], [ 9.674184677608363, 63.71737499098311 ], [ 9.673916125826986, 63.717287296782409 ], [ 9.673634092503448, 63.717203380027001 ], [ 9.673339265601205, 63.717123445198922 ], [ 9.673035680070486, 63.717048468711305 ], [ 9.67271754597626, 63.716977019335516 ], [ 9.672388836413841, 63.716910099986606 ], [ 9.672050346920027, 63.716847871461113 ], [ 9.671706634565131, 63.716791069538822 ], [ 9.671351145757168, 63.716738610755677 ], [ 9.670988389822925, 63.716691257920147 ], [ 9.670619241843129, 63.716649126217121 ], [ 9.670248612118312, 63.716612681157443 ], [ 9.66986942536213, 63.716581227497493 ], [ 9.669486559756706, 63.716555261058211 ], [ 9.66910094073941, 63.716534844940561 ], [ 9.668717630389423, 63.716520156130308 ], [ 9.668329316677397, 63.716510915263768 ], [ 9.66794105140605, 63.71650733224746 ], [ 9.667553776319261, 63.716509415939512 ], [ 9.667172513907285, 63.716517047703434 ], [ 9.66678999128446, 63.716530375189478 ], [ 9.666411242844587, 63.716549313504309 ], [ 9.666037190239498, 63.716573816810417 ], [ 9.665672624490469, 63.71660347721739 ], [ 9.665310587421196, 63.71663886072286 ], [ 9.664955910350008, 63.716679593331499 ], [ 9.664609450205603, 63.716725574645835 ], [ 9.664275587068239, 63.716776123336906 ], [ 9.663947948852426, 63.716832205036908 ], [ 9.663630969217019, 63.716893166503013 ], [ 9.663325414529528, 63.716958860804809 ], [ 9.663035080975908, 63.717028357322299 ], [ 9.66275442945366, 63.717102981909171 ], [ 9.662487326192, 63.717181830839245 ], [ 9.662234419973036, 63.717264714130465 ], [ 9.661998774107593, 63.717350488602456 ], [ 9.661885376225831, 63.717395199343287 ], [ 9.661775892950988, 63.717440789670299 ], [ 9.661670390321746, 63.717487232351459 ], [ 9.661568932700753, 63.717534498292608 ], [ 9.661471578237496, 63.717582559068475 ], [ 9.661378391128856, 63.717631386478097 ], [ 9.661289423819136, 63.71768095008413 ], [ 9.661206488778419, 63.717730142967625 ], [ 9.661126029411218, 63.717781075349869 ], [ 9.661049945168633, 63.717832652539983 ], [ 9.660978282285669, 63.717884844768513 ], [ 9.660911081290374, 63.717937620253991 ], [ 9.660848382880848, 63.71799094632113 ], [ 9.660790229602819, 63.718044791262663 ], [ 9.660736652080018, 63.7180991220282 ], [ 9.660688679279614, 63.718152736004427 ], [ 9.660644253285231, 63.718207931353525 ], [ 9.660604492738337, 63.718263514191698 ], [ 9.660569422220295, 63.71831945124238 ], [ 9.660539062451436, 63.718375708185221 ], [ 9.660513432306276, 63.718432249730988 ], [ 9.660492547969037, 63.718489044089409 ], [ 9.660476422438197, 63.718546054852183 ], [ 9.660465255913946, 63.718602029714205 ], [ 9.660458568413585, 63.718659368651331 ], [ 9.660456661411613, 63.718716820420902 ], [ 9.660459534971116, 63.718774352631286 ], [ 9.66046718580013, 63.718831929166264 ], [ 9.660479608422415, 63.718889514727998 ], [ 9.660496799208195, 63.718947074986438 ], [ 9.660518744450629, 63.71900457523676 ], [ 9.660544814987109, 63.719060759350427 ], [ 9.660576130097326, 63.719118038128826 ], [ 9.660612150479832, 63.719175152482265 ], [ 9.660652858226731, 63.719232068447916 ], [ 9.660698225352588, 63.719288751688033 ], [ 9.660748227902168, 63.719345168014236 ], [ 9.660802834026772, 63.719401282044672 ], [ 9.660862009185962, 63.719457061896335 ], [ 9.66092431793704, 63.719511297070483 ], [ 9.660992429949985, 63.719566313788555 ], [ 9.661064996291154, 63.719620894866367 ], [ 9.661141976538978, 63.719675007301227 ], [ 9.661223320024698, 63.719728618609473 ], [ 9.661308981955839, 63.719781697425191 ], [ 9.661398905952646, 63.71983420925239 ], [ 9.661589192665492, 63.719936325336427 ], [ 9.661797812326293, 63.720036915743833 ], [ 9.662022301600327, 63.720134624654349 ], [ 9.662262118636168, 63.720229215910358 ], [ 9.662513896324104, 63.72031950799898 ], [ 9.662782442152183, 63.720407223475711 ], [ 9.663064471800967, 63.720491161403288 ], [ 9.663359305385029, 63.720571117393014 ], [ 9.663662899698128, 63.720646114310767 ], [ 9.66398105084885, 63.720717583851602 ], [ 9.664309783478615, 63.720784522607566 ], [ 9.664648303842503, 63.720846769669045 ], [ 9.664992048151422, 63.720903588675291 ], [ 9.66534757644448, 63.720956063517235 ], [ 9.665710378676046, 63.721003431040188 ], [ 9.666079573290649, 63.721045575693438 ], [ 9.66645025498487, 63.721082031953365 ], [ 9.666829497643629, 63.721113495121138 ], [ 9.667212422004154, 63.721139469153997 ], [ 9.667598102060511, 63.721159890877395 ], [ 9.667981474468307, 63.721174583224332 ] ] ] } },
{ "type": "Feature", "properties": { "OBJECTID": 92.0, "forbudsomr": "Restrictions", "typeforbud": "Alle sensorer. (Inkludert foto/video).", "navn": "Garten", "refnr": "0041", "GlobalID": "f4d6cffc-2f51-425b-a188-ba28513a018c", "Shape__Are": 132992.07360839844, "Shape__Len": 1317.6211908983817 }, "geometry": { "type": "Polygon", "coordinates": [ [ [ 9.546852295216743, 63.648608659284221 ], [ 9.54709135412965, 63.648616113275352 ], [ 9.547330586084529, 63.648619754179421 ], [ 9.54756941170089, 63.648619572571249 ], [ 9.547804730865634, 63.64861563238977 ], [ 9.548041030736414, 63.648607857647342 ], [ 9.548275205278408, 63.64859629046294 ], [ 9.548506684492049, 63.648580956879755 ], [ 9.548732502347638, 63.648562118546323 ], [ 9.548956963947687, 63.648539414461297 ], [ 9.549177079427272, 63.648513082871666 ], [ 9.549392316153593, 63.648483187249958 ], [ 9.549599952007789, 63.648450174023665 ], [ 9.549803946935892, 63.648413413479162 ], [ 9.550001544593712, 63.64837333004612 ], [ 9.550192266324906, 63.648330022553466 ], [ 9.550373740750434, 63.648284103760211 ], [ 9.55054942823849, 63.648234699073136 ], [ 9.550716913772117, 63.648182406093547 ], [ 9.550875790649878, 63.64812734978544 ], [ 9.551024128796676, 63.648070291072052 ], [ 9.551164757505155, 63.648010141484896 ], [ 9.551295692840812, 63.647947647299524 ], [ 9.551416620501797, 63.647882958586237 ], [ 9.551526120380418, 63.647816953734129 ], [ 9.551626287634889, 63.647748371483935 ], [ 9.55171564376101, 63.647678078102977 ], [ 9.551793973739519, 63.647606244524958 ], [ 9.551860431252095, 63.647533829424695 ], [ 9.551916286450703, 63.647459450198191 ], [ 9.551960629222808, 63.647384060391836 ], [ 9.551993351910937, 63.647307841307075 ], [ 9.552014214616397, 63.64723179894208 ], [ 9.552023611818246, 63.64715448232031 ], [ 9.552021239818904, 63.647076892310885 ], [ 9.552007100831473, 63.64699921797699 ], [ 9.551981565225544, 63.646922471389004 ], [ 9.551944147544239, 63.646845187031239 ], [ 9.551895152807145, 63.646768379885522 ], [ 9.551834695312673, 63.646692235162639 ], [ 9.551763746799535, 63.646617732873565 ], [ 9.551680952832749, 63.646543451872951 ], [ 9.551587217270939, 63.646470377687656 ], [ 9.551482769177385, 63.64639868818093 ], [ 9.551369134233513, 63.646329293512586 ], [ 9.551244145745624, 63.646260869454878 ], [ 9.551109276559604, 63.646194337655828 ], [ 9.550964848260806, 63.646129857891417 ], [ 9.55081289621741, 63.646068237301179 ], [ 9.550650518805663, 63.646008299204539 ], [ 9.55047969603066, 63.645950864834411 ], [ 9.5503008425072, 63.645896073204554 ], [ 9.550116410810553, 63.645844593433694 ], [ 9.549922884603136, 63.645795445047803 ], [ 9.549722674478549, 63.645749315368775 ], [ 9.549516267174235, 63.645706315559877 ], [ 9.549306445298235, 63.645666956318031 ], [ 9.549089205292013, 63.645630485214092 ], [ 9.548867301680559, 63.645597432577588 ], [ 9.548641271909181, 63.645567877312807 ], [ 9.548414121531707, 63.645542149634743 ], [ 9.548181517573985, 63.645519757251037 ], [ 9.547946447387419, 63.645501051285777 ], [ 9.547709479211086, 63.645486076730869 ], [ 9.547473729074671, 63.645474968250142 ], [ 9.547234696459928, 63.645467515137867 ], [ 9.546995493095499, 63.645463874395816 ], [ 9.546756692075135, 63.645464055219037 ], [ 9.546521401015255, 63.645467994001173 ], [ 9.546285125026793, 63.645475766406754 ], [ 9.546050975469448, 63.645487331473035 ], [ 9.545819520604827, 63.645502660429479 ], [ 9.545593725476156, 63.645521494394181 ], [ 9.545369285420691, 63.645544193423639 ], [ 9.545149189843606, 63.645570519363183 ], [ 9.544933971185005, 63.645600408794976 ], [ 9.544726351229368, 63.645633415424719 ], [ 9.544522370218251, 63.645670168888152 ], [ 9.544324784178956, 63.645710244892676 ], [ 9.544134071655666, 63.645753544681313 ], [ 9.543952603880012, 63.645799455654405 ], [ 9.543776920562424, 63.645848852312987 ], [ 9.543609436594844, 63.645901137216541 ], [ 9.543450558491033, 63.645956186372651 ], [ 9.543302216905134, 63.646013236339492 ], [ 9.543161581985748, 63.646073378172957 ], [ 9.54303063792478, 63.646135864864377 ], [ 9.542909699108353, 63.646200546415756 ], [ 9.542800185907463, 63.646266544577365 ], [ 9.542700003006397, 63.646335120529052 ], [ 9.542610629192048, 63.646405408138875 ], [ 9.542532281665057, 63.646477236605392 ], [ 9.542465801137352, 63.64654964711972 ], [ 9.542409923238298, 63.646624022461886 ], [ 9.542365556508171, 63.646699409098602 ], [ 9.542332808835964, 63.64677562575914 ], [ 9.542311922649873, 63.646851666558696 ], [ 9.54230249714014, 63.646928982225269 ], [ 9.542304842558714, 63.647006572149017 ], [ 9.542318954940304, 63.647084247191408 ], [ 9.542344464451354, 63.647160995255206 ], [ 9.542381856240251, 63.647238281873435 ], [ 9.542430825820905, 63.647315092030539 ], [ 9.542491259138254, 63.647391240486868 ], [ 9.542562184924639, 63.647465747144658 ], [ 9.542644957346859, 63.647540033200833 ], [ 9.542738673006008, 63.64761311303625 ], [ 9.542843105041646, 63.647684808809295 ], [ 9.542956722077074, 63.647754209997721 ], [ 9.543081696648029, 63.647822641136557 ], [ 9.543216554215507, 63.647889180364025 ], [ 9.543360973306536, 63.64795366783256 ], [ 9.543512918700012, 63.648015296242903 ], [ 9.543675291941094, 63.64807524236808 ], [ 9.543846113150304, 63.648132684814236 ], [ 9.544024967727893, 63.648187484489398 ], [ 9.544209403035552, 63.648238972113475 ], [ 9.544402935453702, 63.64828812825305 ], [ 9.544603154303692, 63.648334265426115 ], [ 9.544809572763334, 63.648377272396779 ], [ 9.545019407961746, 63.648416638329266 ], [ 9.545236663614549, 63.648453115731684 ], [ 9.545458584914211, 63.648486174139315 ], [ 9.545684634243997, 63.648515734591996 ], [ 9.545911805626906, 63.648541466779548 ], [ 9.54614443228483, 63.648563863047613 ], [ 9.546379526429472, 63.648582572182491 ], [ 9.546616519417897, 63.648597550055037 ], [ 9.546852295216743, 63.648608659284221 ] ] ] } },
{ "type": "Feature", "properties": { "OBJECTID": 95.0, "forbudsomr": "Restrictions", "typeforbud": "Alle sensorer. (Inkludert foto/video).", "navn": "Djupdalen", "refnr": "0026", "GlobalID": "9d11589e-fdf9-4a11-9ecb-58d969e09562", "Shape__Are": 675369.87744140625, "Shape__Len": 3072.7863914862228 }, "geometry": { "type": "Polygon", "coordinates": [ [ [ 9.583394197317643, 63.708730673063442 ], [ 9.588886935601099, 63.705328349974721 ], [ 9.586782605914008, 63.703459709201361 ], [ 9.582343772573697, 63.702476839815972 ], [ 9.575445179511826, 63.702016816460194 ], [ 9.570747529992298, 63.701798678493013 ], [ 9.567646435584878, 63.703128661075858 ], [ 9.565772070827773, 63.705275252331546 ], [ 9.56956983056762, 63.707065767724721 ], [ 9.570187282087462, 63.70780596564672 ], [ 9.574206378452057, 63.709051110181136 ], [ 9.580001121011295, 63.709417658941163 ], [ 9.583394197317643, 63.708730673063442 ] ] ] } },
{ "type": "Feature", "properties": { "OBJECTID": 96.0, "forbudsomr": "Restrictions", "typeforbud": "Alle sensorer. (Inkludert foto/video).", "navn": "Kopparen", "refnr": "0098", "GlobalID": "202a04a7-68ae-47be-8736-915ee3b5b3e3", "Shape__Are": 224668.0048828125, "Shape__Len": 1680.4653944414154 }, "geometry": { "type": "Polygon", "coordinates": [ [ [ 9.741164740707527, 63.805008425015032 ], [ 9.740952143211087, 63.804917107406773 ], [ 9.740728582249448, 63.804831057575718 ], [ 9.74049472621428, 63.804750532908464 ], [ 9.740251269382409, 63.804675771945064 ], [ 9.739998943379184, 63.804606998397432 ], [ 9.739738495441127, 63.804544417656999 ], [ 9.739470708635009, 63.804488217533603 ], [ 9.739196376244852, 63.804438563721831 ], [ 9.73891632115645, 63.804395605008168 ], [ 9.738631377997951, 63.804359470819684 ], [ 9.738342395832403, 63.804330267723898 ], [ 9.738050235470684, 63.804308082929772 ], [ 9.737755773852047, 63.804292982648541 ], [ 9.737459883662822, 63.804285012249188 ], [ 9.737163451702365, 63.804284196029641 ], [ 9.736867361025006, 63.80429053476491 ], [ 9.736572496006005, 63.804304011290469 ], [ 9.736279735260592, 63.804324584845048 ], [ 9.735989951313094, 63.804352192857728 ], [ 9.735704011953363, 63.804386754596145 ], [ 9.735422766756232, 63.804428167074605 ], [ 9.735147057360347, 63.80447630452931 ], [ 9.734877704003228, 63.804531025124042 ], [ 9.734615514613642, 63.804592165883129 ], [ 9.734361266451094, 63.804659542919644 ], [ 9.734115723467518, 63.804732956567989 ], [ 9.733879612716736, 63.804812186922021 ], [ 9.733653643904477, 63.804896998147825 ], [ 9.73343848731726, 63.804987136776511 ], [ 9.733234787640891, 63.805082334008091 ], [ 9.733043151830142, 63.805182305267188 ], [ 9.73286415265046, 63.80528675303114 ], [ 9.732698322946614, 63.805395364820242 ], [ 9.732546158849228, 63.805507817812931 ], [ 9.732408114209925, 63.805623775942543 ], [ 9.732284602287166, 63.805742891757681 ], [ 9.732175988675319, 63.805864811561854 ], [ 9.732082600226141, 63.805989171240178 ], [ 9.73200471629003, 63.806115599537847 ], [ 9.731942566691485, 63.806243717985659 ], [ 9.73189634083182, 63.806373146631103 ], [ 9.731866172682251, 63.806503497191116 ], [ 9.73185215561735, 63.806634380792353 ], [ 9.731854332135175, 63.806765408495018 ], [ 9.731872694523018, 63.806896187718174 ], [ 9.73190718772679, 63.807026328643062 ], [ 9.731957709682282, 63.807155442425945 ], [ 9.732024108620818, 63.807283144698708 ], [ 9.732106189633674, 63.80740905311017 ], [ 9.732203705410321, 63.807532793285937 ], [ 9.732316365159662, 63.807653994656384 ], [ 9.732443833603671, 63.807772295818957 ], [ 9.732585730975003, 63.807887344538592 ], [ 9.732741633349319, 63.807998795960984 ], [ 9.732911073661693, 63.808106318049099 ], [ 9.733093549960348, 63.808209590985676 ], [ 9.733288515629946, 63.808308305017221 ], [ 9.733495388497095, 63.80840216618595 ], [ 9.733713553353653, 63.808490893723736 ], [ 9.73394235522148, 63.808574223405479 ], [ 9.734181113841327, 63.808651906280019 ], [ 9.734429117272811, 63.808723710236535 ], [ 9.734685625605021, 63.808789421940105 ], [ 9.734949869437356, 63.808848844077815 ], [ 9.73522106336657, 63.808901799451192 ], [ 9.735498398067783, 63.80894812978751 ], [ 9.735781044006362, 63.808987697675612 ], [ 9.736068157841007, 63.809020385000593 ], [ 9.736358882426375, 63.809046092944442 ], [ 9.736652350191481, 63.809064745708618 ], [ 9.736947685666371, 63.809076287907381 ], [ 9.737244007674505, 63.809080683748306 ], [ 9.737540430522428, 63.809077921574357 ], [ 9.737836069050093, 63.809068008650094 ], [ 9.738130039820684, 63.809050975703499 ], [ 9.738421468192849, 63.809026871785754 ], [ 9.738709483110068, 63.808995770378836 ], [ 9.738993224339755, 63.808957763361313 ], [ 9.739271845685003, 63.808912965623954 ], [ 9.739544512112783, 63.808861508666112 ], [ 9.739810414596578, 63.808803548335185 ], [ 9.740068757467872, 63.808739256266378 ], [ 9.740318767693271, 63.808668824719625 ], [ 9.740559701443665, 63.808592464119343 ], [ 9.740790840218585, 63.808510402012693 ], [ 9.741011490847368, 63.808422883068687 ], [ 9.741220997622271, 63.80833016952046 ], [ 9.741418734711733, 63.808232538188342 ], [ 9.741604112560539, 63.808130278913204 ], [ 9.741776575032548, 63.80802369895023 ], [ 9.741935611190005, 63.807913114400677 ], [ 9.742080743846579, 63.807798856991269 ], [ 9.742211543033875, 63.807681267367215 ], [ 9.742327613700768, 63.80756069554247 ], [ 9.742428613742367, 63.807437502456821 ], [ 9.742514240511683, 63.807312055884118 ], [ 9.742584239238884, 63.807184728939951 ], [ 9.742638400338794, 63.807055903581663 ], [ 9.742676563099391, 63.806925961745456 ], [ 9.742698614009168, 63.806795294282651 ], [ 9.742704487069258, 63.806664288374407 ], [ 9.742694164142573, 63.806533336542039 ], [ 9.742667676286025, 63.806402829497664 ], [ 9.742625103747111, 63.806273156144215 ], [ 9.742566575793651, 63.806144704469233 ], [ 9.742492263457699, 63.806017856781686 ], [ 9.742402389308007, 63.805892991868397 ], [ 9.742297223904055, 63.805770482165833 ], [ 9.742177079560713, 63.805650694432948 ], [ 9.74204231539114, 63.805533984537099 ], [ 9.741893334447846, 63.805420701849229 ], [ 9.741730582700511, 63.805311183808726 ], [ 9.741554542634919, 63.805205757489844 ], [ 9.741365739817926, 63.805104737142941 ], [ 9.741164740707527, 63.805008425015032 ] ] ] } },
{ "type": "Feature", "properties": { "OBJECTID": 100.0, "forbudsomr": "Restrictions", "typeforbud": "Alle sensorer. (Inkludert foto/video).", "navn": "Sutterøen/Sutterøya", "refnr": "0191", "GlobalID": "79a4b4d6-4ad7-4d4c-8717-f56949006f37", "Shape__Are": 101928.06359863281, "Shape__Len": 1131.9597814370795 }, "geometry": { "type": "Polygon", "coordinates": [ [ [ 10.892047550846657, 63.46897340233398 ], [ 10.891897431776934, 63.46889024515832 ], [ 10.891735354099948, 63.468811706673627 ], [ 10.891562025904888, 63.46873813168078 ], [ 10.891378207015075, 63.4686698404022 ], [ 10.891184700339767, 63.468607132728344 ], [ 10.890982352775135, 63.468550281952481 ], [ 10.890772046814313, 63.468499537226784 ], [ 10.89055470506613, 63.468455120097609 ], [ 10.890331276119436, 63.468417224998682 ], [ 10.890102734931565, 63.468386016566136 ], [ 10.889870084446461, 63.468361632382283 ], [ 10.88963433810088, 63.468344178877501 ], [ 10.889396529705595, 63.468333732513457 ], [ 10.889157697696122, 63.468330337532834 ], [ 10.888918886494361, 63.468334010492811 ], [ 10.888681141151988, 63.468344735616597 ], [ 10.888445497476663, 63.468362463610497 ], [ 10.88821298888263, 63.468387119950499 ], [ 10.887984631799876, 63.468418594574636 ], [ 10.887761424390527, 63.468456750834264 ], [ 10.887544343193078, 63.468501420902669 ], [ 10.887334334219032, 63.468552411810229 ], [ 10.887132317987959, 63.468609498397718 ], [ 10.886939178364557, 63.468672431084187 ], [ 10.886755758428949, 63.468740936645986 ], [ 10.886582861121736, 63.4688147137404 ], [ 10.88642124208201, 63.468893440788193 ], [ 10.886271610162659, 63.468976772392352 ], [ 10.886134614392009, 63.469064346152727 ], [ 10.886010858754954, 63.469155777697502 ], [ 10.88590088314959, 63.469250667325227 ], [ 10.885805169389405, 63.469348600176865 ], [ 10.885724132809383, 63.469449148690032 ], [ 10.885658130397598, 63.469551871933696 ], [ 10.885607451756533, 63.469656322538434 ], [ 10.885572317613676, 63.469762043057635 ], [ 10.885552881175347, 63.469868570500545 ], [ 10.885549227607822, 63.469975439912659 ], [ 10.885561374162343, 63.470082183480336 ], [ 10.885589267654648, 63.470188334053759 ], [ 10.885632785947267, 63.470293428785268 ], [ 10.885691738203365, 63.470397007339223 ], [ 10.885765868241895, 63.470498616483155 ], [ 10.885854852275155, 63.470597811821087 ], [ 10.885958298519194, 63.470694160479269 ], [ 10.88607575732693, 63.47078724049976 ], [ 10.886206714666194, 63.47087664424884 ], [ 10.886350597606796, 63.470961982171183 ], [ 10.886506776706764, 63.471042880162756 ], [ 10.886674571371627, 63.471118984220283 ], [ 10.886853243591837, 63.471189962059498 ], [ 10.887042016084612, 63.471255502739375 ], [ 10.887240061643148, 63.471315320850621 ], [ 10.887446513659926, 63.471369153224011 ], [ 10.887660471231198, 63.471416765369959 ], [ 10.887880995542156, 63.471457948678704 ], [ 10.888107125623607, 63.471492522671944 ], [ 10.888337871963968, 63.471520337516239 ], [ 10.888572223031698, 63.471541270615674 ], [ 10.888809154899894, 63.471555229585604 ], [ 10.889047630863681, 63.471562154938574 ], [ 10.889286610093558, 63.471562015838977 ], [ 10.889525047253054, 63.471554812788668 ], [ 10.889761896634308, 63.471540576847055 ], [ 10.889996126043776, 63.471519370928895 ], [ 10.890226707055808, 63.471491287726245 ], [ 10.890452635159981, 63.471456449388299 ], [ 10.890672919499575, 63.471415009023644 ], [ 10.890886599401359, 63.4713671475795 ], [ 10.89109273624368, 63.471313074506007 ], [ 10.891290433731111, 63.471253026540737 ], [ 10.891478822141705, 63.471187265457345 ], [ 10.891657082217755, 63.471116079650258 ], [ 10.891824431799529, 63.471039779255356 ], [ 10.891980139321692, 63.470958700132478 ], [ 10.892123525099462, 63.470873194912976 ], [ 10.892253960685002, 63.470783637474597 ], [ 10.892370875128085, 63.470690421322928 ], [ 10.892473762007763, 63.470593952601902 ], [ 10.892562165034414, 63.470494652375784 ], [ 10.892635702064823, 63.47039295731885 ], [ 10.892694052375177, 63.470289310360378 ], [ 10.892736956015071, 63.470184165160056 ], [ 10.892764230458525, 63.470077982091759 ], [ 10.892775755103278, 63.469971224202553 ], [ 10.892771478887051, 63.469864360127886 ], [ 10.892751421569482, 63.469757855140003 ], [ 10.892715670955386, 63.469652176461274 ], [ 10.892664382046801, 63.469547785150432 ], [ 10.892597780784884, 63.469445138008048 ], [ 10.892516160429322, 63.469344684776523 ], [ 10.892419874192544, 63.469246863434442 ], [ 10.892309344986382, 63.469152102275153 ], [ 10.892185056055515, 63.469060815143969 ], [ 10.892047550846657, 63.46897340233398 ] ] ] } },
{ "type": "Feature", "properties": { "OBJECTID": 101.0, "forbudsomr": "Restrictions", "typeforbud": "Alle sensorer. (Inkludert foto/video).", "navn": "Skage", "refnr": "0168", "GlobalID": "0d0ee5ed-42e1-41ad-af71-1942ed94816b", "Shape__Are": 71548.526611328125, "Shape__Len": 1094.972080956466 }, "geometry": { "type": "Polygon", "coordinates": [ [ [ 11.806193474833208, 64.45569630315137 ], [ 11.812990862676504, 64.455421868886461 ], [ 11.814207607738865, 64.454786126963313 ], [ 11.813876252612285, 64.454009069786821 ], [ 11.812717131992589, 64.453698352901355 ], [ 11.805958903963731, 64.453957441748301 ], [ 11.806193474833208, 64.45569630315137 ] ] ] } },
{ "type": "Feature", "properties": { "OBJECTID": 103.0, "forbudsomr": "Restrictions", "typeforbud": "Alle sensorer. (Inkludert foto/video).", "navn": "Steinkjer/Offenåsen", "refnr": "0187", "GlobalID": "a0f757fd-1949-4718-830e-81ca85c5d0da", "Shape__Are": 335974.93530273438, "Shape__Len": 2054.9534078376796 }, "geometry": { "type": "Polygon", "coordinates": [ [ [ 11.539246173979702, 63.991504073835365 ], [ 11.539006415950144, 63.991405788613775 ], [ 11.538755963029937, 63.991312786419307 ], [ 11.538495421780253, 63.991225291005776 ], [ 11.538225416496994, 63.991143514873514 ], [ 11.537946602228548, 63.991067653292085 ], [ 11.537659645750443, 63.990997889237008 ], [ 11.537365240180067, 63.990934391044064 ], [ 11.537064094777721, 63.990877312166262 ], [ 11.536756933130231, 63.990826789334207 ], [ 11.536444499051335, 63.990782944494228 ], [ 11.536127540485186, 63.990745882627508 ], [ 11.535806823567347, 63.990715693883111 ], [ 11.53548312071986, 63.990692450598637 ], [ 11.535157210542984, 63.990676208196312 ], [ 11.534829877596014, 63.990667006974732 ], [ 11.534501910804137, 63.990664868477118 ], [ 11.534174101199334, 63.990669797234389 ], [ 11.533847235581096, 63.99068178241032 ], [ 11.533522102972681, 63.990700795260608 ], [ 11.533199486463884, 63.9907267889376 ], [ 11.532880162880749, 63.990759701177581 ], [ 11.532564900970439, 63.99079945246018 ], [ 11.532254459141678, 63.990845947750813 ], [ 11.531949585689508, 63.990899074708921 ], [ 11.531651016424313, 63.990958706325991 ], [ 11.531359468998263, 63.991024697195847 ], [ 11.531075646209626, 63.991096889881881 ], [ 11.530800230551037, 63.991175109395783 ], [ 11.530533887735546, 63.991259167773222 ], [ 11.530277256608532, 63.991348862933592 ], [ 11.530030957309073, 63.991443978874592 ], [ 11.529795580959025, 63.991544286323212 ], [ 11.52957169782387, 63.991649542930503 ], [ 11.529359844738641, 63.991759495665157 ], [ 11.529160531228003, 63.991873880959389 ], [ 11.528974241990849, 63.991992421174054 ], [ 11.52880142161775, 63.992114832318059 ], [ 11.528642487497962, 63.992240818966131 ], [ 11.528497825293076, 63.992370077743644 ], [ 11.5283677787346, 63.992502297081892 ], [ 11.528252665832285, 63.992637158503946 ], [ 11.528152762328279, 63.992774338024951 ], [ 11.528068308149075, 63.992913503611106 ], [ 11.527999508664678, 63.993054321498178 ], [ 11.527946529010368, 63.99319645246181 ], [ 11.527909496012942, 63.993339552761597 ], [ 11.527888501712116, 63.993483278717662 ], [ 11.527883595641702, 63.993627282931769 ], [ 11.527894788128272, 63.993771220655375 ], [ 11.527922055147556, 63.993914743616934 ], [ 11.527965331421854, 63.994057506145737 ], [ 11.52802451052829, 63.994199164276161 ], [ 11.528099450905517, 63.994339376790194 ], [ 11.528189971659087, 63.994477806015688 ], [ 11.528295856528127, 63.994614118820053 ], [ 11.528416849913382, 63.994747985617188 ], [ 11.528552662439575, 63.994879084993116 ], [ 11.528702963125555, 63.995007100823855 ], [ 11.528867393331023, 63.995131725305036 ], [ 11.529045554846329, 63.995252655972109 ], [ 11.529237019091678, 63.995369604006768 ], [ 11.529441326076583, 63.995482286127228 ], [ 11.529657983620289, 63.995590430858741 ], [ 11.52988646939146, 63.995693778583295 ], [ 11.530126231241356, 63.995792078852965 ], [ 11.530376694698164, 63.995885095960368 ], [ 11.530637253209857, 63.995972605112158 ], [ 11.530907279942429, 63.996054396305645 ], [ 11.531186126073795, 63.996130271593294 ], [ 11.531473118420788, 63.996200047721921 ], [ 11.531767565339518, 63.996263558071036 ], [ 11.532068757282708, 63.996320648174787 ], [ 11.532375968063899, 63.996371182041528 ], [ 11.532688459718388, 63.996415035981499 ], [ 11.533005475606087, 63.996452104731382 ], [ 11.533326254808475, 63.996482300900226 ], [ 11.533650024635897, 63.99650554940029 ], [ 11.533976001781852, 63.996521794662058 ], [ 11.534303402861628, 63.996530998191105 ], [ 11.534631438293751, 63.996533138421931 ], [ 11.534959316717053, 63.996528208128296 ], [ 11.535286250337744, 63.996516220839858 ], [ 11.535611449477271, 63.996497205321297 ], [ 11.535934130626146, 63.996471206663045 ], [ 11.5362535162248, 63.996438288072547 ], [ 11.536568837039933, 63.996398528235588 ], [ 11.536879333874689, 63.996352024051994 ], [ 11.537184255974733, 63.996298887003519 ], [ 11.537482871011047, 63.99623924518859 ], [ 11.53777445907167, 63.99617324227998 ], [ 11.538058318896077, 63.996101036774697 ], [ 11.538333761533673, 63.99602280363883 ], [ 11.538600129264223, 63.995938730266559 ], [ 11.538856776680243, 63.995849020520033 ], [ 11.539103085525907, 63.995753890590912 ], [ 11.539338464808591, 63.995653568103748 ], [ 11.539562344123405, 63.995548296448376 ], [ 11.539774186783234, 63.995438327905063 ], [ 11.53997348099143, 63.995323928823787 ], [ 11.540159748779262, 63.99520537354794 ], [ 11.540332539218671, 63.995082949642189 ], [ 11.540491435540345, 63.994956949976078 ], [ 11.540636058437046, 63.994827679091173 ], [ 11.540766056414506, 63.994695448478176 ], [ 11.540881120183116, 63.994560576021392 ], [ 11.540980968040763, 63.994423388344934 ], [ 11.541065363080296, 63.994284214035318 ], [ 11.541134100169032, 63.994143389619573 ], [ 11.541187014772644, 63.994001254384905 ], [ 11.541223978871763, 63.993858150281106 ], [ 11.541244905039781, 63.993714422017639 ], [ 11.541249744510441, 63.993570416119027 ], [ 11.541238481164884, 63.993426479883041 ], [ 11.541211146143151, 63.993282959034005 ], [ 11.541167805266973, 63.993140200118034 ], [ 11.54110856152046, 63.992998546968906 ], [ 11.541033559127714, 63.992858340805356 ], [ 11.540942979580318, 63.992719919238368 ], [ 11.54083703766506, 63.992583615278249 ], [ 11.540715993702694, 63.992449757626957 ], [ 11.540580137334615, 63.992318669393441 ], [ 11.540429796014063, 63.99219066560142 ], [ 11.540265330702059, 63.992066054883999 ], [ 11.540087140278509, 63.991945136894415 ], [ 11.539895651118107, 63.991828203854553 ], [ 11.53969132784419, 63.991715536320235 ], [ 11.539474662683501, 63.99160740652141 ], [ 11.539246173979702, 63.991504073835365 ] ] ] } },
{ "type": "Feature", "properties": { "OBJECTID": 108.0, "forbudsomr": "Restrictions", "typeforbud": "Alle sensorer. (Inkludert foto/video).", "navn": "Hammernesodden", "refnr": "0052", "GlobalID": "28dcfcad-6a10-45f8-ad31-2e43fcc6a14e", "Shape__Are": 901631.53051757812, "Shape__Len": 3895.0038179347862 }, "geometry": { "type": "Polygon", "coordinates": [ [ [ 11.278081740320999, 64.358292106399119 ], [ 11.28139423717551, 64.355793090427056 ], [ 11.281499799441049, 64.351836838842019 ], [ 11.277652322939371, 64.34656497485615 ], [ 11.276818125703985, 64.344369054295882 ], [ 11.273702815460545, 64.344457604638777 ], [ 11.271386663158802, 64.346266232347972 ], [ 11.265925567531896, 64.350696091834195 ], [ 11.26462462701449, 64.352408668242688 ], [ 11.264657018884705, 64.354428308383774 ], [ 11.264808864404106, 64.356213115160088 ], [ 11.271353104540429, 64.358022630961443 ], [ 11.278081740320999, 64.358292106399119 ] ] ] } },
{ "type": "Feature", "properties": { "OBJECTID": 109.0, "forbudsomr": "Restrictions", "typeforbud": "Alle sensorer. (Inkludert foto/video).", "navn": "Hammerkammen", "refnr": "0051", "GlobalID": "81a5e136-ae62-4e16-a0ad-88bbdfc0aa9a", "Shape__Are": 593719.46606445312, "Shape__Len": 3316.7574193265218 }, "geometry": { "type": "Polygon", "coordinates": [ [ [ 10.945336441864296, 63.544098758480324 ], [ 10.946666518559226, 63.545248384732531 ], [ 10.955710230265497, 63.548824161353174 ], [ 10.960907501150729, 63.549841742976646 ], [ 10.967316907453871, 63.550918090910734 ], [ 10.968223825614377, 63.550339798707881 ], [ 10.968793563076508, 63.549381025210224 ], [ 10.970922837153234, 63.548776055738266 ], [ 10.967950222341738, 63.547413869385196 ], [ 10.962286073999195, 63.545011147249589 ], [ 10.955638483060817, 63.54278381785236 ], [ 10.950960512463009, 63.542236975808279 ], [ 10.947656022393844, 63.542497266242506 ], [ 10.945336441864296, 63.544098758480324 ] ] ] } },
{ "type": "Feature", "properties": { "OBJECTID": 110.0, "forbudsomr": "Restrictions", "typeforbud": "Alle sensorer. (Inkludert foto/video).", "navn": "Frigård", "refnr": "0039", "GlobalID": "2177c609-db77-409d-8108-b805742250a0", "Shape__Are": 236701.92822265625, "Shape__Len": 1931.9902044838655 }, "geometry": { "type": "Polygon", "coordinates": [ [ [ 10.927116206256569, 63.40128890745747 ], [ 10.938579985189126, 63.400998114779071 ], [ 10.938411880536794, 63.397919892911624 ], [ 10.928603508578965, 63.397338814678925 ], [ 10.925700604746629, 63.398317417849903 ], [ 10.927116206256569, 63.40128890745747 ] ] ] } },
{ "type": "Feature", "properties": { "OBJECTID": 111.0, "forbudsomr": "Restrictions", "typeforbud": "Alle sensorer. (Inkludert foto/video).", "navn": "Tromsdalen 1", "refnr": "0208", "GlobalID": "167c0c38-0f49-4e6f-bad4-570f4fc42833", "Shape__Are": 73804.306640625, "Shape__Len": 1046.1696611316213 }, "geometry": { "type": "Polygon", "coordinates": [ [ [ 11.588132826859757, 63.736784408987496 ], [ 11.59063278993956, 63.736805892042213 ], [ 11.593925135483868, 63.736364186203915 ], [ 11.591705643459628, 63.734310956975534 ], [ 11.587718298953471, 63.734288832880708 ], [ 11.586734465770945, 63.735287358569217 ], [ 11.588132826859757, 63.736784408987496 ] ] ] } },
{ "type": "Feature", "properties": { "OBJECTID": 112.0, "forbudsomr": "Restrictions", "typeforbud": "Alle sensorer. (Inkludert foto/video).", "navn": "Tromsdalen 2", "refnr": "0208", "GlobalID": "00f9c71a-dab5-49ee-ab73-a2c82db20c83", "Shape__Are": 189927.67431640625, "Shape__Len": 1888.6900075314866 }, "geometry": { "type": "Polygon", "coordinates": [ [ [ 11.599926477278489, 63.728037995094489 ], [ 11.596226701546271, 63.728688998364802 ], [ 11.595546220717139, 63.730154853123814 ], [ 11.599155836208546, 63.730929921186878 ], [ 11.608057540830478, 63.732644003334507 ], [ 11.609884169453828, 63.731980381552418 ], [ 11.610430023664012, 63.731238647033372 ], [ 11.609540535367124, 63.730779116186518 ], [ 11.605593412897369, 63.729867596339169 ], [ 11.602750043729488, 63.728485309283407 ], [ 11.599926477278489, 63.728037995094489 ] ] ] } },
{ "type": "Feature", "properties": { "OBJECTID": 117.0, "forbudsomr": "Restrictions", "typeforbud": "Alle sensorer. (Inkludert foto/video).", "navn": "Hemnes/Veten", "refnr": "0235", "GlobalID": "dadc8b18-0596-4f37-869a-d4c96fdd39e5", "Shape__Are": 521771.56274414062, "Shape__Len": 2560.8289324457523 }, "geometry": { "type": "Polygon", "coordinates": [ [ [ 13.744915889762002, 66.205667258833884 ], [ 13.744590501440252, 66.205572910995812 ], [ 13.74425510082666, 66.205484468008279 ], [ 13.743910343432853, 66.205402102910767 ], [ 13.74355690752442, 66.205325977266796 ], [ 13.743195480887771, 66.205256239262695 ], [ 13.742826774022125, 66.20519302650689 ], [ 13.742451507040641, 66.205136461437874 ], [ 13.742070413891081, 66.205086655845179 ], [ 13.741684240316019, 66.205043707264323 ], [ 13.741293741679629, 66.205007698062047 ], [ 13.74089968496796, 66.204978699939474 ], [ 13.740502837867387, 66.204956770254469 ], [ 13.740103977694849, 66.2049419511971 ], [ 13.739703884694633, 66.204934270632705 ], [ 13.739303344083416, 66.204933745707635 ], [ 13.738903137528768, 66.204940375601865 ], [ 13.738504047236024, 66.204954148740384 ], [ 13.738106856175133, 66.204975038308575 ], [ 13.737712341467029, 66.205003001301037 ], [ 13.737321271808122, 66.205037985678615 ], [ 13.736934416848273, 66.205079920574448 ], [ 13.736552531157049, 66.205128726033152 ], [ 13.736176363512115, 66.205184305010675 ], [ 13.735806647705942, 66.205246549579769 ], [ 13.735444109344568, 66.205315338293346 ], [ 13.73508945479178, 66.205390535196415 ], [ 13.734743382050105, 66.205471994400725 ], [ 13.734406567663232, 66.205559555490979 ], [ 13.734079668713916, 66.205653048026903 ], [ 13.733763327401299, 66.20575228888822 ], [ 13.733458159893917, 66.205857083080161 ], [ 13.733164767299092, 66.205967226514403 ], [ 13.73288372025355, 66.20608250319053 ], [ 13.732615569892257, 66.206202687976869 ], [ 13.732360843496963, 66.206327544779782 ], [ 13.732120037653949, 66.206456830076135 ], [ 13.731893625050372, 66.206590290276353 ], [ 13.731682047676335, 66.206727664360059 ], [ 13.73148572126513, 66.20686868391175 ], [ 13.731305028674566, 66.207013072168863 ], [ 13.731140324146759, 66.207160547645103 ], [ 13.730991931265452, 66.207310820524086 ], [ 13.730860140508025, 66.207463597125269 ], [ 13.730745209333064, 66.207618578109646 ], [ 13.730647364263548, 66.207775461188277 ], [ 13.73056679657752, 66.207933938394689 ], [ 13.730503664345871, 66.208093699690622 ], [ 13.730458090253476, 66.208254432050367 ], [ 13.730430165947713, 66.208415821291013 ], [ 13.730419945372605, 66.208577552017616 ], [ 13.730427449252327, 66.208739306762553 ], [ 13.730452662731876, 66.208900768658069 ], [ 13.730495537549631, 66.209061622351385 ], [ 13.730555987637199, 66.209221553071472 ], [ 13.730633897954943, 66.209380247598958 ], [ 13.730729115604982, 66.209537394193404 ], [ 13.730841454089878, 66.209692686217664 ], [ 13.730970693399772, 66.209845820344441 ], [ 13.731116582320611, 66.209996494780867 ], [ 13.731278831453258, 66.210144415492863 ], [ 13.731457128893375, 66.210289293642006 ], [ 13.731651122460859, 66.210430845440726 ], [ 13.731860435245107, 66.210568792279929 ], [ 13.732084654272921, 66.210702865123409 ], [ 13.73232334174738, 66.210832801908424 ], [ 13.732576032870497, 66.210958346631301 ], [ 13.732842228864053, 66.211079255572017 ], [ 13.733121412876484, 66.211195290246508 ], [ 13.733413036296032, 66.211306224473915 ], [ 13.733716530081049, 66.211411839983356 ], [ 13.73403129565089, 66.211511930826447 ], [ 13.734356722790464, 66.211606300832614 ], [ 13.734692169570668, 66.211694765240139 ], [ 13.735036980118787, 66.211777150841954 ], [ 13.735390482398669, 66.211853295968126 ], [ 13.735751979237783, 66.211923052207666 ], [ 13.736120766233229, 66.211986281863517 ], [ 13.736496122644745, 66.212042862364981 ], [ 13.736877309400011, 66.212092681765668 ], [ 13.737263582200246, 66.212135643337064 ], [ 13.737654182817321, 66.212171661908869 ], [ 13.738048349978733, 66.212200668444481 ], [ 13.738445308533173, 66.212222604569234 ], [ 13.738844282467589, 66.212237428957565 ], [ 13.739244488560031, 66.212245111000698 ], [ 13.739645144999329, 66.212245636260391 ], [ 13.74004546925673, 66.212239004657107 ], [ 13.740444671559612, 66.212225227725256 ], [ 13.740841974662384, 66.212204333260047 ], [ 13.741236600701159, 66.212176361621474 ], [ 13.741627773284176, 66.212141368442985 ], [ 13.742014728779759, 66.212099421133729 ], [ 13.74239670947699, 66.212050602411864 ], [ 13.742772968120422, 66.211995008546481 ], [ 13.743142765780791, 66.211932747545248 ], [ 13.743505378387376, 66.211863941898926 ], [ 13.743860096908733, 66.211788724993156 ], [ 13.744206227087355, 66.211707246489453 ], [ 13.744543092108479, 66.211619663373426 ], [ 13.744870027713747, 66.211526148887529 ], [ 13.745186400284, 66.211426886395813 ], [ 13.745491584673008, 66.211322068306529 ], [ 13.74578498837411, 66.211211901650927 ], [ 13.746066034063077, 66.211096601660117 ], [ 13.746334170570638, 66.210976394545199 ], [ 13.746588875281477, 66.210851513926869 ], [ 13.746829649380304, 66.21072220707714 ], [ 13.747056022782671, 66.210588725088613 ], [ 13.747267549380563, 66.210451329116253 ], [ 13.747463815925718, 66.210310290448732 ], [ 13.747644440206985, 66.210165882417414 ], [ 13.7478090683387, 66.210018390244016 ], [ 13.747957377468609, 66.209868101191987 ], [ 13.748089077730134, 66.209715309965304 ], [ 13.748203910196622, 66.209560315102493 ], [ 13.748301653452968, 66.209403420823861 ], [ 13.748382114797613, 66.209244935165444 ], [ 13.748445137080273, 66.20908516644495 ], [ 13.748490598476831, 66.208924427745956 ], [ 13.748518408133071, 66.208763035088083 ], [ 13.74852851304632, 66.208601302995987 ], [ 13.748520893398243, 66.208439548948007 ], [ 13.748495564950048, 66.208278089806413 ], [ 13.748452579083526, 66.20811724092043 ], [ 13.748392016090726, 66.207957316969484 ], [ 13.748313998495995, 66.207798632070975 ], [ 13.748218677949501, 66.207641495188199 ], [ 13.748106243841226, 66.207486215583842 ], [ 13.747976910283793, 66.207333096434397 ], [ 13.747830938229152, 66.207182436803478 ], [ 13.747668608727217, 66.20703453322102 ], [ 13.747490241000886, 66.206889673548687 ], [ 13.747296185514818, 66.206748142308101 ], [ 13.747086822019208, 66.206610215281927 ], [ 13.746862559325876, 66.206476163998985 ], [ 13.746623835573377, 66.206346250353292 ], [ 13.746371122622755, 66.206220727537698 ], [ 13.746104910422593, 66.206099841712444 ], [ 13.745825722642255, 66.205983830337814 ], [ 13.745534105656837, 66.205872920291128 ], [ 13.74523063081234, 66.205767326988465 ], [ 13.744915889762002, 66.205667258833884 ] ] ] } },
{ "type": "Feature", "properties": { "OBJECTID": 122.0, "forbudsomr": "Restrictions", "typeforbud": "Alle sensorer. (Inkludert foto/video).", "navn": "Høgnakken/Novik", "refnr": "0074", "GlobalID": "3b961e02-9e6d-42e7-b757-e3fd23b08209", "Shape__Are": 2304947.6643066406, "Shape__Len": 7058.8464596833774 }, "geometry": { "type": "Polygon", "coordinates": [ [ [ 13.884719694380555, 66.992851635543971 ], [ 13.903631080508534, 66.987782992745153 ], [ 13.860922818475453, 66.974570427399243 ], [ 13.838408586374243, 66.977499624515943 ], [ 13.884719694380555, 66.992851635543971 ] ] ] } },
{ "type": "Feature", "properties": { "OBJECTID": 124.0, "forbudsomr": "Restrictions", "typeforbud": "Alle sensorer. (Inkludert foto/video).", "navn": "Fauske/Veten", "refnr": "0059", "GlobalID": "ee88ab8d-e163-4dcf-96f0-e0be04cc1a77", "Shape__Are": 198297.20654296875, "Shape__Len": 1578.7748142798516 }, "geometry": { "type": "Polygon", "coordinates": [ [ [ 15.303134212833664, 67.234585709397109 ], [ 15.302964881980175, 67.234477605690671 ], [ 15.302780173299324, 67.234373350372294 ], [ 15.302580663001311, 67.234273269717065 ], [ 15.302366982713874, 67.234177680026846 ], [ 15.302139803192045, 67.234086881382765 ], [ 15.301899838960301, 67.234001158534355 ], [ 15.301647846019184, 67.233920782698817 ], [ 15.301384614831033, 67.233846006192934 ], [ 15.301110977279233, 67.233777063317817 ], [ 15.30082779279789, 67.233714172179873 ], [ 15.30053595063324, 67.233657530202365 ], [ 15.300236369868381, 67.23360731591994 ], [ 15.299929994761033, 67.233563686297202 ], [ 15.299617785517615, 67.233526779437597 ], [ 15.299300727514533, 67.233496710978656 ], [ 15.298979815103612, 67.233473575019829 ], [ 15.298656060900955, 67.233457445899489 ], [ 15.298330479514792, 67.233448372843554 ], [ 15.298004099194928, 67.233446385326133 ], [ 15.29767794325643, 67.233451488619096 ], [ 15.297353039402273, 67.233463668259887 ], [ 15.29703041038762, 67.233482883789634 ], [ 15.296711067177093, 67.233509076838885 ], [ 15.29639601812306, 67.233542163934274 ], [ 15.296086252815597, 67.233582041012966 ], [ 15.295782746706641, 67.233628582516801 ], [ 15.29548645187301, 67.233681643202871 ], [ 15.295198303922641, 67.233741054542037 ], [ 15.294919205864977, 67.233806631027178 ], [ 15.294650039636782, 67.233878165666226 ], [ 15.294391647611878, 67.233955432706367 ], [ 15.294144846529763, 67.234038190298619 ], [ 15.293910408949264, 67.234126178737284 ], [ 15.29368907712152, 67.234219118639317 ], [ 15.293481544584987, 67.234316720844589 ], [ 15.293288465296484, 67.23441867563389 ], [ 15.293110444498787, 67.234524663509276 ], [ 15.292948045611743, 67.234634350695288 ], [ 15.292801778695496, 67.234747392747451 ], [ 15.29267210506873, 67.234863433646126 ], [ 15.292559430380511, 67.234982107602235 ], [ 15.292464111598127, 67.235103042632346 ], [ 15.292386445381087, 67.23522585699088 ], [ 15.292326682048516, 67.235350165423526 ], [ 15.292285007005052, 67.235475575612526 ], [ 15.292261550076098, 67.235601694438458 ], [ 15.292256387764864, 67.235728123490858 ], [ 15.292269534071639, 67.235854466260975 ], [ 15.292300949709103, 67.235980324536897 ], [ 15.292350537520607, 67.236105302897002 ], [ 15.292418140137977, 67.236229006920382 ], [ 15.292503544674375, 67.236351048560749 ], [ 15.292606482687447, 67.23647104345568 ], [ 15.292726630208131, 67.236588613618167 ], [ 15.292863612401652, 67.236703390119587 ], [ 15.293016994267651, 67.236815010416379 ], [ 15.293186296925326, 67.236923124599954 ], [ 15.293370983660548, 67.237027390937968 ], [ 15.293570478538955, 67.237127483017062 ], [ 15.293784150126854, 67.237223084391516 ], [ 15.294011330105535, 67.237313895726103 ], [ 15.294251296992874, 67.237399629444639 ], [ 15.294503304023007, 67.23748001685594 ], [ 15.294766551310637, 67.237554804617787 ], [ 15.295040213688084, 67.237623758274609 ], [ 15.29532342909355, 67.237686659588732 ], [ 15.295615307892055, 67.23774331100897 ], [ 15.295914930539714, 67.237793533881927 ], [ 15.296221352251585, 67.237837171134856 ], [ 15.296533612247011, 67.237874085465521 ], [ 15.296850724488728, 67.237904159359559 ], [ 15.297171693943314, 67.237927298649311 ], [ 15.297495507309939, 67.23794343163415 ], [ 15.297821149192753, 67.237952505462843 ], [ 15.298147590624676, 67.237954494228333 ], [ 15.298473807478457, 67.237949389066301 ], [ 15.298798771329032, 67.237937208039554 ], [ 15.299121460938414, 67.237917988043307 ], [ 15.2994408576947, 67.237891790195761 ], [ 15.299755959479496, 67.237858697120856 ], [ 15.300065773723794, 67.237818812960882 ], [ 15.300369324360116, 67.237772263363027 ], [ 15.300665658751901, 67.237719193671978 ], [ 15.300953840793483, 67.237659772530193 ], [ 15.301232967046959, 67.237594185567914 ], [ 15.301502155231761, 67.237522640806176 ], [ 15.30176056266529, 67.237445361445211 ], [ 15.302007372446941, 67.237362592168722 ], [ 15.302241811908818, 67.237274592829252 ], [ 15.302463138742734, 67.23718164026738 ], [ 15.302670659517217, 67.237084027379083 ], [ 15.302863720379271, 67.236982060441164 ], [ 15.303041716351325, 67.236876061783988 ], [ 15.303204084314245, 67.236766364421783 ], [ 15.303350314596635, 67.23665331292689 ], [ 15.303479946340602, 67.236537263437825 ], [ 15.303592574424293, 67.236418581851453 ], [ 15.303687844781644, 67.236297640242995 ], [ 15.303765454444228, 67.236174820453527 ], [ 15.303825160721983, 67.236050507793038 ], [ 15.303866776612569, 67.235925094636642 ], [ 15.303890173033786, 67.235798974140891 ], [ 15.303895274244075, 67.235672544737483 ], [ 15.303882067010905, 67.235546202939346 ], [ 15.303850591388102, 67.235420346946356 ], [ 15.303800945297768, 67.235295373048473 ], [ 15.303733286807661, 67.23517167293069 ], [ 15.303647829540509, 67.235049637269867 ], [ 15.303544842590599, 67.234929649456234 ], [ 15.303424650542549, 67.234812087387709 ], [ 15.303287628790871, 67.234697319891282 ], [ 15.303134212833664, 67.234585709397109 ] ] ] } },
{ "type": "Feature", "properties": { "OBJECTID": 125.0, "forbudsomr": "Restrictions", "typeforbud": "Alle sensorer. (Inkludert foto/video).", "navn": "Seines", "refnr": "0162", "GlobalID": "469d2204-4a45-43eb-a7a3-53a550505b98", "Shape__Are": 429437.740234375, "Shape__Len": 2793.3203176137072 }, "geometry": { "type": "Polygon", "coordinates": [ [ [ 14.369148483290465, 67.204985034234667 ], [ 14.367813606770186, 67.203913720697912 ], [ 14.371725141860045, 67.201175775726782 ], [ 14.370185152397445, 67.1992539835625 ], [ 14.358310597025701, 67.198827612849982 ], [ 14.357454346293936, 67.199731605135824 ], [ 14.35779032895249, 67.201761668344673 ], [ 14.354268429880705, 67.20364903211096 ], [ 14.353595657558236, 67.205967371843968 ], [ 14.35500547221964, 67.206390914119467 ], [ 14.35881839721384, 67.205552534980086 ], [ 14.369148483290465, 67.204985034234667 ] ] ] } },
{ "type": "Feature", "properties": { "OBJECTID": 126.0, "forbudsomr": "Restrictions", "typeforbud": "Alle sensorer. (Inkludert foto/video).", "navn": "Bodø flystasjon", "refnr": "0011", "GlobalID": "37decf88-addd-4cff-a9ea-8f4aa7702b6f", "Shape__Are": 7336245.6823730469, "Shape__Len": 12756.081877734161 }, "geometry": { "type": "Polygon", "coordinates": [ [ [ 14.303923785847099, 67.266937398451191 ], [ 14.415966464856618, 67.275116787703041 ], [ 14.421671076131796, 67.271862379029315 ], [ 14.4169833984842, 67.269204887836295 ], [ 14.389400283502573, 67.262278540261519 ], [ 14.339522325772061, 67.253346541746126 ], [ 14.315831023736013, 67.252629070587091 ], [ 14.299547009984634, 67.25518024690588 ], [ 14.294017183407275, 67.259188687316083 ], [ 14.303923785847099, 67.266937398451191 ] ] ] } },
{ "type": "Feature", "properties": { "OBJECTID": 127.0, "forbudsomr": "Restrictions", "typeforbud": "Alle sensorer. (Inkludert foto/video).", "navn": "Burøya", "refnr": "0022", "GlobalID": "450c406f-c416-4c98-9f7e-c2a7fa4c83dd", "Shape__Are": 64165.168212890625, "Shape__Len": 972.91766455110519 }, "geometry": { "type": "Polygon", "coordinates": [ [ [ 14.383582641330747, 67.293394440030568 ], [ 14.385758391171471, 67.294946478285368 ], [ 14.386630779400898, 67.295299632804671 ], [ 14.388416370753422, 67.295428404249449 ], [ 14.390426632133247, 67.294754437178554 ], [ 14.388474137705151, 67.292554702631534 ], [ 14.384828569553045, 67.292550626173821 ], [ 14.383621134291168, 67.293126827904175 ], [ 14.383582641330747, 67.293394440030568 ] ] ] } },
{ "type": "Feature", "properties": { "OBJECTID": 129.0, "forbudsomr": "Restrictions", "typeforbud": "Alle sensorer. (Inkludert foto/video).", "navn": "Mælen", "refnr": "0128", "GlobalID": "c60799cb-49ba-401f-9885-ec2266d103e6", "Shape__Are": 17870.181396484375, "Shape__Len": 555.46163388028003 }, "geometry": { "type": "Polygon", "coordinates": [ [ [ 14.396549225892224, 67.301416765334082 ], [ 14.397758668487979, 67.301388845119348 ], [ 14.398064256708327, 67.30092206927327 ], [ 14.397658243307694, 67.299549549628921 ], [ 14.396450132468996, 67.299402309541861 ], [ 14.395691098149744, 67.299868600420879 ], [ 14.395723381623361, 67.300642263769959 ], [ 14.396549225892224, 67.301416765334082 ] ] ] } },
{ "type": "Feature", "properties": { "OBJECTID": 130.0, "forbudsomr": "Restrictions", "typeforbud": "Alle sensorer. (Inkludert foto/video).", "navn": "Bodin leir", "refnr": "0010", "GlobalID": "1cdc6ec7-fb6c-4850-8758-77a98d0901e6", "Shape__Are": 276277.86669921875, "Shape__Len": 2371.3476280100076 }, "geometry": { "type": "Polygon", "coordinates": [ [ [ 14.457637686374703, 67.284630789945027 ], [ 14.460799376068749, 67.28348312027201 ], [ 14.463838162522123, 67.282616886346887 ], [ 14.46705804458224, 67.281938428175138 ], [ 14.458932325434994, 67.280196799207445 ], [ 14.45456546889171, 67.27953680238933 ], [ 14.450499473247428, 67.279463526792398 ], [ 14.445886690593982, 67.279507063931604 ], [ 14.444489478804124, 67.279764124935994 ], [ 14.444606341482597, 67.280655878562143 ], [ 14.452245139265985, 67.282491747674314 ], [ 14.457637686374703, 67.284630789945027 ] ] ] } },
{ "type": "Feature", "properties": { "OBJECTID": 132.0, "forbudsomr": "Restrictions", "typeforbud": "Alle sensorer. (Inkludert foto/video).", "navn": "Reitan", "refnr": "0148", "GlobalID": "8adc191a-39f7-4c2f-8533-bd2245e8f963", "Shape__Are": 816301.89013671875, "Shape__Len": 4149.1643266945266 }, "geometry": { "type": "Polygon", "coordinates": [ [ [ 14.852397458553977, 67.298334322090511 ], [ 14.851016328674095, 67.299299477031326 ], [ 14.85198230548124, 67.300402042413936 ], [ 14.853822569032685, 67.301050003789967 ], [ 14.857207768136696, 67.302148193716633 ], [ 14.859120921648962, 67.302739334901176 ], [ 14.862504505230921, 67.303667529833817 ], [ 14.868160288294611, 67.304534775563283 ], [ 14.873741711439671, 67.305288706108755 ], [ 14.880197349222783, 67.30558770346677 ], [ 14.888967828338711, 67.298095218077179 ], [ 14.881348888332166, 67.298365158209293 ], [ 14.875784899627261, 67.298857313556283 ], [ 14.868021469995073, 67.299325103722566 ], [ 14.861423867502932, 67.299252401996753 ], [ 14.854157145767918, 67.298387811272988 ], [ 14.852397458553977, 67.298334322090511 ] ] ] } },
{ "type": "Feature", "properties": { "OBJECTID": 138.0, "forbudsomr": "Restrictions", "typeforbud": "Alle sensorer. (Inkludert foto/video).", "navn": "Vestvågøy stasjon", "refnr": "0065", "GlobalID": "930462de-4981-4f26-bbad-d6ec4d2b73bb", "Shape__Are": 270958.93334960938, "Shape__Len": 1845.4635394957354 }, "geometry": { "type": "Polygon", "coordinates": [ [ [ 13.576735784874032, 68.218919776395012 ], [ 13.576444611959841, 68.218836013726559 ], [ 13.576142128943077, 68.218757976710791 ], [ 13.575829151165426, 68.218685875024875 ], [ 13.575506519019214, 68.218619903314234 ], [ 13.575175105303272, 68.218560239462192 ], [ 13.574835800740601, 68.218507044466563 ], [ 13.574489523749234, 68.218460460729787 ], [ 13.574137203323527, 68.218420615501145 ], [ 13.57377978908462, 68.218387614683678 ], [ 13.573418248535368, 68.218361548193883 ], [ 13.573053550444742, 68.218342485333764 ], [ 13.572686681583344, 68.218330477626111 ], [ 13.572318629884931, 68.21832555777317 ], [ 13.571950386865044, 68.218327739677306 ], [ 13.571582945323266, 68.218337016627231 ], [ 13.571217294407941, 68.218353363049559 ], [ 13.570854419508867, 68.218376736302176 ], [ 13.570495300127243, 68.218407072169924 ], [ 13.570140902302199, 68.218444290181978 ], [ 13.569792181364694, 68.218488288252288 ], [ 13.569450079079731, 68.218538949831569 ], [ 13.569115514441302, 68.21859613665039 ], [ 13.568789392884387, 68.218659695975148 ], [ 13.568472589669074, 68.218729455978277 ], [ 13.568165959427736, 68.218805227614382 ], [ 13.567870331114904, 68.2188868081641 ], [ 13.567586500990741, 68.218973977584639 ], [ 13.567315230096183, 68.219066500281187 ], [ 13.567057253798357, 68.219164126982719 ], [ 13.566813267306033, 68.219266594616215 ], [ 13.566583927971525, 68.219373628119854 ], [ 13.566369853100337, 68.219484936834832 ], [ 13.566171621859521, 68.219600222595005 ], [ 13.565989765955921, 68.219719174263005 ], [ 13.565824776708622, 68.219841470481853 ], [ 13.565677100049825, 68.219966782322317 ], [ 13.565547134163946, 68.220094772364973 ], [ 13.565435229484525, 68.220225094699373 ], [ 13.565341688522382, 68.220357397613441 ], [ 13.565266763279128, 68.220491326261978 ], [ 13.565210655523888, 68.220626518183153 ], [ 13.565173518810385, 68.220762609595326 ], [ 13.565155451341857, 68.220899233541061 ], [ 13.56515650068286, 68.221036021721815 ], [ 13.56517666858347, 68.221172604539618 ], [ 13.565215898678227, 68.221308614579243 ], [ 13.565274086195146, 68.221443685795236 ], [ 13.565351073122462, 68.221577453470132 ], [ 13.565446655335155, 68.22170955607082 ], [ 13.565560572708442, 68.221839638751732 ], [ 13.565692518996091, 68.221967349852306 ], [ 13.565842136717029, 68.222092345338922 ], [ 13.566009029224336, 68.222214288909569 ], [ 13.566192739027894, 68.222332850910419 ], [ 13.566392776597095, 68.22244771127643 ], [ 13.566608600874238, 68.222558562055156 ], [ 13.566839629267276, 68.222665102111293 ], [ 13.567085239501807, 68.222767046114484 ], [ 13.567344770012831, 68.222864118263701 ], [ 13.567617522078262, 68.222956056792214 ], [ 13.567902757404303, 68.223042613947499 ], [ 13.568199710198758, 68.22312355609624 ], [ 13.568507579816069, 68.223198665455996 ], [ 13.568825533229305, 68.223267739220162 ], [ 13.569152714634273, 68.223330590538637 ], [ 13.569488240454557, 68.223387051166839 ], [ 13.569831209226658, 68.223436967963067 ], [ 13.570180694135114, 68.223480206413413 ], [ 13.570535755145025, 68.223516649839411 ], [ 13.570895429291193, 68.223546200212326 ], [ 13.571258749999208, 68.22356877831966 ], [ 13.571624739957544, 68.223584321909954 ], [ 13.57199240842761, 68.223592790155536 ], [ 13.572360763545195, 68.223594160169952 ], [ 13.572728814683725, 68.223588427925449 ], [ 13.573095567573697, 68.223575609108181 ], [ 13.573460036436412, 68.22355573832526 ], [ 13.573821231971078, 68.223528868104125 ], [ 13.574178185282365, 68.223495072686504 ], [ 13.574529933787618, 68.223454441626785 ], [ 13.574875525659449, 68.223407086110058 ], [ 13.575214032293397, 68.223353132778442 ], [ 13.575544538485438, 68.223292726337633 ], [ 13.575866154396868, 68.223226031453194 ], [ 13.576178011062478, 68.223153227328666 ], [ 13.57647927235444, 68.223074509601545 ], [ 13.576769120441014, 68.222990091115008 ], [ 13.577046775272144, 68.222900199392797 ], [ 13.57731148975131, 68.222805076596913 ], [ 13.577562549680502, 68.222704980423558 ], [ 13.577799278923676, 68.222600178763699 ], [ 13.57802103901666, 68.222490955978699 ], [ 13.578227229611828, 68.222377605726507 ], [ 13.578417300382455, 68.22226043375386 ], [ 13.578590731816135, 68.22213975593715 ], [ 13.57874706424251, 68.222015897632858 ], [ 13.578885871271099, 68.221889193449542 ], [ 13.579006781741406, 68.221759983846681 ], [ 13.57910946742467, 68.22162861861726 ], [ 13.579193653067527, 68.221495450693396 ], [ 13.579259111336683, 68.221360839691187 ], [ 13.579305667866151, 68.221225148365008 ], [ 13.579333198894073, 68.221088741690011 ], [ 13.579341623848329, 68.220951989489805 ], [ 13.579330927571933, 68.220815258552435 ], [ 13.579301135840907, 68.220678917803752 ], [ 13.579252327598482, 68.220543335720649 ], [ 13.579184637587209, 68.220408876765504 ], [ 13.579098248934658, 68.22027590401413 ], [ 13.578993393371595, 68.220144775569764 ], [ 13.578870356000857, 68.220015845501251 ], [ 13.578729465858794, 68.219889460174358 ], [ 13.578571102987683, 68.219765961004185 ], [ 13.578395696240605, 68.219645680848686 ], [ 13.578203718450043, 68.219528943967816 ], [ 13.577995686480993, 68.219416065127774 ], [ 13.57777216375435, 68.219307347829115 ], [ 13.577533750477068, 68.219203086018055 ], [ 13.577281088691979, 68.219103560542194 ], [ 13.577014859862844, 68.219009039130682 ], [ 13.576735784874032, 68.218919776395012 ] ] ] } },
{ "type": "Feature", "properties": { "OBJECTID": 139.0, "forbudsomr": "Restrictions", "typeforbud": "Alle sensorer. (Inkludert foto/video).", "navn": "Vestvågøy stasjon", "refnr": "0065", "GlobalID": "bc94a994-e476-4e05-ad6f-e51ea261df41", "Shape__Are": 409044.32739257812, "Shape__Len": 2868.498363681862 }, "geometry": { "type": "Polygon", "coordinates": [ [ [ 13.580663010197679, 68.208671005488299 ], [ 13.583143650775606, 68.209493147530068 ], [ 13.584007236325229, 68.210688117013646 ], [ 13.581991092858752, 68.215010567069598 ], [ 13.583865904393566, 68.216636485210202 ], [ 13.589462988964865, 68.216839573889374 ], [ 13.593999572395679, 68.215081513912438 ], [ 13.592213172239099, 68.214051152999474 ], [ 13.59251220029881, 68.209718495439304 ], [ 13.590853308305171, 68.208391405837304 ], [ 13.588628423795274, 68.206933474435218 ], [ 13.583594436423448, 68.206988657194827 ], [ 13.580663010197679, 68.208671005488299 ] ] ] } },
{ "type": "Feature", "properties": { "OBJECTID": 147.0, "forbudsomr": "Restrictions", "typeforbud": "Alle sensorer. (Inkludert foto/video).", "navn": "Sætertind", "refnr": "0194", "GlobalID": "73d99f8c-145d-4944-abc9-a23b4f9df30d", "Shape__Are": 1299134.5473632812, "Shape__Len": 4621.2953700492199 }, "geometry": { "type": "Polygon", "coordinates": [ [ [ 16.348249442804025, 68.58352651942711 ], [ 16.348901222569591, 68.592191539278701 ], [ 16.381884071767288, 68.591857042658347 ], [ 16.381219597224224, 68.583192168961659 ], [ 16.348249442804025, 68.58352651942711 ] ] ] } },
{ "type": "Feature", "properties": { "OBJECTID": 151.0, "forbudsomr": "Restrictions", "typeforbud": "Alle sensorer. (Inkludert foto/video).", "navn": "Træna 1", "refnr": "0210", "GlobalID": "dc20473e-8db7-4913-9205-3b472d75687c", "Shape__Are": 178212.27099609375, "Shape__Len": 1496.6969477444504 }, "geometry": { "type": "Polygon", "coordinates": [ [ [ 12.048835079172081, 66.500118911960712 ], [ 12.048687962284925, 66.500010658413046 ], [ 12.048525468348672, 66.499905967430806 ], [ 12.048348134392397, 66.499805186716699 ], [ 12.048156552763833, 66.49970865244542 ], [ 12.04795135829827, 66.499616683634898 ], [ 12.047733232381837, 66.499529585815495 ], [ 12.047502898674429, 66.499447649154263 ], [ 12.047261125672419, 66.499371145810485 ], [ 12.04700871334923, 66.49930032878639 ], [ 12.046746501815173, 66.499235434785291 ], [ 12.046475360840375, 66.49917667772894 ], [ 12.046196191570154, 66.499124253280513 ], [ 12.045909920112903, 66.499078336030294 ], [ 12.045617499893362, 66.499039078642852 ], [ 12.045319898296096, 66.499006610707411 ], [ 12.045018107678066, 66.498981040742123 ], [ 12.044713127842815, 66.498962452271812 ], [ 12.044405972139922, 66.498950909330816 ], [ 12.044097661692467, 66.498946448273017 ], [ 12.043789220062704, 66.49894908485436 ], [ 12.043481669192831, 66.498958810564503 ], [ 12.04317603400429, 66.498975591815622 ], [ 12.042873326160526, 66.498999374125006 ], [ 12.042574553473559, 66.499030078700798 ], [ 12.042280708686617, 66.499067602229573 ], [ 12.04199276456408, 66.499111820374594 ], [ 12.041711680627889, 66.499162587902717 ], [ 12.041438387982465, 66.499219733907097 ], [ 12.041173797231295, 66.499283070935448 ], [ 12.040918783726527, 66.499352386628985 ], [ 12.0406741979417, 66.499427451101198 ], [ 12.040440847518706, 66.499508016597233 ], [ 12.040219513404873, 66.49959381420696 ], [ 12.040010926771918, 66.499684558814522 ], [ 12.039815782482094, 66.499779949352543 ], [ 12.039634727759685, 66.499879669484656 ], [ 12.039468364434549, 66.499983387647163 ], [ 12.039317246483586, 66.500090758797512 ], [ 12.039181875220841, 66.500201427016293 ], [ 12.039062699401686, 66.50031502461043 ], [ 12.038960114900815, 66.500431174800397 ], [ 12.038874464922181, 66.50054948992765 ], [ 12.038806032410626, 66.500669578493856 ], [ 12.038755044962906, 66.500791041661799 ], [ 12.038721674504409, 66.500913475942667 ], [ 12.038706028200732, 66.50103647392163 ], [ 12.038708161600752, 66.501159627200479 ], [ 12.038728067303502, 66.501282527080832 ], [ 12.038765677198217, 66.501404764606576 ], [ 12.038820871012103, 66.501525934317712 ], [ 12.038893460594545, 66.501645633952975 ], [ 12.038983207762609, 66.501763465685954 ], [ 12.039089815212616, 66.501879036851591 ], [ 12.03921292812217, 66.501991965364311 ], [ 12.039352137030138, 66.502101874385872 ], [ 12.039506979120016, 66.502208400431499 ], [ 12.039676943345249, 66.502311188080171 ], [ 12.039861462841602, 66.502409897015099 ], [ 12.040059922191379, 66.502504197672579 ], [ 12.040271667793624, 66.502593778622284 ], [ 12.040495992683311, 66.502678341791395 ], [ 12.040732154274991, 66.502757604597008 ], [ 12.040979362394955, 66.502831306006044 ], [ 12.041236802579613, 66.502899199793589 ], [ 12.041503615130063, 66.502961060432739 ], [ 12.041778915421956, 66.503016682581801 ], [ 12.04206178941835, 66.503065881000126 ], [ 12.042351295597765, 66.503108493278944 ], [ 12.042646472010242, 66.503144377281728 ], [ 12.042946338312522, 66.503173412978967 ], [ 12.043249899942005, 66.503195505221314 ], [ 12.043556146301295, 66.503210580114015 ], [ 12.043864059528284, 66.503218586978591 ], [ 12.044172616638729, 66.503219499291589 ], [ 12.044480793913717, 66.503213315665477 ], [ 12.044787565297081, 66.50320005443065 ], [ 12.045091912879093, 66.50317976011894 ], [ 12.045392824868729, 66.503152501629259 ], [ 12.045689302863126, 66.503118367874862 ], [ 12.045980361107752, 66.503077474054521 ], [ 12.046265029701001, 66.50302995363117 ], [ 12.0465423648649, 66.502975966606641 ], [ 12.046811447659531, 66.502915691415453 ], [ 12.047071381422409, 66.502849327569436 ], [ 12.047321300537147, 66.502777097618392 ], [ 12.047560378018762, 66.502699240109223 ], [ 12.047787820494792, 66.502616013979818 ], [ 12.04800286863099, 66.50252769497466 ], [ 12.048204810281087, 66.502434578585849 ], [ 12.048392976952767, 66.502336971904356 ], [ 12.048566738362585, 66.502235201597571 ], [ 12.048725519420861, 66.502129603454136 ], [ 12.048868794891758, 66.502020529465653 ], [ 12.048996087889593, 66.501908341512191 ], [ 12.049106974153373, 66.501793413238062 ], [ 12.049201089308191, 66.501676125698722 ], [ 12.049278115182407, 66.501556868897836 ], [ 12.049337802674104, 66.50143603862675 ], [ 12.049379947057272, 66.501314035997893 ], [ 12.049404415018319, 66.501191267057138 ], [ 12.049411120280373, 66.501068139629609 ], [ 12.049400043905736, 66.500945062804973 ], [ 12.049371221036651, 66.500822444891369 ], [ 12.049324749868918, 66.500700693585003 ], [ 12.049260782987968, 66.500580213112855 ], [ 12.049179534204187, 66.500461403464399 ], [ 12.049081274166056, 66.500344659411184 ], [ 12.048966328324159, 66.500230368672916 ], [ 12.048835079172081, 66.500118911960712 ] ] ] } },
{ "type": "Feature", "properties": { "OBJECTID": 152.0, "forbudsomr": "Restrictions", "typeforbud": "Alle sensorer. (Inkludert foto/video).", "navn": "Træna 2", "refnr": "0210", "GlobalID": "5067bb58-b7ed-4596-834e-247361a500ab", "Shape__Are": 47556.961181640625, "Shape__Len": 773.26694101943394 }, "geometry": { "type": "Polygon", "coordinates": [ [ [ 12.060012240427177, 66.50441187733658 ], [ 12.059873031086253, 66.504342455221092 ], [ 12.059720275707015, 66.504277729373484 ], [ 12.059554968841777, 66.504218118021114 ], [ 12.059378178296836, 66.504164009343668 ], [ 12.059191055063938, 66.504115753579597 ], [ 12.0589948086291, 66.504073662563087 ], [ 12.058790713497919, 66.504038011643786 ], [ 12.058580092404013, 66.504009029495037 ], [ 12.058364310977518, 66.503986905197578 ], [ 12.058144769405382, 66.503971782696084 ], [ 12.057922891318688, 66.503963759692638 ], [ 12.057700114819376, 66.503962887478536 ], [ 12.057477885540406, 66.503969172599284 ], [ 12.057257643500691, 66.503982573913888 ], [ 12.057040816165316, 66.50400300425963 ], [ 12.05682881150547, 66.504030332116884 ], [ 12.056623004747035, 66.504064379563445 ], [ 12.0564247267284, 66.504104925646118 ], [ 12.056235268288603, 66.504151707360322 ], [ 12.056055853016, 66.504204421829982 ], [ 12.055887648369168, 66.504262727413476 ], [ 12.055731743019164, 66.504326245071837 ], [ 12.055589148354109, 66.504394564681149 ], [ 12.055460789923428, 66.504467241278689 ], [ 12.05534749964354, 66.504543803894123 ], [ 12.055250013445098, 66.504623756401813 ], [ 12.055168961867148, 66.504706580934595 ], [ 12.05510487208641, 66.504791739716651 ], [ 12.055058158297992, 66.504878680269215 ], [ 12.055029125776306, 66.504966839078108 ], [ 12.055017961466406, 66.505055645007701 ], [ 12.055024740606674, 66.505144520323341 ], [ 12.055049414333263, 66.505232890335023 ], [ 12.055091827844745, 66.505320181943603 ], [ 12.055151704152332, 66.505405827824816 ], [ 12.055228654557123, 66.505489272912541 ], [ 12.055322180571951, 66.505569977129369 ], [ 12.05543167616155, 66.505647415429678 ], [ 12.05555643127513, 66.505721085948252 ], [ 12.055695636121195, 66.505790511877848 ], [ 12.055848387794025, 66.505855242492899 ], [ 12.056013698828441, 66.505914856903473 ], [ 12.056190492074121, 66.505968969347521 ], [ 12.056377625390626, 66.506017229656848 ], [ 12.05657388266911, 66.506059323089374 ], [ 12.056777990947481, 66.506094977835502 ], [ 12.056988627572117, 66.506123961562466 ], [ 12.057204426195964, 66.506146087813093 ], [ 12.057423986292456, 66.506161211696252 ], [ 12.05764588364489, 66.5061692363699 ], [ 12.057868677722151, 66.506170107792855 ], [ 12.058090928797995, 66.50616382223015 ], [ 12.058311189718118, 66.506150419812712 ], [ 12.058528032528519, 66.506129987731867 ], [ 12.058740053288792, 66.506102657635509 ], [ 12.05894587625029, 66.506068608399758 ], [ 12.059144163687355, 66.506028059129946 ], [ 12.059333633438342, 66.505981273080991 ], [ 12.059513054736723, 66.50592855488425 ], [ 12.059681262318275, 66.505870245424262 ], [ 12.059837167436212, 66.505806723840365 ], [ 12.059979758602388, 66.505738401254021 ], [ 12.060108110567008, 66.505665720936435 ], [ 12.060221391581084, 66.505589153954347 ], [ 12.060318865745128, 66.505509198315067 ], [ 12.060399902937442, 66.505426371070953 ], [ 12.060463976353967, 66.505341210068096 ], [ 12.060510669978607, 66.505254267800453 ], [ 12.060539683490724, 66.505166107910085 ], [ 12.060550828086884, 66.505077302414222 ], [ 12.060544031598955, 66.504988426414045 ], [ 12.060519336348799, 66.50490005715622 ], [ 12.06047690661666, 66.504812767888211 ], [ 12.060417013449639, 66.504727123083441 ], [ 12.060340047913625, 66.504643680487035 ], [ 12.060246508887451, 66.504562980111785 ], [ 12.060137002952418, 66.504485545135282 ], [ 12.060012240427177, 66.50441187733658 ] ] ] } },
{ "type": "Feature", "properties": { "OBJECTID": 155.0, "forbudsomr": "Restrictions", "typeforbud": "Alle sensorer. (Inkludert foto/video).", "navn": "Klubban", "refnr": "0095", "GlobalID": "f435e638-f701-4231-9b5b-1b6d4aa5da34", "Shape__Are": 1491797.9560546875, "Shape__Len": 6222.2729271462358 }, "geometry": { "type": "Polygon", "coordinates": [ [ [ 16.547496727720119, 68.538306199128741 ], [ 16.563943628070202, 68.539884781426821 ], [ 16.575094840676325, 68.530607617338717 ], [ 16.577216089390145, 68.517238746773245 ], [ 16.570275724082908, 68.516481758434836 ], [ 16.557964605700882, 68.529878068893112 ], [ 16.547496727720119, 68.538306199128741 ] ] ] } },
{ "type": "Feature", "properties": { "OBJECTID": 157.0, "forbudsomr": "Restrictions", "typeforbud": "Alle sensorer. (Inkludert foto/video).", "navn": "Nordmela", "refnr": "0135", "GlobalID": "276a18c0-3a21-4008-86e4-eeb371c5b5a8", "Shape__Are": 549199.76831054688, "Shape__Len": 3027.3165524542524 }, "geometry": { "type": "Polygon", "coordinates": [ [ [ 15.640587664456923, 69.131017918080204 ], [ 15.657112758399846, 69.127912720291206 ], [ 15.640295422054562, 69.121788101780012 ], [ 15.630273578346786, 69.127966746680187 ], [ 15.640587664456923, 69.131017918080204 ] ] ] } },
{ "type": "Feature", "properties": { "OBJECTID": 159.0, "forbudsomr": "Restrictions", "typeforbud": "Alle sensorer. (Inkludert foto/video).", "navn": "Andhue", "refnr": "0001", "GlobalID": "82377880-3565-4174-89e2-d9023362f85a", "Shape__Are": 218414.73095703125, "Shape__Len": 1882.4329146795637 }, "geometry": { "type": "Polygon", "coordinates": [ [ [ 16.034724130669659, 69.29307849459417 ], [ 16.036021753238803, 69.296806565074704 ], [ 16.037671516228219, 69.297042586906912 ], [ 16.040878650353822, 69.297452871047241 ], [ 16.043238885457516, 69.297745306840113 ], [ 16.044966453976681, 69.297824359912113 ], [ 16.046705395405233, 69.297744458133806 ], [ 16.04498014231191, 69.292319576597549 ], [ 16.034724130669659, 69.29307849459417 ] ] ] } },
{ "type": "Feature", "properties": { "OBJECTID": 160.0, "forbudsomr": "Restrictions", "typeforbud": "Alle sensorer. (Inkludert foto/video).", "navn": "Andøya flystasjon", "refnr": "0003", "GlobalID": "d9691d05-d775-4bc0-b1b5-f1406fa57d0e", "Shape__Are": 72648897.652099609, "Shape__Len": 34365.166228032365 }, "geometry": { "type": "Polygon", "coordinates": [ [ [ 16.096946030225581, 69.30504545996277 ], [ 16.099625399114093, 69.30771172820603 ], [ 16.106604615598506, 69.309968897557539 ], [ 16.111281062167127, 69.311179593610561 ], [ 16.118032247572589, 69.312047020293193 ], [ 16.125494032355707, 69.311841130433393 ], [ 16.129043240314495, 69.311948397164826 ], [ 16.245189993311683, 69.356531973970462 ], [ 16.30329867020011, 69.339472899357361 ], [ 16.34788843469396, 69.313838158198649 ], [ 16.356878332664717, 69.289161397221676 ], [ 16.357887382125636, 69.270562760140209 ], [ 16.162062365430707, 69.267378516987648 ], [ 16.141471080090351, 69.265349223612802 ], [ 16.126182386164153, 69.267409099157007 ], [ 16.078890262678097, 69.292649314437028 ], [ 16.092655867008656, 69.301411217129569 ], [ 16.084518338236695, 69.302219421889546 ], [ 16.086233869459022, 69.304906513442546 ], [ 16.096946030225581, 69.30504545996277 ] ] ] } },
{ "type": "Feature", "properties": { "OBJECTID": 165.0, "forbudsomr": "Restrictions", "typeforbud": "Alle sensorer. (Inkludert foto/video).", "navn": "Trolldalen", "refnr": "0207", "GlobalID": "cc5ce8e1-6063-4340-aa4f-4e6adad6f8bf", "Shape__Are": 268243.79833984375, "Shape__Len": 1911.2231602449078 }, "geometry": { "type": "Polygon", "coordinates": [ [ [ 18.430901447046317, 69.076708626389717 ], [ 18.431354272789491, 69.076690920684499 ], [ 18.431804689737639, 69.076668252857687 ], [ 18.432251603125806, 69.076640677172676 ], [ 18.432689252530317, 69.076608632296171 ], [ 18.433125990902983, 69.076571504683272 ], [ 18.433556028308917, 69.076529704864427 ], [ 18.433978317571601, 69.076483333788261 ], [ 18.434387492398439, 69.076433067473403 ], [ 18.434791354072452, 69.076377946857264 ], [ 18.4351844795322, 69.076318622161438 ], [ 18.435565916539581, 69.076255238265873 ], [ 18.435930884987364, 69.076188683118517 ], [ 18.436286351211052, 69.076117688356618 ], [ 18.436627456502645, 69.076043121054752 ], [ 18.436953379750886, 69.075965160304449 ], [ 18.437260115838612, 69.07588487612702 ], [ 18.43755352195517, 69.075800736778206 ], [ 18.437829501860424, 69.075713791652319 ], [ 18.438087382962973, 69.075624252789027 ], [ 18.438324103831661, 69.075533326661272 ], [ 18.438544175506063, 69.075439276790092 ], [ 18.438744421786467, 69.075343298471338 ], [ 18.438924359188864, 69.075245623289788 ], [ 18.439081965847617, 69.07514754911206 ], [ 18.439153771044111, 69.075097514582424 ], [ 18.439220249418902, 69.075047205242058 ], [ 18.439281362930416, 69.074996650597782 ], [ 18.439337073819296, 69.074945881946348 ], [ 18.43938734669095, 69.07489492963866 ], [ 18.439432151301023, 69.07484382481978 ], [ 18.439471462414637, 69.07479259853379 ], [ 18.439504592200752, 69.074742373645861 ], [ 18.439532963757451, 69.074690997779044 ], [ 18.439555781001257, 69.07463959237748 ], [ 18.43957302635291, 69.074588189227683 ], [ 18.439584694614499, 69.074536818969037 ], [ 18.439590775720102, 69.074485513236169 ], [ 18.439591264471883, 69.074434302667413 ], [ 18.439586163325483, 69.074383218645025 ], [ 18.439575762555585, 69.074333373382117 ], [ 18.439559610985274, 69.074282629658413 ], [ 18.439537889121357, 69.07423210458289 ], [ 18.439510609294516, 69.074181828439364 ], [ 18.439477788843387, 69.074131831410639 ], [ 18.43943944510583, 69.07408214367905 ], [ 18.439395605435987, 69.074032795225321 ], [ 18.439346292178456, 69.073983816130252 ], [ 18.439292757029904, 69.073936266083422 ], [ 18.439232707603242, 69.073888104974969 ], [ 18.439167286534516, 69.073840401865951 ], [ 18.439096530767433, 69.073793183848153 ], [ 18.439020485178752, 69.073746480547769 ], [ 18.438939194503135, 69.073700320695366 ], [ 18.43885270806047, 69.07365473023512 ], [ 18.438666473785418, 69.073566310872451 ], [ 18.438458229005953, 69.073479533566768 ], [ 18.438230369183263, 69.0733955741903 ], [ 18.437983451133906, 69.073314634328881 ], [ 18.437720989178469, 69.073237721037543 ], [ 18.437437977285896, 69.073163364907302 ], [ 18.437137822072355, 69.073092591309205 ], [ 18.436821253940071, 69.073025572295236 ], [ 18.43649265052057, 69.072963118916931 ], [ 18.436145745751919, 69.072904040234278 ], [ 18.435784828073491, 69.072849171534386 ], [ 18.435410772380067, 69.072798646057279 ], [ 18.435028657231889, 69.072753052504126 ], [ 18.434631189067471, 69.072711519527303 ], [ 18.434223377855727, 69.072674663247284 ], [ 18.43380620946828, 69.07264257249453 ], [ 18.433385263634339, 69.072615588916705 ], [ 18.432952506332331, 69.07259319720022 ], [ 18.432513469025487, 69.072575767804679 ], [ 18.432069215768696, 69.072563344026165 ], [ 18.431625609246911, 69.072556005995025 ], [ 18.431174187159925, 69.072553615108788 ], [ 18.430720794552634, 69.072556283291092 ], [ 18.430266522512817, 69.072564002153186 ], [ 18.429817301153545, 69.072576592840505 ], [ 18.429364558998472, 69.07259429425126 ], [ 18.428914223001129, 69.07261695544311 ], [ 18.428467387001785, 69.072644521321735 ], [ 18.42802981033827, 69.072676556121635 ], [ 18.427593140355572, 69.07271366967727 ], [ 18.427163165941661, 69.072755454377685 ], [ 18.426740933522066, 69.072801808525654 ], [ 18.426331808483663, 69.072852057367044 ], [ 18.425927989848557, 69.072907157957374 ], [ 18.42553489969157, 69.072966460457849 ], [ 18.425153490328142, 69.0730298228804 ], [ 18.424788540876811, 69.073096354163567 ], [ 18.424433085789062, 69.073167325979753 ], [ 18.42409198299605, 69.073241869042519 ], [ 18.423766053724535, 69.073319805389943 ], [ 18.423459303348473, 69.073400065495051 ], [ 18.423165874510353, 69.073484180817474 ], [ 18.42288986363835, 69.073571101560006 ], [ 18.422631943902672, 69.07366061770125 ], [ 18.422395177636787, 69.07375152321292 ], [ 18.422175052842096, 69.073845551634903 ], [ 18.42197474724329, 69.073941511687892 ], [ 18.421794744479783, 69.074039169286863 ], [ 18.421637067966309, 69.074137227789649 ], [ 18.421565225573097, 69.074187254201348 ], [ 18.421498709222362, 69.074237557707235 ], [ 18.421437556487874, 69.074288105235638 ], [ 18.421381805643712, 69.074338868190623 ], [ 18.421331492041006, 69.074389815340055 ], [ 18.42128664602302, 69.074440915551335 ], [ 18.421247293064866, 69.074492138686551 ], [ 18.421214121726578, 69.074542360168095 ], [ 18.421185707344975, 69.074593733128069 ], [ 18.421162847005295, 69.07464513620944 ], [ 18.421145558391736, 69.074696537631809 ], [ 18.421133846666713, 69.074747905864143 ], [ 18.421127722281206, 69.074799211065326 ], [ 18.421127190397705, 69.074850421703246 ], [ 18.421132248805154, 69.074901507290434 ], [ 18.421142607952923, 69.07495135378835 ], [ 18.421158717309325, 69.075002098468488 ], [ 18.421180397658844, 69.075052625986984 ], [ 18.421207636771111, 69.075102906054127 ], [ 18.421240417126491, 69.075152906689269 ], [ 18.421278721624127, 69.075202598596917 ], [ 18.421322525509076, 69.075251951735694 ], [ 18.421371801381088, 69.075300935218607 ], [ 18.421425298809815, 69.075348491899589 ], [ 18.421485313179147, 69.075396658440937 ], [ 18.421550700774993, 69.075444369279026 ], [ 18.421621424314242, 69.075491594620217 ], [ 18.421697441643214, 69.075538305665518 ], [ 18.421778703093239, 69.075584473765659 ], [ 18.421865159273747, 69.075630072061244 ], [ 18.422051344041023, 69.075718510687793 ], [ 18.42225954828556, 69.075805307969276 ], [ 18.422487370161303, 69.075889288696104 ], [ 18.422734260706697, 69.075970250925735 ], [ 18.42299670352579, 69.076047187185992 ], [ 18.423279704422239, 69.076121567156989 ], [ 18.423579857137298, 69.076192364994299 ], [ 18.423896433797466, 69.076259408360968 ], [ 18.42422504900054, 69.076321885861816 ], [ 18.424571978995374, 69.076380988520754 ], [ 18.424932924995765, 69.076435880758709 ], [ 18.425307019322339, 69.07648642895812 ], [ 18.425689180008288, 69.076532044022414 ], [ 18.426086701152634, 69.076573597553335 ], [ 18.426494571822865, 69.076610472994346 ], [ 18.42691180557182, 69.07664258132958 ], [ 18.427332821260158, 69.076669580582333 ], [ 18.427765653734493, 69.07669198625139 ], [ 18.428204769939523, 69.076709426668614 ], [ 18.428649105475557, 69.076721861108268 ], [ 18.429092795393995, 69.076729205696608 ], [ 18.429544303401698, 69.076731601809783 ], [ 18.429997785238712, 69.076728937331112 ], [ 18.430452141185878, 69.076721218981746 ], [ 18.430901447046317, 69.076708626389717 ] ] ] } },
{ "type": "Feature", "properties": { "OBJECTID": 168.0, "forbudsomr": "Restrictions", "typeforbud": "Alle sensorer. (Inkludert foto/video).", "navn": "Bardufoss flystasjon", "refnr": "0005", "GlobalID": "7c7a8ffa-ea82-4e61-a02c-c3d2f29a17d2", "Shape__Are": 6159933.8618164062, "Shape__Len": 11097.06746729153 }, "geometry": { "type": "Polygon", "coordinates": [ [ [ 18.494498321317081, 69.061232956414884 ], [ 18.504089369661685, 69.062285461832303 ], [ 18.50763148837369, 69.063612901474613 ], [ 18.511207379534657, 69.06371247079187 ], [ 18.523804895253104, 69.064512948025623 ], [ 18.529912009839919, 69.064553704510828 ], [ 18.540358163427971, 69.063993844792037 ], [ 18.547183356195095, 69.063790107247257 ], [ 18.555838600944465, 69.061771082954948 ], [ 18.565655652014669, 69.059860838546186 ], [ 18.569497765988725, 69.058634981551691 ], [ 18.574940158100787, 69.057826104999918 ], [ 18.57847399815055, 69.057697997993728 ], [ 18.586773773451171, 69.051686130500698 ], [ 18.587733749438634, 69.049300274711101 ], [ 18.593496851726204, 69.046733098054105 ], [ 18.590342900135362, 69.043366432009805 ], [ 18.584699022147035, 69.043164362852281 ], [ 18.578130934510742, 69.043748354093637 ], [ 18.570446951730322, 69.04407144026186 ], [ 18.551654868828859, 69.047185554292767 ], [ 18.541814800833819, 69.051093612649538 ], [ 18.529206526967933, 69.048566216803707 ], [ 18.491955783181513, 69.049628163399717 ], [ 18.489510517167833, 69.050205283346244 ], [ 18.488909007326058, 69.050913895630572 ], [ 18.488595560853032, 69.051876482825989 ], [ 18.492969460723778, 69.060722549327579 ], [ 18.494498321317081, 69.061232956414884 ] ] ] } },
{ "type": "Feature", "properties": { "OBJECTID": 171.0, "forbudsomr": "Restrictions", "typeforbud": "Alle sensorer. (Inkludert foto/video).", "navn": "Djupvågen m/NATO kai", "refnr": "0027", "GlobalID": "0af6cafa-28fa-4724-bd9a-979d85406632", "Shape__Are": 133612.02001953125, "Shape__Len": 1298.4463258761925 }, "geometry": { "type": "Polygon", "coordinates": [ [ [ 18.122704158811018, 69.159746570939774 ], [ 18.12297281926433, 69.159741520047348 ], [ 18.123240466149245, 69.159732227055713 ], [ 18.12350644697543, 69.159718714589545 ], [ 18.123767329385799, 69.159701225447236 ], [ 18.124028090677626, 69.159679425945711 ], [ 18.124285279951089, 69.159653534982752 ], [ 18.124538273150637, 69.159623615083333 ], [ 18.124783844685204, 69.159590119896961 ], [ 18.125026680866235, 69.159552409468432 ], [ 18.125263525377267, 69.159510916460533 ], [ 18.125493807129406, 69.159465738361007 ], [ 18.12571462877083, 69.15941752488753 ], [ 18.125930207490381, 69.159365353701247 ], [ 18.126137607414041, 69.159309851877865 ], [ 18.126336323395133, 69.159251154320856 ], [ 18.12652391036579, 69.159190074924624 ], [ 18.126703947991814, 69.159125447943026 ], [ 18.126873928562951, 69.159058072247689 ], [ 18.127033446675966, 69.158988109661962 ], [ 18.127180586427432, 69.158916511709961 ], [ 18.127318162707912, 69.158841913752568 ], [ 18.127444194583472, 69.15876525323074 ], [ 18.127558380903878, 69.158686715208532 ], [ 18.127659425464184, 69.158607352168687 ], [ 18.127749251781022, 69.158525649571118 ], [ 18.127826494226575, 69.158442650382838 ], [ 18.127890964918446, 69.158358555557228 ], [ 18.127942029184069, 69.158274476467113 ], [ 18.127980659888014, 69.158188809905909 ], [ 18.128006143510934, 69.158102662390192 ], [ 18.128018424375238, 69.158016242334313 ], [ 18.128017546142477, 69.157930679289194 ], [ 18.12800349915846, 69.157844340320679 ], [ 18.127976248871974, 69.157758354600475 ], [ 18.127935868238481, 69.157672930884857 ], [ 18.127883087864355, 69.157589171854653 ], [ 18.127816902085861, 69.157505478838246 ], [ 18.12773796921671, 69.157422960314435 ], [ 18.127646479216537, 69.157341814819929 ], [ 18.127543826202828, 69.157263078193637 ], [ 18.12742805007511, 69.157185247217512 ], [ 18.127300467878946, 69.157109365411728 ], [ 18.127161388554658, 69.157035617469234 ], [ 18.12701281046342, 69.156964928581232 ], [ 18.12685189055285, 69.156895949833654 ], [ 18.126680563707918, 69.156829621035499 ], [ 18.126499243848084, 69.156766103419415 ], [ 18.126310448082872, 69.156706178078579 ], [ 18.12611057391856, 69.156648702919426 ], [ 18.125902085430415, 69.156594476158219 ], [ 18.125685490554936, 69.156543629487487 ], [ 18.12546373264793, 69.156496770171827 ], [ 18.125232584562028, 69.156453006271491 ], [ 18.124994949450016, 69.156412963738205 ], [ 18.124751401098468, 69.156376741650959 ], [ 18.124505204956275, 69.15634475021055 ], [ 18.124251662318571, 69.156316378063451 ], [ 18.123994006749392, 69.156292059334575 ], [ 18.123732866689728, 69.156271852617863 ], [ 18.123471688985155, 69.156255956556649 ], [ 18.123205493792607, 69.156244067446025 ], [ 18.122937721096648, 69.156236406502089 ], [ 18.122669018814861, 69.156232992476362 ], [ 18.122402895392156, 69.156233802964266 ], [ 18.122134277951183, 69.156238852855836 ], [ 18.121866673369563, 69.15624814401933 ], [ 18.121600733727405, 69.15626165384775 ], [ 18.121339890570827, 69.156279139608671 ], [ 18.121079167065972, 69.156300934945236 ], [ 18.120822015830427, 69.156326820986607 ], [ 18.120569055546596, 69.156356735346293 ], [ 18.120323511184314, 69.156390224496846 ], [ 18.120080701811638, 69.156427928230386 ], [ 18.119843880764073, 69.15646941495234 ], [ 18.119613621034489, 69.156514584512394 ], [ 18.119392812606957, 69.156562791071309 ], [ 18.119177245508055, 69.156614953156364 ], [ 18.118969853179184, 69.156670446586105 ], [ 18.118771140693298, 69.156729136538473 ], [ 18.11858355286159, 69.15679020750072 ], [ 18.118403512522562, 69.156854825073864 ], [ 18.118233520262823, 69.156922193382414 ], [ 18.118073991250018, 69.156992147814506 ], [ 18.117926831663926, 69.157063737188508 ], [ 18.117789236726694, 69.157138327660462 ], [ 18.117663177681866, 69.157214982129048 ], [ 18.117548963079518, 69.157293512774459 ], [ 18.117447890257274, 69.157372870818165 ], [ 18.117358027277287, 69.157454567286337 ], [ 18.117280748341347, 69.157537561878584 ], [ 18.117216239170403, 69.157621653731667 ], [ 18.117165137378446, 69.157705728806988 ], [ 18.117126464984704, 69.15779139305252 ], [ 18.11710093633236, 69.157877540011441 ], [ 18.117088614671985, 69.157963958460371 ], [ 18.11708944754535, 69.158049521717658 ], [ 18.117103454031476, 69.158135861641313 ], [ 18.11713065949996, 69.158221849235332 ], [ 18.117171001464019, 69.158307275543081 ], [ 18.117223742584482, 69.158391037954644 ], [ 18.117289890576082, 69.158474735136011 ], [ 18.11736878805015, 69.158557259431277 ], [ 18.117460242491671, 69.158638409615691 ], [ 18.117562865818602, 69.158717152323419 ], [ 18.117678617780594, 69.158794990844314 ], [ 18.117806176513344, 69.158870878936071 ], [ 18.117945233686928, 69.158944634522584 ], [ 18.11809379882051, 69.159015332116041 ], [ 18.118254704339556, 69.159084318219584 ], [ 18.118426023589635, 69.159150655411352 ], [ 18.118607342597127, 69.159214181482028 ], [ 18.118796139223328, 69.159274115256778 ], [ 18.118996018487469, 69.159331598883199 ], [ 18.119204513891084, 69.159385834913479 ], [ 18.11942112218096, 69.159436689692157 ], [ 18.119642897151397, 69.159483555840623 ], [ 18.119874066537054, 69.159527328076123 ], [ 18.120111728818259, 69.159567376662707 ], [ 18.120355305323773, 69.159603605231297 ], [ 18.120601532498867, 69.159635603413093 ], [ 18.120855109157006, 69.159663980839781 ], [ 18.121112798573701, 69.15968830331488 ], [ 18.121373979754949, 69.159708513853957 ], [ 18.121635194857696, 69.159724413034468 ], [ 18.121901431740373, 69.15973630446075 ], [ 18.122169247079043, 69.159743966902639 ], [ 18.122437992543393, 69.159747381594187 ], [ 18.122704158811018, 69.159746570939774 ] ] ] } },
{ "type": "Feature", "properties": { "OBJECTID": 172.0, "forbudsomr": "Restrictions", "typeforbud": "Alle sensorer. (Inkludert foto/video).", "navn": "Djupvågen m/NATO kai", "refnr": "0027", "GlobalID": "0654b314-622a-4b95-8954-cf634d9ee89a", "Shape__Are": 67904.92724609375, "Shape__Len": 923.95793351237228 }, "geometry": { "type": "Polygon", "coordinates": [ [ [ 18.117245493741702, 69.16018049001724 ], [ 18.117042169744288, 69.160116938349574 ], [ 18.1168263635189, 69.160058840530013 ], [ 18.116599221131544, 69.160006506135716 ], [ 18.116361957444795, 69.159960214771019 ], [ 18.116115838004021, 69.159920212805304 ], [ 18.115862174267228, 69.15988671525632 ], [ 18.115602320071051, 69.159859898672678 ], [ 18.115337664986875, 69.159839907539819 ], [ 18.115069615698623, 69.159826847435582 ], [ 18.114799604193625, 69.15982078937158 ], [ 18.114529071912145, 69.159821764693675 ], [ 18.114259462593289, 69.159829767905478 ], [ 18.113992209835093, 69.159844757791234 ], [ 18.113728744006814, 69.159866652801782 ], [ 18.113470470388304, 69.159895336836655 ], [ 18.113218763762767, 69.159930656648314 ], [ 18.112974968805958, 69.159972424527709 ], [ 18.112740384745901, 69.160020416785642 ], [ 18.112516266006363, 69.160074378229297 ], [ 18.112303804222083, 69.16013401979319 ], [ 18.112104136680941, 69.160199024669836 ], [ 18.111918328209502, 69.160269045045411 ], [ 18.111747366910375, 69.160343707562063 ], [ 18.111592166804549, 69.160422614166976 ], [ 18.111453558025548, 69.160505344083958 ], [ 18.111332277012512, 69.160591455785294 ], [ 18.11122897456298, 69.160680490436164 ], [ 18.111144200610806, 69.160771971271046 ], [ 18.111078405370989, 69.16086541165231 ], [ 18.111031941593563, 69.160960313232891 ], [ 18.111005057395644, 69.161056168778956 ], [ 18.110997899536414, 69.161152467496521 ], [ 18.111010500834865, 69.16124869525899 ], [ 18.111042798407237, 69.161344338765929 ], [ 18.111094618825099, 69.161438887607233 ], [ 18.111165686164856, 69.161531837708793 ], [ 18.111255619614006, 69.161622692274094 ], [ 18.111363944420066, 69.161710967871073 ], [ 18.11149007641097, 69.161796192019708 ], [ 18.111633348291875, 69.161877910797116 ], [ 18.111792991907379, 69.161955688261713 ], [ 18.11196815874322, 69.162029108776736 ], [ 18.112157910502425, 69.16209778167088 ], [ 18.112361238970191, 69.162161339084548 ], [ 18.112577056847648, 69.162219442421559 ], [ 18.112804210328829, 69.16227178212273 ], [ 18.113041491806563, 69.162318078335076 ], [ 18.113287635228371, 69.162358083690336 ], [ 18.113541321514269, 69.162391585901574 ], [ 18.11380120345796, 69.162418405517755 ], [ 18.114065888509035, 69.162438398929837 ], [ 18.11433396934542, 69.16245146051142 ], [ 18.114604013307193, 69.162457519219402 ], [ 18.114874578262178, 69.162456543694191 ], [ 18.11514422229008, 69.162448539390994 ], [ 18.115411503561472, 69.162433547684387 ], [ 18.115674998591036, 69.162411650026826 ], [ 18.115933301476506, 69.162382962575066 ], [ 18.116185031834444, 69.162347638739661 ], [ 18.116428846998179, 69.162305866269861 ], [ 18.116663444794067, 69.162257868998196 ], [ 18.116887575481972, 69.162203902134337 ], [ 18.117100044657899, 69.162144254904661 ], [ 18.117299714875791, 69.16207924423756 ], [ 18.117485523767517, 69.162009218024721 ], [ 18.117656475729792, 69.161934549883995 ], [ 18.117811664304305, 69.161855636956915 ], [ 18.117950257341274, 69.161772901971929 ], [ 18.118071518609298, 69.161686785669175 ], [ 18.118174797859336, 69.161597747877167 ], [ 18.118259547914398, 69.161506263610846 ], [ 18.118325314219842, 69.161412820566596 ], [ 18.118371744642193, 69.161317917148239 ], [ 18.118398596752172, 69.161222060538663 ], [ 18.118405724474233, 69.161125761554544 ], [ 18.118393088140213, 69.161029534463808 ], [ 18.118360758872157, 69.160933892416892 ], [ 18.118308908259024, 69.16083934583834 ], [ 18.118237812867807, 69.160746398754 ], [ 18.118147853981053, 69.160655547000616 ], [ 18.118039509789597, 69.160567276572181 ], [ 18.117913357005971, 69.160482057306808 ], [ 18.117770070859688, 69.160400342887698 ], [ 18.117610417676264, 69.160322571876392 ], [ 18.117435245664925, 69.160249156209346 ], [ 18.117245493741702, 69.16018049001724 ] ] ] } },
{ "type": "Feature", "properties": { "OBJECTID": 175.0, "forbudsomr": "Restrictions", "typeforbud": "Alle sensorer. (Inkludert foto/video).", "navn": "Innhesten", "refnr": "0078", "GlobalID": "f02dbbc7-ace8-40e6-8e48-d1a7f0520a8e", "Shape__Are": 108359.501953125, "Shape__Len": 1222.0657807229886 }, "geometry": { "type": "Polygon", "coordinates": [ [ [ 17.580641379880181, 69.419584898651379 ], [ 17.580851410993539, 69.419509886443521 ], [ 17.581054668902823, 69.419432819709073 ], [ 17.581250658090159, 69.419353884425377 ], [ 17.581436946755041, 69.419274137147866 ], [ 17.581617089591514, 69.419192056864091 ], [ 17.581788602815422, 69.419108691926539 ], [ 17.581951074288469, 69.419024242335752 ], [ 17.582102528768946, 69.41893982698241 ], [ 17.582245859428614, 69.418853833250665 ], [ 17.582379041799445, 69.418767373580735 ], [ 17.582501749117483, 69.41868065747434 ], [ 17.582612551183676, 69.418594817267717 ], [ 17.582713565176515, 69.418508215063497 ], [ 17.582803297246318, 69.418421984140181 ], [ 17.582881527715585, 69.418336333301141 ], [ 17.582947422561432, 69.41825236717429 ], [ 17.583002238740093, 69.418168485760589 ], [ 17.58304507380047, 69.41808579739255 ], [ 17.583075824556722, 69.418004503749529 ], [ 17.583094281264788, 69.417925640044274 ], [ 17.583100796529163, 69.417847701374498 ], [ 17.583095093030067, 69.417771733824125 ], [ 17.583077182755101, 69.417697921196307 ], [ 17.583047493280926, 69.417627189604033 ], [ 17.583005459715636, 69.41755818956824 ], [ 17.582951437498657, 69.417491862628083 ], [ 17.582885555452783, 69.417428367506133 ], [ 17.582808864056449, 69.417368486430021 ], [ 17.582719897359237, 69.417311077152021 ], [ 17.582619633805169, 69.417256938222422 ], [ 17.582508318820228, 69.417206201493599 ], [ 17.58238757075117, 69.417159472026697 ], [ 17.582255091628824, 69.417115858650803 ], [ 17.582112441247034, 69.417075988832764 ], [ 17.581959965275793, 69.417039958826649 ], [ 17.581799804061312, 69.417008175677168 ], [ 17.58162890331656, 69.416980034958485 ], [ 17.58144934727455, 69.416955965188592 ], [ 17.581261571561182, 69.416936026283352 ], [ 17.581068149927489, 69.416920411544424 ], [ 17.580865394116554, 69.41690882390661 ], [ 17.580655832169697, 69.416901479786688 ], [ 17.580439971215267, 69.416898397656709 ], [ 17.58022072083093, 69.416899551354049 ], [ 17.579993900209029, 69.416904960737341 ], [ 17.579762383515686, 69.416914623504965 ], [ 17.579526731581353, 69.416928516954229 ], [ 17.57929007474468, 69.416946392687152 ], [ 17.579047903438656, 69.416968592231242 ], [ 17.578803325328618, 69.416994890861531 ], [ 17.578556934712747, 69.417025225902051 ], [ 17.578311969241483, 69.417059137383319 ], [ 17.578063749361881, 69.417097272681431 ], [ 17.57781550798904, 69.417139196131785 ], [ 17.577567847562808, 69.417184806360453 ], [ 17.577323977536253, 69.417233449993162 ], [ 17.577079249572211, 69.41728605662756 ], [ 17.576836883350012, 69.417341994279937 ], [ 17.576597466989412, 69.417401126801494 ], [ 17.576364067560018, 69.417462633336271 ], [ 17.576132231893403, 69.417527689169503 ], [ 17.575905052138044, 69.417595491025267 ], [ 17.575683077292467, 69.4176658737304 ], [ 17.575469116043003, 69.417737881175555 ], [ 17.575259083143365, 69.417812886004242 ], [ 17.575055819677555, 69.417889946885268 ], [ 17.574859820896251, 69.417968875219159 ], [ 17.574673518962818, 69.418048615489283 ], [ 17.5744933590267, 69.418130688625396 ], [ 17.574321825160148, 69.418214046419052 ], [ 17.574159329593613, 69.418298488042851 ], [ 17.574007848427083, 69.418382897435208 ], [ 17.573864487850344, 69.418468884443129 ], [ 17.573731273000519, 69.418555337661942 ], [ 17.573608533502313, 69.418642047614924 ], [ 17.573497692650566, 69.41872788219672 ], [ 17.573396640477849, 69.418814479124563 ], [ 17.573306869037413, 69.418900705271852 ], [ 17.573228598387971, 69.418986351881571 ], [ 17.573162663266693, 69.419070313506381 ], [ 17.573107806565446, 69.419154192790373 ], [ 17.573064931236587, 69.419236878784574 ], [ 17.573034140963582, 69.419318170728531 ], [ 17.57301564627398, 69.419397033433015 ], [ 17.573009094114767, 69.419474971788517 ], [ 17.573014765124579, 69.419550939690879 ], [ 17.573032640015775, 69.419624753446286 ], [ 17.573062299477122, 69.419695486795618 ], [ 17.573104305392494, 69.419764488380466 ], [ 17.573158305794269, 69.419830819272676 ], [ 17.573224164135112, 69.419894318145339 ], [ 17.573300837949365, 69.419954202572868 ], [ 17.573389790756512, 69.42001161757868 ], [ 17.573490044026144, 69.42006576093948 ], [ 17.573601355405916, 69.42011650429707 ], [ 17.573722098652205, 69.420163239892744 ], [ 17.573854579453393, 69.420206859751886 ], [ 17.573997235499103, 69.420246736319172 ], [ 17.574149721064366, 69.42028277327519 ], [ 17.574309895439978, 69.420314562536191 ], [ 17.574480813391634, 69.420342711298375 ], [ 17.574660389969068, 69.420366787316297 ], [ 17.574848189668526, 69.420386733292617 ], [ 17.575041638095684, 69.420402354888509 ], [ 17.575244423930911, 69.420413950145999 ], [ 17.575454018356655, 69.420421300716896 ], [ 17.575669913930362, 69.420424388066735 ], [ 17.575889200661493, 69.420423240927889 ], [ 17.576116059462972, 69.420417836820931 ], [ 17.576347615419476, 69.420408177933382 ], [ 17.576583310080512, 69.420394288675695 ], [ 17.576820004539016, 69.42037641658672 ], [ 17.577062216582249, 69.420354220964128 ], [ 17.57730683485347, 69.420327923811797 ], [ 17.577553265093581, 69.420297591366221 ], [ 17.577798268546118, 69.420263680885682 ], [ 17.578046525213285, 69.420225545005977 ], [ 17.578294801621865, 69.420183621165918 ], [ 17.578542494992622, 69.42013801074323 ], [ 17.578786394924823, 69.420089364457596 ], [ 17.579031150431348, 69.420036755378263 ], [ 17.579273541229927, 69.419980815527893 ], [ 17.579512978749051, 69.419921679293438 ], [ 17.579746395545957, 69.41986016761544 ], [ 17.579978245209936, 69.419795106950289 ], [ 17.580205435249958, 69.419727300663311 ], [ 17.580427416354418, 69.419656912187506 ], [ 17.580641379880181, 69.419584898651379 ] ] ] } },
{ "type": "Feature", "properties": { "OBJECTID": 176.0, "forbudsomr": "Restrictions", "typeforbud": "Alle sensorer. (Inkludert foto/video).", "navn": "Njunis", "refnr": "0132", "GlobalID": "9ee63f91-ceb6-48a2-8b34-ebea689040ea", "Shape__Are": 121620.19140625, "Shape__Len": 1454.1271382008349 }, "geometry": { "type": "Polygon", "coordinates": [ [ [ 19.479386107650289, 68.749075112391068 ], [ 19.48229061648469, 68.749343217395705 ], [ 19.484091869220116, 68.749643339949117 ], [ 19.485338855946551, 68.750261671324481 ], [ 19.485799708388374, 68.750776969058165 ], [ 19.487761166576632, 68.751173104613315 ], [ 19.489065906198164, 68.751109978490163 ], [ 19.490406414076759, 68.750894746252882 ], [ 19.491501282546782, 68.750510417787467 ], [ 19.491862262979744, 68.749946036095182 ], [ 19.491390225885535, 68.749380725723697 ], [ 19.490264436826106, 68.748683380864151 ], [ 19.488948448440098, 68.748067094295905 ], [ 19.48673907957426, 68.747804068584031 ], [ 19.48298253903306, 68.747762209663946 ], [ 19.479499090154693, 68.748014449337333 ], [ 19.478610998395826, 68.748392693749338 ], [ 19.478875820872268, 68.748964048613374 ], [ 19.479386107650289, 68.749075112391068 ] ] ] } },
{ "type": "Feature", "properties": { "OBJECTID": 177.0, "forbudsomr": "Restrictions", "typeforbud": "Alle sensorer. (Inkludert foto/video).", "navn": "Mauken", "refnr": "0122", "GlobalID": "8e73b579-3eb1-477d-8835-87b64e46bfa6", "Shape__Are": 431264.18359375, "Shape__Len": 2642.2822489263012 }, "geometry": { "type": "Polygon", "coordinates": [ [ [ 19.279901232478959, 69.055788446438299 ], [ 19.283821589418881, 69.050433449562206 ], [ 19.267441316685126, 69.050134290699404 ], [ 19.263284186904816, 69.051313521372904 ], [ 19.260802492877765, 69.054655971062644 ], [ 19.279901232478959, 69.055788446438299 ] ] ] } },
{ "type": "Feature", "properties": { "OBJECTID": 178.0, "forbudsomr": "Restrictions", "typeforbud": "Alle sensorer. (Inkludert foto/video).", "navn": "Skoddeberg II", "refnr": "0174", "GlobalID": "cebd15dc-510c-4322-9218-be282ad9935d", "Shape__Are": 883702.50927734375, "Shape__Len": 4238.8442539312255 }, "geometry": { "type": "Polygon", "coordinates": [ [ [ 17.233908016999489, 68.565098175436447 ], [ 17.231884904228327, 68.563648659915188 ], [ 17.230524446026791, 68.562908249211034 ], [ 17.227968470783054, 68.562821676194488 ], [ 17.223533706000872, 68.563484326116651 ], [ 17.215145309397712, 68.564971015506913 ], [ 17.212290831761322, 68.5662857682875 ], [ 17.208747819702417, 68.567653600027057 ], [ 17.19945534493241, 68.57033886665387 ], [ 17.19834729760483, 68.571753041544653 ], [ 17.201227312208445, 68.573612831323814 ], [ 17.208897144130425, 68.574847242763681 ], [ 17.215921618892263, 68.574525275468417 ], [ 17.218330761566889, 68.572370892747969 ], [ 17.218874791323223, 68.571092441471393 ], [ 17.220257381932168, 68.570054753436381 ], [ 17.227739530891366, 68.566761969884766 ], [ 17.230829182090091, 68.565485552572866 ], [ 17.233500986644991, 68.565570253240082 ], [ 17.233908016999489, 68.565098175436447 ] ] ] } },
{ "type": "Feature", "properties": { "OBJECTID": 179.0, "forbudsomr": "Restrictions", "typeforbud": "Alle sensorer. (Inkludert foto/video).", "navn": "Øvergård A", "refnr": "0232", "GlobalID": "e9c62c49-fb35-4464-9276-484332e723c7", "Shape__Are": 197390.75, "Shape__Len": 1631.7677703029865 }, "geometry": { "type": "Polygon", "coordinates": [ [ [ 19.737821674787362, 69.193930438176167 ], [ 19.738208799256501, 69.193932514600675 ], [ 19.738595366858689, 69.193930213368574 ], [ 19.738980443099596, 69.19392354134196 ], [ 19.739359036384958, 69.193912654035756 ], [ 19.739738372410848, 69.193897344297824 ], [ 19.740113446596528, 69.193877742833166 ], [ 19.740483351037287, 69.19385389716291 ], [ 19.740843350045033, 69.193826185089137 ], [ 19.74120031583961, 69.193794077389981 ], [ 19.741549479840597, 69.193757928503857 ], [ 19.741889993648591, 69.193717826598117 ], [ 19.742217563560914, 69.193674354932639 ], [ 19.742538440100507, 69.193626684898121 ], [ 19.742848269416719, 69.19357537893778 ], [ 19.74314630479617, 69.193520561996394 ], [ 19.743428854459903, 69.193463002179442 ], [ 19.743701308629554, 69.193401602351855 ], [ 19.74395990068836, 69.193337112002538 ], [ 19.74420400475859, 69.19326968781867 ], [ 19.744430673856911, 69.193200253614208 ], [ 19.74464423433632, 69.193127484416053 ], [ 19.744841649876193, 69.193052288515332 ], [ 19.745022442108183, 69.192974849098292 ], [ 19.745184522273007, 69.192896209269094 ], [ 19.745330984716041, 69.192814868516251 ], [ 19.745459637032027, 69.192731858409104 ], [ 19.745570171919457, 69.19264738077905 ], [ 19.745661438389352, 69.192562557145166 ], [ 19.745735175342325, 69.192475771514395 ], [ 19.745790126400326, 69.192388137513205 ], [ 19.745826158761641, 69.192299868322024 ], [ 19.745843103147092, 69.192212122189659 ], [ 19.745841284945719, 69.192123225892701 ], [ 19.745820425815374, 69.192034336181123 ], [ 19.74578057551614, 69.191945668366543 ], [ 19.74572255172485, 69.191858372322571 ], [ 19.745645252551945, 69.191770781813688 ], [ 19.745549388159517, 69.191684052364906 ], [ 19.745435188874563, 69.191598392483215 ], [ 19.745304432095082, 69.191514900366187 ], [ 19.745154625744295, 69.191431982275105 ], [ 19.744987442793356, 69.191350744672619 ], [ 19.744803285385498, 69.191271384112667 ], [ 19.744604823006547, 69.191194904039762 ], [ 19.744388270024142, 69.191119843478575 ], [ 19.744156195173307, 69.191047219434438 ], [ 19.743909160380042, 69.190977207857898 ], [ 19.743650619783267, 69.190910677265862 ], [ 19.743375641085997, 69.190846358323995 ], [ 19.743087593924486, 69.190785138059525 ], [ 19.742787177935313, 69.190727163448969 ], [ 19.742478496491081, 69.190673138571654 ], [ 19.742155660409146, 69.190622032639254 ], [ 19.741822710988082, 69.190574566727335 ], [ 19.741480455025908, 69.190530857894728 ], [ 19.741133491564778, 69.190491414075751 ], [ 19.740775203150758, 69.190455482569647 ], [ 19.740410145912126, 69.190423594974661 ], [ 19.74003919900839, 69.190395829512411 ], [ 19.73966728933749, 69.190372481937956 ], [ 19.739287315028914, 69.19035310597323 ], [ 19.738904172838922, 69.190338021586669 ], [ 19.738518791310806, 69.190327267006154 ], [ 19.738136219899136, 69.190320911697782 ], [ 19.737749159650644, 69.190318834855759 ], [ 19.737362655804748, 69.19032113304273 ], [ 19.736977642821138, 69.190327802098651 ], [ 19.736599110259036, 69.190338683038675 ], [ 19.736219833920831, 69.190353986525253 ], [ 19.735844816563084, 69.190373579291361 ], [ 19.735474968248678, 69.190397414724643 ], [ 19.735115016095996, 69.190425115458723 ], [ 19.734758095814627, 69.190457209479291 ], [ 19.734408972866881, 69.190493344443979 ], [ 19.734068495254462, 69.190533432320279 ], [ 19.733740955645803, 69.190576888377223 ], [ 19.733420104070706, 69.19062454193346 ], [ 19.733110293588009, 69.190675829975291 ], [ 19.732812271311307, 69.19073063040382 ], [ 19.732529728078024, 69.190788171895093 ], [ 19.732257274328752, 69.190849554059639 ], [ 19.731998676376694, 69.190914026872505 ], [ 19.731754560351433, 69.190981434709997 ], [ 19.73152787319102, 69.191050852313154 ], [ 19.731314288523677, 69.191123605352573 ], [ 19.731116842871394, 69.191198784981282 ], [ 19.730936015281717, 69.191276209949365 ], [ 19.730773895311891, 69.191354837428904 ], [ 19.730627387755398, 69.191436165987284 ], [ 19.730498686051838, 69.191519165215681 ], [ 19.730388097981631, 69.191603633387658 ], [ 19.730296777983138, 69.191688448189197 ], [ 19.730222979540024, 69.191775228409256 ], [ 19.73016796714359, 69.191862857687212 ], [ 19.730131871870746, 69.191951123851112 ], [ 19.730114864097416, 69.192038867792633 ], [ 19.730116618078018, 69.192127764507177 ], [ 19.730137413257335, 69.192216656370093 ], [ 19.730177200688907, 69.192305328942709 ], [ 19.730235163562284, 69.192392630459338 ], [ 19.730312403047225, 69.192480227219562 ], [ 19.730408210806495, 69.192566966260515 ], [ 19.730522356478957, 69.19265263630993 ], [ 19.730653063889786, 69.192736139836029 ], [ 19.73080282453229, 69.19281907071192 ], [ 19.730969966429953, 69.192900322235715 ], [ 19.731154087837155, 69.192979697718926 ], [ 19.73135251991275, 69.193056193400409 ], [ 19.731569047930218, 69.193131270439707 ], [ 19.731801103558045, 69.193203910614969 ], [ 19.732048125638094, 69.19327394049192 ], [ 19.73230665960989, 69.193340488515929 ], [ 19.732581637886742, 69.193404825120766 ], [ 19.732869690941619, 69.193466062921686 ], [ 19.733170118885472, 69.193524053878534 ], [ 19.733478818391834, 69.193578095357225 ], [ 19.733801678856565, 69.193629218342039 ], [ 19.734134658195085, 69.193676699632235 ], [ 19.734476952028984, 69.193720422844578 ], [ 19.734823952975972, 69.19375987997627 ], [ 19.735182286503772, 69.193795823676766 ], [ 19.735547392934791, 69.193827721256824 ], [ 19.735918393021691, 69.193855496177179 ], [ 19.736290358734554, 69.193878852514686 ], [ 19.73667039221462, 69.193898234852995 ], [ 19.737053595548296, 69.193913323069097 ], [ 19.73743904018264, 69.193924081570586 ], [ 19.737821674787362, 69.193930438176167 ] ] ] } },
{ "type": "Feature", "properties": { "OBJECTID": 180.0, "forbudsomr": "Restrictions", "typeforbud": "Alle sensorer. (Inkludert foto/video).", "navn": "Øvergård B", "refnr": "0232", "GlobalID": "e25e7c62-a138-4e26-a82f-235ebaa46829", "Shape__Are": 930008.6201171875, "Shape__Len": 3492.8638447993108 }, "geometry": { "type": "Polygon", "coordinates": [ [ [ 19.775097744239734, 69.195308556543594 ], [ 19.775494733039338, 69.195290537996414 ], [ 19.775890656290454, 69.195270054782483 ], [ 19.776285268669206, 69.195247119112523 ], [ 19.776678335499611, 69.19522174560133 ], [ 19.777069617277366, 69.195193949899163 ], [ 19.777458877015725, 69.195163747588509 ], [ 19.777845878517436, 69.195131157828698 ], [ 19.77822223309488, 69.195096968421836 ], [ 19.778604076867815, 69.195059714246071 ], [ 19.778982967590025, 69.195020135123542 ], [ 19.779358677803728, 69.194978255373869 ], [ 19.779730980253117, 69.194934100212222 ], [ 19.780099645763727, 69.19488769760639 ], [ 19.780464454829886, 69.194839073459022 ], [ 19.78082518410341, 69.194788259176306 ], [ 19.781174077622627, 69.194736434246224 ], [ 19.781526095454225, 69.194681376505471 ], [ 19.781873389022582, 69.194624223944615 ], [ 19.782215750679963, 69.194565010237312 ], [ 19.782552973572287, 69.194503772633041 ], [ 19.782884850459737, 69.194440546595075 ], [ 19.783211185148669, 69.194375371776601 ], [ 19.783531773714927, 69.194308287147777 ], [ 19.783839794378384, 69.194240819498106 ], [ 19.784148453217554, 69.194170076782015 ], [ 19.784450801424853, 69.194097548848632 ], [ 19.784746653884518, 69.194023279543657 ], [ 19.785035835740768, 69.193947313327413 ], [ 19.78531816751158, 69.193869696587754 ], [ 19.785593482685414, 69.1937904771505 ], [ 19.785861609534383, 69.193709702087929 ], [ 19.78611692077488, 69.193629186949948 ], [ 19.786370356353693, 69.193545479442207 ], [ 19.786616138199314, 69.193460365133376 ], [ 19.786854113391733, 69.193373895968051 ], [ 19.787084139073436, 69.19328612361079 ], [ 19.787306080328964, 69.193197101303198 ], [ 19.787519794905709, 69.193106883390072 ], [ 19.787725160864593, 69.193015524549551 ], [ 19.787917949701296, 69.192925057717247 ], [ 19.788106427382584, 69.192831604967495 ], [ 19.788286198798161, 69.192737177791329 ], [ 19.788457155193473, 69.192641833195125 ], [ 19.788619193044013, 69.192545628938035 ], [ 19.788772211738195, 69.192448624495526 ], [ 19.788916122844228, 69.19235087720476 ], [ 19.789050836012226, 69.192252447152754 ], [ 19.789173701515903, 69.192155506771741 ], [ 19.789289982592329, 69.192055901101881 ], [ 19.789396842463837, 69.191955791594097 ], [ 19.789494215933232, 69.191855237630293 ], [ 19.789582040910869, 69.191754301202039 ], [ 19.789660267680961, 69.19165304305568 ], [ 19.789728849240781, 69.191551524759831 ], [ 19.78978774342, 69.1914498068478 ], [ 19.789835967533271, 69.191350120529648 ], [ 19.789875591938753, 69.191248191120536 ], [ 19.789905441146544, 69.191146247103944 ], [ 19.789925495809918, 69.191044349270484 ], [ 19.789935744319777, 69.19094255909269 ], [ 19.789936180487658, 69.190840939688854 ], [ 19.789926805074348, 69.190739551284565 ], [ 19.789907624457303, 69.190638456644749 ], [ 19.78987936593407, 69.190539854628994 ], [ 19.789840818068733, 69.190439519676048 ], [ 19.7897925177333, 69.190339658643168 ], [ 19.789734493721955, 69.190240332765057 ], [ 19.789666779656049, 69.190141602241169 ], [ 19.78958941649714, 69.190043526165667 ], [ 19.78950245294028, 69.189946164314904 ], [ 19.789405940190093, 69.18984957639384 ], [ 19.789302292578544, 69.189755848630071 ], [ 19.789187064621217, 69.189660962402584 ], [ 19.789062479891662, 69.189567021835657 ], [ 19.788928611802518, 69.189474084211341 ], [ 19.788785546130722, 69.189382205567 ], [ 19.788633363621027, 69.189291442078584 ], [ 19.788472162408425, 69.189201848537493 ], [ 19.788302035201667, 69.189113478086696 ], [ 19.78812698717752, 69.18902822430168 ], [ 19.787939512742835, 69.188942432468835 ], [ 19.787743438151729, 69.18885802182055 ], [ 19.787538880628567, 69.188775042115566 ], [ 19.787325963007358, 69.188693545653109 ], [ 19.787104817380545, 69.188613580877089 ], [ 19.786875578149683, 69.188535195267519 ], [ 19.786638379905543, 69.188458437197525 ], [ 19.786398662821899, 69.188384931944441 ], [ 19.786146150391012, 69.188311529846231 ], [ 19.785886123429773, 69.188239890280414 ], [ 19.78561873832993, 69.188170057415235 ], [ 19.785344158228138, 69.18810207163439 ], [ 19.785062549356418, 69.188035975933019 ], [ 19.784774082178565, 69.187971809591744 ], [ 19.784478932176881, 69.187909611751834 ], [ 19.784183758884133, 69.187850678906628 ], [ 19.783875912692242, 69.187792484770654 ], [ 19.783561928413729, 69.187736367960952 ], [ 19.783241992690058, 69.187682361015717 ], [ 19.782916300087862, 69.187630498051647 ], [ 19.782585049406478, 69.187580809471768 ], [ 19.782248439438295, 69.187533325680178 ], [ 19.781906673798471, 69.187488076048538 ], [ 19.781567390155555, 69.187445977504055 ], [ 19.781216037631484, 69.187405226319044 ], [ 19.780860157990762, 69.18736678613385 ], [ 19.780499960987278, 69.187330679859826 ], [ 19.780135668934555, 69.187296930060597 ], [ 19.779767500841867, 69.187265555796444 ], [ 19.779395681132346, 69.187236577776972 ], [ 19.779020433438586, 69.187210013138767 ], [ 19.778650067913336, 69.187186365528902 ], [ 19.778268708188044, 69.187164620411409 ], [ 19.777884602347353, 69.187145332597339 ], [ 19.777497982881812, 69.187128513589215 ], [ 19.77710908420287, 69.18711417214061 ], [ 19.776718143232252, 69.187102316937327 ], [ 19.776325394376144, 69.187092956737061 ], [ 19.7759310737665, 69.187086096655051 ], [ 19.775543853857638, 69.187081806939844 ], [ 19.775147133318132, 69.187079903945701 ], [ 19.774749557701131, 69.18708050810605 ], [ 19.774351364862117, 69.187083620900253 ], [ 19.773952796505199, 69.187089238308062 ], [ 19.773554094531026, 69.187097357205246 ], [ 19.773155500840755, 69.18710797446974 ], [ 19.772757256159569, 69.187121081619566 ], [ 19.772368056347116, 69.187136314143601 ], [ 19.771971210649895, 69.187154324984775 ], [ 19.771575433244763, 69.187174798560861 ], [ 19.771180959054071, 69.18719772296329 ], [ 19.770788029757998, 69.187223082501745 ], [ 19.770396882601965, 69.18725086430851 ], [ 19.77000775617174, 69.187281050086099 ], [ 19.769620881517795, 69.187313621748203 ], [ 19.769244644458155, 69.187347791971717 ], [ 19.768862918827097, 69.187385024948668 ], [ 19.768484141414874, 69.187424581379915 ], [ 19.768108539405699, 69.187466437000609 ], [ 19.767736342306449, 69.187510566584351 ], [ 19.767367771502613, 69.187556942434426 ], [ 19.767003056316931, 69.187605538434127 ], [ 19.766642412337251, 69.187656323454533 ], [ 19.766293593703836, 69.187708118735813 ], [ 19.765941651067109, 69.187763145012298 ], [ 19.76559442102322, 69.187820265282824 ], [ 19.765252118403751, 69.187879444849273 ], [ 19.764914950508068, 69.187940649223705 ], [ 19.764583116320061, 69.188003840553435 ], [ 19.764256822175, 69.18806897988415 ], [ 19.763936264363082, 69.188136028541081 ], [ 19.763628264169913, 69.188203460600903 ], [ 19.763319624000619, 69.188274166436528 ], [ 19.763017284505413, 69.188346657267587 ], [ 19.762721433291585, 69.188420889268841 ], [ 19.762432245212434, 69.188496818069808 ], [ 19.762149899764289, 69.188574397373813 ], [ 19.761874563493755, 69.188653579445102 ], [ 19.761606405664345, 69.18873431737218 ], [ 19.761351062006959, 69.188814796268645 ], [ 19.761097581085931, 69.188898467223311 ], [ 19.760851751813021, 69.188983545266424 ], [ 19.760613719688866, 69.189069978750496 ], [ 19.760383627708222, 69.189157716097185 ], [ 19.760161618481895, 69.189246703940441 ], [ 19.759947824378887, 69.189336888298342 ], [ 19.759742377579567, 69.189428214294679 ], [ 19.759549501215592, 69.189518649949918 ], [ 19.759360925728082, 69.189612071909877 ], [ 19.759181053322603, 69.189706469306898 ], [ 19.759009992998028, 69.189801785206811 ], [ 19.758847843509795, 69.189897962058865 ], [ 19.758694705741171, 69.189994940454412 ], [ 19.758550675945109, 69.190092662910175 ], [ 19.758415834712078, 69.190191069677923 ], [ 19.758292844727272, 69.190287987659474 ], [ 19.758176427886987, 69.190387573001075 ], [ 19.758069431547082, 69.190487664573794 ], [ 19.757971920842763, 69.190588201253988 ], [ 19.757883950858563, 69.190689122194755 ], [ 19.75780557919553, 69.19079036647814 ], [ 19.75773685069414, 69.190891872638659 ], [ 19.757677810392725, 69.190993580102941 ], [ 19.757629437000254, 69.191093258059311 ], [ 19.757589661673393, 69.191195180637436 ], [ 19.757559660932898, 69.191297119642115 ], [ 19.75753945449112, 69.191399014295257 ], [ 19.757529054324387, 69.191500803131859 ], [ 19.757528466990674, 69.191602423036898 ], [ 19.75753769189776, 69.191703812889742 ], [ 19.757556726134538, 69.191804912531282 ], [ 19.757584840267821, 69.191903520403628 ], [ 19.757623240004563, 69.192003863202103 ], [ 19.757671397007456, 69.192103733803108 ], [ 19.757729282830638, 69.192203070948793 ], [ 19.757796859166373, 69.192301814551698 ], [ 19.757874087899406, 69.192399905416394 ], [ 19.75796092046507, 69.192497282836726 ], [ 19.7580573040498, 69.192593889818838 ], [ 19.758160834144281, 69.19268763676601 ], [ 19.758275943959966, 69.192782544192298 ], [ 19.758400415378784, 69.192876507450521 ], [ 19.758534172749659, 69.192969469273564 ], [ 19.758677137902424, 69.193061372462552 ], [ 19.758829220874816, 69.193152163739995 ], [ 19.758990333234451, 69.193241785289288 ], [ 19.759160372633644, 69.193330185072156 ], [ 19.759335343258371, 69.193415468575651 ], [ 19.759522745011392, 69.193501291802974 ], [ 19.759718756078648, 69.193585734741546 ], [ 19.759923254170968, 69.193668746799958 ], [ 19.760136117187727, 69.193750278279765 ], [ 19.760357217601978, 69.193830277833811 ], [ 19.760586421316127, 69.193908698791475 ], [ 19.760823586292048, 69.19398549290328 ], [ 19.761063280195501, 69.19405903292224 ], [ 19.761315776665803, 69.194132472724789 ], [ 19.761575797233373, 69.194204148429449 ], [ 19.761843178769954, 69.194274019561888 ], [ 19.76211776509405, 69.194342042757853 ], [ 19.76239938764245, 69.194408175895106 ], [ 19.76268787591745, 69.194472379602175 ], [ 19.762983056899678, 69.194534614577705 ], [ 19.763278262609621, 69.194593583664414 ], [ 19.763586151629877, 69.19465181442321 ], [ 19.763900188362875, 69.194707967359008 ], [ 19.764220181018082, 69.194762009985567 ], [ 19.76454593740597, 69.194813908030042 ], [ 19.764877258571328, 69.194863631004282 ], [ 19.765213945551952, 69.194911148421099 ], [ 19.7655557920327, 69.194956430896966 ], [ 19.765895165716159, 69.194998560548754 ], [ 19.766246611019866, 69.195039342662895 ], [ 19.76660259416429, 69.195077812557429 ], [ 19.766962895096732, 69.195113947527915 ], [ 19.767327298786814, 69.195147724732053 ], [ 19.76769558324462, 69.195179124219294 ], [ 19.768067524157125, 69.195208127004051 ], [ 19.768442900112515, 69.19523471582022 ], [ 19.768813392436535, 69.195258384866108 ], [ 19.769194885215661, 69.195280149487871 ], [ 19.769579127917247, 69.195299457024333 ], [ 19.769965884617388, 69.195316293316026 ], [ 19.770354925789636, 69.195330650321921 ], [ 19.770746013970534, 69.195342518424809 ], [ 19.771138909768442, 69.195351890760293 ], [ 19.771533376696006, 69.195358762183844 ], [ 19.77192074337097, 69.195363060330564 ], [ 19.772317614831682, 69.195364970155822 ], [ 19.772715344299211, 69.195364370043791 ], [ 19.7731136891129, 69.195361261323669 ], [ 19.773512409125949, 69.195355645257067 ], [ 19.773911259752484, 69.195347525928483 ], [ 19.774310003752948, 69.195336906321657 ], [ 19.774708397524382, 69.195323794993953 ], [ 19.775097744239734, 69.195308556543594 ] ] ] } },
{ "type": "Feature", "properties": { "OBJECTID": 181.0, "forbudsomr": "Restrictions", "typeforbud": "Alle sensorer. (Inkludert foto/video).", "navn": "Øvergård C", "refnr": "0232", "GlobalID": "f8a6473c-ff51-4373-b05a-3b09503fc3bb", "Shape__Are": 94145.08349609375, "Shape__Len": 1135.3420976313691 }, "geometry": { "type": "Polygon", "coordinates": [ [ [ 19.77169010376058, 69.185479578208458 ], [ 19.771950700254919, 69.185450260937785 ], [ 19.772208281419594, 69.185418184764714 ], [ 19.772462222433802, 69.185383429083004 ], [ 19.772709276513332, 69.185346486839023 ], [ 19.772954158451288, 69.185306654439032 ], [ 19.773193595723725, 69.185264411160333 ], [ 19.773427004030843, 69.185219859562309 ], [ 19.773651444434396, 69.185173616246814 ], [ 19.773871198311127, 69.185124799914206 ], [ 19.774083285712127, 69.18507401302081 ], [ 19.774287192628726, 69.185021378662611 ], [ 19.774480393835045, 69.184967612569224 ], [ 19.774666577521202, 69.184911688047791 ], [ 19.774843165474945, 69.184854309710701 ], [ 19.775009733100287, 69.184795616158482 ], [ 19.775164271238381, 69.184736393320449 ], [ 19.775309727144833, 69.184675510082187 ], [ 19.775444032114546, 69.184613745932054 ], [ 19.775566862342416, 69.184551249258234 ], [ 19.775676796528487, 69.184488846311936 ], [ 19.775775939466005, 69.184425345741388 ], [ 19.775862800449456, 69.184361568528217 ], [ 19.775937171329463, 69.184297671531013 ], [ 19.775998284240764, 69.184234486223943 ], [ 19.776047300582039, 69.184170807882978 ], [ 19.776083382133812, 69.184107469931135 ], [ 19.776106439249084, 69.184044627723566 ], [ 19.776116381330166, 69.183983088516939 ], [ 19.776113393493183, 69.183921680087806 ], [ 19.776097310735874, 69.183861216249298 ], [ 19.776068167663713, 69.183801842599109 ], [ 19.776026557778682, 69.183744315909323 ], [ 19.77597168117261, 69.183687537162072 ], [ 19.77590405191189, 69.183632269825665 ], [ 19.775823833467154, 69.183578647814272 ], [ 19.775732272942079, 69.183527342299044 ], [ 19.775627618628654, 69.183477375097453 ], [ 19.775511044197174, 69.183429428406612 ], [ 19.775382832860224, 69.183383617519809 ], [ 19.775244839995796, 69.183340505894947 ], [ 19.775094427744772, 69.183299270324312 ], [ 19.774933390808833, 69.183260485837735 ], [ 19.774762113957255, 69.183224246919707 ], [ 19.774582992328192, 69.183190985151825 ], [ 19.774392607754809, 69.183160065323463 ], [ 19.774193292775021, 69.183131933340519 ], [ 19.773985532734027, 69.183106658415824 ], [ 19.77377216545133, 69.183084524079476 ], [ 19.773549121648056, 69.183065107399031 ], [ 19.773319189697425, 69.183048708562779 ], [ 19.773082929618386, 69.183035368640418 ], [ 19.772843515779339, 69.183025211682036 ], [ 19.772596383243076, 69.18301804429214 ], [ 19.772344669891325, 69.183014008618926 ], [ 19.772088987230735, 69.183013115540703 ], [ 19.771832726551654, 69.183015325764373 ], [ 19.771570998137548, 69.183020682372927 ], [ 19.771307174778034, 69.183029165471595 ], [ 19.771041893577692, 69.183040752873353 ], [ 19.770778632329876, 69.183055246466907 ], [ 19.770512365163082, 69.183072921475286 ], [ 19.770246568180184, 69.183093595122983 ], [ 19.76998188286441, 69.1831172190426 ], [ 19.769721734771231, 69.183143437458995 ], [ 19.769461162670108, 69.183172751263683 ], [ 19.769203603778681, 69.183204823243386 ], [ 19.76894968270226, 69.183239574045018 ], [ 19.768702645860454, 69.183276510831234 ], [ 19.768457778859894, 69.183316338025136 ], [ 19.768218356003398, 69.183358574606657 ], [ 19.767984953937248, 69.183403118289789 ], [ 19.767760519396436, 69.183449354201088 ], [ 19.767540768365084, 69.183498162728739 ], [ 19.767328680684908, 69.183548941569597 ], [ 19.76712477036725, 69.183601567705651 ], [ 19.766931562756358, 69.1836553255756 ], [ 19.766745369586324, 69.183711241775086 ], [ 19.766568769213563, 69.183768611860458 ], [ 19.766402186354309, 69.183827297311097 ], [ 19.766247630519189, 69.183886512358313 ], [ 19.766102154243161, 69.183947388024677 ], [ 19.765967826605447, 69.184009144980166 ], [ 19.765844971630131, 69.184071634906203 ], [ 19.765735011148859, 69.184134031680628 ], [ 19.765635840253573, 69.184197527475646 ], [ 19.765548949607741, 69.184261298752844 ], [ 19.765474548234614, 69.18432519138355 ], [ 19.765413404432916, 69.184388373076942 ], [ 19.765364356439694, 69.1844520485147 ], [ 19.765328243109252, 69.184515384344294 ], [ 19.765305154593076, 69.184578226124984 ], [ 19.7652951815333, 69.184639763932722 ], [ 19.765298139038865, 69.184701172666379 ], [ 19.765314195056536, 69.184761637556107 ], [ 19.765343307725367, 69.18482101320248 ], [ 19.765384891817948, 69.184878543466255 ], [ 19.765439744030797, 69.184935325679504 ], [ 19.765507350822421, 69.184990596315615 ], [ 19.765587549525343, 69.185044224100878 ], [ 19.765679092616498, 69.185095534180007 ], [ 19.765783734701383, 69.185145507411747 ], [ 19.765900294716999, 69.185193460799738 ], [ 19.766028497104156, 69.185239278777416 ], [ 19.766166484105717, 69.185282397806475 ], [ 19.766316893511728, 69.185323641182165 ], [ 19.766477930726619, 69.18536243372121 ], [ 19.766649210979139, 69.185398680861397 ], [ 19.766828339012942, 69.185431950852731 ], [ 19.767018733266173, 69.185462879896676 ], [ 19.76721806046903, 69.185491019237645 ], [ 19.767425835743808, 69.185516302263991 ], [ 19.767639220723733, 69.185538444391128 ], [ 19.767862285092168, 69.185557869537163 ], [ 19.768092239514974, 69.185574274674366 ], [ 19.768328524341456, 69.185587621344439 ], [ 19.768567964475913, 69.185597784474837 ], [ 19.768815127874586, 69.185604958357885 ], [ 19.769066867983664, 69.18560899824935 ], [ 19.76932258113774, 69.185609895694128 ], [ 19.769578872707136, 69.185607689084051 ], [ 19.769840632773221, 69.185602335378832 ], [ 19.770104487911098, 69.185593854402399 ], [ 19.770369800708625, 69.185582268321212 ], [ 19.770633092738983, 69.185567775232713 ], [ 19.770899390237368, 69.185550099919837 ], [ 19.771165216472767, 69.185529425151245 ], [ 19.771429929678892, 69.185505799305218 ], [ 19.77169010376058, 69.185479578208458 ] ] ] } },
{ "type": "Feature", "properties": { "OBJECTID": 182.0, "forbudsomr": "Restrictions", "typeforbud": "Alle sensorer. (Inkludert foto/video).", "navn": "Øvergård D", "refnr": "0232", "GlobalID": "c5285f04-6324-440b-900a-f0903498682e", "Shape__Are": 161337.64501953125, "Shape__Len": 1460.3820613128855 }, "geometry": { "type": "Polygon", "coordinates": [ [ [ 19.785456790867467, 69.183932462532965 ], [ 19.785728084049122, 69.183860740114227 ], [ 19.785992012853029, 69.183785864782863 ], [ 19.786247937530757, 69.183708019824394 ], [ 19.786492657936723, 69.183628263647464 ], [ 19.786730837497238, 69.183545076381876 ], [ 19.786959224815988, 69.183459501679295 ], [ 19.787177268860294, 69.183371746441452 ], [ 19.787382291231111, 69.183282987648369 ], [ 19.787578206972324, 69.183191532925122 ], [ 19.787762276971204, 69.183098547453397 ], [ 19.787934057822159, 69.183004255821984 ], [ 19.788091506322381, 69.18290990634992 ], [ 19.788237628956061, 69.182813698866738 ], [ 19.788370313126855, 69.182716876426767 ], [ 19.78848923111666, 69.182619672081842 ], [ 19.788593057994632, 69.182523358204747 ], [ 19.788683778124799, 69.182426096534968 ], [ 19.788759972638704, 69.182329157559664 ], [ 19.788821463664199, 69.182232777339905 ], [ 19.788867683510993, 69.18213819995394 ], [ 19.788899514518167, 69.182043622314254 ], [ 19.788916299133721, 69.181950293691855 ], [ 19.788918004026378, 69.181858440712048 ], [ 19.788904841892656, 69.181769235347943 ], [ 19.788876562017581, 69.181680975290945 ], [ 19.788833296139906, 69.181594843752478 ], [ 19.788775148243069, 69.181511048230973 ], [ 19.788703113675925, 69.181430641774469 ], [ 19.788615813795413, 69.181352091945527 ], [ 19.78851416125843, 69.181276466675868 ], [ 19.788398401176682, 69.181203948837251 ], [ 19.788270262254141, 69.181135432569675 ], [ 19.788127300580502, 69.181069610206109 ], [ 19.787971171076251, 69.181007396817407 ], [ 19.787802245629422, 69.180948942960271 ], [ 19.787622930473706, 69.180894948566362 ], [ 19.787429801494824, 69.180844384113044 ], [ 19.787225191731434, 69.180797973145715 ], [ 19.787009596149741, 69.180755828620732 ], [ 19.786785994241171, 69.180718430405733 ], [ 19.786550119057257, 69.180685065551728 ], [ 19.786304892560743, 69.18065623980344 ], [ 19.786050909014605, 69.180632023792086 ], [ 19.785791610961727, 69.180612658825169 ], [ 19.785522053763103, 69.180597775393224 ], [ 19.785245632881686, 69.180587642190503 ], [ 19.784963021015376, 69.180582284515083 ], [ 19.784677990419915, 69.180581696252304 ], [ 19.784385106268488, 69.180585864988913 ], [ 19.784088111725104, 69.180594813296437 ], [ 19.783787727415156, 69.180608520197509 ], [ 19.78348791350783, 69.180626730717947 ], [ 19.783182955248272, 69.180649791776858 ], [ 19.782876796482384, 69.18067747763132 ], [ 19.782570180481923, 69.180709720837527 ], [ 19.782267106433455, 69.180746029803544 ], [ 19.781961786375017, 69.180787096933912 ], [ 19.781658227713645, 69.180832456488218 ], [ 19.781357161822257, 69.180881998216449 ], [ 19.781062466225528, 69.180935010068396 ], [ 19.780768519490994, 69.180992505281864 ], [ 19.780479222053412, 69.181053795450907 ], [ 19.780195271396334, 69.181118730826938 ], [ 19.779920281097983, 69.181186409827887 ], [ 19.779649001729695, 69.181258123947558 ], [ 19.779385080972279, 69.181332988641699 ], [ 19.779129156571546, 69.181410823469932 ], [ 19.778884436044024, 69.181490569132961 ], [ 19.778646248395191, 69.181573745587372 ], [ 19.778417845098854, 69.181659309396622 ], [ 19.778199784855268, 69.181747053555512 ], [ 19.777994738985917, 69.181835801516172 ], [ 19.777798794682621, 69.181927245455583 ], [ 19.77761469156038, 69.182020220413577 ], [ 19.777442873345276, 69.182114501903044 ], [ 19.77728538405977, 69.182208841803387 ], [ 19.777139214225709, 69.182305040241744 ], [ 19.777006484828618, 69.182401854148068 ], [ 19.776887516510438, 69.18249905076226 ], [ 19.776783635257122, 69.182595357855348 ], [ 19.776692863629503, 69.182692613397251 ], [ 19.776616611516076, 69.182789547317398 ], [ 19.776555064860538, 69.182885923394394 ], [ 19.776508792481131, 69.182980497617976 ], [ 19.77647690636449, 69.183075073178685 ], [ 19.776460065188409, 69.183168400864744 ], [ 19.77645831034517, 69.183260253850591 ], [ 19.776471422631904, 69.183349460354279 ], [ 19.776499654687495, 69.183437722627971 ], [ 19.776542875980759, 69.183523858325884 ], [ 19.776600982568791, 69.183607658130569 ], [ 19.776672979878928, 69.183688068891598 ], [ 19.776760246510587, 69.183766624895355 ], [ 19.776861870351372, 69.183842257205583 ], [ 19.776977606567392, 69.183914782882439 ], [ 19.777105727054941, 69.183983308509255 ], [ 19.777248672402546, 69.18404913924175 ], [ 19.77740479617616, 69.184111362304094 ], [ 19.777573718834013, 69.184169826361355 ], [ 19.777753036623565, 69.184223831199247 ], [ 19.77794617369096, 69.184274406463828 ], [ 19.778150796919483, 69.184320828394334 ], [ 19.778366411409237, 69.184362984821988 ], [ 19.778590036619601, 69.184400392975746 ], [ 19.778825940365827, 69.184433768613602 ], [ 19.779071199985818, 69.184462604875677 ], [ 19.779325220896105, 69.18448683102892 ], [ 19.779584559734356, 69.184506205567644 ], [ 19.779854161816996, 69.18452109900791 ], [ 19.780130630241121, 69.184531239780696 ], [ 19.780413292435377, 69.184536605186864 ], [ 19.780698374893959, 69.184537200303581 ], [ 19.780991313055129, 69.18453303762486 ], [ 19.781288362685277, 69.18452409444248 ], [ 19.781588802625446, 69.184510391684114 ], [ 19.781888669065424, 69.184492184326132 ], [ 19.782193684947117, 69.184469125276209 ], [ 19.782499897761092, 69.18444144042806 ], [ 19.782806566224675, 69.184409197145854 ], [ 19.78310969011989, 69.184372887040226 ], [ 19.783415057998102, 69.184331817693206 ], [ 19.78371866144019, 69.184286454873202 ], [ 19.784019768640302, 69.184236908861777 ], [ 19.784314501297445, 69.184183891811543 ], [ 19.784608481281158, 69.184126390423359 ], [ 19.784897807611472, 69.184065094107439 ], [ 19.78518178193789, 69.184000149999363 ], [ 19.785456790867467, 69.183932462532965 ] ] ] } },
{ "type": "Feature", "properties": { "OBJECTID": 183.0, "forbudsomr": "Restrictions", "typeforbud": "Alle sensorer. (Inkludert foto/video).", "navn": "Stangnes", "refnr": "0186", "GlobalID": "8c935c39-58d6-4a0e-92ab-08c043885047", "Shape__Are": 202766.90502929688, "Shape__Len": 1631.0731414797121 }, "geometry": { "type": "Polygon", "coordinates": [ [ [ 16.596004750937812, 68.796751542497034 ], [ 16.596245330807104, 68.796851956230853 ], [ 16.596495194752045, 68.796949137067315 ], [ 16.596753733698872, 68.79704285116901 ], [ 16.597017448966746, 68.797131933782921 ], [ 16.597291369395322, 68.797218083322591 ], [ 16.597572039303028, 68.797300113101215 ], [ 16.597858775367254, 68.797377826772177 ], [ 16.598147754935042, 68.797450278865639 ], [ 16.59844448738226, 68.797518852850729 ], [ 16.598745175595074, 68.797582579695657 ], [ 16.599049089583527, 68.79764130477669 ], [ 16.599352227026337, 68.797694343619312 ], [ 16.599660365465255, 68.797742706637919 ], [ 16.599969515357497, 68.797785680534645 ], [ 16.600278925424035, 68.797823160247461 ], [ 16.600584564148662, 68.797854746003381 ], [ 16.60089226652936, 68.797881040364075 ], [ 16.601197991163538, 68.797901609564533 ], [ 16.601501003126774, 68.797916404030218 ], [ 16.601797398982796, 68.797925323353994 ], [ 16.602092831457, 68.797928537592483 ], [ 16.602383382221728, 68.79792591149608 ], [ 16.602668345266054, 68.797917452651433 ], [ 16.602944101671884, 68.797903363020382 ], [ 16.603215913236504, 68.797883374052233 ], [ 16.603480119048378, 68.797857654915049 ], [ 16.603736079073908, 68.797826268207899 ], [ 16.603980597292566, 68.797789711561464 ], [ 16.604218334673881, 68.797747288775284 ], [ 16.604446038353259, 68.797699464824703 ], [ 16.604663159074228, 68.79764635708014 ], [ 16.604867038809846, 68.7975887389006 ], [ 16.605061566062055, 68.797525512285233 ], [ 16.60524401892317, 68.797457423384699 ], [ 16.605413953145295, 68.79738463522753 ], [ 16.605569358352628, 68.797308170730645 ], [ 16.605713199932183, 68.797226571892978 ], [ 16.605843386161954, 68.797140832791925 ], [ 16.605959605175457, 68.797051163641967 ], [ 16.606060565296907, 68.796958791377463 ], [ 16.606148194005222, 68.796861955605735 ], [ 16.606221113967795, 68.79676186343174 ], [ 16.606279152141315, 68.796658758732178 ], [ 16.606321789423216, 68.796554029775095 ], [ 16.606349840749886, 68.79644567818103 ], [ 16.606362694441369, 68.796335079629927 ], [ 16.606360325439148, 68.796222501701905 ], [ 16.606343005547849, 68.796109439993884 ], [ 16.606310400852191, 68.79599373832751 ], [ 16.606262700797142, 68.795876884100082 ], [ 16.606200017648433, 68.795759158826954 ], [ 16.606123407542988, 68.795642109876042 ], [ 16.606031408369585, 68.795523502916751 ], [ 16.605924986851669, 68.795404882567354 ], [ 16.605804404267737, 68.79528653519877 ], [ 16.605671451764891, 68.79516999583106 ], [ 16.605523595137349, 68.79505304205567 ], [ 16.605362549071188, 68.794937214095768 ], [ 16.605188703097319, 68.79482279081958 ], [ 16.60500452233039, 68.79471123986697 ], [ 16.604806495667347, 68.794600433277097 ], [ 16.60459701448768, 68.794491847457508 ], [ 16.604376586118548, 68.794385746702474 ], [ 16.604148258456327, 68.79428347024745 ], [ 16.603907668464831, 68.794183067719771 ], [ 16.603657805869293, 68.794085896845715 ], [ 16.603399272453302, 68.793992193220362 ], [ 16.603135569158486, 68.793903121368999 ], [ 16.602861667156535, 68.793816981201488 ], [ 16.602581021857471, 68.793734959204954 ], [ 16.602294314061503, 68.793657254354812 ], [ 16.602005372944816, 68.793584809214636 ], [ 16.601708682126812, 68.793516240467753 ], [ 16.601408040566167, 68.79345251877649 ], [ 16.601104175260197, 68.793393797841546 ], [ 16.600801094922446, 68.79334076289723 ], [ 16.600493015096792, 68.793292401841924 ], [ 16.600183926733724, 68.793249428789352 ], [ 16.599874580516122, 68.793211948793342 ], [ 16.599569004161626, 68.793180361673876 ], [ 16.59926137086708, 68.79315406478284 ], [ 16.598955710795089, 68.793133492011847 ], [ 16.598652768126779, 68.793118692876845 ], [ 16.598356437527627, 68.79310976796522 ], [ 16.598061067042224, 68.79310654715448 ], [ 16.597770581095823, 68.793109165742791 ], [ 16.597485675190999, 68.793117616309303 ], [ 16.597209976993444, 68.793131696978989 ], [ 16.596938217871301, 68.793151675370439 ], [ 16.59667406021423, 68.793177384271488 ], [ 16.596418143589684, 68.793208761182072 ], [ 16.596173663029692, 68.793245306004422 ], [ 16.595935958266992, 68.793287718396172 ], [ 16.595708278683002, 68.793335530044402 ], [ 16.595491178486924, 68.793388627228595 ], [ 16.595287315133735, 68.793446233234974 ], [ 16.595092795527268, 68.793509448667535 ], [ 16.594910343793472, 68.793577527582272 ], [ 16.594740404040117, 68.7936503052631 ], [ 16.594584986859857, 68.793726758997451 ], [ 16.594441126918344, 68.793808349359409 ], [ 16.594310915950871, 68.793894078885458 ], [ 16.594194666321645, 68.793983741030928 ], [ 16.594093670160969, 68.794076105422292 ], [ 16.594005999823377, 68.794172935955743 ], [ 16.593933030667799, 68.794273022102928 ], [ 16.593874941399932, 68.794376123576271 ], [ 16.593832249554026, 68.79448084950819 ], [ 16.59380414202576, 68.794589198219057 ], [ 16.593791224328761, 68.794699795949427 ], [ 16.593793531958575, 68.794812374137322 ], [ 16.593810787003278, 68.794925437232152 ], [ 16.593843325089253, 68.795041141405633 ], [ 16.593890958170249, 68.795158000123365 ], [ 16.593953574500166, 68.795275730042476 ], [ 16.594030119348989, 68.795392784581182 ], [ 16.594122053992631, 68.795511397239608 ], [ 16.594228410756333, 68.795630025993631 ], [ 16.594348936201168, 68.795748381640351 ], [ 16.594481830430961, 68.795864929072906 ], [ 16.594629634551847, 68.795981892528459 ], [ 16.594790632527715, 68.796097731621046 ], [ 16.594964437576735, 68.796212164670507 ], [ 16.59514858062072, 68.796323726550668 ], [ 16.595346574729486, 68.796434544431364 ], [ 16.595556029272839, 68.796543141680189 ], [ 16.595776434769906, 68.796649254811953 ], [ 16.596004750937812, 68.796751542497034 ] ] ] } },
{ "type": "Feature", "properties": { "OBJECTID": 184.0, "forbudsomr": "Restrictions", "typeforbud": "Alle sensorer. (Inkludert foto/video).", "navn": "Kjølmoen", "refnr": "0094", "GlobalID": "66c4652b-0faa-4d0a-911c-599c33e1c0d7", "Shape__Are": 199412.88916015625, "Shape__Len": 1859.7923111968951 }, "geometry": { "type": "Polygon", "coordinates": [ [ [ 18.40420664632946, 68.905923053266321 ], [ 18.400651091036718, 68.905808828695186 ], [ 18.395901026947733, 68.907635283717482 ], [ 18.392138999454058, 68.909544708558826 ], [ 18.392101813901274, 68.911019544569129 ], [ 18.393600028259979, 68.911793110849345 ], [ 18.397804638214623, 68.911874154167762 ], [ 18.400862680713416, 68.910963112873333 ], [ 18.40420664632946, 68.905923053266321 ] ] ] } },
{ "type": "Feature", "properties": { "OBJECTID": 187.0, "forbudsomr": "Restrictions", "typeforbud": "Alle sensorer. (Inkludert foto/video).", "navn": "Solli", "refnr": "0181", "GlobalID": "83f0ad6e-8bfd-4ffe-9f41-58a94fcc2334", "Shape__Are": 659829.7158203125, "Shape__Len": 3558.565757430918 }, "geometry": { "type": "Polygon", "coordinates": [ [ [ 19.449771811890866, 69.059939169987516 ], [ 19.444205941965787, 69.060866983127823 ], [ 19.440298688693577, 69.06263809984425 ], [ 19.440758932817221, 69.06521606995473 ], [ 19.446494334387744, 69.067077081005181 ], [ 19.456129114727872, 69.067126279238536 ], [ 19.462649988683477, 69.066413733103488 ], [ 19.467617987969884, 69.065340494556452 ], [ 19.471510068137444, 69.064014502102893 ], [ 19.473736862315281, 69.062331253277819 ], [ 19.473115801391025, 69.061579793567972 ], [ 19.470744833658888, 69.061607204877561 ], [ 19.467694504005902, 69.062139862323164 ], [ 19.464270611589615, 69.062521197395412 ], [ 19.460549753163846, 69.062587055171022 ], [ 19.457215943308626, 69.062358379214785 ], [ 19.454399735782772, 69.061912441625665 ], [ 19.449771811890866, 69.059939169987516 ] ] ] } },
{ "type": "Feature", "properties": { "OBJECTID": 188.0, "forbudsomr": "Restrictions", "typeforbud": "Alle sensorer. (Inkludert foto/video).", "navn": "Setermoen", "refnr": "0166", "GlobalID": "6ac8e2b4-1a14-49db-89b3-3134d0758fbb", "Shape__Are": 2631673.4345703125, "Shape__Len": 8717.1878183549488 }, "geometry": { "type": "Polygon", "coordinates": [ [ [ 18.351282247162956, 68.859533911594042 ], [ 18.35766183960062, 68.861349016781887 ], [ 18.35607511504967, 68.863429125516475 ], [ 18.355827212434871, 68.863872809426013 ], [ 18.358769777598596, 68.864040949885307 ], [ 18.367064046442245, 68.864264874284189 ], [ 18.37248636399972, 68.864260536844881 ], [ 18.378847318844006, 68.863124967088766 ], [ 18.383731806322075, 68.861408829070768 ], [ 18.385875063968474, 68.859286705490206 ], [ 18.386814634003681, 68.856286019149593 ], [ 18.388402640709682, 68.854702129317445 ], [ 18.393653162902776, 68.853138492964945 ], [ 18.395713390325156, 68.851780205413419 ], [ 18.395904795904872, 68.849566342355487 ], [ 18.396845628386139, 68.848371330364913 ], [ 18.401202337452236, 68.8470302709664 ], [ 18.405201484361783, 68.844730472244706 ], [ 18.408045526276005, 68.842387617307025 ], [ 18.406240252252775, 68.840442621782472 ], [ 18.398601036564266, 68.837816608555173 ], [ 18.396718243502317, 68.839342512328301 ], [ 18.393823923951924, 68.841498036598097 ], [ 18.391173569703891, 68.842906281553539 ], [ 18.383621389105429, 68.846565193218723 ], [ 18.381316673144692, 68.848038319425967 ], [ 18.379213781113187, 68.849542420826381 ], [ 18.375020191762435, 68.84746873803482 ], [ 18.366349588362919, 68.849119614370608 ], [ 18.371154280225692, 68.851890532220494 ], [ 18.365685656168392, 68.85386057242539 ], [ 18.363589346436715, 68.85426272611447 ], [ 18.359452162383594, 68.854816969708139 ], [ 18.355950194889402, 68.856209789557212 ], [ 18.351282247162956, 68.859533911594042 ] ] ] } },
{ "type": "Feature", "properties": { "OBJECTID": 189.0, "forbudsomr": "Restrictions", "typeforbud": "Alle sensorer. (Inkludert foto/video).", "navn": "Sørskogen", "refnr": "0196", "GlobalID": "711f4711-4fd0-41f8-a597-736aadbbd01a", "Shape__Are": 446662.12109375, "Shape__Len": 2633.1079451351652 }, "geometry": { "type": "Polygon", "coordinates": [ [ [ 18.244182471537808, 68.820106146826788 ], [ 18.246337005253459, 68.819602066004023 ], [ 18.247772103268641, 68.818867237246465 ], [ 18.254678784734288, 68.817098828459834 ], [ 18.256462486625431, 68.816708221516237 ], [ 18.255997026483744, 68.815662709667478 ], [ 18.249803043326548, 68.813509955278477 ], [ 18.245590413969179, 68.813917933378349 ], [ 18.233837009546829, 68.815790675582207 ], [ 18.232482620531091, 68.817016255616721 ], [ 18.233596721883309, 68.817871878218824 ], [ 18.233472259010725, 68.818296805142992 ], [ 18.233970010773774, 68.818954607905397 ], [ 18.236715172004367, 68.819669437298927 ], [ 18.238888775397722, 68.819868778796362 ], [ 18.240576023161587, 68.819480433509682 ], [ 18.244182471537808, 68.820106146826788 ] ] ] } },
{ "type": "Feature", "properties": { "OBJECTID": 190.0, "forbudsomr": "Restrictions", "typeforbud": "Alle sensorer. (Inkludert foto/video).", "navn": "Rusta", "refnr": "0153", "GlobalID": "65f8c79d-802b-4545-99d4-71d784667f05", "Shape__Are": 212496.251953125, "Shape__Len": 2003.7791329380891 }, "geometry": { "type": "Polygon", "coordinates": [ [ [ 18.49235066879239, 69.050736315795376 ], [ 18.510695803612432, 69.050355845403587 ], [ 18.510686775861974, 69.047142747617471 ], [ 18.504589655460105, 69.047364303480748 ], [ 18.500989660555071, 69.047569007976847 ], [ 18.496614664329933, 69.048523544979176 ], [ 18.49294742061419, 69.049624447033807 ], [ 18.49235066879239, 69.050736315795376 ] ] ] } },
{ "type": "Feature", "properties": { "OBJECTID": 191.0, "forbudsomr": "Restrictions", "typeforbud": "Alle sensorer. (Inkludert foto/video).", "navn": "Nordkapp", "refnr": "0134", "GlobalID": "224fda46-7d00-4b76-aca6-37d951165fbd", "Shape__Are": 367980.53271484375, "Shape__Len": 2150.5999572768374 }, "geometry": { "type": "Polygon", "coordinates": [ [ [ 25.76665413558781, 71.156504365634916 ], [ 25.766279318436709, 71.156419252414992 ], [ 25.765892218037649, 71.15634009088609 ], [ 25.765493738848512, 71.15626706569563 ], [ 25.765084813839501, 71.156200347104786 ], [ 25.764666396320763, 71.156140091465005 ], [ 25.764239461690341, 71.156086439298406 ], [ 25.763805010163516, 71.156039515140094 ], [ 25.763364050916323, 71.155999429370368 ], [ 25.762917616970572, 71.155966274622173 ], [ 25.762466750318595, 71.155940129374542 ], [ 25.762012502692734, 71.155921054271445 ], [ 25.761555936551446, 71.155909093883707 ], [ 25.761098113693983, 71.155904276462095 ], [ 25.760640108401994, 71.155906612264403 ], [ 25.760182983408964, 71.15591609586231 ], [ 25.759727809962552, 71.155932706793948 ], [ 25.759275650773564, 71.155956404189979 ], [ 25.758827558492229, 71.155987134136879 ], [ 25.758384584164006, 71.15602482463882 ], [ 25.757947755923308, 71.156069387765299 ], [ 25.757518098565143, 71.156120719422603 ], [ 25.75709661349331, 71.156178698700501 ], [ 25.756684283409967, 71.156243191236399 ], [ 25.756282071339569, 71.156314047452994 ], [ 25.755890919162564, 71.156391099915012 ], [ 25.755511737421937, 71.156474170286089 ], [ 25.75514541056177, 71.156563063567759 ], [ 25.754792797143811, 71.156657573542105 ], [ 25.754454721458782, 71.156757477802302 ], [ 25.75413196878069, 71.156862544392737 ], [ 25.753825294308989, 71.156972527651291 ], [ 25.753535415972205, 71.157087170445067 ], [ 25.753263009956182, 71.15720620624792 ], [ 25.753008714194099, 71.157329355299353 ], [ 25.752773120891987, 71.157456331402969 ], [ 25.75255678001778, 71.157586838085479 ], [ 25.752360197062874, 71.157720569635217 ], [ 25.752183834998192, 71.157857214624556 ], [ 25.752028101898787, 71.157996453900097 ], [ 25.75189336331119, 71.15813796259124 ], [ 25.751779935818188, 71.15828140866455 ], [ 25.751688082285895, 71.158426459564197 ], [ 25.751618021567857, 71.158572774373042 ], [ 25.751569913339036, 71.158720011967461 ], [ 25.751543871228282, 71.158867829344629 ], [ 25.751539959597327, 71.159015880899759 ], [ 25.751558183121947, 71.159163819940247 ], [ 25.751598505589428, 71.159311302140125 ], [ 25.751660831579098, 71.159457982966373 ], [ 25.751745012397802, 71.159603518243685 ], [ 25.75185085495475, 71.159747570004015 ], [ 25.751978112875552, 71.159889800637515 ], [ 25.752126486710431, 71.160029878336601 ], [ 25.752295634342651, 71.160167475582256 ], [ 25.752485158334586, 71.160302271698072 ], [ 25.752694615847034, 71.160433950455769 ], [ 25.752923518849084, 71.160562205519625 ], [ 25.753171334881074, 71.160686736765413 ], [ 25.753437480343656, 71.16080725339873 ], [ 25.753721340066992, 71.16092347372863 ], [ 25.754022247737357, 71.161035125395784 ], [ 25.754339499249589, 71.161141949144536 ], [ 25.754672356198416, 71.161243694983668 ], [ 25.755020041406315, 71.161340124265806 ], [ 25.755381740884115, 71.161431013211711 ], [ 25.755756609559711, 71.161516148032007 ], [ 25.756143774220025, 71.161595330213018 ], [ 25.756542329807004, 71.161668374914584 ], [ 25.756951342146145, 71.161735110812288 ], [ 25.757369858578489, 71.16179538402757 ], [ 25.757796901316866, 71.161849051239884 ], [ 25.758231469625571, 71.16189598865445 ], [ 25.758672553239972, 71.161936085767266 ], [ 25.759119117975811, 71.161969249839473 ], [ 25.759570120129588, 71.161995401424036 ], [ 25.760024507679955, 71.16201448157139 ], [ 25.760481216861439, 71.162026445663543 ], [ 25.760939180838417, 71.162031263820182 ], [ 25.761397332652869, 71.162028926183623 ], [ 25.761854599562337, 71.162019437792281 ], [ 25.762309913185284, 71.16200282162869 ], [ 25.762762207545325, 71.161979115095903 ], [ 25.763210430197496, 71.161948374826949 ], [ 25.763653528387213, 71.161910672033358 ], [ 25.764090473315871, 71.161866095641059 ], [ 25.76452023812109, 71.161814748114296 ], [ 25.764941820887305, 71.161756751392261 ], [ 25.765354237509705, 71.161692239119574 ], [ 25.76575652562228, 71.161621363692063 ], [ 25.766147740677216, 71.161544289209431 ], [ 25.766526973502074, 71.161461197728528 ], [ 25.766893337218907, 71.161372280929825 ], [ 25.767245972152153, 71.16127774892459 ], [ 25.767584060496162, 71.161177821217052 ], [ 25.767906809197285, 71.161072731336404 ], [ 25.768213465818956, 71.160962725003756 ], [ 25.768503312108592, 71.160848058686724 ], [ 25.768775670920459, 71.160729001923841 ], [ 25.769029911447845, 71.160605831563004 ], [ 25.769265434338411, 71.160478835354425 ], [ 25.769481693007464, 71.160348309800455 ], [ 25.769678182241275, 71.160214559908198 ], [ 25.769854440919573, 71.160077899030256 ], [ 25.770010061442477, 71.159938645587133 ], [ 25.770144679804762, 71.15979712546266 ], [ 25.770257979080068, 71.159653668162989 ], [ 25.770349699555474, 71.159508609863536 ], [ 25.770419622154115, 71.159362288916682 ], [ 25.770467588490281, 71.159215046502922 ], [ 25.77049348723579, 71.159067227423549 ], [ 25.770497255367836, 71.158919177299552 ], [ 25.770478885358315, 71.158771240334062 ], [ 25.770438424405121, 71.158623762994239 ], [ 25.770375961070904, 71.158477090241732 ], [ 25.770291646590572, 71.158331563383371 ], [ 25.77018567676857, 71.158187522943066 ], [ 25.770058298677977, 71.158045305544235 ], [ 25.769909812889921, 71.15790524287064 ], [ 25.769740562567126, 71.157767662301367 ], [ 25.769550946595668, 71.157632885237703 ], [ 25.769341407207353, 71.157501225095729 ], [ 25.769112434663821, 71.157372990671703 ], [ 25.768864562074747, 71.157248481897341 ], [ 25.76859837258996, 71.157127987603303 ], [ 25.768314482282214, 71.157011790153391 ], [ 25.7680135572602, 71.156900160812171 ], [ 25.767696302766076, 71.156793360380149 ], [ 25.767363457233813, 71.156691638631031 ], [ 25.767015796268129, 71.156595231353037 ], [ 25.76665413558781, 71.156504365634916 ] ] ] } },
{ "type": "Feature", "properties": { "OBJECTID": 193.0, "forbudsomr": "Restrictions", "typeforbud": "Alle sensorer. (Inkludert foto/video).", "navn": "Holmfjell", "refnr": "0069", "GlobalID": "fdc1091b-03ce-4c1c-b58c-36776c43f590", "Shape__Are": 418754.3017578125, "Shape__Len": 2294.1603814110631 }, "geometry": { "type": "Polygon", "coordinates": [ [ [ 30.319074673580314, 70.222284186923758 ], [ 30.318750419227108, 70.222179411150009 ], [ 30.31841212338092, 70.222079856069399 ], [ 30.318060517951331, 70.221985739012212 ], [ 30.317696366444881, 70.221897261637636 ], [ 30.317320458358854, 70.221814616880081 ], [ 30.316933605233398, 70.221737983760946 ], [ 30.316536643207666, 70.221667527166417 ], [ 30.316130435655282, 70.221603401307675 ], [ 30.315715859601873, 70.221545742606551 ], [ 30.315293812310369, 70.221494678344655 ], [ 30.314865209152448, 70.221450316704804 ], [ 30.314430976766644, 70.22141275566959 ], [ 30.313992056117179, 70.221382076299292 ], [ 30.313549395495116, 70.221358344265568 ], [ 30.313103956288828, 70.221341610270912 ], [ 30.312656698981701, 70.221331913115819 ], [ 30.312208595769697, 70.221329271219972 ], [ 30.311760612846015, 70.221333691546789 ], [ 30.311313722439053, 70.221345163942132 ], [ 30.310868891364144, 70.221363663978082 ], [ 30.31042708226639, 70.221389151000068 ], [ 30.309989253045458, 70.221421570944202 ], [ 30.30955634912068, 70.22146085332291 ], [ 30.309129309859333, 70.221506912508872 ], [ 30.308709056469159, 70.221559649713214 ], [ 30.308296502798331, 70.221618949276433 ], [ 30.307892540751045, 70.221684684551832 ], [ 30.307498044005438, 70.221756712047011 ], [ 30.307113866198076, 70.221834876193341 ], [ 30.306740842164789, 70.221919007392529 ], [ 30.306379775830834, 70.222008923994608 ], [ 30.306031450428542, 70.222104431406052 ], [ 30.305696624048615, 70.222205323399464 ], [ 30.305376014239695, 70.222311379766722 ], [ 30.305070321806934, 70.222422372543051 ], [ 30.304780205117503, 70.222538060868956 ], [ 30.304506296159172, 70.222658194200065 ], [ 30.304249187111186, 70.222782512555156 ], [ 30.304009430342646, 70.222910746515268 ], [ 30.303787553154741, 70.223042618704042 ], [ 30.303584030263604, 70.223177843419421 ], [ 30.303399304307728, 70.223316128533597 ], [ 30.303233775551476, 70.223457172700734 ], [ 30.303087804589094, 70.223600672498534 ], [ 30.302961707737072, 70.223746316373109 ], [ 30.302855755209968, 70.22389378940855 ], [ 30.302770180675566, 70.224042771570822 ], [ 30.302705169794365, 70.224192940550651 ], [ 30.302660859556983, 70.224343970898374 ], [ 30.30263735046983, 70.224495535727684 ], [ 30.302634693120783, 70.224647306964101 ], [ 30.302652893940479, 70.224798955764371 ], [ 30.302691913300702, 70.224950153604155 ], [ 30.302751666167055, 70.225100573143166 ], [ 30.302832024648467, 70.225249888002466 ], [ 30.302932814856749, 70.225397775804979 ], [ 30.303053820037647, 70.225543915135717 ], [ 30.303194778746199, 70.225687990312068 ], [ 30.30335538286915, 70.22582968878973 ], [ 30.303535287257858, 70.225968703089549 ], [ 30.303734103376836, 70.226104733196394 ], [ 30.303951397984662, 70.226237484829795 ], [ 30.304186703349394, 70.226366668553965 ], [ 30.304439510974621, 70.226492005858589 ], [ 30.304709270862809, 70.226613224612635 ], [ 30.304995399254118, 70.226730062079156 ], [ 30.305297276728499, 70.226842266003885 ], [ 30.305614250101655, 70.226949593528275 ], [ 30.305945631766789, 70.227051810325605 ], [ 30.306290706854789, 70.227148696433318 ], [ 30.306648724178039, 70.227240041509958 ], [ 30.307018911636472, 70.227325647181829 ], [ 30.307400464103839, 70.227405329022517 ], [ 30.30779255744168, 70.227478913487261 ], [ 30.308194340257081, 70.227546241399509 ], [ 30.308604944124102, 70.227607167060313 ], [ 30.309023478477737, 70.227661558694834 ], [ 30.309449035068535, 70.227709297142269 ], [ 30.309880694469765, 70.227750280822889 ], [ 30.310317518920179, 70.22778441990728 ], [ 30.310758563941064, 70.227811640837473 ], [ 30.311202873811755, 70.227831883955474 ], [ 30.311649486103565, 70.22784510587536 ], [ 30.312097430368368, 70.2278512777537 ], [ 30.312545737123926, 70.227850386350894 ], [ 30.312993435304378, 70.227842434254057 ], [ 30.313439556057993, 70.227827437701436 ], [ 30.313883132172307, 70.227805429399879 ], [ 30.314323202530048, 70.227776457213849 ], [ 30.314758811455675, 70.227740583300488 ], [ 30.315189016462483, 70.227697887122702 ], [ 30.315612886861683, 70.227648460036932 ], [ 30.316029503186876, 70.227592408110013 ], [ 30.316437964940615, 70.22752985513209 ], [ 30.316837381459695, 70.227460934190688 ], [ 30.317226895146479, 70.227385796710578 ], [ 30.317605653134237, 70.227304603858173 ], [ 30.317972844528644, 70.227217532514459 ], [ 30.318327667700533, 70.227124771672123 ], [ 30.318669353936986, 70.227026521293524 ], [ 30.318997166863017, 70.22692299512714 ], [ 30.319310394041011, 70.22681441682839 ], [ 30.319608358505825, 70.226701020796824 ], [ 30.319890412418061, 70.226583054573695 ], [ 30.320155949097625, 70.226460773179241 ], [ 30.320404390908724, 70.226334441091495 ], [ 30.320635197580156, 70.226204332441512 ], [ 30.320847874445043, 70.226070727526135 ], [ 30.321041957191905, 70.225933917827447 ], [ 30.321217030899803, 70.225794198816345 ], [ 30.321372710917434, 70.225651873465367 ], [ 30.321508662635605, 70.225507249599531 ], [ 30.321624591266037, 70.22536064078767 ], [ 30.321720248841423, 70.225212364808229 ], [ 30.321795427126965, 70.225062741500437 ], [ 30.321849963462636, 70.224912096865054 ], [ 30.321883738044392, 70.224760755922645 ], [ 30.321896682978775, 70.224609047456383 ], [ 30.321888766792899, 70.224457297985268 ], [ 30.321860008018863, 70.224305838878635 ], [ 30.321810470498949, 70.224154996620285 ], [ 30.321740261565026, 70.224005097578498 ], [ 30.321649533929399, 70.223856466918747 ], [ 30.32153848115043, 70.223709426232304 ], [ 30.321407349161206, 70.223564294374526 ], [ 30.321256421519493, 70.22342138598556 ], [ 30.321086020640902, 70.223281009538383 ], [ 30.320896519986508, 70.223143469041858 ], [ 30.320688332526313, 70.223009063203733 ], [ 30.320461902336227, 70.222878081552892 ], [ 30.320217727740399, 70.222750809798299 ], [ 30.319956331080775, 70.222627522322981 ], [ 30.31967828309725, 70.222508485590339 ], [ 30.319384186285681, 70.222393957752956 ], [ 30.319074673580314, 70.222284186923758 ] ] ] } },
{ "type": "Feature", "properties": { "OBJECTID": 197.0, "forbudsomr": "Restrictions", "typeforbud": "Alle sensorer. (Inkludert foto/video).", "navn": "Iskuras", "refnr": "0079", "GlobalID": "42f77a8a-4d5a-4317-b705-9ceb2da31c8e", "Shape__Are": 329288.17041015625, "Shape__Len": 2177.4645973436486 }, "geometry": { "type": "Polygon", "coordinates": [ [ [ 25.368477139785895, 69.299306215616909 ], [ 25.369023183718763, 69.299293348256526 ], [ 25.369567129671999, 69.299275348905098 ], [ 25.370107658612934, 69.299252261125361 ], [ 25.370637788857877, 69.299224466005654 ], [ 25.371167634479562, 69.299191432758619 ], [ 25.371690185202848, 69.299153515163141 ], [ 25.372204178400981, 69.299110804280076 ], [ 25.372703054083477, 69.299063931821493 ], [ 25.373196334939426, 69.299012004129665 ], [ 25.373677407468929, 69.2989556271136 ], [ 25.374145104549552, 69.298894935137227 ], [ 25.374593552208527, 69.298830789049845 ], [ 25.37503130947988, 69.298761963965291 ], [ 25.375452409782334, 69.298689293661155 ], [ 25.37585583852233, 69.298612956871409 ], [ 25.376236621447557, 69.298534002446985 ], [ 25.376602030194732, 69.298450926592494 ], [ 25.376946976387639, 69.298364759648365 ], [ 25.377270632737545, 69.298275711691673 ], [ 25.377569121824386, 69.298184986699908 ], [ 25.377711523708168, 69.298138212230768 ], [ 25.377848137443653, 69.29809085409218 ], [ 25.377978882341367, 69.298042941706271 ], [ 25.378103677287019, 69.297994503612813 ], [ 25.378222449502513, 69.297945569661948 ], [ 25.3783351232915, 69.297896168972457 ], [ 25.37844163378686, 69.297846331822356 ], [ 25.37853984847559, 69.297797160875362 ], [ 25.378633974707387, 69.297746548774469 ], [ 25.378721755947534, 69.29769559117014 ], [ 25.37880313773589, 69.297644318615795 ], [ 25.37887807309334, 69.297592761210851 ], [ 25.3789465138304, 69.297540951851573 ], [ 25.379008420450088, 69.297488920182673 ], [ 25.379063755165138, 69.297436699376618 ], [ 25.379111518046408, 69.297385436039832 ], [ 25.379153752737011, 69.2973329323966 ], [ 25.379189330374768, 69.297280333787185 ], [ 25.379218224786968, 69.297227670861233 ], [ 25.379240421055382, 69.297174976309421 ], [ 25.379255904262106, 69.297122282821704 ], [ 25.379264666114452, 69.297069620869564 ], [ 25.379266702094334, 69.297017023418931 ], [ 25.37926217998394, 69.296965637108983 ], [ 25.379250906089609, 69.296913259949875 ], [ 25.379232913922774, 69.296861042178818 ], [ 25.379208215561491, 69.296809013936453 ], [ 25.379176821444347, 69.29675720727802 ], [ 25.379138757394824, 69.296705654233278 ], [ 25.379094041329029, 69.296654386402523 ], [ 25.37904270277313, 69.296603432865425 ], [ 25.378986074949076, 69.296553898660335 ], [ 25.378921726355994, 69.29650366115392 ], [ 25.37885085887098, 69.29645382971313 ], [ 25.378773518254484, 69.2964044351544 ], [ 25.378689747345128, 69.296355507562609 ], [ 25.378599596458891, 69.296307076568581 ], [ 25.378503125882069, 69.296259171198045 ], [ 25.378400387992713, 69.296211820047461 ], [ 25.378293831326168, 69.296166041475544 ], [ 25.378178884598682, 69.296119872513373 ], [ 25.378057868422193, 69.296074342903978 ], [ 25.37793086009631, 69.29602947973072 ], [ 25.377797931932129, 69.29598531037874 ], [ 25.377659163717365, 69.295941861779525 ], [ 25.377514644782142, 69.29589915937764 ], [ 25.377364459895048, 69.295857229801769 ], [ 25.377212069235426, 69.295816965630394 ], [ 25.376884433792934, 69.29573715932365 ], [ 25.376535661615307, 69.295660836406952 ], [ 25.376166600832693, 69.29558817961744 ], [ 25.375782375133944, 69.29552007778139 ], [ 25.375375654653624, 69.295455229813456 ], [ 25.374951453534127, 69.295394547514988 ], [ 25.374510801371915, 69.29533817538487 ], [ 25.374059689501102, 69.29528678082788 ], [ 25.373589515137297, 69.295239380452472 ], [ 25.373106185072686, 69.295196668578171 ], [ 25.372610869155512, 69.295158745816167 ], [ 25.3721102057149, 69.295126031613805 ], [ 25.371594640938767, 69.295097899769587 ], [ 25.371070751918143, 69.295074797055918 ], [ 25.370539805140005, 69.295056780137486 ], [ 25.37000882550614, 69.295044001816208 ], [ 25.369467679341067, 69.295036217794291 ], [ 25.368923355324544, 69.295033612135839 ], [ 25.368377177905757, 69.295036191746959 ], [ 25.367836280064822, 69.29504383970243 ], [ 25.367290340007671, 69.295056702557019 ], [ 25.366746500239987, 69.295074693695398 ], [ 25.366206071311296, 69.295097770085775 ], [ 25.365676035442863, 69.295125550771033 ], [ 25.365146279675972, 69.29515856636813 ], [ 25.364623809882204, 69.295196463558213 ], [ 25.364109895360048, 69.295239151026578 ], [ 25.363611087200699, 69.295285998025633 ], [ 25.363117865579838, 69.295337896879104 ], [ 25.362636843929835, 69.29539424485624 ], [ 25.362169187603762, 69.295454905236312 ], [ 25.361720770335573, 69.29551901871497 ], [ 25.36128303344989, 69.295587809793147 ], [ 25.360861942521787, 69.295660444484639 ], [ 25.360458513331569, 69.295736747037751 ], [ 25.360077719036852, 69.295815666668815 ], [ 25.359712288295633, 69.295898707643872 ], [ 25.359367307267267, 69.295984840486327 ], [ 25.359043611034959, 69.296073854997474 ], [ 25.358745070550661, 69.296164548307786 ], [ 25.358602639259946, 69.296211307338609 ], [ 25.358465993905359, 69.296258650473476 ], [ 25.35833521525376, 69.296306548326299 ], [ 25.358210384500577, 69.296354972392777 ], [ 25.358091574511317, 69.296403892856404 ], [ 25.357978858579827, 69.296453280782345 ], [ 25.357872306656262, 69.296503105621809 ], [ 25.357774052287372, 69.296552264982537 ], [ 25.357679880980029, 69.296602865171934 ], [ 25.357592054048808, 69.296653813317235 ], [ 25.357510624786389, 69.296705076243626 ], [ 25.357435640712254, 69.29675662475691 ], [ 25.357367150135431, 69.296808425982704 ], [ 25.357305192671966, 69.296860450295867 ], [ 25.357249806233902, 69.296912664541651 ], [ 25.357201991998288, 69.296963922243194 ], [ 25.357159704213917, 69.297016420945383 ], [ 25.357124072981104, 69.297069015450433 ], [ 25.357095124601106, 69.297121675119257 ], [ 25.357072873697422, 69.297174366386528 ], [ 25.357057336598825, 69.297227059214876 ], [ 25.357048517955992, 69.297279720640674 ], [ 25.357046427832508, 69.297332318280098 ], [ 25.35705089971832, 69.297383705462195 ], [ 25.357062120157508, 69.297436084520399 ], [ 25.357080059411238, 69.297488305049058 ], [ 25.357104705528059, 69.297540336900752 ], [ 25.357136045703307, 69.297592148162849 ], [ 25.35717406171856, 69.297643706341518 ], [ 25.357218728300658, 69.297694980276773 ], [ 25.357270018534511, 69.297745940723033 ], [ 25.357326600303207, 69.297795482453267 ], [ 25.357390903218292, 69.297845728410053 ], [ 25.35746172652679, 69.297895569050624 ], [ 25.357539024575637, 69.297944973535806 ], [ 25.357622754629816, 69.297993911757274 ], [ 25.357712863978932, 69.298042354209286 ], [ 25.357809299910702, 69.298090271385533 ], [ 25.357912002656974, 69.298137635113832 ], [ 25.358018526942615, 69.298183426567604 ], [ 25.358133442722156, 69.298229609244885 ], [ 25.358254430185184, 69.298275153095517 ], [ 25.358381412100815, 69.298320031001211 ], [ 25.358514316222585, 69.298364215541625 ], [ 25.358653060327878, 69.298407679899455 ], [ 25.358797562617855, 69.298450398139195 ], [ 25.358947730890979, 69.298492344046309 ], [ 25.359100105280834, 69.298532624646157 ], [ 25.359427722830699, 69.298612464808159 ], [ 25.359776485207309, 69.298688822455532 ], [ 25.360145546866818, 69.298761514363733 ], [ 25.360529783934712, 69.298829650993369 ], [ 25.360936526409333, 69.298894533840524 ], [ 25.361360759871111, 69.298955250391714 ], [ 25.36180145440856, 69.299011655816301 ], [ 25.362252617677363, 69.299063082054658 ], [ 25.362722852639983, 69.299110511989994 ], [ 25.363206252692716, 69.299153253306628 ], [ 25.363701646033025, 69.29919120247034 ], [ 25.364202393075249, 69.299223940418614 ], [ 25.364718048617984, 69.299252093633342 ], [ 25.365242033829126, 69.299275214866569 ], [ 25.365773081290993, 69.299293247274363 ], [ 25.36630416400245, 69.299306037790984 ], [ 25.366845416856407, 69.299313830858324 ], [ 25.367389846555938, 69.29931644232731 ], [ 25.367936135083614, 69.299313864784153 ], [ 25.368477139785895, 69.299306215616909 ] ] ] } },
{ "type": "Feature", "properties": { "OBJECTID": 201.0, "forbudsomr": "Restrictions", "typeforbud": "Alle sensorer. (Inkludert foto/video).", "navn": "Vardø/Vårberget", "refnr": "0216", "GlobalID": "393516e1-c528-42de-89ae-e6e33d5e0e6f", "Shape__Are": 419306.71484375, "Shape__Len": 2654.6208555390735 }, "geometry": { "type": "Polygon", "coordinates": [ [ [ 31.11910220943675, 70.365572702646006 ], [ 31.121423846248849, 70.369327878697078 ], [ 31.122970848914001, 70.370923880041019 ], [ 31.125200660301562, 70.371499045654232 ], [ 31.126366866680474, 70.372198784298917 ], [ 31.127492509457145, 70.373024982891621 ], [ 31.130145178567208, 70.372530109002568 ], [ 31.132029087355111, 70.371813183656485 ], [ 31.132860181969708, 70.369919790064074 ], [ 31.133179706640448, 70.368025482272884 ], [ 31.133090518799257, 70.366954586671241 ], [ 31.132130178575355, 70.365450586966205 ], [ 31.130939900788167, 70.364458821528757 ], [ 31.128053496015184, 70.363356891969076 ], [ 31.125607964276305, 70.363047420256919 ], [ 31.122166458254789, 70.3634693685229 ], [ 31.119966486286078, 70.364068784862184 ], [ 31.11910220943675, 70.365572702646006 ] ] ] } },
{ "type": "Feature", "properties": { "OBJECTID": 202.0, "forbudsomr": "Restrictions", "typeforbud": "Alle sensorer. (Inkludert foto/video).", "navn": "Banak flystasjon", "refnr": "0004", "GlobalID": "647b7eb7-b7fc-4151-9a46-7d31612072ff", "Shape__Are": 5147369.3725585938, "Shape__Len": 11470.102498836519 }, "geometry": { "type": "Polygon", "coordinates": [ [ [ 24.927881304786457, 70.082264291161323 ], [ 24.936169371551944, 70.081154712569713 ], [ 24.946161021660966, 70.081609057683707 ], [ 24.967085640146919, 70.079548147694439 ], [ 24.967657725208195, 70.081282918905174 ], [ 24.971336010436506, 70.082522997074079 ], [ 24.974094546594475, 70.081944662842801 ], [ 24.976065127856192, 70.078603942215935 ], [ 24.981376176891072, 70.07704303222458 ], [ 24.995429274088664, 70.075278803946233 ], [ 24.993026953258177, 70.073547886096222 ], [ 24.998342173038996, 70.069593368432081 ], [ 24.993703304356256, 70.067058143546987 ], [ 24.993385330695457, 70.065828534266515 ], [ 24.986258635708261, 70.065000318755949 ], [ 24.981238246298034, 70.051460565099092 ], [ 24.973392830871727, 70.051610694264227 ], [ 24.973117584915425, 70.052875195495574 ], [ 24.968230420837585, 70.052850843841824 ], [ 24.953486508294986, 70.053822019310843 ], [ 24.953236793152222, 70.054425564354389 ], [ 24.946362527036179, 70.055114874168453 ], [ 24.952434313180383, 70.060516808858736 ], [ 24.952991438351525, 70.062315058154752 ], [ 24.951544745809837, 70.064071801789595 ], [ 24.947250656010112, 70.0650404171232 ], [ 24.94136632161327, 70.065863397499271 ], [ 24.941678049158604, 70.066481953724349 ], [ 24.944493476305105, 70.067670053507584 ], [ 24.946289373306236, 70.068917967010492 ], [ 24.945918869798749, 70.071885157044136 ], [ 24.944150416057969, 70.073700461764588 ], [ 24.93929797136628, 70.075417969265601 ], [ 24.927074127919333, 70.079572784033203 ], [ 24.927881304786457, 70.082264291161323 ] ] ] } },
{ "type": "Feature", "properties": { "OBJECTID": 203.0, "forbudsomr": "Restrictions", "typeforbud": "Alle sensorer. (Inkludert foto/video).", "navn": "Honningsvågfjellet", "refnr": "0070", "GlobalID": "cef219e5-2ab0-451c-a48a-f2406e888f3d", "Shape__Are": 746111.85693359375, "Shape__Len": 3429.1628849993308 }, "geometry": { "type": "Polygon", "coordinates": [ [ [ 25.891204096509423, 70.990760303316037 ], [ 25.902298088401956, 70.991157935967308 ], [ 25.904080405017641, 70.98903158441972 ], [ 25.902949790312817, 70.987085022930856 ], [ 25.907734366883574, 70.984674891218546 ], [ 25.90556029144993, 70.981710840677323 ], [ 25.893393483407447, 70.980494678739291 ], [ 25.884795703554076, 70.98127075690735 ], [ 25.884160835607208, 70.983817892660966 ], [ 25.887740580146318, 70.988170701277156 ], [ 25.891204096509423, 70.990760303316037 ] ] ] } },
{ "type": "Feature", "properties": { "OBJECTID": 204.0, "forbudsomr": "Restrictions", "typeforbud": "Alle sensorer. (Inkludert foto/video).", "navn": "Høybuktmoen", "refnr": "0075", "GlobalID": "bb42068c-f781-456d-b7c5-2b59f88bf827", "Shape__Are": 335403.15966796875, "Shape__Len": 2190.336654569337 }, "geometry": { "type": "Polygon", "coordinates": [ [ [ 29.912628351948477, 69.726414661200693 ], [ 29.914156437529194, 69.726254538151181 ], [ 29.920865634642645, 69.724846707746849 ], [ 29.918927906012605, 69.722235453329887 ], [ 29.907076598521041, 69.720223253763578 ], [ 29.902298161383239, 69.722291277627676 ], [ 29.902141451557281, 69.72420886663879 ], [ 29.902474147610544, 69.724750291672251 ], [ 29.912628351948477, 69.726414661200693 ] ] ] } },
{ "type": "Feature", "properties": { "OBJECTID": 205.0, "forbudsomr": "Restrictions", "typeforbud": "Alle sensorer. (Inkludert foto/video).", "navn": "Viksjøhøgda", "refnr": "0224", "GlobalID": "275726ab-189a-4aa3-832c-cc7b280e5ebe", "Shape__Are": 637766.51123046875, "Shape__Len": 2831.1263972894717 }, "geometry": { "type": "Polygon", "coordinates": [ [ [ 30.820636873222895, 69.631186710248144 ], [ 30.82092089712199, 69.631175227488612 ], [ 30.82120403064285, 69.631161342876197 ], [ 30.82148610314044, 69.631145065733776 ], [ 30.821766943971586, 69.631126405385245 ], [ 30.822046381334413, 69.631105373110387 ], [ 30.822324247880246, 69.631081982549091 ], [ 30.82260037560502, 69.631056246479531 ], [ 30.822868780347406, 69.631028801871594 ], [ 30.823140972509634, 69.630998473527129 ], [ 30.823410928593969, 69.630965850322539 ], [ 30.823678489008227, 69.630930952575483 ], [ 30.823943487391862, 69.630893802155086 ], [ 30.824205764818458, 69.630854420243409 ], [ 30.824465162521395, 69.630812831703793 ], [ 30.8247215217384, 69.630769061400201 ], [ 30.824969338036116, 69.630724135197468 ], [ 30.825219233213911, 69.630676126829584 ], [ 30.825465635747054, 69.630626019408609 ], [ 30.82570839397572, 69.630573843611373 ], [ 30.825947362514725, 69.630519631382171 ], [ 30.826182395984162, 69.630463414665854 ], [ 30.826413352802327, 69.63040522690396 ], [ 30.826640091548906, 69.63034510521878 ], [ 30.826857792886937, 69.630284424099472 ], [ 30.82707578409865, 69.630220582605133 ], [ 30.827289159093912, 69.630154917988705 ], [ 30.827497785878961, 69.630087469274031 ], [ 30.827701538233281, 69.630018279569697 ], [ 30.827900292920557, 69.629947388937481 ], [ 30.828093931819531, 69.62987484066096 ], [ 30.828282334337928, 69.629800678253105 ], [ 30.82846155125997, 69.629726575344804 ], [ 30.828639263300062, 69.6296493545332 ], [ 30.828811408563414, 69.629570656462846 ], [ 30.828977885946514, 69.629490529309649 ], [ 30.829138591874706, 69.629409021478736 ], [ 30.829293434000981, 69.629326182183107 ], [ 30.829442313212244, 69.629242062186179 ], [ 30.829585140306381, 69.62915671133382 ], [ 30.829718986853273, 69.629072035768971 ], [ 30.829849588318947, 69.628984404469136 ], [ 30.829973893347599, 69.62889569800798 ], [ 30.830091825450815, 69.62880597244353 ], [ 30.830203313598929, 69.628715280557003 ], [ 30.830308291217452, 69.628623677488022 ], [ 30.830406691735689, 69.628531218375528 ], [ 30.830498460466917, 69.628437960028819 ], [ 30.830581796483891, 69.628345965608986 ], [ 30.830660274904087, 69.628251292368162 ], [ 30.830731966741698, 69.62815598853642 ], [ 30.830796826067626, 69.628060111957566 ], [ 30.830854813224459, 69.627963721741608 ], [ 30.830905897803877, 69.627866875217535 ], [ 30.830950045763437, 69.627769631897763 ], [ 30.830987230491235, 69.62767205060581 ], [ 30.831016859654952, 69.627576273784612 ], [ 30.831040202967358, 69.627478197143731 ], [ 30.831056529296795, 69.627379958428406 ], [ 30.831065830685585, 69.627281616578927 ], [ 30.831068098016644, 69.627183232489585 ], [ 30.831063331419607, 69.627084865273716 ], [ 30.831051534158242, 69.626986574677119 ], [ 30.831032711972064, 69.626888420215536 ], [ 30.831007501130525, 69.626792542304941 ], [ 30.830974820605594, 69.626694830827063 ], [ 30.830935162738804, 69.626597432137018 ], [ 30.830888551256233, 69.626500405004521 ], [ 30.830835017310573, 69.626403807510584 ], [ 30.830774588416475, 69.62630769991955 ], [ 30.830707307444488, 69.62621213830144 ], [ 30.83063320933266, 69.626117182231141 ], [ 30.830554132916745, 69.626024887521638 ], [ 30.830466688227432, 69.625931296939029 ], [ 30.830372576765434, 69.625838480861873 ], [ 30.830271852606568, 69.625746496165092 ], [ 30.830164576592903, 69.625655398172157 ], [ 30.830050814514671, 69.625565241747495 ], [ 30.829930637768115, 69.625476082159011 ], [ 30.829804118904907, 69.625387972719381 ], [ 30.829674220663307, 69.625302806024877 ], [ 30.829535378318454, 69.625216932480811 ], [ 30.829390429975252, 69.625132265461431 ], [ 30.829239468632707, 69.625048857306197 ], [ 30.829082580358421, 69.62496675822463 ], [ 30.828919861118784, 69.624886017508771 ], [ 30.828751412484905, 69.624806684854761 ], [ 30.828577334048276, 69.624728807370175 ], [ 30.828401612365038, 69.62465404243413 ], [ 30.828216709603947, 69.624579183648223 ], [ 30.828026499883055, 69.624505918199134 ], [ 30.827831102579417, 69.624434291360188 ], [ 30.827630634432381, 69.62436434495379 ], [ 30.827425212833699, 69.624296121665239 ], [ 30.827214968207134, 69.624229663896401 ], [ 30.827000022729006, 69.624165010194204 ], [ 30.826785226168024, 69.624103518180576 ], [ 30.826561370646765, 69.624042550805044 ], [ 30.82633321179738, 69.623983502113575 ], [ 30.826100890265717, 69.623926407094785 ], [ 30.825864541082677, 69.623871300333761 ], [ 30.825624314129279, 69.623818215040458 ], [ 30.825380348719957, 69.623767184479746 ], [ 30.825132797703663, 69.623718238816053 ], [ 30.824887181649366, 69.623672381712922 ], [ 30.824632973661156, 69.623627647773972 ], [ 30.824375631504754, 69.623585083419769 ], [ 30.824115309015394, 69.623544713182582 ], [ 30.823852163815658, 69.623506563091894 ], [ 30.823586355844558, 69.623470655268392 ], [ 30.823318045695114, 69.623437012696499 ], [ 30.823047396277321, 69.623405654452071 ], [ 30.822780398644454, 69.623377193395939 ], [ 30.822505603256925, 69.623350410802601 ], [ 30.822228962110028, 69.623325965631366 ], [ 30.821950639764633, 69.623303872189709 ], [ 30.821670805073264, 69.623284143465014 ], [ 30.821389626886145, 69.623266792445634 ], [ 30.821107277030269, 69.623251829074363 ], [ 30.820823927330881, 69.623239263295062 ], [ 30.820545800409697, 69.623229292202382 ], [ 30.820260975078043, 69.623221489696377 ], [ 30.819975658641891, 69.62321610231254 ], [ 30.819690025746524, 69.623213133272216 ], [ 30.819404250379296, 69.623212584935089 ], [ 30.819118503897037, 69.623214456210846 ], [ 30.818832958971999, 69.623218747735848 ], [ 30.818547790598387, 69.62322545623816 ], [ 30.81826921864003, 69.62323435796759 ], [ 30.817985299315488, 69.623245835120997 ], [ 30.817702268844453, 69.623259713227512 ], [ 30.817420297622903, 69.623275982980076 ], [ 30.817139556048719, 69.623294635072639 ], [ 30.81686021568277, 69.623315658245502 ], [ 30.816582441163849, 69.623339039109837 ], [ 30.816306408352169, 69.623364765086919 ], [ 30.816038087451361, 69.623392197813615 ], [ 30.815765981031497, 69.623422513927366 ], [ 30.815496107324801, 69.623455124184119 ], [ 30.815228628201535, 69.623490008068245 ], [ 30.814963704878281, 69.623527144202157 ], [ 30.814701498575527, 69.623566511209134 ], [ 30.814442167888199, 69.623608084262003 ], [ 30.814185868939536, 69.623651838763422 ], [ 30.813938109770145, 69.623696748785861 ], [ 30.813688268448725, 69.623744740160475 ], [ 30.81344191755673, 69.62379482993353 ], [ 30.813199201206299, 69.623846988157936 ], [ 30.812960272104025, 69.623901182245092 ], [ 30.812725273057506, 69.623957380523208 ], [ 30.812494348040911, 69.624015549366248 ], [ 30.812267630976145, 69.624075652384562 ], [ 30.812049950698221, 69.624136314625019 ], [ 30.811831970782059, 69.624200137179685 ], [ 30.811618607387565, 69.624265783192101 ], [ 30.811409983086264, 69.624333211783949 ], [ 30.811206226064904, 69.624402382481733 ], [ 30.811007463858548, 69.624473253949333 ], [ 30.810813812131407, 69.624545783178377 ], [ 30.810625391505571, 69.624619926702451 ], [ 30.810446154269584, 69.624694011101795 ], [ 30.810268413820147, 69.624771213487278 ], [ 30.810096235036276, 69.624849893429854 ], [ 30.809929719103788, 69.624930002797115 ], [ 30.809768967213781, 69.625011493456427 ], [ 30.80961407924806, 69.625094315549234 ], [ 30.809465147007568, 69.625178419040921 ], [ 30.809322262298227, 69.625263753896533 ], [ 30.809188355057138, 69.625348414334312 ], [ 30.809057684849314, 69.625436030985242 ], [ 30.808933309415792, 69.625524723188093 ], [ 30.808815302941372, 69.625614435148535 ], [ 30.808703736634303, 69.625705114118247 ], [ 30.808598680392247, 69.625796705622591 ], [ 30.808500191582404, 69.625889152651126 ], [ 30.808408336976296, 69.625982400094117 ], [ 30.808324911600284, 69.626074384842752 ], [ 30.808246339803912, 69.626169049881369 ], [ 30.808174551396643, 69.626264345495002 ], [ 30.808109592541339, 69.626360213859911 ], [ 30.808051501974166, 69.626456597838782 ], [ 30.808000317118978, 69.62655343856774 ], [ 30.807956064838574, 69.626650677235332 ], [ 30.807918775131128, 69.626748255663074 ], [ 30.807889040890984, 69.626844028878253 ], [ 30.807865587616515, 69.626942103876331 ], [ 30.807849153253894, 69.627040341665165 ], [ 30.807839746021795, 69.627138683306413 ], [ 30.807837370348178, 69.627237068364266 ], [ 30.807842028841801, 69.627335437493869 ], [ 30.807853718500841, 69.627433730944674 ], [ 30.80787243202726, 69.627531890286136 ], [ 30.807897539286962, 69.6276277727993 ], [ 30.807930114579879, 69.627725489020392 ], [ 30.807969669396652, 69.627822894216322 ], [ 30.808016179603236, 69.627919928738763 ], [ 30.808069616767899, 69.628016534259459 ], [ 30.808129946188934, 69.628112651181752 ], [ 30.808197135134236, 69.628208222496724 ], [ 30.808271138990673, 69.628303189522271 ], [ 30.808350129088797, 69.628395496342236 ], [ 30.808437488036027, 69.628489099155587 ], [ 30.808531518938633, 69.628581927088561 ], [ 30.80863216494026, 69.628673926281849 ], [ 30.808739365893903, 69.628765038561355 ], [ 30.80885305371411, 69.628855209257111 ], [ 30.808973163445234, 69.628944384332371 ], [ 30.809099622039923, 69.629032509574117 ], [ 30.809229463153031, 69.629117692449 ], [ 30.809368251641821, 69.629203582986307 ], [ 30.809513148343413, 69.629288267653621 ], [ 30.809664067807979, 69.629371693381543 ], [ 30.809820917303501, 69.629453811468025 ], [ 30.809983598986179, 69.629534569988451 ], [ 30.81015201829419, 69.629613921332194 ], [ 30.810326072572622, 69.629691817712811 ], [ 30.8105017781489, 69.629766601069221 ], [ 30.810686667138121, 69.629841479023995 ], [ 30.810876865915592, 69.629914763940022 ], [ 30.811072260077932, 69.62998641003891 ], [ 30.811272732892604, 69.630056375451787 ], [ 30.811478159533578, 69.630124618134261 ], [ 30.811688419465177, 69.630191094721269 ], [ 30.811903383049902, 69.630255767307418 ], [ 30.81211819992479, 69.630317277829946 ], [ 30.812342083855619, 69.630378263631513 ], [ 30.812570276225514, 69.63043733045096 ], [ 30.812802639440534, 69.630494443889233 ], [ 30.813039028974952, 69.630549567417432 ], [ 30.813279306720357, 69.630602669455129 ], [ 30.813523322682961, 69.630653716750189 ], [ 30.813770933790575, 69.630702678181535 ], [ 30.814016608063032, 69.63074855064086 ], [ 30.814270882317413, 69.630793299457935 ], [ 30.814528295535414, 69.630835878933226 ], [ 30.814788694215242, 69.630876261682502 ], [ 30.815051917574252, 69.630914424690033 ], [ 30.815317807302648, 69.630950344711849 ], [ 30.815586200133115, 69.630983998963117 ], [ 30.815856937902453, 69.631015367882014 ], [ 30.816124027370336, 69.631043838380222 ], [ 30.816398914315261, 69.631070630267814 ], [ 30.81667565450832, 69.631095083427908 ], [ 30.816954076382974, 69.631117185083454 ], [ 30.817234011350504, 69.631136919411745 ], [ 30.817515289813166, 69.631154276226297 ], [ 30.817797743990308, 69.631169244249691 ], [ 30.818081199326887, 69.631181813755973 ], [ 30.818359433143595, 69.631191787362653 ], [ 30.818644365960797, 69.631199591740611 ], [ 30.818929790430591, 69.631204980051066 ], [ 30.819215529168478, 69.631207949299593 ], [ 30.819501413535875, 69.631208497530992 ], [ 30.819787269940566, 69.631206623249611 ], [ 30.820072919991627, 69.631202329099494 ], [ 30.820358197682911, 69.631195616580115 ], [ 30.820636873222895, 69.631186710248144 ] ] ] } },
{ "type": "Feature", "properties": { "OBJECTID": 208.0, "forbudsomr": "Restrictions", "typeforbud": "Alle sensorer. (Inkludert foto/video).", "navn": "Torvgamsletta", "refnr": "0204", "GlobalID": "402a7519-8bfc-4f84-b7c2-eb1f6e20fed7", "Shape__Are": 1173959.3994140625, "Shape__Len": 4599.884633816212 }, "geometry": { "type": "Polygon", "coordinates": [ [ [ 29.810612819971162, 69.741172326274267 ], [ 29.814772627124349, 69.743036138635176 ], [ 29.825588492384597, 69.744008582081847 ], [ 29.833938449301211, 69.744233754369574 ], [ 29.844146024003617, 69.742966359006445 ], [ 29.850241820279617, 69.742968376989509 ], [ 29.860301307554352, 69.74032526748789 ], [ 29.851589548674891, 69.737961470828978 ], [ 29.839932781851509, 69.737970423309676 ], [ 29.835190438822494, 69.735555469546441 ], [ 29.829176534869823, 69.735425165996887 ], [ 29.824362920764969, 69.736213884957806 ], [ 29.817679203473059, 69.737771420286393 ], [ 29.810612819971162, 69.741172326274267 ] ] ] } },
{ "type": "Feature", "properties": { "OBJECTID": 209.0, "forbudsomr": "Restrictions", "typeforbud": "Alle sensorer. (Inkludert foto/video).", "navn": "Skjold", "refnr": "0236", "GlobalID": "ba9a4fab-6d60-4f54-b680-7b85c47e3fb6", "Shape__Are": 1138142.138671875, "Shape__Len": 4161.0732446176671 }, "geometry": { "type": "Polygon", "coordinates": [ [ [ 19.296406310017421, 69.024503090737582 ], [ 19.285776674297413, 69.021045998875564 ], [ 19.27940005976923, 69.022569307534496 ], [ 19.266670638649696, 69.023446800089488 ], [ 19.271905211777991, 69.032099559034776 ], [ 19.291976016347856, 69.032778731215785 ], [ 19.296268937544919, 69.028931600062251 ], [ 19.294871606362758, 69.027055830593739 ], [ 19.296406310017421, 69.024503090737582 ] ] ] } },
{ "type": "Feature", "properties": { "OBJECTID": 214.0, "forbudsomr": "Restrictions", "typeforbud": "Alle sensorer. (Inkludert foto/video).", "navn": "Rena", "refnr": "0149", "GlobalID": "21bde0a6-2b55-417a-a67e-2387ef2d00a4", "Shape__Are": 2525645.7542724609, "Shape__Len": 6436.6285609817396 }, "geometry": { "type": "Polygon", "coordinates": [ [ [ 11.385741535016104, 61.14163717776367 ], [ 11.377227888233133, 61.156996435206359 ], [ 11.387087491614777, 61.162493961059326 ], [ 11.41273834111832, 61.157580737866169 ], [ 11.397479255999757, 61.144793811122213 ], [ 11.385741535016104, 61.14163717776367 ] ] ] } },
{ "type": "Feature", "properties": { "OBJECTID": 216.0, "forbudsomr": "Restrictions", "typeforbud": "Alle sensorer. (Inkludert foto/video).", "navn": "Huseby", "refnr": "0072", "GlobalID": "53ba7beb-92a7-4ff8-b868-01088a185b0d", "Shape__Are": 505093.79077148438, "Shape__Len": 2868.2439103145912 }, "geometry": { "type": "Polygon", "coordinates": [ [ [ 10.651148013877126, 59.9455986905568 ], [ 10.656825006443354, 59.944861853788602 ], [ 10.661264759825254, 59.943639157788958 ], [ 10.667187416929375, 59.941532333791159 ], [ 10.666411383205958, 59.939672377934293 ], [ 10.654324080737496, 59.937923841232696 ], [ 10.649414418764309, 59.944302876442627 ], [ 10.651148013877126, 59.9455986905568 ] ] ] } },
{ "type": "Feature", "properties": { "OBJECTID": 217.0, "forbudsomr": "Restrictions", "typeforbud": "Alle sensorer. (Inkludert foto/video).", "navn": "Terningmoen", "refnr": "0201", "GlobalID": "d044c9d8-c157-4416-aecb-40c8ae6adab4", "Shape__Are": 1230626.9284667969, "Shape__Len": 4605.2710477233677 }, "geometry": { "type": "Polygon", "coordinates": [ [ [ 11.54693971100945, 60.881148432603453 ], [ 11.547064982873763, 60.879225129799778 ], [ 11.544938534808841, 60.877972980273356 ], [ 11.541685442797004, 60.877333248256086 ], [ 11.537223046102985, 60.873350634686005 ], [ 11.517915740720422, 60.873189410491477 ], [ 11.52736402568938, 60.884333666117335 ], [ 11.54693971100945, 60.881148432603453 ] ] ] } },
{ "type": "Feature", "properties": { "OBJECTID": 219.0, "forbudsomr": "Restrictions", "typeforbud": "Alle sensorer. (Inkludert foto/video).", "navn": "Norges Bank", "refnr": "0238", "GlobalID": "06a955c0-abbc-4c89-88c9-72a899ac8cd3", "Shape__Are": 11445.997680664062, "Shape__Len": 429.16657754257079 }, "geometry": { "type": "Polygon", "coordinates": [ [ [ 10.742943407332845, 59.90935676749185 ], [ 10.744808033118113, 59.9089116572219 ], [ 10.744021660352649, 59.908105878357233 ], [ 10.742175316392073, 59.908562182070092 ], [ 10.742943407332845, 59.90935676749185 ] ] ] } },
{ "type": "Feature", "properties": { "OBJECTID": 220.0, "forbudsomr": "Restrictions", "typeforbud": "Alle sensorer. (Inkludert foto/video).", "navn": "Jørstadmoen", "refnr": "0085", "GlobalID": "777ee0dc-1e7d-435c-b07d-c6c808c4a4e7", "Shape__Are": 526184.62414550781, "Shape__Len": 2993.8737766151089 }, "geometry": { "type": "Polygon", "coordinates": [ [ [ 10.371659008681496, 61.149813722928982 ], [ 10.371578647894847, 61.151227525088274 ], [ 10.37607824170661, 61.151855650041249 ], [ 10.380824139164034, 61.152233708296563 ], [ 10.382833044649205, 61.152759094153943 ], [ 10.386248961060273, 61.153121744647379 ], [ 10.388886699026489, 61.152919624850476 ], [ 10.390593666511615, 61.152096591431565 ], [ 10.389155390888909, 61.150069602824431 ], [ 10.386078051225304, 61.148352668169586 ], [ 10.385803589358357, 61.148009468713319 ], [ 10.384661029000096, 61.145602036509409 ], [ 10.384110813838465, 61.14543620707726 ], [ 10.383475737256873, 61.145246494738849 ], [ 10.382676534589436, 61.144966643041627 ], [ 10.377833380024965, 61.146986912609549 ], [ 10.371659008681496, 61.149813722928982 ] ] ] } },
{ "type": "Feature", "properties": { "OBJECTID": 221.0, "forbudsomr": "Restrictions", "typeforbud": "Alle sensorer. (Inkludert foto/video).", "navn": "Luftkrigsskolen", "refnr": "0114", "GlobalID": "6cb3cdb0-0598-4d38-bfd0-812013164234", "Shape__Are": 45116.83251953125, "Shape__Len": 817.48264391805424 }, "geometry": { "type": "Polygon", "coordinates": [ [ [ 10.435301802333127, 63.431457087167203 ], [ 10.437524131680902, 63.431410903070464 ], [ 10.437444877984557, 63.430934498503845 ], [ 10.437548288452527, 63.430386176798798 ], [ 10.437794907356036, 63.430040451583913 ], [ 10.437305198900626, 63.429508112162473 ], [ 10.436845426620227, 63.429259414087703 ], [ 10.435848657130331, 63.429014980906196 ], [ 10.43501214269528, 63.42885219438952 ], [ 10.433342701247064, 63.429697616443747 ], [ 10.433899830546009, 63.430607275129233 ], [ 10.435301802333127, 63.431457087167203 ] ] ] } },
{ "type": "Feature", "properties": { "OBJECTID": 222.0, "forbudsomr": "Restrictions", "typeforbud": "Alle sensorer. (Inkludert foto/video).", "navn": "Luftforsvarets skoler Kjevik", "refnr": "0113", "GlobalID": "9e7c59aa-c35e-4d22-b2ff-f82bdbc644ce", "Shape__Are": 252177.76690673828, "Shape__Len": 2157.8757276956367 }, "geometry": { "type": "Polygon", "coordinates": [ [ [ 8.082772967571964, 58.209706883511835 ], [ 8.083950856114715, 58.209509694865041 ], [ 8.085600651307709, 58.209188199652033 ], [ 8.087687750958061, 58.208829553594633 ], [ 8.088455705826872, 58.208621435128542 ], [ 8.086727777608811, 58.20741732606313 ], [ 8.083016602980868, 58.205686722806718 ], [ 8.081277891614645, 58.205422345503088 ], [ 8.078483750919872, 58.205239135959978 ], [ 8.075333110383824, 58.204426240398831 ], [ 8.074718619648491, 58.207152088219097 ], [ 8.079305287086887, 58.208473041527 ], [ 8.081505486813333, 58.209426444228988 ], [ 8.082772967571964, 58.209706883511835 ] ] ] } },
{ "type": "Feature", "properties": { "OBJECTID": 223.0, "forbudsomr": "Restrictions", "typeforbud": "Alle sensorer. (Inkludert foto/video).", "navn": "Madla", "refnr": "0120", "GlobalID": "d78bee3e-1530-463b-b433-536ebfae7728", "Shape__Are": 428415.74659729004, "Shape__Len": 2731.143632572755 }, "geometry": { "type": "Polygon", "coordinates": [ [ [ 5.664083938429194, 58.951912437642648 ], [ 5.667221386979274, 58.952333750756331 ], [ 5.670939689264574, 58.952958738309512 ], [ 5.672350393237054, 58.953015218146724 ], [ 5.672838266512047, 58.952353399690523 ], [ 5.671848729726738, 58.950362245581978 ], [ 5.671019892135408, 58.948668556156981 ], [ 5.669947748764969, 58.946385293868765 ], [ 5.669705445589306, 58.943954775025972 ], [ 5.668891510153835, 58.943734911799154 ], [ 5.666500928933663, 58.944101621546686 ], [ 5.663746272290712, 58.945875045296859 ], [ 5.662230867671231, 58.947447701327157 ], [ 5.661939549224763, 58.94857310275907 ], [ 5.662198162042171, 58.949409218360536 ], [ 5.661829034966401, 58.950529242730227 ], [ 5.664083938429194, 58.951912437642648 ] ] ] } },
{ "type": "Feature", "properties": { "OBJECTID": 224.0, "forbudsomr": "Restrictions", "typeforbud": "Alle sensorer. (Inkludert foto/video).", "navn": "Sortland", "refnr": "0182", "GlobalID": "2731f83d-7b09-4307-9618-5d78d3717b00", "Shape__Are": 40909.34228515625, "Shape__Len": 835.61891462895346 }, "geometry": { "type": "Polygon", "coordinates": [ [ [ 15.415637669141748, 68.704346182685285 ], [ 15.419501121962851, 68.704311402909795 ], [ 15.419341403740725, 68.701969795338414 ], [ 15.415478355317475, 68.702004571328857 ], [ 15.415637669141748, 68.704346182685285 ] ] ] } },
{ "type": "Feature", "properties": { "OBJECTID": 228.0, "forbudsomr": "Restrictions", "typeforbud": "Alle sensorer. (Inkludert foto/video).", "navn": "Farstad/Stemhesten", "refnr": "0036", "GlobalID": "243ff08c-120a-402f-8fbf-1683ed3fb448", "Shape__Are": 871548.63677978516, "Shape__Len": 3309.6187585399016 }, "geometry": { "type": "Polygon", "coordinates": [ [ [ 7.210573627527379, 62.982829521433153 ], [ 7.210648434536466, 62.982649697886792 ], [ 7.210707855412422, 62.982468690202978 ], [ 7.210751803613593, 62.982286770645452 ], [ 7.210780210199471, 62.982104212448384 ], [ 7.210793033602744, 62.981921290358045 ], [ 7.210790255955629, 62.98173827952678 ], [ 7.210771881132894, 62.98155545540456 ], [ 7.210737936704468, 62.981373093847196 ], [ 7.210688473169518, 62.981191466562045 ], [ 7.210623567674626, 62.981010849436096 ], [ 7.210543316619956, 62.980831513101897 ], [ 7.210447840568603, 62.980653726819718 ], [ 7.210337284244457, 62.980477758477832 ], [ 7.210211813097252, 62.980303872597332 ], [ 7.210071617210038, 62.980132330549175 ], [ 7.209916907387972, 62.979963390337744 ], [ 7.209747915156612, 62.979797306601199 ], [ 7.209564897384341, 62.979634328160628 ], [ 7.209368129702157, 62.979474700363234 ], [ 7.209157904785998, 62.979318664084971 ], [ 7.208934541127006, 62.979166452607508 ], [ 7.208698375737071, 62.97901829662905 ], [ 7.208449762144709, 62.978874416933991 ], [ 7.208189076544988, 62.978735031051691 ], [ 7.207916709217208, 62.978600348268742 ], [ 7.207633068195452, 62.978470570735531 ], [ 7.207338585131994, 62.978345893791889 ], [ 7.207033699422391, 62.978226505989632 ], [ 7.206718869169874, 62.97811258518891 ], [ 7.206394569994111, 62.978004303004916 ], [ 7.206061287451766, 62.977901823485361 ], [ 7.205719523853884, 62.977805299879478 ], [ 7.20536979388107, 62.977714876199947 ], [ 7.205012621676534, 62.97763069067193 ], [ 7.204648546901145, 62.97755286794736 ], [ 7.204278113055542, 62.977481525676829 ], [ 7.203901880161695, 62.977416771603956 ], [ 7.203520413275959, 62.977358702025704 ], [ 7.203134287638942, 62.977307404785876 ], [ 7.202744079143269, 62.977262957843813 ], [ 7.202350378970255, 62.977225426477084 ], [ 7.201953776287273, 62.977194868638684 ], [ 7.201554867736533, 62.977171329166289 ], [ 7.201154254528956, 62.977154843231247 ], [ 7.200752538537392, 62.977145436121511 ], [ 7.200350322298723, 62.977143123241738 ], [ 7.199948212162898, 62.977147905776036 ], [ 7.199546810524017, 62.977159777475897 ], [ 7.199146722639712, 62.977178721429127 ], [ 7.198748551485636, 62.977204707066477 ], [ 7.198352891702066, 62.977237697947594 ], [ 7.197960340037597, 62.977277642413434 ], [ 7.197571487341105, 62.977324481263729 ], [ 7.197186917802089, 62.97737814320201 ], [ 7.196807207759747, 62.977438549281423 ], [ 7.196432931283775, 62.977505606897324 ], [ 7.196064648495293, 62.977579216357569 ], [ 7.195702914817796, 62.977659265981551 ], [ 7.19534827368371, 62.977745637109074 ], [ 7.195001258206214, 62.977838197875705 ], [ 7.194662391225853, 62.977936810434649 ], [ 7.194332178687065, 62.978041326075811 ], [ 7.194011122843132, 62.978151587764032 ], [ 7.193699700519172, 62.978267429833203 ], [ 7.193398382896198, 62.978388678182668 ], [ 7.193107625739338, 62.978515149733624 ], [ 7.192827860625289, 62.978646655551167 ], [ 7.192559513965262, 62.97878299648589 ], [ 7.192302985550198, 62.978923969201055 ], [ 7.192058662187469, 62.979069359709968 ], [ 7.191826913597386, 62.979218951269935 ], [ 7.191608084072503, 62.979372518503212 ], [ 7.191402507874536, 62.979529829154814 ], [ 7.191210492164539, 62.979690648558339 ], [ 7.19103232453695, 62.979854733736836 ], [ 7.190868273779134, 62.980021837957089 ], [ 7.19071858791553, 62.98019171062051 ], [ 7.19058349272927, 62.98036409537584 ], [ 7.190463188850754, 62.980538733566775 ], [ 7.19035786005203, 62.980715362887871 ], [ 7.190267663471994, 62.980893716841067 ], [ 7.190192736716535, 62.981073527837481 ], [ 7.190133192470355, 62.981254525092858 ], [ 7.190089118017156, 62.9814364364059 ], [ 7.190060583056328, 62.981618988592395 ], [ 7.190047629927395, 62.981801906942124 ], [ 7.190050277278348, 62.981984916325061 ], [ 7.190068522018142, 62.982167741300081 ], [ 7.190102339314548, 62.982350106114865 ], [ 7.190151673578739, 62.98253173871732 ], [ 7.19021645429587, 62.982712363513478 ], [ 7.190296585815571, 62.982891709824806 ], [ 7.190391944395578, 62.983069508114497 ], [ 7.190502387973544, 62.983245490530557 ], [ 7.190627751777826, 62.983419392467432 ], [ 7.190767846370758, 62.983590952457376 ], [ 7.190922461556423, 62.983759912388159 ], [ 7.19109136442412, 62.983926017394673 ], [ 7.191274302539917, 62.9840890187441 ], [ 7.191471000752023, 62.984248670951473 ], [ 7.191681160950499, 62.984404732669255 ], [ 7.191904470885131, 62.984556970787693 ], [ 7.192140591913164, 62.984705154339665 ], [ 7.192389170772031, 62.984849062375119 ], [ 7.192649831475816, 62.984988477194015 ], [ 7.192922185850077, 62.985123189444579 ], [ 7.193205820085791, 62.985252996474159 ], [ 7.19350030842354, 62.985377703090251 ], [ 7.193805211437398, 62.985497120562847 ], [ 7.194120067021217, 62.985611070636914 ], [ 7.194444401596344, 62.985719380740392 ], [ 7.194777728679496, 62.985821889320079 ], [ 7.1951195444509, 62.985918440181059 ], [ 7.195469339530048, 62.986008890360971 ], [ 7.195826581575249, 62.986093101041703 ], [ 7.196190738312449, 62.986170947853594 ], [ 7.196561257941157, 62.986242312567754 ], [ 7.19693758577603, 62.986307087630465 ], [ 7.197319154234622, 62.986365176509977 ], [ 7.197705389420102, 62.986416491354923 ], [ 7.198095708929241, 62.986460953775257 ], [ 7.19848952871979, 62.98649849883369 ], [ 7.198886251097641, 62.986529068061479 ], [ 7.19928528455385, 62.98655261687734 ], [ 7.199686025170771, 62.986569109945208 ], [ 7.200087870548075, 62.986578521045054 ], [ 7.200490216656894, 62.986580837410443 ], [ 7.200892457079926, 62.986576055174112 ], [ 7.201293988401655, 62.98656418147192 ], [ 7.201694204583895, 62.986545233228107 ], [ 7.202092504072634, 62.986519240257053 ], [ 7.202488286844289, 62.986486241489175 ], [ 7.202880956124346, 62.986446285968562 ], [ 7.203269925971168, 62.986399434176079 ], [ 7.203654605637553, 62.986345757161246 ], [ 7.204034418122235, 62.986285333961426 ], [ 7.204408792637149, 62.986218257500809 ], [ 7.204777166517053, 62.986144627476122 ], [ 7.205138983790373, 62.986064555691854 ], [ 7.205493700521562, 62.985978160941357 ], [ 7.205840783143478, 62.985885575231187 ], [ 7.206179710366063, 62.985786936666692 ], [ 7.206509970030372, 62.985682393789325 ], [ 7.206831067644889, 62.985572103342491 ], [ 7.207142517612745, 62.985456233393961 ], [ 7.207443855152904, 62.985334955874578 ], [ 7.207734624141801, 62.985208454928078 ], [ 7.208014387079096, 62.98507691934099 ], [ 7.208282725374332, 62.984940548875301 ], [ 7.208539233433639, 62.98479954672041 ], [ 7.208783524572944, 62.984654127040166 ], [ 7.209015235117473, 62.98450450707746 ], [ 7.209234013196399, 62.984350911947431 ], [ 7.209439530710432, 62.984193574397963 ], [ 7.209631480850708, 62.984032729256995 ], [ 7.209809572519912, 62.983868619439882 ], [ 7.209973537387403, 62.983701491828207 ], [ 7.210123131842797, 62.983531597377407 ], [ 7.210258130653215, 62.983359192569914 ], [ 7.210378327914887, 62.983184535857696 ], [ 7.210483546349385, 62.983007889982389 ], [ 7.210573627527379, 62.982829521433153 ] ] ] } },
{ "type": "Feature", "properties": { "OBJECTID": 232.0, "forbudsomr": "Restrictions", "typeforbud": "Alle sensorer. (Inkludert foto/video).", "navn": "Heggerneset", "refnr": "0055", "GlobalID": "9f77508a-c793-4680-9205-790e7343ac53", "Shape__Are": 91544.022583007812, "Shape__Len": 1072.7644026307667 }, "geometry": { "type": "Polygon", "coordinates": [ [ [ 5.096725414705427, 60.523994624547299 ], [ 5.096617916891414, 60.523904763098827 ], [ 5.096498225980147, 60.523818726196822 ], [ 5.096366903111252, 60.523736915088634 ], [ 5.096224559291597, 60.523659712134922 ], [ 5.096071858552746, 60.523587476522522 ], [ 5.095909514088599, 60.52352054488081 ], [ 5.095738279555492, 60.523459229725859 ], [ 5.095558955547352, 60.523403816326656 ], [ 5.095372378283716, 60.523354563668299 ], [ 5.095179417113171, 60.52331170064582 ], [ 5.094980970107596, 60.523275428449544 ], [ 5.094777965973802, 60.52324591437435 ], [ 5.094571347790146, 60.523223296936074 ], [ 5.094362079756769, 60.523207681852831 ], [ 5.094151138225945, 60.523199141373333 ], [ 5.093939506048814, 60.523197714758162 ], [ 5.093728169965615, 60.523203410798914 ], [ 5.093518113819002, 60.52321620007033 ], [ 5.093310319145266, 60.523236024928259 ], [ 5.093105754525756, 60.523262792376983 ], [ 5.092905370636857, 60.523296378222419 ], [ 5.092710104660382, 60.523336624687246 ], [ 5.092520866087713, 60.523383344776001 ], [ 5.09233853520046, 60.523436321255502 ], [ 5.092163965139962, 60.523495305904355 ], [ 5.0919979674374, 60.523560024762034 ], [ 5.091841318217246, 60.523630175878331 ], [ 5.091694746339574, 60.52370543204335 ], [ 5.091558934649266, 60.523785442690219 ], [ 5.09143451818158, 60.523869833759704 ], [ 5.091322075073371, 60.523958213352721 ], [ 5.091222131242787, 60.524050168460548 ], [ 5.091135153094197, 60.524145270751973 ], [ 5.09106154365453, 60.524243077187826 ], [ 5.091001647954744, 60.524343130423951 ], [ 5.090955747255199, 60.52444496561727 ], [ 5.09092405088895, 60.524548107099299 ], [ 5.090906711045241, 60.524652074008607 ], [ 5.090903807591186, 60.524756381867896 ], [ 5.090915352906499, 60.524860544756073 ], [ 5.090941295469301, 60.52496407557733 ], [ 5.090981512285762, 60.525066492733181 ], [ 5.091035816611065, 60.525167318891725 ], [ 5.091103955605911, 60.525266082622259 ], [ 5.09118561353401, 60.525362325874845 ], [ 5.091280406491363, 60.525455597251458 ], [ 5.09138789375862, 60.525545462811642 ], [ 5.091507576550285, 60.525631504169596 ], [ 5.091638893877813, 60.525713319994878 ], [ 5.091781234837783, 60.525790527838957 ], [ 5.091933935451809, 60.525862768423941 ], [ 5.092096282528161, 60.525929705027778 ], [ 5.092267522362141, 60.525991025042046 ], [ 5.092446854260886, 60.526046443107148 ], [ 5.092633441857902, 60.526095700151117 ], [ 5.092826415612093, 60.526138567197194 ], [ 5.093024875422715, 60.526174842845691 ], [ 5.093227897694587, 60.526204360138244 ], [ 5.093434533661233, 60.526226980098244 ], [ 5.093643820585831, 60.52624259709502 ], [ 5.093854781764151, 60.526251138844273 ], [ 5.09406643397906, 60.526252566061743 ], [ 5.09427779011707, 60.526246869944558 ], [ 5.094487864167387, 60.526234079785013 ], [ 5.094695679610604, 60.526214253644675 ], [ 5.094900262400686, 60.526187483257779 ], [ 5.095100662504321, 60.526153895644512 ], [ 5.095295943250813, 60.526113645978249 ], [ 5.095485194873681, 60.52606692131409 ], [ 5.095667536034965, 60.526013941607282 ], [ 5.095842114215149, 60.525954952502524 ], [ 5.096008115664421, 60.525890228793287 ], [ 5.096164769538912, 60.525820072921057 ], [ 5.096311341541441, 60.525744811783468 ], [ 5.096447150619428, 60.525664796174432 ], [ 5.096571561786319, 60.525580400245673 ], [ 5.096683995209284, 60.525492015852315 ], [ 5.096783930501153, 60.525400056493282 ], [ 5.096870896338753, 60.52530494929384 ], [ 5.096944490906046, 60.52520714015575 ], [ 5.097004370535196, 60.525107082952232 ], [ 5.097050253178905, 60.525005246121736 ], [ 5.097081930653975, 60.524902102726088 ], [ 5.097099250850217, 60.524798134547048 ], [ 5.097102134266432, 60.524693826085525 ], [ 5.097090568896164, 60.52458966327373 ], [ 5.097064606635156, 60.524486133206153 ], [ 5.097024370843904, 60.524383717467188 ], [ 5.096970048620659, 60.524282893362326 ], [ 5.09690189341115, 60.524184131399586 ], [ 5.096820220440156, 60.52408789223297 ], [ 5.096725414705427, 60.523994624547299 ] ] ] } },
{ "type": "Feature", "properties": { "OBJECTID": 234.0, "forbudsomr": "Restrictions", "typeforbud": "Alle sensorer. (Inkludert foto/video).", "navn": "Herdla", "refnr": "0061", "GlobalID": "f26dde85-eb5b-4c56-9dbd-e7ce8fa36a84", "Shape__Are": 280764.53509521484, "Shape__Len": 2400.7534574220399 }, "geometry": { "type": "Polygon", "coordinates": [ [ [ 4.951807359545412, 60.57320798615936 ], [ 4.950708182509942, 60.573128123038323 ], [ 4.94956845099441, 60.573183721879097 ], [ 4.949502566829271, 60.573115176514563 ], [ 4.949095332173014, 60.573032527013233 ], [ 4.946655466792033, 60.57454568050278 ], [ 4.945094882169448, 60.572976433740024 ], [ 4.942949342897069, 60.572640199935705 ], [ 4.942051991124873, 60.573978132128907 ], [ 4.941531767196079, 60.575763349789831 ], [ 4.941474132399713, 60.577054949692268 ], [ 4.94299860318275, 60.577826866083136 ], [ 4.945427303369748, 60.578785780803784 ], [ 4.94665637783062, 60.578253964643366 ], [ 4.949588399329205, 60.577265573089655 ], [ 4.951057486337154, 60.57583034613338 ], [ 4.952155733391918, 60.575429175950894 ], [ 4.952974054041677, 60.574138437760098 ], [ 4.953494989313973, 60.573146320130498 ], [ 4.952524166830543, 60.5729493183605 ], [ 4.952113175462515, 60.573046236809468 ], [ 4.951807359545412, 60.57320798615936 ] ] ] } },
{ "type": "Feature", "properties": { "OBJECTID": 243.0, "forbudsomr": "Restrictions", "typeforbud": "Alle sensorer. (Inkludert foto/video).", "navn": "Sørvær", "refnr": "0198", "GlobalID": "bd77674e-2707-4bd9-83f4-278b973054a0", "Shape__Are": 272343.55126953125, "Shape__Len": 1850.1727485885378 }, "geometry": { "type": "Polygon", "coordinates": [ [ [ 21.96951165837919, 70.653480799535046 ], [ 21.969193017750921, 70.65339357597685 ], [ 21.96886115169286, 70.653311953197246 ], [ 21.968516957527346, 70.65323614933547 ], [ 21.968161361027153, 70.653166370623083 ], [ 21.967795324679418, 70.653102803854068 ], [ 21.96741982745014, 70.653045620766903 ], [ 21.967035890704913, 70.6529949743488 ], [ 21.966644541866486, 70.65295100383355 ], [ 21.966246838169859, 70.652913824775524 ], [ 21.965843850970042, 70.652883538668789 ], [ 21.965436666574622, 70.652860227504974 ], [ 21.965026380879948, 70.652843953978788 ], [ 21.964614104745973, 70.652834761283131 ], [ 21.964200942525299, 70.652832673930035 ], [ 21.963788008795337, 70.652837698915263 ], [ 21.963376421448007, 70.652849821473453 ], [ 21.962967284141076, 70.65286900935601 ], [ 21.962561702102086, 70.652895211325628 ], [ 21.96216076540771, 70.652928355991108 ], [ 21.961765558280387, 70.652968355059599 ], [ 21.961377144123805, 70.653015099398644 ], [ 21.960996570068207, 70.653068464273247 ], [ 21.960624859749892, 70.653128304210185 ], [ 21.960263018474034, 70.65319446001493 ], [ 21.959912017320974, 70.653266752163276 ], [ 21.95957280605267, 70.653344986620709 ], [ 21.959246298455003, 70.653428951793856 ], [ 21.958933373267399, 70.653518421199834 ], [ 21.958634874493331, 70.653613154355185 ], [ 21.958351605722562, 70.653712896090013 ], [ 21.95808433281606, 70.653817376444351 ], [ 21.957833774712462, 70.653926315527627 ], [ 21.957600607250662, 70.654039418862254 ], [ 21.957385459035322, 70.65415638114797 ], [ 21.957188912052942, 70.654276888041153 ], [ 21.957011495372061, 70.654400613688523 ], [ 21.956853686685555, 70.654527225176835 ], [ 21.956715911997705, 70.6546563816419 ], [ 21.95659854324429, 70.654787735260655 ], [ 21.956501897978818, 70.654920930360248 ], [ 21.956426235852415, 70.655055608963082 ], [ 21.956371763050978, 70.655191407911019 ], [ 21.956338624853089, 70.655327960952746 ], [ 21.95632691161239, 70.655464900318677 ], [ 21.956336653072658, 70.655601856035673 ], [ 21.956367830647498, 70.655738459967438 ], [ 21.956420352012902, 70.655874343176592 ], [ 21.956494082491286, 70.656009140137982 ], [ 21.956588819644058, 70.656142486101004 ], [ 21.956704311540229, 70.656274022705517 ], [ 21.956840244774416, 70.656403394831941 ], [ 21.956996256438767, 70.656530253752194 ], [ 21.957171920383658, 70.65665425675256 ], [ 21.957366770240309, 70.656775070764937 ], [ 21.95758027370503, 70.656892368839578 ], [ 21.957811861860847, 70.657005836241538 ], [ 21.95806090821447, 70.657115164938602 ], [ 21.958326742217501, 70.657220061202722 ], [ 21.958608642966958, 70.657320243145747 ], [ 21.958905857691573, 70.657415439112995 ], [ 21.959217579130602, 70.657505393056809 ], [ 21.959542969082651, 70.65758986183495 ], [ 21.959881151278719, 70.657668618189405 ], [ 21.960231213759648, 70.657741449754525 ], [ 21.96059220949677, 70.65780816083813 ], [ 21.960963169202227, 70.657868570129821 ], [ 21.961343089143025, 70.657922514774313 ], [ 21.961730947565886, 70.657969850647348 ], [ 21.962125698093313, 70.658010449001054 ], [ 21.962526273960243, 70.658044200812398 ], [ 21.962931595456116, 70.658071014695892 ], [ 21.963340573234191, 70.65809081858157 ], [ 21.963752099951783, 70.658103559133025 ], [ 21.964165066697117, 70.658109202022288 ], [ 21.964578360309883, 70.658107732032576 ], [ 21.964990868448155, 70.658099151962972 ], [ 21.965401475771362, 70.658083487284017 ], [ 21.965809074586829, 70.658060777614082 ], [ 21.966212565575162, 70.658031086612255 ], [ 21.966610862756117, 70.657994492769603 ], [ 21.967002892975596, 70.657951095741836 ], [ 21.967387594362766, 70.657901011898431 ], [ 21.96776393337511, 70.657844376376531 ], [ 21.968130893442396, 70.65778134171056 ], [ 21.968487486330872, 70.657712079201147 ], [ 21.968832750288545, 70.657636773574026 ], [ 21.969165754900935, 70.657555629106767 ], [ 21.96948559954502, 70.657468865177691 ], [ 21.96979142382196, 70.657376714964386 ], [ 21.970082402497415, 70.657279426537954 ], [ 21.970357750872477, 70.657177262656816 ], [ 21.970616729844082, 70.657070499670283 ], [ 21.970858639294981, 70.656959424162864 ], [ 21.971082825011482, 70.656844337198123 ], [ 21.971288686943758, 70.656725546786816 ], [ 21.971475665571006, 70.656603375622339 ], [ 21.971643262966229, 70.656478151255328 ], [ 21.971791023170955, 70.656350212254779 ], [ 21.971918547062391, 70.656219904030905 ], [ 21.972025497099253, 70.656087576849174 ], [ 21.972111578831743, 70.655953587438617 ], [ 21.972176565061375, 70.655818298067047 ], [ 21.972220280861507, 70.655682072604137 ], [ 21.9722426071862, 70.655545279088457 ], [ 21.972243482310141, 70.655408286064485 ], [ 21.972222906882742, 70.655271461487217 ], [ 21.972180939791546, 70.655135176487562 ], [ 21.972117689688719, 70.654999796677714 ], [ 21.972033327893346, 70.654865687970556 ], [ 21.971928083842158, 70.654733211342943 ], [ 21.971802242709032, 70.654602723828333 ], [ 21.971656139410889, 70.654474576943031 ], [ 21.971490175331073, 70.654349117850472 ], [ 21.971304791364165, 70.654226682275961 ], [ 21.971100492177985, 70.654107601696055 ], [ 21.970877824938864, 70.653992196937992 ], [ 21.970637393042168, 70.65388077855728 ], [ 21.970379845370893, 70.653773647249054 ], [ 21.970105872680186, 70.653671091281893 ], [ 21.969816218954087, 70.653573387867894 ], [ 21.96951165837919, 70.653480799535046 ] ] ] } },
{ "type": "Feature", "properties": { "OBJECTID": 249.0, "forbudsomr": "Restrictions", "typeforbud": "Alle sensorer. (Inkludert foto/video).", "navn": "Åmøy", "refnr": "0233", "GlobalID": "09420fb2-f4d1-4af6-abf3-e533ab302774", "Shape__Are": 210270.38668823242, "Shape__Len": 1625.7320514137782 }, "geometry": { "type": "Polygon", "coordinates": [ [ [ 5.703774588544904, 59.043910475935185 ], [ 5.703633407855101, 59.043805614031285 ], [ 5.703481233118683, 59.043704918991082 ], [ 5.703318524873011, 59.043608696108265 ], [ 5.703145778457215, 59.043517238735149 ], [ 5.702963516619558, 59.043430823229841 ], [ 5.702772295672393, 59.043349712113205 ], [ 5.702572695414577, 59.043274152436844 ], [ 5.702365321575872, 59.043204373249253 ], [ 5.70215080361486, 59.043140587244515 ], [ 5.70192979248738, 59.043082986082702 ], [ 5.701702960677122, 59.043031746718754 ], [ 5.70147099552945, 59.042987023690678 ], [ 5.701234603446518, 59.042948953038383 ], [ 5.700994500052876, 59.042917649785132 ], [ 5.700751416593681, 59.042893210207879 ], [ 5.700506088863806, 59.042875707421807 ], [ 5.700259263123302, 59.042865195423275 ], [ 5.700011688224913, 59.042861705809031 ], [ 5.699764117094722, 59.042865248787045 ], [ 5.699517299613628, 59.042875813565111 ], [ 5.699271986059289, 59.042893368599728 ], [ 5.699028922190515, 59.04291786033648 ], [ 5.698788845568306, 59.042949213847123 ], [ 5.698552483113662, 59.042987335363854 ], [ 5.698320555998579, 59.043032107210429 ], [ 5.698093765193661, 59.043083395793012 ], [ 5.697872800764935, 59.043141043235373 ], [ 5.697658334541895, 59.043204874981143 ], [ 5.697451017162461, 59.04327469777197 ], [ 5.697251478074179, 59.04335029964701 ], [ 5.697060323573961, 59.043431450704134 ], [ 5.696878132885937, 59.043517904622945 ], [ 5.696705459881873, 59.043609398788583 ], [ 5.696542829158647, 59.043705655814748 ], [ 5.696390734559962, 59.043806382532289 ], [ 5.696249639929699, 59.043911273658054 ], [ 5.696119970753675, 59.044020010285593 ], [ 5.696002122033374, 59.044132263165757 ], [ 5.695896451888872, 59.044247690435682 ], [ 5.695803280349502, 59.04436594204941 ], [ 5.695722893033783, 59.044486659140205 ], [ 5.695655532306944, 59.044609474283767 ], [ 5.695601403433675, 59.044734014654551 ], [ 5.695560670653109, 59.04485990354889 ], [ 5.695533456423597, 59.044986756715218 ], [ 5.69551984660854, 59.045114189055489 ], [ 5.695519879671371, 59.045241815650428 ], [ 5.695533558684441, 59.045369246302855 ], [ 5.695560839585438, 59.045496096436054 ], [ 5.695601640471443, 59.045621978729592 ], [ 5.695655837460119, 59.045746511857025 ], [ 5.695723267374007, 59.045869317065993 ], [ 5.695803723090291, 59.045990022360087 ], [ 5.69589696458336, 59.046108260587928 ], [ 5.696002704196691, 59.046223671992067 ], [ 5.69612062335736, 59.046335907227053 ], [ 5.696250362738022, 59.046444624840333 ], [ 5.69639153013046, 59.046549494553936 ], [ 5.696543695042853, 59.04665019777773 ], [ 5.696706397298763, 59.046746428232503 ], [ 5.696879142629933, 59.046837895246441 ], [ 5.697061403884014, 59.046924319324567 ], [ 5.697252629652996, 59.047005439099991 ], [ 5.697452238601364, 59.047081006405342 ], [ 5.697659624413475, 59.047150793861277 ], [ 5.6978741592056, 59.04721458879785 ], [ 5.698095187400078, 59.047272196426626 ], [ 5.698322040481868, 59.0473234436203 ], [ 5.698554029849301, 59.047368172973442 ], [ 5.698790448564419, 59.047406249255438 ], [ 5.699030580921157, 59.047437556488688 ], [ 5.699273694600799, 59.047462000995701 ], [ 5.699519054405259, 59.047479506067312 ], [ 5.699765912721641, 59.047490021213626 ], [ 5.700013521023604, 59.047493512151732 ], [ 5.700261127457924, 59.047489969668263 ], [ 5.700507976576113, 59.047479404177558 ], [ 5.700753322855635, 59.047461847603664 ], [ 5.700996418420321, 59.047437353395217 ], [ 5.701236527044516, 59.047405996634907 ], [ 5.701472916279679, 59.047367870758116 ], [ 5.701704871729303, 59.047323093104104 ], [ 5.701931684498057, 59.047271799488833 ], [ 5.702152670114265, 59.047214145573498 ], [ 5.702367154529478, 59.047150306754872 ], [ 5.702574487126517, 59.047080475490922 ], [ 5.702774037551502, 59.047004866493324 ], [ 5.702965200332998, 59.046923706216432 ], [ 5.703147395183442, 59.046837244626744 ], [ 5.703320068901995, 59.04674574178425 ], [ 5.703482696641553, 59.046649476066861 ], [ 5.703634784594776, 59.046548740749166 ], [ 5.70377586899818, 59.046443841218924 ], [ 5.703905524731897, 59.046335095598074 ], [ 5.704023356235886, 59.046222835893069 ], [ 5.704129006320656, 59.046107401401578 ], [ 5.704222154958923, 59.04598914314343 ], [ 5.704302516809891, 59.045868420066178 ], [ 5.704369849817798, 59.045745599666674 ], [ 5.704423949054382, 59.045621054834292 ], [ 5.704464652359813, 59.045495162451246 ], [ 5.704491832495019, 59.045368306439649 ], [ 5.704505409390873, 59.045240871417761 ], [ 5.704505342541666, 59.045113244860758 ], [ 5.704491631968606, 59.044985813555748 ], [ 5.704464317734637, 59.044858965374125 ], [ 5.704423484589126, 59.044733085089142 ], [ 5.704369254844407, 59.044608554764579 ], [ 5.704301795494679, 59.044485753366338 ], [ 5.704221312299826, 59.044365052719854 ], [ 5.704128047339237, 59.044246820044819 ], [ 5.704022283415393, 59.044131414659283 ], [ 5.703904344534991, 59.0440191862075 ], [ 5.703774588544904, 59.043910475935185 ] ] ] } },
{ "type": "Feature", "properties": { "OBJECTID": 250.0, "forbudsomr": "Restrictions", "typeforbud": "Alle sensorer. (Inkludert foto/video).", "navn": "Wallemsviken/Sjøkrigsskolen", "refnr": "0229", "GlobalID": "35fbe137-7618-4b4d-95f6-f2b59aa59c59", "Shape__Are": 85138.848434448242, "Shape__Len": 1372.7497761301101 }, "geometry": { "type": "Polygon", "coordinates": [ [ [ 5.266839099360782, 60.392811574820186 ], [ 5.265780338345929, 60.392430469322406 ], [ 5.26620231492734, 60.391204680126783 ], [ 5.266034265408031, 60.391149780780829 ], [ 5.265369130891162, 60.391107819311088 ], [ 5.264838431712207, 60.391271594153473 ], [ 5.264643661523892, 60.391444617214788 ], [ 5.264335043030535, 60.391576124365073 ], [ 5.264191885036736, 60.391838951151733 ], [ 5.264114891598835, 60.391972377470196 ], [ 5.263959178184901, 60.392009306854078 ], [ 5.263034332636846, 60.391991939589623 ], [ 5.262311300338554, 60.392550411381855 ], [ 5.261927719980351, 60.392930776099924 ], [ 5.261906813966936, 60.393215950273465 ], [ 5.262521955233107, 60.393515671106684 ], [ 5.263174819072457, 60.393365443736698 ], [ 5.264212594277899, 60.393679779297592 ], [ 5.263710155200696, 60.394474217009403 ], [ 5.265099130288471, 60.39547703392499 ], [ 5.266145552706832, 60.395138105677191 ], [ 5.267222426157577, 60.394794828085828 ], [ 5.26794830960711, 60.394101033751426 ], [ 5.267619183830213, 60.393233660283428 ], [ 5.266839099360782, 60.392811574820186 ] ] ] } },
{ "type": "Feature", "properties": { "OBJECTID": 258.0, "forbudsomr": "Restrictions", "typeforbud": "Alle sensorer. (Inkludert foto/video).", "navn": "Stangnesterminalen", "refnr": "0245", "GlobalID": "82fdea99-2663-4a58-92aa-f8366b0af26a", "Shape__Are": 493398.67016601562, "Shape__Len": 2492.6781293071772 }, "geometry": { "type": "Polygon", "coordinates": [ [ [ 16.59665394819249, 68.785791245838979 ], [ 16.597253905747721, 68.785776400217259 ], [ 16.597930883671019, 68.785742430547856 ], [ 16.598294495279813, 68.785711410638655 ], [ 16.598709012458848, 68.785661513740123 ], [ 16.599434908512045, 68.785581085758196 ], [ 16.599797193764136, 68.785531678578238 ], [ 16.600211043226956, 68.785472585992025 ], [ 16.600726037841707, 68.785366546763086 ], [ 16.601085671430372, 68.785280368748104 ], [ 16.601471415271007, 68.785193943473971 ], [ 16.601881945761097, 68.785088886726655 ], [ 16.602266359585879, 68.784984075616435 ], [ 16.602980965049962, 68.7847473682302 ], [ 16.603259593916373, 68.784625157755286 ], [ 16.603514756702939, 68.784539961688409 ], [ 16.603972189850197, 68.784360870179142 ], [ 16.604453076767651, 68.784144762455213 ], [ 16.604725725009015, 68.783939821517407 ], [ 16.604950785710503, 68.783799718261534 ], [ 16.605196651092527, 68.783585831598373 ], [ 16.60544184871582, 68.783362752576281 ], [ 16.605656952068319, 68.783084768326489 ], [ 16.605770925183339, 68.782853732487979 ], [ 16.605861438788661, 68.782659711757191 ], [ 16.605922524951399, 68.78241997814655 ], [ 16.605911250326983, 68.782263714094725 ], [ 16.605925422028317, 68.782098010855336 ], [ 16.605914810769853, 68.781950938801145 ], [ 16.605847339482608, 68.781740017065189 ], [ 16.605698891047989, 68.781493068734846 ], [ 16.605526989634921, 68.781283135408287 ], [ 16.605302875165002, 68.781073696075708 ], [ 16.605052657012532, 68.78086450348421 ], [ 16.604830539375936, 68.780682639531918 ], [ 16.604584305683993, 68.780528598288228 ], [ 16.604338075407163, 68.780374556679547 ], [ 16.604067066123847, 68.780239145628343 ], [ 16.603769953099306, 68.780103980987008 ], [ 16.603474167932561, 68.779987199851305 ], [ 16.603124848364686, 68.779852527661362 ], [ 16.602614922837986, 68.779664182709809 ], [ 16.602055439367799, 68.779513097475729 ], [ 16.601522069683103, 68.779361763884637 ], [ 16.600805304019506, 68.779202961402049 ], [ 16.600249148192624, 68.779097830318335 ], [ 16.599640786019393, 68.778993189831127 ], [ 16.599112727434946, 68.77891538489726 ], [ 16.598429358777604, 68.778857438607417 ], [ 16.597852395291387, 68.778826081982842 ], [ 16.597119459318009, 68.778805390443381 ], [ 16.596622134208783, 68.778791676238725 ], [ 16.596047151955499, 68.778787889614861 ], [ 16.595421276191963, 68.77880297627874 ], [ 16.594638765650753, 68.778819533348582 ], [ 16.594065099343027, 68.778834124122682 ], [ 16.593467958379506, 68.778885726470165 ], [ 16.592975895628854, 68.778945538078176 ], [ 16.592354615724837, 68.779024957891792 ], [ 16.591578009581887, 68.779124229466959 ], [ 16.591012216720038, 68.779249114782729 ], [ 16.590266956248271, 68.779421672074392 ], [ 16.589549103553448, 68.779612365607377 ], [ 16.58908837023591, 68.779745457945666 ], [ 16.588655706384177, 68.779905880768212 ], [ 16.588147993707576, 68.780112996265416 ], [ 16.587845197475119, 68.780263002679632 ], [ 16.587517600658881, 68.780431637080511 ], [ 16.587216106721275, 68.780600026553401 ], [ 16.586921161403328, 68.780860336390418 ], [ 16.58672540103494, 68.781046132118476 ], [ 16.586556401178928, 68.781240875513618 ], [ 16.586385433027523, 68.781408042466182 ], [ 16.586266680299563, 68.781574720941862 ], [ 16.586175345075841, 68.781759539377148 ], [ 16.586110772798442, 68.781953305722638 ], [ 16.58607558415115, 68.782192788374957 ], [ 16.586074365059936, 68.782542331988864 ], [ 16.58611030082556, 68.78267996922834 ], [ 16.586208284326016, 68.782954999528144 ], [ 16.586385258249656, 68.783238489334863 ], [ 16.586612493406296, 68.783493914258813 ], [ 16.586837112273134, 68.783712570516286 ], [ 16.587112648050681, 68.783912353720453 ], [ 16.587549450311759, 68.784175014976853 ], [ 16.588575824779575, 68.784643714547471 ], [ 16.589112515620887, 68.784841049072014 ], [ 16.589647246216956, 68.785010805662367 ], [ 16.590259667623965, 68.78517063416993 ], [ 16.590843356113893, 68.785293937051819 ], [ 16.59142573638724, 68.785398853785907 ], [ 16.592007464556861, 68.785494576450063 ], [ 16.592508225703178, 68.785554264263155 ], [ 16.593061216802685, 68.785613460184962 ], [ 16.593667096498837, 68.785681355758641 ], [ 16.594402890207935, 68.785738830085407 ], [ 16.595372394159849, 68.785775707202504 ], [ 16.595686418836188, 68.785781952183825 ], [ 16.59665394819249, 68.785791245838979 ] ] ] } },
{ "type": "Feature", "properties": { "OBJECTID": 267.0, "forbudsomr": null, "typeforbud": "Alle sensorer. (Inkludert foto/video).", "navn": "Taraldrud", "refnr": "0248", "GlobalID": "44bf92f6-cba7-4321-a866-8deb078a56e1", "Shape__Are": 1712415.1899414062, "Shape__Len": 5812.0001999996603 }, "geometry": { "type": "Polygon", "coordinates": [ [ [ 10.846406543291298, 59.797464656536732 ], [ 10.831806539351385, 59.797002080311486 ], [ 10.829471699246787, 59.815670361241061 ], [ 10.844079823934855, 59.81613328255947 ], [ 10.846406543291298, 59.797464656536732 ] ] ] } },
{ "type": "Feature", "properties": { "OBJECTID": 268.0, "forbudsomr": "Restrictions", "typeforbud": "Alle sensorer. (Inkludert foto/video).", "navn": "Nydalen", "refnr": "0249", "GlobalID": "4d46bdf5-aaca-4c93-be32-59664217474c", "Shape__Are": 12678.985107421875, "Shape__Len": 490.14803277459731 }, "geometry": { "type": "Polygon", "coordinates": [ [ [ 10.764605166120001, 59.952639936268227 ], [ 10.764976331053191, 59.952101718866473 ], [ 10.764935376646489, 59.95209742839603 ], [ 10.765546564153757, 59.95116546504255 ], [ 10.765040817421664, 59.951086756754329 ], [ 10.764852554921275, 59.95121452444112 ], [ 10.763475187226991, 59.95178580762888 ], [ 10.763316969968731, 59.951863985177383 ], [ 10.763203338760471, 59.951964413135364 ], [ 10.763168585933244, 59.952097115956278 ], [ 10.763187886044319, 59.952178029070915 ], [ 10.763237845727227, 59.952251006913919 ], [ 10.763271002186936, 59.952269916064139 ], [ 10.763467967673831, 59.952537944407041 ], [ 10.763641775897192, 59.952662485740284 ], [ 10.7637859151745, 59.952601697751589 ], [ 10.764080775651516, 59.952614153496029 ], [ 10.764088951845929, 59.95259657367729 ], [ 10.764605166120001, 59.952639936268227 ] ] ] } },
{ "type": "Feature", "properties": { "OBJECTID": 301.0, "forbudsomr": null, "typeforbud": "Alle sensorer. (Inkludert foto/video).", "navn": "Karljohansvern", "refnr": "0261", "GlobalID": "baca9b6c-be9a-4936-a33b-07f56af20fd2", "Shape__Are": 4529667.4798583984, "Shape__Len": 9145.5026326935003 }, "geometry": { "type": "Polygon", "coordinates": [ [ [ 10.455833584895977, 59.447382372534243 ], [ 10.457789517492934, 59.44794528721453 ], [ 10.460097197160861, 59.448520418855722 ], [ 10.474188731932522, 59.450809410446823 ], [ 10.478994866224635, 59.451201023291055 ], [ 10.482060447933005, 59.451397229175932 ], [ 10.484236575342202, 59.450977856494269 ], [ 10.498418876244767, 59.445306375443607 ], [ 10.500813393733241, 59.443904786614347 ], [ 10.502012703365001, 59.442192066480359 ], [ 10.502658173291596, 59.433353878555387 ], [ 10.502619299197576, 59.432318067463612 ], [ 10.496212975274959, 59.428048935578424 ], [ 10.494690900607127, 59.427546559865696 ], [ 10.491475508310911, 59.427165511993927 ], [ 10.489560301871645, 59.426964316721808 ], [ 10.487275736426756, 59.426885236481965 ], [ 10.485601437467713, 59.427284873720616 ], [ 10.4843863910585, 59.428532377959016 ], [ 10.482693523378458, 59.436081831018896 ], [ 10.481449271049701, 59.43680332677679 ], [ 10.475734353550795, 59.43727977560772 ], [ 10.454091695647522, 59.439315501406639 ], [ 10.452550282551472, 59.440271056795694 ], [ 10.451618584974684, 59.441735436719696 ], [ 10.451440553472215, 59.442218591267185 ], [ 10.45516783499547, 59.44686800463851 ], [ 10.455833584895977, 59.447382372534243 ] ] ] } },
{ "type": "Feature", "properties": { "OBJECTID": 303.0, "forbudsomr": null, "typeforbud": "Alle sensorer. (Inludert foto/video).", "navn": "Trondenes", "refnr": "0273", "GlobalID": "5fcb5fe1-28b2-4947-b3e3-1f3c0d0406c7", "Shape__Are": 2662832.4797363281, "Shape__Len": 6510.1615637521145 }, "geometry": { "type": "Polygon", "coordinates": [ [ [ 16.552181744125257, 68.825695656369533 ], [ 16.5523809549559, 68.828720046385342 ], [ 16.547250136293311, 68.828860925385669 ], [ 16.54589005262779, 68.830355164289102 ], [ 16.544864176290176, 68.832446154895592 ], [ 16.563214263279097, 68.837947109317469 ], [ 16.587239720496321, 68.838912338916828 ], [ 16.591266606730802, 68.838780606027186 ], [ 16.594778921705224, 68.837830335090132 ], [ 16.596146931624581, 68.836259163204844 ], [ 16.593591141248737, 68.831119329389978 ], [ 16.595540539408226, 68.827144192950499 ], [ 16.595187985703756, 68.826312471417367 ], [ 16.586828847851365, 68.82542634027682 ], [ 16.582735304782876, 68.825958480710227 ], [ 16.578046216278274, 68.825437568072644 ], [ 16.568279158181674, 68.822564249687218 ], [ 16.552181744125257, 68.825695656369533 ] ] ] } },
{ "type": "Feature", "properties": { "OBJECTID": 304.0, "forbudsomr": null, "typeforbud": "Alle sensorer. (Inludert foto/video).", "navn": "Evenes", "refnr": "0034", "GlobalID": "ea676c16-803d-475c-a159-882d35d9da1a", "Shape__Are": 65763307.752685547, "Shape__Len": 31116.284957251595 }, "geometry": { "type": "Polygon", "coordinates": [ [ [ 16.668173456786405, 68.52735069406117 ], [ 16.791461310903525, 68.517427132408258 ], [ 16.808359737945064, 68.476941908294492 ], [ 16.754631640961019, 68.466549614542529 ], [ 16.747221139069097, 68.459397151965817 ], [ 16.707955596310107, 68.452572202672783 ], [ 16.565617091361048, 68.453962848736936 ], [ 16.566950360833857, 68.503351165541062 ], [ 16.668173456786405, 68.52735069406117 ] ] ] } },
{ "type": "Feature", "properties": { "OBJECTID": 305.0, "forbudsomr": null, "typeforbud": "Alle sensorer. (Inludert foto/video).", "navn": "Ramsund", "refnr": "0272", "GlobalID": "d265048a-ccf1-4a2a-afe3-7a9346c69bf2", "Shape__Are": 41962134.635498047, "Shape__Len": 24679.464180077179 }, "geometry": { "type": "Polygon", "coordinates": [ [ [ 16.415513344074327, 68.507653827003637 ], [ 16.494837885964717, 68.510252242008306 ], [ 16.544705631428904, 68.507689010457881 ], [ 16.56717731476235, 68.503695179256511 ], [ 16.590598931858423, 68.478702008711963 ], [ 16.557109675817827, 68.447250895452598 ], [ 16.461848699944447, 68.441563328970972 ], [ 16.42246019117788, 68.480431512695574 ], [ 16.415513344074327, 68.507653827003637 ] ] ] } },
{ "type": "Feature", "properties": { "OBJECTID": 308.0, "forbudsomr": null, "typeforbud": "Alle sensorer. (Inkludert foto/video).", "navn": "Regjeringens representasjonsanlegg", "refnr": "0275", "GlobalID": "72724174-bbf4-4e47-9a10-721ac6867f23", "Shape__Are": 4692.3375244140625, "Shape__Len": 280.49802229935852 }, "geometry": { "type": "Polygon", "coordinates": [ [ [ 10.722469891414722, 59.918057959511863 ], [ 10.722979561547762, 59.91838716404073 ], [ 10.723039163603106, 59.918394163924461 ], [ 10.724323729932031, 59.918011864537633 ], [ 10.724324629624007, 59.91798531205464 ], [ 10.723731163028967, 59.917582506966241 ], [ 10.722469891414722, 59.918057959511863 ] ] ] } },
{ "type": "Feature", "properties": { "OBJECTID": 309.0, "forbudsomr": null, "typeforbud": "Alle sensorer. (Inkludert foto/video).", "navn": "Victoria Terrasse", "refnr": "0276", "GlobalID": "7557a16e-44e0-44c8-bdbe-5a6155e5dd26", "Shape__Are": 16011.024658203125, "Shape__Len": 653.50739150656113 }, "geometry": { "type": "Polygon", "coordinates": [ [ [ 10.728993365591158, 59.915129288460889 ], [ 10.729983726989259, 59.914654621419821 ], [ 10.727209217846267, 59.913260502993076 ], [ 10.726798967210611, 59.913435689292299 ], [ 10.727216311733793, 59.91411363946218 ], [ 10.726843427514602, 59.914237505198528 ], [ 10.727072692539885, 59.914464355208715 ], [ 10.727464755998733, 59.914334931265877 ], [ 10.727703533501561, 59.914487923313096 ], [ 10.727422575411747, 59.914614773577043 ], [ 10.727703462375089, 59.914775312549665 ], [ 10.727999055729061, 59.914630394630834 ], [ 10.728993365591158, 59.915129288460889 ] ] ] } },
{ "type": "Feature", "properties": { "OBJECTID": 310.0, "forbudsomr": null, "typeforbud": "Alle sensorer. (Inkludert foto/video).", "navn": "Kongensgate 20", "refnr": "0277", "GlobalID": "7d89bcff-93ff-4331-b793-53c480e515b4", "Shape__Are": 1140.41845703125, "Shape__Len": 137.40640233121351 }, "geometry": { "type": "Polygon", "coordinates": [ [ [ 10.743371805456027, 59.911628337884842 ], [ 10.743571204557616, 59.911842369795643 ], [ 10.744228722098514, 59.911687692154388 ], [ 10.744031260734854, 59.91145853602201 ], [ 10.743365891814896, 59.911615488956876 ], [ 10.743371805456027, 59.911628337884842 ] ] ] } },
{ "type": "Feature", "properties": { "OBJECTID": 311.0, "forbudsomr": null, "typeforbud": "Alle sensorer. (Inkludert foto/video).", "navn": "Kongensgate 8", "refnr": "0278", "GlobalID": "af35152c-8ea6-48ec-8f32-c826f44e3f4d", "Shape__Are": 1520.532470703125, "Shape__Len": 157.82884128784988 }, "geometry": { "type": "Polygon", "coordinates": [ [ [ 10.741901194535245, 59.910104904162431 ], [ 10.742168112982711, 59.910381878508673 ], [ 10.742885678471779, 59.910191178493804 ], [ 10.742632198287119, 59.909927298075303 ], [ 10.741901194535245, 59.910104904162431 ] ] ] } },
{ "type": "Feature", "properties": { "OBJECTID": 312.0, "forbudsomr": null, "typeforbud": "Alle sensorer. (Inkludert foto/video).", "navn": "Kirkegata 18", "refnr": "0279", "GlobalID": "035833c1-92cb-4b6a-8550-3d769f037dc5", "Shape__Are": 2556.7015380859375, "Shape__Len": 200.52367862127699 }, "geometry": { "type": "Polygon", "coordinates": [ [ [ 10.743924151918899, 59.910388362652185 ], [ 10.74406698873999, 59.910410780690107 ], [ 10.744868124015236, 59.910213200694642 ], [ 10.744536319105025, 59.909852414721549 ], [ 10.743608935181998, 59.91005184248629 ], [ 10.743924151918899, 59.910388362652185 ] ] ] } },
{ "type": "Feature", "properties": { "OBJECTID": 313.0, "forbudsomr": null, "typeforbud": "Alle sensorer. (Inkludert foto/video).", "navn": "Akersgata 64-68", "refnr": "0280", "GlobalID": "8f823b47-cc11-4ea1-993e-2255bdab4e17", "Shape__Are": 3025.647705078125, "Shape__Len": 248.79609746800037 }, "geometry": { "type": "Polygon", "coordinates": [ [ [ 10.744371484873268, 59.917742187447303 ], [ 10.744731868615052, 59.917757793324839 ], [ 10.744808372881712, 59.917560516019762 ], [ 10.745266823495461, 59.917579290537788 ], [ 10.74565272839423, 59.91745727772183 ], [ 10.745705690406782, 59.917259239142027 ], [ 10.744516854772243, 59.917161479429446 ], [ 10.744371484873268, 59.917742187447303 ] ] ] } },
{ "type": "Feature", "properties": { "OBJECTID": 314.0, "forbudsomr": null, "typeforbud": "Alle sensorer. (Inkludert foto/video).", "navn": "Regjeringskvartalet", "refnr": "0281", "GlobalID": "6bd4daa6-e7ba-43e4-8928-054280830d3f", "Shape__Are": 53426.44482421875, "Shape__Len": 1453.6016031390752 }, "geometry": { "type": "Polygon", "coordinates": [ [ [ 10.741986925316471, 59.91664852006474 ], [ 10.742029325915446, 59.91671713461897 ], [ 10.74299936311483, 59.916831574310635 ], [ 10.743075368187526, 59.916638237148256 ], [ 10.7432305032525, 59.9166570977739 ], [ 10.74345485710535, 59.916136298603412 ], [ 10.744484479618389, 59.916246720763823 ], [ 10.745372929908926, 59.916475191952216 ], [ 10.747404166607188, 59.916453810534435 ], [ 10.747133021863418, 59.915920581492898 ], [ 10.748578070427193, 59.915591865348482 ], [ 10.748466932798776, 59.915475544850004 ], [ 10.748146596683295, 59.915577928679774 ], [ 10.747433830531316, 59.915061954722276 ], [ 10.747755253493674, 59.914954910523768 ], [ 10.747325565650296, 59.914706173999221 ], [ 10.746974501978626, 59.914852430808942 ], [ 10.74669115300834, 59.914710397294812 ], [ 10.746416452279481, 59.914404861053157 ], [ 10.746591787023556, 59.914333271933316 ], [ 10.746368152320368, 59.914205527237776 ], [ 10.746128770760997, 59.914296677596617 ], [ 10.745645130757518, 59.914036920106575 ], [ 10.74533596854182, 59.914144354529277 ], [ 10.744935741956976, 59.913810036239788 ], [ 10.744317203592914, 59.913978540863454 ], [ 10.744733838418819, 59.914328843872262 ], [ 10.745257690439082, 59.914178907024933 ], [ 10.745570728034245, 59.914473324168945 ], [ 10.743660511851864, 59.915020338296841 ], [ 10.744014865687683, 59.9153284562043 ], [ 10.742641906261689, 59.915716685242522 ], [ 10.742377310599322, 59.916387973077754 ], [ 10.741986925316471, 59.91664852006474 ] ] ] } },
{ "type": "Feature", "properties": { "OBJECTID": 316.0, "forbudsomr": null, "typeforbud": "Alle sensorer. (Inkludert foto/video).", "navn": "Vadsø", "refnr": "0283", "GlobalID": "8ccebbe8-f4e8-4872-9cac-6e68e7e589de", "Shape__Are": 540385.22607421875, "Shape__Len": 3259.6008734071111 }, "geometry": { "type": "Polygon", "coordinates": [ [ [ 29.678402934553059, 70.082460723444086 ], [ 29.676418416845806, 70.08223864859113 ], [ 29.674914792617319, 70.081950274808761 ], [ 29.671914962434585, 70.081859574719942 ], [ 29.670122283393482, 70.081829761109717 ], [ 29.669307821752255, 70.081726861196302 ], [ 29.668396691779808, 70.081929492469698 ], [ 29.665977329724168, 70.082276676348229 ], [ 29.661326307884767, 70.082865060072052 ], [ 29.657400806178845, 70.083689891349024 ], [ 29.653461899506617, 70.08456980929229 ], [ 29.650195631205563, 70.085943007910089 ], [ 29.645576637683899, 70.086870659839519 ], [ 29.650349508792441, 70.089309719474471 ], [ 29.650717004430334, 70.089305970243103 ], [ 29.655110397326634, 70.08876605791626 ], [ 29.671597569449617, 70.086651241448635 ], [ 29.671855820486055, 70.085235379529223 ], [ 29.675423682726475, 70.084158743434571 ], [ 29.676877440980896, 70.084166095561955 ], [ 29.678133780491958, 70.083800086840014 ], [ 29.678863906174755, 70.083041673280306 ], [ 29.678402934553059, 70.082460723444086 ] ] ] } },
{ "type": "Feature", "properties": { "OBJECTID": 319.0, "forbudsomr": null, "typeforbud": "Alle sensorer. (Inkludert foto/video).", "navn": "Halden", "refnr": "0285", "GlobalID": "656a9d3c-c9fe-41c5-aaa4-9c5a50649718", "Shape__Are": 45008.353149414062, "Shape__Len": 938.67373470825885 }, "geometry": { "type": "Polygon", "coordinates": [ [ [ 11.399289055345649, 59.126251601672081 ], [ 11.400627033570146, 59.127572888855298 ], [ 11.405359636756478, 59.127718338264387 ], [ 11.405522204615171, 59.126431606663871 ], [ 11.399289055345649, 59.126251601672081 ] ] ] } },
{ "type": "Feature", "properties": { "OBJECTID": 320.0, "forbudsomr": null, "typeforbud": "Alle sensorer. (Inkludert foto/video).", "navn": "Kjeller A", "refnr": "0284", "GlobalID": "d2c92a67-97e4-472d-921d-973e2cab30e1", "Shape__Are": 154233.87622070312, "Shape__Len": 1650.3347151007138 }, "geometry": { "type": "Polygon", "coordinates": [ [ [ 11.050376807294812, 59.976271968940985 ], [ 11.051012420343561, 59.976336423215187 ], [ 11.051564083936187, 59.976421065871605 ], [ 11.052832488487757, 59.97664978055662 ], [ 11.053634662685301, 59.976837279538934 ], [ 11.053979687849894, 59.976937705163571 ], [ 11.054120283647316, 59.976439114657495 ], [ 11.054791153331397, 59.97645543799112 ], [ 11.05505334026333, 59.974269420884681 ], [ 11.054965760474985, 59.974053932256027 ], [ 11.054991869571818, 59.973834750284048 ], [ 11.055098401703525, 59.973653453994629 ], [ 11.055006096941646, 59.97346336798995 ], [ 11.055215484534839, 59.973378810716618 ], [ 11.055186919188603, 59.973314379844815 ], [ 11.055069967678554, 59.973079279875975 ], [ 11.054917582722526, 59.972761378167391 ], [ 11.054780695365752, 59.972389446579406 ], [ 11.054628043816807, 59.972225936142216 ], [ 11.054387952342225, 59.972041892066791 ], [ 11.048882844408828, 59.972594532953465 ], [ 11.04870177264073, 59.972688443610714 ], [ 11.048592071334461, 59.972777397746825 ], [ 11.04848803740199, 59.972937478746246 ], [ 11.048481897159942, 59.973107589250517 ], [ 11.048455745918599, 59.973326768631438 ], [ 11.048374014191786, 59.973537186915223 ], [ 11.048232722535152, 59.973653576972239 ], [ 11.048032673182224, 59.973757282473144 ], [ 11.047944901230604, 59.974101053131314 ], [ 11.048180548687162, 59.974176235946864 ], [ 11.048261732374565, 59.974482929496951 ], [ 11.048427860555771, 59.974533321690011 ], [ 11.048902167367611, 59.974506668136769 ], [ 11.048987617130672, 59.975081419127733 ], [ 11.049752444843648, 59.975049847244563 ], [ 11.050395989533822, 59.975959202699485 ], [ 11.050376807294812, 59.976271968940985 ] ] ] } },
{ "type": "Feature", "properties": { "OBJECTID": 321.0, "forbudsomr": null, "typeforbud": "Alle sensorer. (Inkludert foto/video).", "navn": "Kjeller B", "refnr": "0286", "GlobalID": "ab26e88d-7614-4c61-ae87-ecba3e218a92", "Shape__Are": 48159.3798828125, "Shape__Len": 896.32808696234281 }, "geometry": { "type": "Polygon", "coordinates": [ [ [ 11.04681087981808, 59.976781795248762 ], [ 11.050385408383343, 59.976301336169875 ], [ 11.050386124217789, 59.975924404506507 ], [ 11.049780948629889, 59.975063668553894 ], [ 11.049390573820475, 59.974442191191514 ], [ 11.048235241194291, 59.974485168545733 ], [ 11.046331465673777, 59.974683080262011 ], [ 11.045597473328252, 59.97601366620507 ], [ 11.046990986610012, 59.976199590701363 ], [ 11.04681087981808, 59.976781795248762 ] ] ] } },
{ "type": "Feature", "properties": { "OBJECTID": 322.0, "forbudsomr": null, "typeforbud": "Alle sensorer. (Inkludert foto/video).", "navn": "Dompa", "refnr": "0289", "GlobalID": "46e0e0b1-660e-4b1e-9389-ca47f7f19cb1", "Shape__Are": 66578.075073242188, "Shape__Len": 1219.1004828580021 }, "geometry": { "type": "Polygon", "coordinates": [ [ [ 11.032568234674789, 59.978327393487767 ], [ 11.031407203549749, 59.978890186343584 ], [ 11.031116726338947, 59.979333862428334 ], [ 11.03053552433137, 59.979103492729024 ], [ 11.029416174689816, 59.979346515374708 ], [ 11.03175469064875, 59.981453387006027 ], [ 11.036156594052422, 59.98052146190021 ], [ 11.035708240026393, 59.979535875683105 ], [ 11.033219887213855, 59.979624224769253 ], [ 11.033455010756162, 59.978488896328081 ], [ 11.032568234674789, 59.978327393487767 ] ] ] } },
{ "type": "Feature", "properties": { "OBJECTID": 323.0, "forbudsomr": null, "typeforbud": "Alle sensorer. (Inkludert foto/video).", "navn": "Gyrihaugen", "refnr": "0290", "GlobalID": "cd7584f3-1ac0-47da-b467-c8d3f5574d3b", "Shape__Are": 878846.00988769531, "Shape__Len": 3323.4453968882535 }, "geometry": { "type": "Polygon", "coordinates": [ [ [ 10.391123747951443, 60.093893255053871 ], [ 10.391018301088121, 60.093716889875516 ], [ 10.390899241490796, 60.093542699227889 ], [ 10.390766748429117, 60.09337094507589 ], [ 10.390621021366352, 60.09320188571634 ], [ 10.390462279658319, 60.093035775389019 ], [ 10.390290762222346, 60.092872863895266 ], [ 10.390106727177102, 60.092713396221882 ], [ 10.38991045145351, 60.092557612173181 ], [ 10.389702230377335, 60.092405746010762 ], [ 10.389482377224541, 60.092258026101149 ], [ 10.389251222749303, 60.09211467457294 ], [ 10.389009114686338, 60.091975906982853 ], [ 10.388756417227288, 60.091841931991986 ], [ 10.388493510472918, 60.091712951052045 ], [ 10.388220789861158, 60.091589158103112 ], [ 10.387938665572381, 60.091470739282073 ], [ 10.38764756191255, 60.09135787264281 ], [ 10.387347916675182, 60.091250727889275 ], [ 10.387040180483337, 60.091149466119909 ], [ 10.386724816112048, 60.09105423958642 ], [ 10.38640229779304, 60.090965191464484 ], [ 10.386073110501851, 60.090882455639026 ], [ 10.385737749229349, 60.090806156503149 ], [ 10.385396718237836, 60.090736408771249 ], [ 10.385050530303666, 60.090673317306873 ], [ 10.384699705946899, 60.090616976965137 ], [ 10.384344772649468, 60.09056747245036 ], [ 10.383986264063054, 60.090524878188702 ], [ 10.383624719207454, 60.090489258216785 ], [ 10.383260681661245, 60.090460666085278 ], [ 10.382894698745506, 60.090439144778628 ], [ 10.382527320701916, 60.090424726650248 ], [ 10.38215909986646, 60.090417433374569 ], [ 10.381790589840257, 60.090417275913779 ], [ 10.38142234465816, 60.090424254501805 ], [ 10.381054917956916, 60.09043835864415 ], [ 10.380688862143954, 60.090459567133024 ], [ 10.380324727567833, 60.090487848079839 ], [ 10.379963061691944, 60.090523158962846 ], [ 10.379604408272391, 60.090565446691066 ], [ 10.379249306541562, 60.090614647683765 ], [ 10.378898290398281, 60.090670687966373 ], [ 10.378551887606106, 60.090733483281198 ], [ 10.378210619000635, 60.090802939214257 ], [ 10.377874997707314, 60.090878951336769 ], [ 10.377545528370632, 60.090961405362378 ], [ 10.377222706396113, 60.091050177318401 ], [ 10.376907017206097, 60.091145133732184 ], [ 10.37659893551028, 60.091246131831653 ], [ 10.376298924592598, 60.091353019759488 ], [ 10.376007435614797, 60.091465636801686 ], [ 10.375724906938538, 60.09158381362824 ], [ 10.375451763466353, 60.091707372548278 ], [ 10.375188416002809, 60.09183612777634 ], [ 10.374935260636899, 60.091969885711798 ], [ 10.374692678146234, 60.09210844522967 ], [ 10.374461033424376, 60.092251597982582 ], [ 10.374240674931746, 60.092399128714092 ], [ 10.374031934171315, 60.092550815581774 ], [ 10.373835125189609, 60.092706430490701 ], [ 10.373650544103775, 60.092865739436412 ], [ 10.373478468655749, 60.093028502855866 ], [ 10.373319157793738, 60.093194475988327 ], [ 10.373172851281913, 60.093363409242571 ], [ 10.373039769339004, 60.093535048572143 ], [ 10.372920112306058, 60.093709135857402 ], [ 10.372814060344043, 60.093885409293286 ], [ 10.372721773161807, 60.094063603782836 ], [ 10.372643389774638, 60.094243451336062 ], [ 10.37257902829397, 60.094424681472276 ], [ 10.372528785748374, 60.094607021627368 ], [ 10.372492737936367, 60.094790197563029 ], [ 10.372470939310904, 60.094973933779642 ], [ 10.372463422896232, 60.095157953930162 ], [ 10.372470200236656, 60.09534198123599 ], [ 10.372491261377755, 60.095525738903298 ], [ 10.372526574880036, 60.095708950538871 ], [ 10.372576087864624, 60.09589134056651 ], [ 10.372639726091469, 60.096072634640954 ], [ 10.372717394069623, 60.096252560061117 ], [ 10.372808975199447, 60.096430846180056 ], [ 10.372914331946728, 60.096607224812146 ], [ 10.373033306048173, 60.096781430636945 ], [ 10.373165718748329, 60.096953201598161 ], [ 10.373311371067224, 60.097122279297935 ], [ 10.37347004409858, 60.097288409386167 ], [ 10.373641499338071, 60.097451341942651 ], [ 10.373825479041054, 60.097610831854098 ], [ 10.374021706609524, 60.097766639182183 ], [ 10.374229887007251, 60.097918529525437 ], [ 10.374449707202981, 60.098066274371902 ], [ 10.37468083664068, 60.098209651442971 ], [ 10.374922927736275, 60.098348445028357 ], [ 10.375175616400115, 60.098482446310605 ], [ 10.375438522584362, 60.098611453679887 ], [ 10.375711250854481, 60.09873527303715 ], [ 10.3759933909841, 60.098853718086716 ], [ 10.376284518571948, 60.098966610616841 ], [ 10.376584195680559, 60.099073780768158 ], [ 10.376891971495301, 60.099175067289146 ], [ 10.37720738300273, 60.099270317779542 ], [ 10.37752995568774, 60.09935938891936 ], [ 10.377859204247748, 60.099442146685284 ], [ 10.378194633323462, 60.099518466552311 ], [ 10.378535738244787, 60.099588233681345 ], [ 10.378882005790755, 60.099651343092106 ], [ 10.379232914962493, 60.0997076998217 ], [ 10.379587937767973, 60.099757219067264 ], [ 10.379946540017242, 60.099799826313877 ], [ 10.380308182127164, 60.099835457446929 ], [ 10.380672319934272, 60.099864058848517 ], [ 10.381038405514518, 60.099885587478596 ], [ 10.381405888008814, 60.099900010939521 ], [ 10.381774214452902, 60.099907307525115 ], [ 10.382142830610633, 60.099907466252937 ], [ 10.382511181808797, 60.099900486881587 ], [ 10.382878713773069, 60.099886379910309 ], [ 10.383244873462939, 60.099865166563831 ], [ 10.383609109905162, 60.099836878759987 ], [ 10.383970875023701, 60.099801559061675 ], [ 10.384329624465554, 60.099759260613162 ], [ 10.38468481842091, 60.099710047059375 ], [ 10.385035922436218, 60.099653992450541 ], [ 10.385382408219527, 60.099591181130492 ], [ 10.385723754436059, 60.099521707609505 ], [ 10.386059447493636, 60.099445676422043 ], [ 10.386388982316159, 60.099363201969219 ], [ 10.386711863104249, 60.099274408346524 ], [ 10.387027604081895, 60.099179429156948 ], [ 10.387335730227921, 60.099078407309499 ], [ 10.387635777991084, 60.098971494804331 ], [ 10.387927295988009, 60.09885885250327 ], [ 10.388209845682503, 60.098740649888228 ], [ 10.388483002045673, 60.09861706480519 ], [ 10.388746354195403, 60.09848828319695 ], [ 10.388999506014517, 60.098354498822772 ], [ 10.389242076746731, 60.098215912966651 ], [ 10.389473701569205, 60.098072734134369 ], [ 10.389694032141197, 60.097925177739221 ], [ 10.389902737127645, 60.097773465778012 ], [ 10.390099502697209, 60.097617826496375 ], [ 10.390284032993755, 60.09745849404576 ], [ 10.390456050580836, 60.097295708130204 ], [ 10.39061529685827, 60.097129713645863 ], [ 10.390761532450247, 60.096960760312378 ], [ 10.390894537564561, 60.096789102296974 ], [ 10.391014112322273, 60.096614997831615 ], [ 10.391120077057179, 60.096438708824728 ], [ 10.391212272585035, 60.09626050046684 ], [ 10.391290560441764, 60.096080640831602 ], [ 10.391354823090504, 60.095899400471993 ], [ 10.391404964097022, 60.095717052013988 ], [ 10.39144090827352, 60.095533869745552 ], [ 10.391462601790254, 60.095350129204448 ], [ 10.391470012255168, 60.095166106763777 ], [ 10.391463128761147, 60.094982079215882 ], [ 10.391441961900982, 60.094798323356073 ], [ 10.39140654375004, 60.09461511556659 ], [ 10.391356927816526, 60.094432731400772 ], [ 10.391293188959633, 60.09425144516824 ], [ 10.391215423275529, 60.094071529523227 ], [ 10.391123747951443, 60.093893255053871 ] ] ] } },
{ "type": "Feature", "properties": { "OBJECTID": 324.0, "forbudsomr": null, "typeforbud": "Alle sensorer. (Inkludert foto/video).", "navn": "Grøhøgda", "refnr": "0291", "GlobalID": "3ad40454-5296-4590-bb6c-353068879291", "Shape__Are": 2003240.1962890625, "Shape__Len": 5017.5243150094238 }, "geometry": { "type": "Polygon", "coordinates": [ [ [ 30.880601450387761, 70.353417664724958 ], [ 30.880086346137105, 70.353273988133793 ], [ 30.879558025835539, 70.353135852991102 ], [ 30.879017015928898, 70.353003396879473 ], [ 30.878463855470184, 70.352876751723244 ], [ 30.877899095583583, 70.352756043657166 ], [ 30.877323298914892, 70.352641392901432 ], [ 30.876737039073628, 70.352532913641539 ], [ 30.876140900060658, 70.352430713915695 ], [ 30.875535475690008, 70.352334895506928 ], [ 30.874921368996244, 70.352245553842437 ], [ 30.874299191637391, 70.3521627778983 ], [ 30.873669563285588, 70.352086650111644 ], [ 30.873033111012059, 70.352017246298217 ], [ 30.872390468664214, 70.351954635577769 ], [ 30.871742276236688, 70.351898880304745 ], [ 30.871089179234925, 70.351850036006695 ], [ 30.870431828034128, 70.351808151329067 ], [ 30.869770877234952, 70.351773267986943 ], [ 30.869106985011896, 70.351745420723461 ], [ 30.86844081246117, 70.351724637275495 ], [ 30.867773022942963, 70.351710938345889 ], [ 30.867104281425217, 70.351704337583058 ], [ 30.86643525382156, 70.351704841567184 ], [ 30.865766606330698, 70.351712449803898 ], [ 30.865099004776003, 70.351727154724671 ], [ 30.864433113943534, 70.351748941694169 ], [ 30.863769596923269, 70.351777789024922 ], [ 30.863109114449745, 70.351813667998755 ], [ 30.862452324246135, 70.351856542895135 ], [ 30.86179988037259, 70.351906371026843 ], [ 30.86115243257521, 70.35196310278215 ], [ 30.860510625641339, 70.352026681674232 ], [ 30.859875098760305, 70.352097044396743 ], [ 30.859246484886842, 70.352174120887312 ], [ 30.858625410113714, 70.352257834396639 ], [ 30.858012493048484, 70.35234810156463 ], [ 30.857408344200106, 70.352444832503537 ], [ 30.856813565371223, 70.352547930886786 ], [ 30.856228749060865, 70.352657294044675 ], [ 30.855654477874506, 70.352772813066764 ], [ 30.855091323944524, 70.352894372909248 ], [ 30.854539848362823, 70.353021852509855 ], [ 30.854000600620729, 70.353155124907886 ], [ 30.853474118062703, 70.353294057370064 ], [ 30.852960925352573, 70.353438511522924 ], [ 30.852461533948976, 70.353588343489562 ], [ 30.85197644159863, 70.353743404033381 ], [ 30.851506131837411, 70.353903538705595 ], [ 30.851051073511307, 70.354068587999478 ], [ 30.850611720306969, 70.354238387508204 ], [ 30.850188510299141, 70.354412768088721 ], [ 30.849781865515606, 70.354591556029732 ], [ 30.8493921915131, 70.354774573224262 ], [ 30.849019876974129, 70.35496163734706 ], [ 30.84866529331806, 70.355152562035641 ], [ 30.848328794329316, 70.355347157075769 ], [ 30.848010715803611, 70.355545228590543 ], [ 30.847711375212452, 70.355746579233298 ], [ 30.847431071384104, 70.355951008384096 ], [ 30.847170084203903, 70.356158312349166 ], [ 30.846928674334922, 70.356368284563686 ], [ 30.846707082954218, 70.356580715797023 ], [ 30.846505531511106, 70.356795394361967 ], [ 30.846324221504535, 70.357012106324319 ], [ 30.846163334279307, 70.35723063571649 ], [ 30.846023030843348, 70.357450764752656 ], [ 30.845903451704256, 70.357672274045356 ], [ 30.845804716726587, 70.357894942824089 ], [ 30.845726925010386, 70.358118549155478 ], [ 30.845670154789371, 70.358342870163924 ], [ 30.845634463349622, 70.358567682254304 ], [ 30.845619886970535, 70.3587927613342 ], [ 30.845626440885606, 70.359017883037552 ], [ 30.845654119263937, 70.359242822948517 ], [ 30.845702895214078, 70.359467356824737 ], [ 30.84577272080757, 70.359691260821279 ], [ 30.845863527123893, 70.359914311713879 ], [ 30.845975224316572, 70.360136287121236 ], [ 30.846107701700287, 70.360356965727448 ], [ 30.846260827858174, 70.360576127502071 ], [ 30.846434450770332, 70.360793553920288 ], [ 30.846628397963649, 70.361009028180547 ], [ 30.846842476679644, 70.361222335421402 ], [ 30.847076474066579, 70.361433262935279 ], [ 30.847330157387596, 70.361641600381574 ], [ 30.84760327425127, 70.3618471399962 ], [ 30.847895552861718, 70.362049676799188 ], [ 30.848206702287015, 70.362249008799225 ], [ 30.848536412747567, 70.362444937195761 ], [ 30.848884355924785, 70.362637266577181 ], [ 30.849250185284397, 70.362825805116216 ], [ 30.849633536423042, 70.363010364761621 ], [ 30.85003402742927, 70.363190761426125 ], [ 30.850451259263849, 70.363366815169925 ], [ 30.850884816156416, 70.363538350381376 ], [ 30.851334266019286, 70.363705195951653 ], [ 30.851799160878688, 70.363867185446225 ], [ 30.852279037320216, 70.364024157271359 ], [ 30.852773416950985, 70.364175954835218 ], [ 30.853281806876851, 70.364322426704874 ], [ 30.853803700193829, 70.364463426757453 ], [ 30.854338576494136, 70.364598814326456 ], [ 30.854885902385618, 70.364728454342213 ], [ 30.85544513202408, 70.364852217467174 ], [ 30.856015707658958, 70.364969980225212 ], [ 30.856597060189511, 70.365081625125015 ], [ 30.857188609734173, 70.365187040777926 ], [ 30.857789766210583, 70.365286122008754 ], [ 30.858399929923728, 70.365378769961893 ], [ 30.859018492167973, 70.365464892199327 ], [ 30.859644835833137, 70.365544402793674 ], [ 30.860278336023548, 70.365617222414002 ], [ 30.860918360682735, 70.365683278405072 ], [ 30.861564271224868, 70.365742504860293 ], [ 30.8622154231753, 70.365794842687521 ], [ 30.86287116681326, 70.365840239667932 ], [ 30.863530847824663, 70.365878650508662 ], [ 30.864193807954784, 70.365910036887996 ], [ 30.864859385667831, 70.365934367493679 ], [ 30.865526916809589, 70.36595161805397 ], [ 30.866195735271635, 70.365961771362379 ], [ 30.866865173658258, 70.365964817294696 ], [ 30.867534563955164, 70.365960752818793 ], [ 30.868203238196323, 70.365949581997967 ], [ 30.868870529135307, 70.365931315986799 ], [ 30.86953577091089, 70.365905973019935 ], [ 30.870198299714762, 70.365873578393575 ], [ 30.870857454455585, 70.3658341644405 ], [ 30.871512577420454, 70.365787770497548 ], [ 30.872163014933896, 70.365734442865886 ], [ 30.872808118011299, 70.365674234765294 ], [ 30.873447243007703, 70.365607206280146 ], [ 30.874079752263803, 70.365533424299699 ], [ 30.874705014741696, 70.365452962451087 ], [ 30.875322406656831, 70.365365901025442 ], [ 30.875931312102619, 70.365272326897667 ], [ 30.876531123665117, 70.365172333439375 ], [ 30.877121243030633, 70.365066020425573 ], [ 30.877701081584238, 70.364953493934465 ], [ 30.878270060997561, 70.364834866241935 ], [ 30.878827613806514, 70.364710255708431 ], [ 30.879373183978299, 70.36457978666121 ], [ 30.879906227467199, 70.36444358926947 ], [ 30.880426212756831, 70.364301799414548 ], [ 30.880932621390372, 70.364154558553537 ], [ 30.881424948489919, 70.364002013578272 ], [ 30.881902703257154, 70.363844316668178 ], [ 30.882365409465496, 70.363681625138156 ], [ 30.882812605932592, 70.363514101281126 ], [ 30.883243846980999, 70.363341912206224 ], [ 30.883658702882165, 70.363165229671125 ], [ 30.884056760283411, 70.362984229910921 ], [ 30.884437622619785, 70.362799093461888 ], [ 30.884800910508378, 70.36261000498061 ], [ 30.885146262125215, 70.362417153060221 ], [ 30.885473333565194, 70.362220730041287 ], [ 30.885781799182553, 70.362020931820226 ], [ 30.886071351915383, 70.36181795765323 ], [ 30.886341703588652, 70.361612009957568 ], [ 30.886592585200201, 70.36140329410928 ], [ 30.886823747186956, 70.361192018238128 ], [ 30.887034959671666, 70.360978393020076 ], [ 30.887226012689837, 70.360762631466656 ], [ 30.887396716396591, 70.360544948712459 ], [ 30.887546901253078, 70.360325561800579 ], [ 30.887676418194491, 70.360104689466112 ], [ 30.887785138773804, 70.359882551917451 ], [ 30.887872955289982, 70.359659370617379 ], [ 30.887939780889742, 70.359435368061625 ], [ 30.887985549653401, 70.359210767557016 ], [ 30.8880102166573, 70.358985792999107 ], [ 30.888013758015866, 70.358760668648713 ], [ 30.887996170901765, 70.358535618908491 ], [ 30.887957473547477, 70.35831086809921 ], [ 30.887897705222652, 70.358086640236223 ], [ 30.887816926193835, 70.35786315880614 ], [ 30.887715217659945, 70.357640646544439 ], [ 30.887592681670082, 70.357419325213201 ], [ 30.887449441018493, 70.357199415380691 ], [ 30.887285639119934, 70.356981136201156 ], [ 30.887101439863478, 70.356764705197079 ], [ 30.886897027447112, 70.356550338042155 ], [ 30.886672606192853, 70.356338248347157 ], [ 30.886428400338655, 70.356128647446639 ], [ 30.886164653815019, 70.355921744189033 ], [ 30.885881629998035, 70.355717744728608 ], [ 30.885579611446293, 70.355516852320605 ], [ 30.885258899617043, 70.355319267118759 ], [ 30.884919814563563, 70.355125185976064 ], [ 30.884562694615457, 70.354934802249332 ], [ 30.88418789603994, 70.35474830560662 ], [ 30.883795792685451, 70.354565881838738 ], [ 30.883386775607939, 70.354387712674352 ], [ 30.882961252680264, 70.354213975599421 ], [ 30.882519648185223, 70.354044843680569 ], [ 30.882062402392517, 70.353880485393461 ], [ 30.881589971118263, 70.353721064454902 ], [ 30.881102825272475, 70.353566739660025 ], [ 30.880601450387761, 70.353417664724958 ] ] ] } },
{ "type": "Feature", "properties": { "OBJECTID": 325.0, "forbudsomr": null, "typeforbud": "Alle sensorer. (Inkludert foto/video).", "navn": "Øyenskavlen", "refnr": "0292", "GlobalID": "90ed4e02-f19f-47be-bbb2-567a4e9b59b6", "Shape__Are": 786537.17236328125, "Shape__Len": 3144.07703253818 }, "geometry": { "type": "Polygon", "coordinates": [ [ [ 11.091981702529678, 64.278603679967333 ], [ 11.091849476683734, 64.278434690194885 ], [ 11.091701896316055, 64.278268118240518 ], [ 11.09153919501926, 64.278104227444302 ], [ 11.091361630278023, 64.27794327690269 ], [ 11.091169483060359, 64.277785521059272 ], [ 11.090963057372171, 64.27763120930301 ], [ 11.090742679775415, 64.277480585573741 ], [ 11.090508698870673, 64.277333887977377 ], [ 11.09026148474511, 64.277191348409474 ], [ 11.090001428386556, 64.277053192188987 ], [ 11.089728941064672, 64.276919637702505 ], [ 11.089444453680295, 64.276790896059197 ], [ 11.089148416083672, 64.276667170757847 ], [ 11.088841296363299, 64.276548657364899 ], [ 11.088523580105569, 64.276435543205992 ], [ 11.08819576962731, 64.276328007070447 ], [ 11.087858383181894, 64.276226218928358 ], [ 11.087511954140199, 64.276130339662885 ], [ 11.087157030147978, 64.276040520815954 ], [ 11.086794172260813, 64.275956904348831 ], [ 11.086423954057738, 64.275879622418785 ], [ 11.086046960735549, 64.275808797169518 ], [ 11.085663788184714, 64.27574454053898 ], [ 11.085275042048391, 64.275686954082715 ], [ 11.084881336766344, 64.275636128813304 ], [ 11.084483294604892, 64.27559214505682 ], [ 11.084081544674683, 64.275555072326327 ], [ 11.08367672193768, 64.275524969211588 ], [ 11.083269466204902, 64.275501883287376 ], [ 11.082860421126727, 64.275485851037629 ], [ 11.082450233176997, 64.275476897798427 ], [ 11.082039550632826, 64.275475037717982 ], [ 11.081629022551491, 64.275480273734019 ], [ 11.081219297746133, 64.275492597569396 ], [ 11.080811023761884, 64.275511989744999 ], [ 11.08040484585392, 64.275538419610854 ], [ 11.080001405969156, 64.275571845394026 ], [ 11.079601341733074, 64.275612214264953 ], [ 11.07920528544345, 64.27565946242045 ], [ 11.078813863072318, 64.275713515184776 ], [ 11.078427693277876, 64.275774287127589 ], [ 11.078047386428009, 64.275841682198134 ], [ 11.077673543636651, 64.2759155938775 ], [ 11.077306755814774, 64.275995905346633 ], [ 11.076947602737382, 64.276082489670372 ], [ 11.076596652127918, 64.276175209998328 ], [ 11.076254458761788, 64.276273919780493 ], [ 11.075921563589951, 64.276378462998863 ], [ 11.075598492884467, 64.276488674413585 ], [ 11.075285757406977, 64.27660437982388 ], [ 11.074983851601568, 64.276725396343011 ], [ 11.07469325281329, 64.276851532687189 ], [ 11.074414420533675, 64.276982589477555 ], [ 11.074147795674049, 64.277118359554891 ], [ 11.073893799868429, 64.277258628306669 ], [ 11.073652834806309, 64.277403174006395 ], [ 11.073425281597336, 64.27755176816332 ], [ 11.07321150016786, 64.277704175883542 ], [ 11.073011828691222, 64.277860156240948 ], [ 11.072826583052112, 64.278019462657852 ], [ 11.07265605634603, 64.278181843294391 ], [ 11.07250051841468, 64.27834704144658 ], [ 11.07236021541801, 64.278514795951565 ], [ 11.072235369443678, 64.27868484160048 ], [ 11.072126178154143, 64.278856909557632 ], [ 11.072032814472768, 64.279030727785013 ], [ 11.071955426308495, 64.279206021472348 ], [ 11.071894136320301, 64.279382513471447 ], [ 11.07184904172134, 64.279559924734386 ], [ 11.071820214123367, 64.279737974754397 ], [ 11.071807699421484, 64.279916382009333 ], [ 11.071811517719754, 64.28009486440672 ], [ 11.071831663297198, 64.280273139729957 ], [ 11.071868104615019, 64.280450926084399 ], [ 11.071920784364428, 64.28062794234296 ], [ 11.07198961955522, 64.280803908591096 ], [ 11.072074501645076, 64.280978546569216 ], [ 11.072175296709428, 64.281151580112791 ], [ 11.072291845651176, 64.28132273558937 ], [ 11.0724239644506, 64.281491742331269 ], [ 11.072571444454615, 64.281658333063845 ], [ 11.072734052705039, 64.281822244328552 ], [ 11.072911532305568, 64.281983216899306 ], [ 11.073103602826427, 64.282140996193306 ], [ 11.073309960746629, 64.282295332673314 ], [ 11.073530279932662, 64.282445982243203 ], [ 11.073764212153241, 64.282592706633622 ], [ 11.074011387628998, 64.282735273779736 ], [ 11.074271415616449, 64.282873458188149 ], [ 11.07454388502531, 64.283007041294098 ], [ 11.074828365068035, 64.283135811807327 ], [ 11.07512440594069, 64.283259566046809 ], [ 11.075431539534163, 64.283378108262966 ], [ 11.075749280174335, 64.283491250947804 ], [ 11.076077125390189, 64.283598815131981 ], [ 11.076414556708778, 64.283700630667823 ], [ 11.07676104047548, 64.283796536498983 ], [ 11.077116028698549, 64.283886380915689 ], [ 11.077478959916364, 64.283970021794858 ], [ 11.077849260086237, 64.284047326825174 ], [ 11.07822634349313, 64.284118173716607 ], [ 11.078609613677076, 64.284182450394425 ], [ 11.078998464377623, 64.284240055176454 ], [ 11.079392280493936, 64.284290896934124 ], [ 11.079790439058957, 64.284334895237095 ], [ 11.080192310226074, 64.284371980480614 ], [ 11.080597258266872, 64.284402093995411 ], [ 11.081004642578073, 64.284425188141327 ], [ 11.081413818696413, 64.284441226382228 ], [ 11.081824139319568, 64.284450183344134 ], [ 11.082234955331614, 64.284452044855428 ], [ 11.082645616831458, 64.284446807969218 ], [ 11.083055474162434, 64.284434480968244 ], [ 11.083463878941551, 64.284415083351504 ], [ 11.083870185086676, 64.284388645803617 ], [ 11.084273749840172, 64.284355210145861 ], [ 11.084673934787078, 64.284314829270315 ], [ 11.085070106866455, 64.284267567056034 ], [ 11.085461639374209, 64.284213498267604 ], [ 11.08584791295581, 64.284152708436807 ], [ 11.08622831658721, 64.284085293727387 ], [ 11.086602248542587, 64.284011360782401 ], [ 11.086969117347241, 64.283931026555436 ], [ 11.087328342714198, 64.283844418125469 ], [ 11.087679356462907, 64.283751672495342 ], [ 11.088021603418843, 64.283652936375006 ], [ 11.08835454229221, 64.283548365948974 ], [ 11.088677646534659, 64.283438126629122 ], [ 11.088990405172511, 64.283322392792698 ], [ 11.089292323615277, 64.283201347506079 ], [ 11.089582924437948, 64.283075182234953 ], [ 11.089861748136187, 64.282944096541144 ], [ 11.090128353852904, 64.282808297766493 ], [ 11.09038232007514, 64.282668000705002 ], [ 11.090623245300346, 64.282523427262262 ], [ 11.090850748670853, 64.282374806104258 ], [ 11.091064470575326, 64.282222372295678 ], [ 11.091264073216767, 64.282066366927538 ], [ 11.091449241145718, 64.281907036735689 ], [ 11.091619681757992, 64.281744633710204 ], [ 11.09177512575617, 64.28157941469685 ], [ 11.091915327574155, 64.2814116409902 ], [ 11.092040065764055, 64.281241577920497 ], [ 11.092149143344763, 64.281069494433638 ], [ 11.092242388111908, 64.280895662665813 ], [ 11.092319652908282, 64.280720357512863 ], [ 11.092380815854938, 64.280543856195493 ], [ 11.092425780541898, 64.280366437820561 ], [ 11.092454476178785, 64.280188382939684 ], [ 11.092466857704705, 64.280009973106033 ], [ 11.092462905857685, 64.27983149042808 ], [ 11.092442627202962, 64.27965321712432 ], [ 11.092406054120733, 64.27947543507662 ], [ 11.092353244752841, 64.279298425384837 ], [ 11.092284282908992, 64.279122467921979 ], [ 11.092199277932185, 64.278947840892144 ], [ 11.092098364523986, 64.278774820390595 ], [ 11.091981702529678, 64.278603679967333 ] ] ] } },
{ "type": "Feature", "properties": { "OBJECTID": 326.0, "forbudsomr": null, "typeforbud": "Alle sensorer. (Inkludert foto/video).", "navn": "CRC Sørreisa", "refnr": "0293", "GlobalID": "98318985-a3dc-41f2-a5f8-a216fe3eb39d", "Shape__Are": 5212370.8950195312, "Shape__Len": 9132.5431091490227 }, "geometry": { "type": "Polygon", "coordinates": [ [ [ 18.006303976741503, 69.057404106205851 ], [ 17.989104254340464, 69.056860370622744 ], [ 17.947732379031841, 69.061974366686428 ], [ 17.935040313356843, 69.075405697004925 ], [ 17.953930528010471, 69.083189890250367 ], [ 18.010253957367613, 69.067104312358381 ], [ 18.006303976741503, 69.057404106205851 ] ] ] } },
{ "type": "Feature", "properties": { "OBJECTID": 327.0, "forbudsomr": null, "typeforbud": "Alle sensorer. (Inkludert foto/video).", "navn": "Hestgrovheia", "refnr": "0294", "GlobalID": "ce2e7caa-1707-42db-9b3c-f2d23d73deef", "Shape__Are": 763256.19995117188, "Shape__Len": 3097.2014938323377 }, "geometry": { "type": "Polygon", "coordinates": [ [ [ 9.689340641562328, 63.516554429916894 ], [ 9.689108064348273, 63.516409832089636 ], [ 9.688862639235152, 63.516269532943653 ], [ 9.688604764382051, 63.516133759980598 ], [ 9.688334858117955, 63.516002733359151 ], [ 9.688053358262982, 63.515876665538521 ], [ 9.687760721417902, 63.515755760934312 ], [ 9.68745742222359, 63.515640215587403 ], [ 9.687143952591224, 63.515530216846123 ], [ 9.686820820904611, 63.515425943063399 ], [ 9.686488551196145, 63.515327563307174 ], [ 9.686147682297317, 63.51523523708709 ], [ 9.68579876696537, 63.515149114096126 ], [ 9.68544237098776, 63.515069333967958 ], [ 9.685079072265351, 63.514996026051037 ], [ 9.684709459876153, 63.514929309199026 ], [ 9.68433413312122, 63.514869291578457 ], [ 9.683953700553809, 63.514816070493538 ], [ 9.683568778993902, 63.514769732228679 ], [ 9.683179992529189, 63.514730351908675 ], [ 9.682787971504533, 63.514697993377276 ], [ 9.682393351501323, 63.514672709093588 ], [ 9.681996772308228, 63.514654540047495 ], [ 9.68159887688544, 63.514643515692804 ], [ 9.681200310323627, 63.514639653900161 ], [ 9.680801718799524, 63.514642960927809 ], [ 9.680403748529798, 63.514653431411347 ], [ 9.680007044724812, 63.514671048372776 ], [ 9.679612250544011, 63.514695783247873 ], [ 9.679220006054676, 63.514727595932257 ], [ 9.678830947195573, 63.514766434846543 ], [ 9.67844570474732, 63.514812237019925 ], [ 9.678064903311023, 63.514864928191884 ], [ 9.677689160296826, 63.514924422932872 ], [ 9.677319084924282, 63.51499062478198 ], [ 9.67695527723547, 63.515063426403849 ], [ 9.676598327123383, 63.515142709762081 ], [ 9.676248813376315, 63.515228346310373 ], [ 9.675907302740319, 63.515320197200992 ], [ 9.675574349001035, 63.515418113509114 ], [ 9.67525049208635, 63.515521936474649 ], [ 9.674936257191474, 63.515631497758726 ], [ 9.674632153927771, 63.515746619716758 ], [ 9.67433867549652, 63.515867115686177 ], [ 9.674056297889505, 63.515992790288408 ], [ 9.673785479117056, 63.51612343974562 ], [ 9.673526658465184, 63.516258852210854 ], [ 9.673280255782963, 63.516398808111106 ], [ 9.673046670801297, 63.51654308050307 ], [ 9.672826282484117, 63.516691435440706 ], [ 9.672619448413188, 63.516843632354465 ], [ 9.672426504207191, 63.516999424441074 ], [ 9.672247762976804, 63.517158559063162 ], [ 9.672083514815498, 63.517320778159274 ], [ 9.671934026328136, 63.517485818661299 ], [ 9.671799540197167, 63.517653412921476 ], [ 9.67168027478758, 63.517823289146065 ], [ 9.671576423791388, 63.517995171835359 ], [ 9.671488155911673, 63.518168782231385 ], [ 9.671415614587536, 63.518343838768573 ], [ 9.671358917759486, 63.518520057531148 ], [ 9.671318157676419, 63.518697152713145 ], [ 9.671293400744174, 63.518874837081746 ], [ 9.671284687415829, 63.519052822443449 ], [ 9.67129203212426, 63.519230820110884 ], [ 9.671315423256694, 63.519408541371632 ], [ 9.671354823171717, 63.519585697955812 ], [ 9.671410168258189, 63.519762002504528 ], [ 9.671481369036711, 63.519937169035423 ], [ 9.671568310302801, 63.520110913406775 ], [ 9.671670851311868, 63.520282953778583 ], [ 9.671788826005786, 63.520453011069861 ], [ 9.671922043280496, 63.520620809411497 ], [ 9.672070287294325, 63.520786076594078 ], [ 9.672233317816611, 63.520948544509324 ], [ 9.672410870615888, 63.521107949585584 ], [ 9.672602657887076, 63.521264033215644 ], [ 9.672808368717206, 63.52141654217624 ], [ 9.673027669588551, 63.521565229039489 ], [ 9.67326020491871, 63.521709852574403 ], [ 9.673505597636519, 63.521850178138486 ], [ 9.673763449792979, 63.521985978058815 ], [ 9.674033343206268, 63.522117032002043 ], [ 9.67431484013963, 63.52224312733167 ], [ 9.674607484011242, 63.522364059453693 ], [ 9.67491080013464, 63.522479632148865 ], [ 9.675224296488906, 63.522589657891224 ], [ 9.675547464516875, 63.522693958153056 ], [ 9.675879779950495, 63.522792363694485 ], [ 9.676220703661764, 63.52288471483859 ], [ 9.676569682537867, 63.52297086173094 ], [ 9.676926150379302, 63.523050664582811 ], [ 9.67728952881914, 63.523123993898288 ], [ 9.677659228262339, 63.523190730685094 ], [ 9.678034648843314, 63.523250766647152 ], [ 9.678415181400286, 63.52330400436152 ], [ 9.678800208464825, 63.523350357435817 ], [ 9.679189105264959, 63.523389750649272 ], [ 9.679581240740264, 63.523422120074478 ], [ 9.679975978567141, 63.523447413181628 ], [ 9.680372678192729, 63.523465588923848 ], [ 9.680770695875843, 63.523476617803581 ], [ 9.681169385732863, 63.523480481921084 ], [ 9.681568100787452, 63.523477175003002 ], [ 9.681966194021824, 63.523466702412811 ], [ 9.682363019428111, 63.523449081142402 ], [ 9.682757933058237, 63.523424339783972 ], [ 9.683150294070275, 63.523392518483753 ], [ 9.683539465769751, 63.523353668877029 ], [ 9.683924816644208, 63.523307854004173 ], [ 9.684305721389407, 63.523255148207753 ], [ 9.684681561925144, 63.523195637012527 ], [ 9.685051728399461, 63.523129416985704 ], [ 9.685415620179409, 63.523056595580854 ], [ 9.685772646826631, 63.522977290962622 ], [ 9.686122229056513, 63.522891631814986 ], [ 9.686463799678812, 63.522799757132525 ], [ 9.686796804518892, 63.522701815994161 ], [ 9.68712070331744, 63.522597967321097 ], [ 9.687434970607628, 63.522488379618913 ], [ 9.687739096568, 63.522373230703415 ], [ 9.688032587850046, 63.522252707412257 ], [ 9.68831496837865, 63.522127005301073 ], [ 9.688585780124564, 63.521996328326061 ], [ 9.688844583847342, 63.521860888512585 ], [ 9.689090959807691, 63.521720905611154 ], [ 9.68932450844795, 63.521576606740233 ], [ 9.689544851039965, 63.52142822601742 ], [ 9.689751630298504, 63.521276004179541 ], [ 9.689944510960306, 63.521120188191546 ], [ 9.690123180326864, 63.520961030845761 ], [ 9.69028734877074, 63.520798790351101 ], [ 9.690436750204082, 63.520633729914351 ], [ 9.690571142509025, 63.520466117312573 ], [ 9.690690307929037, 63.520296224458669 ], [ 9.690794053420642, 63.520124326959824 ], [ 9.690882210964919, 63.51995070367046 ], [ 9.690954637838399, 63.519775636239451 ], [ 9.691011216842799, 63.519599408653328 ], [ 9.691051856493365, 63.519422306775269 ], [ 9.691076491165322, 63.519244617881476 ], [ 9.691085081198443, 63.519066630195006 ], [ 9.691077612959543, 63.51888863241799 ], [ 9.691054098862468, 63.518710913263902 ], [ 9.691014577346184, 63.518533760988618 ], [ 9.690959112810361, 63.518357462923319 ], [ 9.690887795509147, 63.518182305008267 ], [ 9.690800741402693, 63.518008571329275 ], [ 9.690698091967402, 63.517836543657047 ], [ 9.690580013964601, 63.517666500990174 ], [ 9.69044669916835, 63.517498719102804 ], [ 9.690298364052747, 63.517333470097924 ], [ 9.690135249439324, 63.517171021965687 ], [ 9.689957620104918, 63.51701163814937 ], [ 9.689765764350923, 63.516855577118633 ], [ 9.689559993534472, 63.516703091949907 ], [ 9.689340641562328, 63.516554429916894 ] ] ] } },
{ "type": "Feature", "properties": { "OBJECTID": 328.0, "forbudsomr": null, "typeforbud": "Alle sensorer. (Inkludert foto/video).", "navn": "Akershus festning", "refnr": "0296", "GlobalID": "6abc9cbc-7fdb-4b10-804d-88f2553f7d6f", "Shape__Are": 185493.82800292969, "Shape__Len": 1953.9590947449005 }, "geometry": { "type": "Polygon", "coordinates": [ [ [ 10.735016245475929, 59.909803907498443 ], [ 10.736535186064197, 59.909948504934036 ], [ 10.736801595754653, 59.909493841263973 ], [ 10.736704550153593, 59.909263592241174 ], [ 10.737343406081115, 59.908725608013533 ], [ 10.739622235347872, 59.908022698356014 ], [ 10.73995580324128, 59.908383237075626 ], [ 10.744449084021317, 59.907265905370998 ], [ 10.741527950371443, 59.904164556983943 ], [ 10.741319947553146, 59.904094237088295 ], [ 10.740752897537947, 59.904003211243207 ], [ 10.740230597690443, 59.903986305591943 ], [ 10.739804451178772, 59.903995221167271 ], [ 10.739367277879884, 59.904090078676965 ], [ 10.738856616002348, 59.904264312043196 ], [ 10.738380859194622, 59.905011977951503 ], [ 10.736454591311089, 59.905576394507939 ], [ 10.73593227298457, 59.905981887061422 ], [ 10.735328596174107, 59.90730224677862 ], [ 10.735120868869528, 59.90786327772615 ], [ 10.735129577536116, 59.908358648951328 ], [ 10.735330329109843, 59.908696728411257 ], [ 10.735016245475929, 59.909803907498443 ] ] ] } },
{ "type": "Feature", "properties": { "OBJECTID": 329.0, "forbudsomr": null, "typeforbud": "Alle sensorer. (Inkludert foto/video).", "navn": "Sola Flystasjon", "refnr": "0295", "GlobalID": "44318405-dd9b-4305-9cfc-b6ad9e9b71de", "Shape__Are": null, "Shape__Len": null }, "geometry": null },
{ "type": "Feature", "properties": { "OBJECTID": 330.0, "forbudsomr": null, "typeforbud": "Alle sensorer. (Inkludert foto/video).", "navn": "Sola Flystasjon", "refnr": "0295", "GlobalID": "f649d17e-35df-4d0c-a252-cc6ddbce1f68", "Shape__Are": 2218144.5054321289, "Shape__Len": 9191.6594154323593 }, "geometry": { "type": "Polygon", "coordinates": [ [ [ 5.637900575451636, 58.895380840093075 ], [ 5.639659059600531, 58.895479006417986 ], [ 5.643671855238257, 58.893212342195895 ], [ 5.643059774762978, 58.892773847349908 ], [ 5.641463716347837, 58.892187757620796 ], [ 5.64210690038115, 58.890901860943075 ], [ 5.643485987457828, 58.89035128272797 ], [ 5.644650245976464, 58.88930032845483 ], [ 5.644275469629026, 58.888742847454253 ], [ 5.643379175914299, 58.887844358726532 ], [ 5.64279992391244, 58.887393109737737 ], [ 5.64459034314999, 58.88681076924567 ], [ 5.644484612817876, 58.886319147357682 ], [ 5.644556945223808, 58.885877750427525 ], [ 5.644778564010496, 58.885416234446538 ], [ 5.645106735794249, 58.88400826623824 ], [ 5.646091528657906, 58.883692427914497 ], [ 5.645718235285255, 58.883413141826999 ], [ 5.645554424279868, 58.883052213628552 ], [ 5.645726712942854, 58.882832148795437 ], [ 5.645937775396192, 58.882392738855529 ], [ 5.645177555454096, 58.881780895249854 ], [ 5.650175273546177, 58.879434582863489 ], [ 5.648517998172355, 58.877557623936077 ], [ 5.65318253593802, 58.87291773446848 ], [ 5.649329579997396, 58.870267658715996 ], [ 5.641547142542324, 58.868156812469245 ], [ 5.631857732421861, 58.867978588912074 ], [ 5.629079816268154, 58.868835621520375 ], [ 5.625669702192714, 58.870615706264985 ], [ 5.624474974383297, 58.872421576157677 ], [ 5.619762188379813, 58.872291244179671 ], [ 5.619618638037411, 58.874647394001101 ], [ 5.625715586585812, 58.877164548474987 ], [ 5.633092240958026, 58.87604012235181 ], [ 5.639004107483611, 58.876620185799283 ], [ 5.637900575451636, 58.895380840093075 ] ] ] } },
{ "type": "Feature", "properties": { "OBJECTID": 331.0, "forbudsomr": null, "typeforbud": "Alle sensorer. (Inkludert foto/video).", "navn": "Rena flyplass - Landsørkje", "refnr": "0297", "GlobalID": "3669ae63-bc8a-4eba-99e5-4bbd951cebb3", "Shape__Are": 6748792.5927734375, "Shape__Len": 11558.559132319147 }, "geometry": { "type": "Polygon", "coordinates": [ [ [ 11.384609632960121, 61.161211302262899 ], [ 11.355268506291642, 61.19143608533259 ], [ 11.365056838531858, 61.194311640050046 ], [ 11.397787866260975, 61.185772903347882 ], [ 11.41985839331025, 61.16161423132904 ], [ 11.412751627331074, 61.157567287964312 ], [ 11.387048075821113, 61.162528664547963 ], [ 11.384609632960121, 61.161211302262899 ] ] ] } },
{ "type": "Feature", "properties": { "OBJECTID": 332.0, "forbudsomr": null, "typeforbud": "Alle sensorer. (Inkludert foto/video).", "navn": "Heistadmoen", "refnr": "0298", "GlobalID": "b77a490c-e696-4d2e-9154-a15527f1ba11", "Shape__Are": 551134.458984375, "Shape__Len": 3971.6690803120182 }, "geometry": { "type": "Polygon", "coordinates": [ [ [ 9.6520214488808, 59.589225282048318 ], [ 9.650775864040474, 59.58920760225481 ], [ 9.649975063120996, 59.589491322666262 ], [ 9.650196021488448, 59.590166716370021 ], [ 9.65143677898225, 59.590833888528643 ], [ 9.65434429097389, 59.593001893986433 ], [ 9.655555782828003, 59.593234701407695 ], [ 9.653376987925245, 59.593711947063333 ], [ 9.652577119549566, 59.594195628344679 ], [ 9.653170432243916, 59.594802960333631 ], [ 9.654888357360203, 59.595570247009555 ], [ 9.656392346503736, 59.595898303238073 ], [ 9.657936807827307, 59.595972120822097 ], [ 9.659274021939479, 59.596026787633576 ], [ 9.65937411731082, 59.596190801059251 ], [ 9.659206306039291, 59.596717013760404 ], [ 9.659605339200114, 59.597117135024909 ], [ 9.660314436208406, 59.59755125035214 ], [ 9.661582672795346, 59.598040191050771 ], [ 9.663473755817568, 59.598447943373777 ], [ 9.664534385878436, 59.598523240842496 ], [ 9.666675851447886, 59.598546698870031 ], [ 9.66891099680668, 59.598509975333343 ], [ 9.67008741786889, 59.598120852435805 ], [ 9.67105581707137, 59.597584638201091 ], [ 9.671670878847335, 59.596756815651609 ], [ 9.671547882146244, 59.595941538587446 ], [ 9.672136739414936, 59.59541116237672 ], [ 9.672256558867701, 59.595053562956018 ], [ 9.671556484592811, 59.594694513403958 ], [ 9.668310551925682, 59.594476804188936 ], [ 9.667404226767205, 59.59393539984336 ], [ 9.666407315195613, 59.593178396247211 ], [ 9.665304193629748, 59.592883482449899 ], [ 9.664073785153665, 59.593183063620721 ], [ 9.663281970489926, 59.593617158623928 ], [ 9.662751763537806, 59.593645475642823 ], [ 9.661607049792696, 59.593198904441465 ], [ 9.661150517590199, 59.592763788211137 ], [ 9.659654169268963, 59.59266931492639 ], [ 9.658292612350156, 59.592347117777315 ], [ 9.656223798487298, 59.591372323749454 ], [ 9.655251493674795, 59.590707853772784 ], [ 9.653991292655128, 59.590239827507631 ], [ 9.653296251444283, 59.589768890065223 ], [ 9.6520214488808, 59.589225282048318 ] ] ] } },
{ "type": "Feature", "properties": { "OBJECTID": 333.0, "forbudsomr": null, "typeforbud": "Alle sensorer. (Inkludert foto/video).", "navn": "Vatneleiren", "refnr": "0299", "GlobalID": "0f9545e3-8b63-4fff-8290-f871f4ca4c7b", "Shape__Are": 196497.45071411133, "Shape__Len": 1697.6612134999025 }, "geometry": { "type": "Polygon", "coordinates": [ [ [ 5.791729468092687, 58.860189318963158 ], [ 5.792926377781512, 58.860537623938242 ], [ 5.793948850274778, 58.860577655685582 ], [ 5.794964378378305, 58.860884804686862 ], [ 5.796338098950105, 58.861301311389568 ], [ 5.79714417183949, 58.86142612793661 ], [ 5.798061925632283, 58.861374969202096 ], [ 5.79878427963458, 58.861209411298518 ], [ 5.799648387788007, 58.861238021300188 ], [ 5.800218606221718, 58.861278972705939 ], [ 5.801019049176564, 58.860700851194736 ], [ 5.801108435782533, 58.860004761528458 ], [ 5.800616336492916, 58.859551262752653 ], [ 5.7983813659191, 58.857836492962079 ], [ 5.797759528881415, 58.857442413756914 ], [ 5.79573197506969, 58.857310441643229 ], [ 5.793004673669296, 58.857470702373149 ], [ 5.790994040984585, 58.857920510254388 ], [ 5.790924386773577, 58.858643445041167 ], [ 5.791729468092687, 58.860189318963158 ] ] ] } },
{ "type": "Feature", "properties": { "OBJECTID": 334.0, "forbudsomr": null, "typeforbud": "Alle sensorer. (Inkludert foto/video).", "navn": "Bergenhus Festning", "refnr": "0300", "GlobalID": "c68cc3ff-f3cb-45d4-be44-dc93b2acf505", "Shape__Are": 86367.676910400391, "Shape__Len": 1201.1719921198526 }, "geometry": { "type": "Polygon", "coordinates": [ [ [ 5.315426875292411, 60.40112490571228 ], [ 5.316514062205211, 60.401197855439811 ], [ 5.317028998798076, 60.401283664205039 ], [ 5.31765640612237, 60.40154919152242 ], [ 5.318267725119665, 60.401868404944615 ], [ 5.318900738969938, 60.401976587878558 ], [ 5.319809668570012, 60.401858102548054 ], [ 5.320664848653643, 60.401687657599439 ], [ 5.321300450326395, 60.401555967075311 ], [ 5.322048125295565, 60.401281605875411 ], [ 5.322286824976483, 60.40108649907453 ], [ 5.322377337499115, 60.400784501417007 ], [ 5.322231215264492, 60.400485719951511 ], [ 5.321464897140576, 60.399249816729892 ], [ 5.320214874277894, 60.399535321802013 ], [ 5.319670029089894, 60.398809477325543 ], [ 5.3188903366885, 60.398820844168 ], [ 5.318376402840421, 60.39882427745345 ], [ 5.317810154763225, 60.399002194791677 ], [ 5.316906136071753, 60.399566836408411 ], [ 5.316323438873371, 60.400539147313893 ], [ 5.316005013681965, 60.400806408632604 ], [ 5.315426875292411, 60.40112490571228 ] ] ] } },
{ "type": "Feature", "properties": { "OBJECTID": 335.0, "forbudsomr": null, "typeforbud": "Alle sensorer. (Inkludert foto/video).", "navn": "Setnesmoen Leir", "refnr": "0301", "GlobalID": "c2ff7f95-2330-4c4a-aa5e-90750a9377a0", "Shape__Are": 1458335.1181640625, "Shape__Len": 5788.6310609713664 }, "geometry": { "type": "Polygon", "coordinates": [ [ [ 7.679951271287869, 62.551507372342428 ], [ 7.680754202158383, 62.552035123777308 ], [ 7.682131157478535, 62.553058054932499 ], [ 7.68372562579884, 62.554287265030844 ], [ 7.684433389615311, 62.555376232391133 ], [ 7.684968087406824, 62.555554598334005 ], [ 7.685830022769677, 62.555432972727608 ], [ 7.687638375943751, 62.554993817215447 ], [ 7.688536353066078, 62.554139521233836 ], [ 7.688729729228222, 62.553648855963623 ], [ 7.689676959330874, 62.553181113098333 ], [ 7.690257236756261, 62.553027968328131 ], [ 7.690806741830858, 62.552706262194548 ], [ 7.691367554742806, 62.55248531413838 ], [ 7.692897899354499, 62.552732649475047 ], [ 7.69393075017336, 62.553237641402184 ], [ 7.697206948199631, 62.552124217542641 ], [ 7.697443152748809, 62.551752653056852 ], [ 7.69719896944228, 62.551422646051662 ], [ 7.697573917183294, 62.551075059689943 ], [ 7.700310096999718, 62.550684459160074 ], [ 7.702374356661773, 62.550525663316755 ], [ 7.70385843899843, 62.550520042052391 ], [ 7.704550559652094, 62.550205769295673 ], [ 7.704341169636398, 62.549293314475456 ], [ 7.703201154641165, 62.548048245457863 ], [ 7.701484767073304, 62.546234735634457 ], [ 7.699171529498082, 62.544156998718826 ], [ 7.696802170625529, 62.541849654489667 ], [ 7.695950574687616, 62.541178902312758 ], [ 7.696185243806125, 62.540226099190136 ], [ 7.69280300676464, 62.53882244490795 ], [ 7.690503620984933, 62.536693077553672 ], [ 7.689495005173762, 62.536431376818442 ], [ 7.686675427615092, 62.5364135385758 ], [ 7.686280958006418, 62.537097084291311 ], [ 7.686450412139456, 62.53778420306412 ], [ 7.685710052299802, 62.538266961102437 ], [ 7.685124245262601, 62.538810015990968 ], [ 7.686425975109464, 62.540860933419168 ], [ 7.686910397840451, 62.542790603338048 ], [ 7.686521576273848, 62.544596099227121 ], [ 7.684610534429975, 62.545930268180442 ], [ 7.678676167804161, 62.548226530292034 ], [ 7.678141420025534, 62.549476556401167 ], [ 7.677354626438213, 62.550374206612936 ], [ 7.67828090702977, 62.550970754206517 ], [ 7.679951271287869, 62.551507372342428 ] ] ] } },
{ "type": "Feature", "properties": { "OBJECTID": 336.0, "forbudsomr": null, "typeforbud": "Alle sensorer. (Inkludert foto/video).", "navn": "Værnes Garnison", "refnr": "0302", "GlobalID": "6b3c6033-7f64-445f-9282-819765e2fb36", "Shape__Are": 1196373.1723632812, "Shape__Len": 4607.4304352185327 }, "geometry": { "type": "Polygon", "coordinates": [ [ [ 10.914050819861975, 63.458301667511797 ], [ 10.913990347926022, 63.459131891649697 ], [ 10.914577541115177, 63.459902638487591 ], [ 10.915892506701363, 63.460460196985018 ], [ 10.916249556858242, 63.460808381267881 ], [ 10.915913279635072, 63.46194270501168 ], [ 10.916079382800989, 63.463221377346855 ], [ 10.916379744077565, 63.464373893878467 ], [ 10.917288520783934, 63.465335802415701 ], [ 10.918271270312687, 63.465779848528506 ], [ 10.921555831451402, 63.465977608895848 ], [ 10.92512986300866, 63.466183547072838 ], [ 10.927210010190763, 63.466268836893384 ], [ 10.927944074215086, 63.466419744405641 ], [ 10.930556266905977, 63.466442148948644 ], [ 10.93373259224534, 63.466584547687546 ], [ 10.935879030755693, 63.466203631463756 ], [ 10.938924038488819, 63.465224265216129 ], [ 10.941990216312147, 63.463618368714364 ], [ 10.94287637496071, 63.46290876311496 ], [ 10.943094914903838, 63.461871388509913 ], [ 10.943473719367653, 63.460710777354578 ], [ 10.944053091977702, 63.459981808723377 ], [ 10.946043984040136, 63.459274254856027 ], [ 10.947096184208984, 63.458671832847834 ], [ 10.947634524492571, 63.458021554344597 ], [ 10.914050819861975, 63.458301667511797 ] ] ] } },
{ "type": "Feature", "properties": { "OBJECTID": 337.0, "forbudsomr": null, "typeforbud": "Alle sensorer. (Inkludert foto/video).", "navn": "Drevjamoen", "refnr": "0303", "GlobalID": "47c517fc-5db4-4db7-a8a8-0a1f2772244f", "Shape__Are": 3577009.1672363281, "Shape__Len": 9784.8294842823198 }, "geometry": { "type": "Polygon", "coordinates": [ [ [ 13.286948943839255, 65.993025199614436 ], [ 13.291621384387984, 65.99573517436437 ], [ 13.293121502265324, 65.996482776776588 ], [ 13.294897332226958, 65.996768258884543 ], [ 13.296792172000455, 65.997104875233646 ], [ 13.298259675528632, 65.997121101995432 ], [ 13.311995502721958, 65.997446406904274 ], [ 13.312563854860871, 65.997537693471614 ], [ 13.314803084266773, 65.998816808392974 ], [ 13.316399002978738, 65.999163862782794 ], [ 13.318032954616555, 65.999330569261218 ], [ 13.318683842349904, 65.999358942098908 ], [ 13.319551856449522, 65.999262096861457 ], [ 13.327132647971849, 65.997001107303632 ], [ 13.336893155043535, 65.995037931910346 ], [ 13.348025064885359, 65.992652858334523 ], [ 13.351130628085979, 65.990820490471378 ], [ 13.350449800277358, 65.989028649297765 ], [ 13.346248104443449, 65.987417015676343 ], [ 13.297135692548837, 65.989099554994127 ], [ 13.292835263401892, 65.981099879679931 ], [ 13.291480779456309, 65.980517025600804 ], [ 13.288062259321075, 65.97954618089797 ], [ 13.282073334879227, 65.979803908210982 ], [ 13.277275006106924, 65.980115295460692 ], [ 13.273023990825855, 65.981162739664796 ], [ 13.270602056730143, 65.983122934222649 ], [ 13.270392852109856, 65.984742944304486 ], [ 13.271733366987077, 65.985528624248943 ], [ 13.27807906126065, 65.987384342084297 ], [ 13.280376611238733, 65.988748470299853 ], [ 13.282877527113548, 65.991534388971147 ], [ 13.286948943839255, 65.993025199614436 ] ] ] } },
{ "type": "Feature", "properties": { "OBJECTID": 338.0, "forbudsomr": null, "typeforbud": "Alle sensorer. (Inkludert foto/video).", "navn": "Bjerkvik Garnison", "refnr": "0304", "GlobalID": "c85dd9f9-ace8-45f0-8f41-73755a15aefb", "Shape__Are": 2241546.0288085938, "Shape__Len": 6403.9012821420274 }, "geometry": { "type": "Polygon", "coordinates": [ [ [ 17.57506987170116, 68.547595939256567 ], [ 17.594653985094375, 68.547684133255473 ], [ 17.597465795386068, 68.548082035986454 ], [ 17.599003354287017, 68.548499603526039 ], [ 17.603422726754189, 68.548690813119009 ], [ 17.612397274398774, 68.549018853052416 ], [ 17.61608177455242, 68.548987501474457 ], [ 17.621319183007952, 68.548282820562491 ], [ 17.624938404504725, 68.547084024948887 ], [ 17.627022341094989, 68.54549377054191 ], [ 17.62680042750268, 68.544199164169768 ], [ 17.626509111423974, 68.541016942678937 ], [ 17.625986544138943, 68.540335508879366 ], [ 17.623141929880855, 68.539690344419895 ], [ 17.605363558557972, 68.538263280635178 ], [ 17.593113934952591, 68.537758607827627 ], [ 17.587016638914839, 68.53760338817294 ], [ 17.581760902203325, 68.537268867017417 ], [ 17.580094733389064, 68.537377539479692 ], [ 17.57673791677373, 68.537777973704834 ], [ 17.574990786921955, 68.538369668045476 ], [ 17.57464611250921, 68.539720755327366 ], [ 17.575203488094083, 68.540802148708437 ], [ 17.576597693247045, 68.541312450323844 ], [ 17.581475668046362, 68.541811786308131 ], [ 17.581464182062412, 68.542747010078827 ], [ 17.576203433169589, 68.543866180297059 ], [ 17.574544364841593, 68.546721326710539 ], [ 17.57506987170116, 68.547595939256567 ] ] ] } },
{ "type": "Feature", "properties": { "OBJECTID": 339.0, "forbudsomr": null, "typeforbud": "Alle sensorer. (Inkludert foto/video).", "navn": "Porsangmoen skyte- og øvingsfelt", "refnr": "0305", "GlobalID": "abbd4d6a-cc68-41e4-a0a1-919d97333ac9", "Shape__Are": 209052373.10498047, "Shape__Len": 60401.934463723563 }, "geometry": { "type": "Polygon", "coordinates": [ [ [ 24.971818464135559, 69.937798440204716 ], [ 25.029169144619544, 69.944084383657795 ], [ 25.203192217583773, 69.938411202939292 ], [ 25.459068419900319, 69.966810322885223 ], [ 25.464431200863462, 69.881182129283985 ], [ 25.236580074633512, 69.843385058593185 ], [ 25.144510868374589, 69.837546737629339 ], [ 25.040300284566801, 69.847589222289869 ], [ 24.981662275315269, 69.847515691174323 ], [ 24.941716296609265, 69.862563131323569 ], [ 24.950579641788259, 69.918820996769838 ], [ 24.941381865989928, 69.92997598884017 ], [ 24.975227489976341, 69.933248473378583 ], [ 24.971818464135559, 69.937798440204716 ] ] ] } },
{ "type": "Feature", "properties": { "OBJECTID": 347.0, "forbudsomr": null, "typeforbud": "Alle sensorer. (Inkludert foto/video).", "navn": "Jan Mayen", "refnr": "0287", "GlobalID": "2a77e21d-07b1-4423-968d-0ab3cd652990", "Shape__Are": 86332497.764892578, "Shape__Len": 49466.432674390409 }, "geometry": { "type": "Polygon", "coordinates": [ [ [ -8.467800826171214, 71.017361175152232 ], [ -8.436815901066041, 71.016465867031414 ], [ -8.388444846381811, 71.01232973441229 ], [ -8.331702163983268, 71.00162681310151 ], [ -8.294036699545899, 70.995112588109123 ], [ -8.258167157578695, 70.987678567709963 ], [ -8.246937819176564, 70.982666058727105 ], [ -8.2525964874394, 70.979208279010464 ], [ -8.355319442787831, 70.966373649582252 ], [ -8.390799971081101, 70.963539685561472 ], [ -8.415992437951378, 70.966410185968783 ], [ -8.433400867780762, 70.971674605001837 ], [ -8.468038991438545, 70.969480167045049 ], [ -8.521695985223225, 70.96391144370584 ], [ -8.56156879185713, 70.956651410598312 ], [ -8.617933736378696, 70.944710410791728 ], [ -8.67218859938235, 70.929669412660886 ], [ -8.697407709204711, 70.919886174624665 ], [ -8.717971010735639, 70.916669976418262 ], [ -8.757767159033502, 70.921444911438641 ], [ -8.775640835871712, 70.928350709910035 ], [ -8.788639359507972, 70.935495815432205 ], [ -8.786978337224452, 70.943363836157076 ], [ -8.776084074480117, 70.948802966663095 ], [ -8.750554719587242, 70.955533083858299 ], [ -8.707626601970606, 70.962986419726562 ], [ -8.7017857506355, 70.974097657911827 ], [ -8.706489410143947, 70.981065215678271 ], [ -8.674341733371319, 70.984599102456684 ], [ -8.574799341597114, 70.990147155694558 ], [ -8.534361973509503, 70.995774764738357 ], [ -8.505591126765788, 71.006750432553389 ], [ -8.467800826171214, 71.017361175152232 ] ] ] } },
{ "type": "Feature", "properties": { "OBJECTID": 348.0, "forbudsomr": null, "typeforbud": "Alle sensorer. (Inkludert foto/video).", "navn": "Hauerseter", "refnr": "0307", "GlobalID": "cacdaa83-a604-4f19-8991-e67670d26681", "Shape__Are": 1717852.5466308594, "Shape__Len": 6348.2713535540197 }, "geometry": { "type": "Polygon", "coordinates": [ [ [ 11.195241301614789, 60.187723978651817 ], [ 11.195197785283863, 60.188361741811221 ], [ 11.195258587781145, 60.188309015393152 ], [ 11.19583726083733, 60.188979320104778 ], [ 11.198045122999902, 60.189750882801626 ], [ 11.200614743771581, 60.190233186020656 ], [ 11.203167597213275, 60.190388119976632 ], [ 11.20601502085535, 60.190360788271477 ], [ 11.214415817592531, 60.19699704835989 ], [ 11.214715372820166, 60.197099194346904 ], [ 11.215025653558762, 60.197128118533534 ], [ 11.22318050660089, 60.195240608013336 ], [ 11.223338229481216, 60.194843492574883 ], [ 11.223160254997019, 60.194637610663676 ], [ 11.220429174217866, 60.192863991068748 ], [ 11.222703785512278, 60.191010072990927 ], [ 11.223923627700518, 60.191312605497949 ], [ 11.224095292656049, 60.191183629100912 ], [ 11.22447304998205, 60.19101590520804 ], [ 11.224838016215296, 60.19095937572947 ], [ 11.224937654488302, 60.190482512169268 ], [ 11.225306449232239, 60.190392621484733 ], [ 11.226266597144575, 60.190810444578076 ], [ 11.229436256262874, 60.191692803561828 ], [ 11.230105578494555, 60.191522210491208 ], [ 11.230492244397189, 60.191276632921863 ], [ 11.230475040239376, 60.190841063987811 ], [ 11.229920620055847, 60.190401357198176 ], [ 11.232721129721599, 60.187854943879522 ], [ 11.233122956902852, 60.18721271275124 ], [ 11.232873734550537, 60.186524722365725 ], [ 11.22773577672244, 60.182507695331033 ], [ 11.196588289798964, 60.187134366783958 ], [ 11.196760601056488, 60.187503451167608 ], [ 11.195241301614789, 60.187723978651817 ] ] ] } },
{ "type": "Feature", "properties": { "OBJECTID": 349.0, "forbudsomr": null, "typeforbud": "Alle sensorer. (Inkludert foto/video).", "navn": "Nordkisa", "refnr": "0308", "GlobalID": "db6dc0ce-281a-4516-9949-e237e10ddedf", "Shape__Are": 133360.49877929688, "Shape__Len": 2187.6099133118778 }, "geometry": { "type": "Polygon", "coordinates": [ [ [ 11.264777637537307, 60.185451115821166 ], [ 11.265001260905475, 60.185663044392818 ], [ 11.265434202982499, 60.185890016103421 ], [ 11.26584455089645, 60.185992976018383 ], [ 11.266810039723753, 60.185974507565362 ], [ 11.267403655756116, 60.184707254586222 ], [ 11.26775497639917, 60.184375884568269 ], [ 11.268296088790319, 60.184155529115245 ], [ 11.269307132593276, 60.183962692713848 ], [ 11.269889480114269, 60.183757772282789 ], [ 11.270562566713378, 60.183085084243309 ], [ 11.27152167526897, 60.182331203425726 ], [ 11.272228065642429, 60.182027580991644 ], [ 11.273070535471373, 60.181906275626922 ], [ 11.272374160045581, 60.181529691352225 ], [ 11.272144113122822, 60.181188546558246 ], [ 11.270261597222966, 60.181001660288644 ], [ 11.270290179682371, 60.180355439053308 ], [ 11.268868963462269, 60.180248460383936 ], [ 11.268779779862196, 60.180670182914476 ], [ 11.267720928127925, 60.180462133162898 ], [ 11.267331521473791, 60.180821272390666 ], [ 11.266779063147977, 60.180677753733349 ], [ 11.26666846658709, 60.18084370123831 ], [ 11.267930228380271, 60.181203698628984 ], [ 11.266364079750286, 60.182487511249136 ], [ 11.267006965998645, 60.182950579450065 ], [ 11.264881512052069, 60.183247045773662 ], [ 11.264214509830726, 60.182497130820678 ], [ 11.263928586643969, 60.182671837047835 ], [ 11.264192053892748, 60.18277522809867 ], [ 11.264634596695508, 60.183240080009028 ], [ 11.264820291003387, 60.184339983962772 ], [ 11.264777637537307, 60.185451115821166 ] ] ] } },
{ "type": "Feature", "properties": { "OBJECTID": 350.0, "forbudsomr": null, "typeforbud": "Alle sensorer. (Inkludert foto/video).", "navn": "Sessvollmoen/Trandum", "refnr": "0309", "GlobalID": "1423d07a-bb01-47ed-b448-0f71eb039126", "Shape__Are": 5046323.8659667969, "Shape__Len": 11656.825504099526 }, "geometry": { "type": "Polygon", "coordinates": [ [ [ 11.110628448458725, 60.226761367876641 ], [ 11.110449690066737, 60.230516117400953 ], [ 11.111044311467076, 60.233393011427935 ], [ 11.111827338127, 60.235809937737884 ], [ 11.112974597372064, 60.238379048342658 ], [ 11.129292403986675, 60.246782722884156 ], [ 11.132061158685692, 60.246536689566035 ], [ 11.145686535017973, 60.246225381522812 ], [ 11.145005110563712, 60.245497398463719 ], [ 11.142039288062923, 60.243622168800194 ], [ 11.141986980751385, 60.241982048989414 ], [ 11.142650382728061, 60.24111233019876 ], [ 11.143607773197198, 60.240425481631959 ], [ 11.144248424449517, 60.239450503189993 ], [ 11.145343051020166, 60.238192383973832 ], [ 11.145977679065876, 60.237565860541366 ], [ 11.148251174690738, 60.238207201366748 ], [ 11.150609006059177, 60.236340769973104 ], [ 11.150849539562842, 60.233994462279284 ], [ 11.151167278210194, 60.233079804207783 ], [ 11.152031428404523, 60.231989262920216 ], [ 11.15114586997789, 60.232068137651154 ], [ 11.149732470301206, 60.232462877296754 ], [ 11.147904586754994, 60.23369971455903 ], [ 11.14625858388475, 60.233686725342011 ], [ 11.142343045307561, 60.232108529796207 ], [ 11.1408175700637, 60.228951429166294 ], [ 11.135246545006645, 60.226038083576555 ], [ 11.130963544789363, 60.224400690923993 ], [ 11.131292160467, 60.223575902535792 ], [ 11.131014681181401, 60.222957679498833 ], [ 11.13201274257368, 60.221422295219739 ], [ 11.131813318536418, 60.219863933935606 ], [ 11.130121929558145, 60.219814540903357 ], [ 11.12925206792249, 60.219298853762872 ], [ 11.129932314497577, 60.218637786328202 ], [ 11.129588651768644, 60.217374818324053 ], [ 11.130772661508614, 60.216619513695456 ], [ 11.131103078035371, 60.216138887434717 ], [ 11.129151922011756, 60.215972941471748 ], [ 11.12886304365483, 60.215637649670043 ], [ 11.129783441195606, 60.212940782149936 ], [ 11.127463460411372, 60.212655080924577 ], [ 11.127566075936089, 60.212249516053568 ], [ 11.12281399043837, 60.211701947858934 ], [ 11.121739091010278, 60.211997334273093 ], [ 11.120635171299416, 60.214389168994991 ], [ 11.110856897341275, 60.216526629623516 ], [ 11.112045620545357, 60.222199760596624 ], [ 11.112331015487879, 60.223025270234722 ], [ 11.113219871801611, 60.223841245449783 ], [ 11.114481216562767, 60.224286807010948 ], [ 11.115639890632865, 60.224674871853146 ], [ 11.116060258973292, 60.225286425727006 ], [ 11.116047298417216, 60.22585803894156 ], [ 11.114987839844773, 60.226480687314911 ], [ 11.113373103495594, 60.226705712413185 ], [ 11.110628448458725, 60.226761367876641 ] ] ] } },
{ "type": "Feature", "properties": { "OBJECTID": 351.0, "forbudsomr": null, "typeforbud": "Alle sensorer. (Inkludert foto/video).", "navn": "Nye Gardermoen", "refnr": "0137", "GlobalID": "7f714081-cdd7-4696-a321-f23455d682d4", "Shape__Are": 1582151.2869873047, "Shape__Len": 6623.0608342106025 }, "geometry": { "type": "Polygon", "coordinates": [ [ [ 11.091704649040054, 60.205835817093302 ], [ 11.100748472844076, 60.220968911770548 ], [ 11.09874553250725, 60.221236805123205 ], [ 11.100578726937366, 60.225158574514971 ], [ 11.099638158395583, 60.225239842811185 ], [ 11.09960514283719, 60.225733093292554 ], [ 11.105161125302471, 60.226636843711276 ], [ 11.10998884582175, 60.226512666184171 ], [ 11.110281071223774, 60.220669355378803 ], [ 11.109968813230386, 60.217667741988031 ], [ 11.109217750860054, 60.214985733550648 ], [ 11.107042315861419, 60.210996887599535 ], [ 11.109224117118881, 60.210692993815719 ], [ 11.110875696974524, 60.208369878808377 ], [ 11.108885987912267, 60.207371190080515 ], [ 11.105149954037445, 60.207943142728709 ], [ 11.103028675424854, 60.204269358312139 ], [ 11.091704649040054, 60.205835817093302 ] ] ] } },
{ "type": "Feature", "properties": { "OBJECTID": 352.0, "forbudsomr": null, "typeforbud": "Alle sensorer. (Inkludert foto/video).", "navn": "Engene", "refnr": "0313", "GlobalID": "3fe8443c-32df-41f7-a1a9-a42437e96b57", "Shape__Are": 387381.9169921875, "Shape__Len": 3122.7606439602591 }, "geometry": { "type": "Polygon", "coordinates": [ [ [ 10.543441255875482, 59.68143381732866 ], [ 10.543897827021725, 59.681467636257878 ], [ 10.544304717252491, 59.681399188939324 ], [ 10.544472849015591, 59.681290617765725 ], [ 10.54497683922015, 59.681307759364103 ], [ 10.545916203555164, 59.682062013467345 ], [ 10.545927994816418, 59.682245278113768 ], [ 10.546403866283601, 59.68220202725086 ], [ 10.546751996259498, 59.682099572736306 ], [ 10.546899703435733, 59.682008590647278 ], [ 10.547139754563638, 59.681971035654627 ], [ 10.547325275348786, 59.681867624124116 ], [ 10.547798720145112, 59.681842572301477 ], [ 10.548835965926251, 59.681452665637444 ], [ 10.548944783725936, 59.681246071139164 ], [ 10.54905829574615, 59.681140210518301 ], [ 10.549305594960359, 59.681048037859796 ], [ 10.549405942845674, 59.6809051577575 ], [ 10.549360480907705, 59.680771037022851 ], [ 10.549660240575438, 59.680420067882743 ], [ 10.549625125950742, 59.680140009237981 ], [ 10.550493216750745, 59.679296044464493 ], [ 10.550662166183466, 59.679087491400537 ], [ 10.551405842252674, 59.678805598312167 ], [ 10.551758421750545, 59.678703283605053 ], [ 10.551825155825577, 59.678519829732103 ], [ 10.551668901291924, 59.678207371440493 ], [ 10.552001309426712, 59.677618642385916 ], [ 10.553318697717348, 59.677270503770863 ], [ 10.553790811280029, 59.677650826241262 ], [ 10.554585676386989, 59.677727807254406 ], [ 10.555570031852996, 59.677654065057659 ], [ 10.557632928142469, 59.676915988937949 ], [ 10.558567790694875, 59.676448915733197 ], [ 10.557547262990621, 59.674067028079236 ], [ 10.555764600533806, 59.674679729460173 ], [ 10.551858115929312, 59.674012245384297 ], [ 10.551532311856128, 59.674083467937429 ], [ 10.551031984095616, 59.674107617598906 ], [ 10.550604850502378, 59.674125108692778 ], [ 10.550025820900091, 59.674265441726625 ], [ 10.549350086667381, 59.674521347113682 ], [ 10.548414996695707, 59.674960441265291 ], [ 10.547629901921917, 59.675358912091056 ], [ 10.546949596935985, 59.675882659503031 ], [ 10.546642758654086, 59.676172236962692 ], [ 10.545042086352966, 59.677482135366681 ], [ 10.544609366259451, 59.677974576890122 ], [ 10.544853003830825, 59.678054294908975 ], [ 10.544693356562297, 59.678298873507742 ], [ 10.544003298290194, 59.678389689229718 ], [ 10.543820377682758, 59.678490613213754 ], [ 10.543103562023983, 59.678994814680848 ], [ 10.543757560074374, 59.679366152181785 ], [ 10.544223050141547, 59.679607275357881 ], [ 10.544924252919579, 59.679903227156338 ], [ 10.543229914788562, 59.681051757444173 ], [ 10.543441255875482, 59.68143381732866 ] ] ] } },
{ "type": "Feature", "properties": { "OBJECTID": 353.0, "forbudsomr": null, "typeforbud": "Alle sensorer. (Inkludert foto/video).", "navn": "Fornebu", "refnr": "0314", "GlobalID": "1e26a74a-8dd6-4dda-b693-b8f5b6c73982", "Shape__Are": 31950.794311523438, "Shape__Len": 717.19045607250109 }, "geometry": { "type": "Polygon", "coordinates": [ [ [ 10.626419763301307, 59.897934270935693 ], [ 10.62827446546911, 59.897945627766155 ], [ 10.62971371000179, 59.898002585311922 ], [ 10.629828187685924, 59.897754967831709 ], [ 10.629523541343534, 59.897511714364803 ], [ 10.629623645042441, 59.896820207693644 ], [ 10.62959512135958, 59.896691264728616 ], [ 10.629393278221681, 59.896565706765657 ], [ 10.629154882610482, 59.896457950398563 ], [ 10.629007974683383, 59.896423813773154 ], [ 10.628736632073331, 59.896406022016222 ], [ 10.626237815242741, 59.896322974275222 ], [ 10.626419763301307, 59.897934270935693 ] ] ] } },
{ "type": "Feature", "properties": { "OBJECTID": 355.0, "forbudsomr": null, "typeforbud": "Alle sensorer. (Inkludert foto/video).", "navn": "Kongsberg Teknologipark", "refnr": "0316", "GlobalID": "236bd7ea-f7e0-4b86-aaaf-84545fde83d9", "Shape__Are": 439298.32824707031, "Shape__Len": 3062.4993750379917 }, "geometry": { "type": "Polygon", "coordinates": [ [ [ 9.649734304636592, 59.659637901007905 ], [ 9.650614330515525, 59.659455803446797 ], [ 9.651018683182901, 59.659276619335692 ], [ 9.650957464043673, 59.658552753565594 ], [ 9.650390213190668, 59.658160488185288 ], [ 9.648892212483425, 59.657184448412806 ], [ 9.650690532036556, 59.65463420903513 ], [ 9.6525452594329, 59.652256910400055 ], [ 9.652377292839684, 59.651460774311175 ], [ 9.651764828487458, 59.651073095075148 ], [ 9.650899870301563, 59.650419106809622 ], [ 9.645608336734277, 59.650565231790161 ], [ 9.644350962202669, 59.650257771853944 ], [ 9.643495379949725, 59.650073412391507 ], [ 9.642424884025115, 59.650178890057511 ], [ 9.641672406721613, 59.65040404576574 ], [ 9.641443914570232, 59.650778657561773 ], [ 9.641620583733394, 59.651255194522577 ], [ 9.64229973488135, 59.651752314620239 ], [ 9.642761547900495, 59.652027212045013 ], [ 9.642683608195364, 59.652514649806314 ], [ 9.64086804802707, 59.65596002200423 ], [ 9.642221448082291, 59.656473260005221 ], [ 9.643089938030089, 59.656980653698852 ], [ 9.643813676725731, 59.657097665122379 ], [ 9.644313918182707, 59.657100671708811 ], [ 9.645409504325507, 59.657267847216616 ], [ 9.64586234494478, 59.657499904428839 ], [ 9.646205867168312, 59.657882575964294 ], [ 9.647290089719389, 59.659032780236636 ], [ 9.647748735159166, 59.659201720673181 ], [ 9.648497107531108, 59.659245989692849 ], [ 9.649734304636592, 59.659637901007905 ] ] ] } },
{ "type": "Feature", "properties": { "OBJECTID": 356.0, "forbudsomr": null, "typeforbud": "Alle sensorer. (Inkludert foto/video).", "navn": "Arsenalet", "refnr": "0317", "GlobalID": "d513694b-3534-418b-9725-6f0c6dd5437a", "Shape__Are": 250183.03564453125, "Shape__Len": 2089.3316214918341 }, "geometry": { "type": "Polygon", "coordinates": [ [ [ 9.639984966409154, 59.631674681928935 ], [ 9.640602367743599, 59.631522509836245 ], [ 9.641279059139862, 59.631167980538279 ], [ 9.641439600402361, 59.630669424081709 ], [ 9.641946024330332, 59.628960551620665 ], [ 9.642052398997047, 59.628690527090903 ], [ 9.642917155141999, 59.62776973164447 ], [ 9.644556834155773, 59.626289322499403 ], [ 9.644739255400001, 59.626030131173039 ], [ 9.644640079846639, 59.625895006499356 ], [ 9.644283833490935, 59.625749350450093 ], [ 9.643937798353775, 59.625647798471569 ], [ 9.63546676058513, 59.626086841046416 ], [ 9.633853493605443, 59.626142955590609 ], [ 9.633715473454709, 59.626250878848424 ], [ 9.633629335044194, 59.626465782242178 ], [ 9.634144953622487, 59.627448077665207 ], [ 9.634853297552135, 59.628412066777983 ], [ 9.63571035101668, 59.629410550213493 ], [ 9.636212750043896, 59.629977259882658 ], [ 9.636987321276514, 59.6305278259074 ], [ 9.638369230326305, 59.631157904214867 ], [ 9.639984966409154, 59.631674681928935 ] ] ] } },
{ "type": "Feature", "properties": { "OBJECTID": 366.0, "forbudsomr": null, "typeforbud": null, "navn": null, "refnr": null, "GlobalID": "0eead89f-947a-42fb-9810-1c701ea1880f", "Shape__Are": null, "Shape__Len": null }, "geometry": null },
{ "type": "Feature", "properties": { "OBJECTID": 373.0, "forbudsomr": null, "typeforbud": "Alle sensorer (foto/video)", "navn": "Brandalsmyra", "refnr": "322", "GlobalID": "1458d7d1-2fca-4b8b-b493-388054659686", "Shape__Are": 3748258.5283203125, "Shape__Len": 10104.079766819488 }, "geometry": { "type": "Polygon", "coordinates": [ [ [ 10.54539471827538, 60.72417174370343 ], [ 10.5457991610685, 60.72365642448564 ], [ 10.545488860516508, 60.72145684596785 ], [ 10.54525765552825, 60.721111455294285 ], [ 10.54518992473454, 60.720896700217352 ], [ 10.544969972483386, 60.72068840879146 ], [ 10.544772770146649, 60.720485815688967 ], [ 10.544727176620464, 60.720256971337932 ], [ 10.544696725326775, 60.72004016214219 ], [ 10.544910984796944, 60.719950105303454 ], [ 10.544822946865862, 60.719396979026605 ], [ 10.546439618649828, 60.719378310185348 ], [ 10.546423182796499, 60.71952107719509 ], [ 10.547380390640461, 60.71950515878347 ], [ 10.547788236518024, 60.719546731726389 ], [ 10.548772830445847, 60.719319345802788 ], [ 10.549119182731335, 60.719354480944858 ], [ 10.549732867525405, 60.719325972469505 ], [ 10.550093502795955, 60.719037500134192 ], [ 10.551192425842778, 60.718795248495752 ], [ 10.552652842152664, 60.718179016513886 ], [ 10.553673886756529, 60.718744097448074 ], [ 10.553961391792683, 60.718755808862866 ], [ 10.558037654960795, 60.718440098555483 ], [ 10.559208671017759, 60.71507793231131 ], [ 10.559470221696154, 60.715048827013213 ], [ 10.559838951738344, 60.715084408912034 ], [ 10.560195626344838, 60.715150221460007 ], [ 10.56053237923623, 60.715232644660183 ], [ 10.56064535000931, 60.71525493135502 ], [ 10.560722005607804, 60.715089012888789 ], [ 10.560306414800293, 60.715007077683943 ], [ 10.560487642608214, 60.714431942074604 ], [ 10.559533250823707, 60.714153380476588 ], [ 10.559870626257874, 60.713680869722246 ], [ 10.558204032941386, 60.710514903776975 ], [ 10.559017661864049, 60.710034774800484 ], [ 10.560687258231727, 60.708489949838274 ], [ 10.562551772774015, 60.707709766987136 ], [ 10.563391047521632, 60.707203473502545 ], [ 10.563920127978097, 60.706900541920653 ], [ 10.565273179938961, 60.70648039483364 ], [ 10.566347303212178, 60.705944166761313 ], [ 10.568596494407434, 60.705440574545591 ], [ 10.569658110151476, 60.705180394939603 ], [ 10.570507393876834, 60.705158246129443 ], [ 10.569684845170521, 60.704986482015194 ], [ 10.568821588943338, 60.705202961100525 ], [ 10.5661925975746, 60.705857349552751 ], [ 10.56514486398819, 60.706388167300375 ], [ 10.563614536606782, 60.706858989557091 ], [ 10.563013471100922, 60.707289483314028 ], [ 10.562279043544384, 60.707675333740511 ], [ 10.561152349183059, 60.708108492109062 ], [ 10.563037719418709, 60.706550513404345 ], [ 10.563768810934299, 60.699849737597411 ], [ 10.545233064855735, 60.697005489017656 ], [ 10.526435731662261, 60.719282960260585 ], [ 10.527381572522133, 60.722885171695445 ], [ 10.52973279083378, 60.723094999442552 ], [ 10.537745322382767, 60.723731973367457 ], [ 10.54406438156539, 60.724332236538345 ], [ 10.544586497643579, 60.72431873241554 ], [ 10.54539471827538, 60.72417174370343 ] ] ] } },
{ "type": "Feature", "properties": { "OBJECTID": 375.0, "forbudsomr": null, "typeforbud": "alle sensorer (inkludert foto/video)", "navn": "Raufoss Industripark", "refnr": "323", "GlobalID": "7492ae2e-8633-484f-8838-a8771bfc0466", "Shape__Are": 3079072.4770507812, "Shape__Len": 8014.1206439382495 }, "geometry": { "type": "Polygon", "coordinates": [ [ [ 10.619891415006888, 60.750423642555774 ], [ 10.612501516900712, 60.735202106504602 ], [ 10.614183794850804, 60.731786665896848 ], [ 10.614339683053117, 60.731787751912648 ], [ 10.614320945474988, 60.731083373453949 ], [ 10.614856878209721, 60.730767145538387 ], [ 10.615174796356952, 60.730423667427601 ], [ 10.615239242933962, 60.730132208346895 ], [ 10.614973365235777, 60.729914380189122 ], [ 10.614658354218678, 60.729875910126644 ], [ 10.613979831050496, 60.729793357313646 ], [ 10.612810952354524, 60.729393116649597 ], [ 10.61229395501838, 60.728969997422134 ], [ 10.612164708056689, 60.728113199886138 ], [ 10.611958347353307, 60.727760584465621 ], [ 10.611406202886833, 60.727512250919197 ], [ 10.609428903035869, 60.727522810053941 ], [ 10.606924222893912, 60.727918186246931 ], [ 10.607008167011962, 60.728429916738015 ], [ 10.606533543754233, 60.730022951946545 ], [ 10.606372002626824, 60.73082823990152 ], [ 10.605444625745491, 60.730760096116796 ], [ 10.605346072131303, 60.730448962307712 ], [ 10.604716303057554, 60.729894174491989 ], [ 10.602939889396458, 60.729842117381693 ], [ 10.596594774480407, 60.729538497198931 ], [ 10.591984178657952, 60.729534020156912 ], [ 10.589051704171402, 60.731469809268077 ], [ 10.581600565268181, 60.735826162990463 ], [ 10.582534895840679, 60.738997144934487 ], [ 10.585700598126374, 60.739818817742417 ], [ 10.587821887989159, 60.741092120956552 ], [ 10.589734532856561, 60.742252923510641 ], [ 10.590802090526941, 60.743144008558978 ], [ 10.591567380749035, 60.743901024929599 ], [ 10.592561557085691, 60.743964435587053 ], [ 10.597241422475712, 60.746174093204942 ], [ 10.608723091002917, 60.748012178017277 ], [ 10.610308876969334, 60.747857989685869 ], [ 10.611325150280582, 60.74937384034115 ], [ 10.612916107186502, 60.749604659327346 ], [ 10.614614190722996, 60.750049860576055 ], [ 10.616430780211351, 60.750473783816098 ], [ 10.617752438704667, 60.750573591475032 ], [ 10.618938660663973, 60.750537000419193 ], [ 10.619891415006888, 60.750423642555774 ] ] ] } },
{ "type": "Feature", "properties": { "OBJECTID": 376.0, "forbudsomr": null, "typeforbud": "alle sensorer (inkludert foto/video)", "navn": "Raufoss Industripark", "refnr": "323", "GlobalID": "4f659488-1866-43d1-a317-1a75e8a689da", "Shape__Are": 3079072.4770507812, "Shape__Len": 8014.1206439382495 }, "geometry": { "type": "Polygon", "coordinates": [ [ [ 10.619891415006888, 60.750423642555774 ], [ 10.612501516900712, 60.735202106504602 ], [ 10.614183794850804, 60.731786665896848 ], [ 10.614339683053117, 60.731787751912648 ], [ 10.614320945474988, 60.731083373453949 ], [ 10.614856878209721, 60.730767145538387 ], [ 10.615174796356952, 60.730423667427601 ], [ 10.615239242933962, 60.730132208346895 ], [ 10.614973365235777, 60.729914380189122 ], [ 10.614658354218678, 60.729875910126644 ], [ 10.613979831050496, 60.729793357313646 ], [ 10.612810952354524, 60.729393116649597 ], [ 10.61229395501838, 60.728969997422134 ], [ 10.612164708056689, 60.728113199886138 ], [ 10.611958347353307, 60.727760584465621 ], [ 10.611406202886833, 60.727512250919197 ], [ 10.609428903035869, 60.727522810053941 ], [ 10.606924222893912, 60.727918186246931 ], [ 10.607008167011962, 60.728429916738015 ], [ 10.606533543754233, 60.730022951946545 ], [ 10.606372002626824, 60.73082823990152 ], [ 10.605444625745491, 60.730760096116796 ], [ 10.605346072131303, 60.730448962307712 ], [ 10.604716303057554, 60.729894174491989 ], [ 10.602939889396458, 60.729842117381693 ], [ 10.596594774480407, 60.729538497198931 ], [ 10.591984178657952, 60.729534020156912 ], [ 10.589051704171402, 60.731469809268077 ], [ 10.581600565268181, 60.735826162990463 ], [ 10.582534895840679, 60.738997144934487 ], [ 10.585700598126374, 60.739818817742417 ], [ 10.587821887989159, 60.741092120956552 ], [ 10.589734532856561, 60.742252923510641 ], [ 10.590802090526941, 60.743144008558978 ], [ 10.591567380749035, 60.743901024929599 ], [ 10.592561557085691, 60.743964435587053 ], [ 10.597241422475712, 60.746174093204942 ], [ 10.608723091002917, 60.748012178017277 ], [ 10.610308876969334, 60.747857989685869 ], [ 10.611325150280582, 60.74937384034115 ], [ 10.612916107186502, 60.749604659327346 ], [ 10.614614190722996, 60.750049860576055 ], [ 10.616430780211351, 60.750473783816098 ], [ 10.617752438704667, 60.750573591475032 ], [ 10.618938660663973, 60.750537000419193 ], [ 10.619891415006888, 60.750423642555774 ] ] ] } },
{ "type": "Feature", "properties": { "OBJECTID": 377.0, "forbudsomr": null, "typeforbud": "Alle sensorer.(inkludert foto/video)", "navn": "NORDMELA", "refnr": "0324", "GlobalID": "210f8072-f982-41f5-94a9-85ffdb08ecef", "Shape__Are": 1605027.5087890625, "Shape__Len": 6285.6708272210435 }, "geometry": { "type": "Polygon", "coordinates": [ [ [ 15.61614512044099, 69.118640296876919 ], [ 15.634729820032183, 69.116916612826714 ], [ 15.633928822119792, 69.115404447136072 ], [ 15.622826706250439, 69.116394936533553 ], [ 15.607965012958308, 69.107716274873226 ], [ 15.594568831279663, 69.108087977873069 ], [ 15.596999077446869, 69.124516360881969 ], [ 15.617256387711178, 69.123849843511422 ], [ 15.61614512044099, 69.118640296876919 ] ] ] } },
{ "type": "Feature", "properties": { "OBJECTID": 378.0, "forbudsomr": null, "typeforbud": "Alle sensorer.(inkludert foto/video)", "navn": "NORDMELA", "refnr": "0324", "GlobalID": "7e509d00-2875-478c-889d-9056bae02fbb", "Shape__Are": 1605027.5087890625, "Shape__Len": 6285.6708272210435 }, "geometry": { "type": "Polygon", "coordinates": [ [ [ 15.61614512044099, 69.118640296876919 ], [ 15.634729820032183, 69.116916612826714 ], [ 15.633928822119792, 69.115404447136072 ], [ 15.622826706250439, 69.116394936533553 ], [ 15.607965012958308, 69.107716274873226 ], [ 15.594568831279663, 69.108087977873069 ], [ 15.596999077446869, 69.124516360881969 ], [ 15.617256387711178, 69.123849843511422 ], [ 15.61614512044099, 69.118640296876919 ] ] ] } },
{ "type": "Feature", "properties": { "OBJECTID": 379.0, "forbudsomr": null, "typeforbud": null, "navn": null, "refnr": null, "GlobalID": "56dae263-1e3d-4c21-ae57-f285bfa59372", "Shape__Are": 3748258.5283203125, "Shape__Len": 10104.07976681949 }, "geometry": { "type": "Polygon", "coordinates": [ [ [ 10.54539471827538, 60.72417174370343 ], [ 10.5457991610685, 60.72365642448564 ], [ 10.545488860516508, 60.72145684596785 ], [ 10.54525765552825, 60.721111455294285 ], [ 10.54518992473454, 60.720896700217352 ], [ 10.544969972483386, 60.72068840879146 ], [ 10.544772770146649, 60.720485815688967 ], [ 10.544727176620464, 60.720256971337932 ], [ 10.544696725326775, 60.72004016214219 ], [ 10.544910984796944, 60.719950105303454 ], [ 10.544822946865862, 60.719396979026605 ], [ 10.546439618649828, 60.719378310185348 ], [ 10.546423182796499, 60.71952107719509 ], [ 10.547380390640461, 60.71950515878347 ], [ 10.547788236518024, 60.719546731726389 ], [ 10.548772830445847, 60.719319345802788 ], [ 10.549119182731335, 60.719354480944858 ], [ 10.549732867525405, 60.719325972469505 ], [ 10.550093502795955, 60.719037500134192 ], [ 10.551192425842778, 60.718795248495752 ], [ 10.552652842152664, 60.718179016513886 ], [ 10.553673886756529, 60.718744097448074 ], [ 10.553961391792683, 60.718755808862866 ], [ 10.558037654960795, 60.718440098555483 ], [ 10.559208671017759, 60.71507793231131 ], [ 10.559470221696154, 60.715048827013213 ], [ 10.559838951738344, 60.715084408912034 ], [ 10.560195626344838, 60.715150221460007 ], [ 10.56053237923623, 60.715232644660183 ], [ 10.56064535000931, 60.71525493135502 ], [ 10.560722005607804, 60.715089012888789 ], [ 10.560306414800293, 60.715007077683943 ], [ 10.560487642608214, 60.714431942074604 ], [ 10.559533250823707, 60.714153380476588 ], [ 10.559870626257874, 60.713680869722246 ], [ 10.558204032941386, 60.710514903776975 ], [ 10.559017661864049, 60.710034774800484 ], [ 10.560687258231727, 60.708489949838274 ], [ 10.562551772774015, 60.707709766987136 ], [ 10.563391047521632, 60.707203473502545 ], [ 10.563920127978097, 60.706900541920653 ], [ 10.565273179938961, 60.70648039483364 ], [ 10.566347303212178, 60.705944166761313 ], [ 10.568596494407434, 60.705440574545591 ], [ 10.569658110151476, 60.705180394939603 ], [ 10.570507393876834, 60.705158246129443 ], [ 10.569684845170521, 60.704986482015194 ], [ 10.568821588943338, 60.705202961100525 ], [ 10.5661925975746, 60.705857349552751 ], [ 10.56514486398819, 60.706388167300375 ], [ 10.563614536606782, 60.706858989557091 ], [ 10.563013471100922, 60.707289483314028 ], [ 10.562279043544384, 60.707675333740511 ], [ 10.561152349183059, 60.708108492109062 ], [ 10.563037719418709, 60.706550513404345 ], [ 10.563768810934299, 60.699849737597411 ], [ 10.545233064855735, 60.697005489017656 ], [ 10.526435731662261, 60.719282960260585 ], [ 10.527381572522133, 60.722885171695445 ], [ 10.52973279083378, 60.723094999442552 ], [ 10.537745322382767, 60.723731973367457 ], [ 10.54406438156539, 60.724332236538345 ], [ 10.544586497643579, 60.72431873241554 ], [ 10.54539471827538, 60.72417174370343 ] ] ] } },
{ "type": "Feature", "properties": { "OBJECTID": 380.0, "forbudsomr": null, "typeforbud": null, "navn": null, "refnr": null, "GlobalID": "86303da9-c0b4-490f-93a4-e4db8c1810c4", "Shape__Are": 107621.16870117188, "Shape__Len": 1374.7042095860477 }, "geometry": { "type": "Polygon", "coordinates": [ [ [ 14.38278040090176, 67.293012093217001 ], [ 14.388288077761914, 67.296400920291759 ], [ 14.393031085106513, 67.295249964521446 ], [ 14.387523003548994, 67.291861298316292 ], [ 14.38278040090176, 67.293012093217001 ] ] ] } },
{ "type": "Feature", "properties": { "OBJECTID": 381.0, "forbudsomr": null, "typeforbud": null, "navn": null, "refnr": null, "GlobalID": "d13389b0-be6c-472d-b929-5245bb01d088", "Shape__Are": 32744.072021484375, "Shape__Len": 735.00702015481613 }, "geometry": { "type": "Polygon", "coordinates": [ [ [ 14.387863459945695, 67.286634838948487 ], [ 14.384682861311502, 67.287220489052061 ], [ 14.386835946470343, 67.2889672333486 ], [ 14.390016726713881, 67.288381540885453 ], [ 14.387863459945695, 67.286634838948487 ] ] ] } },
{ "type": "Feature", "properties": { "OBJECTID": 382.0, "forbudsomr": null, "typeforbud": null, "navn": null, "refnr": null, "GlobalID": "bbad9913-9fe7-4013-a902-97281d3b333d", "Shape__Are": 26967.787353515625, "Shape__Len": 668.79928242199003 }, "geometry": { "type": "Polygon", "coordinates": [ [ [ 14.377459237344713, 67.284941738713158 ], [ 14.377039491192868, 67.286178460649168 ], [ 14.381648172786953, 67.286325343690152 ], [ 14.382014804199182, 67.28514150971094 ], [ 14.377459237344713, 67.284941738713158 ] ] ] } },
{ "type": "Feature", "properties": { "OBJECTID": 383.0, "forbudsomr": null, "typeforbud": null, "navn": null, "refnr": null, "GlobalID": "b4161872-3cab-4590-9c4c-802fa5c0fd5d", "Shape__Are": 3748258.5283203125, "Shape__Len": 10104.07976681949 }, "geometry": { "type": "Polygon", "coordinates": [ [ [ 10.54539471827538, 60.72417174370343 ], [ 10.5457991610685, 60.72365642448564 ], [ 10.545488860516508, 60.72145684596785 ], [ 10.54525765552825, 60.721111455294285 ], [ 10.54518992473454, 60.720896700217352 ], [ 10.544969972483386, 60.72068840879146 ], [ 10.544772770146649, 60.720485815688967 ], [ 10.544727176620464, 60.720256971337932 ], [ 10.544696725326775, 60.72004016214219 ], [ 10.544910984796944, 60.719950105303454 ], [ 10.544822946865862, 60.719396979026605 ], [ 10.546439618649828, 60.719378310185348 ], [ 10.546423182796499, 60.71952107719509 ], [ 10.547380390640461, 60.71950515878347 ], [ 10.547788236518024, 60.719546731726389 ], [ 10.548772830445847, 60.719319345802788 ], [ 10.549119182731335, 60.719354480944858 ], [ 10.549732867525405, 60.719325972469505 ], [ 10.550093502795955, 60.719037500134192 ], [ 10.551192425842778, 60.718795248495752 ], [ 10.552652842152664, 60.718179016513886 ], [ 10.553673886756529, 60.718744097448074 ], [ 10.553961391792683, 60.718755808862866 ], [ 10.558037654960795, 60.718440098555483 ], [ 10.559208671017759, 60.71507793231131 ], [ 10.559470221696154, 60.715048827013213 ], [ 10.559838951738344, 60.715084408912034 ], [ 10.560195626344838, 60.715150221460007 ], [ 10.56053237923623, 60.715232644660183 ], [ 10.56064535000931, 60.71525493135502 ], [ 10.560722005607804, 60.715089012888789 ], [ 10.560306414800293, 60.715007077683943 ], [ 10.560487642608214, 60.714431942074604 ], [ 10.559533250823707, 60.714153380476588 ], [ 10.559870626257874, 60.713680869722246 ], [ 10.558204032941386, 60.710514903776975 ], [ 10.559017661864049, 60.710034774800484 ], [ 10.560687258231727, 60.708489949838274 ], [ 10.562551772774015, 60.707709766987136 ], [ 10.563391047521632, 60.707203473502545 ], [ 10.563920127978097, 60.706900541920653 ], [ 10.565273179938961, 60.70648039483364 ], [ 10.566347303212178, 60.705944166761313 ], [ 10.568596494407434, 60.705440574545591 ], [ 10.569658110151476, 60.705180394939603 ], [ 10.570507393876834, 60.705158246129443 ], [ 10.569684845170521, 60.704986482015194 ], [ 10.568821588943338, 60.705202961100525 ], [ 10.5661925975746, 60.705857349552751 ], [ 10.56514486398819, 60.706388167300375 ], [ 10.563614536606782, 60.706858989557091 ], [ 10.563013471100922, 60.707289483314028 ], [ 10.562279043544384, 60.707675333740511 ], [ 10.561152349183059, 60.708108492109062 ], [ 10.563037719418709, 60.706550513404345 ], [ 10.563768810934299, 60.699849737597411 ], [ 10.545233064855735, 60.697005489017656 ], [ 10.526435731662261, 60.719282960260585 ], [ 10.527381572522133, 60.722885171695445 ], [ 10.52973279083378, 60.723094999442552 ], [ 10.537745322382767, 60.723731973367457 ], [ 10.54406438156539, 60.724332236538345 ], [ 10.544586497643579, 60.72431873241554 ], [ 10.54539471827538, 60.72417174370343 ] ] ] } },
{ "type": "Feature", "properties": { "OBJECTID": 384.0, "forbudsomr": null, "typeforbud": null, "navn": null, "refnr": null, "GlobalID": "731530e0-2882-4b13-aaf0-2357b47e438e", "Shape__Are": 107621.16870117188, "Shape__Len": 1374.7042095860477 }, "geometry": { "type": "Polygon", "coordinates": [ [ [ 14.38278040090176, 67.293012093217001 ], [ 14.388288077761914, 67.296400920291759 ], [ 14.393031085106513, 67.295249964521446 ], [ 14.387523003548994, 67.291861298316292 ], [ 14.38278040090176, 67.293012093217001 ] ] ] } },
{ "type": "Feature", "properties": { "OBJECTID": 385.0, "forbudsomr": null, "typeforbud": null, "navn": null, "refnr": null, "GlobalID": "c944578a-1d2a-47d8-9edb-ef73a3721eea", "Shape__Are": 32744.072021484375, "Shape__Len": 735.00702015481613 }, "geometry": { "type": "Polygon", "coordinates": [ [ [ 14.387863459945695, 67.286634838948487 ], [ 14.384682861311502, 67.287220489052061 ], [ 14.386835946470343, 67.2889672333486 ], [ 14.390016726713881, 67.288381540885453 ], [ 14.387863459945695, 67.286634838948487 ] ] ] } },
{ "type": "Feature", "properties": { "OBJECTID": 386.0, "forbudsomr": null, "typeforbud": null, "navn": null, "refnr": null, "GlobalID": "b7ca7c41-4a6e-400e-91ae-d785cee708db", "Shape__Are": 26967.787353515625, "Shape__Len": 668.79928242199003 }, "geometry": { "type": "Polygon", "coordinates": [ [ [ 14.377459237344713, 67.284941738713158 ], [ 14.377039491192868, 67.286178460649168 ], [ 14.381648172786953, 67.286325343690152 ], [ 14.382014804199182, 67.28514150971094 ], [ 14.377459237344713, 67.284941738713158 ] ] ] } },
{ "type": "Feature", "properties": { "OBJECTID": 387.0, "forbudsomr": null, "typeforbud": null, "navn": null, "refnr": null, "GlobalID": "9256727b-8e55-47dc-9fb4-d606fa7a711b", "Shape__Are": 3748258.5283203125, "Shape__Len": 10104.07976681949 }, "geometry": { "type": "Polygon", "coordinates": [ [ [ 10.54539471827538, 60.72417174370343 ], [ 10.5457991610685, 60.72365642448564 ], [ 10.545488860516508, 60.72145684596785 ], [ 10.54525765552825, 60.721111455294285 ], [ 10.54518992473454, 60.720896700217352 ], [ 10.544969972483386, 60.72068840879146 ], [ 10.544772770146649, 60.720485815688967 ], [ 10.544727176620464, 60.720256971337932 ], [ 10.544696725326775, 60.72004016214219 ], [ 10.544910984796944, 60.719950105303454 ], [ 10.544822946865862, 60.719396979026605 ], [ 10.546439618649828, 60.719378310185348 ], [ 10.546423182796499, 60.71952107719509 ], [ 10.547380390640461, 60.71950515878347 ], [ 10.547788236518024, 60.719546731726389 ], [ 10.548772830445847, 60.719319345802788 ], [ 10.549119182731335, 60.719354480944858 ], [ 10.549732867525405, 60.719325972469505 ], [ 10.550093502795955, 60.719037500134192 ], [ 10.551192425842778, 60.718795248495752 ], [ 10.552652842152664, 60.718179016513886 ], [ 10.553673886756529, 60.718744097448074 ], [ 10.553961391792683, 60.718755808862866 ], [ 10.558037654960795, 60.718440098555483 ], [ 10.559208671017759, 60.71507793231131 ], [ 10.559470221696154, 60.715048827013213 ], [ 10.559838951738344, 60.715084408912034 ], [ 10.560195626344838, 60.715150221460007 ], [ 10.56053237923623, 60.715232644660183 ], [ 10.56064535000931, 60.71525493135502 ], [ 10.560722005607804, 60.715089012888789 ], [ 10.560306414800293, 60.715007077683943 ], [ 10.560487642608214, 60.714431942074604 ], [ 10.559533250823707, 60.714153380476588 ], [ 10.559870626257874, 60.713680869722246 ], [ 10.558204032941386, 60.710514903776975 ], [ 10.559017661864049, 60.710034774800484 ], [ 10.560687258231727, 60.708489949838274 ], [ 10.562551772774015, 60.707709766987136 ], [ 10.563391047521632, 60.707203473502545 ], [ 10.563920127978097, 60.706900541920653 ], [ 10.565273179938961, 60.70648039483364 ], [ 10.566347303212178, 60.705944166761313 ], [ 10.568596494407434, 60.705440574545591 ], [ 10.569658110151476, 60.705180394939603 ], [ 10.570507393876834, 60.705158246129443 ], [ 10.569684845170521, 60.704986482015194 ], [ 10.568821588943338, 60.705202961100525 ], [ 10.5661925975746, 60.705857349552751 ], [ 10.56514486398819, 60.706388167300375 ], [ 10.563614536606782, 60.706858989557091 ], [ 10.563013471100922, 60.707289483314028 ], [ 10.562279043544384, 60.707675333740511 ], [ 10.561152349183059, 60.708108492109062 ], [ 10.563037719418709, 60.706550513404345 ], [ 10.563768810934299, 60.699849737597411 ], [ 10.545233064855735, 60.697005489017656 ], [ 10.526435731662261, 60.719282960260585 ], [ 10.527381572522133, 60.722885171695445 ], [ 10.52973279083378, 60.723094999442552 ], [ 10.537745322382767, 60.723731973367457 ], [ 10.54406438156539, 60.724332236538345 ], [ 10.544586497643579, 60.72431873241554 ], [ 10.54539471827538, 60.72417174370343 ] ] ] } },
{ "type": "Feature", "properties": { "OBJECTID": 388.0, "forbudsomr": null, "typeforbud": null, "navn": null, "refnr": null, "GlobalID": "cfaef58e-d407-4aee-90bd-798a5a3faa9f", "Shape__Are": 107621.16870117188, "Shape__Len": 1374.7042095860477 }, "geometry": { "type": "Polygon", "coordinates": [ [ [ 14.38278040090176, 67.293012093217001 ], [ 14.388288077761914, 67.296400920291759 ], [ 14.393031085106513, 67.295249964521446 ], [ 14.387523003548994, 67.291861298316292 ], [ 14.38278040090176, 67.293012093217001 ] ] ] } },
{ "type": "Feature", "properties": { "OBJECTID": 389.0, "forbudsomr": null, "typeforbud": null, "navn": null, "refnr": null, "GlobalID": "ece38bc6-1a38-4e46-b290-08ed4760ce70", "Shape__Are": 32744.072021484375, "Shape__Len": 735.00702015481613 }, "geometry": { "type": "Polygon", "coordinates": [ [ [ 14.387863459945695, 67.286634838948487 ], [ 14.384682861311502, 67.287220489052061 ], [ 14.386835946470343, 67.2889672333486 ], [ 14.390016726713881, 67.288381540885453 ], [ 14.387863459945695, 67.286634838948487 ] ] ] } },
{ "type": "Feature", "properties": { "OBJECTID": 390.0, "forbudsomr": null, "typeforbud": null, "navn": null, "refnr": null, "GlobalID": "0edd5aea-9e12-46a4-9204-8213ac70b1c4", "Shape__Are": 26967.787353515625, "Shape__Len": 668.79928242199003 }, "geometry": { "type": "Polygon", "coordinates": [ [ [ 14.377459237344713, 67.284941738713158 ], [ 14.377039491192868, 67.286178460649168 ], [ 14.381648172786953, 67.286325343690152 ], [ 14.382014804199182, 67.28514150971094 ], [ 14.377459237344713, 67.284941738713158 ] ] ] } },
{ "type": "Feature", "properties": { "OBJECTID": 391.0, "forbudsomr": null, "typeforbud": "Alle sensorer (Inkludert foto/video)", "navn": "Malmøya sør", "refnr": "320", "GlobalID": "ddfc6e7b-8eee-4aa6-aea9-fa95c0be23d0", "Shape__Are": 2693840.3022295833, "Shape__Len": 5818.2295944482958 }, "geometry": { "type": "Polygon", "coordinates": [ [ [ 10.752274697227156, 59.85995880267464 ], [ 10.752679612174878, 59.859969375645946 ], [ 10.753084921274173, 59.85997494613482 ], [ 10.753490380199571, 59.859975510781133 ], [ 10.753895744534821, 59.859971069242818 ], [ 10.75430076992069, 59.85996162419508 ], [ 10.754705212202508, 59.859947181329602 ], [ 10.755108827577724, 59.859927749350689 ], [ 10.755511372743111, 59.859903339970266 ], [ 10.755912605041933, 59.859873967900661 ], [ 10.756312282610361, 59.85983965084548 ], [ 10.756710164523684, 59.859800409489523 ], [ 10.757106010941857, 59.8597562674857 ], [ 10.757499583254333, 59.859707251441144 ], [ 10.757890644224231, 59.859653390900903 ], [ 10.758278958131619, 59.859594718330207 ], [ 10.758664290915917, 59.859531269094866 ], [ 10.759046410317211, 59.859463081439699 ], [ 10.759425086016574, 59.85939019646591 ], [ 10.759800089775087, 59.8593126581058 ], [ 10.760171195571701, 59.859230513096307 ], [ 10.760538179739724, 59.859143810951011 ], [ 10.760900821101787, 59.859052603930039 ], [ 10.761258901103412, 59.858956947008629 ], [ 10.761612203944907, 59.858856897843779 ], [ 10.761960516711603, 59.858752516739585 ], [ 10.762303629502455, 59.858643866610592 ], [ 10.76264133555647, 59.858531012944077 ], [ 10.762973431377697, 59.858414023760368 ], [ 10.763299716857798, 59.85829296957187 ], [ 10.763619995396866, 59.858167923340119 ], [ 10.763934074021913, 59.85803896043231 ], [ 10.764241763503261, 59.857906158575418 ], [ 10.764542878468653, 59.857769597809281 ], [ 10.76483723751489, 59.857629360438352 ], [ 10.765124663317298, 59.857485530982089 ], [ 10.765404982736429, 59.857338196123742 ], [ 10.765678026922519, 59.857187444658223 ], [ 10.765943631417022, 59.857033367438405 ], [ 10.766201636251759, 59.856876057320264 ], [ 10.766451886045189, 59.856715609107049 ], [ 10.766694230095935, 59.856552119491582 ], [ 10.766928522473449, 59.856385686998358 ], [ 10.767154622105798, 59.856216411924088 ], [ 10.767372392864532, 59.85604439627695 ], [ 10.76758170364651, 59.855869743714983 ], [ 10.767782428452639, 59.855692559483913 ], [ 10.767974446463695, 59.855512950353209 ], [ 10.768157642112758, 59.855331024552093 ], [ 10.768331905154666, 59.855146891703995 ], [ 10.768497130732113, 59.854960662760462 ], [ 10.76865321943863, 59.854772449934273 ], [ 10.768800077378069, 59.854582366631753 ], [ 10.768937616220922, 59.854390527384318 ], [ 10.769065753257218, 59.854197047779635 ], [ 10.769184411445952, 59.854002044391528 ], [ 10.769293519461204, 59.85380563471022 ], [ 10.769393011734726, 59.853607937070777 ], [ 10.769482828495015, 59.8534090705826 ], [ 10.769562915803055, 59.853209155056796 ], [ 10.769633225584244, 59.853008310934847 ], [ 10.769693715657143, 59.852806659214949 ], [ 10.769744349758287, 59.852604321380227 ], [ 10.769785097563737, 59.852401419324501 ], [ 10.7698159347069, 59.852198075279638 ], [ 10.769836842792703, 59.851994411741302 ], [ 10.769847809408379, 59.85179055139546 ], [ 10.769848828130312, 59.851586617044532 ], [ 10.769839898527696, 59.851382731532929 ], [ 10.769821026162132, 59.851179017673942 ], [ 10.769792222584032, 59.850975598174557 ], [ 10.769753505325054, 59.850772595562788 ], [ 10.769704897887237, 59.850570132112871 ], [ 10.769646429728317, 59.850368329772415 ], [ 10.769578136243654, 59.850167310088182 ], [ 10.769500058744326, 59.849967194133768 ], [ 10.769412244432031, 59.849768102435952 ], [ 10.769314746370044, 59.84957015490258 ], [ 10.769207623451001, 59.849373470750216 ], [ 10.769090940360975, 59.849178168432402 ], [ 10.768964767540089, 59.848984365568256 ], [ 10.768829181139791, 59.848792178871939 ], [ 10.768684262976569, 59.848601724082201 ], [ 10.768530100482323, 59.848413115892775 ], [ 10.768366786651381, 59.848226467883336 ], [ 10.768194419984184, 59.84804189245127 ], [ 10.768013104427625, 59.847859500743809 ], [ 10.767822949312103, 59.847679402591574 ], [ 10.767624069285501, 59.847501706441939 ], [ 10.767416584243739, 59.847326519294548 ], [ 10.767200619258482, 59.847153946636027 ], [ 10.766976304501418, 59.846984092377312 ], [ 10.766743775165748, 59.846817058790812 ], [ 10.766503171384578, 59.846652946449012 ], [ 10.766254638146247, 59.846491854163837 ], [ 10.765998325207022, 59.846333878927325 ], [ 10.765734387000565, 59.846179115853481 ], [ 10.765462982545028, 59.846027658120803 ], [ 10.765184275347028, 59.845879596916298 ], [ 10.764898433303141, 59.845735021381095 ], [ 10.764605628598794, 59.845594018556156 ], [ 10.764306037604475, 59.845456673330524 ], [ 10.763999840769547, 59.845323068390037 ], [ 10.763687222513482, 59.845193284167721 ], [ 10.763368371115021, 59.845067398795479 ], [ 10.763043478598613, 59.844945488056894 ], [ 10.762712740619012, 59.84482762534202 ], [ 10.762376356343466, 59.844713881603106 ], [ 10.762034528331876, 59.844604325312034 ], [ 10.761687462414979, 59.844499022419036 ], [ 10.761335367570474, 59.844398036313315 ], [ 10.76097845579744, 59.844301427784579 ], [ 10.760616941988786, 59.844209254986886 ], [ 10.760251043801984, 59.844121573403797 ], [ 10.759880981528378, 59.84403843581444 ], [ 10.759506977960582, 59.84395989226244 ], [ 10.759129258258685, 59.843885990025541 ], [ 10.758748049814882, 59.843816773587299 ], [ 10.758363582116804, 59.843752284610403 ], [ 10.757976086609641, 59.843692561911467 ], [ 10.75758579655704, 59.843637641438058 ], [ 10.757192946901071, 59.843587556246611 ], [ 10.756797774120859, 59.843542336483068 ], [ 10.756400516090752, 59.84350200936462 ], [ 10.756001411937268, 59.843466599163179 ], [ 10.755600701895517, 59.843436127191083 ], [ 10.755198627164939, 59.843410611787888 ], [ 10.754795429764318, 59.843390068310086 ], [ 10.754391352386559, 59.843374509120991 ], [ 10.753986638252801, 59.843363943584059 ], [ 10.753581530966482, 59.843358378056735 ], [ 10.753176274366879, 59.843357815887231 ], [ 10.752771112382808, 59.843362257411655 ], [ 10.752366288886028, 59.843371699954837 ], [ 10.751962047544842, 59.843386137831104 ], [ 10.75155863167773, 59.843405562348167 ], [ 10.751156284107234, 59.843429961812106 ], [ 10.750755247014123, 59.843459321534468 ], [ 10.750355761791942, 59.843493623841397 ], [ 10.749958068902018, 59.843532848083612 ], [ 10.749562407729016, 59.843576970649451 ], [ 10.749169016437223, 59.8436259649786 ], [ 10.748778131827425, 59.843679801578297 ], [ 10.748389989194678, 59.843738448041037 ], [ 10.748004822186957, 59.843801869063853 ], [ 10.747622862664791, 59.843870026469943 ], [ 10.747244340561963, 59.84394287923093 ], [ 10.746869483747346, 59.844020383492172 ], [ 10.746498517888002, 59.844102492598843 ], [ 10.746131666313493, 59.844189157123836 ], [ 10.745769149881767, 59.844280324897674 ], [ 10.745411186846324, 59.844375941039686 ], [ 10.745057992725085, 59.844475947991093 ], [ 10.744709780170792, 59.844580285549512 ], [ 10.744366758843094, 59.844688890905317 ], [ 10.744029135282585, 59.844801698679056 ], [ 10.74369711278654, 59.844918640960941 ], [ 10.743370891286615, 59.845039647351697 ], [ 10.743050667228623, 59.845164645004672 ], [ 10.742736633454259, 59.845293558669979 ], [ 10.742428979085176, 59.845426310739107 ], [ 10.742127889409035, 59.845562821292233 ], [ 10.741833545768113, 59.845703008145854 ], [ 10.741546125449984, 59.845846786902193 ], [ 10.741265801580843, 59.845994071000135 ], [ 10.740992743021211, 59.846144771767115 ], [ 10.740727114264256, 59.846298798472333 ], [ 10.740469075336607, 59.84645605838152 ], [ 10.740218781701934, 59.846616456812427 ], [ 10.739976384167223, 59.846779897192206 ], [ 10.739742028791895, 59.846946281114718 ], [ 10.739515856799626, 59.847115508400542 ], [ 10.739298004493197, 59.84728747715652 ], [ 10.739088603172224, 59.84746208383757 ], [ 10.738887779053851, 59.847639223308555 ], [ 10.738695653196627, 59.847818788907766 ], [ 10.738512341427253, 59.848000672510871 ], [ 10.73833795427065, 59.848184764596148 ], [ 10.738172596883082, 59.848370954310177 ], [ 10.73801636898861, 59.848559129534728 ], [ 10.737869364818696, 59.848749176954087 ], [ 10.73773167305508, 59.84894098212321 ], [ 10.737603376776182, 59.849134429536612 ], [ 10.737484553406627, 59.849329402697926 ], [ 10.737375274670262, 59.849525784189822 ], [ 10.737275606546616, 59.849723455745135 ], [ 10.737185609230833, 59.849922298317288 ], [ 10.737105337096908, 59.850122192152796 ], [ 10.737034838664695, 59.850323016862419 ], [ 10.73697415657012, 59.850524651494744 ], [ 10.736923327539252, 59.850726974607802 ], [ 10.736882382365588, 59.850929864343229 ], [ 10.736851345891264, 59.851133198498893 ], [ 10.736830236991493, 59.851336854602849 ], [ 10.736819068562887, 59.851540709987141 ], [ 10.73681784751518, 59.851744641861259 ], [ 10.736826574766647, 59.85194852738671 ], [ 10.736845245243153, 59.852152243750268 ], [ 10.736873847880654, 59.852355668238893 ], [ 10.736912365631577, 59.852558678312491 ], [ 10.736960775474509, 59.852761151678877 ], [ 10.737019048427747, 59.852962966366576 ], [ 10.737087149566193, 59.853164000799069 ], [ 10.737165038042146, 59.853364133867217 ], [ 10.737252667109303, 59.853563245003045 ], [ 10.737349984150608, 59.853761214251797 ], [ 10.737456930709573, 59.853957922344691 ], [ 10.737573442524983, 59.854153250770501 ], [ 10.737699449569291, 59.854347081847131 ], [ 10.737834876090464, 59.854539298792517 ], [ 10.737979640657157, 59.854729785795065 ], [ 10.738133656207529, 59.854918428083344 ], [ 10.738296830101181, 59.855105111995613 ], [ 10.738469064174854, 59.855289725047989 ], [ 10.738650254801072, 59.855472156002541 ], [ 10.738840292950385, 59.855652294934274 ], [ 10.739039064256735, 59.855830033297231 ], [ 10.739246449086073, 59.856005263990411 ], [ 10.739462322608171, 59.856177881422148 ], [ 10.739686554871691, 59.856347781573646 ], [ 10.739919010882158, 59.856514862061914 ], [ 10.740159550683126, 59.856679022201547 ], [ 10.740408029440353, 59.856840163065385 ], [ 10.740664297528863, 59.856998187544441 ], [ 10.740928200623024, 59.857153000406036 ], [ 10.741199579789281, 59.857304508351724 ], [ 10.741478271581936, 59.857452620073545 ], [ 10.741764108141515, 59.857597246308735 ], [ 10.742056917295839, 59.857738299893981 ], [ 10.742356522663657, 59.857875695818187 ], [ 10.742662743761027, 59.858009351273267 ], [ 10.742975396109957, 59.858139185704523 ], [ 10.743294291349635, 59.85826512085908 ], [ 10.743619237349971, 59.858387080833452 ], [ 10.74395003832737, 59.858504992118952 ], [ 10.744286494962807, 59.858618783646328 ], [ 10.744628404522073, 59.858728386828567 ], [ 10.744975560977968, 59.858833735602438 ], [ 10.74532775513468, 59.858934766468288 ], [ 10.745684774753869, 59.859031418528545 ], [ 10.746046404682824, 59.859123633524199 ], [ 10.746412426984328, 59.859211355870166 ], [ 10.746782621068036, 59.859294532689013 ], [ 10.747156763823785, 59.859373113842658 ], [ 10.747534629756174, 59.859447051962754 ], [ 10.747915991120733, 59.859516302479271 ], [ 10.748300618061418, 59.859580823647491 ], [ 10.748688278749416, 59.85964057657317 ], [ 10.749078739523146, 59.859695525236006 ], [ 10.749471765029272, 59.859745636511576 ], [ 10.749867118364975, 59.859790880191142 ], [ 10.750264561220995, 59.859831228999923 ], [ 10.75066385402552, 59.859866658613676 ], [ 10.751064756088978, 59.859897147673351 ], [ 10.751467025749323, 59.859922677798224 ], [ 10.751870420518172, 59.859943233596319 ], [ 10.752274697227156, 59.85995880267464 ] ] ] } },
{ "type": "Feature", "properties": { "OBJECTID": 392.0, "forbudsomr": null, "typeforbud": "Alle sensorer (Inkludert foto/video)", "navn": "Søndre Akerhus kai", "refnr": "319", "GlobalID": "82aa1541-52f3-4f36-9e7b-0bce3113690e", "Shape__Are": 97938.42919921875, "Shape__Len": 1878.8386420672114 }, "geometry": { "type": "Polygon", "coordinates": [ [ [ 10.73445641094607, 59.90784323435048 ], [ 10.734627346922149, 59.907800662082742 ], [ 10.734694491216999, 59.907684743563152 ], [ 10.734435435625425, 59.907667600217756 ], [ 10.734692274521858, 59.906888628032775 ], [ 10.735009519870848, 59.906452774516417 ], [ 10.735398652643415, 59.906474133037605 ], [ 10.735547198890098, 59.906334608551568 ], [ 10.735879814605676, 59.905982355257301 ], [ 10.73618305763088, 59.905926572781006 ], [ 10.736543088881881, 59.905903245517116 ], [ 10.737077403466824, 59.905946797811175 ], [ 10.737468216636255, 59.906090672788928 ], [ 10.737598048580443, 59.906571628347614 ], [ 10.739036502938044, 59.906355778115135 ], [ 10.738742931114066, 59.905182826299907 ], [ 10.738986792535639, 59.90450402611603 ], [ 10.740653922410429, 59.903998142014132 ], [ 10.740026424342011, 59.903527324202685 ], [ 10.737581720736324, 59.904935275345608 ], [ 10.731723505479582, 59.904714783517157 ], [ 10.73130471374435, 59.90715932045515 ], [ 10.73445641094607, 59.90784323435048 ] ] ] } },
{ "type": "Feature", "properties": { "OBJECTID": 393.0, "forbudsomr": null, "typeforbud": "Alle sensorer (inkludert foto og video)", "navn": "Horten Skipsreparasjoner AS", "refnr": "321", "GlobalID": "5fd6abd4-b546-40d6-84dd-7244cc4c7051", "Shape__Are": null, "Shape__Len": null }, "geometry": null },
{ "type": "Feature", "properties": { "OBJECTID": 394.0, "forbudsomr": null, "typeforbud": null, "navn": null, "refnr": null, "GlobalID": "3b9620d1-e69f-4163-be43-86a9ed30d460", "Shape__Are": 3748258.5283203125, "Shape__Len": 10104.07976681949 }, "geometry": { "type": "Polygon", "coordinates": [ [ [ 10.54539471827538, 60.72417174370343 ], [ 10.5457991610685, 60.72365642448564 ], [ 10.545488860516508, 60.72145684596785 ], [ 10.54525765552825, 60.721111455294285 ], [ 10.54518992473454, 60.720896700217352 ], [ 10.544969972483386, 60.72068840879146 ], [ 10.544772770146649, 60.720485815688967 ], [ 10.544727176620464, 60.720256971337932 ], [ 10.544696725326775, 60.72004016214219 ], [ 10.544910984796944, 60.719950105303454 ], [ 10.544822946865862, 60.719396979026605 ], [ 10.546439618649828, 60.719378310185348 ], [ 10.546423182796499, 60.71952107719509 ], [ 10.547380390640461, 60.71950515878347 ], [ 10.547788236518024, 60.719546731726389 ], [ 10.548772830445847, 60.719319345802788 ], [ 10.549119182731335, 60.719354480944858 ], [ 10.549732867525405, 60.719325972469505 ], [ 10.550093502795955, 60.719037500134192 ], [ 10.551192425842778, 60.718795248495752 ], [ 10.552652842152664, 60.718179016513886 ], [ 10.553673886756529, 60.718744097448074 ], [ 10.553961391792683, 60.718755808862866 ], [ 10.558037654960795, 60.718440098555483 ], [ 10.559208671017759, 60.71507793231131 ], [ 10.559470221696154, 60.715048827013213 ], [ 10.559838951738344, 60.715084408912034 ], [ 10.560195626344838, 60.715150221460007 ], [ 10.56053237923623, 60.715232644660183 ], [ 10.56064535000931, 60.71525493135502 ], [ 10.560722005607804, 60.715089012888789 ], [ 10.560306414800293, 60.715007077683943 ], [ 10.560487642608214, 60.714431942074604 ], [ 10.559533250823707, 60.714153380476588 ], [ 10.559870626257874, 60.713680869722246 ], [ 10.558204032941386, 60.710514903776975 ], [ 10.559017661864049, 60.710034774800484 ], [ 10.560687258231727, 60.708489949838274 ], [ 10.562551772774015, 60.707709766987136 ], [ 10.563391047521632, 60.707203473502545 ], [ 10.563920127978097, 60.706900541920653 ], [ 10.565273179938961, 60.70648039483364 ], [ 10.566347303212178, 60.705944166761313 ], [ 10.568596494407434, 60.705440574545591 ], [ 10.569658110151476, 60.705180394939603 ], [ 10.570507393876834, 60.705158246129443 ], [ 10.569684845170521, 60.704986482015194 ], [ 10.568821588943338, 60.705202961100525 ], [ 10.5661925975746, 60.705857349552751 ], [ 10.56514486398819, 60.706388167300375 ], [ 10.563614536606782, 60.706858989557091 ], [ 10.563013471100922, 60.707289483314028 ], [ 10.562279043544384, 60.707675333740511 ], [ 10.561152349183059, 60.708108492109062 ], [ 10.563037719418709, 60.706550513404345 ], [ 10.563768810934299, 60.699849737597411 ], [ 10.545233064855735, 60.697005489017656 ], [ 10.526435731662261, 60.719282960260585 ], [ 10.527381572522133, 60.722885171695445 ], [ 10.52973279083378, 60.723094999442552 ], [ 10.537745322382767, 60.723731973367457 ], [ 10.54406438156539, 60.724332236538345 ], [ 10.544586497643579, 60.72431873241554 ], [ 10.54539471827538, 60.72417174370343 ] ] ] } },
{ "type": "Feature", "properties": { "OBJECTID": 395.0, "forbudsomr": null, "typeforbud": "Alle sensorer (inkludert foto/video)", "navn": "Brandalsmyra", "refnr": "322", "GlobalID": "f1567e2e-ede9-4141-862d-486c70fd07f9", "Shape__Are": null, "Shape__Len": null }, "geometry": null },
{ "type": "Feature", "properties": { "OBJECTID": 396.0, "forbudsomr": null, "typeforbud": "Alle sensorer.(inkludert foto/video)", "navn": "NORDMELA", "refnr": "0324", "GlobalID": "d0d99d0b-d710-4b68-ad9d-a98c1ba83214", "Shape__Are": 1605027.5087890625, "Shape__Len": 6285.6708272210444 }, "geometry": { "type": "Polygon", "coordinates": [ [ [ 15.61614512044099, 69.118640296876919 ], [ 15.634729820032183, 69.116916612826714 ], [ 15.633928822119792, 69.115404447136072 ], [ 15.622826706250439, 69.116394936533553 ], [ 15.607965012958308, 69.107716274873226 ], [ 15.594568831279663, 69.108087977873069 ], [ 15.596999077446869, 69.124516360881969 ], [ 15.617256387711178, 69.123849843511422 ], [ 15.61614512044099, 69.118640296876919 ] ] ] } },
{ "type": "Feature", "properties": { "OBJECTID": 397.0, "forbudsomr": null, "typeforbud": "Alle sensorer (inkludert Foto/video)", "navn": "Bodø kai 1", "refnr": "0325", "GlobalID": "305edb00-00ec-41c8-95fd-6d7df1626447", "Shape__Are": null, "Shape__Len": null }, "geometry": null },
{ "type": "Feature", "properties": { "OBJECTID": 398.0, "forbudsomr": null, "typeforbud": "Alle sensorer (inkludert Foto/video)", "navn": "Bodø kai 2", "refnr": "0326", "GlobalID": "6b5b3958-e1f5-4b14-b257-3b306115faa2", "Shape__Are": null, "Shape__Len": null }, "geometry": null },
{ "type": "Feature", "properties": { "OBJECTID": 399.0, "forbudsomr": null, "typeforbud": "Alle sensorer (inkludert Foto/video)", "navn": "Bodø kai 3", "refnr": "0327", "GlobalID": "78457a0f-2f4a-4c92-89bb-4d7d29330686", "Shape__Are": null, "Shape__Len": null }, "geometry": null },
{ "type": "Feature", "properties": { "OBJECTID": 400.0, "forbudsomr": null, "typeforbud": null, "navn": null, "refnr": null, "GlobalID": "7275a23a-d006-4e6d-8ed9-cf5aa043bf1b", "Shape__Are": null, "Shape__Len": null }, "geometry": null },
{ "type": "Feature", "properties": { "OBJECTID": 401.0, "forbudsomr": null, "typeforbud": "Alle sensorer (Inkludert foto/video)", "navn": "Malmøya sør", "refnr": "320", "GlobalID": "427a97fe-a03f-4552-9bfe-02389cdd3da7", "Shape__Are": 2693840.3022295833, "Shape__Len": 5818.2295944482958 }, "geometry": { "type": "Polygon", "coordinates": [ [ [ 10.752274697227156, 59.85995880267464 ], [ 10.752679612174878, 59.859969375645946 ], [ 10.753084921274173, 59.85997494613482 ], [ 10.753490380199571, 59.859975510781133 ], [ 10.753895744534821, 59.859971069242818 ], [ 10.75430076992069, 59.85996162419508 ], [ 10.754705212202508, 59.859947181329602 ], [ 10.755108827577724, 59.859927749350689 ], [ 10.755511372743111, 59.859903339970266 ], [ 10.755912605041933, 59.859873967900661 ], [ 10.756312282610361, 59.85983965084548 ], [ 10.756710164523684, 59.859800409489523 ], [ 10.757106010941857, 59.8597562674857 ], [ 10.757499583254333, 59.859707251441144 ], [ 10.757890644224231, 59.859653390900903 ], [ 10.758278958131619, 59.859594718330207 ], [ 10.758664290915917, 59.859531269094866 ], [ 10.759046410317211, 59.859463081439699 ], [ 10.759425086016574, 59.85939019646591 ], [ 10.759800089775087, 59.8593126581058 ], [ 10.760171195571701, 59.859230513096307 ], [ 10.760538179739724, 59.859143810951011 ], [ 10.760900821101787, 59.859052603930039 ], [ 10.761258901103412, 59.858956947008629 ], [ 10.761612203944907, 59.858856897843779 ], [ 10.761960516711603, 59.858752516739585 ], [ 10.762303629502455, 59.858643866610592 ], [ 10.76264133555647, 59.858531012944077 ], [ 10.762973431377697, 59.858414023760368 ], [ 10.763299716857798, 59.85829296957187 ], [ 10.763619995396866, 59.858167923340119 ], [ 10.763934074021913, 59.85803896043231 ], [ 10.764241763503261, 59.857906158575418 ], [ 10.764542878468653, 59.857769597809281 ], [ 10.76483723751489, 59.857629360438352 ], [ 10.765124663317298, 59.857485530982089 ], [ 10.765404982736429, 59.857338196123742 ], [ 10.765678026922519, 59.857187444658223 ], [ 10.765943631417022, 59.857033367438405 ], [ 10.766201636251759, 59.856876057320264 ], [ 10.766451886045189, 59.856715609107049 ], [ 10.766694230095935, 59.856552119491582 ], [ 10.766928522473449, 59.856385686998358 ], [ 10.767154622105798, 59.856216411924088 ], [ 10.767372392864532, 59.85604439627695 ], [ 10.76758170364651, 59.855869743714983 ], [ 10.767782428452639, 59.855692559483913 ], [ 10.767974446463695, 59.855512950353209 ], [ 10.768157642112758, 59.855331024552093 ], [ 10.768331905154666, 59.855146891703995 ], [ 10.768497130732113, 59.854960662760462 ], [ 10.76865321943863, 59.854772449934273 ], [ 10.768800077378069, 59.854582366631753 ], [ 10.768937616220922, 59.854390527384318 ], [ 10.769065753257218, 59.854197047779635 ], [ 10.769184411445952, 59.854002044391528 ], [ 10.769293519461204, 59.85380563471022 ], [ 10.769393011734726, 59.853607937070777 ], [ 10.769482828495015, 59.8534090705826 ], [ 10.769562915803055, 59.853209155056796 ], [ 10.769633225584244, 59.853008310934847 ], [ 10.769693715657143, 59.852806659214949 ], [ 10.769744349758287, 59.852604321380227 ], [ 10.769785097563737, 59.852401419324501 ], [ 10.7698159347069, 59.852198075279638 ], [ 10.769836842792703, 59.851994411741302 ], [ 10.769847809408379, 59.85179055139546 ], [ 10.769848828130312, 59.851586617044532 ], [ 10.769839898527696, 59.851382731532929 ], [ 10.769821026162132, 59.851179017673942 ], [ 10.769792222584032, 59.850975598174557 ], [ 10.769753505325054, 59.850772595562788 ], [ 10.769704897887237, 59.850570132112871 ], [ 10.769646429728317, 59.850368329772415 ], [ 10.769578136243654, 59.850167310088182 ], [ 10.769500058744326, 59.849967194133768 ], [ 10.769412244432031, 59.849768102435952 ], [ 10.769314746370044, 59.84957015490258 ], [ 10.769207623451001, 59.849373470750216 ], [ 10.769090940360975, 59.849178168432402 ], [ 10.768964767540089, 59.848984365568256 ], [ 10.768829181139791, 59.848792178871939 ], [ 10.768684262976569, 59.848601724082201 ], [ 10.768530100482323, 59.848413115892775 ], [ 10.768366786651381, 59.848226467883336 ], [ 10.768194419984184, 59.84804189245127 ], [ 10.768013104427625, 59.847859500743809 ], [ 10.767822949312103, 59.847679402591574 ], [ 10.767624069285501, 59.847501706441939 ], [ 10.767416584243739, 59.847326519294548 ], [ 10.767200619258482, 59.847153946636027 ], [ 10.766976304501418, 59.846984092377312 ], [ 10.766743775165748, 59.846817058790812 ], [ 10.766503171384578, 59.846652946449012 ], [ 10.766254638146247, 59.846491854163837 ], [ 10.765998325207022, 59.846333878927325 ], [ 10.765734387000565, 59.846179115853481 ], [ 10.765462982545028, 59.846027658120803 ], [ 10.765184275347028, 59.845879596916298 ], [ 10.764898433303141, 59.845735021381095 ], [ 10.764605628598794, 59.845594018556156 ], [ 10.764306037604475, 59.845456673330524 ], [ 10.763999840769547, 59.845323068390037 ], [ 10.763687222513482, 59.845193284167721 ], [ 10.763368371115021, 59.845067398795479 ], [ 10.763043478598613, 59.844945488056894 ], [ 10.762712740619012, 59.84482762534202 ], [ 10.762376356343466, 59.844713881603106 ], [ 10.762034528331876, 59.844604325312034 ], [ 10.761687462414979, 59.844499022419036 ], [ 10.761335367570474, 59.844398036313315 ], [ 10.76097845579744, 59.844301427784579 ], [ 10.760616941988786, 59.844209254986886 ], [ 10.760251043801984, 59.844121573403797 ], [ 10.759880981528378, 59.84403843581444 ], [ 10.759506977960582, 59.84395989226244 ], [ 10.759129258258685, 59.843885990025541 ], [ 10.758748049814882, 59.843816773587299 ], [ 10.758363582116804, 59.843752284610403 ], [ 10.757976086609641, 59.843692561911467 ], [ 10.75758579655704, 59.843637641438058 ], [ 10.757192946901071, 59.843587556246611 ], [ 10.756797774120859, 59.843542336483068 ], [ 10.756400516090752, 59.84350200936462 ], [ 10.756001411937268, 59.843466599163179 ], [ 10.755600701895517, 59.843436127191083 ], [ 10.755198627164939, 59.843410611787888 ], [ 10.754795429764318, 59.843390068310086 ], [ 10.754391352386559, 59.843374509120991 ], [ 10.753986638252801, 59.843363943584059 ], [ 10.753581530966482, 59.843358378056735 ], [ 10.753176274366879, 59.843357815887231 ], [ 10.752771112382808, 59.843362257411655 ], [ 10.752366288886028, 59.843371699954837 ], [ 10.751962047544842, 59.843386137831104 ], [ 10.75155863167773, 59.843405562348167 ], [ 10.751156284107234, 59.843429961812106 ], [ 10.750755247014123, 59.843459321534468 ], [ 10.750355761791942, 59.843493623841397 ], [ 10.749958068902018, 59.843532848083612 ], [ 10.749562407729016, 59.843576970649451 ], [ 10.749169016437223, 59.8436259649786 ], [ 10.748778131827425, 59.843679801578297 ], [ 10.748389989194678, 59.843738448041037 ], [ 10.748004822186957, 59.843801869063853 ], [ 10.747622862664791, 59.843870026469943 ], [ 10.747244340561963, 59.84394287923093 ], [ 10.746869483747346, 59.844020383492172 ], [ 10.746498517888002, 59.844102492598843 ], [ 10.746131666313493, 59.844189157123836 ], [ 10.745769149881767, 59.844280324897674 ], [ 10.745411186846324, 59.844375941039686 ], [ 10.745057992725085, 59.844475947991093 ], [ 10.744709780170792, 59.844580285549512 ], [ 10.744366758843094, 59.844688890905317 ], [ 10.744029135282585, 59.844801698679056 ], [ 10.74369711278654, 59.844918640960941 ], [ 10.743370891286615, 59.845039647351697 ], [ 10.743050667228623, 59.845164645004672 ], [ 10.742736633454259, 59.845293558669979 ], [ 10.742428979085176, 59.845426310739107 ], [ 10.742127889409035, 59.845562821292233 ], [ 10.741833545768113, 59.845703008145854 ], [ 10.741546125449984, 59.845846786902193 ], [ 10.741265801580843, 59.845994071000135 ], [ 10.740992743021211, 59.846144771767115 ], [ 10.740727114264256, 59.846298798472333 ], [ 10.740469075336607, 59.84645605838152 ], [ 10.740218781701934, 59.846616456812427 ], [ 10.739976384167223, 59.846779897192206 ], [ 10.739742028791895, 59.846946281114718 ], [ 10.739515856799626, 59.847115508400542 ], [ 10.739298004493197, 59.84728747715652 ], [ 10.739088603172224, 59.84746208383757 ], [ 10.738887779053851, 59.847639223308555 ], [ 10.738695653196627, 59.847818788907766 ], [ 10.738512341427253, 59.848000672510871 ], [ 10.73833795427065, 59.848184764596148 ], [ 10.738172596883082, 59.848370954310177 ], [ 10.73801636898861, 59.848559129534728 ], [ 10.737869364818696, 59.848749176954087 ], [ 10.73773167305508, 59.84894098212321 ], [ 10.737603376776182, 59.849134429536612 ], [ 10.737484553406627, 59.849329402697926 ], [ 10.737375274670262, 59.849525784189822 ], [ 10.737275606546616, 59.849723455745135 ], [ 10.737185609230833, 59.849922298317288 ], [ 10.737105337096908, 59.850122192152796 ], [ 10.737034838664695, 59.850323016862419 ], [ 10.73697415657012, 59.850524651494744 ], [ 10.736923327539252, 59.850726974607802 ], [ 10.736882382365588, 59.850929864343229 ], [ 10.736851345891264, 59.851133198498893 ], [ 10.736830236991493, 59.851336854602849 ], [ 10.736819068562887, 59.851540709987141 ], [ 10.73681784751518, 59.851744641861259 ], [ 10.736826574766647, 59.85194852738671 ], [ 10.736845245243153, 59.852152243750268 ], [ 10.736873847880654, 59.852355668238893 ], [ 10.736912365631577, 59.852558678312491 ], [ 10.736960775474509, 59.852761151678877 ], [ 10.737019048427747, 59.852962966366576 ], [ 10.737087149566193, 59.853164000799069 ], [ 10.737165038042146, 59.853364133867217 ], [ 10.737252667109303, 59.853563245003045 ], [ 10.737349984150608, 59.853761214251797 ], [ 10.737456930709573, 59.853957922344691 ], [ 10.737573442524983, 59.854153250770501 ], [ 10.737699449569291, 59.854347081847131 ], [ 10.737834876090464, 59.854539298792517 ], [ 10.737979640657157, 59.854729785795065 ], [ 10.738133656207529, 59.854918428083344 ], [ 10.738296830101181, 59.855105111995613 ], [ 10.738469064174854, 59.855289725047989 ], [ 10.738650254801072, 59.855472156002541 ], [ 10.738840292950385, 59.855652294934274 ], [ 10.739039064256735, 59.855830033297231 ], [ 10.739246449086073, 59.856005263990411 ], [ 10.739462322608171, 59.856177881422148 ], [ 10.739686554871691, 59.856347781573646 ], [ 10.739919010882158, 59.856514862061914 ], [ 10.740159550683126, 59.856679022201547 ], [ 10.740408029440353, 59.856840163065385 ], [ 10.740664297528863, 59.856998187544441 ], [ 10.740928200623024, 59.857153000406036 ], [ 10.741199579789281, 59.857304508351724 ], [ 10.741478271581936, 59.857452620073545 ], [ 10.741764108141515, 59.857597246308735 ], [ 10.742056917295839, 59.857738299893981 ], [ 10.742356522663657, 59.857875695818187 ], [ 10.742662743761027, 59.858009351273267 ], [ 10.742975396109957, 59.858139185704523 ], [ 10.743294291349635, 59.85826512085908 ], [ 10.743619237349971, 59.858387080833452 ], [ 10.74395003832737, 59.858504992118952 ], [ 10.744286494962807, 59.858618783646328 ], [ 10.744628404522073, 59.858728386828567 ], [ 10.744975560977968, 59.858833735602438 ], [ 10.74532775513468, 59.858934766468288 ], [ 10.745684774753869, 59.859031418528545 ], [ 10.746046404682824, 59.859123633524199 ], [ 10.746412426984328, 59.859211355870166 ], [ 10.746782621068036, 59.859294532689013 ], [ 10.747156763823785, 59.859373113842658 ], [ 10.747534629756174, 59.859447051962754 ], [ 10.747915991120733, 59.859516302479271 ], [ 10.748300618061418, 59.859580823647491 ], [ 10.748688278749416, 59.85964057657317 ], [ 10.749078739523146, 59.859695525236006 ], [ 10.749471765029272, 59.859745636511576 ], [ 10.749867118364975, 59.859790880191142 ], [ 10.750264561220995, 59.859831228999923 ], [ 10.75066385402552, 59.859866658613676 ], [ 10.751064756088978, 59.859897147673351 ], [ 10.751467025749323, 59.859922677798224 ], [ 10.751870420518172, 59.859943233596319 ], [ 10.752274697227156, 59.85995880267464 ] ] ] } },
{ "type": "Feature", "properties": { "OBJECTID": 402.0, "forbudsomr": null, "typeforbud": "Alle sensorer (Inkludert foto/video)", "navn": "Søndre Akerhus kai", "refnr": "319", "GlobalID": "555ac782-f72f-492b-af2b-bf9c3ac5f2a4", "Shape__Are": 97938.42919921875, "Shape__Len": 1878.8386420672114 }, "geometry": { "type": "Polygon", "coordinates": [ [ [ 10.73445641094607, 59.90784323435048 ], [ 10.734627346922149, 59.907800662082742 ], [ 10.734694491216999, 59.907684743563152 ], [ 10.734435435625425, 59.907667600217756 ], [ 10.734692274521858, 59.906888628032775 ], [ 10.735009519870848, 59.906452774516417 ], [ 10.735398652643415, 59.906474133037605 ], [ 10.735547198890098, 59.906334608551568 ], [ 10.735879814605676, 59.905982355257301 ], [ 10.73618305763088, 59.905926572781006 ], [ 10.736543088881881, 59.905903245517116 ], [ 10.737077403466824, 59.905946797811175 ], [ 10.737468216636255, 59.906090672788928 ], [ 10.737598048580443, 59.906571628347614 ], [ 10.739036502938044, 59.906355778115135 ], [ 10.738742931114066, 59.905182826299907 ], [ 10.738986792535639, 59.90450402611603 ], [ 10.740653922410429, 59.903998142014132 ], [ 10.740026424342011, 59.903527324202685 ], [ 10.737581720736324, 59.904935275345608 ], [ 10.731723505479582, 59.904714783517157 ], [ 10.73130471374435, 59.90715932045515 ], [ 10.73445641094607, 59.90784323435048 ] ] ] } },
{ "type": "Feature", "properties": { "OBJECTID": 403.0, "forbudsomr": null, "typeforbud": "Alle sensorer (inkludert foto og video)", "navn": "Horten Skipsreparasjoner AS", "refnr": "321", "GlobalID": "40fae9fa-0c9b-4251-b900-410b6bc50f86", "Shape__Are": null, "Shape__Len": null }, "geometry": null },
{ "type": "Feature", "properties": { "OBJECTID": 404.0, "forbudsomr": null, "typeforbud": null, "navn": null, "refnr": null, "GlobalID": "c990eb78-fc07-4233-a4af-65961182ab21", "Shape__Are": 3748258.5283203125, "Shape__Len": 10104.07976681949 }, "geometry": { "type": "Polygon", "coordinates": [ [ [ 10.54539471827538, 60.72417174370343 ], [ 10.5457991610685, 60.72365642448564 ], [ 10.545488860516508, 60.72145684596785 ], [ 10.54525765552825, 60.721111455294285 ], [ 10.54518992473454, 60.720896700217352 ], [ 10.544969972483386, 60.72068840879146 ], [ 10.544772770146649, 60.720485815688967 ], [ 10.544727176620464, 60.720256971337932 ], [ 10.544696725326775, 60.72004016214219 ], [ 10.544910984796944, 60.719950105303454 ], [ 10.544822946865862, 60.719396979026605 ], [ 10.546439618649828, 60.719378310185348 ], [ 10.546423182796499, 60.71952107719509 ], [ 10.547380390640461, 60.71950515878347 ], [ 10.547788236518024, 60.719546731726389 ], [ 10.548772830445847, 60.719319345802788 ], [ 10.549119182731335, 60.719354480944858 ], [ 10.549732867525405, 60.719325972469505 ], [ 10.550093502795955, 60.719037500134192 ], [ 10.551192425842778, 60.718795248495752 ], [ 10.552652842152664, 60.718179016513886 ], [ 10.553673886756529, 60.718744097448074 ], [ 10.553961391792683, 60.718755808862866 ], [ 10.558037654960795, 60.718440098555483 ], [ 10.559208671017759, 60.71507793231131 ], [ 10.559470221696154, 60.715048827013213 ], [ 10.559838951738344, 60.715084408912034 ], [ 10.560195626344838, 60.715150221460007 ], [ 10.56053237923623, 60.715232644660183 ], [ 10.56064535000931, 60.71525493135502 ], [ 10.560722005607804, 60.715089012888789 ], [ 10.560306414800293, 60.715007077683943 ], [ 10.560487642608214, 60.714431942074604 ], [ 10.559533250823707, 60.714153380476588 ], [ 10.559870626257874, 60.713680869722246 ], [ 10.558204032941386, 60.710514903776975 ], [ 10.559017661864049, 60.710034774800484 ], [ 10.560687258231727, 60.708489949838274 ], [ 10.562551772774015, 60.707709766987136 ], [ 10.563391047521632, 60.707203473502545 ], [ 10.563920127978097, 60.706900541920653 ], [ 10.565273179938961, 60.70648039483364 ], [ 10.566347303212178, 60.705944166761313 ], [ 10.568596494407434, 60.705440574545591 ], [ 10.569658110151476, 60.705180394939603 ], [ 10.570507393876834, 60.705158246129443 ], [ 10.569684845170521, 60.704986482015194 ], [ 10.568821588943338, 60.705202961100525 ], [ 10.5661925975746, 60.705857349552751 ], [ 10.56514486398819, 60.706388167300375 ], [ 10.563614536606782, 60.706858989557091 ], [ 10.563013471100922, 60.707289483314028 ], [ 10.562279043544384, 60.707675333740511 ], [ 10.561152349183059, 60.708108492109062 ], [ 10.563037719418709, 60.706550513404345 ], [ 10.563768810934299, 60.699849737597411 ], [ 10.545233064855735, 60.697005489017656 ], [ 10.526435731662261, 60.719282960260585 ], [ 10.527381572522133, 60.722885171695445 ], [ 10.52973279083378, 60.723094999442552 ], [ 10.537745322382767, 60.723731973367457 ], [ 10.54406438156539, 60.724332236538345 ], [ 10.544586497643579, 60.72431873241554 ], [ 10.54539471827538, 60.72417174370343 ] ] ] } },
{ "type": "Feature", "properties": { "OBJECTID": 405.0, "forbudsomr": null, "typeforbud": "Alle sensorer (inkludert foto/video)", "navn": "Brandalsmyra", "refnr": "322", "GlobalID": "23570163-5118-446c-8641-884bb0fcdfc3", "Shape__Are": null, "Shape__Len": null }, "geometry": null },
{ "type": "Feature", "properties": { "OBJECTID": 406.0, "forbudsomr": null, "typeforbud": "Alle sensorer.(inkludert foto/video)", "navn": "NORDMELA", "refnr": "0324", "GlobalID": "1b6039c2-762a-4f7b-b7db-26d70c8607cc", "Shape__Are": 1605027.5087890625, "Shape__Len": 6285.6708272210444 }, "geometry": { "type": "Polygon", "coordinates": [ [ [ 15.61614512044099, 69.118640296876919 ], [ 15.634729820032183, 69.116916612826714 ], [ 15.633928822119792, 69.115404447136072 ], [ 15.622826706250439, 69.116394936533553 ], [ 15.607965012958308, 69.107716274873226 ], [ 15.594568831279663, 69.108087977873069 ], [ 15.596999077446869, 69.124516360881969 ], [ 15.617256387711178, 69.123849843511422 ], [ 15.61614512044099, 69.118640296876919 ] ] ] } },
{ "type": "Feature", "properties": { "OBJECTID": 407.0, "forbudsomr": null, "typeforbud": "Alle sensorer (inkludert Foto/video)", "navn": "Bodø kai 1", "refnr": "0325", "GlobalID": "a7dcfee6-fcab-45e0-896c-be8686985f7e", "Shape__Are": null, "Shape__Len": null }, "geometry": null },
{ "type": "Feature", "properties": { "OBJECTID": 408.0, "forbudsomr": null, "typeforbud": "Alle sensorer (inkludert Foto/video)", "navn": "Bodø kai 2", "refnr": "0326", "GlobalID": "a92ee1c2-48e9-4282-b534-8921c40ac5eb", "Shape__Are": null, "Shape__Len": null }, "geometry": null },
{ "type": "Feature", "properties": { "OBJECTID": 409.0, "forbudsomr": null, "typeforbud": "Alle sensorer (inkludert Foto/video)", "navn": "Bodø kai 3", "refnr": "0327", "GlobalID": "5fa5e5b8-24a1-49b4-9e60-a276a58e66f2", "Shape__Are": null, "Shape__Len": null }, "geometry": null },
{ "type": "Feature", "properties": { "OBJECTID": 410.0, "forbudsomr": null, "typeforbud": null, "navn": null, "refnr": null, "GlobalID": "9327eae4-e1e1-4f2f-8b5c-f24891484c04", "Shape__Are": null, "Shape__Len": null }, "geometry": null },
{ "type": "Feature", "properties": { "OBJECTID": 411.0, "forbudsomr": null, "typeforbud": "Alle sensorer (Inkludert foto/video)", "navn": "Malmøya sør", "refnr": "320", "GlobalID": "6bdf0965-b141-41ed-bc61-10158bb00a52", "Shape__Are": 2693840.3022295833, "Shape__Len": 5818.2295944482958 }, "geometry": { "type": "Polygon", "coordinates": [ [ [ 10.752274697227156, 59.85995880267464 ], [ 10.752679612174878, 59.859969375645946 ], [ 10.753084921274173, 59.85997494613482 ], [ 10.753490380199571, 59.859975510781133 ], [ 10.753895744534821, 59.859971069242818 ], [ 10.75430076992069, 59.85996162419508 ], [ 10.754705212202508, 59.859947181329602 ], [ 10.755108827577724, 59.859927749350689 ], [ 10.755511372743111, 59.859903339970266 ], [ 10.755912605041933, 59.859873967900661 ], [ 10.756312282610361, 59.85983965084548 ], [ 10.756710164523684, 59.859800409489523 ], [ 10.757106010941857, 59.8597562674857 ], [ 10.757499583254333, 59.859707251441144 ], [ 10.757890644224231, 59.859653390900903 ], [ 10.758278958131619, 59.859594718330207 ], [ 10.758664290915917, 59.859531269094866 ], [ 10.759046410317211, 59.859463081439699 ], [ 10.759425086016574, 59.85939019646591 ], [ 10.759800089775087, 59.8593126581058 ], [ 10.760171195571701, 59.859230513096307 ], [ 10.760538179739724, 59.859143810951011 ], [ 10.760900821101787, 59.859052603930039 ], [ 10.761258901103412, 59.858956947008629 ], [ 10.761612203944907, 59.858856897843779 ], [ 10.761960516711603, 59.858752516739585 ], [ 10.762303629502455, 59.858643866610592 ], [ 10.76264133555647, 59.858531012944077 ], [ 10.762973431377697, 59.858414023760368 ], [ 10.763299716857798, 59.85829296957187 ], [ 10.763619995396866, 59.858167923340119 ], [ 10.763934074021913, 59.85803896043231 ], [ 10.764241763503261, 59.857906158575418 ], [ 10.764542878468653, 59.857769597809281 ], [ 10.76483723751489, 59.857629360438352 ], [ 10.765124663317298, 59.857485530982089 ], [ 10.765404982736429, 59.857338196123742 ], [ 10.765678026922519, 59.857187444658223 ], [ 10.765943631417022, 59.857033367438405 ], [ 10.766201636251759, 59.856876057320264 ], [ 10.766451886045189, 59.856715609107049 ], [ 10.766694230095935, 59.856552119491582 ], [ 10.766928522473449, 59.856385686998358 ], [ 10.767154622105798, 59.856216411924088 ], [ 10.767372392864532, 59.85604439627695 ], [ 10.76758170364651, 59.855869743714983 ], [ 10.767782428452639, 59.855692559483913 ], [ 10.767974446463695, 59.855512950353209 ], [ 10.768157642112758, 59.855331024552093 ], [ 10.768331905154666, 59.855146891703995 ], [ 10.768497130732113, 59.854960662760462 ], [ 10.76865321943863, 59.854772449934273 ], [ 10.768800077378069, 59.854582366631753 ], [ 10.768937616220922, 59.854390527384318 ], [ 10.769065753257218, 59.854197047779635 ], [ 10.769184411445952, 59.854002044391528 ], [ 10.769293519461204, 59.85380563471022 ], [ 10.769393011734726, 59.853607937070777 ], [ 10.769482828495015, 59.8534090705826 ], [ 10.769562915803055, 59.853209155056796 ], [ 10.769633225584244, 59.853008310934847 ], [ 10.769693715657143, 59.852806659214949 ], [ 10.769744349758287, 59.852604321380227 ], [ 10.769785097563737, 59.852401419324501 ], [ 10.7698159347069, 59.852198075279638 ], [ 10.769836842792703, 59.851994411741302 ], [ 10.769847809408379, 59.85179055139546 ], [ 10.769848828130312, 59.851586617044532 ], [ 10.769839898527696, 59.851382731532929 ], [ 10.769821026162132, 59.851179017673942 ], [ 10.769792222584032, 59.850975598174557 ], [ 10.769753505325054, 59.850772595562788 ], [ 10.769704897887237, 59.850570132112871 ], [ 10.769646429728317, 59.850368329772415 ], [ 10.769578136243654, 59.850167310088182 ], [ 10.769500058744326, 59.849967194133768 ], [ 10.769412244432031, 59.849768102435952 ], [ 10.769314746370044, 59.84957015490258 ], [ 10.769207623451001, 59.849373470750216 ], [ 10.769090940360975, 59.849178168432402 ], [ 10.768964767540089, 59.848984365568256 ], [ 10.768829181139791, 59.848792178871939 ], [ 10.768684262976569, 59.848601724082201 ], [ 10.768530100482323, 59.848413115892775 ], [ 10.768366786651381, 59.848226467883336 ], [ 10.768194419984184, 59.84804189245127 ], [ 10.768013104427625, 59.847859500743809 ], [ 10.767822949312103, 59.847679402591574 ], [ 10.767624069285501, 59.847501706441939 ], [ 10.767416584243739, 59.847326519294548 ], [ 10.767200619258482, 59.847153946636027 ], [ 10.766976304501418, 59.846984092377312 ], [ 10.766743775165748, 59.846817058790812 ], [ 10.766503171384578, 59.846652946449012 ], [ 10.766254638146247, 59.846491854163837 ], [ 10.765998325207022, 59.846333878927325 ], [ 10.765734387000565, 59.846179115853481 ], [ 10.765462982545028, 59.846027658120803 ], [ 10.765184275347028, 59.845879596916298 ], [ 10.764898433303141, 59.845735021381095 ], [ 10.764605628598794, 59.845594018556156 ], [ 10.764306037604475, 59.845456673330524 ], [ 10.763999840769547, 59.845323068390037 ], [ 10.763687222513482, 59.845193284167721 ], [ 10.763368371115021, 59.845067398795479 ], [ 10.763043478598613, 59.844945488056894 ], [ 10.762712740619012, 59.84482762534202 ], [ 10.762376356343466, 59.844713881603106 ], [ 10.762034528331876, 59.844604325312034 ], [ 10.761687462414979, 59.844499022419036 ], [ 10.761335367570474, 59.844398036313315 ], [ 10.76097845579744, 59.844301427784579 ], [ 10.760616941988786, 59.844209254986886 ], [ 10.760251043801984, 59.844121573403797 ], [ 10.759880981528378, 59.84403843581444 ], [ 10.759506977960582, 59.84395989226244 ], [ 10.759129258258685, 59.843885990025541 ], [ 10.758748049814882, 59.843816773587299 ], [ 10.758363582116804, 59.843752284610403 ], [ 10.757976086609641, 59.843692561911467 ], [ 10.75758579655704, 59.843637641438058 ], [ 10.757192946901071, 59.843587556246611 ], [ 10.756797774120859, 59.843542336483068 ], [ 10.756400516090752, 59.84350200936462 ], [ 10.756001411937268, 59.843466599163179 ], [ 10.755600701895517, 59.843436127191083 ], [ 10.755198627164939, 59.843410611787888 ], [ 10.754795429764318, 59.843390068310086 ], [ 10.754391352386559, 59.843374509120991 ], [ 10.753986638252801, 59.843363943584059 ], [ 10.753581530966482, 59.843358378056735 ], [ 10.753176274366879, 59.843357815887231 ], [ 10.752771112382808, 59.843362257411655 ], [ 10.752366288886028, 59.843371699954837 ], [ 10.751962047544842, 59.843386137831104 ], [ 10.75155863167773, 59.843405562348167 ], [ 10.751156284107234, 59.843429961812106 ], [ 10.750755247014123, 59.843459321534468 ], [ 10.750355761791942, 59.843493623841397 ], [ 10.749958068902018, 59.843532848083612 ], [ 10.749562407729016, 59.843576970649451 ], [ 10.749169016437223, 59.8436259649786 ], [ 10.748778131827425, 59.843679801578297 ], [ 10.748389989194678, 59.843738448041037 ], [ 10.748004822186957, 59.843801869063853 ], [ 10.747622862664791, 59.843870026469943 ], [ 10.747244340561963, 59.84394287923093 ], [ 10.746869483747346, 59.844020383492172 ], [ 10.746498517888002, 59.844102492598843 ], [ 10.746131666313493, 59.844189157123836 ], [ 10.745769149881767, 59.844280324897674 ], [ 10.745411186846324, 59.844375941039686 ], [ 10.745057992725085, 59.844475947991093 ], [ 10.744709780170792, 59.844580285549512 ], [ 10.744366758843094, 59.844688890905317 ], [ 10.744029135282585, 59.844801698679056 ], [ 10.74369711278654, 59.844918640960941 ], [ 10.743370891286615, 59.845039647351697 ], [ 10.743050667228623, 59.845164645004672 ], [ 10.742736633454259, 59.845293558669979 ], [ 10.742428979085176, 59.845426310739107 ], [ 10.742127889409035, 59.845562821292233 ], [ 10.741833545768113, 59.845703008145854 ], [ 10.741546125449984, 59.845846786902193 ], [ 10.741265801580843, 59.845994071000135 ], [ 10.740992743021211, 59.846144771767115 ], [ 10.740727114264256, 59.846298798472333 ], [ 10.740469075336607, 59.84645605838152 ], [ 10.740218781701934, 59.846616456812427 ], [ 10.739976384167223, 59.846779897192206 ], [ 10.739742028791895, 59.846946281114718 ], [ 10.739515856799626, 59.847115508400542 ], [ 10.739298004493197, 59.84728747715652 ], [ 10.739088603172224, 59.84746208383757 ], [ 10.738887779053851, 59.847639223308555 ], [ 10.738695653196627, 59.847818788907766 ], [ 10.738512341427253, 59.848000672510871 ], [ 10.73833795427065, 59.848184764596148 ], [ 10.738172596883082, 59.848370954310177 ], [ 10.73801636898861, 59.848559129534728 ], [ 10.737869364818696, 59.848749176954087 ], [ 10.73773167305508, 59.84894098212321 ], [ 10.737603376776182, 59.849134429536612 ], [ 10.737484553406627, 59.849329402697926 ], [ 10.737375274670262, 59.849525784189822 ], [ 10.737275606546616, 59.849723455745135 ], [ 10.737185609230833, 59.849922298317288 ], [ 10.737105337096908, 59.850122192152796 ], [ 10.737034838664695, 59.850323016862419 ], [ 10.73697415657012, 59.850524651494744 ], [ 10.736923327539252, 59.850726974607802 ], [ 10.736882382365588, 59.850929864343229 ], [ 10.736851345891264, 59.851133198498893 ], [ 10.736830236991493, 59.851336854602849 ], [ 10.736819068562887, 59.851540709987141 ], [ 10.73681784751518, 59.851744641861259 ], [ 10.736826574766647, 59.85194852738671 ], [ 10.736845245243153, 59.852152243750268 ], [ 10.736873847880654, 59.852355668238893 ], [ 10.736912365631577, 59.852558678312491 ], [ 10.736960775474509, 59.852761151678877 ], [ 10.737019048427747, 59.852962966366576 ], [ 10.737087149566193, 59.853164000799069 ], [ 10.737165038042146, 59.853364133867217 ], [ 10.737252667109303, 59.853563245003045 ], [ 10.737349984150608, 59.853761214251797 ], [ 10.737456930709573, 59.853957922344691 ], [ 10.737573442524983, 59.854153250770501 ], [ 10.737699449569291, 59.854347081847131 ], [ 10.737834876090464, 59.854539298792517 ], [ 10.737979640657157, 59.854729785795065 ], [ 10.738133656207529, 59.854918428083344 ], [ 10.738296830101181, 59.855105111995613 ], [ 10.738469064174854, 59.855289725047989 ], [ 10.738650254801072, 59.855472156002541 ], [ 10.738840292950385, 59.855652294934274 ], [ 10.739039064256735, 59.855830033297231 ], [ 10.739246449086073, 59.856005263990411 ], [ 10.739462322608171, 59.856177881422148 ], [ 10.739686554871691, 59.856347781573646 ], [ 10.739919010882158, 59.856514862061914 ], [ 10.740159550683126, 59.856679022201547 ], [ 10.740408029440353, 59.856840163065385 ], [ 10.740664297528863, 59.856998187544441 ], [ 10.740928200623024, 59.857153000406036 ], [ 10.741199579789281, 59.857304508351724 ], [ 10.741478271581936, 59.857452620073545 ], [ 10.741764108141515, 59.857597246308735 ], [ 10.742056917295839, 59.857738299893981 ], [ 10.742356522663657, 59.857875695818187 ], [ 10.742662743761027, 59.858009351273267 ], [ 10.742975396109957, 59.858139185704523 ], [ 10.743294291349635, 59.85826512085908 ], [ 10.743619237349971, 59.858387080833452 ], [ 10.74395003832737, 59.858504992118952 ], [ 10.744286494962807, 59.858618783646328 ], [ 10.744628404522073, 59.858728386828567 ], [ 10.744975560977968, 59.858833735602438 ], [ 10.74532775513468, 59.858934766468288 ], [ 10.745684774753869, 59.859031418528545 ], [ 10.746046404682824, 59.859123633524199 ], [ 10.746412426984328, 59.859211355870166 ], [ 10.746782621068036, 59.859294532689013 ], [ 10.747156763823785, 59.859373113842658 ], [ 10.747534629756174, 59.859447051962754 ], [ 10.747915991120733, 59.859516302479271 ], [ 10.748300618061418, 59.859580823647491 ], [ 10.748688278749416, 59.85964057657317 ], [ 10.749078739523146, 59.859695525236006 ], [ 10.749471765029272, 59.859745636511576 ], [ 10.749867118364975, 59.859790880191142 ], [ 10.750264561220995, 59.859831228999923 ], [ 10.75066385402552, 59.859866658613676 ], [ 10.751064756088978, 59.859897147673351 ], [ 10.751467025749323, 59.859922677798224 ], [ 10.751870420518172, 59.859943233596319 ], [ 10.752274697227156, 59.85995880267464 ] ] ] } },
{ "type": "Feature", "properties": { "OBJECTID": 412.0, "forbudsomr": null, "typeforbud": "Alle sensorer (Inkludert foto/video)", "navn": "Søndre Akerhus kai", "refnr": "319", "GlobalID": "5ad712ba-bd26-4683-ba3a-ea982c838ef7", "Shape__Are": 97938.42919921875, "Shape__Len": 1878.8386420672107 }, "geometry": { "type": "Polygon", "coordinates": [ [ [ 10.73445641094607, 59.90784323435048 ], [ 10.734627346922149, 59.907800662082742 ], [ 10.734694491216999, 59.907684743563152 ], [ 10.734435435625425, 59.907667600217756 ], [ 10.734692274521858, 59.906888628032775 ], [ 10.735009519870848, 59.906452774516417 ], [ 10.735398652643415, 59.906474133037605 ], [ 10.735547198890098, 59.906334608551568 ], [ 10.735879814605676, 59.905982355257301 ], [ 10.73618305763088, 59.905926572781006 ], [ 10.736543088881881, 59.905903245517116 ], [ 10.737077403466824, 59.905946797811175 ], [ 10.737468216636255, 59.906090672788928 ], [ 10.737598048580443, 59.906571628347614 ], [ 10.739036502938044, 59.906355778115135 ], [ 10.738742931114066, 59.905182826299907 ], [ 10.738986792535639, 59.90450402611603 ], [ 10.740653922410429, 59.903998142014132 ], [ 10.740026424342011, 59.903527324202685 ], [ 10.737581720736324, 59.904935275345608 ], [ 10.731723505479582, 59.904714783517157 ], [ 10.73130471374435, 59.90715932045515 ], [ 10.73445641094607, 59.90784323435048 ] ] ] } },
{ "type": "Feature", "properties": { "OBJECTID": 413.0, "forbudsomr": null, "typeforbud": "Alle sensorer (inkludert foto og video)", "navn": "Horten Skipsreparasjoner AS", "refnr": "321", "GlobalID": "56fed4cd-3753-4429-ac90-c1609d57a047", "Shape__Are": null, "Shape__Len": null }, "geometry": null },
{ "type": "Feature", "properties": { "OBJECTID": 414.0, "forbudsomr": null, "typeforbud": null, "navn": null, "refnr": null, "GlobalID": "57f3b6cd-fe9f-461a-a3fe-eeed5a9e34a0", "Shape__Are": 3748258.5283203125, "Shape__Len": 10104.079766819488 }, "geometry": { "type": "Polygon", "coordinates": [ [ [ 10.54539471827538, 60.72417174370343 ], [ 10.5457991610685, 60.72365642448564 ], [ 10.545488860516508, 60.72145684596785 ], [ 10.54525765552825, 60.721111455294285 ], [ 10.54518992473454, 60.720896700217352 ], [ 10.544969972483386, 60.72068840879146 ], [ 10.544772770146649, 60.720485815688967 ], [ 10.544727176620464, 60.720256971337932 ], [ 10.544696725326775, 60.72004016214219 ], [ 10.544910984796944, 60.719950105303454 ], [ 10.544822946865862, 60.719396979026605 ], [ 10.546439618649828, 60.719378310185348 ], [ 10.546423182796499, 60.71952107719509 ], [ 10.547380390640461, 60.71950515878347 ], [ 10.547788236518024, 60.719546731726389 ], [ 10.548772830445847, 60.719319345802788 ], [ 10.549119182731335, 60.719354480944858 ], [ 10.549732867525405, 60.719325972469505 ], [ 10.550093502795955, 60.719037500134192 ], [ 10.551192425842778, 60.718795248495752 ], [ 10.552652842152664, 60.718179016513886 ], [ 10.553673886756529, 60.718744097448074 ], [ 10.553961391792683, 60.718755808862866 ], [ 10.558037654960795, 60.718440098555483 ], [ 10.559208671017759, 60.71507793231131 ], [ 10.559470221696154, 60.715048827013213 ], [ 10.559838951738344, 60.715084408912034 ], [ 10.560195626344838, 60.715150221460007 ], [ 10.56053237923623, 60.715232644660183 ], [ 10.56064535000931, 60.71525493135502 ], [ 10.560722005607804, 60.715089012888789 ], [ 10.560306414800293, 60.715007077683943 ], [ 10.560487642608214, 60.714431942074604 ], [ 10.559533250823707, 60.714153380476588 ], [ 10.559870626257874, 60.713680869722246 ], [ 10.558204032941386, 60.710514903776975 ], [ 10.559017661864049, 60.710034774800484 ], [ 10.560687258231727, 60.708489949838274 ], [ 10.562551772774015, 60.707709766987136 ], [ 10.563391047521632, 60.707203473502545 ], [ 10.563920127978097, 60.706900541920653 ], [ 10.565273179938961, 60.70648039483364 ], [ 10.566347303212178, 60.705944166761313 ], [ 10.568596494407434, 60.705440574545591 ], [ 10.569658110151476, 60.705180394939603 ], [ 10.570507393876834, 60.705158246129443 ], [ 10.569684845170521, 60.704986482015194 ], [ 10.568821588943338, 60.705202961100525 ], [ 10.5661925975746, 60.705857349552751 ], [ 10.56514486398819, 60.706388167300375 ], [ 10.563614536606782, 60.706858989557091 ], [ 10.563013471100922, 60.707289483314028 ], [ 10.562279043544384, 60.707675333740511 ], [ 10.561152349183059, 60.708108492109062 ], [ 10.563037719418709, 60.706550513404345 ], [ 10.563768810934299, 60.699849737597411 ], [ 10.545233064855735, 60.697005489017656 ], [ 10.526435731662261, 60.719282960260585 ], [ 10.527381572522133, 60.722885171695445 ], [ 10.52973279083378, 60.723094999442552 ], [ 10.537745322382767, 60.723731973367457 ], [ 10.54406438156539, 60.724332236538345 ], [ 10.544586497643579, 60.72431873241554 ], [ 10.54539471827538, 60.72417174370343 ] ] ] } },
{ "type": "Feature", "properties": { "OBJECTID": 415.0, "forbudsomr": null, "typeforbud": "Alle sensorer (inkludert foto/video)", "navn": "Brandalsmyra", "refnr": "322", "GlobalID": "e96e6f67-608b-42cb-b156-2bf22632abcb", "Shape__Are": null, "Shape__Len": null }, "geometry": null },
{ "type": "Feature", "properties": { "OBJECTID": 416.0, "forbudsomr": null, "typeforbud": "Alle sensorer.(inkludert foto/video)", "navn": "NORDMELA", "refnr": "0324", "GlobalID": "80c79647-143c-4c4f-b85e-4d4fdfd0ab7b", "Shape__Are": 1605027.5087890625, "Shape__Len": 6285.6708272210435 }, "geometry": { "type": "Polygon", "coordinates": [ [ [ 15.61614512044099, 69.118640296876919 ], [ 15.634729820032183, 69.116916612826714 ], [ 15.633928822119792, 69.115404447136072 ], [ 15.622826706250439, 69.116394936533553 ], [ 15.607965012958308, 69.107716274873226 ], [ 15.594568831279663, 69.108087977873069 ], [ 15.596999077446869, 69.124516360881969 ], [ 15.617256387711178, 69.123849843511422 ], [ 15.61614512044099, 69.118640296876919 ] ] ] } },
{ "type": "Feature", "properties": { "OBJECTID": 417.0, "forbudsomr": null, "typeforbud": "Alle sensorer (inkludert Foto/video)", "navn": "Bodø kai 1", "refnr": "0325", "GlobalID": "2c86e5af-47b5-46a8-b154-682e15657177", "Shape__Are": null, "Shape__Len": null }, "geometry": null },
{ "type": "Feature", "properties": { "OBJECTID": 418.0, "forbudsomr": null, "typeforbud": "Alle sensorer (inkludert Foto/video)", "navn": "Bodø kai 2", "refnr": "0326", "GlobalID": "c5f0b0ef-3179-47a8-833a-68cec28d8361", "Shape__Are": null, "Shape__Len": null }, "geometry": null },
{ "type": "Feature", "properties": { "OBJECTID": 419.0, "forbudsomr": null, "typeforbud": "Alle sensorer (inkludert Foto/video)", "navn": "Bodø kai 3", "refnr": "0327", "GlobalID": "4b8c74cd-aead-4738-9e39-2b0613eff136", "Shape__Are": null, "Shape__Len": null }, "geometry": null },
{ "type": "Feature", "properties": { "OBJECTID": 420.0, "forbudsomr": null, "typeforbud": null, "navn": null, "refnr": null, "GlobalID": "f8f6f40c-22c7-4853-8ae2-f7c5075f3866", "Shape__Are": null, "Shape__Len": null }, "geometry": null },
{ "type": "Feature", "properties": { "OBJECTID": 421.0, "forbudsomr": null, "typeforbud": null, "navn": null, "refnr": null, "GlobalID": "9d6409ef-79dc-4fc1-bf54-b1f6185795a5", "Shape__Are": 107621.16870117188, "Shape__Len": 1374.7042095860477 }, "geometry": { "type": "Polygon", "coordinates": [ [ [ 14.38278040090176, 67.293012093217001 ], [ 14.388288077761914, 67.296400920291759 ], [ 14.393031085106513, 67.295249964521446 ], [ 14.387523003548994, 67.291861298316292 ], [ 14.38278040090176, 67.293012093217001 ] ] ] } },
{ "type": "Feature", "properties": { "OBJECTID": 422.0, "forbudsomr": null, "typeforbud": "Alle sensorer (Inkludert foto/video)", "navn": "Malmøya sør", "refnr": "320", "GlobalID": "ecd29a84-7013-47cf-8cec-f1b7d3cb1e29", "Shape__Are": 2693840.3022295833, "Shape__Len": 5818.2295944482958 }, "geometry": { "type": "Polygon", "coordinates": [ [ [ 10.752274697227156, 59.85995880267464 ], [ 10.752679612174878, 59.859969375645946 ], [ 10.753084921274173, 59.85997494613482 ], [ 10.753490380199571, 59.859975510781133 ], [ 10.753895744534821, 59.859971069242818 ], [ 10.75430076992069, 59.85996162419508 ], [ 10.754705212202508, 59.859947181329602 ], [ 10.755108827577724, 59.859927749350689 ], [ 10.755511372743111, 59.859903339970266 ], [ 10.755912605041933, 59.859873967900661 ], [ 10.756312282610361, 59.85983965084548 ], [ 10.756710164523684, 59.859800409489523 ], [ 10.757106010941857, 59.8597562674857 ], [ 10.757499583254333, 59.859707251441144 ], [ 10.757890644224231, 59.859653390900903 ], [ 10.758278958131619, 59.859594718330207 ], [ 10.758664290915917, 59.859531269094866 ], [ 10.759046410317211, 59.859463081439699 ], [ 10.759425086016574, 59.85939019646591 ], [ 10.759800089775087, 59.8593126581058 ], [ 10.760171195571701, 59.859230513096307 ], [ 10.760538179739724, 59.859143810951011 ], [ 10.760900821101787, 59.859052603930039 ], [ 10.761258901103412, 59.858956947008629 ], [ 10.761612203944907, 59.858856897843779 ], [ 10.761960516711603, 59.858752516739585 ], [ 10.762303629502455, 59.858643866610592 ], [ 10.76264133555647, 59.858531012944077 ], [ 10.762973431377697, 59.858414023760368 ], [ 10.763299716857798, 59.85829296957187 ], [ 10.763619995396866, 59.858167923340119 ], [ 10.763934074021913, 59.85803896043231 ], [ 10.764241763503261, 59.857906158575418 ], [ 10.764542878468653, 59.857769597809281 ], [ 10.76483723751489, 59.857629360438352 ], [ 10.765124663317298, 59.857485530982089 ], [ 10.765404982736429, 59.857338196123742 ], [ 10.765678026922519, 59.857187444658223 ], [ 10.765943631417022, 59.857033367438405 ], [ 10.766201636251759, 59.856876057320264 ], [ 10.766451886045189, 59.856715609107049 ], [ 10.766694230095935, 59.856552119491582 ], [ 10.766928522473449, 59.856385686998358 ], [ 10.767154622105798, 59.856216411924088 ], [ 10.767372392864532, 59.85604439627695 ], [ 10.76758170364651, 59.855869743714983 ], [ 10.767782428452639, 59.855692559483913 ], [ 10.767974446463695, 59.855512950353209 ], [ 10.768157642112758, 59.855331024552093 ], [ 10.768331905154666, 59.855146891703995 ], [ 10.768497130732113, 59.854960662760462 ], [ 10.76865321943863, 59.854772449934273 ], [ 10.768800077378069, 59.854582366631753 ], [ 10.768937616220922, 59.854390527384318 ], [ 10.769065753257218, 59.854197047779635 ], [ 10.769184411445952, 59.854002044391528 ], [ 10.769293519461204, 59.85380563471022 ], [ 10.769393011734726, 59.853607937070777 ], [ 10.769482828495015, 59.8534090705826 ], [ 10.769562915803055, 59.853209155056796 ], [ 10.769633225584244, 59.853008310934847 ], [ 10.769693715657143, 59.852806659214949 ], [ 10.769744349758287, 59.852604321380227 ], [ 10.769785097563737, 59.852401419324501 ], [ 10.7698159347069, 59.852198075279638 ], [ 10.769836842792703, 59.851994411741302 ], [ 10.769847809408379, 59.85179055139546 ], [ 10.769848828130312, 59.851586617044532 ], [ 10.769839898527696, 59.851382731532929 ], [ 10.769821026162132, 59.851179017673942 ], [ 10.769792222584032, 59.850975598174557 ], [ 10.769753505325054, 59.850772595562788 ], [ 10.769704897887237, 59.850570132112871 ], [ 10.769646429728317, 59.850368329772415 ], [ 10.769578136243654, 59.850167310088182 ], [ 10.769500058744326, 59.849967194133768 ], [ 10.769412244432031, 59.849768102435952 ], [ 10.769314746370044, 59.84957015490258 ], [ 10.769207623451001, 59.849373470750216 ], [ 10.769090940360975, 59.849178168432402 ], [ 10.768964767540089, 59.848984365568256 ], [ 10.768829181139791, 59.848792178871939 ], [ 10.768684262976569, 59.848601724082201 ], [ 10.768530100482323, 59.848413115892775 ], [ 10.768366786651381, 59.848226467883336 ], [ 10.768194419984184, 59.84804189245127 ], [ 10.768013104427625, 59.847859500743809 ], [ 10.767822949312103, 59.847679402591574 ], [ 10.767624069285501, 59.847501706441939 ], [ 10.767416584243739, 59.847326519294548 ], [ 10.767200619258482, 59.847153946636027 ], [ 10.766976304501418, 59.846984092377312 ], [ 10.766743775165748, 59.846817058790812 ], [ 10.766503171384578, 59.846652946449012 ], [ 10.766254638146247, 59.846491854163837 ], [ 10.765998325207022, 59.846333878927325 ], [ 10.765734387000565, 59.846179115853481 ], [ 10.765462982545028, 59.846027658120803 ], [ 10.765184275347028, 59.845879596916298 ], [ 10.764898433303141, 59.845735021381095 ], [ 10.764605628598794, 59.845594018556156 ], [ 10.764306037604475, 59.845456673330524 ], [ 10.763999840769547, 59.845323068390037 ], [ 10.763687222513482, 59.845193284167721 ], [ 10.763368371115021, 59.845067398795479 ], [ 10.763043478598613, 59.844945488056894 ], [ 10.762712740619012, 59.84482762534202 ], [ 10.762376356343466, 59.844713881603106 ], [ 10.762034528331876, 59.844604325312034 ], [ 10.761687462414979, 59.844499022419036 ], [ 10.761335367570474, 59.844398036313315 ], [ 10.76097845579744, 59.844301427784579 ], [ 10.760616941988786, 59.844209254986886 ], [ 10.760251043801984, 59.844121573403797 ], [ 10.759880981528378, 59.84403843581444 ], [ 10.759506977960582, 59.84395989226244 ], [ 10.759129258258685, 59.843885990025541 ], [ 10.758748049814882, 59.843816773587299 ], [ 10.758363582116804, 59.843752284610403 ], [ 10.757976086609641, 59.843692561911467 ], [ 10.75758579655704, 59.843637641438058 ], [ 10.757192946901071, 59.843587556246611 ], [ 10.756797774120859, 59.843542336483068 ], [ 10.756400516090752, 59.84350200936462 ], [ 10.756001411937268, 59.843466599163179 ], [ 10.755600701895517, 59.843436127191083 ], [ 10.755198627164939, 59.843410611787888 ], [ 10.754795429764318, 59.843390068310086 ], [ 10.754391352386559, 59.843374509120991 ], [ 10.753986638252801, 59.843363943584059 ], [ 10.753581530966482, 59.843358378056735 ], [ 10.753176274366879, 59.843357815887231 ], [ 10.752771112382808, 59.843362257411655 ], [ 10.752366288886028, 59.843371699954837 ], [ 10.751962047544842, 59.843386137831104 ], [ 10.75155863167773, 59.843405562348167 ], [ 10.751156284107234, 59.843429961812106 ], [ 10.750755247014123, 59.843459321534468 ], [ 10.750355761791942, 59.843493623841397 ], [ 10.749958068902018, 59.843532848083612 ], [ 10.749562407729016, 59.843576970649451 ], [ 10.749169016437223, 59.8436259649786 ], [ 10.748778131827425, 59.843679801578297 ], [ 10.748389989194678, 59.843738448041037 ], [ 10.748004822186957, 59.843801869063853 ], [ 10.747622862664791, 59.843870026469943 ], [ 10.747244340561963, 59.84394287923093 ], [ 10.746869483747346, 59.844020383492172 ], [ 10.746498517888002, 59.844102492598843 ], [ 10.746131666313493, 59.844189157123836 ], [ 10.745769149881767, 59.844280324897674 ], [ 10.745411186846324, 59.844375941039686 ], [ 10.745057992725085, 59.844475947991093 ], [ 10.744709780170792, 59.844580285549512 ], [ 10.744366758843094, 59.844688890905317 ], [ 10.744029135282585, 59.844801698679056 ], [ 10.74369711278654, 59.844918640960941 ], [ 10.743370891286615, 59.845039647351697 ], [ 10.743050667228623, 59.845164645004672 ], [ 10.742736633454259, 59.845293558669979 ], [ 10.742428979085176, 59.845426310739107 ], [ 10.742127889409035, 59.845562821292233 ], [ 10.741833545768113, 59.845703008145854 ], [ 10.741546125449984, 59.845846786902193 ], [ 10.741265801580843, 59.845994071000135 ], [ 10.740992743021211, 59.846144771767115 ], [ 10.740727114264256, 59.846298798472333 ], [ 10.740469075336607, 59.84645605838152 ], [ 10.740218781701934, 59.846616456812427 ], [ 10.739976384167223, 59.846779897192206 ], [ 10.739742028791895, 59.846946281114718 ], [ 10.739515856799626, 59.847115508400542 ], [ 10.739298004493197, 59.84728747715652 ], [ 10.739088603172224, 59.84746208383757 ], [ 10.738887779053851, 59.847639223308555 ], [ 10.738695653196627, 59.847818788907766 ], [ 10.738512341427253, 59.848000672510871 ], [ 10.73833795427065, 59.848184764596148 ], [ 10.738172596883082, 59.848370954310177 ], [ 10.73801636898861, 59.848559129534728 ], [ 10.737869364818696, 59.848749176954087 ], [ 10.73773167305508, 59.84894098212321 ], [ 10.737603376776182, 59.849134429536612 ], [ 10.737484553406627, 59.849329402697926 ], [ 10.737375274670262, 59.849525784189822 ], [ 10.737275606546616, 59.849723455745135 ], [ 10.737185609230833, 59.849922298317288 ], [ 10.737105337096908, 59.850122192152796 ], [ 10.737034838664695, 59.850323016862419 ], [ 10.73697415657012, 59.850524651494744 ], [ 10.736923327539252, 59.850726974607802 ], [ 10.736882382365588, 59.850929864343229 ], [ 10.736851345891264, 59.851133198498893 ], [ 10.736830236991493, 59.851336854602849 ], [ 10.736819068562887, 59.851540709987141 ], [ 10.73681784751518, 59.851744641861259 ], [ 10.736826574766647, 59.85194852738671 ], [ 10.736845245243153, 59.852152243750268 ], [ 10.736873847880654, 59.852355668238893 ], [ 10.736912365631577, 59.852558678312491 ], [ 10.736960775474509, 59.852761151678877 ], [ 10.737019048427747, 59.852962966366576 ], [ 10.737087149566193, 59.853164000799069 ], [ 10.737165038042146, 59.853364133867217 ], [ 10.737252667109303, 59.853563245003045 ], [ 10.737349984150608, 59.853761214251797 ], [ 10.737456930709573, 59.853957922344691 ], [ 10.737573442524983, 59.854153250770501 ], [ 10.737699449569291, 59.854347081847131 ], [ 10.737834876090464, 59.854539298792517 ], [ 10.737979640657157, 59.854729785795065 ], [ 10.738133656207529, 59.854918428083344 ], [ 10.738296830101181, 59.855105111995613 ], [ 10.738469064174854, 59.855289725047989 ], [ 10.738650254801072, 59.855472156002541 ], [ 10.738840292950385, 59.855652294934274 ], [ 10.739039064256735, 59.855830033297231 ], [ 10.739246449086073, 59.856005263990411 ], [ 10.739462322608171, 59.856177881422148 ], [ 10.739686554871691, 59.856347781573646 ], [ 10.739919010882158, 59.856514862061914 ], [ 10.740159550683126, 59.856679022201547 ], [ 10.740408029440353, 59.856840163065385 ], [ 10.740664297528863, 59.856998187544441 ], [ 10.740928200623024, 59.857153000406036 ], [ 10.741199579789281, 59.857304508351724 ], [ 10.741478271581936, 59.857452620073545 ], [ 10.741764108141515, 59.857597246308735 ], [ 10.742056917295839, 59.857738299893981 ], [ 10.742356522663657, 59.857875695818187 ], [ 10.742662743761027, 59.858009351273267 ], [ 10.742975396109957, 59.858139185704523 ], [ 10.743294291349635, 59.85826512085908 ], [ 10.743619237349971, 59.858387080833452 ], [ 10.74395003832737, 59.858504992118952 ], [ 10.744286494962807, 59.858618783646328 ], [ 10.744628404522073, 59.858728386828567 ], [ 10.744975560977968, 59.858833735602438 ], [ 10.74532775513468, 59.858934766468288 ], [ 10.745684774753869, 59.859031418528545 ], [ 10.746046404682824, 59.859123633524199 ], [ 10.746412426984328, 59.859211355870166 ], [ 10.746782621068036, 59.859294532689013 ], [ 10.747156763823785, 59.859373113842658 ], [ 10.747534629756174, 59.859447051962754 ], [ 10.747915991120733, 59.859516302479271 ], [ 10.748300618061418, 59.859580823647491 ], [ 10.748688278749416, 59.85964057657317 ], [ 10.749078739523146, 59.859695525236006 ], [ 10.749471765029272, 59.859745636511576 ], [ 10.749867118364975, 59.859790880191142 ], [ 10.750264561220995, 59.859831228999923 ], [ 10.75066385402552, 59.859866658613676 ], [ 10.751064756088978, 59.859897147673351 ], [ 10.751467025749323, 59.859922677798224 ], [ 10.751870420518172, 59.859943233596319 ], [ 10.752274697227156, 59.85995880267464 ] ] ] } },
{ "type": "Feature", "properties": { "OBJECTID": 423.0, "forbudsomr": null, "typeforbud": "Alle sensorer (Inkludert foto/video)", "navn": "Søndre Akerhus kai", "refnr": "319", "GlobalID": "ddec8df4-8c47-451a-83a6-379de9c2faf9", "Shape__Are": 97938.42919921875, "Shape__Len": 1878.8386420672107 }, "geometry": { "type": "Polygon", "coordinates": [ [ [ 10.73445641094607, 59.90784323435048 ], [ 10.734627346922149, 59.907800662082742 ], [ 10.734694491216999, 59.907684743563152 ], [ 10.734435435625425, 59.907667600217756 ], [ 10.734692274521858, 59.906888628032775 ], [ 10.735009519870848, 59.906452774516417 ], [ 10.735398652643415, 59.906474133037605 ], [ 10.735547198890098, 59.906334608551568 ], [ 10.735879814605676, 59.905982355257301 ], [ 10.73618305763088, 59.905926572781006 ], [ 10.736543088881881, 59.905903245517116 ], [ 10.737077403466824, 59.905946797811175 ], [ 10.737468216636255, 59.906090672788928 ], [ 10.737598048580443, 59.906571628347614 ], [ 10.739036502938044, 59.906355778115135 ], [ 10.738742931114066, 59.905182826299907 ], [ 10.738986792535639, 59.90450402611603 ], [ 10.740653922410429, 59.903998142014132 ], [ 10.740026424342011, 59.903527324202685 ], [ 10.737581720736324, 59.904935275345608 ], [ 10.731723505479582, 59.904714783517157 ], [ 10.73130471374435, 59.90715932045515 ], [ 10.73445641094607, 59.90784323435048 ] ] ] } },
{ "type": "Feature", "properties": { "OBJECTID": 424.0, "forbudsomr": null, "typeforbud": "Alle sensorer (inkludert foto og video)", "navn": "Horten Skipsreparasjoner AS", "refnr": "321", "GlobalID": "15f84065-d015-4342-b4d8-ae801308f360", "Shape__Are": null, "Shape__Len": null }, "geometry": null },
{ "type": "Feature", "properties": { "OBJECTID": 425.0, "forbudsomr": null, "typeforbud": null, "navn": null, "refnr": null, "GlobalID": "54aa155c-2dd9-4803-a878-0ae17dd92400", "Shape__Are": 3748258.5283203125, "Shape__Len": 10104.079766819488 }, "geometry": { "type": "Polygon", "coordinates": [ [ [ 10.54539471827538, 60.72417174370343 ], [ 10.5457991610685, 60.72365642448564 ], [ 10.545488860516508, 60.72145684596785 ], [ 10.54525765552825, 60.721111455294285 ], [ 10.54518992473454, 60.720896700217352 ], [ 10.544969972483386, 60.72068840879146 ], [ 10.544772770146649, 60.720485815688967 ], [ 10.544727176620464, 60.720256971337932 ], [ 10.544696725326775, 60.72004016214219 ], [ 10.544910984796944, 60.719950105303454 ], [ 10.544822946865862, 60.719396979026605 ], [ 10.546439618649828, 60.719378310185348 ], [ 10.546423182796499, 60.71952107719509 ], [ 10.547380390640461, 60.71950515878347 ], [ 10.547788236518024, 60.719546731726389 ], [ 10.548772830445847, 60.719319345802788 ], [ 10.549119182731335, 60.719354480944858 ], [ 10.549732867525405, 60.719325972469505 ], [ 10.550093502795955, 60.719037500134192 ], [ 10.551192425842778, 60.718795248495752 ], [ 10.552652842152664, 60.718179016513886 ], [ 10.553673886756529, 60.718744097448074 ], [ 10.553961391792683, 60.718755808862866 ], [ 10.558037654960795, 60.718440098555483 ], [ 10.559208671017759, 60.71507793231131 ], [ 10.559470221696154, 60.715048827013213 ], [ 10.559838951738344, 60.715084408912034 ], [ 10.560195626344838, 60.715150221460007 ], [ 10.56053237923623, 60.715232644660183 ], [ 10.56064535000931, 60.71525493135502 ], [ 10.560722005607804, 60.715089012888789 ], [ 10.560306414800293, 60.715007077683943 ], [ 10.560487642608214, 60.714431942074604 ], [ 10.559533250823707, 60.714153380476588 ], [ 10.559870626257874, 60.713680869722246 ], [ 10.558204032941386, 60.710514903776975 ], [ 10.559017661864049, 60.710034774800484 ], [ 10.560687258231727, 60.708489949838274 ], [ 10.562551772774015, 60.707709766987136 ], [ 10.563391047521632, 60.707203473502545 ], [ 10.563920127978097, 60.706900541920653 ], [ 10.565273179938961, 60.70648039483364 ], [ 10.566347303212178, 60.705944166761313 ], [ 10.568596494407434, 60.705440574545591 ], [ 10.569658110151476, 60.705180394939603 ], [ 10.570507393876834, 60.705158246129443 ], [ 10.569684845170521, 60.704986482015194 ], [ 10.568821588943338, 60.705202961100525 ], [ 10.5661925975746, 60.705857349552751 ], [ 10.56514486398819, 60.706388167300375 ], [ 10.563614536606782, 60.706858989557091 ], [ 10.563013471100922, 60.707289483314028 ], [ 10.562279043544384, 60.707675333740511 ], [ 10.561152349183059, 60.708108492109062 ], [ 10.563037719418709, 60.706550513404345 ], [ 10.563768810934299, 60.699849737597411 ], [ 10.545233064855735, 60.697005489017656 ], [ 10.526435731662261, 60.719282960260585 ], [ 10.527381572522133, 60.722885171695445 ], [ 10.52973279083378, 60.723094999442552 ], [ 10.537745322382767, 60.723731973367457 ], [ 10.54406438156539, 60.724332236538345 ], [ 10.544586497643579, 60.72431873241554 ], [ 10.54539471827538, 60.72417174370343 ] ] ] } },
{ "type": "Feature", "properties": { "OBJECTID": 426.0, "forbudsomr": null, "typeforbud": "Alle sensorer (inkludert foto/video)", "navn": "Brandalsmyra", "refnr": "322", "GlobalID": "882f152e-6a30-4cb4-86d6-441ce5db024b", "Shape__Are": null, "Shape__Len": null }, "geometry": null },
{ "type": "Feature", "properties": { "OBJECTID": 427.0, "forbudsomr": null, "typeforbud": "Alle sensorer.(inkludert foto/video)", "navn": "NORDMELA", "refnr": "0324", "GlobalID": "8e6f9787-0225-48c0-bf23-94ef4c698613", "Shape__Are": 1605027.5087890625, "Shape__Len": 6285.6708272210435 }, "geometry": { "type": "Polygon", "coordinates": [ [ [ 15.61614512044099, 69.118640296876919 ], [ 15.634729820032183, 69.116916612826714 ], [ 15.633928822119792, 69.115404447136072 ], [ 15.622826706250439, 69.116394936533553 ], [ 15.607965012958308, 69.107716274873226 ], [ 15.594568831279663, 69.108087977873069 ], [ 15.596999077446869, 69.124516360881969 ], [ 15.617256387711178, 69.123849843511422 ], [ 15.61614512044099, 69.118640296876919 ] ] ] } },
{ "type": "Feature", "properties": { "OBJECTID": 428.0, "forbudsomr": null, "typeforbud": "Alle sensorer (inkludert Foto/video)", "navn": "Bodø kai 1", "refnr": "0325", "GlobalID": "b117c344-ed33-482c-b92d-9676a194d927", "Shape__Are": null, "Shape__Len": null }, "geometry": null },
{ "type": "Feature", "properties": { "OBJECTID": 429.0, "forbudsomr": null, "typeforbud": "Alle sensorer (inkludert Foto/video)", "navn": "Bodø kai 2", "refnr": "0326", "GlobalID": "6c092708-e5b9-4a78-9110-8431ebe288e7", "Shape__Are": null, "Shape__Len": null }, "geometry": null },
{ "type": "Feature", "properties": { "OBJECTID": 430.0, "forbudsomr": null, "typeforbud": "Alle sensorer (inkludert Foto/video)", "navn": "Bodø kai 3", "refnr": "0327", "GlobalID": "b2c570eb-0c16-44fe-bdca-03a52308c671", "Shape__Are": null, "Shape__Len": null }, "geometry": null },
{ "type": "Feature", "properties": { "OBJECTID": 431.0, "forbudsomr": null, "typeforbud": "Alle sensorer (inkludert Foto/video)", "navn": "Bodø kai 2", "refnr": "0326", "GlobalID": "c0393ca4-6347-4541-b718-407531acc1e1", "Shape__Are": null, "Shape__Len": null }, "geometry": null },
{ "type": "Feature", "properties": { "OBJECTID": 432.0, "forbudsomr": null, "typeforbud": "Alle sensorer (inkludert Foto/video)", "navn": "Bodø kai 3", "refnr": "0327", "GlobalID": "1ffa494a-4eee-4628-b712-9b2a5f3a2afa", "Shape__Are": null, "Shape__Len": null }, "geometry": null },
{ "type": "Feature", "properties": { "OBJECTID": 433.0, "forbudsomr": null, "typeforbud": "Alle sensorer (inkludert Foto/video)", "navn": "Bodø kai 1", "refnr": "0325", "GlobalID": "ee55d667-eeef-45a9-80c6-a2c827cf0b2a", "Shape__Are": null, "Shape__Len": null }, "geometry": null },
{ "type": "Feature", "properties": { "OBJECTID": 434.0, "forbudsomr": null, "typeforbud": "Alle sensorer (inkludert foto/video)", "navn": "Bodø kai 3", "refnr": "0327", "GlobalID": "48981da0-d540-4103-b262-f1aec6bb4d23", "Shape__Are": null, "Shape__Len": null }, "geometry": null },
{ "type": "Feature", "properties": { "OBJECTID": null, "forbudsomr": null, "typeforbud": null, "navn": "Grøtsund ubåthavn", "refnr": null, "GlobalID": null, "Shape__Are": null, "Shape__Len": null }, "geometry": { "type": "Polygon", "coordinates": [ [ [ 19.134552789443934, 69.746809321614677 ], [ 19.139744418322778, 69.748494113116294 ], [ 19.144741361118658, 69.746225229218254 ], [ 19.138706092547014, 69.744809861486061 ], [ 19.134552789443934, 69.746809321614677 ] ] ] } },
{ "type": "Feature", "properties": { "OBJECTID": null, "forbudsomr": null, "typeforbud": null, "navn": "Olavsvern", "refnr": null, "GlobalID": null, "Shape__Are": null, "Shape__Len": null }, "geometry": { "type": "Polygon", "coordinates": [ [ [ 19.035045694835084, 69.538786376488929 ], [ 19.035136413876824, 69.538770520009237 ], [ 19.035068374595507, 69.538767877261478 ], [ 19.035045694835084, 69.538786376488929 ] ] ] } },
{ "type": "Feature", "properties": { "OBJECTID": null, "forbudsomr": null, "typeforbud": null, "navn": "Svalsat", "refnr": null, "GlobalID": null, "Shape__Are": null, "Shape__Len": null }, "geometry": { "type": "Polygon", "coordinates": [ [ [ 15.394073483428798, 78.228523794902713 ], [ 15.403745218407845, 78.228277152579736 ], [ 15.397700384045946, 78.227167199075879 ], [ 15.394073483428798, 78.228523794902713 ] ] ] } },
{ "type": "Feature", "properties": { "OBJECTID": null, "forbudsomr": null, "typeforbud": null, "navn": "Ny-Ålesund", "refnr": null, "GlobalID": null, "Shape__Are": null, "Shape__Len": null }, "geometry": { "type": "Polygon", "coordinates": [ [ [ 11.847727410723293, 78.943172002609401 ], [ 11.850207654674291, 78.943383408356041 ], [ 11.852412315964065, 78.943119150549009 ], [ 11.85241231596406, 78.942432051059882 ], [ 11.847727410723293, 78.943172002609401 ] ] ] } }
]
}
