{"type":"FeatureCollection","features":[{"type":"Feature","geometry":{"type":"MultiLineString","coordinates":[[[3.2066153950000285,56.55629634400003],[3.201461701000028,56.56022610700006]],[[3.1942791930000567,56.56570115300008],[3.172466246000056,56.58231636900007],[3.1639406620000727,56.591608601000075],[3.0763119410000286,56.75749149600006],[3.0696473580000543,56.76793279100008],[2.9982095600000207,56.842068608000034],[2.8220068770000353,56.99359397600006],[2.8172625560000597,56.99848309600003],[2.813654255000074,57.003652239000075],[2.7937180210000747,57.04659854800008],[2.701346296000054,57.25301889500008],[2.6215260590000753,57.42791827800005],[2.5509258370000225,57.581887031000065],[2.4795095540000602,57.73486375500005],[2.4775170940000635,57.74460308600004],[2.4725773860000686,58.16074928900008],[2.4720775200000276,58.18379785700006]]]},"properties":{"id":"303866","name":"36\" Gas Disconnected, EKOFISK S","mapLabel":"Statpipe","medium":"Gas","phase":"DECOMMISSIONED","operator":"Gassco AS","belongsTo":"STATPIPE","fromFacility":null,"toFacility":"EKOFISK S","grouping":"Transportation","dimensionInch":36,"waterDepthM":80,"updated":"2026-02-19T23:00:00.000Z","factPageUrl":"https://factpages.sodir.no/tuf/pageview/pipeline/all/303866","source":"sodir-factmaps"}},{"type":"Feature","geometry":{"type":"LineString","coordinates":[[0.1959678060000556,55.28741447700003],[0.14110172400006604,55.26393463900007],[0.10161244400006808,55.24520352700006],[0.08120924600007129,55.236983002000045],[0.001964636000025166,55.20080881900003],[-0.10062532199992802,55.15863715100005],[-0.140209633999973,55.14085507100003],[-0.1963649389999773,55.11192841400003],[-0.23536818799993853,55.09286029800006],[-0.2760745549999797,55.07590923300006],[-0.3153268469999375,55.05789715000003],[-0.3340159419999509,55.04812759400005],[-0.3543831299999738,55.03978806600003],[-0.49268118499992397,54.97731228600003],[-0.9231952499999352,54.77853939000005],[-1.0201988999999685,54.73299468700003],[-1.062913367999954,54.717987666000056],[-1.1170992739999406,54.680088743000056],[-1.1354826789999493,54.679238490000046],[-1.2903859149999448,54.62730880300006]]},"properties":{"id":"306280","name":"34\" Oil 36/22-BP, TEESSIDE","mapLabel":"Norpipe Oljeledning","medium":"Oil","phase":"IN SERVICE","operator":"ConocoPhillips Skandinavia AS","belongsTo":"NORPIPE OLJELEDNING","fromFacility":"36/22-BP","toFacility":"TEESSIDE","grouping":"Transportation","dimensionInch":34,"waterDepthM":95,"updated":"2026-02-19T23:00:00.000Z","factPageUrl":"https://factpages.sodir.no/tuf/pageview/pipeline/all/306280","source":"sodir-factmaps"}},{"type":"Feature","geometry":{"type":"LineString","coordinates":[[1.604446132000021,55.89668864400005],[1.5812367660000746,55.886415240000076],[1.3752237260000584,55.80011280300005],[1.294125981000036,55.76477661600006],[1.2528055640000275,55.74779553700006],[1.0280484520000641,55.65177854600006],[0.9879611100000716,55.633782448000034],[0.8050344310000241,55.55523656100007],[0.46171542300004376,55.40532131300006],[0.2416355760000215,55.307959348000054],[0.22047436400004017,55.299570807000066],[0.2076815410000563,55.29341038700005]]},"properties":{"id":"306314","name":"34\" Oil 37/4-BP, 36/22-BP","mapLabel":"Norpipe Oljeledning","medium":"Oil","phase":"IN SERVICE","operator":"ConocoPhillips Skandinavia AS","belongsTo":"NORPIPE OLJELEDNING","fromFacility":"37/4-BP","toFacility":"36/22-BP","grouping":"Transportation","dimensionInch":34,"waterDepthM":95,"updated":"2026-02-19T23:00:00.000Z","factPageUrl":"https://factpages.sodir.no/tuf/pageview/pipeline/all/306314","source":"sodir-factmaps"}},{"type":"Feature","geometry":{"type":"MultiLineString","coordinates":[[[4.684651928000051,62.30028725300008],[4.692195210000023,62.30728183700006],[4.68842363300007,62.30379100400006],[4.684651928000051,62.30028725300008]],[[5.18482076600003,59.332871202000035],[5.173196271000052,59.33287694300003],[5.150507459000039,59.33588279700007],[5.135219842000026,59.33950675900007],[5.122773251000069,59.34448180600003],[5.112989685000059,59.35065392800004],[5.06868673200006,59.38744382200008],[5.058758117000025,59.394618982000054],[5.047977299000024,59.405785284000046],[5.035931470000037,59.41634854800003],[5.030299125000056,59.420304635000036],[5.004502769000055,59.43343083800005],[4.9861779300000535,59.43994287500004],[4.954562572000043,59.449181863000035],[4.944857094000042,59.45340091200006],[4.9359175940000455,59.458604008000066],[4.927659035000033,59.46558517900007],[4.909036567000044,59.48595674200004],[4.888428185000066,59.503031157000066],[4.8479051160000495,59.54432226700004],[4.8352290630000425,59.55927669300007],[4.816386747000024,59.57594011200007],[4.81105227200004,59.58291731800006],[4.80436945200006,59.59664676600005],[4.799107029000027,59.60251393000004],[4.755605150000065,59.63726975700007],[4.727261467000062,59.65560013000004],[4.639193724000052,59.72356871300008],[4.631768192000038,59.730327886000055],[4.62537160100004,59.739041146000034],[4.598980892000043,59.80251227700006],[4.572773418000054,59.86072221100005],[4.566685161000066,59.883905033000076],[4.545090154000036,59.93463873600007],[4.5184816200000455,59.993203684000036],[4.505753627000047,60.02757586200005],[4.418366134000053,60.23592190000005],[4.3792448250000575,60.32210278500003],[4.332633560000033,60.44334195000005],[4.268705523000051,60.588717863000056],[4.245732356000076,60.638870550000036],[4.1105898500000535,60.94691801700003],[4.108458183000039,60.958835460000046],[4.079547303000027,61.27177145700006],[4.079599008000059,61.277504684000064],[4.080770728000061,61.28361994000005],[4.092359611000063,61.31220121000007],[4.134607883000058,61.409384568000064],[4.173193677000029,61.49388438500006],[4.2117652190000285,61.563818628000035],[4.225860728000043,61.61946201300003],[4.2421072320000235,61.65746172200005],[4.250735132000045,61.68334985800004],[4.264569182000059,61.70948906700005],[4.283428489000073,61.752540011000065],[4.308282677000022,61.81994500400003],[4.316985932000023,61.839018871000064],[4.366295164000064,61.93833944000005],[4.4120460620000586,62.041181116000075],[4.416994804000069,62.048856484000055],[4.522817752000037,62.149080783000045],[4.684629117000043,62.30026606000007],[4.68459970400005,62.30023881500006],[4.684651928000051,62.30028725300008],[4.684629117000043,62.30026606000007],[4.7184320800000705,62.33154048400007],[4.692195210000023,62.30728183700006],[4.762597264000021,62.37238666300004],[4.780787079000049,62.38648245100006],[4.8220638910000275,62.43228779800006],[4.828564806000031,62.43764009200004],[4.857829701000071,62.45682521900005],[4.866103609000049,62.46336458300004],[4.9236720130000435,62.52599681000004],[4.982895253000038,62.57454548700008],[5.148039291000032,62.724700562000066],[5.329984117000038,62.88800438900006],[5.586560787000053,63.11479372300005],[5.610221607000028,63.13184970300006],[5.664037514000029,63.182469420000075],[5.808175461000076,63.35414319600005],[5.944290525000042,63.534939275000056],[6.033715416000064,63.656488368000055],[6.0633814680000455,63.68971309600005],[6.124805216000027,63.74652418000005],[6.130710835000059,63.75631665600008],[6.136280809000027,63.77667356900008],[6.138743560000023,63.782250830000066],[6.154737898000064,63.80260686500003],[6.1601327630000355,63.80799715300003],[6.167989710000029,63.81346047200003],[6.20121695000006,63.82884550300008],[6.210014929000067,63.83433983500004],[6.216029848000062,63.83919610800007],[6.221103690000064,63.84476540000003],[6.2240654920000225,63.84977864400008],[6.228496687000074,63.86570935900005],[6.23048149300007,63.87008456500007],[6.2425019590000375,63.88593936700005],[6.249722795000025,63.89285974000006],[6.279225517000043,63.914646995000055],[6.2865123300000505,63.92198638700006],[6.291134925000051,63.93136783300008],[6.291694687000074,63.935610016000055],[6.29120086100005,63.948950567000054],[6.292680591000021,63.954260806000036],[6.2961793100000705,63.960925125000074],[6.351007043000038,64.03006665700008],[6.377693247000025,64.05860916300003],[6.382398910000063,64.06687256400005],[6.451181080000026,64.26630572700003],[6.453692835000027,64.27171598300004],[6.462230319000071,64.28494563900006],[6.471737021000024,64.31130685700003],[6.4729507200000285,64.31683810400006],[6.474033516000077,64.33678195400006],[6.4753051720000485,64.34303123200004],[6.4911978520000275,64.37330569100004],[6.492410302000053,64.38279710400008],[6.487670961000049,64.40149783500004],[6.487923422000051,64.41023320500005],[6.489790147000065,64.41568145700006],[6.509663362000026,64.45550836600006],[6.535948993000034,64.52397055800003],[6.536815450000063,64.53305695200004],[6.533386854000071,64.55628189100008],[6.5363170680000735,64.57035151800005],[6.538287813000068,64.57548575800007],[6.547903243000064,64.58995248100007],[6.582829900000036,64.63098562300007],[6.618003948000023,64.68161617500004],[6.625792632000071,64.69100866300005],[6.634307058000047,64.70481834700007],[6.655505278000021,64.72906562100007],[6.6597858530000735,64.73812305400003],[6.661674823000055,64.75522880000005],[6.66543838900003,64.76411722000006],[6.682394406000071,64.78902847300003],[6.712742344000048,64.82275925800008],[6.717685999000025,64.83090066000005],[6.754144112000063,64.92695116100003],[6.769042897000077,64.96937313600006],[6.773869944000069,64.98668492800005],[6.7950778030000265,65.04661672400005],[6.799379715000043,65.06559158100004],[6.800029356000039,65.07141283600004],[6.798954011000035,65.10639531200007],[6.797252947000061,65.10640729300007]]]},"properties":{"id":"307674","name":"42\" Gas ÅSGARD ERB, KÅRSTØ","mapLabel":"Åsgard Transport","medium":"Gas","phase":"IN SERVICE","operator":"Gassco AS","belongsTo":"GASSLED","fromFacility":"ÅSGARD ERB","toFacility":"KÅRSTØ","grouping":"Transportation","dimensionInch":42,"waterDepthM":372,"updated":"2026-04-28T22:00:00.000Z","factPageUrl":"https://factpages.sodir.no/tuf/pageview/pipeline/all/307674","source":"sodir-factmaps"}},{"type":"Feature","geometry":{"type":"LineString","coordinates":[[3.200808701000028,56.55088207600005],[3.182936684000026,56.55189940900004],[3.1699032400000533,56.55439634700008],[3.157091688000037,56.55984939200005],[3.1526804430000652,56.56317945900008],[3.14857115500007,56.56786557800007],[3.1456878520000373,56.57378775500007],[3.113218699000072,56.68570036300008],[3.073911763000069,56.760438573000044],[3.068486313000051,56.76829379000003],[2.994854389000068,56.84412664300004],[2.854036853000025,56.96533733800004],[2.8474424920000274,56.97001042800008],[2.8147548550000465,56.989171732000045],[2.808918492000032,56.99439085100005],[2.8067342220000455,56.99976901900004],[2.807495025000037,57.00526922500006],[2.8510539710000558,57.08705067500006],[2.852459753000062,57.09351992500007],[2.8520674780000377,57.100203160000035],[2.849954147000062,57.10690735000003]]},"properties":{"id":"308524","name":"20\" Oil ULA PP, EKOFISK J","mapLabel":"Ula Oljerør","medium":"Oil","phase":"IN SERVICE","operator":"Aker BP ASA","belongsTo":"ULA OLJERØR","fromFacility":"ULA PP","toFacility":"EKOFISK J","grouping":"Transportation","dimensionInch":20,"waterDepthM":75,"updated":"2026-02-19T23:00:00.000Z","factPageUrl":"https://factpages.sodir.no/tuf/pageview/pipeline/all/308524","source":"sodir-factmaps"}},{"type":"Feature","geometry":{"type":"LineString","coordinates":[[2.889726815000074,60.778109148000055],[2.887264162000065,60.77616657400006],[2.884839265000039,60.772708409000074],[2.8842203920000316,60.769841290000045],[2.896634114000051,60.56521747100004],[2.8968023340000286,60.56092330600006],[2.8951943140000367,60.56036426400004]]},"properties":{"id":"309000","name":"9.3\" Gas VESLEFRIKK A, STT-IN","mapLabel":"Statpipe","medium":"Gas","phase":"DECOMMISSIONED","operator":"Equinor Energy AS","belongsTo":"VESLEFRIKK","fromFacility":"VESLEFRIKK A","toFacility":"STT-IN","grouping":"Transportation","dimensionInch":9.30000019,"waterDepthM":176,"updated":"2026-02-19T23:00:00.000Z","factPageUrl":"https://factpages.sodir.no/tuf/pageview/pipeline/all/309000","source":"sodir-factmaps"}},{"type":"Feature","geometry":{"type":"LineString","coordinates":[[3.2983970650000742,54.78877742800006],[3.280847032000054,54.628433793000056],[3.209491154000034,54.17824285200004],[3.135356816000069,53.697556071000065],[3.0903643780000607,53.262627328000065],[3.090356869000061,53.246798813000055],[3.0914181790000725,53.23762952700008],[3.094498703000056,53.22320709300004],[3.1203993880000667,53.12453718000006],[3.1960942990000376,52.827678441000046],[3.2040784540000686,52.79586950800007],[3.206150927000067,52.78183308000007],[3.206443345000025,52.76821264700004],[3.205324689000065,52.75586223800008],[3.172874962000037,52.51931532200007],[3.172603306000042,52.50749594200005],[3.173331587000064,52.49862866800004],[3.1837973280000256,52.41448211000005],[3.183489803000043,52.39812058700005],[3.155190831000027,52.16870702400007],[3.1513521450000326,52.154723542000056],[3.146752371000048,52.14311212600006],[3.125704957000039,52.10544671000008],[3.120989165000026,52.094340309000074],[3.117669387000035,52.083939946000044],[3.114864700000055,52.070773501000076],[3.081070799000031,51.83035361100008],[3.0205000350000546,51.63031373500007],[3.0175783370000318,51.617160296000066],[3.0167005890000382,51.60747698700004],[3.016819802000043,51.600040758000034],[3.0184841890000484,51.587695395000026],[3.0240318120000325,51.57026791700008],[3.0332215120000683,51.553136488000064],[3.0466692960000614,51.53659712400008],[3.05730684100007,51.52615291800004],[3.216908297000032,51.39470560700005],[3.2326900580000597,51.38078335000006],[3.2359063200000264,51.374086179000074],[3.235973467000065,51.36883601800008],[3.22848182000007,51.34967934800005]]},"properties":{"id":"310326","name":"40\" Gas ZEEPIPE-SCP, ZEEBRUGGE","mapLabel":"Zeepipe I","medium":"Gas","phase":"IN SERVICE","operator":"Gassco AS","belongsTo":"GASSLED","fromFacility":"ZEEPIPE-SCP","toFacility":"ZEEBRUGGE","grouping":"Transportation","dimensionInch":40,"waterDepthM":39.90000153,"updated":"2026-02-19T23:00:00.000Z","factPageUrl":"https://factpages.sodir.no/tuf/pageview/pipeline/all/310326","source":"sodir-factmaps"}},{"type":"Feature","geometry":{"type":"LineString","coordinates":[[5.184827744000074,59.33301219100008],[5.172701241000027,59.333212950000075],[5.145662272000038,59.336849778000044],[5.127416717000074,59.33705757600006],[5.115749417000075,59.33594639900008],[5.065435276000073,59.32773450600007],[5.044145699000069,59.32638921000006],[5.031050286000038,59.32690007800005],[4.995310060000065,59.33050580300005],[4.972220253000046,59.33317463800006],[4.961147826000058,59.33536359400006],[4.950033355000073,59.338494585000035],[4.938780820000034,59.34301062700007],[4.711741323000069,59.449087045000056],[4.70208475000004,59.45545717600004],[4.694148161000044,59.46331038400007],[4.678479487000061,59.49017222800006],[4.672916013000076,59.497005424000065],[4.637426729000026,59.52419205100006],[4.615048126000033,59.544903582000074],[4.603111421000051,59.55261273800005],[4.5506718370000385,59.575095987000054],[4.538246131000051,59.58247412400004],[4.530234569000072,59.58959030300008],[4.481808928000021,59.637819585000045],[4.474328426000056,59.64391173100006],[4.467341025000053,59.64811481000004],[4.412263099000029,59.67612923900003],[4.347843208000029,59.71897112700003],[4.3196554300000685,59.73928557600004],[4.289169661000074,59.75787193100007],[4.236844479000069,59.79285065900007],[4.209137894000037,59.80916496000003],[4.183263234000037,59.82825938900004],[4.123562571000036,59.86853823300004],[4.100478037000073,59.88660565600003],[3.909977407000042,60.01258025200008],[3.8824118380000527,60.02827453000003],[3.834561742000062,60.063292312000044],[3.8265022850000605,60.067806390000044],[3.790187397000068,60.08460360600003],[3.754257057000075,60.111063200000046],[3.7104824280000344,60.13859074100003],[3.68061848800005,60.16035222600004],[3.659937297000056,60.17223043800004],[3.6099812100000577,60.20522611600006],[3.5853719370000476,60.21630925100004],[3.5779855160000693,60.220434322000074],[3.562525426000036,60.23339563800005],[3.5444082430000208,60.24659093200006],[3.5102061250000247,60.26911839400003],[3.4905066410000245,60.28748286800004],[3.459738431000062,60.31390352300008],[3.4448262610000597,60.328694917000064],[3.4390728580000314,60.333412030000034],[3.4087150430000293,60.35188738100004],[3.3851865830000634,60.36728469500008],[3.3710738560000664,60.37346576500005],[3.35465120300006,60.37672669400007],[3.1902596640000525,60.38916719500003],[3.168822796000029,60.39376411400008],[3.158586324000055,60.397117120000075],[3.1495608530000254,60.40117816900005],[2.9244695590000447,60.53307156000005],[2.7890950480000356,60.66126389700008],[2.779094374000067,60.668648063000035],[2.5515369630000464,60.79772731000003],[2.40055006700004,60.88235175900007],[2.0909957990000407,61.05408165100005],[1.963991318000069,61.12336878800005],[1.944231195000043,61.13334393400004],[1.8784618650000198,61.15880811300008],[1.8678192800000488,61.16377517600006],[1.8601797870000496,61.16871927400007],[1.854451359000052,61.17351939100007],[1.8442034200000421,61.185330727000064]]},"properties":{"id":"313556","name":"30\" Gas STAT-SSTC, KÅRSTØ","mapLabel":"Statpipe","medium":"Gas","phase":"IN SERVICE","operator":"Gassco AS","belongsTo":"GASSLED","fromFacility":"STAT-SSTC","toFacility":"KÅRSTØ","grouping":"Transportation","dimensionInch":30,"waterDepthM":300,"updated":"2026-02-19T23:00:00.000Z","factPageUrl":"https://factpages.sodir.no/tuf/pageview/pipeline/all/313556","source":"sodir-factmaps"}},{"type":"Feature","geometry":{"type":"LineString","coordinates":[[3.6558815750000235,60.57374897200003],[3.476452428000073,60.54780680700003],[3.4174151110000253,60.53840573000008],[3.328253989000075,60.52699621200003],[3.296320321000053,60.521073596000065],[3.249888269000053,60.51412776600006],[3.2233356010000307,60.511491343000046],[3.090590508000048,60.49355804000004],[3.0792981950000353,60.493030883000074],[3.068058828000062,60.49364977100004],[2.8871832420000487,60.517098486000066],[2.872688864000054,60.51600626700008],[2.861418694000065,60.51267300100005],[2.831338591000076,60.49676701700008],[2.8312138530000652,60.49668715200005]]},"properties":{"id":"313828","name":"20\" Gas TOGI, OSEBERG B","mapLabel":null,"medium":"Gas","phase":"ABANDONED IN PLACE","operator":"Equinor Energy AS","belongsTo":"TROLL","fromFacility":"TOGI","toFacility":"OSEBERG B","grouping":"Transportation","dimensionInch":20,"waterDepthM":310,"updated":"2026-02-19T23:00:00.000Z","factPageUrl":"https://factpages.sodir.no/tuf/pageview/pipeline/all/313828","source":"sodir-factmaps"}},{"type":"Feature","geometry":{"type":"LineString","coordinates":[[4.834220819000052,60.54968700300003],[4.7962347330000625,60.527209680000055],[4.727606775000027,60.503235939000035],[4.713200500000028,60.49974863300008],[4.696549098000048,60.49747534900007],[4.675755494000043,60.49673107600006],[4.659012939000036,60.497569912000074],[4.642347311000037,60.49995780900008],[4.608644925000021,60.50718669500003],[4.458172875000059,60.53665507100004],[4.105476748000058,60.60456954400007],[3.8629490560000477,60.63062666900004],[3.776536732000068,60.64453817900005],[3.7621102540000493,60.64533103700006],[3.7339832380000644,60.64518824100003]]},"properties":{"id":"314542","name":"36\" Gas TROLL A, KOLLSNES","mapLabel":"Troll Gassrør P10","medium":"Gas","phase":"IN SERVICE","operator":"Equinor Energy AS","belongsTo":"TROLL I","fromFacility":"TROLL A","toFacility":"KOLLSNES","grouping":"Transportation","dimensionInch":36,"waterDepthM":347,"updated":"2026-02-19T23:00:00.000Z","factPageUrl":"https://factpages.sodir.no/tuf/pageview/pipeline/all/314542","source":"sodir-factmaps"}},{"type":"Feature","geometry":{"type":"LineString","coordinates":[[4.834220819000052,60.54968700300003],[4.796546743000022,60.527201683000044],[4.720870699000045,60.50053075400007],[4.710847515000069,60.497948535000035],[4.693301071000064,60.49594525100008],[4.682084763000034,60.49519709000003],[4.6664682620000235,60.49561692300006],[4.641307285000039,60.499835792000056],[4.109035934000076,60.60299052400006],[3.8120523000000617,60.63474222200006],[3.7697197350000238,60.64029593200007],[3.7373686070000645,60.643179657000076],[3.733550856000022,60.64377763700003]]},"properties":{"id":"314576","name":"36\" Gas TROLL A, KOLLSNES","mapLabel":"Troll Gassrør P11","medium":"Gas","phase":"IN SERVICE","operator":"Equinor Energy AS","belongsTo":"TROLL I","fromFacility":"TROLL A","toFacility":"KOLLSNES","grouping":"Transportation","dimensionInch":36,"waterDepthM":347,"updated":"2026-02-19T23:00:00.000Z","factPageUrl":"https://factpages.sodir.no/tuf/pageview/pipeline/all/314576","source":"sodir-factmaps"}},{"type":"Feature","geometry":{"type":"LineString","coordinates":[[5.02858767500004,60.81746093100003],[5.02638369500005,60.81851879200008],[5.017638078000061,60.825521965000064],[5.011890729000072,60.82896703400007],[4.999707165000075,60.83271403800006],[4.982603230000052,60.84085315800007],[4.970408712000051,60.84363612400006],[4.883121627000037,60.85096838900006],[4.826867916000026,60.85009269400007],[4.796816763000038,60.854476513000066],[4.746375920000048,60.859981135000055],[4.7262303610000345,60.85859784400003],[4.700877555000034,60.85893955800003],[4.690357302000052,60.857444376000046],[4.67524901500002,60.85373905200004],[4.660284620000027,60.85233282000007],[4.623441140000068,60.85907965100006],[4.607429652000064,60.858885454000074],[4.585261815000024,60.861868309000045],[4.5700983200000564,60.86237115000006],[4.559125012000038,60.86169899400005],[4.547044735000043,60.85973777400005],[4.486284617000024,60.84431145000008],[4.4721733150000205,60.84158617500003],[4.367287536000049,60.83216756300004],[4.221516424000072,60.824332525000045],[3.940897671000073,60.80670048700006],[3.834479012000031,60.79464574200006],[3.764449124000066,60.78955070300003],[3.7394313950000537,60.78881937400007],[3.698266100000069,60.78954990900007],[3.639434425000047,60.78712410700007],[3.6046445660000472,60.78308953100003],[3.5694518710000693,60.775586814000064],[3.510682250000059,60.77411215900008]]},"properties":{"id":"314610","name":"16\" Oil TROLL B, MONGSTAD","mapLabel":"Troll Oljerør I","medium":"Oil","phase":"IN SERVICE","operator":"Equinor Energy AS","belongsTo":"TROLL OLJERØR I","fromFacility":"TROLL B","toFacility":"MONGSTAD","grouping":"Transportation","dimensionInch":16,"waterDepthM":539,"updated":"2026-02-19T23:00:00.000Z","factPageUrl":"https://factpages.sodir.no/tuf/pageview/pipeline/all/314610","source":"sodir-factmaps"}},{"type":"Feature","geometry":{"type":"LineString","coordinates":[[5.02858767500004,60.81746093100003],[5.02638369500005,60.81851879200008],[5.013928888000066,60.82702798100007],[4.998791224000058,60.83093095700008],[4.980846302000032,60.83827403600003],[4.968492783000045,60.840981998000075],[4.884938786000021,60.84888932800004],[4.825203950000059,60.848350605000064],[4.802867078000077,60.85190648300005],[4.748109071000044,60.858017079000035],[4.725663423000071,60.85699077400005],[4.701290660000041,60.85708149000004],[4.691603417000067,60.85590633000004],[4.676102111000034,60.852355008000075],[4.659283652000056,60.851053758000035],[4.622469175000049,60.85776758800006],[4.606355693000069,60.857389383000054],[4.583783844000038,60.86037223300008],[4.568449353000062,60.86066206300006],[4.548306849000028,60.858224730000074],[4.512363282000024,60.847198871000046],[4.48482063900002,60.842941378000035],[4.46857415900007,60.84248316800006],[4.410714307000035,60.84367653000004],[4.323236810000026,60.83948332800003],[4.297917036000058,60.83931102000008],[4.231859901000064,60.841210310000065],[3.865144886000053,60.855664500000046],[3.7762652530000764,60.85381236200004],[3.7491063770000324,60.85466707000006],[3.706749830000035,60.85961475500005],[3.6716876570000636,60.86157141100006],[3.6510468580000293,60.86488929200004],[3.6271477620000496,60.872084287000064],[3.616805950000071,60.88187254600007],[3.6158007130000556,60.88243925900008]]},"properties":{"id":"315018","name":"20\" Oil TROLL C, MONGSTAD","mapLabel":"Troll Oljerør II","medium":"Oil","phase":"IN SERVICE","operator":"Equinor Energy AS","belongsTo":"TROLL OLJERØR II","fromFacility":"TROLL C","toFacility":"MONGSTAD","grouping":"Transportation","dimensionInch":20,"waterDepthM":540,"updated":"2026-02-19T23:00:00.000Z","factPageUrl":"https://factpages.sodir.no/tuf/pageview/pipeline/all/315018","source":"sodir-factmaps"}},{"type":"Feature","geometry":{"type":"LineString","coordinates":[[1.8442034200000421,61.185330727000064],[1.8297938410000256,61.20194629300005]]},"properties":{"id":"318010","name":"30\" Gas STATFJORD B, STAT-SSTC","mapLabel":"Statpipie","medium":"Gas","phase":"IN SERVICE","operator":"Gassco AS","belongsTo":"GASSLED","fromFacility":"STATFJORD B","toFacility":"STAT-SSTC","grouping":"Transportation","dimensionInch":30,"waterDepthM":145,"updated":"2026-02-19T23:00:00.000Z","factPageUrl":"https://factpages.sodir.no/tuf/pageview/pipeline/all/318010","source":"sodir-factmaps"}},{"type":"Feature","geometry":{"type":"LineString","coordinates":[[8.076731663000032,66.02910767100008],[8.049942868000073,66.03461866600003],[8.035265211000024,66.03579354800007],[8.02073566000007,66.03553437000005],[8.005127182000024,66.03363410800006],[7.991614886000036,66.03028480800003],[7.980447775000073,66.02559247700003],[7.972919854000054,66.02022815800007],[7.969545012000026,66.01605493900007],[7.968147223000074,66.01223275700005],[7.964274211000031,65.98140838000006],[7.965299039000058,65.97002490000006],[7.964442409000071,65.96420363900006],[7.9424750480000625,65.91359520000003],[7.937229366000054,65.90601081200003],[7.896723786000052,65.86249046700004],[7.8853966380000315,65.84368352600006],[7.884440301000041,65.83347507500008],[7.881140619000064,65.82696675600005],[7.878180710000038,65.82396759200003],[7.8647128760000555,65.81392000400007],[7.837626473000057,65.80448928600003],[7.828942502000075,65.79915595600005],[7.792936704000056,65.76119690500008],[7.763220047000061,65.72469599100003],[7.756227289000037,65.71717358600006],[7.751536592000036,65.71006222600005],[7.743312780000053,65.70264581200007],[7.738024784000061,65.69960162000007],[7.71460354200002,65.68990393300004],[7.691049816000032,65.67253091300006],[7.665065884000057,65.65682093800007],[7.6170716160000325,65.63363438600004],[7.551831591000052,65.59711706300004],[7.511457226000061,65.57970584800006],[7.465516732000026,65.56107351500003],[7.385107018000042,65.51147945500003],[7.286991145000059,65.46914850000007],[7.267975879000062,65.46239599000006],[7.2605118910000215,65.45801671600003],[7.25701302300007,65.45407950600003],[7.242706252000062,65.42773421200008],[7.215384856000071,65.37347857200007],[7.208589911000047,65.33888501400003],[7.206952716000046,65.32588443900005],[7.202621608000072,65.31002971100008],[7.2002167280000435,65.30686354800008],[7.156525905000024,65.26443422700004],[7.150536905000024,65.26105401300003],[7.127980642000068,65.25225637400007],[7.109131527000045,65.24333777400005],[7.07325189200003,65.21754125500007],[7.061709284000074,65.20508158900003],[7.024832085000071,65.17212075300006],[6.985097075000056,65.14980333800008],[6.960072222000065,65.13342234800007],[6.950200384000027,65.12537989000003],[6.934101432000034,65.11555228400005],[6.9038380660000485,65.10400843800005],[6.871166749000054,65.09038147600006],[6.862743606000038,65.08779526800004],[6.846833157000049,65.08563599000007],[6.799662499000021,65.08423637800007]]},"properties":{"id":"319132","name":"16\" Gas NORNE ERB, NORNE/HEIDRUN T","mapLabel":"Norne Gasstransport","medium":"Gas","phase":"IN SERVICE","operator":"Gassco AS","belongsTo":"GASSLED","fromFacility":"NORNE ERB","toFacility":"NORNE/HEIDRUN T","grouping":"Transportation","dimensionInch":16,"waterDepthM":430,"updated":"2026-02-19T23:00:00.000Z","factPageUrl":"https://factpages.sodir.no/tuf/pageview/pipeline/all/319132","source":"sodir-factmaps"}},{"type":"Feature","geometry":{"type":"LineString","coordinates":[[4.544912347000036,55.46495271600003],[4.241694910000035,55.65257982800006],[4.1895704080000655,55.684132343000044],[4.1819730680000475,55.68803239300007],[4.162083074000066,55.701163628000074],[4.083429301000024,55.74843139200004],[4.073325706000048,55.75759459800008],[4.059355806000042,55.77245095900008],[4.020095428000047,55.80978782200003],[4.009157726000069,55.82126310000007],[4.000724245000072,55.82843025500006],[3.943853706000027,55.884831587000065],[3.9354452170000513,55.89220075000003],[3.9015540600000236,55.92696058400003],[3.881869894000033,55.944712983000045],[3.7961754140000608,56.032768102000034],[3.7897720730000515,56.03743519300008],[3.7673516160000418,56.06098276600005],[3.7461662940000338,56.081689253000036],[3.7323185160000207,56.092869489000066],[3.692405081000061,56.13020634800006],[3.6874798250000254,56.13360341200007],[3.660223201000065,56.157967959000075],[3.6470384520000607,56.16872918800004],[3.632021491000046,56.18391855200008],[3.6171396010000763,56.19727485200008],[3.611797331000048,56.20071391300007],[3.538552004000053,56.26466833100005],[3.500874564000071,56.30318826000007],[3.3906671390000724,56.42276322600003],[3.37139591600004,56.44155567100006],[3.3579090010000527,56.456239036000056],[3.346678177000058,56.47010939900008],[3.342488928000023,56.47371447800003],[3.3306711200000336,56.48672880400005],[3.329023963000054,56.48971189100007]]},"properties":{"id":"319166","name":"36\" Gas NORPIPE Y, B-11","mapLabel":"Norpipe Gassledning","medium":"Gas","phase":"IN SERVICE","operator":"Gassco AS","belongsTo":"GASSLED","fromFacility":"NORPIPE Y","toFacility":"B-11","grouping":"Transportation","dimensionInch":36,"waterDepthM":75,"updated":"2026-02-19T23:00:00.000Z","factPageUrl":"https://factpages.sodir.no/tuf/pageview/pipeline/all/319166","source":"sodir-factmaps"}},{"type":"Feature","geometry":{"type":"LineString","coordinates":[[4.84211444500005,60.61798754400007],[4.750207511000042,60.58507940100003],[4.743483529000059,60.58043414100007],[4.729111420000038,60.57354470300004],[4.712992126000074,60.569361350000065],[4.70388288700002,60.56848020800004],[4.59204962900003,60.56462374200004],[4.539406058000054,60.56363408300007],[4.248744613000042,60.55396126900007],[4.216171859000042,60.54899068900005],[4.074382833000072,60.52234396600005],[4.03458693400006,60.515932243000066],[3.9671975760000464,60.501774889000046],[3.9475380960000734,60.499366561000045],[3.8791390090000277,60.499545752000074],[3.81807907700005,60.50112908500006],[3.7724247410000658,60.50015350100006],[3.7047756830000367,60.50031069800008],[3.673554673000069,60.50162137500007],[3.632539500000064,60.500231830000075],[3.5883221330000765,60.50082032200004],[3.5610602760000347,60.50149502100004],[3.5096085830000447,60.50430551300008],[3.4233219160000203,60.50557652400005],[3.4007961480000404,60.50737132300003],[3.375734413000032,60.50696000500005],[3.3503947240000684,60.50545664100008],[3.3241327530000717,60.509103466000056],[3.296531952000066,60.508486109000046],[3.2679419940000685,60.51046984200008],[3.235415964000026,60.51149148800005],[3.2232546440000647,60.51058530600005],[3.1947600100000386,60.506107788000065],[3.0841233810000404,60.49219690900003],[3.06758185700005,60.49278073100004],[2.963492052000049,60.506566004000035],[2.9518746710000414,60.50722688900004],[2.935974244000022,60.50625965800003],[2.8356759050000733,60.49270865300008]]},"properties":{"id":"319268","name":"28\" Oil OSEBERG A, STURE","mapLabel":"Oseberg Oljetransport","medium":"Oil","phase":"IN SERVICE","operator":"Equinor Energy AS","belongsTo":"OSEBERG TRANSPORTSYSTEM","fromFacility":"OSEBERG A","toFacility":"STURE","grouping":"Transportation","dimensionInch":28,"waterDepthM":350,"updated":"2026-02-19T23:00:00.000Z","factPageUrl":"https://factpages.sodir.no/tuf/pageview/pipeline/all/319268","source":"sodir-factmaps"}},{"type":"Feature","geometry":{"type":"LineString","coordinates":[[2.8223787730000254,60.48638601700003],[2.8192738260000283,60.48485640800004],[2.8137009090000333,60.47986614700005],[2.808118193000041,60.47084372900008],[2.7744083810000575,60.42689261500004],[2.769323659000065,60.418275219000066],[2.763991064000038,60.406948715000055],[2.763091300000042,60.40166850000003],[2.7638070450000214,60.36696516500007],[2.7410455610000213,60.241643045000046],[2.7378202330000363,60.20568061800003],[2.7362264800000275,60.19968036700004],[2.7335466290000454,60.19502615500005],[2.717175217000033,60.173159113000054],[2.6979095740000503,60.13381636300005],[2.6811051680000446,60.11150730000003],[2.6166039450000653,59.99486303300006],[2.6009714330000406,59.97533109300008],[2.5481165530000567,59.920183336000036],[2.5391017920000536,59.90976482700006],[2.5158362320000265,59.88654365500008],[2.4324061010000264,59.79714922100004],[2.409694557000023,59.773871056000075],[2.3448820870000304,59.70258554700007],[2.224550296000075,59.60423433600005],[2.220827444000065,59.59886608700003],[2.218023882000068,59.58792963700006],[2.219664157000068,59.58312647400004],[2.2238634210000328,59.57899896400005]]},"properties":{"id":"319676","name":"36\" Gas OSEBERG D, HEIMDAL HRP","mapLabel":"Oseberg Gasstransport","medium":"Gas","phase":"IN SERVICE","operator":"Gassco AS","belongsTo":"GASSLED","fromFacility":"OSEBERG D","toFacility":"HEIMDAL HRP","grouping":"Transportation","dimensionInch":36,"waterDepthM":122,"updated":"2026-02-19T23:00:00.000Z","factPageUrl":"https://factpages.sodir.no/tuf/pageview/pipeline/all/319676","source":"sodir-factmaps"}},{"type":"Feature","geometry":{"type":"LineString","coordinates":[[3.2983970650000742,54.78877742800006],[3.3610880320000547,55.35804563500005],[3.411445529000048,55.80250263800008],[3.412087098000029,55.81490107900004],[3.411061608000068,55.82772651500005],[3.4074999270000603,55.843954041000075],[3.40342441100006,55.85522738800006],[3.3926783720000344,55.87605299400008],[3.2939085640000485,56.04566880400006],[3.2829047060000676,56.06106921800006],[3.27240699500004,56.07280851000007],[3.2560420110000337,56.087730846000056],[3.1733353410000404,56.15466824600003],[2.862278740000022,56.40376242900004],[2.651180405000048,56.709214804000055],[2.501735060000044,56.92262066500007],[2.409099397000034,57.053260253000076],[2.402923835000024,57.06321353700008],[2.397242242000061,57.07424486600007],[2.392003533000036,57.08848631500007],[2.3896640880000746,57.098042631000055],[2.3879885350000336,57.110735067000064],[2.3868023340000377,57.436434803000054],[2.386051830000042,57.44827222300006],[2.3847434910000516,57.455694476000076],[2.3795426230000203,57.47343605800006],[2.3741949890000456,57.48535942600006],[2.365802178000024,57.499573842000075],[2.245576983000035,57.69117337200004],[1.9817302540000696,58.10479633500006],[1.9752684440000507,58.11948579700004],[1.97070052600003,58.137880418000066],[1.9450109900000712,58.341093596000064],[1.9425186750000307,58.34672177400006],[1.9384103700000423,58.35107988500005],[1.9325960450000252,58.35484995400003],[1.9142733990000238,58.364338942000074]]},"properties":{"id":"321002","name":"40\" Gas SLEIPNER R, ZEEPIPE-SCP","mapLabel":"Zeepipe I","medium":"Gas","phase":"IN SERVICE","operator":"Gassco AS","belongsTo":"GASSLED","fromFacility":"SLEIPNER R","toFacility":"ZEEPIPE-SCP","grouping":"Transportation","dimensionInch":40,"waterDepthM":90,"updated":"2026-02-19T23:00:00.000Z","factPageUrl":"https://factpages.sodir.no/tuf/pageview/pipeline/all/321002","source":"sodir-factmaps"}},{"type":"Feature","geometry":{"type":"LineString","coordinates":[[2.462801306000074,58.19034957300005],[2.2683712730000707,58.241154806000054],[2.2304337670000223,58.251690738000036],[2.002363176000074,58.32730778100006],[1.9174202710000259,58.362941069000044],[1.9144293340000331,58.36447647300008]]},"properties":{"id":"321036","name":"30\" Gas SLEIPNER R, DRAUPNER S","mapLabel":"Zeepipe I","medium":"Gas","phase":"IN SERVICE","operator":"Gassco AS","belongsTo":"ZEEPIPE I","fromFacility":"SLEIPNER R","toFacility":"DRAUPNER S","grouping":"Transportation","dimensionInch":30,"waterDepthM":83,"updated":"2026-02-19T23:00:00.000Z","factPageUrl":"https://factpages.sodir.no/tuf/pageview/pipeline/all/321036","source":"sodir-factmaps"}},{"type":"Feature","geometry":{"type":"LineString","coordinates":[[5.184827956000049,59.33271440400006],[5.174551326000028,59.332535946000064],[5.15024246400003,59.335604783000065],[5.128658816000041,59.335662537000076],[5.1169055270000285,59.334229347000075],[5.105824305000056,59.33176012500007],[5.0944191400000705,59.32777584200005],[5.085811073000059,59.32345657800005],[5.07649710000004,59.31653620700007],[5.0140835280000715,59.26454550600005],[4.98488052600004,59.244819419000066],[4.9462497980000535,59.21245374200004],[4.940963906000036,59.20641445100006],[4.911043234000033,59.155826183000045],[4.901179346000049,59.14659471900006],[4.887246274000063,59.13879426200003],[4.458745533000069,58.981166329000075],[4.230390569000065,58.896147462000044],[4.120854903000065,58.861252870000044],[4.107299774000069,58.85517148200006],[4.079543670000021,58.83907055200007],[4.06272150500007,58.83164507600003],[3.9406917210000643,58.79145913700006],[3.871471933000066,58.76361828100005],[3.7987485750000474,58.74662779000005],[3.7856983760000276,58.74255848400003],[3.7623702090000393,58.730968775000065],[3.733860868000022,58.719954028000075],[3.723341815000026,58.71419268800008],[3.711541923000027,58.70392016400007],[3.69493619900004,58.68655231900004],[3.6140953090000494,58.63056027300007],[3.6048202370000695,58.62608499600003],[3.5371415110000726,58.59815815600007],[3.5261352860000557,58.59608294800006],[3.502515636000055,58.59554065000003],[3.48104313500005,58.59295430000003],[3.1090758020000635,58.54136797500007],[2.6240241480000464,58.472228623000035],[2.1477779240000245,58.40227930800006],[1.9285619950000523,58.376247696000064],[1.9203588670000613,58.37400551400003],[1.9163716190000741,58.37209668100007]]},"properties":{"id":"321070","name":"20\" Condensate SLEIPNER R, KÅRSTØ","mapLabel":"Sleipner Kondensatrør","medium":"Condensate","phase":"IN SERVICE","operator":"Equinor Energy AS","belongsTo":"SLEIPNER KONDENSATRØR","fromFacility":"SLEIPNER R","toFacility":"KÅRSTØ","grouping":"Transportation","dimensionInch":20,"waterDepthM":285,"updated":"2026-02-19T23:00:00.000Z","factPageUrl":"https://factpages.sodir.no/tuf/pageview/pipeline/all/321070","source":"sodir-factmaps"}},{"type":"Feature","geometry":{"type":"LineString","coordinates":[[3.0822945070000287,56.90870252700006],[3.0445478410000533,56.96775188700008],[3.0389114830000494,56.973592333000056],[2.846723179000037,57.07862010100007]]},"properties":{"id":"321750","name":"20\" Oil GYDA, ULA-Y","mapLabel":"Ula Oljetransport","medium":"Oil","phase":"DECOMMISSIONED","operator":"Aker BP ASA","belongsTo":"ULA OLJERØR","fromFacility":"GYDA","toFacility":"ULA-Y","grouping":"Transportation","dimensionInch":20,"waterDepthM":70,"updated":"2026-02-19T23:00:00.000Z","factPageUrl":"https://factpages.sodir.no/tuf/pageview/pipeline/all/321750","source":"sodir-factmaps"}},{"type":"Feature","geometry":{"type":"LineString","coordinates":[[7.188017519000027,53.34547704400006],[7.023202956000034,53.35327560200005],[7.023197744000072,53.532821571000056],[6.989914175000024,53.62468429000006],[6.959912794000047,53.644684647000076],[6.899910913000042,53.65468735800005],[6.879990795000026,53.67473482100007],[6.855163934000075,53.71547492500008],[6.830408908000038,53.761690215000044],[6.818522012000074,53.781229746000065],[6.815207716000032,53.78821594500005],[6.811129452000046,53.79347107900003],[6.78124906000005,53.84707856600005],[6.773162526000021,53.857767840000065],[6.769570184000031,53.86603708100006],[6.738745719000065,53.92094960400004],[6.69928961100004,53.98931849300004],[6.693981250000036,53.99657968200006],[6.650504031000025,54.03172541100008],[6.638853471000061,54.03999156700007],[6.629772971000023,54.048522760000026],[6.624191706000033,54.05235083000008],[6.593446118000031,54.07769236200005],[6.567260809000061,54.097806766000076],[6.561055458000055,54.10392690800006],[6.5418455160000235,54.11803818200008],[6.53252900800004,54.12657737200004],[6.495296083000028,54.157116012000074],[6.471366923000062,54.17417833700006],[6.455711063000024,54.18861166000005],[6.411513297000056,54.24025694200003],[6.3686836720000315,54.28828611700004],[6.263964731000044,54.35753235700008],[6.239296600000046,54.37271861000005],[6.14229202000007,54.43647174500006],[6.134772640000051,54.44220886000005],[6.117968862000055,54.45271403900006],[6.102823108000052,54.46383925600003],[6.08497830500005,54.47425042000003],[6.069410535000031,54.485509637000064],[6.043429321000076,54.502034922000064],[6.039295983000045,54.50510543000007]]},"properties":{"id":"321784","name":"36\" Gas H-7 BP, EMDEN","mapLabel":"Norpipe Gassledning","medium":"Gas","phase":"IN SERVICE","operator":"Gassco AS","belongsTo":"GASSLED","fromFacility":"H-7 BP","toFacility":"EMDEN","grouping":"Transportation","dimensionInch":36,"waterDepthM":75,"updated":"2026-02-19T23:00:00.000Z","factPageUrl":"https://factpages.sodir.no/tuf/pageview/pipeline/all/321784","source":"sodir-factmaps"}},{"type":"Feature","geometry":{"type":"LineString","coordinates":[[8.656585490000055,63.398561759000074],[8.663472661000071,63.407493087000034],[8.66357851500004,63.41020520100005],[8.650294434000045,63.42114950800004],[8.644609064000065,63.42414457000007],[8.635294560000034,63.427226595000036],[8.621423956000058,63.42915652100004],[8.605063408000035,63.42846631100008],[8.580080830000043,63.42273979500004],[8.426270501000033,63.401581202000045],[8.38054190500003,63.40091266400003],[8.36423037700007,63.39994344200005],[8.321811722000064,63.40249507400006],[8.275197996000031,63.403639600000076],[8.261944436000022,63.40520651600008],[8.25003380100003,63.408987540000055],[8.24196827000003,63.41335863200004],[8.239601925000045,63.41803179900006],[8.237738773000046,63.419565842000054],[8.227789184000073,63.42376590500004],[8.224213912000039,63.426348973000074],[8.222901721000028,63.42892006500006],[8.224445489000061,63.434069296000075],[8.223596318000034,63.436576391000074],[8.22173814000007,63.438586454000074],[8.21683381400004,63.44128751100004],[8.212525338000034,63.44704370200003],[8.21352708400002,63.45222092800003],[8.21695679800007,63.459518270000046],[8.215711463000048,63.46469947200006],[8.22134144000006,63.468696701000056],[8.225148357000023,63.472610907000046],[8.226354153000045,63.477006103000065],[8.225946795000027,63.48313635400007],[8.222482397000022,63.48802751800008],[8.222442272000023,63.49022460900005],[8.219322650000038,63.499326953000036],[8.220143508000035,63.50236308900003],[8.222492382000041,63.50610927100007],[8.221174142000052,63.509531398000036],[8.21546973900007,63.51308248200007],[8.204326833000039,63.52210073300006],[8.181809628000053,63.52919277500007],[8.169231653000054,63.53851602200007],[8.14375095500003,63.55244731600004],[8.13793251800007,63.556487419000064],[8.120218808000061,63.57550801200006],[8.095027875000028,63.59369348600006],[8.090747494000027,63.59771460600007],[8.088674174000062,63.60203676200007],[8.082664497000053,63.62775576700005],[8.074610389000043,63.642134276000036],[8.071859103000065,63.64541838200006],[8.06455857900005,63.65002649200005],[8.032292650000045,63.66353869100004],[8.02786932600003,63.66644176300008],[8.024571999000045,63.67009287800005],[8.023125693000054,63.67454104700005],[8.02398309800003,63.68546251200007],[8.016854784000031,63.72135693000007],[8.01413410500004,63.731473322000056],[7.948563249000074,63.82669156000003],[7.9456461490000265,63.843832243000065],[7.9314826870000275,63.87737548600006],[7.930264368000053,63.88209467000007],[7.927166071000045,63.95369563300005],[7.91167282400005,63.99943137500003],[7.911442528000066,64.00431057700007],[7.913623355000027,64.02556749300004],[7.910739944000056,64.03076367800003],[7.901758165000047,64.03843889800004],[7.898403803000065,64.04250503100008],[7.892073655000047,64.05804661100007],[7.8913414230000285,64.06151874900007],[7.892628218000027,64.06576794200004],[7.901803709000035,64.07998964300003],[7.9101907120000305,64.11878736700004],[7.9258268760000306,64.17597994900007],[7.928919415000053,64.21902679500005],[7.932514086000026,64.24339586100007],[7.9328274980000515,64.27003098600005],[7.933644321000031,64.27347214000008],[7.936833128000046,64.27863039400006],[7.976168770000072,64.32508779800008],[7.987647859000049,64.34715285900006],[8.010406380000063,64.36890603500007],[8.024136812000052,64.38662993800006],[8.026111574000026,64.39175717700004],[8.025288308000029,64.39565533200005],[8.023034023000037,64.39897444700006],[8.019294699000056,64.40204953400007],[7.9848423490000755,64.41987189500003],[7.978695882000068,64.42383199300008],[7.974337455000068,64.42821912800008],[7.9611359400000765,64.44510269100005],[7.955330513000035,64.44859777300007],[7.936465302000045,64.45705891600005],[7.919041977000063,64.46824319000007],[7.898719019000055,64.48801979400008],[7.886939952000034,64.51464678500008],[7.878173385000025,64.56736091500005],[7.880616019000058,64.62327931000004],[7.875745902000062,64.63839389400005],[7.870517243000052,64.64588615200006],[7.769795294000062,64.72949054400004],[7.765852895000023,64.73351967000008],[7.75608472600004,64.74637510300005],[7.751950320000049,64.75039622700007],[7.730672501000072,64.76677667800004],[7.700115063000055,64.78745320500008],[7.600090114000068,64.87002056200004],[7.549109213000065,64.91711097600006],[7.507170643000052,64.94843782500004],[7.476393611000049,64.97777371800004],[7.452408784000056,65.00773571600007],[7.438762580000059,65.03396667500004],[7.427749198000072,65.04894318500004],[7.425734847000058,65.05320034300007],[7.425432386000068,65.06013663500005],[7.42781461900006,65.10409053500007],[7.426413314000058,65.10797468400006],[7.410766851000062,65.13675373000007],[7.408886473000052,65.14145390900006],[7.4077172420000466,65.19013897200006],[7.406198787000051,65.19620421300004],[7.401164073000075,65.20420049600006],[7.385505271000056,65.22265610300008],[7.36764959900006,65.23784654400004],[7.344952266000064,65.26026323900004],[7.34260589400003,65.26455039400008],[7.333739405000074,65.29710668200005],[7.318453086000034,65.32123638100006]]},"properties":{"id":"321818","name":"16\" Gas HEIDRUN, TJELDBERGODDEN","mapLabel":"Haltenpipe","medium":"Gas","phase":"IN SERVICE","operator":"Gassco AS","belongsTo":"HALTENPIPE","fromFacility":"HEIDRUN","toFacility":"TJELDBERGODDEN","grouping":"Transportation","dimensionInch":16,"waterDepthM":362,"updated":"2026-02-19T23:00:00.000Z","factPageUrl":"https://factpages.sodir.no/tuf/pageview/pipeline/all/321818","source":"sodir-factmaps"}},{"type":"Feature","geometry":{"type":"LineString","coordinates":[[7.305280654000057,65.32451073500005],[7.283726670000021,65.33119560400007],[7.273673981000059,65.33278246900005],[7.262368178000031,65.33344612400003],[7.250958013000059,65.33308739400007],[7.242120058000069,65.33190468400005],[7.232174443000076,65.32961565300008],[7.224085276000039,65.32657893000004],[7.2160305800000515,65.32144403400008],[7.156875763000073,65.26390762300008],[7.15127960500007,65.26069544600006],[7.119764195000073,65.24721336300007],[7.099943554000049,65.23526499000008],[7.073056378000047,65.21642689800007],[7.062543439000024,65.20495167600006],[7.0258802360000345,65.17200611900006],[6.96266080700002,65.13448242000004],[6.951337048000028,65.12548684700005],[6.9360735460000456,65.11602581700004],[6.907889376000071,65.10364245300008],[6.869990374000054,65.08923710000005],[6.8618201030000705,65.08681075400006],[6.845685379000031,65.08471239200003],[6.799663672000065,65.08423118000007]]},"properties":{"id":"321852","name":"16\" Gas HEIDRUN, NORNE/HEIDRUN T","mapLabel":"Heidrun Gasstransport","medium":"Gas","phase":"IN SERVICE","operator":"Equinor Energy AS","belongsTo":"HEIDRUN GASSTRANSPORT","fromFacility":"HEIDRUN","toFacility":"NORNE/HEIDRUN T","grouping":"Transportation","dimensionInch":16,"waterDepthM":430,"updated":"2026-02-19T23:00:00.000Z","factPageUrl":"https://factpages.sodir.no/tuf/pageview/pipeline/all/321852","source":"sodir-factmaps"}},{"type":"Feature","geometry":{"type":"LineString","coordinates":[[2.471906868000076,58.19385446700005],[2.4719209010000327,58.194975543000055],[2.471267557000033,58.20257281500005],[2.429501993000031,58.396901498000034],[2.3316025780000587,58.84155587200007],[2.258654861000025,59.16373608200007],[2.2456746010000757,59.334159354000064],[2.2377599160000727,59.40823706100008],[2.2297636940000416,59.49326218500005],[2.2305073160000575,59.50174351600003],[2.2448538800000506,59.54090017700008],[2.2456834540000727,59.55041454900004],[2.244250159000046,59.55578473500003],[2.239888674000042,59.56337597000004],[2.232883005000076,59.57018111000008]]},"properties":{"id":"322464","name":"36\" Gas HEIMDAL, DRAUPNER S","mapLabel":"Statpipe","medium":"Gas","phase":"IN SERVICE","operator":"Gassco AS","belongsTo":"GASSLED","fromFacility":"HEIMDAL","toFacility":"DRAUPNER S","grouping":"Transportation","dimensionInch":36,"waterDepthM":130,"updated":"2026-02-19T23:00:00.000Z","factPageUrl":"https://factpages.sodir.no/tuf/pageview/pipeline/all/322464","source":"sodir-factmaps"}},{"type":"Feature","geometry":{"type":"LineString","coordinates":[[2.485721444000035,59.169157400000074],[2.4852030420000233,59.21313168800003],[2.488100659000054,59.22327610500008],[2.502195279000034,59.26196573700008],[2.5022439760000452,59.26857298700003],[2.4999106570000436,59.27403216500005],[2.4967353830000434,59.27800727700003],[2.486004605000062,59.28818553200006],[2.3119401090000338,59.44945552400003],[2.306719603000033,59.45706574900004],[2.245714046000046,59.55906287700003],[2.242420770000024,59.56288098200008],[2.2335857780000197,59.57051855800006]]},"properties":{"id":"322498","name":"18\" Gas HEIMDAL HRP, GRANE","mapLabel":"Grane Gassrør","medium":"Gas","phase":"IN SERVICE","operator":"Equinor Energy AS","belongsTo":"GRANE GASSRØR","fromFacility":"HEIMDAL HRP","toFacility":"GRANE","grouping":"Transportation","dimensionInch":18,"waterDepthM":130,"updated":"2026-02-19T23:00:00.000Z","factPageUrl":"https://factpages.sodir.no/tuf/pageview/pipeline/all/322498","source":"sodir-factmaps"}},{"type":"Feature","geometry":{"type":"LineString","coordinates":[[2.2202799950000554,59.57784802600003],[2.2131428090000327,59.586513523000065],[2.209075528000028,59.58998160600004],[2.2036732320000283,59.592941652000036],[2.1962809030000585,59.59540265600003],[2.1077093890000356,59.61578434900008],[1.8921809850000386,59.66226547600007],[1.868633161000048,59.66537830500005],[1.6975362570000243,59.665582209000036],[1.6831339340000682,59.66374696100007],[1.659828616000027,59.65652840000007],[1.645373305000021,59.65442314200004],[1.5938738020000756,59.65513553400007],[1.3388810730000387,59.64433197000005],[1.317289537000022,59.64275264300005],[1.3034632560000432,59.64045338400007],[1.2888240910000377,59.63527800600008],[1.2759440230000223,59.62913961400005],[1.2270188940000253,59.603174022000076],[1.101879433000022,59.53956105900005],[1.0540153570000257,59.51318446600004],[0.9794571060000408,59.47488509200008],[0.9573351590000243,59.460870287000034],[0.9320710540000618,59.448344500000076],[0.920637063000072,59.44148909900008],[0.8588978710000674,59.40950912300008],[0.8229148140000575,59.389751930000045],[0.785100663000037,59.37090674900003],[0.7497066330000735,59.350941556000066],[0.7241455140000426,59.33857677100008],[0.6901645560000702,59.31796457200005],[0.577078115000063,59.26153903900007],[0.5542141360000414,59.24784123900008],[0.4936590060000299,59.21546626700007],[0.4812028120000491,59.21232499300004],[0.4694199560000243,59.20249047700008],[0.38552181900007554,59.156787715000064],[0.3122356370000716,59.11824435400007],[0.24171059300005027,59.07844198200007],[0.2172995330000731,59.06561019600008],[0.17012150000005022,59.03907861400006],[0.1330103830000553,59.020146442000055],[0.12207741700007091,59.013138043000026],[0.09737734200007253,59.000473260000035],[0.062166324000031636,58.98058307700006],[0.037796263000075214,58.96782429500007],[0.015416308000055778,58.95399249900004],[-0.021064774999956626,58.93475832400003],[-0.10356983999997738,58.88868857300008],[-0.1279368979999731,58.875920792000045],[-0.14056494799996244,58.869729403000065],[-0.1541230579999251,58.86427602900005],[-0.16967330099993205,58.860517694000066],[-0.18660968999995475,58.85907542700005],[-0.23857217299996591,58.86081883500003],[-0.2557475309999404,58.858579536000036],[-0.270517707999943,58.85388517500007],[-0.2810316559999251,58.84677677800005],[-0.28687841899994737,58.83838739400005],[-0.288196930999959,58.82725296400008],[-0.288121513999954,58.81841163800004],[-0.284479992999934,58.80940035000003],[-0.2664257809999526,58.79390500400007],[-0.2601282249999599,58.785651778000044],[-0.2584157569999661,58.77663546600007],[-0.2613044199999308,58.76776310100007],[-0.2688742389999561,58.759564702000034],[-0.2943928339999502,58.73621951600006],[-0.34043130399993515,58.69841753800006],[-0.3820365869999591,58.659120561000066],[-0.39133848199998056,58.65153216400006],[-0.3986862989999622,58.643375770000034],[-0.4076051789999724,58.63566937300004],[-0.4317437169999607,58.61184619000005],[-0.46634920099995725,58.58085061100007],[-0.4734740129999295,58.57269122000008],[-0.49857059199996456,58.549171038000054],[-0.5140532599999688,58.53310625100005],[-0.5484857389999434,58.50203567300008],[-0.5723492689999716,58.47813649400007],[-0.5896830149999346,58.46265870600007],[-0.6804284359999428,58.37615438600005],[-0.6877422559999786,58.368022996000036],[-0.6961951199999703,58.36018360200006],[-0.7029699179999511,58.35187821200003],[-0.7209716899999421,58.336557424000034],[-0.7464572899999666,58.313159246000055],[-0.762340983999934,58.29734446600003],[-0.776981626999941,58.28109968800004],[-0.8032952629999386,58.25798451000003],[-0.831639981999956,58.23552433200007],[-0.8483117029999789,58.219810547000066],[-0.8674835289999692,58.20497076300006],[-0.9106219019999457,58.166359810000074],[-0.9293797099999779,58.15135102600004],[-0.9396916529999544,58.14416463400005],[-0.9669663329999594,58.12141646100008],[-1.0097596909999424,58.082625508000035],[-1.037970411999936,58.06024033700004],[-1.0560231929999304,58.045028556000034],[-1.0639200389999246,58.03707816800005],[-1.1364641819999406,57.97634204500008],[-1.1523138779999726,57.96047427000008],[-1.1714497049999295,57.94563249000004],[-1.188621454999975,57.930192713000054],[-1.224674021999931,57.89983215800004],[-1.2503596449999463,57.87664499400006],[-1.3043589939999265,57.83106266200008],[-1.3118195089999745,57.81591502100008],[-1.32138673999998,57.815589888000034],[-1.3293695909999315,57.80767250100007],[-1.357638318999932,57.78534333700003],[-1.3653971619999652,57.77735695100006],[-1.401393731999974,57.74700840100007],[-1.4357572369999616,57.71614585400005],[-1.4539730329999543,57.70109508100006],[-1.4886345529999403,57.67034853600006],[-1.4968453249999243,57.660487078000074],[-1.5064863329999412,57.65514276300007],[-1.5156342329999575,57.64761937700007],[-1.5324339719999784,57.63208560600003],[-1.576399399999957,57.59388067700007],[-1.5870303679999438,57.58705529700006],[-1.6127445079999347,57.57546855500004],[-1.6293168279999577,57.57321326300007],[-1.6462612579999245,57.57322904800003],[-1.6793231959999275,57.575531709000074],[-1.7614036429999373,57.58394796300007],[-1.777893044999928,57.58362774100004],[-1.7943963959999678,57.582147477000035],[-1.8269770359999598,57.578024913000036]]},"properties":{"id":"322532","name":"32\" Gas HEIMDAL HRP, ST.FERGUS","mapLabel":"Vesterled","medium":"Gas","phase":"IN SERVICE","operator":"Gassco AS","belongsTo":"GASSLED","fromFacility":"HEIMDAL HRP","toFacility":"ST.FERGUS","grouping":"Transportation","dimensionInch":32,"waterDepthM":120,"updated":"2026-02-19T23:00:00.000Z","factPageUrl":"https://factpages.sodir.no/tuf/pageview/pipeline/all/322532","source":"sodir-factmaps"}},{"type":"Feature","geometry":{"type":"LineString","coordinates":[[2.6459657030000585,60.85102855900004],[2.4581418210000265,60.64810833700005],[2.284736298000041,60.458038833000046],[2.2817034520000448,60.453209609000055],[2.263056086000063,60.40976969900004],[2.2624322910000387,60.40530951900007],[2.2633825590000356,60.40053734600008],[2.391794867000044,60.04622426600008],[2.4169460400000276,59.97562286400006],[2.4176432870000326,59.97094969300008],[2.367078328000048,59.731933936000075],[2.3637004710000724,59.72688670300005],[2.3417929670000603,59.703230534000056],[2.221789167000054,59.60529834300007],[2.218014331000063,59.59954507800006],[2.215628627000058,59.59186575700005],[2.215498801000024,59.58810861300003],[2.218354161000036,59.58226442500006],[2.2223405930000695,59.578657143000044]]},"properties":{"id":"322634","name":"22\" Gas HULDRA, HEIMDAL HRP","mapLabel":"Huldra Gassrør","medium":"Gas","phase":"DECOMMISSIONED","operator":"Gassco AS","belongsTo":"VALEMON GASSRØR","fromFacility":"HULDRA","toFacility":"HEIMDAL HRP","grouping":"Transportation","dimensionInch":22,"waterDepthM":125,"updated":"2026-02-19T23:00:00.000Z","factPageUrl":"https://factpages.sodir.no/tuf/pageview/pipeline/all/322634","source":"sodir-factmaps"}},{"type":"Feature","geometry":{"type":"LineString","coordinates":[[2.8913162560000387,60.78600797400003],[2.8755470440000295,60.79114701600008],[2.6747863930000335,60.84195054700007],[2.661902749000035,60.846947585000066],[2.6548570830000244,60.852019263000045]]},"properties":{"id":"322668","name":"8\" Condensate HULDRA, VESLEFRIKK A","mapLabel":"Huldra Kondensatrør","medium":"Condensate","phase":"ABANDONED IN PLACE","operator":"Equinor Energy AS","belongsTo":"HULDRA","fromFacility":"HULDRA","toFacility":"VESLEFRIKK A","grouping":"Transportation","dimensionInch":8,"waterDepthM":175,"updated":"2026-02-19T23:00:00.000Z","factPageUrl":"https://factpages.sodir.no/tuf/pageview/pipeline/all/322668","source":"sodir-factmaps"}},{"type":"Feature","geometry":{"type":"LineString","coordinates":[[5.184824635000041,59.33294936500005],[5.1720932290000405,59.33306893800005],[5.144245234000039,59.33673775700004],[5.1246496650000495,59.33634951700003],[5.11237737600004,59.33458230800005],[5.100963163000074,59.33169306700006],[5.092416050000054,59.32845384500007],[5.0843079980000425,59.32414558700003],[5.011202486000059,59.263556435000055],[4.983397499000034,59.24441038600003],[4.944008770000039,59.21156968200006],[4.93710291900004,59.203497295000034],[4.909363167000038,59.15623717900007],[4.904385251000065,59.15093992100003],[4.898046283000042,59.14589465600005],[4.884015193000039,59.13845221200006],[4.590417230000071,59.03082273500007],[4.222631419000038,58.89440530600007],[4.119924857000058,58.86168287500004],[4.107149733000028,58.85602751300007],[4.076071615000046,58.83802047200004],[4.064654497000049,58.83312015400003],[3.9370276350000495,58.79099007700006],[3.8816330320000247,58.76807456700004],[3.871104889000037,58.76438230500003],[3.857374653000022,58.760693006000054],[3.8128457530000333,58.75187515200008],[3.7849423310000248,58.74310249500007],[3.7598921550000455,58.730571731000055],[3.7334858230000236,58.72073705200006],[3.7240027640000335,58.71582275700007],[3.717658798000059,58.710828495000044],[3.697273108000047,58.690213483000036],[3.690995163000025,58.68479420600005],[3.6203702730000487,58.63554153300004],[3.6061732000000575,58.62783207700005],[3.3756611240000325,58.546946340000034],[3.0364273450000496,58.41203430300004],[2.74953462000002,58.31158516600004],[2.589529609000067,58.254570149000074],[2.5740874890000214,58.24737869900008],[2.4785052410000503,58.191588926000065]]},"properties":{"id":"323042","name":"28\" Gas KÅRSTØ, DRAUPNER S","mapLabel":"Statpipe","medium":"Gas","phase":"IN SERVICE","operator":"Gassco AS","belongsTo":"GASSLED","fromFacility":"KÅRSTØ","toFacility":"DRAUPNER S","grouping":"Transportation","dimensionInch":28,"waterDepthM":300,"updated":"2026-02-19T23:00:00.000Z","factPageUrl":"https://factpages.sodir.no/tuf/pageview/pipeline/all/323042","source":"sodir-factmaps"}},{"type":"Feature","geometry":{"type":"LineString","coordinates":[[4.836985429000038,60.54486185300004],[4.795832739000048,60.52682766000004],[4.686786256000062,60.48797186300004],[4.674595170000032,60.481990487000076],[4.665450204000024,60.47546012500004],[4.657681395000054,60.46653968500004],[4.6497728730000745,60.45157000900008],[4.645537022000042,60.44579173400007],[4.611268618000054,60.411545997000076],[4.465834124000025,60.287378456000056],[4.426439688000073,60.25044855900006],[4.379157052000039,60.21265753600005],[4.301721884000074,60.14575703200006],[4.262608146000048,60.11530539200004],[4.221097918000055,60.07251924800005],[4.18679815400003,60.045665806000045],[4.143212646000052,60.00742681500003],[4.121685004000028,59.986103738000054],[4.0812273260000325,59.95345800200005],[4.0155083700000205,59.889295755000035],[3.959747572000026,59.84942156200003],[3.851170982000042,59.749969459000056],[3.821038248000036,59.72502614600006],[3.7105478680000488,59.619615802000055],[3.69941809300002,59.607651213000054],[3.68186520200004,59.59410348700004],[3.6606454560000543,59.57505750800004],[3.623029584000051,59.548284039000066],[3.6180346740000573,59.54314478400005],[3.60788001800006,59.52920013200003],[3.6007961110000224,59.52266879800004],[3.5862080770000375,59.51409629800003],[3.5421296230000507,59.49585908000006],[3.5307454730000245,59.49187279200004],[3.490586705000055,59.483004977000064],[3.4335574410000618,59.474200963000044],[3.3795675920000576,59.45836671700005],[3.3070001600000296,59.44348728500006],[3.2764997400000198,59.43329253400003],[3.2662546600000724,59.428544231000046],[3.2573826500000678,59.42314692000008],[3.203302830000041,59.38501482500004],[3.0961416400000417,59.29957430400003],[3.010226178000039,59.233461773000045],[2.885021178000045,59.13236545500007],[2.4741087620000712,58.79323878400004],[2.1354728540000565,58.50988014700005],[2.0375673610000717,58.43661724800006],[1.9598060930000543,58.39369571900005],[1.9167365090000317,58.37190819300008]]},"properties":{"id":"323076","name":"40\" Gas KOLLSNES, SLEIPNER R","mapLabel":"Zeepipe II A","medium":"Gas","phase":"IN SERVICE","operator":"Gassco AS","belongsTo":"GASSLED","fromFacility":"KOLLSNES","toFacility":"SLEIPNER R","grouping":"Transportation","dimensionInch":40,"waterDepthM":365,"updated":"2026-02-19T23:00:00.000Z","factPageUrl":"https://factpages.sodir.no/tuf/pageview/pipeline/all/323076","source":"sodir-factmaps"}},{"type":"Feature","geometry":{"type":"LineString","coordinates":[[4.837004861000025,60.54485074200005],[4.795990747000076,60.52675865900005],[4.690973356000029,60.48857493600008],[4.682106279000038,60.48450867300005],[4.673889271000064,60.479442379000034],[4.66855533100005,60.47479213500003],[4.662672471000064,60.46814280700005],[4.652324107000027,60.44833891300004],[4.649140229000068,60.44378869800005],[4.643023346000064,60.43745537900003],[4.466626174000055,60.28683144400003],[4.428358727000045,60.25084559700008],[4.38585906000003,60.21675977400008],[4.35502654000004,60.18699225700004],[4.346910735000051,60.177725802000055],[4.3421769350000545,60.17049246600004],[4.338661192000075,60.162844129000064],[4.324612580000064,60.124588482000036],[4.3195118330000355,60.115986089000046],[4.31068005700007,60.10562158400006],[4.2521637500000224,60.05356688200004],[4.217297293000058,60.019767166000065],[4.182780950000051,59.983731369000054],[4.1042992520000325,59.905812440000034],[4.049216706000038,59.86090706200008],[4.008000423000055,59.81919097100007],[3.95540150100004,59.762388169000076],[3.843203355000071,59.65058455800005],[3.8119036360000678,59.62446418900004],[3.779521349000049,59.588295423000034],[3.771287434000044,59.58117705400008],[3.7331716510000206,59.55206149000003],[3.6605727320000483,59.48203896000007],[3.649938936000069,59.470773404000056],[3.6131740140000375,59.42367117500004],[3.5658077110000477,59.37803387800005],[3.53585838500004,59.34404723200004],[3.502091667000059,59.31619877400004],[3.473575962000041,59.29143249600003],[3.4428764380000416,59.261244987000055],[3.4156597440000382,59.23704274600004],[3.4085269050000306,59.22892935400006],[3.386543657000061,59.19819293000006],[3.380327808000061,59.19087557900008],[3.236613258000034,59.04420033200006],[3.2145134750000466,59.02514935100004],[3.156347485000026,58.96523240300007],[3.1489646260000654,58.957332018000045],[3.1331650510000486,58.93764709000004],[3.0470835570000645,58.848489717000064],[3.029066789000069,58.83167387200007],[3.0151000310000313,58.81725716500006],[2.7398219710000262,58.52787507600004],[2.669673254000031,58.45325646500004],[2.6523906610000267,58.43277449800007],[2.460410234000051,58.22634756200006],[2.4572943650000525,58.22129633900005],[2.455744517000028,58.216745152000044],[2.4553607100000363,58.212010973000076],[2.4560449170000425,58.20762781900004],[2.4576281420000328,58.20341268300007],[2.4605954210000505,58.198830549000036],[2.4662649730000226,58.19307631200007]]},"properties":{"id":"323110","name":"40\" Gas KOLLSNES, DRAUPNER E","mapLabel":"Zeepipe II B ","medium":"Gas","phase":"IN SERVICE","operator":"Gassco AS","belongsTo":"GASSLED","fromFacility":"KOLLSNES","toFacility":"DRAUPNER E","grouping":"Transportation","dimensionInch":40,"waterDepthM":368,"updated":"2026-02-19T23:00:00.000Z","factPageUrl":"https://factpages.sodir.no/tuf/pageview/pipeline/all/323110","source":"sodir-factmaps"}},{"type":"Feature","geometry":{"type":"LineString","coordinates":[[5.511391249000042,59.27158636300004],[5.500638271000071,59.26009791900003],[5.495873563000032,59.25011048400006],[5.4915006250000715,59.24565426400005],[5.460345434000033,59.228594258000044],[5.452615248000029,59.22753312900005],[5.359961589000022,59.20192709500003],[5.351627502000042,59.198199858000066],[5.345985490000032,59.19459165600006],[5.34179453400003,59.190715460000035],[5.338813644000027,59.18613325200005],[5.337316843000053,59.18050702000005],[5.336378081000021,59.15136090100003],[5.33412265000004,59.13667431700003],[5.260919330000036,58.97763244500004],[5.2569167940000625,58.96405188500006],[5.253468001000044,58.86321403100004],[5.253760430000057,58.85332166100005],[5.255766061000031,58.83989717700007],[5.273018719000049,58.76560757100003],[5.333714087000033,58.632947268000066],[5.4488501230000566,58.40004883900008],[5.498033629000076,58.27613576500005],[5.601525810000055,58.04900547500006],[5.626807433000067,57.97661907200006],[5.634263216000022,57.96236262800005],[5.6595555260000765,57.92263543900003],[5.661290803000043,57.916905246000056],[5.664005835000069,57.89284138600004],[5.666239270000062,57.88345706300004],[5.671735864000027,57.872466718000055],[5.702165844000035,57.81917008800008],[5.705774331000043,57.80943476900006],[5.713661841000032,57.776764650000075],[5.741533752000066,57.72293297500005],[5.743080048000024,57.716478754000036],[5.7430764730000305,57.705595353000035],[5.744192718000022,57.700128164000034],[5.7877206770000384,57.57886618500004],[5.843178970000054,57.48274427200005],[5.882262642000057,57.389815300000066],[6.0060504640000545,57.09013873300006],[6.01129323300006,57.07348718500003],[6.016397401000063,57.04598224100005],[6.019631705000052,57.040252069000076],[6.027256257000033,57.03122982500008],[6.029934493000042,57.02690069700003],[6.045865371000048,56.988416475000065],[6.112258260000033,56.824970284000074],[6.117667275000031,56.80137649100004],[6.124710236000055,56.78046281200005],[6.136370247000059,56.76175526500003],[6.144530188000033,56.74218864800008],[6.153747132000035,56.72334406900006],[6.22664072200007,56.541938335000054],[6.290073388000053,56.376535095000065],[6.366987256000073,56.185329101000036],[6.3764392650000445,56.163946442000054],[6.559483771000032,55.68426042700003],[6.659433374000059,55.41888218100007],[6.719201984000051,55.26759853400006],[6.732605726000031,55.22549021000003],[6.762582088000045,55.14724880600005],[6.852903355000024,54.904382345000045],[6.853862522000043,54.89994920200007],[6.853800679000074,54.89497502900008],[6.851079860000027,54.88695272400008],[6.822794320000071,54.84828909000004],[6.81846949100003,54.839193730000034],[6.817552779000039,54.82935538100003],[6.8210463230000755,54.81517192900003],[6.822864892000041,54.798776383000074],[6.825719122000066,54.793954247000045],[6.8440082750000215,54.77318272500003],[6.914348589000042,54.66494874400007],[6.947522605000074,54.629238867000026],[6.951739896000049,54.62355071600007],[6.954119111000068,54.61874857600003],[7.072874033000062,54.23856783900004],[7.179234288000032,53.89257124000005],[7.182796567000025,53.88638406900003],[7.189027939000027,53.879482901000074],[7.196252296000068,53.873947790000045],[7.20737377100005,53.86794370300004],[7.376580019000073,53.80937248200007],[7.385834406000072,53.80459641700003],[7.391198678000023,53.80023232600007],[7.457714637000038,53.69159136300004],[7.401833671000077,53.67369018800008],[7.325141475000066,53.67898957500006]]},"properties":{"id":"323212","name":"42\" Gas KÅRSTØ, EMDEN","mapLabel":"Europipe II","medium":"Gas","phase":"IN SERVICE","operator":"Gassco AS","belongsTo":"GASSLED","fromFacility":"KÅRSTØ","toFacility":"EMDEN","grouping":"Transportation","dimensionInch":42,"waterDepthM":347,"updated":"2026-02-19T23:00:00.000Z","factPageUrl":"https://factpages.sodir.no/tuf/pageview/pipeline/all/323212","source":"sodir-factmaps"}},{"type":"Feature","geometry":{"type":"LineString","coordinates":[[6.02863906400006,54.51153661300003],[5.9987293660000205,54.526215268000044],[5.980670571000076,54.53612141200006],[5.887680588000023,54.58350203100008],[5.867962773000045,54.59259412900008],[5.831672180000055,54.612222409000026],[5.783501106000074,54.63695573500007],[5.749999292000041,54.66572835800008],[5.741067779000048,54.67428955400004],[5.727815087000067,54.68483977200003],[5.718769569000074,54.69344896900003],[5.694365273000074,54.71350139200007],[5.673992235000071,54.72883269600004],[5.631775893000054,54.766480529000034],[5.604577496000047,54.78720294500005],[5.580240170000025,54.80807839700003],[5.538149236000038,54.83302079600003],[5.529151775000059,54.839806931000055],[5.483971626000027,54.868752434000044],[5.463476602000071,54.88334671300004],[5.435741319000044,54.89993298100006],[5.414010220000023,54.915783289000046],[5.385616930000026,54.93198653700006],[5.36362682500004,54.947769840000035],[5.3459370140000715,54.95806200100003],[5.290529369000069,54.99341261200004],[5.191604569000049,55.058605776000036],[5.178740000000062,55.065405869000074],[5.124399414000038,55.09948144800006],[5.115117939000072,55.10629258100005],[5.045058549000032,55.15174838100006],[5.034089058000063,55.15764846400003],[4.936492354000052,55.22004154500007],[4.819259740000064,55.29343178900007],[4.807911170000068,55.30126493400007],[4.650378637000074,55.398688564000054],[4.555544318000045,55.45830617000007]]},"properties":{"id":"324844","name":"36\" Gas B-11, H-7 BP","mapLabel":"Norpipe Gassledning","medium":"Gas","phase":"IN SERVICE","operator":"Gassco AS","belongsTo":"GASSLED","fromFacility":"B-11","toFacility":"H-7 BP","grouping":"Transportation","dimensionInch":36,"waterDepthM":75,"updated":"2026-02-19T23:00:00.000Z","factPageUrl":"https://factpages.sodir.no/tuf/pageview/pipeline/all/324844","source":"sodir-factmaps"}},{"type":"Feature","geometry":{"type":"LineString","coordinates":[[3.0361621880000484,60.54282018300006],[3.0082125560000463,60.54330897400007],[2.896386362000044,60.56012226900003]]},"properties":{"id":"325524","name":"8.625\" Gas BRAGE, BRAGE-T","mapLabel":"Statpipe","medium":"Gas","phase":"IN SERVICE","operator":"OKEA ASA","belongsTo":"BRAGE","fromFacility":"BRAGE","toFacility":"BRAGE-T","grouping":"Transportation","dimensionInch":8.625,"waterDepthM":136,"updated":"2026-02-19T23:00:00.000Z","factPageUrl":"https://factpages.sodir.no/tuf/pageview/pipeline/all/325524","source":"sodir-factmaps"}},{"type":"Feature","geometry":{"type":"LineString","coordinates":[[6.43950073000002,64.23293518900005],[6.449042177000024,64.23123223000005],[6.988956536000046,64.16619579300004],[7.002117055000042,64.16543991400005],[7.062947221000059,64.16582963400003],[7.079780667000023,64.16845493900007],[7.3155762660000505,64.21649467600008],[7.404864771000064,64.22854220900007],[7.711121775000038,64.26380319900005],[7.74280476000007,64.26662668000006],[7.7583231520000595,64.26952597900004],[7.7685643020000725,64.27322625100004],[7.777114279000045,64.27878058300007],[7.794877499000052,64.30244078200008],[7.799516450000056,64.30605698700003],[7.814485475000026,64.31469452100004],[7.818419363000032,64.31892874400006],[7.82245707800007,64.32607809200005],[7.822642848000044,64.32998425800008],[7.820934505000025,64.33460843400007],[7.813822848000029,64.34115462900007],[7.803831202000026,64.34577771000005],[7.789311441000052,64.35026887600003]]},"properties":{"id":"326068","name":"16\" Gas DRAUGEN, DRAUGEN T","mapLabel":"Draugen Gasseksport","medium":"Gas","phase":"IN SERVICE","operator":"OKEA ASA","belongsTo":"DRAUGEN GASSEKSPORT","fromFacility":"DRAUGEN","toFacility":"DRAUGEN T","grouping":"Transportation","dimensionInch":16,"waterDepthM":344,"updated":"2026-02-19T23:00:00.000Z","factPageUrl":"https://factpages.sodir.no/tuf/pageview/pipeline/all/326068","source":"sodir-factmaps"}},{"type":"Feature","geometry":{"type":"LineString","coordinates":[[2.462833084000067,58.18754320700003],[2.455281869000032,58.184960974000035],[2.445234787000061,58.18038268500004],[2.4366477790000545,58.17503538600005],[2.4298398470000393,58.169043083000076],[2.424265007000031,58.16171474600003],[2.421710193000024,58.15572849500006],[2.4207933910000747,58.150498292000066],[2.4260087060000615,57.79197620200006],[2.4273637190000272,57.74465549100006],[2.430761354000026,57.73164405700004],[2.518971570000076,57.542827232000036],[2.5253300350000245,57.53571804900008],[2.5338775300000407,57.52932691900003],[2.6267490220000695,57.48140928000004],[2.6349914670000203,57.47600618100006],[2.641638894000039,57.46998104200003],[2.8925037160000215,57.19727113300007],[3.1808710780000524,56.878527044000066],[3.3815222030000314,56.652410288000056],[3.3877276440000514,56.64523010400006],[3.3940251600000693,56.63614585300007],[3.4070350890000327,56.62094846100007],[3.488551813000072,56.527910090000034],[3.502330672000028,56.514989789000026],[3.531665718000056,56.48164494200006],[3.748355848000074,56.231777573000045],[3.7531201450000253,56.22720246600005],[3.7643707620000555,56.21864429200008],[3.769776105000062,56.21327116400005],[3.7902615360000596,56.18931555200004],[3.8390591600000334,56.12613287900007],[3.9346737880000546,56.01437203100005],[4.162856583000064,55.74384812800008],[4.169076965000045,55.73776798600005],[4.17476526400003,55.73361490500008],[4.221195470000055,55.70629447300007]]},"properties":{"id":"326340","name":"40\" Gas DRAUPNER E, EUROPIPE-SCP","mapLabel":"Europipe I","medium":"Gas","phase":"IN SERVICE","operator":"Gassco AS","belongsTo":"GASSLED","fromFacility":"DRAUPNER E","toFacility":"EUROPIPE-SCP","grouping":"Transportation","dimensionInch":40,"waterDepthM":76,"updated":"2026-02-19T23:00:00.000Z","factPageUrl":"https://factpages.sodir.no/tuf/pageview/pipeline/all/326340","source":"sodir-factmaps"}},{"type":"Feature","geometry":{"type":"LineString","coordinates":[[2.462823642000046,58.18757208400007],[2.4407645700000558,58.182556712000064],[2.4266113910000513,58.17759736000005],[2.414163307000024,58.17150498600006],[2.4038283260000526,58.16438960000005],[2.395855445000052,58.156466213000044],[2.3905456630000685,58.14795183600006],[2.3878609690000303,58.139093477000074],[2.3942498430000683,57.743918069000074],[2.38747616400002,57.46549986400004],[2.388810380000052,57.115168236000045],[2.390739149000069,57.097246615000074],[2.396011999000052,57.07951104000006],[2.3997994490000565,57.07077177100007],[2.4097854000000325,57.05365827500003],[2.6398974230000363,56.72673729600007],[2.860757543000034,56.40789655700007],[2.867705034000039,56.39981635200007],[3.061839017000068,56.245024140000055],[3.245250371000054,56.09731205800006],[3.2632643980000466,56.08243074300003],[3.2789143910000575,56.06675637200004],[3.2857608710000363,56.05862616500008],[3.2970967900000687,56.041814705000036],[3.4010320890000685,55.862377611000056],[3.4080539090000457,55.84486007900006],[3.410419293000075,55.83597579600007],[3.4120336590000306,55.82703750200005],[3.4127373260000695,55.809072882000066],[3.3431724260000237,55.19035665700005],[3.2823308720000455,54.63431800800004],[3.1851888030000737,54.01682619800005],[3.13576192000005,53.69461897900004],[3.0911863550000476,53.26400138200006],[3.0911479120000536,53.246032797000055],[3.0942255420000606,53.22816025100008],[3.2037612680000507,52.80179069500008],[3.207102887000076,52.78393415800008],[3.2077121730000613,52.77495387700003],[3.2074624370000606,52.76596258600006],[3.2054069260000233,52.74803198800004],[3.1745138610000367,52.52408649100005],[3.1739123790000576,52.50611891300008],[3.1847332920000326,52.41647818300004],[3.1846148190000463,52.39849961200008],[3.1584624850000296,52.18333152100007],[3.155532934000064,52.16545192500007],[3.1498303090000377,52.14781930800007],[3.1413286030000336,52.130629673000044],[3.126734989000056,52.105200713000045],[3.1198693300000286,52.08774008900008],[3.117569531000072,52.07885878500008],[3.087280988000032,51.863912725000034],[3.0871472420000714,51.85494744400006],[3.0909775800000716,51.84630321700007],[3.089072786000031,51.83749492100003],[3.080728794000038,51.83022060300004],[3.0608306920000246,51.81713897700007],[3.051769676000049,51.810123660000045],[2.9980006020000474,51.76771375100003],[2.980906608000055,51.753202112000054],[2.8184643410000376,51.62673141000005],[2.8031884110000647,51.61149477100008],[2.720585139000036,51.516691939000054],[2.710436077000054,51.510389634000035],[2.646021125000061,51.49031530800005],[2.623615914000027,51.479095717000064],[2.609928665000041,51.47649748600003],[2.5955633430000375,51.475936311000055],[2.581879094000044,51.47336208100006],[2.5705559830000198,51.46786078700006],[2.5387217490000467,51.449632877000056],[2.5289467050000667,51.44304856700006],[2.5209527280000543,51.435579250000046],[2.4738388950000285,51.390392346000056],[2.467824983000071,51.38225903000006],[2.443809611000063,51.33988346900003],[2.4366536610000367,51.33215515300003],[2.4252665450000563,51.32679486400008],[2.4121083380000528,51.32321261000004],[2.4010742390000246,51.31754731500007],[2.3832112160000634,51.30348968900006],[2.3756832540000232,51.29584037200004],[2.369353333000049,51.28777605600004],[2.3112165480000613,51.19585761500008],[2.294521853000049,51.171011675000045],[2.2815612680000754,51.14530375100003],[2.2727547970000614,51.11890885300005],[2.26672263100005,51.08385472400005],[2.263663804000032,51.07507642400003],[2.25536108700004,51.05789481200003],[2.25137933700006,51.04555739500006]]},"properties":{"id":"326374","name":"42\" Gas DRAUPNER E, DUNKERQUE","mapLabel":"Franpipe","medium":"Gas","phase":"IN SERVICE","operator":"Gassco AS","belongsTo":"GASSLED","fromFacility":"DRAUPNER E","toFacility":"DUNKERQUE","grouping":"Transportation","dimensionInch":42,"waterDepthM":85,"updated":"2026-02-19T23:00:00.000Z","factPageUrl":"https://factpages.sodir.no/tuf/pageview/pipeline/all/326374","source":"sodir-factmaps"}},{"type":"Feature","geometry":{"type":"LineString","coordinates":[[3.329023963000054,56.48971189100007],[3.252761787000054,56.57222094100007],[3.2462414020000665,56.57774106200003],[3.238144051000063,56.58124309300007],[3.2282057100000543,56.58318104600005],[3.171160164000071,56.58352739700007],[3.1689130250000517,56.58559944500007],[3.1625985430000583,56.593802663000076],[3.0763119410000286,56.75749049600006],[3.0696473580000543,56.76793279100008],[2.9982095600000207,56.842067608000036],[2.8220068770000353,56.99359297600006],[2.8172625560000597,56.99848209600003],[2.812548143000072,57.00573530100007],[2.701346296000054,57.25301789500003],[2.6215260590000753,57.42791827800005],[2.5509258370000225,57.58188603100007],[2.4788844700000254,57.73646880600006],[2.4775170940000635,57.74460308600004],[2.4725773860000686,58.16074828900008],[2.4721624090000205,58.18380334400007]]},"properties":{"id":"326408","name":"36\" Gas DRAUPNER S, NORPIPE Y","mapLabel":"Statpipe","medium":"Gas","phase":"IN SERVICE","operator":"Gassco AS","belongsTo":"GASSLED","fromFacility":"DRAUPNER S","toFacility":"NORPIPE Y","grouping":"Transportation","dimensionInch":36,"waterDepthM":80,"updated":"2026-02-19T23:00:00.000Z","factPageUrl":"https://factpages.sodir.no/tuf/pageview/pipeline/all/326408","source":"sodir-factmaps"}},{"type":"Feature","geometry":{"type":"LineString","coordinates":[[3.2003755800000704,56.548467937000055],[3.1860339830000726,56.54623524400006],[3.162022529000069,56.54123678700006],[3.1394722030000253,56.53389826500006],[3.0999138640000297,56.51493313200007],[3.0438164990000587,56.485003418000076],[3.003219100000024,56.46695230600005],[2.939151344000038,56.44182867100005],[2.8128919270000665,56.39058038700006],[2.663981184000022,56.33236259300003],[2.601419515000032,56.30634694400004],[2.4540568720000238,56.24706813200004],[2.4129394680000473,56.22913702000005],[2.3702999590000218,56.21297995200007],[2.1197562740000535,56.11045741300006],[2.0789338760000646,56.09277531300006],[2.0358553600000278,56.076721244000055],[1.9332733420000636,56.03301650800006],[1.617144048000057,55.90214114200006]]},"properties":{"id":"326884","name":"34\" Oil EKOFISK J, 37/4-BP","mapLabel":"Norpipe Oljeledning","medium":"Oil","phase":"IN SERVICE","operator":"ConocoPhillips Skandinavia AS","belongsTo":"NORPIPE OLJELEDNING","fromFacility":"EKOFISK J","toFacility":"37/4-BP","grouping":"Transportation","dimensionInch":34,"waterDepthM":94.5,"updated":"2026-02-19T23:00:00.000Z","factPageUrl":"https://factpages.sodir.no/tuf/pageview/pipeline/all/326884","source":"sodir-factmaps"}},{"type":"Feature","geometry":{"type":"LineString","coordinates":[[3.329023963000054,56.48971189100007],[3.305541488000074,56.51203741200004],[3.284837044000028,56.53549100600003],[3.2749705200000676,56.54229713400008],[3.261910993000072,56.546950148000064],[3.2445274140000606,56.54990505200004],[3.2366381940000224,56.550101968000035],[3.227388966000035,56.54814810700003]]},"properties":{"id":"326918","name":"36\" Gas EKOFISK J, NORPIPE Y","mapLabel":"Norpipe Gassledning","medium":"Gas","phase":"IN SERVICE","operator":"Gassco AS","belongsTo":"GASSLED","fromFacility":"EKOFISK J","toFacility":"NORPIPE Y","grouping":"Transportation","dimensionInch":36,"waterDepthM":75,"updated":"2026-02-19T23:00:00.000Z","factPageUrl":"https://factpages.sodir.no/tuf/pageview/pipeline/all/326918","source":"sodir-factmaps"}},{"type":"Feature","geometry":{"type":"LineString","coordinates":[[7.325141475000066,53.67898957500006],[7.40119371000003,53.67179011800005],[7.457714637000038,53.69159136300004],[7.459874718000037,53.69079135800007],[7.392216700000063,53.80041334200007],[7.385769362000076,53.80603846500003],[7.376460966000025,53.811066538000034],[7.3288610580000295,53.83265877300005],[7.288387571000044,53.84640281700007],[7.278668192000055,53.85043885200008],[7.262375531000032,53.85808094100008],[7.228819065000039,53.87731724100007],[7.198842837000029,53.891720415000066],[7.074756856000022,53.94774301400008],[7.057450188000075,53.95463506700003],[6.935179241000071,54.010793687000046],[6.913797266000074,54.02424691700003],[6.899249570000052,54.03447211100007],[6.723969398000065,54.14976617200006],[6.711051872000041,54.15570523800005],[6.68209581900004,54.16490524500006],[6.669642295000074,54.17118532600006],[6.656202649000022,54.18059650400005],[6.636304550000034,54.19914192200008],[6.6263679520000665,54.21000018600006],[6.61445529100007,54.221186439000064],[6.562847863000059,54.25537905500005],[6.308818976000055,54.42001795900006],[6.07002477900005,54.57315663400004],[5.825657299000056,54.72824031400006],[5.538132766000047,54.90864039400003],[5.192238450000048,55.122651993000034],[4.842727929000034,55.33561651100007],[4.433064517000048,55.58124048900004],[4.221195470000055,55.70629447300007]]},"properties":{"id":"327394","name":"40\" Gas EUROPIPE-SCP, EMDEN","mapLabel":"Europipe I","medium":"Gas","phase":"IN SERVICE","operator":"Gassco AS","belongsTo":"GASSLED","fromFacility":"EUROPIPE-SCP","toFacility":"EMDEN","grouping":"Transportation","dimensionInch":40,"waterDepthM":45,"updated":"2026-02-19T23:00:00.000Z","factPageUrl":"https://factpages.sodir.no/tuf/pageview/pipeline/all/327394","source":"sodir-factmaps"}},{"type":"Feature","geometry":{"type":"LineString","coordinates":[[2.0618332450000594,59.88520634200006],[2.060710029000063,59.88623708400007],[2.0474042480000207,59.89439223200003],[2.033571600000073,59.899486257000035],[2.018600053000057,59.90182016300008],[1.9994505210000284,59.90137091000008],[1.9864442620000204,59.89897965900008],[1.972603098000036,59.89413630400003],[1.9603100150000614,59.88853893900006],[1.9531830720000585,59.88313464500004],[1.9480502560000446,59.87629332000006],[1.9410316980000744,59.86303972800005],[1.934599373000026,59.84532497200007],[1.930041665000033,59.83659358300008],[1.9242139070000235,59.828141189000064],[1.9181611260000295,59.820034805000034],[1.9102472730000386,59.812284412000054],[1.8999783180000236,59.80524801700005],[1.8887113310000245,59.79829161400005],[1.827750159000061,59.76563961900007],[1.8144470680000495,59.759628226000075],[1.7317609670000707,59.712650420000045],[1.6815497600000526,59.68716283200007],[1.658305748000032,59.67364603200008],[1.645707696000045,59.66726463400005],[1.6188494710000327,59.65601987500003],[1.603194209000037,59.65220753700004],[1.5862988450000444,59.64977123600005],[1.4092220350000275,59.64504986900005],[1.3559455400000502,59.64467119400007],[1.317289537000022,59.64275264300005]]},"properties":{"id":"327836","name":"32\" Gas FRIGG TCP2, VESTERLED T","mapLabel":"Vesterled T","medium":"Gas","phase":"DECOMMISSIONED","operator":"Gassco AS","belongsTo":"VESTERLED","fromFacility":"FRIGG TCP2","toFacility":"VESTERLED T","grouping":"Transportation","dimensionInch":32,"waterDepthM":110,"updated":"2026-02-19T23:00:00.000Z","factPageUrl":"https://factpages.sodir.no/tuf/pageview/pipeline/all/327836","source":"sodir-factmaps"}},{"type":"Feature","geometry":{"type":"LineString","coordinates":[[2.819034855000041,60.48826997200007],[2.8079494720000753,60.48518228300003],[2.777632064000045,60.47525352900004],[2.766390020000074,60.469437166000034],[2.5046346560000643,60.260375887000066],[2.322342577000029,60.11278197400003],[2.104377957000054,59.93428645700004],[2.10077005200003,59.930188256000065],[2.099195221000059,59.925783068000044],[2.0996045420000655,59.898851043000036],[2.0974967370000286,59.89358681600004],[2.092434820000051,59.888856573000055],[2.086193794000053,59.885664374000044],[2.0786446710000632,59.88350854500004]]},"properties":{"id":"327938","name":"16\" Condensate FRIGG TCP2, OSEBERG A","mapLabel":"Frostpipe","medium":"Condensate","phase":"DECOMMISSIONED","operator":null,"belongsTo":null,"fromFacility":"FRIGG TCP2","toFacility":"OSEBERG A","grouping":"Transportation","dimensionInch":16,"waterDepthM":110,"updated":"2026-02-19T23:00:00.000Z","factPageUrl":"https://factpages.sodir.no/tuf/pageview/pipeline/all/327938","source":"sodir-factmaps"}},{"type":"Feature","geometry":{"type":"LineString","coordinates":[[4.842114853000055,60.617987259000074],[4.750736519000043,60.58526341500004],[4.736333493000075,60.57662590800004],[4.726562381000065,60.57271964100005],[4.711823095000057,60.56924033100006],[4.679788205000023,60.567225876000066],[4.66309582100007,60.56453957500008],[4.643434501000058,60.55865711400003],[4.628511396000022,60.55135565300003],[4.56429845200006,60.509467262000044],[4.351681352000071,60.376883589000045],[4.298298523000028,60.33953950600005],[4.247450567000044,60.30647962100005],[4.180487552000045,60.264473199000065],[4.126987620000023,60.22926220000005],[4.090175771000077,60.20284374100004],[4.059502824000049,60.18238458500008],[4.030466999000055,60.16039139000003],[3.9734769980000237,60.124439324000036],[3.9389051490000497,60.09946294800005],[3.893719167000029,60.07060329700005],[3.8087564580000617,60.010918985000046],[3.7653133710000475,59.98537848500007],[3.7328043850000654,59.96461029800008],[3.692618502000073,59.93685275200005],[3.66669465800004,59.91723268800007],[3.642273894000027,59.89687261500006],[3.6185218470000677,59.88292179600006],[3.6005118740000626,59.87102312400003],[3.584382994000066,59.858322444000066],[3.5211091410000677,59.815420043000074],[3.47497904100004,59.788532462000035],[3.441879259000075,59.76310309200005],[3.4145901670000285,59.74791118500008],[3.40393818900003,59.74075478300006],[3.3939432400000555,59.73339938200007],[3.3802736280000545,59.716530574000046],[3.3742716800000494,59.71165531500003],[3.3275653040000748,59.69036794300007],[3.2929348270000673,59.67881608700003],[3.272160639000049,59.66982349500006],[3.2616456360000257,59.66329612000004],[3.2357905290000417,59.64937927900007],[3.2234655940000607,59.640265783000075],[3.202330567000047,59.62759304600007],[3.167684318000056,59.611230007000074],[3.115168021000045,59.58472836700008],[2.933581325000034,59.46466161700005],[2.8361425240000244,59.39954497300005],[2.8107566130000237,59.38177499400007],[2.6957308080000644,59.305800730000044],[2.644105833000026,59.27308787100003],[2.5701069480000456,59.22447414100003],[2.554067072000066,59.21179346900004],[2.5022740040000713,59.18102668300003],[2.4963280590000636,59.17613242600004],[2.489896517000034,59.16862792200004]]},"properties":{"id":"328244","name":"28\" Oil GRANE, STURE","mapLabel":"Grane Oljerør","medium":"Oil","phase":"IN SERVICE","operator":"Equinor Energy AS","belongsTo":"GRANE OLJERØR","fromFacility":"GRANE","toFacility":"STURE","grouping":"Transportation","dimensionInch":28,"waterDepthM":356,"updated":"2026-02-19T23:00:00.000Z","factPageUrl":"https://factpages.sodir.no/tuf/pageview/pipeline/all/328244","source":"sodir-factmaps"}},{"type":"Feature","geometry":{"type":"LineString","coordinates":[[4.835428343000046,60.54606744200004],[4.824466359000041,60.54374307200004],[4.817693769000073,60.54091237600005],[4.7989503210000635,60.53743301600008],[4.779835673000036,60.528395422000074],[4.7556376190000265,60.522794943000065],[4.737167199000055,60.51374972600007],[4.720497671000032,60.50841256000007],[4.6896141180000654,60.50357878800003],[4.67538726600003,60.503120839000076],[4.66097295000003,60.50392178800007],[4.638435311000023,60.507896592000066],[4.594339198000057,60.52176685300003],[4.574859551000031,60.52692429600006],[4.490805515000034,60.54337673800006],[4.106820877000075,60.606462116000046],[3.966640129000041,60.62437114900007],[3.827971587000036,60.64495058700004],[3.6717418410000278,60.65978465300003],[3.6199889320000693,60.668546734000074],[3.59434535500003,60.67183482300004],[3.5033643170000346,60.68868771900003],[3.4877848730000665,60.69316616100008],[3.4109068130000537,60.72245562300003],[3.3402412960000447,60.75400736300003],[3.1725868660000742,60.81666037000008],[3.1000758660000542,60.844546018000074],[3.024202158000037,60.87602139400008],[2.9130389200000764,60.91914306500007],[2.7895930070000645,60.96535461000008],[2.7246928420000245,60.99194711200005],[2.691794208000033,61.00431062700005],[2.6737174370000503,61.01429004500005],[2.630511818000059,61.03268089100004],[2.593629917000044,61.04282793100003],[2.5647146290000364,61.05578661000004],[2.5378341450000335,61.06265681800005],[2.5156819920000544,61.07200673600005],[2.5053717950000305,61.077086972000075]]},"properties":{"id":"357492","name":"30\" Gas KVITEBJØRN, KOLLSNES","mapLabel":"Kvitebjørn Gassrør","medium":"Gas","phase":"IN SERVICE","operator":"Gassco AS","belongsTo":"GASSLED","fromFacility":"KVITEBJØRN","toFacility":"KOLLSNES","grouping":"Transportation","dimensionInch":30,"waterDepthM":350,"updated":"2026-02-19T23:00:00.000Z","factPageUrl":"https://factpages.sodir.no/tuf/pageview/pipeline/all/357492","source":"sodir-factmaps"}},{"type":"Feature","geometry":{"type":"LineString","coordinates":[[4.058630613000048,60.848471593000056],[3.6621788110000466,60.95352772800004],[3.622028791000048,60.96391507300007],[3.606650412000022,60.96680272700007],[3.5613842440000667,60.97261982300006],[3.4958497370000714,60.978299339000046],[3.3547585310000727,60.993648578000034],[3.302687264000042,60.99849280300003],[3.2598131350000585,61.00144116000007],[3.2326398100000233,61.00471396900008],[3.192730038000036,61.00752121200003],[3.1161069540000312,61.01539031000004],[2.9540853690000404,61.03422223500007],[2.734357626000076,61.05692170100008],[2.699059074000047,61.063177618000054],[2.653734603000032,61.06703768700004],[2.6191032910000445,61.06634677400007],[2.5941402430000267,61.06836070700007],[2.569293888000061,61.07297255200007],[2.5404114640000444,61.07297601100004],[2.5261656900000276,61.07434155100003],[2.5068813650000266,61.07851539100005]]},"properties":{"id":"357605","name":"16\" Condensate KVITEBJØRN, TOR II Y","mapLabel":"Kvitebjørn Oljerør","medium":"Condensate","phase":"IN SERVICE","operator":"Equinor Energy AS","belongsTo":"KVITEBJØRN OLJERØR","fromFacility":"KVITEBJØRN","toFacility":"TOR II Y","grouping":"Transportation","dimensionInch":16,"waterDepthM":376,"updated":"2026-02-19T23:00:00.000Z","factPageUrl":"https://factpages.sodir.no/tuf/pageview/pipeline/all/357605","source":"sodir-factmaps"}},{"type":"Feature","geometry":{"type":"LineString","coordinates":[[2.5316277380000543,61.066170216000046],[2.52610188400007,61.06803942300007],[2.511791090000031,61.08169258500004],[2.5096554840000636,61.08673578500003],[2.510741057000075,61.09087872300006],[2.522003587000029,61.10883153100008],[2.5231945160000464,61.11353143800005],[2.522535084000026,61.12157312700003],[2.522988013000031,61.13215933300006],[2.5206526710000503,61.14046804100008],[2.518782401000067,61.159645255000044],[2.519240206000063,61.17718974300004],[2.520680351000067,61.18520475400004],[2.5170944090000376,61.20807471900008],[2.511921136000069,61.300588522000055],[2.5176496590000284,61.32990188100007],[2.517542777000074,61.33562796600006],[2.5161079230000496,61.340213395000035],[2.51224129600007,61.34609584200007],[2.507230279000055,61.350925378000056],[2.5000297970000247,61.35577396000008],[2.487597977000064,61.36131296600007],[2.467021459000023,61.36814510500005],[2.466085895000049,61.368290380000076]]},"properties":{"id":"364645","name":"20\" Gas VISUND, VISUND T","mapLabel":null,"medium":"Gas","phase":"IN SERVICE","operator":"Gassco AS","belongsTo":"GASSLED","fromFacility":"VISUND","toFacility":"VISUND T","grouping":"Transportation","dimensionInch":20,"waterDepthM":335,"updated":"2026-02-19T23:00:00.000Z","factPageUrl":"https://factpages.sodir.no/tuf/pageview/pipeline/all/364645","source":"sodir-factmaps"}},{"type":"Feature","geometry":{"type":"LineString","coordinates":[[5.02858767500004,60.81746093100003],[5.02638369500005,60.81851879200008],[5.017272065000043,60.825559963000046],[5.014534916000059,60.82685298100006],[5.002157403000069,60.82941193700003],[4.962452644000052,60.839982888000065],[4.9450359560000265,60.84291579900008],[4.883158748000028,60.848531293000065],[4.828027084000041,60.84741660200007],[4.79110485800004,60.84894522800005],[4.78686177700007,60.847923138000056],[4.780472721000024,60.84501994800007],[4.77042147800006,60.843615775000046],[4.7645604840000715,60.83978555600004],[4.756001407000042,60.83595930400003],[4.739688055000045,60.83281598900004],[4.729895914000053,60.82950074300004],[4.7270419130000505,60.827715640000065],[4.726495021000062,60.82519753400004],[4.730023381000024,60.82013137700005],[4.7297336080000605,60.81535118600004],[4.733518974000049,60.81031203200007],[4.736140452000029,60.80227774700006],[4.749378671000045,60.78587425900008],[4.755257115000063,60.78057512000004],[4.76189572800007,60.77230487400004],[4.76233382700002,60.77055781000007],[4.761583986000062,60.76685365600008],[4.7624532630000544,60.76176846700008],[4.759362418000023,60.75666023000008],[4.757624440000029,60.75511914900005],[4.7376973110000336,60.74515052400005],[4.720953035000036,60.74019513200005],[4.718528068000069,60.73799801800004],[4.7185971980000545,60.735384916000044],[4.721260387000029,60.73321786200006],[4.737323250000031,60.72578276000007],[4.755644162000067,60.71874869900006],[4.7807155010000315,60.70728454400006],[4.801404692000062,60.69604334700006],[4.807593093000037,60.69177025200008],[4.8209001340000555,60.67888790300003],[4.840344816000027,60.656735264000076],[4.841644117000044,60.65139407000004],[4.844024357000023,60.64796896400003],[4.842558479000047,60.644527812000035],[4.842599569000072,60.64269274000003],[4.845721914000023,60.63760357800004],[4.84344902600003,60.63384340400006],[4.847496062000062,60.62500281700005]]},"properties":{"id":"365843","name":"12.75\" Condensate STURE, MONGSTAD","mapLabel":"Vestprosess","medium":"Condensate","phase":"IN SERVICE","operator":"Gassco AS","belongsTo":"VESTPROSESS","fromFacility":"STURE","toFacility":"MONGSTAD","grouping":"Transportation","dimensionInch":12.75,"waterDepthM":580,"updated":"2026-02-19T23:00:00.000Z","factPageUrl":"https://factpages.sodir.no/tuf/pageview/pipeline/all/365843","source":"sodir-factmaps"}},{"type":"Feature","geometry":{"type":"LineString","coordinates":[[4.844144161000031,60.55232849400005],[4.8491466820000255,60.616142969000066]]},"properties":{"id":"365878","name":"8\" Condensate KOLLSNES, STURE","mapLabel":"Vestprosess","medium":"Condensate","phase":"IN SERVICE","operator":"Gassco AS","belongsTo":"VESTPROSESS","fromFacility":"KOLLSNES","toFacility":"STURE","grouping":"Transportation","dimensionInch":8,"waterDepthM":0,"updated":"2026-02-19T23:00:00.000Z","factPageUrl":"https://factpages.sodir.no/tuf/pageview/pipeline/all/365878","source":"sodir-factmaps"}},{"type":"Feature","geometry":{"type":"LineString","coordinates":[[6.944112193000024,62.851187390000064],[6.958381535000058,62.86030505500008],[6.959423260000051,62.86394443700004],[6.957018781000045,62.867274777000034],[6.951920603000076,62.86975437400008],[6.9215140520000205,62.87816196300008],[6.899372117000041,62.890357797000036],[6.886763831000053,62.895389443000056],[6.8779423690000385,62.89809407400003],[6.866651819000026,62.89971525700008],[6.835691086000054,62.900840283000036],[6.793408769000052,62.904315129000054],[6.78474090900005,62.90600500900007],[6.776360025000031,62.90932002100004],[6.770639464000055,62.91340947800006],[6.767821464000065,62.918319163000035],[6.767921885000021,62.92185553400003],[6.7719826440000475,62.93272028500007],[6.769966024000041,62.94141049800004],[6.767325507000066,62.944653094000046],[6.7631428530000335,62.947724003000076],[6.75100905000005,62.95250387600004],[6.7421580810000705,62.954121272000066],[6.732587595000041,62.95475442700007],[6.6637328670000215,62.95368165800005],[6.6456048700000565,62.95247977100007],[6.61225887300003,62.95442496000004],[6.550765926000054,62.95132277300007],[6.459174290000021,62.934307465000074],[6.436829698000054,62.92923726500004],[6.200528521000024,62.89162387500005],[6.171003503000065,62.88603095500008],[6.096290740000029,62.86645988500004],[5.841645677000031,62.80968425800006],[5.192735058000039,62.65344311600006],[5.179039119000038,62.64928476400007],[5.16805032700006,62.64420325000003],[5.160993645000076,62.63947274900005],[5.141514639000036,62.62313731900008],[4.978622465000058,62.47231138600006],[4.960684536000031,62.45791773500008],[4.947600123000029,62.44160145800004],[4.924410778000038,62.42424360600006],[4.900283374000026,62.399889305000045],[4.893921011000032,62.39476206900008],[4.882510737000075,62.388684874000035],[4.787842810000029,62.350127040000075],[4.65967816400007,62.306716315000074],[4.6491805270000555,62.30172254800004],[4.640953233000062,62.29587046800003],[4.386840595000024,62.05732479400007],[4.344636654000055,61.99796521500008],[4.332018577000042,61.97311131300006],[4.312418340000022,61.949859565000054],[4.304975312000067,61.93805251500004],[4.296130666000067,61.92900739900006],[4.290320254000051,61.91952742600006],[4.284565994000047,61.91219903100006],[4.280005613000071,61.90786149100006],[4.263988796000035,61.89571100100005],[4.2348654860000465,61.87852475200003],[4.204989523000052,61.855845111000065],[4.18589253600004,61.83819738500006],[4.181146263000073,61.83233390500004],[4.174372254000048,61.82055738100007],[4.1615323140000555,61.80678562000003],[4.153989544000069,61.79640150800003],[4.146648691000053,61.78215295600006],[4.1418185030000245,61.75824142000005],[4.139069699000061,61.75357582700008],[4.127821049000033,61.739144115000045],[4.121824453000045,61.73355528800005],[4.079446744000052,61.70392865800005],[4.01489308400005,61.65523133000005],[4.011039889000074,61.65055809300003],[4.004360726000073,61.639609395000036],[3.9909156290000283,61.62635263200008],[3.9844222240000704,61.614934711000046],[3.9746336940000333,61.59146564100007],[3.9703654560000246,61.58572424300007],[3.962841843000035,61.57820889900006],[3.629645210000035,61.34868069800007],[3.5752470540000445,61.30916965900008],[3.4941252200000577,61.25486050100005],[3.459811744000035,61.230662506000044],[3.446324379000032,61.21860360900007],[3.4217356480000376,61.20227194800003],[3.4093916220000438,61.193127608000054],[3.399537991000045,61.18328136700006],[3.3971307900000625,61.179695381000045],[3.393857118000028,61.17214575700007],[3.3900880330000405,61.14091737000007],[3.3898134200000527,61.13068594500004],[3.39133732800002,61.10979967500003],[3.3887325390000456,61.091072557000075],[3.3892404930000453,61.07052961000005],[3.386327884000025,61.05200849200003],[3.3863990190000663,61.04110947400005],[3.3853480910000258,61.03080556000003],[3.3855907070000626,61.009606457000075],[3.3828177110000297,60.96977179000004],[3.38451783000005,60.953005559000076],[3.3818852460000244,60.92744223800008],[3.3831294470000444,60.88818747900007],[3.381285146000039,60.875648055000056],[3.3804014480000433,60.85401404900006],[3.3827581100000543,60.83870891400005],[3.382481609000024,60.82788237600005],[3.3802786090000723,60.812676371000066],[3.3820424450000246,60.770995379000055],[3.382309332000034,60.74562284000007],[3.378632909000032,60.729356291000045],[3.3788433060000216,60.708309787000076],[3.3780071120000343,60.69951655600005],[3.3759568800000466,60.69019304800008],[3.3765406260000645,60.674334739000074],[3.375400649000028,60.66132991500007],[3.3714542830000482,60.64588737100007],[3.3716073230000347,60.62264733100005],[3.3704546990000495,60.60500747000003],[3.3693040580000684,60.60018930500007],[3.3597768160000214,60.57601069700007],[3.356572523000068,60.56341403700003],[3.353241540000056,60.557352207000065],[3.3453150800000344,60.54765858900004],[3.324079536000056,60.53156731400003],[3.3007177020000427,60.51564386600006],[3.2823940220000623,60.50494300300005],[3.261017331000062,60.48881739300003],[3.229876516000047,60.47012808900007],[3.1705303800000593,60.42808777700003],[3.123403286000041,60.39645451100006],[3.1166471110000202,60.38970978300006],[3.079412373000025,60.34206573300003],[3.077661618000036,60.33711022800003],[3.032317368000065,60.07279054600008],[2.6643346570000404,59.23998304400004],[2.2893183750000503,58.75942305800004],[2.034369970000057,58.43835548800007],[2.0302127220000443,58.434437599000034],[2.0239184730000375,58.430420498000046],[1.9164601430000516,58.37205231200005]]},"properties":{"id":"369461","name":"42\" Gas NYHAMNA, SLEIPNER R","mapLabel":"Langeled","medium":"Gas","phase":"IN SERVICE","operator":"Gassco AS","belongsTo":"GASSLED","fromFacility":"NYHAMNA","toFacility":"SLEIPNER R","grouping":"Transportation","dimensionInch":42,"waterDepthM":360,"updated":"2026-02-19T23:00:00.000Z","factPageUrl":"https://factpages.sodir.no/tuf/pageview/pipeline/all/369461","source":"sodir-factmaps"}},{"type":"Feature","geometry":{"type":"LineString","coordinates":[[1.8997236750000752,58.36437429100005],[1.8784444960000428,58.35609134400005],[1.850168376000056,58.341046446000064],[1.8409686550000401,58.328899886000045],[1.8254167470000198,58.316999259000056],[1.817201022000063,58.30554873700004],[1.7993051200000423,58.29206202200004],[1.7869515260000526,58.27499724300003],[1.7649896310000486,58.258788380000055],[1.7496791390000226,58.23751241000008],[1.7358932240000513,58.22687385200004],[1.6188461500000244,58.108906096000055],[1.6125842930000545,58.101666754000064],[1.6101805100000206,58.09514048500006],[1.6102479710000352,58.08451709700006],[1.600064297000074,58.04743261400006],[1.5013744460000567,57.84172989900003],[1.4040535340000702,57.63632925100006],[1.3179763120000416,57.515381829000034],[1.294329689000051,57.44340294300008],[1.1896340270000678,57.22338375800007],[1.1872125620000702,57.20882620700007],[1.1685077450000563,57.04566114100004],[1.168794374000072,56.807436661000054],[1.1680715420000638,56.802779487000066],[1.166116655000053,56.79867431800005],[1.1589998640000658,56.78882488200003],[1.1120043040000382,56.74719783900008],[1.1077033910000296,56.74221661000007],[0.93727984100002,56.44282598800004],[0.9361530360000643,56.437126774000035],[0.9374363090000202,56.43101157400008],[0.9404305780000755,56.42612243900004],[0.956213688000048,56.40818799900006],[0.9584699770000498,56.40230081900006],[0.9582012160000204,56.39602659600007],[0.8252051920000554,55.97277121800005],[0.7029331190000221,55.57533902900008],[0.6506058170000415,55.058458779000034],[0.590125070000056,54.446621522000044],[0.5385089040000253,54.32905300500005],[0.39652821900006074,54.16261781900005],[0.29694777200006683,53.95965996600006],[0.27407802300007233,53.906739962000074],[0.2666142730000729,53.89413746100007],[0.18911998400005814,53.729564174000075],[0.1795312220000369,53.71570561000004],[0.17128160700002582,53.698393949000035],[0.1678026810000688,53.69372575700004],[0.1627777060000426,53.68945255800003],[0.12837551900003064,53.67071354300003],[0.12251652700007298,53.66633033100004],[0.11457160300005853,53.65843998100007]]},"properties":{"id":"369498","name":"44\" Gas SLEIPNER R, EASINGTON","mapLabel":"Langeled","medium":"Gas","phase":"IN SERVICE","operator":"Gassco AS","belongsTo":"GASSLED","fromFacility":"SLEIPNER R","toFacility":"EASINGTON","grouping":"Transportation","dimensionInch":44,"waterDepthM":83,"updated":"2026-02-19T23:00:00.000Z","factPageUrl":"https://factpages.sodir.no/tuf/pageview/pipeline/all/369498","source":"sodir-factmaps"}},{"type":"Feature","geometry":{"type":"LineString","coordinates":[[23.58594609200003,70.68557767100003],[23.572921348000023,70.68916718100007],[23.550582813000062,70.69377538500004],[23.54102814500004,70.69701795800006],[23.534477650000042,70.70129057000008],[23.523917201000074,70.71263593100008],[23.523613793000038,70.71442892100004],[23.524630372000047,70.71582517300004],[23.527663116000042,70.71746559200005],[23.56530772900004,70.73145883400008],[23.597283564000065,70.74276636200005],[23.627849920000074,70.75215881200006],[23.64358591100006,70.75994127400008],[23.648567885000034,70.76438945500007],[23.649816955000063,70.76902072300004],[23.64639039000008,70.78036613800003],[23.63988166000007,70.78752279700007],[23.631612490000066,70.79256600100007],[23.61288638900004,70.80127140900004],[23.558238189000065,70.82262667700007],[23.53521465500006,70.83027914700006],[23.526701399000046,70.83427707400006],[23.522289225000065,70.83755783400005],[23.498848826000028,70.86024091000007],[23.457120969000073,70.89239237200007],[23.441482519000033,70.90841473400008],[23.42790648600004,70.91785263600008],[23.419519129000037,70.92167507800008],[23.40636694400007,70.92545933700006],[23.390325045000054,70.92805333200005],[23.283663275000038,70.93602562300003],[23.268537010000045,70.93784902100003],[23.194795424000063,70.95464917800007],[23.17257112300007,70.96190490500004],[23.16487811500008,70.96517038000007],[23.156950307000045,70.97101471100007],[23.138507315000027,70.99483465600008],[23.13760863500005,70.99858848600007],[23.13754579500005,71.02385822400004],[23.135340426000027,71.02873361900004],[23.127286396000045,71.03912528000006],[23.076406230000032,71.07451168400007],[23.038501005000057,71.10396986900008],[23.016495518000056,71.11844334100005],[22.993404509000072,71.13533543700004],[22.966239212000062,71.15158660200007],[22.953392050000048,71.15747667300008],[22.93574956300006,71.16298521900006],[22.823793057000046,71.19085584900006],[22.75444383300004,71.21334019600005],[22.71723207200006,71.22761517700008],[22.660245603000078,71.24295054000004],[22.519011501000023,71.29560236800006],[22.49223760600006,71.30623040500006],[22.430968389000043,71.32783738800003],[22.29935572000005,71.37653707000004],[22.284578295000074,71.38094695100006],[22.26864122300003,71.38420473100007],[22.212954170000046,71.39316162400007],[22.073299373000054,71.42003251200003],[22.01908677700004,71.42898941300007],[21.982634516000076,71.43814482700003],[21.940107089000037,71.44610232200006],[21.86863948200005,71.45669948000005],[21.822346598000024,71.46628971000007],[21.734926518000066,71.48173163000007],[21.689070455000035,71.49107771000007],[21.461948061000044,71.53008680600004],[21.438241756000025,71.53506884200004],[21.40186981200003,71.54137072300006],[21.348147211000025,71.55269284100007],[21.316303679000043,71.55769770000006],[21.261210000000062,71.56422068900008],[21.24624385100003,71.56695201800005],[21.227231824000057,71.57161364200005],[21.224939068000026,71.57149154800004]]},"properties":{"id":"370369","name":"28\" Gas SNØHVIT PLEM-1, MELKØYA","mapLabel":"Snøhvit Gassrør","medium":"Gas","phase":"IN SERVICE","operator":"Equinor Energy AS","belongsTo":"SNØHVIT","fromFacility":"SNØHVIT PLEM-1","toFacility":"MELKØYA","grouping":"Transportation","dimensionInch":28,"waterDepthM":325,"updated":"2026-02-19T23:00:00.000Z","factPageUrl":"https://factpages.sodir.no/tuf/pageview/pipeline/all/370369","source":"sodir-factmaps"}},{"type":"Feature","geometry":{"type":"LineString","coordinates":[[23.586253963000047,70.68538596800005],[23.57069341600004,70.68950287400008],[23.551401136000038,70.69342442200008],[23.541791158000024,70.69656017900007],[23.533752797000034,70.70156523500003],[23.523570035000034,70.71275037500004],[23.52333720400003,70.71455099400004],[23.52698979200005,70.71735114000006],[23.596110494000072,70.74253746000005],[23.626749335000056,70.75190702100008],[23.64036241200006,70.75841530000008],[23.647288030000027,70.76367224900008],[23.648825300000055,70.76573992300007],[23.64937638200007,70.76829589400006],[23.645936392000067,70.78070947400005],[23.643073041000036,70.78449381000007],[23.638735239000027,70.78808738900005],[23.63311944800006,70.79157414500008],[23.615259340000023,70.80019563100007],[23.55801692700004,70.82258089700008],[23.531458797000028,70.83138543300004],[23.522903574000054,70.83540624800008],[23.518995008000047,70.83812241100003],[23.497647233000066,70.85871495200007],[23.45688650900007,70.89013396400003],[23.438304682000023,70.90860545400005],[23.42541918300003,70.91753216700005],[23.416774318000023,70.92136986700007],[23.403854860000024,70.92492523500005],[23.388049495000075,70.92738189700003],[23.28336766700005,70.93534657300006],[23.266280512000037,70.93748277600008],[23.193013887000063,70.95423715900006],[23.169599299000026,70.96197355000004],[23.161349287000064,70.96561287900005],[23.15380297200005,70.97143432300004],[23.13724089300007,70.99299587600007],[23.136359351000067,70.99717697300008],[23.13622613700005,71.01961607200008],[23.132120626000074,71.02888618900005],[23.12461597300006,71.03887347800008],[23.075708228000053,71.07273394700007],[23.03611672100004,71.10342050800006],[23.013701103000074,71.11828309500004],[22.989282438000032,71.13606786200006],[22.96086772700005,71.15270813500007],[22.948342946000025,71.15830827800005],[22.934435363000034,71.16246638700005],[22.820907074000047,71.19082530700007],[22.74821017900007,71.21441594300006],[22.717020422000076,71.22656989800004],[22.659972925000034,71.24175266700007],[22.520348773000023,71.29370257000005],[22.490034534000074,71.30566578700007],[22.429986126000074,71.32679210400005],[22.29807969500007,71.37568252800008],[22.28272811200003,71.38026025900007],[22.268568816000027,71.38321286300004],[22.207947099000023,71.39303950800007],[22.074421057000052,71.41877361200005],[22.016475504000027,71.42848582900007],[21.98211385600007,71.43716821500004],[21.963838210000063,71.44073116400006],[21.933722817000046,71.44617856900004],[21.864427827000043,71.45650107300008],[21.815494984000054,71.46654143700005],[21.734245625000028,71.48083894400008],[21.677881221000064,71.49205422900008],[21.459983432000058,71.52940774200005],[21.436738740000067,71.53429822500004],[21.40181076700003,71.54031018700005],[21.343308001000025,71.55251731700008],[21.304170295000063,71.55812486700006],[21.22924679700003,71.56307596600004],[21.11590259600007,71.57608376600007],[21.106347895000056,71.57898299400006],[21.101140241000053,71.58251552700006],[21.100127214000054,71.58453740300007],[21.097520323000026,71.60037674900008],[21.09365551700006,71.60392455200008],[21.089008766000063,71.60611425300004],[21.081703041000026,71.60801400100007],[21.056428942000025,71.61118777100006]]},"properties":{"id":"370578","name":"8\" Co2 injection MELKØYA, SNØHVIT F","mapLabel":null,"medium":"Co2 injection","phase":"IN SERVICE","operator":"Equinor Energy AS","belongsTo":"SNØHVIT","fromFacility":"MELKØYA","toFacility":"SNØHVIT F","grouping":"Transportation","dimensionInch":8,"waterDepthM":318,"updated":"2026-02-19T23:00:00.000Z","factPageUrl":"https://factpages.sodir.no/tuf/pageview/pipeline/all/370578","source":"sodir-factmaps"}},{"type":"Feature","geometry":{"type":"LineString","coordinates":[[6.9421581350000565,62.84994896200004],[6.959857964000037,62.86072472700005],[6.96163785400006,62.86366325800003],[6.960477241000035,62.86682427400007],[6.954340665000075,62.870241114000066],[6.924200421000023,62.877759137000055],[6.901906780000047,62.89022291300006],[6.878689919000067,62.89805604800006],[6.865633100000025,62.89993231500006],[6.834792408000055,62.90099887400004],[6.794600697000021,62.90459189000006],[6.7848308980000525,62.90657007900006],[6.77689747900007,62.90978454900005],[6.771264853000048,62.91406391000004],[6.7687319030000594,62.91870593200008],[6.768877598000074,62.922162685000046],[6.772840977000044,62.93260737000003],[6.770977954000045,62.94161528800004],[6.768306820000021,62.94494636400003],[6.7643098620000615,62.94794322200005],[6.752608027000065,62.95269414200004],[6.743568803000073,62.95443286900007],[6.733600684000066,62.95509934200004],[6.637926583000024,62.95329932400006],[6.624070594000045,62.95453593500008],[6.602562624000029,62.95788056300006],[6.502210527000045,62.96665586300003],[6.4519581320000725,62.97373757100007],[6.423490933000039,62.97933100000006],[6.2995359860000235,63.00703671800005],[6.176313529000026,63.04863042100004],[6.15808945200007,63.05567608800004],[6.026805834000072,63.117005954000035],[5.893643181000073,63.19950851700008],[5.792140435000022,63.26721946100008],[5.787714219000065,63.27090959100008],[5.776678651000054,63.282681496000066],[5.764345932000026,63.28905387400005],[5.7434326660000465,63.303021423000075],[5.741419101000076,63.305331384000056],[5.736293502000024,63.31629005600007],[5.733978055000023,63.31886966500008],[5.7066742800000725,63.33273795400004],[5.703487673000041,63.335063123000054],[5.690381445000071,63.360945196000046],[5.667342192000035,63.37421216100006],[5.646298552000076,63.394266290000076],[5.638468314000022,63.39965304900005],[5.620265900000049,63.40735961200005],[5.611631803000023,63.410019770000076],[5.58884740600007,63.414283666000074],[5.559986079000055,63.42140096800006],[5.537931453000056,63.42260361600006],[5.522278416000063,63.424479648000045],[5.499447247000035,63.43141450300004],[5.479257336000046,63.43539714800005],[5.451145016000055,63.44418018600004],[5.430991597000059,63.45214669600006],[5.416144993000046,63.459092706000035],[5.395647718000021,63.464221044000055],[5.38704838700005,63.46796389600007],[5.380603329000053,63.47385493300004],[5.377337548000071,63.48270691000005],[5.378203997000071,63.486367192000046],[5.388158255000064,63.50515330700006],[5.388012237000055,63.50906847700003],[5.385125217000052,63.516054231000055],[5.385012236000023,63.52772002200004]]},"properties":{"id":"371254","name":"30\" Gas ORMEN LANGE A, NYHAMNA","mapLabel":"Ormen Lange PL-A","medium":"Gas","phase":"IN SERVICE","operator":"A/S Norske Shell","belongsTo":"ORMEN LANGE","fromFacility":"ORMEN LANGE A","toFacility":"NYHAMNA","grouping":"Transportation","dimensionInch":30,"waterDepthM":850,"updated":"2026-02-19T23:00:00.000Z","factPageUrl":"https://factpages.sodir.no/tuf/pageview/pipeline/all/371254","source":"sodir-factmaps"}},{"type":"Feature","geometry":{"type":"LineString","coordinates":[[6.942111366000063,62.849965302000044],[6.959040852000044,62.86034857200008],[6.960627553000052,62.86366155600007],[6.959265840000057,62.86668677500006],[6.953561050000076,62.86984200900008],[6.923442551000051,62.87781845100005],[6.90294923700003,62.88951130600003],[6.897629907000066,62.89182599000003],[6.874766492000049,62.89876413200005],[6.852034690000039,62.900754523000046],[6.835142069000028,62.90092895600003],[6.79504098700005,62.90433110400005],[6.784820873000058,62.906306578000056],[6.776650388000064,62.90951238500003],[6.770896564000054,62.91377658400006],[6.768279964000044,62.91842459500003],[6.768383447000076,62.921951731000036],[6.772443982000027,62.932674528000064],[6.770591012000068,62.94145561700003],[6.7679504600000655,62.944798984000045],[6.764159019000033,62.94771845100007],[6.752093788000025,62.95261156300006],[6.742726572000038,62.95439961800008],[6.733095973000047,62.955015582000044],[6.637879003000023,62.95316603800006],[6.6240723950000415,62.954388048000055],[6.601589470000022,62.95771438500003],[6.50283154300007,62.966264874000046],[6.4517112500000735,62.97337741300004],[6.420970840000052,62.97936216200003],[6.299135844000034,63.00661123600008],[6.175628627000037,63.04826809800005],[6.1580370830000675,63.05508879300004],[6.025809679000076,63.11685093600005],[5.897343774000035,63.196260136000035],[5.791119130000027,63.26705798300003],[5.775943347000066,63.28227748100005],[5.76395343400003,63.28844163400004],[5.742385341000045,63.30282736200007],[5.74037925500005,63.305137384000034],[5.735074564000058,63.31627073100003],[5.733039794000035,63.31855887100005],[5.705758502000037,63.332497954000075],[5.702407408000056,63.334911274000035],[5.689251751000029,63.36075528400005],[5.667330868000022,63.37338748700006],[5.6447567690000255,63.39475511200004],[5.637076475000072,63.39996683600003],[5.616539009000064,63.40825277500005],[5.5866700560000595,63.41430397100004],[5.57374773500004,63.418102555000075],[5.524072343000057,63.42371323700007],[5.514789466000025,63.42585345500004],[5.4971823420000305,63.43164821600004],[5.471425533000058,63.43518426600008],[5.439962974000025,63.44402156700005],[5.43373570600005,63.44675213600004],[5.424217266000028,63.45377085200005],[5.417665763000059,63.45707442100007],[5.389040021000028,63.46496454600003],[5.382733410000071,63.46761710100003],[5.377936107000039,63.47151623500008],[5.376243479000038,63.47609489400003],[5.377384439000025,63.484921772000064],[5.38778308600007,63.50517881300004],[5.387333470000044,63.50890203200004],[5.383505713000034,63.51759187600004],[5.384764616000041,63.52771463900007]]},"properties":{"id":"371292","name":"30\" Gas ORMEN LANGE B, NYHAMNA","mapLabel":"Ormen Lange PL-B","medium":"Gas","phase":"IN SERVICE","operator":"A/S Norske Shell","belongsTo":"ORMEN LANGE","fromFacility":"ORMEN LANGE B","toFacility":"NYHAMNA","grouping":"Transportation","dimensionInch":30,"waterDepthM":850,"updated":"2026-02-19T23:00:00.000Z","factPageUrl":"https://factpages.sodir.no/tuf/pageview/pipeline/all/371292","source":"sodir-factmaps"}},{"type":"Feature","geometry":{"type":"LineString","coordinates":[[1.987973643000032,59.56670501500008],[1.9107094610000672,59.55466017400005],[1.8014114950000248,59.523663242000055],[1.6078261660000521,59.47925991900007],[1.388410431000068,59.47796779500004]]},"properties":{"id":"375427","name":"14\" Gas ALVHEIM FPSO, SAGE-T","mapLabel":"Alvheim Rikgassrør","medium":"Gas","phase":"IN SERVICE","operator":"Aker BP ASA","belongsTo":"ALVHEIM","fromFacility":"ALVHEIM FPSO","toFacility":"SAGE-T","grouping":"Transportation","dimensionInch":14,"waterDepthM":123,"updated":"2026-02-19T23:00:00.000Z","factPageUrl":"https://factpages.sodir.no/tuf/pageview/pipeline/all/375427","source":"sodir-factmaps"}},{"type":"Feature","geometry":{"type":"LineString","coordinates":[[1.8213225270000635,61.20381407000008],[1.820999405000066,61.203240306000055],[1.8366702920000648,61.19213548200008],[1.8517592680000234,61.174984119000044],[1.8531887620000589,61.17250067100008],[1.8532000240000457,61.16924660700005],[1.8469688390000556,61.15227427600007],[1.8243896220000693,61.128858464000075],[1.815293835000034,61.11030675100005],[1.7957900810000638,61.08893573700004],[1.7844769160000737,61.066210554000065],[1.7657435950000604,61.04554529700005],[1.7587082720000353,61.04060879800005],[1.7500951070000497,61.03682054900008],[1.6984609030000684,61.021510926000076]]},"properties":{"id":"377106","name":"32\" Gas STATFJORD B, FLAGS-T","mapLabel":"Tampen Link","medium":"Gas","phase":"IN SERVICE","operator":"Gassco AS","belongsTo":"GASSLED","fromFacility":"STATFJORD B","toFacility":"FLAGS-T","grouping":"Transportation","dimensionInch":32,"waterDepthM":145,"updated":"2026-02-19T23:00:00.000Z","factPageUrl":"https://factpages.sodir.no/tuf/pageview/pipeline/all/377106","source":"sodir-factmaps"}},{"type":"Feature","geometry":{"type":"LineString","coordinates":[[6.801860760000068,65.09419232700003],[6.845862289000024,65.10541933600007],[6.892409809000071,65.12383514800007],[6.909740354000064,65.12901434600008],[6.924661161000074,65.13542147000004],[6.930531830000064,65.13915240600005],[6.941370136000046,65.15178586900004],[6.952099966000048,65.15952818800008],[6.970172231000049,65.17576808900003],[6.978617776000021,65.18872306800006],[6.992581040000061,65.20080871000005],[7.0164566360000435,65.22085003500007],[7.051751363000051,65.24323751900005],[7.070304260000057,65.25940136400004],[7.093981382000038,65.28438174600007],[7.112253219000024,65.30060337400005],[7.16869058900005,65.34391936300005],[7.1818157330000645,65.35619238700008],[7.192616690000023,65.36393974200007],[7.209784421000052,65.38515272300003],[7.2199863560000495,65.40716491600006],[7.240516863000039,65.42787108400006],[7.253677196000069,65.45420452100007],[7.257431779000058,65.45840137900007],[7.275622020000071,65.46946391100005],[7.309315123000033,65.48060462300003],[7.369745832000035,65.50618815900003],[7.4069135720000645,65.52815047900003],[7.422121215000061,65.54002449000006],[7.458719076000023,65.56222849900007],[7.5112654560000465,65.58484335700007],[7.546454742000037,65.60186412900003],[7.569927829000051,65.61114244200007],[7.58954823800002,65.62185842900004],[7.618463434000034,65.63520913400004],[7.647535583000035,65.65413952900008],[7.65166003500002,65.65828142700008],[7.659099638000043,65.67592409100007],[7.654025838000052,65.69350028200006]]},"properties":{"id":"406393","name":"26\" Gas SKARV ERB, ÅSGARD T","mapLabel":"Skarv Gassrør","medium":"Gas","phase":"IN SERVICE","operator":"Aker BP ASA","belongsTo":"SKARV","fromFacility":"SKARV ERB","toFacility":"ÅSGARD T","grouping":"Transportation","dimensionInch":26,"waterDepthM":440,"updated":"2026-02-19T23:00:00.000Z","factPageUrl":"https://factpages.sodir.no/tuf/pageview/pipeline/all/406393","source":"sodir-factmaps"}},{"type":"Feature","geometry":{"type":"LineString","coordinates":[[1.6982571140000573,61.020290173000035],[1.7267597960000671,61.01868829300008],[1.9534193540000615,61.02447060700007],[1.9677071980000278,61.02552749700004],[2.4755734610000673,61.10054129700006],[2.588268544000073,61.11813294400008],[2.699267119000069,61.133405140000036],[2.7658896550000236,61.14397689900005],[2.8379176280000706,61.15299608000004],[2.8800923890000263,61.16039740000008],[2.9353760100000272,61.16842833000004],[2.982602651000036,61.17372391600003],[3.075776359000031,61.18785906200003],[3.167253785000071,61.199827353000046],[3.352707252000073,61.225846869000065],[3.399099551000063,61.233114717000035],[3.5656832250000434,61.24688833500005],[3.606628600000022,61.25131023800003],[3.669574732000058,61.25572477700007],[3.9076692660000276,61.274843848000046],[3.9207098640000595,61.27701083800008],[3.932409714000073,61.280707567000036],[3.9423262850000356,61.28613240000004],[3.948475705000021,61.291950118000045],[3.9513989820000575,61.29780212900005],[3.951451336000048,61.30430263100004],[3.9487704100000656,61.31012405700005],[3.9432732210000268,61.31546859400004],[3.9365346070000555,61.31964577200006],[3.928458226000032,61.323033260000045],[3.903313719000039,61.32972632800005]]},"properties":{"id":"406790","name":"28\" Gas GJØA, GJØA-T","mapLabel":"Gjøa Gassrør","medium":"Gas","phase":"IN SERVICE","operator":"Gassco AS","belongsTo":"GJØA GASSRØR","fromFacility":"GJØA","toFacility":"GJØA-T","grouping":"Transportation","dimensionInch":28,"waterDepthM":385,"updated":"2026-02-19T23:00:00.000Z","factPageUrl":"https://factpages.sodir.no/tuf/pageview/pipeline/all/406790","source":"sodir-factmaps"}},{"type":"Feature","geometry":{"type":"LineString","coordinates":[[4.059214268000062,60.848692861000075],[4.003313137000021,61.13609516100007],[3.994715165000059,61.184333809000066],[3.973080246000052,61.29330468400008],[3.9697994060000497,61.29980514500005],[3.96433649100004,61.306259803000046],[3.956790237000064,61.312229950000074],[3.9481444130000227,61.317204409000055],[3.9384197520000725,61.32138918000004],[3.9277776650000646,61.32484530500005],[3.9041185950000568,61.330506255000046],[3.9040280810000354,61.33052029000004]]},"properties":{"id":"406833","name":"16\" Oil GJØA, TOR II Y","mapLabel":"Gjøa Oljerør","medium":"Oil","phase":"IN SERVICE","operator":"Vår Energi ASA","belongsTo":"GJØA","fromFacility":"GJØA","toFacility":"TOR II Y","grouping":"Transportation","dimensionInch":16,"waterDepthM":365,"updated":"2026-02-19T23:00:00.000Z","factPageUrl":"https://factpages.sodir.no/tuf/pageview/pipeline/all/406833","source":"sodir-factmaps"}},{"type":"Feature","geometry":{"type":"LineString","coordinates":[[4.836955029000023,60.54487923600004],[4.797357628000043,60.527705139000034],[4.759477111000024,60.51539418600004],[4.7271352200000365,60.50327785600007],[4.711888053000052,60.49972224000004],[4.702248551000025,60.498535709000066],[4.681742071000031,60.497375755000064],[4.666850923000027,60.497760880000044],[4.642531320000046,60.50107951000007],[4.403293448000056,60.54802600100004],[4.108076033000032,60.60478359800004],[4.010259357000052,60.61608963800006],[3.9860020500000246,60.61807688300007],[3.9489820480000617,60.62485542400003],[3.910594420000052,60.62709428000005],[3.877318684000045,60.63335404600008],[3.8442364730000236,60.636325415000044],[3.803202016000057,60.64470232600007],[3.77453880500002,60.647368560000075],[3.73394657700004,60.64555000300004]]},"properties":{"id":"414837","name":"36\" Gas TROLL A, KOLLSNES","mapLabel":"Troll Gassrør P12","medium":"Gas","phase":"IN SERVICE","operator":"Equinor Energy AS","belongsTo":"TROLL I","fromFacility":"TROLL A","toFacility":"KOLLSNES","grouping":"Transportation","dimensionInch":36,"waterDepthM":347,"updated":"2026-02-19T23:00:00.000Z","factPageUrl":"https://factpages.sodir.no/tuf/pageview/pipeline/all/414837","source":"sodir-factmaps"}},{"type":"Feature","geometry":{"type":"LineString","coordinates":[[1.914496775000032,58.364538881000044],[1.9220261640000444,58.36235390100006],[1.9318419830000266,58.36215813300004],[1.9372128690000636,58.36344217800007],[1.9414331890000653,58.36560939900005],[1.9440045070000451,58.36841020600008],[1.9446053670000651,58.37149491400004],[1.94260097800003,58.37511562900005],[1.8740792470000542,58.43880423500008],[1.8706331560000535,58.44358485300006],[1.8411206130000437,58.55699616600003],[1.8174558170000523,58.609147102000065],[1.7710097400000677,58.75930584200006],[1.7580103020000593,58.807363003000034],[1.7586359590000598,58.810692276000054],[1.7629439260000481,58.81725953000006],[1.7615340740000534,58.824242162000075],[1.7630218370000534,58.82998499100006],[1.7628162200000475,58.83258075900005],[1.7612583330000575,58.83526472300008],[1.7584067910000272,58.837656526000046],[1.748885117000043,58.841843416000074]]},"properties":{"id":"425234","name":"12\" Oil GUDRUN, SLEIPNER A","mapLabel":"Gudrun Oljerør","medium":"Oil","phase":"IN SERVICE","operator":"Equinor Energy AS","belongsTo":"GUDRUN","fromFacility":"GUDRUN","toFacility":"SLEIPNER A","grouping":"Transportation","dimensionInch":12,"waterDepthM":109,"updated":"2026-02-19T23:00:00.000Z","factPageUrl":"https://factpages.sodir.no/tuf/pageview/pipeline/all/425234","source":"sodir-factmaps"}},{"type":"Feature","geometry":{"type":"LineString","coordinates":[[1.8971714590000488,58.369928068000036],[1.8939902950000373,58.37096793000006],[1.8882835250000198,58.373715522000055],[1.8830997290000369,58.377908510000054],[1.8804145150000409,58.38238038600008],[1.8701435940000692,58.44297870100007],[1.840703774000076,58.55664564400007],[1.8169350520000762,58.60913604500007],[1.7705751230000715,58.75899793500008],[1.7571849370000336,58.80814752200007],[1.755043158000035,58.820428469000035],[1.7561888110000723,58.82317819300005],[1.7605335790000254,58.828219872000034],[1.7609296700000527,58.832511872000055],[1.7595535710000263,58.83503972700004],[1.7570384980000426,58.83731985800006],[1.7488507850000587,58.84182066000005]]},"properties":{"id":"425280","name":"14\" Gas GUDRUN, SLEIPNER A","mapLabel":"Gudrun Gassrør","medium":"Gas","phase":"IN SERVICE","operator":"Equinor Energy AS","belongsTo":"GUDRUN","fromFacility":"GUDRUN","toFacility":"SLEIPNER A","grouping":"Transportation","dimensionInch":14,"waterDepthM":109,"updated":"2026-02-19T23:00:00.000Z","factPageUrl":"https://factpages.sodir.no/tuf/pageview/pipeline/all/425280","source":"sodir-factmaps"}},{"type":"Feature","geometry":{"type":"LineString","coordinates":[[1.907630275000031,58.07465306600005],[1.9035838860000354,58.06667436100008],[1.9039371300000312,58.06073144900006],[1.924342915000068,58.02985956900005],[1.9261766310000326,58.02955877900007],[1.925419484000031,58.02824129800007],[1.9274726860000442,58.02771027500006],[1.9276847690000523,58.02697623800003],[1.925810203000026,58.02722285900006]]},"properties":{"id":"433795","name":"6\" Gas PETROJARL VARG, 15/12-C Rev","mapLabel":"Varg Gassrør","medium":"Gas","phase":"ABANDONED IN PLACE","operator":"Repsol Norge AS","belongsTo":"VARG","fromFacility":"PETROJARL VARG","toFacility":"15/12-C Rev","grouping":"Transportation","dimensionInch":6,"waterDepthM":113,"updated":"2026-09-16T22:00:00.000Z","factPageUrl":"https://factpages.sodir.no/tuf/pageview/pipeline/all/433795","source":"sodir-factmaps"}},{"type":"Feature","geometry":{"type":"LineString","coordinates":[[1.7855818450000243,61.04926120500005],[2.0349412940000207,61.24628589000008],[2.045082947000026,61.255659097000034],[2.061824303000037,61.27692326300007],[2.07023603600004,61.28447676600007],[2.0914947890000235,61.29788621900008],[2.1308976100000336,61.31383277000003],[2.1509789260000503,61.32448788900007],[2.174910753000063,61.34084625200006],[2.1806866900000728,61.343936350000035],[2.358393012000022,61.46032955900006],[2.383951704000026,61.479499487000055],[2.4022823100000323,61.48925428100006],[2.419950955000047,61.500683785000035],[2.439451418000033,61.51666061000003],[2.4695432160000337,61.53301523600004],[2.50141155700004,61.55316947400007],[2.5384522930000344,61.57801603900003],[2.60825185300007,61.61933171000004],[2.625190524000061,61.63356512000007],[2.660649650000039,61.65645464900007],[2.831955196000024,61.75111079100003],[2.8391105120000475,61.75702389600008],[2.842852267000069,61.76325740500005],[2.843272281000054,61.769296316000066],[2.8403980470000647,61.77785542600003]]},"properties":{"id":"433996","name":"12\" Gas PETROJARL KNARR , FLAGS TCS","mapLabel":"Knarr Gassrør","medium":"Gas","phase":"DECOMMISSIONED","operator":"Gassco AS","belongsTo":"KNARR GASSRØR","fromFacility":"PETROJARL KNARR ","toFacility":"FLAGS TCS","grouping":"Transportation","dimensionInch":12,"waterDepthM":410,"updated":"2026-02-19T23:00:00.000Z","factPageUrl":"https://factpages.sodir.no/tuf/pageview/pipeline/all/433996","source":"sodir-factmaps"}},{"type":"Feature","geometry":{"type":"LineString","coordinates":[[2.4934127350000495,61.08370390200008],[2.492477327000074,61.08381877700003],[2.478533933000051,61.08328458500006],[2.465953668000054,61.08109534400006],[2.373743336000075,61.053460123000036],[2.3448184130000413,61.042774605000034]]},"properties":{"id":"434386","name":"8\" Condensate VALEMON, KVITEBJØRN","mapLabel":"Valemon Kondensatrør","medium":"Condensate","phase":"IN SERVICE","operator":"Equinor Energy AS","belongsTo":"VALEMON KONDENSATRØR","fromFacility":"VALEMON","toFacility":"KVITEBJØRN","grouping":"Transportation","dimensionInch":8,"waterDepthM":190,"updated":"2026-02-19T23:00:00.000Z","factPageUrl":"https://factpages.sodir.no/tuf/pageview/pipeline/all/434386","source":"sodir-factmaps"}},{"type":"Feature","geometry":{"type":"LineString","coordinates":[[2.6444057770000313,60.849888873000054],[2.445916650000072,60.97270160200003],[2.403226848000031,60.99835210400005],[2.3864160390000393,61.01439332700005],[2.3628223810000577,61.02347237200007],[2.3434276970000383,61.03680237200007]]},"properties":{"id":"434432","name":"22\" Gas VALEMON, HULDRA","mapLabel":"Valemon Gassrør","medium":"Gas","phase":"DECOMMISSIONED","operator":"Gassco AS","belongsTo":"VALEMON GASSRØR","fromFacility":"VALEMON","toFacility":"HULDRA","grouping":"Transportation","dimensionInch":22,"waterDepthM":135,"updated":"2026-02-19T23:00:00.000Z","factPageUrl":"https://factpages.sodir.no/tuf/pageview/pipeline/all/434432","source":"sodir-factmaps"}},{"type":"Feature","geometry":{"type":"MultiLineString","coordinates":[[[2.0161015360000647,59.89414423300008],[2.0160960760000535,59.89414106700008]],[[2.015751809000051,59.89429095100007],[2.015754156000071,59.89428992900008],[2.015753807000067,59.89429219900006],[2.0157493410000598,59.89429202400004],[2.01575174900006,59.894290976000036]],[[2.0160906170000317,59.89413790100008],[2.0160960760000535,59.89414106700008],[2.015754156000071,59.89428992900008],[2.0157496890000743,59.894289754000056],[2.0157493410000598,59.89429202400004],[2.015738243000044,59.89429685700003]],[[2.015732627000034,59.89433629800004],[2.0157422470000483,59.894341877000045],[2.0157419540000205,59.89434409300003],[2.015746380000053,59.89434430600005],[2.0157443290000288,59.89434308400007],[2.0157422470000483,59.894341877000045],[2.0157468240000753,59.89434202400008],[2.015746380000053,59.89434430600005],[2.015860187000044,59.89441211900004],[2.015853815000071,59.894414819000076]],[[2.015696184000035,59.89431516600007],[2.015738243000044,59.89429685700003],[2.0157191760000615,59.89431599200003],[2.015732627000034,59.89433629800004],[2.015696184000035,59.89431516600007]],[[2.0158665610000526,59.894409419000056],[2.015860187000044,59.89441211900004],[2.0717923550000705,59.92848037400006],[2.094392403000029,59.95517729300008],[2.096745424000062,59.95940752200005],[2.0974228650000555,59.96359185500006],[1.9989827490000494,60.46536306400003],[1.999534570000037,60.46917977600003],[2.0097498130000417,60.49067125400006],[2.0096956570000657,60.50151141400005]]]},"properties":{"id":"438653","name":"24\" Gas MARTIN LINGE A, FRIGG TP1-Y","mapLabel":"Martin Linge Gassrør","medium":"Gas","phase":"IN SERVICE","operator":"Equinor Energy AS","belongsTo":"MARTIN LINGE GASSRØR","fromFacility":"MARTIN LINGE A","toFacility":"FRIGG TP1-Y","grouping":"Transportation","dimensionInch":24,"waterDepthM":115,"updated":"2026-02-19T23:00:00.000Z","factPageUrl":"https://factpages.sodir.no/tuf/pageview/pipeline/all/438653","source":"sodir-factmaps"}},{"type":"Feature","geometry":{"type":"LineString","coordinates":[[2.5295273200000565,59.19692130100003],[2.3159049780000487,58.96595669800007],[2.298764100000028,58.95155605200006],[2.2812487930000316,58.941466269000045],[2.270105215000058,58.92899695700004],[2.268958332000068,58.92677351100008],[2.2661151020000716,58.914281466000034],[2.2552847320000637,58.903819645000056],[2.25342097500004,58.892801303000056],[2.2462305940000533,58.883067607000044],[2.2444349050000483,58.87298181400007],[2.2379620610000757,58.86389008600008],[2.2369421680000414,58.857275007000055],[2.2373052310000503,58.85539550500005],[2.2403279210000733,58.84932353500005],[2.2436514730000567,58.84634258500006]]},"properties":{"id":"441799","name":"28\" Oil EDVARD GRIEG, GRANE-Y","mapLabel":"Edvard Grieg Oljerør","medium":"Oil","phase":"IN SERVICE","operator":"Equinor Energy AS","belongsTo":"EDVARD GRIEG OLJERØR","fromFacility":"EDVARD GRIEG","toFacility":"GRANE-Y","grouping":"Transportation","dimensionInch":28,"waterDepthM":128,"updated":"2026-02-19T23:00:00.000Z","factPageUrl":"https://factpages.sodir.no/tuf/pageview/pipeline/all/441799","source":"sodir-factmaps"}},{"type":"Feature","geometry":{"type":"LineString","coordinates":[[1.3894776060000709,59.47740774300007],[1.387266931000056,59.46311274100003],[1.3876534360000505,59.459784857000045],[1.46445953500006,59.26967351900004],[1.4728543080000236,59.25473024200005],[1.5496039260000316,59.16073906000008],[1.560530778000043,59.14929301500007],[1.5794314610000697,59.12682522600005],[2.121340048000036,58.88046534800003],[2.131889362000038,58.87653125800006],[2.1424744970000233,58.870455872000036],[2.1553063150000753,58.86569454900007],[2.16547896000003,58.859773121000046],[2.178299225000046,58.85500694700005],[2.1886466880000626,58.84901360400005],[2.2013008710000577,58.84431417800005],[2.2114681060000407,58.83839461000008],[2.2213674460000448,58.834679323000046],[2.2280240380000578,58.83100725600008],[2.234676089000061,58.82872646200008],[2.2399296620000655,58.82804096700005],[2.2460212990000628,58.828591750000044],[2.251027382000075,58.83046355300007],[2.2538253650000684,58.833055106000074],[2.2543495180000264,58.83608892500007],[2.253089336000073,58.838336550000065],[2.2525443730000347,58.83882149500005]]},"properties":{"id":"442969","name":"16\" Gas EDVARD GRIEG, SAGE-T","mapLabel":"Utsirahøyden Gassrør","medium":"Gas","phase":"IN SERVICE","operator":"Gassco AS","belongsTo":"UTSIRAHØYDEN GASSRØR","fromFacility":"EDVARD GRIEG","toFacility":"SAGE-T","grouping":"Transportation","dimensionInch":16,"waterDepthM":117,"updated":"2026-02-19T23:00:00.000Z","factPageUrl":"https://factpages.sodir.no/tuf/pageview/pipeline/all/442969","source":"sodir-factmaps"}},{"type":"Feature","geometry":{"type":"LineString","coordinates":[[6.947451976000025,62.85328282900008],[6.954916984000022,62.857801100000074],[6.957577914000069,62.860744252000075],[6.9577007210000374,62.864327400000036],[6.95455942600006,62.86773550400005],[6.949663134000048,62.869992540000055],[6.9212067080000566,62.87813854800004],[6.898758265000026,62.89033079100005],[6.882950375000064,62.89662186800007],[6.865633608000053,62.899742797000044],[6.835518518000072,62.900749493000035],[6.792725868000048,62.90402213500005],[6.781436342000063,62.90654010800006],[6.773169841000026,62.910452174000056],[6.7692065100000605,62.91398327300004],[6.758639358000039,62.92823173600004],[6.754041692000044,62.93738005900008],[6.752952149000066,62.94648242100004],[6.755159355000046,62.96214809000003],[6.751015368000026,62.977313665000054],[6.7512659390000636,62.98518399200003],[6.754189635000046,62.99244132400008],[6.760102428000039,62.999791694000066],[6.802321068000026,63.03230251800005],[6.962102522000066,63.12290408800004],[6.972412509000037,63.12951547900008],[6.982240417000071,63.13722691000004],[6.989573256000028,63.14463129900008],[6.995473021000066,63.15246169000005],[7.000229685000022,63.16139211300003],[7.017143546000057,63.22756103900008],[7.0290838610000606,63.282397443000036],[7.043021746000022,63.32822149800006],[7.052733746000058,63.36930531100006],[7.054989788000057,63.38747308900008],[7.060593148000066,63.40209876000006],[7.061718804000066,63.42628777500005],[7.076153121000061,63.48186424600004],[7.092874033000044,63.52831536600007],[7.096789284000067,63.54367704900005],[7.097445046000075,63.54819724500004],[7.097476857000061,63.56877810000003],[7.1127268230000595,63.63035783600003],[7.124363120000055,63.66666748100005],[7.124734839000041,63.67171869500004],[7.123176329000046,63.696637715000065],[7.12359211200004,63.70059688400005],[7.134999779000054,63.73029725300006],[7.139232337000067,63.75744643300004],[7.159934845000066,63.82928966900005],[7.1654993020000575,63.84185325700008],[7.166492663000042,63.85325974500006],[7.178407216000039,63.90175490800004],[7.185641316000044,63.921279807000076],[7.222592950000035,64.06676532300003],[7.2496192530000485,64.16084458000006],[7.272713525000029,64.26891138600007],[7.271948102000067,64.27539365000007],[7.259921062000046,64.31798330300006],[7.256596237000053,64.34577043400003],[7.257038944000044,64.35081365200006],[7.261661509000021,64.36063011800007],[7.262658208000062,64.36610536100005],[7.261177528000076,64.37628577200007],[7.261444647000076,64.39076738500006],[7.258132342000067,64.42616183900003],[7.254656115000046,64.44396054900005],[7.256371078000029,64.46171431800008],[7.2564463870000395,64.48902647100005],[7.254313499000034,64.50204799600004],[7.249998658000038,64.51304141000003],[7.248418959000048,64.52334482700007],[7.2462384510000675,64.53020509100003],[7.245517293000034,64.54835184900003],[7.2396243300000265,64.60823431100005],[7.232971120000059,64.63952355700008],[7.231623314000046,64.68325739200003],[7.232114521000028,64.69610394200004],[7.231245966000074,64.75171228700003],[7.229776538000067,64.75760451900004],[7.220880082000065,64.77535216800004],[7.2191316330000745,64.78137740300008],[7.220178652000072,64.82871942300005],[7.207726192000052,64.92222024800003],[7.205723738000074,64.95909479100004],[7.1959506540000575,65.06262908200006],[7.186619760000042,65.08631398200004],[7.179651435000039,65.16358519300007],[7.181592635000072,65.19201242800006],[7.179045596000037,65.23658430000006],[7.180442299000049,65.24186854200008],[7.189106331000062,65.26138647600004],[7.190395950000038,65.26785976700006],[7.189663524000025,65.27387401600004],[7.179999442000053,65.29972900700005],[7.178906015000052,65.30552924300008],[7.1863405560000615,65.36158372500006],[7.188217183000063,65.36822803100006],[7.191255900000044,65.37416532000003],[7.228018638000037,65.42861407800007],[7.230310373000066,65.43384332900007],[7.231099054000026,65.43903056000005],[7.227353334000043,65.46248552100008],[7.2320573290000425,65.53916886200005],[7.223390728000027,65.58732582700003],[7.2089116300000455,65.63928388800008],[7.200816908000036,65.65992368000008],[7.200404543000047,65.66501489400008],[7.202193499000032,65.69578023700006],[7.200455029000068,65.70163546800006],[7.190601315000038,65.72106118800008],[7.189200652000068,65.74439717500007],[7.190072287000021,65.75015843300008],[7.204952135000042,65.78948929900008],[7.206205773000022,65.79541056800008],[7.203030425000065,65.91344461600005],[7.203047630000071,65.95329133400003],[7.201220943000067,65.97626030400005],[7.197320091000051,66.00039730000003],[7.200428181000063,66.02912557700006],[7.213220918000047,66.06804340800005],[7.214135600000077,66.07302363300005],[7.214293033000047,66.10920719900008],[7.203669134000052,66.13005797700004],[7.202221746000021,66.13470916100005],[7.201924448000057,66.13872433100005],[7.204294861000051,66.23186139000006],[7.206094516000064,66.23762466100004],[7.218993349000073,66.26079181500006],[7.2207509230000255,66.26764813300008],[7.2224983980000275,66.34485650100004],[7.214426154000023,66.37134455600005],[7.213582704000032,66.37706279400004],[7.214318374000072,66.38198501600004],[7.221900865000066,66.40672817900008],[7.222220613000047,66.42402893400003],[7.216349549000029,66.46267054400005],[7.22203898500004,66.48698366800005],[7.222424613000044,66.49224190100006],[7.21584238500003,66.51894498400003],[7.215034125000045,66.56259787400006],[7.185686074000046,66.72183946500007],[7.138662337000028,66.96974173900003],[7.134757221000029,66.98220323800007],[7.105299375000072,67.05541909500005]]},"properties":{"id":"444927","name":"36\" Gas AASTA HANSTEEN PLEM, NYHAMNA","mapLabel":"Polarled","medium":"Gas","phase":"IN SERVICE","operator":"Gassco AS","belongsTo":"POLARLED","fromFacility":"AASTA HANSTEEN PLEM","toFacility":"NYHAMNA","grouping":"Transportation","dimensionInch":36,"waterDepthM":1265,"updated":"2026-02-19T23:00:00.000Z","factPageUrl":"https://factpages.sodir.no/tuf/pageview/pipeline/all/444927","source":"sodir-factmaps"}},{"type":"Feature","geometry":{"type":"LineString","coordinates":[[5.016523118000066,60.823992892000035],[5.010236746000032,60.82756795900008],[4.999576309000076,60.82968591800005],[4.963806717000068,60.839345878000074],[4.947853075000069,60.84227780700007],[4.8826047430000585,60.848279277000074],[4.829370126000072,60.84741861800006],[4.780039239000075,60.85449431600006],[4.747653067000044,60.857806065000034],[4.699719630000061,60.85669045600008],[4.687576347000061,60.854781238000044],[4.673007102000042,60.850591902000076],[4.668256984000038,60.84997782200003],[4.655385530000046,60.85107871300005],[4.6473791920000735,60.852879689000076],[4.636064776000069,60.85416160600005],[4.621012144000076,60.85747355900003],[4.606791722000025,60.85708937600003],[4.584704215000045,60.853480973000046],[4.567128702000048,60.85281273900006],[4.557455466000022,60.85152057400006],[4.547558309000067,60.848496339000064],[4.539896284000065,60.84422008000007],[4.534386465000068,60.83712373600008],[4.5298856370000635,60.810673644000076],[4.527404856000032,60.80470038100003],[4.520195274000059,60.79174578700008],[4.507230623000055,60.75632724500008],[4.503455272000053,60.74079959100004],[4.49621400500007,60.72138074500003],[4.493442617000028,60.707215157000064],[4.484494538000035,60.68287509800007],[4.448881603000075,60.57743755400003],[4.444710871000041,60.56931218700004],[4.417547976000037,60.52951331300005],[4.378192630000058,60.49125535600007],[4.353465115000063,60.465664066000045],[4.2967699310000285,60.413064347000045],[4.25140370400004,60.368446075000065],[4.227969028000075,60.34695496300003],[4.11631378900006,60.239868485000045],[4.111176927000031,60.23374118600003],[4.107292132000055,60.22700688000003],[4.105325346000029,60.22130163500003],[4.100818212000036,60.20035377000005],[4.097276423000039,60.19368847000004],[4.091986580000025,60.18707815200008],[3.9928911640000706,60.09120727000004],[3.9602348440000696,60.056246533000035],[3.899567922000074,59.99512645600004],[3.8904401670000652,59.984167925000065],[3.8806262780000225,59.97561647900005],[3.8451508580000677,59.940875720000065],[3.7634064400000398,59.855532468000035],[3.7519157280000286,59.84211681600004],[3.7266250630000286,59.81897362700005],[3.713149385000065,59.80356587600005],[3.698191614000052,59.789209147000065],[3.6464747000000557,59.73320438600007],[3.627645944000051,59.71603450500004],[3.614521178000075,59.702704838000045],[3.6011635440000305,59.68637105400006],[3.5698300710000694,59.655197489000045],[3.549269526000046,59.632354372000066],[3.513930864000031,59.602670817000046],[3.4578480070000523,59.56403167500008],[3.4305739570000355,59.54784573200004],[3.3867177020000554,59.525569361000066],[3.364937790000056,59.50988050300003],[3.337445674000037,59.49500560900003],[3.314549649000071,59.48106080500003],[3.2919777310000313,59.46499592400005],[3.268723727000065,59.45038409000006],[3.233485804000054,59.42642075900005],[3.226624917000038,59.41963041900004],[3.222288117000062,59.412535097000045],[3.2203633680000507,59.405866821000075],[3.218452249000052,59.38547902400006],[3.215168449000032,59.37905074100007],[3.2095105660000627,59.37292244000008],[3.203105593000032,59.36826518700008],[3.1351695200000336,59.32686780500006],[2.958211896000023,59.18483631300006],[2.9267479150000213,59.164512168000044],[2.891795701000035,59.12511226300006],[2.84492767200004,59.09614360900008],[2.817786237000064,59.06649716600003],[2.7823842220000756,59.044455912000046],[2.7611836590000394,59.021398790000035],[2.733315651000055,59.00394879900006],[2.71609300800003,58.98516988700004],[2.6919460070000696,58.96993202400006],[2.6764373270000306,58.95303120300008],[2.6547973260000504,58.93938543100006],[2.640747627000053,58.923813678000045],[2.6200466430000233,58.91037992500003],[2.606873925000059,58.89576721900005],[2.5883709360000466,58.88384855000004],[2.5758131800000683,58.870460897000044],[2.55806816300003,58.859638278000034],[2.5506952930000466,58.85209090700005],[2.5490134140000578,58.848311745000046],[2.55006862700003,58.84422260500003],[2.553130258000067,58.84070156700005]]},"properties":{"id":"456564","name":"36\" Oil JOHAN SVERDRUP RP, MONGSTAD","mapLabel":"Johan Sverdrup Oljerør","medium":"Oil","phase":"IN SERVICE","operator":"Equinor Energy AS","belongsTo":"JOHAN SVERDRUP","fromFacility":"JOHAN SVERDRUP RP","toFacility":"MONGSTAD","grouping":"Transportation","dimensionInch":36,"waterDepthM":580,"updated":"2026-02-19T23:00:00.000Z","factPageUrl":"https://factpages.sodir.no/tuf/pageview/pipeline/all/456564","source":"sodir-factmaps"}},{"type":"Feature","geometry":{"type":"LineString","coordinates":[[5.052629958000068,59.326275303000045],[5.033035436000034,59.302162158000044],[5.027573476000043,59.29757392000005],[5.020652448000021,59.293521686000076],[4.997270208000032,59.283159021000074],[4.891971831000035,59.24327228700008],[4.874453526000025,59.23837689800007],[4.862859258000071,59.23664269800008],[4.851010939000048,59.23589353300008],[4.801392390000046,59.23761002400005],[4.767462457000022,59.23595656900005],[4.619366090000028,59.212878974000034],[4.0524304890000735,59.121092876000034],[4.030061029000024,59.116715448000036],[3.9635395410000456,59.10649428000005],[3.930302870000048,59.09978063600005],[3.904069249000031,59.096554205000075],[3.869830504000049,59.09088458800005],[3.8476950710000324,59.08612014800008],[3.818498408000039,59.08192464500007],[3.7698424070000556,59.07262772100006],[3.7445268290000513,59.06910628900005],[3.712809180000022,59.062998684000036],[3.675847344000033,59.057688048000045],[3.5840804000000617,59.04164035800005],[3.4755220560000453,59.02381040000006],[2.7771174860000656,58.90188749200007],[2.670842212000025,58.885241593000046],[2.612029372000052,58.86677219400008],[2.57190958700005,58.858927418000064],[2.5655024930000536,58.85697926800003],[2.5596394790000545,58.85359207100004],[2.556291568000063,58.84948187700007],[2.555568699000048,58.84609874100005],[2.5561745010000436,58.84135067500006]]},"properties":{"id":"456695","name":"18\" Gas JOHAN SVERDRUP RP, JOHAN SVERDRUP STATPIPE PLEM","mapLabel":"Johan Sverdrup Gassrør","medium":"Gas","phase":"IN SERVICE","operator":"Equinor Energy AS","belongsTo":"JOHAN SVERDRUP","fromFacility":"JOHAN SVERDRUP RP","toFacility":"JOHAN SVERDRUP STATPIPE PLEM","grouping":"Transportation","dimensionInch":18,"waterDepthM":280,"updated":"2026-02-19T23:00:00.000Z","factPageUrl":"https://factpages.sodir.no/tuf/pageview/pipeline/all/456695","source":"sodir-factmaps"}},{"type":"Feature","geometry":{"type":"LineString","coordinates":[[4.894536594000044,60.561207427000056],[4.894836275000046,60.561652226000035],[4.89600880100005,60.56298274000005],[4.896308518000069,60.56342753600006],[4.897481170000049,60.56475803600006],[4.897780925000063,60.565202827000064],[4.898953703000075,60.566533313000036],[4.900871657000039,60.568122620000054],[4.901080329000024,60.56856870200005],[4.90119784500007,60.56901608000004],[4.9012505590000615,60.56991342900005],[4.90118575200006,60.570363402000055],[4.900938609000036,60.57081596800003],[4.900506488000076,60.57122626000006],[4.900168160000021,60.57168012200003],[4.899642214000039,60.57204684000004],[4.898933912000075,60.57241614800006],[4.8975119990000735,60.57306501700003],[4.896798391000061,60.57334457800005],[4.895183531000043,60.57381654100004],[4.893756229000076,60.57437563500008],[4.892948757000056,60.57461160100007],[4.891521381000075,60.57517067200007],[4.890713873000038,60.57540662400004],[4.8878589240000565,60.576524703000075],[4.88705135400005,60.57676063400004],[4.8849099770000635,60.577599141000064],[4.884198773000037,60.57792350300008],[4.883581355000047,60.57829144500005],[4.882870122000043,60.57861580000008],[4.882252676000064,60.578983737000044],[4.88172640800002,60.579350385000055],[4.881293931000073,60.579760616000044],[4.880551437000065,60.58111820600004],[4.880395124000074,60.58156945300004],[4.880421206000051,60.582018133000076],[4.880773065000028,60.58336032100004],[4.880799154000044,60.58380900000003],[4.880916450000029,60.58425639600006],[4.880851334000056,60.58470635900005],[4.88053867900004,60.585608852000064],[4.880473556000027,60.58605881500006],[4.880590856000026,60.58650621000004],[4.8806169450000425,60.58695489000007],[4.88096887100005,60.58829707700005],[4.881177404000027,60.58874318900007],[4.88176403600005,60.59098016300004],[4.881816259000061,60.59187752000008],[4.881686024000032,60.59277744600007],[4.8814384420000465,60.59322997600003],[4.881282087000045,60.59368122300003],[4.881034492000026,60.59413375300005],[4.880695657000047,60.594587567000076],[4.880448047000073,60.59504009600005],[4.880109194000056,60.59549390700005],[4.879366301000061,60.59685149000006],[4.878897083000027,60.59820522200005],[4.878831915000035,60.59865518300006],[4.8789101510000705,60.60000122000008],[4.879027484000062,60.60044861700004],[4.87944466700003,60.60134084300006],[4.880944027000055,60.60356498600004],[4.881335186000058,60.604008528000065],[4.881635093000057,60.60445335400004],[4.881843745000026,60.60489946300004],[4.882443597000076,60.605789110000046],[4.8828348040000265,60.60623264800006],[4.883434709000028,60.60712229000006],[4.883669558000065,60.60801707300004],[4.8838782610000635,60.60846317800008],[4.883995695000067,60.608910570000035],[4.884413127000073,60.60980277900006],[4.884596317000046,60.61294351500004],[4.8847137790000374,60.61339090600006],[4.884739954000054,60.61383958200008],[4.884609724000029,60.61473950700008],[4.884270728000047,60.61519332900008],[4.8837752970000565,60.616098399000066],[4.883306000000061,60.61745214200005],[4.883240859000068,60.61790210400005],[4.88331934200005,60.61924813400003],[4.883436809000045,60.619695524000065],[4.883645588000036,60.620141629000045],[4.883880543000032,60.621036410000045],[4.8838154040000745,60.62148637200005],[4.883658952000076,60.62193762000004],[4.883411182000032,60.62239015400007],[4.882472344000064,60.62509763600008],[4.881481063000024,60.62690775800007],[4.88114189700002,60.62736157200004],[4.880646200000058,60.62826662900005],[4.880489672000067,60.62871787300003],[4.88069876000003,60.632307284000035],[4.880816242000037,60.63275467600005],[4.880868527000075,60.63365202800003],[4.880803325000045,60.634101989000044],[4.880333654000026,60.63545572000004],[4.880085738000048,60.63590824700003],[4.879746460000035,60.63636205800003],[4.879315820000045,60.63681715000007],[4.878449279000051,60.63763759600005],[4.878109961000064,60.638091401000054],[4.875510016000021,60.64055269800008],[4.874985287000072,60.640964190000034],[4.874551912000072,60.64137439900003],[4.874024552000037,60.64174101900005],[4.873499786000025,60.64215250500007],[4.872445005000031,60.64288573600004],[4.872011572000076,60.64329593700006],[4.8714841520000505,60.643662548000066],[4.871050697000044,60.64407274600006],[4.870523254000034,60.64443935200006],[4.870089776000043,60.64484954800008],[4.867979836000075,60.64631594700006],[4.867546301000061,60.64672613500005],[4.867018775000076,60.647092728000075],[4.866585218000068,60.64750291200005],[4.866057667000064,60.64786950100006],[4.865007720000051,60.648692409000034],[4.864480133000029,60.64905899200005],[4.863955125000075,60.64947044100006],[4.863427514000023,60.649837020000064],[4.862993875000029,60.65024719300004],[4.862466239000071,60.65061376800003],[4.861847197000031,60.650981614000045],[4.861134155000059,60.65130585800006],[4.860515084000042,60.651673697000035],[4.859802013000035,60.651997934000065],[4.85918291400003,60.65236576600006],[4.8584698140000455,60.65268999800003],[4.856886599000063,60.65378966500003],[4.856361419000052,60.65420108400008],[4.855927632000032,60.65461123500006],[4.855399844000033,60.65497778200006],[4.854966035000075,60.655387930000074],[4.854438225000024,60.65575447500004],[4.853136695000046,60.65698490400007],[4.852611415000069,60.657396308000045],[4.8517436490000705,60.65821658300007],[4.851215756000045,60.658583116000045],[4.850781846000075,60.65899325000004],[4.850253930000065,60.659359778000066],[4.849386051000067,60.66018003800008],[4.8488581000000295,60.66054656100005],[4.848424133000037,60.660956687000066],[4.847896158000026,60.66132320600008],[4.847028167000076,60.66214345100008],[4.846500157000037,60.66250996500003],[4.846066134000068,60.66292008400006],[4.845538100000056,60.663286593000066],[4.844669998000029,60.664106824000044],[4.844141929000045,60.66447332800004],[4.843273759000056,60.66529354900007],[4.842745655000044,60.66566004800006],[4.842311543000051,60.66607015500006],[4.841783415000066,60.66643665100008],[4.841349280000031,60.66684675500005],[4.8408236910000255,60.66725811500004],[4.840389532000074,60.66766821600004],[4.839861357000075,60.668034703000046],[4.839427175000026,60.66844480100008],[4.838898976000053,60.66881128500006],[4.838030558000071,60.66963147300004],[4.83750232400007,60.66999795100003],[4.836633838000068,60.67081813100003],[4.83610556900004,60.671184604000075],[4.835671299000069,60.671594689000074],[4.834086384000045,60.67269409100004],[4.83365206600007,60.673104170000045],[4.8331237260000535,60.67347063300008],[4.832689387000073,60.67388070900006],[4.832161023000026,60.67424716700003],[4.831292288000043,60.67506731200007],[4.830951920000075,60.67552100000006],[4.8296487040000216,60.67675120400003],[4.829308296000022,60.67720488900005],[4.828873858000065,60.677614953000045],[4.82853343000005,60.678068636000035],[4.828098971000031,60.67847869700006],[4.827667047000034,60.67893362600006],[4.82679807300002,60.67975374300005],[4.823626734000072,60.68195232200003],[4.823100675000035,60.682363612000074],[4.822666089000052,60.68277365700004],[4.821080184000039,60.68387290800007],[4.820460034000064,60.68424056400005],[4.81887398300006,60.68533978800008],[4.818439304000037,60.68574981900008],[4.816324355000063,60.68721541700006],[4.815704086000039,60.687583052000036],[4.815175305000025,60.687949443000036],[4.81455500900006,60.688317073000064],[4.813497387000041,60.689049846000046],[4.811354238000035,60.69002180800004],[4.810733858000049,60.69038942000003],[4.810016911000048,60.69066852700007],[4.807873549000021,60.69164043400008],[4.807156548000023,60.69191952700004],[4.805013016000032,60.69289138800008],[4.804295963000072,60.69317046500004],[4.803581410000049,60.69349440900004],[4.802864331000023,60.69377347800008],[4.801435155000036,60.694421344000034],[4.800377035000054,60.69515401500007],[4.798201696000035,60.69720386000006],[4.7971434100000465,60.69793650500003],[4.795902009000031,60.698671596000054],[4.795187250000026,60.69899549500008],[4.794658050000066,60.69936180700006],[4.793416536000052,60.70009687600003],[4.792701721000071,60.70042076100003],[4.792080929000065,60.70078828700008],[4.79136608400006,60.70111216600003],[4.790745264000066,60.701479687000074],[4.790032886000063,60.70184842700007],[4.788791171000071,60.702583453000045],[4.7880762530000425,60.70290731400007],[4.78745536100007,60.70327482000005],[4.7867404140000644,60.703598674000034],[4.784877607000055,60.70470116400003],[4.784165091000034,60.70506987400006],[4.783544112000072,60.705437361000065],[4.7828290790000665,60.705761195000036],[4.7822080710000705,60.70612867700004],[4.78149300900003,60.70645250300004],[4.780963530000065,60.70681876100008],[4.779533335000053,60.707466398000065],[4.7752275540000255,60.70913999600003],[4.77451235500007,60.70946378500008],[4.773794667000061,60.70974270200003],[4.7730794400000605,60.71006648300005],[4.772361727000032,60.71034539100003],[4.771646471000054,60.71066916600006],[4.76877544000007,60.71178474700008],[4.767344779000041,60.71243225300003],[4.76672346600003,60.712799664000045],[4.766010562000076,60.71316827900006],[4.765389220000031,60.71353568300003],[4.7646738230000665,60.71385942200004],[4.764052452000044,60.71422682000008],[4.763337026000045,60.71455055000007],[4.762715627000034,60.714917943000046],[4.762000173000047,60.715241666000054],[4.761378745000059,60.71560905300004],[4.760663262000037,60.71593276900006],[4.759950220000064,60.71630135200007],[4.757803638000041,60.71727246800003],[4.756367612000076,60.71783011900004],[4.755652030000022,60.71815380900006],[4.749189175000026,60.72066301600006],[4.748376980000046,60.72089812300004],[4.741194722000046,60.72368572700003],[4.740384820000031,60.72396565500003],[4.738229860000047,60.72480185000006],[4.7374199030000455,60.72508176100007],[4.735264790000031,60.72591790800004],[4.73454881400005,60.72624148600005],[4.733926860000054,60.72660874700006],[4.733210856000028,60.72693231800008],[4.732588872000065,60.72729957300004],[4.731870423000032,60.72757826700007],[4.731154376000063,60.72790182700004],[4.729727067000056,60.72863867900003],[4.729010975000051,60.72896222900005],[4.728388905000031,60.729329464000045],[4.72767037400007,60.729608135000035],[4.726954239000065,60.72993167300007],[4.726240499000028,60.730300079000074],[4.7255243350000455,60.730623611000055],[4.724902193000048,60.73099083000005],[4.723469793000049,60.73163787300007],[4.722847609000041,60.73200508300005],[4.722128969000039,60.73228372600005],[4.721412719000057,60.732607235000046],[4.718923725000025,60.73407601900004],[4.717331756000021,60.73517405800004],[4.716803472000038,60.735584937000056],[4.714680626000074,60.73704895000003],[4.714058237000074,60.737416119000045],[4.713339400000052,60.73769471600008],[4.711906468000052,60.738341637000076],[4.7104687030000605,60.73889880200005],[4.708029844000066,60.73960340900004],[4.706215801000042,60.739985714000056],[4.704396956000039,60.74027825100006],[4.703485143000023,60.74037963900008],[4.701666250000073,60.74067213900008],[4.7007544170000415,60.740773508000075],[4.698935476000031,60.74106597100007],[4.697121241000048,60.74144815300008],[4.694963981000058,60.742283659000066],[4.692473028000052,60.743751959000065],[4.6919419230000585,60.74411787000008],[4.691222744000072,60.744396348000066],[4.690505913000038,60.744719693000036],[4.6890722060000485,60.74536637400007],[4.688357689000043,60.74573458000003],[4.687640799000064,60.74605791100004],[4.686827509000068,60.746292648000065],[4.686108236000052,60.74657109900005],[4.685391305000053,60.74689441700008],[4.683522516000039,60.74799551500007],[4.682991240000035,60.74836139100006],[4.682739697000045,60.74881355800005],[4.682579831000055,60.74926457500004],[4.682328275000032,60.74971674200003],[4.681796956000028,60.750082613000075],[4.681359660000055,60.75049220500006],[4.681016389000035,60.75094551900003],[4.680513202000043,60.75184984500004],[4.680376761000048,60.75274957700003],[4.680033453000021,60.75320288800003],[4.678970636000031,60.753934611000034],[4.677536288000056,60.75458116900006],[4.6769131350000634,60.754948169000045],[4.675478700000042,60.75559470600007],[4.674947207000059,60.755960551000044],[4.673700773000064,60.75669452300008],[4.673171579000041,60.75710523300006],[4.672734079000065,60.757514797000056],[4.672230557000034,60.75841909300004],[4.671590293000065,60.76022311000003],[4.671246782000026,60.760676398000044],[4.670994980000046,60.76112854400003],[4.669964366000045,60.76248840200003],[4.669003634000035,60.76519441000005],[4.668935228000066,60.76564426900006],[4.667974320000042,60.76835026900005],[4.667630673000076,60.76880354800005],[4.6671929450000675,60.769213095000055],[4.666755206000062,60.76962263900003],[4.666223383000045,60.769988451000074],[4.6655057300000635,60.770311665000065],[4.664065730000061,60.77086833800007],[4.6624375370000735,60.77133752600008],[4.66152935100007,60.77152837600005],[4.658272775000057,60.77246667000003],[4.654672125000047,60.77385813200004],[4.6539542700000425,60.774181286000044],[4.653234087000044,60.77445956300005],[4.652516204000051,60.77478270800003],[4.651795997000022,60.775060978000056],[4.650167411000041,60.77553001800004],[4.647442244000047,60.77610230300007],[4.646536135000076,60.776337925000064],[4.645627713000067,60.77652866800008],[4.644716979000066,60.77667453300006],[4.643808537000041,60.77686526400004],[4.642902380000066,60.777100862000054],[4.6401769480000326,60.77767300000005],[4.638355358000069,60.77796465100005],[4.63652458100006,60.77807678700003],[4.635611475000076,60.77817771700006],[4.634696077000058,60.77823376900005],[4.633782960000076,60.778334689000076],[4.63105041700004,60.77877202500008],[4.629233236000061,60.77915329700005],[4.627420562000054,60.77962429000007],[4.626605980000022,60.77985866600005],[4.6258854330000645,60.78013679700007],[4.624976778000075,60.78032740200007],[4.624065841000061,60.78047312700005],[4.623148087000061,60.78048422900008],[4.622228063000023,60.780450450000046],[4.621305774000064,60.78037179300003],[4.62037895800006,60.78020338400006],[4.6195416600000385,60.77998898900006],[4.617688077000025,60.77965213900006],[4.6167635610000275,60.779528577000065],[4.615836792000039,60.77936013600004],[4.614914550000037,60.77928143500003],[4.613990054000055,60.77915785500005],[4.613067821000072,60.77907914100007],[4.612143339000056,60.778955547000066],[4.611216610000042,60.778787074000036],[4.609542222000073,60.778358162000075],[4.60879456400005,60.778097726000055],[4.608044671000073,60.777792411000064],[4.6073843110000325,60.77744112000005],[4.606544926000026,60.77718176900004],[4.604691639000066,60.77684473900007],[4.603767253000058,60.776721087000055],[4.60007872500006,60.77640591100004],[4.599154368000029,60.77628222800007],[4.598232254000038,60.77620341200003],[4.587140591000036,60.774718636000046],[4.58529651200007,60.77456083100003],[4.584376693000024,60.774526792000074],[4.583459091000066,60.77453762200008],[4.582539275000045,60.77450357100008],[4.5816238840000665,60.774559261000036],[4.579788674000042,60.77458087500008],[4.578873276000024,60.77463654700006],[4.577038059000074,60.77465812400004],[4.5761226540000735,60.774713776000056],[4.574287430000027,60.77473531600003],[4.57336761800002,60.774701202000074],[4.572450007000043,60.77471195600003],[4.571527999000068,60.77463295600006],[4.570608192000066,60.774598824000066],[4.569686192000063,60.77451981100006],[4.568762004000064,60.77439591700005],[4.567840015000058,60.77431689100007],[4.566915840000036,60.77419298500007],[4.56506313400007,60.77385540600005],[4.56422636800005,60.77364066300004],[4.563300039000069,60.77347185700006],[4.562463294000054,60.77325710300005],[4.561624378000033,60.772997470000064],[4.5607876570000485,60.772782706000044],[4.558546286000023,60.77200056000004],[4.557797010000058,60.77169496400006],[4.557049923000022,60.77143423600006],[4.556300674000056,60.77112863000008],[4.555553613000029,60.77086789400005],[4.5548043910000615,60.770562279000046],[4.554057356000044,60.770301535000044],[4.553308162000064,60.76999591200007],[4.55256115100002,60.76973515900005],[4.5518119840000395,60.769429528000046],[4.55031802700006,60.76890800100006],[4.548070689000042,60.76799105500004],[4.5450830780000615,60.76694790100004],[4.542836026000032,60.76603086700004],[4.536861699000042,60.76394425400008],[4.53611281600007,60.76363853300006],[4.531632658000035,60.76207337200003],[4.530883868000046,60.76176762100005],[4.530137231000026,60.76150674200005],[4.5293884690000255,60.76120098400003],[4.528641855000046,60.76094009600007],[4.527893120000044,60.76063433000007],[4.526399959000059,60.76011253300004],[4.524902584000074,60.75950097000003],[4.523767881000026,60.75879547300008],[4.523108831000059,60.75844376200007],[4.520272359000046,60.75667996300007],[4.519794690000026,60.75628128200003],[4.5175257860000215,60.754870191000066],[4.516866886000059,60.754518448000056],[4.516120530000023,60.75425749000004],[4.515461658000049,60.75390574100004],[4.514713212000061,60.75359989900005],[4.51322059000006,60.75307795400005],[4.512293007000039,60.75286391800006],[4.511367548000067,60.752694750000046],[4.510531689000061,60.75247966900008],[4.509606249000058,60.75231048900008],[4.507759613000076,60.75206186200006],[4.499468943000068,60.75134660500004],[4.498545687000046,60.75122222400006],[4.494861084000036,60.750904141000035],[4.493937858000038,60.750779729000044],[4.488411122000059,60.75030237700008],[4.486564761000068,60.750053456000046],[4.485643665000055,60.74997386200005],[4.482874193000043,60.74960041600008],[4.481948980000027,60.74943104400006],[4.481025844000044,60.749306544000035],[4.478250289000073,60.74879837300006],[4.47732306000006,60.748584093000034],[4.476397904000066,60.74841468400007],[4.475562388000071,60.74819938300004],[4.474637253000026,60.74802996100004],[4.472966275000033,60.74759933200005],[4.47203911400004,60.74738501600007],[4.467026518000068,60.746092969000074],[4.466101488000049,60.745923488000074],[4.459418734000053,60.74420041800005],[4.458493799000053,60.74403088400004],[4.455152731000055,60.74316920000007],[4.454225816000076,60.74295476100008],[4.452376080000022,60.742615613000055],[4.451540873000056,60.74240016200008],[4.4478415590000395,60.74172177000008],[4.446918774000039,60.74159703200007],[4.445069192000062,60.74125778500007],[4.443223678000038,60.74100826500006],[4.442298918000063,60.740838619000044],[4.433071858000062,60.739590573000044],[4.429373249000037,60.73891166900006],[4.4284506160000205,60.73878680300004],[4.426601387000062,60.738447300000075],[4.42493154400006,60.738016068000036],[4.424004977000038,60.73780141800006],[4.4221558510000705,60.73746185300007],[4.4204861190000315,60.737030566000044],[4.419561592000036,60.73686076200005],[4.41789192400006,60.73642944200003],[4.4160429410000575,60.73608979200003],[4.4143733610000595,60.73565842800008],[4.4134489050000525,60.73548858200007],[4.411779390000049,60.73505718600006],[4.410854964000066,60.73488732100003],[4.409185516000036,60.734455893000074],[4.408261121000066,60.73428601000006],[4.404922400000032,60.73342306600006],[4.404085788000032,60.73316244000006],[4.403251148000038,60.73294668500006],[4.402414561000057,60.73268604800006],[4.401579945000037,60.732470283000055],[4.400835031000042,60.73220867800006],[4.400000437000074,60.73199290300005],[4.3992555470000525,60.73173128900004],[4.398420976000068,60.73151550400007],[4.39767611000002,60.73125388200003],[4.39684156200002,60.73103808700006],[4.396096721000049,60.73077645500007],[4.3952621950000434,60.73056065000003],[4.3945173770000565,60.73029901000007],[4.3936828750000245,60.730083196000066],[4.392938081000068,60.72982154600004],[4.39210360200002,60.72960572100004],[4.391358831000048,60.72934406300004],[4.390524375000041,60.72912822900008],[4.3897796290000315,60.728866562000064],[4.388945195000076,60.72865071700005],[4.388200472000051,60.72838904100007],[4.387366061000023,60.72817318700004],[4.386621362000028,60.72791150200004],[4.385786974000041,60.727695639000046],[4.385042299000077,60.72743394500003],[4.384207935000063,60.72721807000005],[4.383463283000026,60.72695636800006],[4.382628941000064,60.72674048400006],[4.381884314000047,60.72647877300005],[4.3752100740000515,60.72475147600005],[4.37335837400002,60.72432147600006],[4.372434458000043,60.72415134600004],[4.371600262000072,60.723935392000044],[4.369752479000056,60.72359510000007],[4.36891831500003,60.72337913000007],[4.367994448000047,60.72320896800005],[4.367160306000073,60.722992988000044],[4.366236460000039,60.72282281300005],[4.36540234000006,60.722606822000046],[4.36355469800003,60.72226644300008],[4.3627206100000535,60.72205043400004],[4.360873028000071,60.72171001800007],[4.36003897300003,60.72149399300008],[4.359115207000059,60.72132376900004],[4.358281173000023,60.72110773300005],[4.356433691000063,60.720767256000045],[4.355599690000076,60.72055120200008],[4.353752268000051,60.720210688000066],[4.35291829800002,60.719994618000044],[4.351994612000055,60.71982434500006],[4.351160664000076,60.719608264000044],[4.349313343000063,60.71926768700007],[4.348387815000024,60.71905251100003],[4.347464180000031,60.718882207000036],[4.346630287000039,60.71866609800003],[4.3457066720000626,60.71849578200005],[4.344781191000038,60.718280580000055],[4.343857597000067,60.71811025100004],[4.343023748000064,60.71789411900005],[4.342100174000052,60.71772377800005],[4.341174739000053,60.71750855100004],[4.340251186000046,60.71733819700006],[4.3394173810000325,60.71712204200003],[4.337570325000058,60.71678130300006],[4.336736552000048,60.71656513200003],[4.334889556000064,60.716224355000065],[4.334055815000056,60.71600816800003],[4.3322088790000635,60.71566735500005],[4.331375171000047,60.715451149000046],[4.329528294000056,60.71511029900006],[4.328694618000043,60.714894077000054],[4.327771205000033,60.71472363600003],[4.326937551000071,60.714507404000074],[4.325090775000035,60.71416649200006],[4.324257153000076,60.71395024200007],[4.323333791000039,60.71377977100008],[4.322408593000034,60.713564414000075],[4.32148525100007,60.71339393000005],[4.320560077000039,60.713178560000074],[4.319636756000023,60.713008064000064],[4.318803200000048,60.71279177900004],[4.317879899000047,60.712621271000046],[4.316954772000031,60.71240587500006],[4.316031491000047,60.71223535400003],[4.31519798000005,60.71201904700007],[4.313351469000054,60.711677973000064],[4.31251799000006,60.71146165000005],[4.310671540000044,60.711120538000046],[4.309838092000064,60.71090419800004],[4.307991702000038,60.710563050000076],[4.30715828700005,60.71034669200003],[4.306235117000028,60.71017610300004],[4.305401724000035,60.70995973500004],[4.304478574000029,60.70978913300007],[4.3036452030000305,60.70957275400008],[4.301798953000059,60.70923152000006],[4.300965614000063,60.709015125000064],[4.299119425000072,60.70867385300005],[4.298286118000021,60.708457440000075],[4.296439989000021,60.70811613200004],[4.29560671400003,60.707899703000066],[4.294683674000055,60.70772903300008],[4.293850422000048,60.70751259300005],[4.29108139300007,60.70700052800004],[4.290248183000074,60.70678406500008],[4.288402234000046,60.70644264500004],[4.287569056000052,60.70622616600008],[4.286646106000035,60.706055441000046],[4.2847966550000365,60.70562421000005],[4.282950829000072,60.70528271500007],[4.282026143000053,60.70506707800007],[4.280180378000068,60.70472554300005],[4.27934730000004,60.70450901300006],[4.2784262250000324,60.70438311000004],[4.271043707000047,60.703016622000064],[4.270122707000041,60.70289066200007],[4.269199944000036,60.70271981700006],[4.266437010000061,60.70234188100005],[4.265514283000073,60.70217100800005],[4.264593328000046,60.70204501200004],[4.263670618000049,60.70187412700005],[4.262749679000024,60.70174811600003],[4.2618269880000526,60.70157721900006],[4.260906064000039,60.70145119700004],[4.259983391000048,60.70128028600004],[4.259062482000047,60.70115425000006],[4.258139827000036,60.700983327000074],[4.257218935000026,60.70085727900005],[4.256296298000052,60.700686344000076],[4.2544545510000376,60.70043421500003],[4.253531940000073,60.70026326000004],[4.251690239000027,60.70001109300006],[4.250767655000061,60.699840119000044],[4.2489259990000505,60.69958791400006],[4.247080894000021,60.699245922000046],[4.246160094000061,60.69911979700004],[4.245237565000025,60.698948786000074],[4.243396002000054,60.698696504000054],[4.2424734990000275,60.698525473000075],[4.240631982000025,60.69827315300006],[4.239709506000054,60.69810210400004],[4.236947309000072,60.697723557000074],[4.236024868000072,60.69755248200005],[4.23510415800007,60.69742628100005],[4.23418173500005,60.69725519200006],[4.233261041000048,60.69712897800008],[4.2314162410000336,60.696786770000074],[4.229574908000075,60.69653429700003],[4.228652540000041,60.69636317000004],[4.227731893000055,60.69623691900006],[4.2268095430000585,60.69606578000008],[4.225888911000027,60.69593951500008],[4.224966579000068,60.69576836200008],[4.224045963000037,60.69564208600008],[4.223123649000058,60.69547092100004],[4.2212824550000505,60.69521833400006],[4.22036016800007,60.69504715100004],[4.218519019000041,60.69479452600007],[4.21759675900006,60.69462332200004],[4.216676204000066,60.694496994000076],[4.215753962000065,60.69432577900005],[4.214833423000073,60.694199438000055],[4.2139111990000515,60.69402820900007],[4.212990675000071,60.693901855000036],[4.21206846900003,60.69373061300007],[4.210227459000066,60.69347787500004],[4.209305280000024,60.69330661400005],[4.208384795000029,60.69318022900006],[4.207462633000034,60.69300895600003],[4.205621701000041,60.69275615400005],[4.204699566000045,60.69258486100006],[4.20285867900003,60.69233202000004],[4.201936571000033,60.69216071000005],[4.201016146000029,60.69203427300005],[4.200094057000058,60.69186294900004],[4.199173648000055,60.69173650000005],[4.198251576000075,60.69156516400005],[4.197331183000074,60.69143870200003],[4.196409131000053,60.69126735200007],[4.194568383000046,60.69101439700006],[4.193646356000045,60.690843029000064],[4.19272600100004,60.690716535000035],[4.191803993000065,60.69054515400006],[4.18996332100005,60.69029213500005],[4.189041339000028,60.69012073500005],[4.188121023000065,60.689994210000066],[4.187199059000022,60.689822796000044],[4.186278758000071,60.68969625800008],[4.180747233000034,60.68866760700007],[4.179826990000038,60.68854102500006],[4.177061385000059,60.688026594000064],[4.176141174000065,60.68789998600005],[4.1678449590000355,60.68635629200003],[4.166924832000063,60.68622962200004],[4.16415962800005,60.685714923000035],[4.16323953400007,60.68558822600005],[4.159552766000047,60.68490184700005],[4.158632712000042,60.68477511800006],[4.152181302000031,60.68357366500004],[4.151261315000056,60.68344688600007],[4.147575044000064,60.682760175000055],[4.146655098000053,60.68263336400008],[4.143890523000039,60.68211824600007],[4.142970609000031,60.681991409000034],[4.141127624000035,60.68164795200005],[4.140207735000047,60.68152109700003],[4.139286266000056,60.68134935200004],[4.138366392000023,60.681222484000045],[4.137444941000069,60.68105072600008],[4.131925899000066,60.68028934700004],[4.131004509000036,60.68011754500003],[4.12916490300006,60.67986368900006],[4.128243539000039,60.67969186800008],[4.123644691000038,60.67905708200004],[4.122723380000025,60.678885224000055],[4.1181247550000535,60.67825024900003],[4.117203495000069,60.67807835200006],[4.1144444320000275,60.677697272000046],[4.1135232080000605,60.67752535000005],[4.110764234000044,60.67714419300006],[4.109843044000058,60.67697224600005],[4.106164548000038,60.676463924000075],[4.105243403000031,60.67629194400007],[4.09972592400004,60.67552923300008],[4.0988048390000245,60.67535720900008],[4.096965754000053,60.67510290800004],[4.096044697000025,60.67493086600007],[4.095125173000042,60.67480369900005],[4.093283103000033,60.674459581000065],[4.09236360400007,60.67433239600007],[4.089600598000061,60.67381615200003],[4.088681131000044,60.67368894200007],[4.087760158000037,60.67351684200008],[4.086840707000022,60.673389619000034],[4.084998805000055,60.67304538600007],[4.0840793780000695,60.67291814400005],[4.082237533000068,60.67257387300003],[4.081318131000046,60.672446612000044],[4.079476342000021,60.67210230400008],[4.07855696300004,60.67197502400006],[4.075794378000069,60.671458494000035],[4.074875033000069,60.67133118800007],[4.073033375000023,60.67098679000003],[4.072114054000053,60.670859465000035],[4.07027245200004,60.67051503000005],[4.069353155000044,60.67038768600008],[4.067511609000064,60.67004321300004],[4.066592336000042,60.66991585000005],[4.0638301160000765,60.66939907300008],[4.062910876000046,60.66927168500007],[4.061069463000024,60.66892712100008],[4.060150246000035,60.668799714000045],[4.058308889000045,60.66845511400004],[4.057389697000076,60.668327687000044],[4.055548396000063,60.66798304900004],[4.054629228000067,60.66785560400007],[4.05370860000005,60.667683268000076],[4.052789447000066,60.66755581000007],[4.0500276490000715,60.66703874700005],[4.049108530000069,60.66691126400008],[4.0472673970000415,60.66656651100004],[4.0463483020000695,60.666439009000044],[4.044507225000075,60.66609421600003],[4.04358815300003,60.665966695000066],[4.039906152000071,60.66527701100006],[4.038987122000037,60.66514945900008],[4.037146196000037,60.664804565000054],[4.036227191000023,60.66467699300006],[4.034386322000046,60.66433206200003],[4.0334673400000725,60.66420447100006],[4.031626527000071,60.66385950200004],[4.030707570000061,60.663731892000044],[4.028866813000036,60.66338688400003],[4.027947880000056,60.66325925600006],[4.026107178000075,60.662914210000054],[4.025188270000058,60.662786563000054],[4.023347625000042,60.66244147800006],[4.022428741000056,60.662313812000036],[4.01966787300006,60.661796120000076],[4.018749021000076,60.66166842700005],[4.015988266000022,60.66115065900004],[4.01506944700003,60.661022942000045],[4.013229010000032,60.660677719000034],[4.0123102150000705,60.66054998200008],[4.010469835000038,60.66020472100007],[4.00955106400005,60.66007696600008],[4.008630897000046,60.65990431900008],[4.007712142000059,60.65977655100005],[4.00587185400002,60.65943122600004],[4.004953123000064,60.65930343900004],[4.002192790000038,60.658785384000055],[4.001274092000074,60.65865757200004],[3.999433937000049,60.65831215900005],[3.998515264000048,60.65818432700007],[3.9966751630000203,60.65783887600003],[3.9957565140000497,60.65771102500008],[3.9939164700000447,60.657365535000054],[3.992997846000037,60.65723766500008],[3.989317910000068,60.65654658400007],[3.9883993270000246,60.65641868300003],[3.987479375000021,60.65624589100008],[3.9865608070000462,60.656117977000065],[3.984720952000032,60.65577236000007],[3.983802408000031,60.65564442700003],[3.982882504000031,60.65547160400007],[3.9819639760000314,60.65534365800005],[3.9801242130000674,60.65499797800004],[3.9792057090000412,60.65487001300005],[3.977366003000043,60.654524295000044],[3.976447523000047,60.654396312000074],[3.9736880640000436,60.653877668000064],[3.97276961700004,60.653749660000074],[3.970010271000035,60.65323094000007],[3.9690918570000235,60.65310290600007],[3.967252358000053,60.65275704800007],[3.966333969000061,60.65262899500004],[3.9644945280000456,60.652283099000044],[3.963576162000038,60.65215502700005],[3.9626564640000765,60.65198206300005],[3.960819772000036,60.651725887000055],[3.9599001010000734,60.651552905000074],[3.9589817740000512,60.651424801000076],[3.958062122000058,60.65125180600006],[3.957143810000048,60.65112369000008],[3.956224177000024,60.65095068200003],[3.955305881000072,60.65082255300007],[3.953466659000071,60.65047650500003],[3.952548388000025,60.65034835700004],[3.9516288010000267,60.65017531700005],[3.9507105450000495,60.650047157000074],[3.9488714170000208,60.64970104500003],[3.947953185000074,60.64957286500004],[3.9461141130000215,60.64922671700003],[3.945195907000027,60.64909851800007],[3.944276394000042,60.64892542700005],[3.9424400190000597,60.64866899900005],[3.941520533000073,60.64849589000005],[3.940602366000064,60.648367660000076],[3.9387634400000593,60.64802140900008],[3.9378452960000345,60.64789316000008],[3.936006427000052,60.64754687200008],[3.9350883070000577,60.64741860300006],[3.934168896000074,60.64724544300003],[3.93233269600006,60.646988875000034],[3.9314133120000747,60.64681569600003],[3.930495231000066,60.64668739600006],[3.9295758650000607,60.646514205000074],[3.928657800000053,60.64638589300006],[3.9277384520000282,60.64621268800005],[3.926820403000022,60.64608436300006],[3.925901073000034,60.64591114600006],[3.9249830410000754,60.645782808000035],[3.9231444280000574,60.64543634300003],[3.922226419000026,60.645307986000034],[3.9213071360000527,60.645134737000035],[3.9203891430000226,60.645006368000054],[3.9194698780000294,60.64483310600008],[3.918551902000047,60.644704724000064],[3.917632655000034,60.644531451000034],[3.9167146940000634,60.644403056000044],[3.91579546600002,60.64422976900005],[3.914877519000072,60.64410136200007],[3.913958310000055,60.64392806300003],[3.913040380000041,60.64379964300008],[3.912121189000061,60.643626330000075],[3.911203275000048,60.64349789800008],[3.9093649390000564,60.643151243000034],[3.9084470500000634,60.64302279100008],[3.906608770000048,60.64267609800004],[3.905690904000039,60.642547628000045],[3.9047717870000724,60.64237426500006],[3.9038539380000543,60.64224578200003],[3.902934840000057,60.64207240600007],[3.9020170070000404,60.641943910000066],[3.901097926000034,60.64177052200006],[3.9001801090000754,60.64164201400007],[3.8992610470000386,60.641468614000075],[3.8983432440000456,60.64134009300005],[3.8974242020000247,60.64116667900004],[3.896506415000033,60.64103814600003],[3.895587391000049,60.64086472000008],[3.894669620000059,60.64073617300005],[3.893750614000055,60.64056273400007],[3.8928328580000198,60.64043417600004],[3.8909948920000375,60.64008726700007],[3.8900771620000683,60.63995868900008],[3.889158202000033,60.63978521900003],[3.888240488000065,60.63965662800007],[3.8873215460000665,60.63948314500004],[3.880897806000064,60.63858279300007],[3.8799813820000395,60.63849903100004],[3.8763108570000213,60.637984380000034],[3.8753944610000417,60.637900588000036],[3.874476853000033,60.63777190300004],[3.8735604680000506,60.63768809800007],[3.8708077080000294,60.63730198700006],[3.8698913460000313,60.63721815700006],[3.8680562210000744,60.636960705000035],[3.867139876000067,60.63687685700006],[3.864387261000047,60.636490613000035],[3.863470937000045,60.63640673800006],[3.8607184060000463,60.636020418000044],[3.8598021060000747,60.63593652000003],[3.8579671320000557,60.63567892900005],[3.8570508490000748,60.63559501100008],[3.8552159170000664,60.635337383000035],[3.854299651000076,60.635253446000036],[3.8524647590000427,60.634995780000054],[3.8515485100000433,60.63491182400003],[3.849718385000074,60.634833668000056],[3.848804507000068,60.63483946700006],[3.8478894490000357,60.63480037200003],[3.8469755700000405,60.63480616000004],[3.8451454630000512,60.63472794100005],[3.8423932910000644,60.63434124300005],[3.8414770840000756,60.63425721900006],[3.8405597150000403,60.63412830100003],[3.839643519000049,60.63404426300008],[3.8341394870000727,60.63327058500005],[3.832302554000023,60.63292286800004],[3.8314743290000592,60.63270354400004],[3.8296374560000572,60.632355791000066],[3.8287178830000244,60.63213701700005],[3.8277994730000273,60.63196312400004],[3.8269713030000503,60.63174377300004],[3.825134533000039,60.63139595700005],[3.8242150170000286,60.63117715200008],[3.822378309000044,60.63082929800004],[3.821458828000061,60.63061047500008],[3.8196221810000566,60.63026258200006],[3.8187941100000558,60.630043181000076],[3.8169575240000313,60.62969525200003],[3.816038112000058,60.62947639100008],[3.81420158800006,60.629128424000044],[3.8133735830000433,60.62890898900008],[3.8124553450000462,60.628734990000055],[3.811535991000028,60.628516097000045],[3.810617776000072,60.62834208700008],[3.8097898150000447,60.628122629000075],[3.807953434000069,60.627774576000036],[3.807125506000034,60.62755510200003],[3.8052891860000386,60.62720701300003],[3.804461290000063,60.626987521000046],[3.800788811000075,60.62629124400007],[3.7999609690000398,60.62607172400004],[3.797206746000029,60.62554943300006],[3.796289798000032,60.62542021000007],[3.795371752000051,60.62524609400003],[3.7944548200000554,60.62511685900006],[3.7936270500000546,60.62489730100003],[3.791791027000045,60.62454902500008],[3.7908741280000413,60.624419766000074],[3.789956140000072,60.62424561200004],[3.78812238200004,60.62398706100004],[3.7853685270000597,60.62346452500003],[3.7844516840000324,60.62333522200004],[3.782615847000045,60.62298681900006],[3.7798654160000638,60.62259883300004],[3.778947538000068,60.62242460400006],[3.7780307500000276,60.62229525600003],[3.7761950420000403,60.621946766000065],[3.7752782780000302,60.621817399000065],[3.774360447000049,60.62164313800008],[3.773443701000076,60.62151375800005],[3.772525887000029,60.62133948500008],[3.771609157000057,60.62121009300006],[3.7706913620000364,60.621035807000055],[3.768857940000032,60.62077699200006],[3.767940172000067,60.62060268700003],[3.7670234800000344,60.620473263000065],[3.765187992000051,60.62012462100006],[3.7642713250000384,60.61999517900006],[3.7633536030000414,60.61982084200008],[3.76243695200003,60.619691387000046],[3.761519250000049,60.61951703900007],[3.7606026140000495,60.61938757100006],[3.7596849300000486,60.619213209000065],[3.7587683100000504,60.61908372900007],[3.757850645000076,60.61890935400004],[3.7569340420000685,60.618779861000064],[3.756016394000028,60.61860547400005],[3.7550998060000325,60.61847596900003],[3.7541821780000646,60.61830156900004],[3.7532656060000704,60.618172051000045],[3.751430396000046,60.61782322100004],[3.749597308000034,60.61756414000007],[3.7486797340000635,60.61738970300007],[3.7477632100000733,60.61726014700008],[3.746845656000062,60.61708569700005],[3.7450126460000206,60.616826554000056],[3.744095118000075,60.616652084000066],[3.7431786330000705,60.61652249700006],[3.74134362500007,60.61617352800005],[3.7404271630000494,60.61604392100003],[3.739509683000051,60.61586942100007],[3.737676800000031,60.615610177000065],[3.7358419030000505,60.61526113100007],[3.734925489000034,60.61513148700004],[3.7340080640000224,60.61495694800004],[3.733091666000064,60.61482729200003],[3.7321742590000326,60.61465274100004],[3.731257878000065,60.614523071000065],[3.73034049000006,60.614348508000035],[3.7294241240000474,60.61421882600007],[3.7266720430000646,60.613695078000035],[3.725845025000069,60.61347510000007],[3.724926688000039,60.61325561000007],[3.724009370000033,60.61308100200006],[3.7230910570000333,60.612861501000054],[3.7212564710000606,60.61251225400008],[3.7204295190000494,60.61229224200008],[3.7185949950000463,60.61194295900003],[3.717768076000027,60.61172292900005],[3.716851835000057,60.61159316100003],[3.713182982000035,60.61089447200004],[3.711350590000052,60.610634866000055],[3.710433419000026,60.61046016500006],[3.7058526110000685,60.609811010000044],[3.7049374520000242,60.60972604900007],[3.704021318000059,60.60959619300007],[3.7031061680000334,60.60951121900007],[3.702190048000034,60.609381349000046],[3.6939539700000523,60.608616246000054],[3.693037911000033,60.60848631400006],[3.680227088000038,60.607295056000055],[3.6793111220000583,60.60716503000003],[3.6756510840000374,60.60682441900008],[3.6747351480000248,60.60669436200004],[3.6729051700000355,60.606524007000075],[3.671989255000028,60.60639393100007],[3.6710742780000487,60.60630873800005],[3.6692424820000724,60.60604855300005],[3.668327523000073,60.60596334100006],[3.660084856000026,60.60479214900005],[3.659168126000054,60.60461709600003],[3.6490946560000452,60.60318487700005],[3.6481798300000605,60.60309952700004],[3.6463483990000327,60.60283902900005],[3.6454335890000493,60.602753660000076],[3.6436021980000532,60.60249312500008],[3.6426874070000395,60.60240773700008],[3.641771729000027,60.602277454000046],[3.6399421710000297,60.60210664600004],[3.6390265120000436,60.601976344000036],[3.638111747000039,60.60189092500008],[3.637196101000029,60.60176061100003],[3.6362813460000325,60.60167517900004],[3.6353657150000345,60.60154485100003],[3.634450970000046,60.60145940700005],[3.633535352000024,60.60132906700005],[3.632620619000022,60.60124361100003],[3.6317050140000333,60.601113258000055],[3.6307902910000394,60.60102778800007],[3.6289591160000327,60.60076705200004],[3.628042667000045,60.60059178500006],[3.6271270980000736,60.600461401000075],[3.624377837000054,60.59993554500005],[3.623462302000064,60.59980513600004],[3.622545910000042,60.59962983100007],[3.621630390000064,60.59949941000008],[3.620714016000022,60.599324092000074],[3.6197985130000347,60.59919365800005],[3.6161331520000317,60.59849230200007],[3.615217691000055,60.59836183600004],[3.6143013840000435,60.598186475000034],[3.613385939000068,60.598055997000074],[3.6124696510000263,60.59788062300004],[3.6097233840000627,60.59748913200008],[3.608807132000038,60.59731373300008],[3.606060957000068,60.59692216700006],[3.6051464200000396,60.59683652100006],[3.6005696410000496,60.59618375500003],[3.595077748000051,60.59540022600004],[3.594161634000045,60.59522472600008],[3.5868395920000467,60.59417962200007],[3.585925184000075,60.59409384400004],[3.583179557000051,60.59370180700006],[3.582265171000074,60.59361600600005],[3.575859011000034,60.592700989000036],[3.574944672000072,60.59261513800004],[3.574029542000062,60.59248439000004],[3.57311521500003,60.59239852500008],[3.572200098000053,60.59226776400004],[3.570371469000065,60.59209600400004],[3.5694563720000474,60.59196522500008],[3.5685420720000707,60.59187932900005],[3.567626988000029,60.59174853700006],[3.5667126980000603,60.59166262900004],[3.565797628000041,60.59153182500006],[3.5648833490000698,60.59144590400007],[3.563968292000027,60.591315086000066],[3.5630540240000528,60.59122915300003],[3.562138980000043,60.59109832400003],[3.561224723000066,60.59101237800007],[3.5603096940000682,60.59088153600004],[3.5593954470000426,60.59079557700005],[3.558480431000021,60.59066472300003],[3.5566519650000714,60.59049277400004],[3.555736968000076,60.59036190100005],[3.5548227490000386,60.59027591200004],[3.5539077650000763,60.59014502600007],[3.552079354000057,60.589973015000055],[3.551164389000064,60.58984211000006],[3.5502501970000253,60.58975609000004],[3.549335246000055,60.58962517200007],[3.547506887000054,60.58945309900008],[3.5456770320000714,60.58919122100008],[3.5438487180000493,60.58901909700006],[3.5429338130000474,60.58888813600004],[3.542019670000059,60.588802059000045],[3.5411047790000225,60.588671085000044],[3.540190646000042,60.588584995000076],[3.539275769000028,60.58845400900003],[3.5383616470000447,60.58836790700008],[3.532872578000024,60.58758182000008],[3.5319584960000725,60.58749567400008],[3.531043683000064,60.58736463100007],[3.530129614000032,60.58727847200004],[3.521896684000069,60.586098750000076],[3.5209826730000486,60.58601252800008],[3.518238515000064,60.585619156000064],[3.517324527000028,60.58553290900005],[3.5136657770000284,60.58500830000003],[3.512751819000073,60.58492202300005],[3.5081785790000595,60.58426608800005],[3.507264656000075,60.58417977300007],[3.5054354240000407,60.58391734300005],[3.504521518000047,60.58383100900005],[3.500863167000034,60.58330604900004],[3.498121554000022,60.58304693400004],[3.496295213000053,60.58296394000007],[3.4953813580000315,60.58287754300005],[3.4944681960000707,60.582836032000046],[3.4926405090000685,60.58266320700005],[3.491727355000023,60.58262167600003],[3.490813522000053,60.582535248000056],[3.489900374000058,60.58249370400006],[3.4889865500000496,60.58240726400004],[3.488073408000048,60.582365708000054],[3.4853319760000545,60.582106330000045],[3.4844188480000753,60.58206475000003],[3.482591257000024,60.581891788000064],[3.4816781380000634,60.58185018800003],[3.48076435400003,60.58176369100005],[3.4798512410000626,60.58172207900003],[3.4789374640000688,60.58163557000006],[3.4761981490000267,60.58151067700004],[3.475285708000058,60.581513924000035],[3.4743726070000207,60.58147227500007],[3.471635286000037,60.581481960000076],[3.4707221920000393,60.58144028500004],[3.4688973110000347,60.58144669900008],[3.4679842210000515,60.58140500500008],[3.4670717830000513,60.58140819600004],[3.4661586960000363,60.58136649100004],[3.4652462570000466,60.58136966900008],[3.4625070160000746,60.58124449600007],[3.4615932990000715,60.58115786800005],[3.4606789480000657,60.581026343000076],[3.4597652430000494,60.58093970300007],[3.458850906000066,60.580808166000054],[3.4579359410000734,60.58063173200003],[3.457021621000024,60.58050018200004],[3.4561066740000683,60.580323735000036],[3.4544580310000583,60.57988042100004],[3.4535431160000485,60.57970395700005],[3.452718821000076,60.57948228600003],[3.4512514910000505,60.57894853300007],[3.450427232000038,60.57872684800003],[3.4489599720000683,60.578193070000054],[3.448135748000027,60.57797137100005],[3.44446786900005,60.57663683100003],[3.4436437160000537,60.57641510500008],[3.4421766730000627,60.575881251000055],[3.441352554000048,60.57565951100008],[3.4391521160000593,60.57485868600003],[3.438327435000076,60.57459203600007],[3.4339269620000437,60.57299025000003],[3.4332836100000463,60.57263319500004],[3.4325496550000594,60.57232132200005],[3.431263022000053,60.571607193000034],[3.430710943000065,60.571249831000046],[3.430067662000056,60.57089275900006],[3.429515608000031,60.57053539200007],[3.428872353000031,60.57017831400003],[3.42813790200006,60.569821526000055],[3.4255650870000522,60.56839317100008],[3.423909239000068,60.567321004000064],[3.42298663400004,60.56651585600008],[3.4220640770000728,60.56571070000007],[3.4209521640000276,60.56436742100004],[3.4201139220000414,60.563023272000066],[3.419549317000076,60.561678259000075],[3.4193553130000396,60.56078101000003],[3.4193495000000667,60.56033209800006],[3.4192525030000525,60.55988347300007],[3.4192466920000584,60.55943456300008],[3.4193320620000236,60.55898536500007],[3.41932625000004,60.558536454000034],[3.4195027960000743,60.55808697000003],[3.4195881590000567,60.55763777300007],[3.4199412280000274,60.556738805000066],[3.4215473250000628,60.554040170000064],[3.421906148000062,60.55359010700005],[3.422173795000049,60.553140332000055],[3.422891395000022,60.55224020400004],[3.426495336000073,60.54899645100005],[3.4270369300000425,60.54859068300004],[3.428388185000074,60.54737424500007],[3.4289303230000314,60.54701336100004],[3.4311821300000247,60.54498592400006],[3.431724197000051,60.54462502900003],[3.435776636000071,60.54097553000008],[3.4363185840000483,60.54061461600003],[3.4390196330000435,60.53818153700007],[3.4395608900000525,60.537775718000034],[3.440911225000036,60.53655915200005],[3.441453043000024,60.53619821800004],[3.444153340000071,60.533765034000055],[3.4445116260000646,60.53331490900007],[3.445411613000033,60.53250383400007],[3.445769867000024,60.532053706000056],[3.4466697890000546,60.531242622000036],[3.4470280120000325,60.53079249100006],[3.447927866000043,60.529981398000075],[3.4482860580000647,60.52953126400007],[3.448735958000043,60.52912571400003],[3.4491852250000647,60.528675271000054],[3.4495433840000373,60.52822513400008],[3.4508929490000355,60.52700846600004],[3.4530590650000477,60.52556455000007],[3.453691650000053,60.525203256000054],[3.4569403850000526,60.523037300000055],[3.4596384270000726,60.52060380100005],[3.460179134000043,60.52019789900004],[3.4606287560000624,60.519792308000035],[3.46387648700005,60.51762618300006],[3.466573560000029,60.51519254300007],[3.4671140900000523,60.51478661200008],[3.468462438000074,60.513569766000046],[3.469002268000054,60.51311893600007]]},"properties":{"id":"762593","name":"12.75\" Co2 injection ØYGARDEN ENERGIPARK, 31/5-A7 EOS","mapLabel":null,"medium":"Co2 injection","phase":"IN SERVICE","operator":"ingen oper","belongsTo":null,"fromFacility":"ØYGARDEN ENERGIPARK","toFacility":"31/5-A7 EOS","grouping":"Transportation","dimensionInch":12.75,"waterDepthM":575,"updated":"2026-09-15T22:00:00.000Z","factPageUrl":"https://factpages.sodir.no/tuf/pageview/pipeline/all/762593","source":"sodir-factmaps"}},{"type":"Feature","geometry":{"type":"LineString","coordinates":[[15.077527854000039,54.10404591200006],[15.05503679900005,54.14901911000004],[14.990033006000033,54.22401945900003],[14.880026985000029,54.33401984000005],[14.75002008000007,54.45402017200007],[14.60001267000007,54.56902026000006],[14.42000458800004,54.67401993900006],[14.219996125000023,54.76901929700006],[13.999987420000025,54.849018261000026],[13.759978475000025,54.91401682400004],[13.51996975700007,54.96901524100008],[13.279961274000073,55.01401351000004],[13.049953196000047,55.054011794000075],[12.81994528100006,55.08700997100004],[12.619938336000075,55.11700839100007],[12.41993145300006,55.14400676100007],[12.219924606000063,55.16900509200008],[12.049918364000064,55.204003853000074],[11.869911498000022,55.24900264200005],[11.619903041000043,55.27400043200004],[11.359894544000042,55.28899796600007],[11.079885855000043,55.28899506700003],[10.799876532000042,55.30899242100003],[10.149852471000031,55.428987206000045],[9.729836393000028,55.51898395100005],[9.549829421000027,55.55898256300003],[9.299819558000024,55.61898068200003],[8.819801984000037,55.68897639700003],[8.47978979000004,55.72897319100008],[8.309784173000025,55.73397136500006],[8.159778858000038,55.74896989600006],[7.87976952300005,55.758966884000074],[7.449755336000067,55.76896214200008],[6.949738850000074,55.778956539000035],[6.510239261000038,55.81349251200004]]},"properties":{"id":"789409","name":"36\" Gas NYBRO TEE, Niechorze-Pogorzelica, Polen","mapLabel":null,"medium":"Gas","phase":"IN SERVICE","operator":"ingen oper","belongsTo":null,"fromFacility":"NYBRO TEE","toFacility":"Niechorze-Pogorzelica, Polen","grouping":"Transportation","dimensionInch":36,"waterDepthM":0,"updated":"2026-09-15T22:00:00.000Z","factPageUrl":"https://factpages.sodir.no/tuf/pageview/pipeline/all/789409","source":"sodir-factmaps"}}]}