{
"type": "FeatureCollection",
"name": "Havneanlegg",
"features": [
{ "type": "Feature", "properties": { "portfacilityno": "NOAHM-0001", "locationnamenor": "Sibelco Nordic Åheim", "harbour": "Åheim", "ownertypenor": "Privat", "pfsaapprovalperiodvalidto": "03.01.2030", "portfacilitystatusnor": "Godkjent", "functionsnor": "Olje, Bulk, Stykkgods, Container", "hascruisefunction": "Nei", "issafeloadingcompliant": "Ja", "councilname": "Vanylven", "countyname": "Møre og Romsdal" }, "geometry": { "type": "Point", "coordinates": [ 5.520437277652586, 62.043754697038146 ] } },
{ "type": "Feature", "properties": { "portfacilityno": "NOAGO-0001", "locationnamenor": "Coast Center Base", "harbour": "Ågotnes", "ownertypenor": "Privat", "pfsaapprovalperiodvalidto": "14.12.2026", "portfacilitystatusnor": "Godkjent", "functionsnor": "Kjemikalie, Bulk, Stykkgods, Container, Ventekai, Offshore forskyning, Annet offshore", "hascruisefunction": "Nei", "issafeloadingcompliant": "Nei", "councilname": "Øygarden", "countyname": "Vestland" }, "geometry": { "type": "Point", "coordinates": [ 5.012397338771139, 60.411902165828621 ] } },
{ "type": "Feature", "properties": { "portfacilityno": "NOAES-0006", "locationnamenor": "Sunde AS", "harbour": "Spjelkavik", "ownertypenor": "Privat", "pfsaapprovalperiodvalidto": "01.11.2029", "portfacilitystatusnor": "Godkjent", "functionsnor": "Kjemikalie", "hascruisefunction": "Nei", "issafeloadingcompliant": "Nei", "councilname": "Ålesund", "countyname": "Møre og Romsdal" }, "geometry": { "type": "Point", "coordinates": [ 6.35166666942103, 62.458333337783273 ] } },
{ "type": "Feature", "properties": { "portfacilityno": "NOAES-0021", "locationnamenor": "Sevrin Tranvåg AS", "harbour": "Fiskarstrand", "ownertypenor": "Privat", "pfsaapprovalperiodvalidto": "15.09.2026", "portfacilitystatusnor": "Godkjent", "functionsnor": "Stykkgods", "hascruisefunction": "Nei", "issafeloadingcompliant": "Nei", "councilname": "Sula", "countyname": "Møre og Romsdal" }, "geometry": { "type": "Point", "coordinates": [ 6.280833336258222, 62.438333338112407 ] } },
{ "type": "Feature", "properties": { "portfacilityno": "NOAES-0027", "locationnamenor": "Steinshamn Kai", "harbour": "Steinshamn", "ownertypenor": "Offentlig", "pfsaapprovalperiodvalidto": "20.08.2029", "portfacilitystatusnor": "Godkjent", "functionsnor": "Stykkgods, Container, Ventekai, Skipsverft, Offshore forskyning, Annet offshore", "hascruisefunction": "Nei", "issafeloadingcompliant": "Nei", "councilname": "Ålesund", "countyname": "Møre og Romsdal" }, "geometry": { "type": "Point", "coordinates": [ 6.473500002549075, 62.786500003575242 ] } },
{ "type": "Feature", "properties": { "portfacilityno": "NOAES-0032", "locationnamenor": "NCC Industry Ålesund", "harbour": "Alvika", "ownertypenor": "Privat", "pfsaapprovalperiodvalidto": "10.07.2030", "portfacilitystatusnor": "Godkjent", "functionsnor": "Olje, Bulk, Ventekai", "hascruisefunction": "Nei", "issafeloadingcompliant": "Nei", "councilname": "Ålesund", "countyname": "Møre og Romsdal" }, "geometry": { "type": "Point", "coordinates": [ 6.395666669323281, 62.485666670902773 ] } },
{ "type": "Feature", "properties": { "portfacilityno": "NOAES-0017", "locationnamenor": "Larsgården Terminal", "harbour": "Ålesund", "ownertypenor": "Privat", "pfsaapprovalperiodvalidto": "17.09.2026", "portfacilitystatusnor": "Godkjent", "functionsnor": "Olje", "hascruisefunction": "Nei", "issafeloadingcompliant": "Nei", "councilname": "Ålesund", "countyname": "Møre og Romsdal" }, "geometry": { "type": "Point", "coordinates": [ 6.258166669661977, 62.478500004818763 ] } },
{ "type": "Feature", "properties": { "portfacilityno": "NOAES-0002", "locationnamenor": "Berg Lipid Tech", "harbour": "Fiskarstrand", "ownertypenor": "Privat", "pfsaapprovalperiodvalidto": "24.11.2027", "portfacilitystatusnor": "Godkjent", "functionsnor": "Kjemikalie", "hascruisefunction": "Nei", "issafeloadingcompliant": "Nei", "councilname": "Sula", "countyname": "Møre og Romsdal" }, "geometry": { "type": "Point", "coordinates": [ 6.332921849022949, 62.429864704451333 ] } },
{ "type": "Feature", "properties": { "portfacilityno": "NOAES-0003", "locationnamenor": "Brødrene Sperre AS", "harbour": "Ellingsøy", "ownertypenor": "Privat", "pfsaapprovalperiodvalidto": "21.01.2027", "portfacilitystatusnor": "Godkjent", "functionsnor": "Stykkgods", "hascruisefunction": "Nei", "issafeloadingcompliant": "Nei", "councilname": "Ålesund", "countyname": "Møre og Romsdal" }, "geometry": { "type": "Point", "coordinates": [ 6.303500002882458, 62.490000004606138 ] } },
{ "type": "Feature", "properties": { "portfacilityno": "NOAES-0007", "locationnamenor": "Hessa Tankanlegg", "harbour": "Ålesund", "ownertypenor": "Privat", "pfsaapprovalperiodvalidto": "01.11.2027", "portfacilitystatusnor": "Godkjent", "functionsnor": "Olje", "hascruisefunction": "Nei", "issafeloadingcompliant": "Nei", "councilname": "Ålesund", "countyname": "Møre og Romsdal" }, "geometry": { "type": "Point", "coordinates": [ 6.128666670010349, 62.462166672113682 ] } },
{ "type": "Feature", "properties": { "portfacilityno": "NOAES-0133", "locationnamenor": "Dyrøy Betong AS", "harbour": "Alvika", "ownertypenor": "Privat", "pfsaapprovalperiodvalidto": "29.04.2028", "portfacilitystatusnor": "Godkjent", "functionsnor": "Bulk", "hascruisefunction": "Nei", "issafeloadingcompliant": "Nei", "councilname": "Ålesund", "countyname": "Møre og Romsdal" }, "geometry": { "type": "Point", "coordinates": [ 6.384578990122282, 62.485730554452097 ] } },
{ "type": "Feature", "properties": { "portfacilityno": "NOAES-0019", "locationnamenor": "Epax AS", "harbour": "Ålesund", "ownertypenor": "Privat", "pfsaapprovalperiodvalidto": "01.09.2027", "portfacilitystatusnor": "Godkjent", "functionsnor": "Passasjer, Kjemikalie", "hascruisefunction": "Nei", "issafeloadingcompliant": "Nei", "councilname": "Ålesund", "countyname": "Møre og Romsdal" }, "geometry": { "type": "Point", "coordinates": [ 6.1213333366987, 62.464166672146348 ] } },
{ "type": "Feature", "properties": { "portfacilityno": "NOAES-0072", "locationnamenor": "Fjordlaks havneanlegg", "harbour": "Ålesund", "ownertypenor": "Privat", "pfsaapprovalperiodvalidto": "03.03.2026", "portfacilitystatusnor": "Godkjent", "functionsnor": "Stykkgods, Container", "hascruisefunction": "Nei", "issafeloadingcompliant": "Nei", "councilname": "Ålesund", "countyname": "Møre og Romsdal" }, "geometry": { "type": "Point", "coordinates": [ 6.130290068419096, 62.472409403410808 ] } },
{ "type": "Feature", "properties": { "portfacilityno": "NOAES-0009", "locationnamenor": "Flatholmen", "harbour": "Ålesund", "ownertypenor": "Offentlig", "pfsaapprovalperiodvalidto": "03.12.2028", "portfacilitystatusnor": "Godkjent", "functionsnor": "Bulk, Stykkgods, Container, Ventekai, Annet", "hascruisefunction": "Nei", "issafeloadingcompliant": "Nei", "councilname": "Ålesund", "countyname": "Møre og Romsdal" }, "geometry": { "type": "Point", "coordinates": [ 6.192000003172289, 62.479666671782752 ] } },
{ "type": "Feature", "properties": { "portfacilityno": "NOAES-0012", "locationnamenor": "FrigoCare Aalesund AS", "harbour": "Alvika", "ownertypenor": "Privat", "pfsaapprovalperiodvalidto": "11.12.2025", "portfacilitystatusnor": "Godkjent", "functionsnor": "Kjemikalie, Stykkgods, Container, Ventekai", "hascruisefunction": "Nei", "issafeloadingcompliant": "Nei", "councilname": "Ålesund", "countyname": "Møre og Romsdal" }, "geometry": { "type": "Point", "coordinates": [ 6.34333333611247, 62.474444448906297 ] } },
{ "type": "Feature", "properties": { "portfacilityno": "NOHAR-0001", "locationnamenor": "Karsten Flem AS", "harbour": "Flem", "ownertypenor": "Privat", "pfsaapprovalperiodvalidto": "14.09.2026", "portfacilitystatusnor": "Godkjent", "functionsnor": "Stykkgods", "hascruisefunction": "Nei", "issafeloadingcompliant": "Nei", "councilname": "Ålesund", "countyname": "Møre og Romsdal" }, "geometry": { "type": "Point", "coordinates": [ 6.239171200518373, 62.679539680258117 ] } },
{ "type": "Feature", "properties": { "portfacilityno": "NOAES-0013", "locationnamenor": "Longvagruppen terminal", "harbour": "Ålesund", "ownertypenor": "Privat", "pfsaapprovalperiodvalidto": "09.11.2027", "portfacilitystatusnor": "Godkjent", "functionsnor": "Stykkgods", "hascruisefunction": "Nei", "issafeloadingcompliant": "Nei", "councilname": "Ålesund", "countyname": "Møre og Romsdal" }, "geometry": { "type": "Point", "coordinates": [ 6.226333336412387, 62.478000004961501 ] } },
{ "type": "Feature", "properties": { "portfacilityno": "NOAES-0033", "locationnamenor": "MHService avd. Ålesund", "harbour": "Ålesund", "ownertypenor": "Privat", "pfsaapprovalperiodvalidto": "20.07.2027", "portfacilitystatusnor": "Godkjent", "functionsnor": "Olje", "hascruisefunction": "Nei", "issafeloadingcompliant": "Nei", "councilname": "Ålesund", "countyname": "Møre og Romsdal" }, "geometry": { "type": "Point", "coordinates": [ 6.120833336700639, 62.46566667214627 ] } },
{ "type": "Feature", "properties": { "portfacilityno": "NOAES-0014", "locationnamenor": "Nils Sperre AS", "harbour": "Ellingsøy", "ownertypenor": "Privat", "pfsaapprovalperiodvalidto": "01.02.2027", "portfacilitystatusnor": "Godkjent", "functionsnor": "Stykkgods", "hascruisefunction": "Nei", "issafeloadingcompliant": "Nei", "councilname": "Ålesund", "countyname": "Møre og Romsdal" }, "geometry": { "type": "Point", "coordinates": [ 6.308333336204088, 62.491666671250051 ] } },
{ "type": "Feature", "properties": { "portfacilityno": "NOAES-0008", "locationnamenor": "Olav E. Fiskerstrand AS", "harbour": "Fiskarstrand", "ownertypenor": "Privat", "pfsaapprovalperiodvalidto": "19.07.2029", "portfacilitystatusnor": "Godkjent", "functionsnor": "Stykkgods", "hascruisefunction": "Nei", "issafeloadingcompliant": "Nei", "councilname": "Sula", "countyname": "Møre og Romsdal" }, "geometry": { "type": "Point", "coordinates": [ 6.249166669673878, 62.440166671583448 ] } },
{ "type": "Feature", "properties": { "portfacilityno": "NOAES-0018", "locationnamenor": "Prestebrygga og Storneskaia, Ålesund Cruiseterminal", "harbour": "Ålesund", "ownertypenor": "Offentlig", "pfsaapprovalperiodvalidto": "26.08.2029", "portfacilitystatusnor": "Godkjent", "functionsnor": "Cruise, Passasjer, Bulk, Stykkgods, Container, Ventekai", "hascruisefunction": "Ja", "issafeloadingcompliant": "Nei", "councilname": "Ålesund", "countyname": "Møre og Romsdal" }, "geometry": { "type": "Point", "coordinates": [ 6.152000003279842, 62.469166671988695 ] } },
{ "type": "Feature", "properties": { "portfacilityno": "NOAES-0020", "locationnamenor": "Kongsberg Maritime Brattvåg", "harbour": "Brattvåg", "ownertypenor": "Privat", "pfsaapprovalperiodvalidto": "19.11.2028", "portfacilitystatusnor": "Godkjent", "functionsnor": "Stykkgods, Skipsverft, Offshore forskyning, Annet", "hascruisefunction": "Nei", "issafeloadingcompliant": "Nei", "councilname": "Ålesund", "countyname": "Møre og Romsdal" }, "geometry": { "type": "Point", "coordinates": [ 6.448247135501872, 62.604823464007154 ] } },
{ "type": "Feature", "properties": { "portfacilityno": "NOAES-0022", "locationnamenor": "Skansekaia", "harbour": "Ålesund", "ownertypenor": "Offentlig", "pfsaapprovalperiodvalidto": "14.12.2025", "portfacilitystatusnor": "Godkjent", "functionsnor": "Cruise, Passasjer, Ventekai", "hascruisefunction": "Ja", "issafeloadingcompliant": "Nei", "councilname": "Ålesund", "countyname": "Møre og Romsdal" }, "geometry": { "type": "Point", "coordinates": [ 6.152500003280622, 62.475833338641841 ] } },
{ "type": "Feature", "properties": { "portfacilityno": "NOAES-0025", "locationnamenor": "Spjelkavik kai", "harbour": "Spjelkavik", "ownertypenor": "Offentlig", "pfsaapprovalperiodvalidto": "01.06.2026", "portfacilitystatusnor": "Godkjent", "functionsnor": "Bulk, Stykkgods, Ventekai", "hascruisefunction": "Nei", "issafeloadingcompliant": "Nei", "councilname": "Ålesund", "countyname": "Møre og Romsdal" }, "geometry": { "type": "Point", "coordinates": [ 6.345666669435944, 62.459500004473071 ] } },
{ "type": "Feature", "properties": { "portfacilityno": "NOAES-0028", "locationnamenor": "Sunnmøre Fiskeindustri AS", "harbour": "Ålesund", "ownertypenor": "Privat", "pfsaapprovalperiodvalidto": "25.01.2026", "portfacilitystatusnor": "Godkjent", "functionsnor": "Stykkgods", "hascruisefunction": "Nei", "issafeloadingcompliant": "Nei", "councilname": "Ålesund", "countyname": "Møre og Romsdal" }, "geometry": { "type": "Point", "coordinates": [ 6.125000003357639, 62.472500005447444 ] } },
{ "type": "Feature", "properties": { "portfacilityno": "NOSOV-0001", "locationnamenor": "Vard Søviknes", "harbour": "Søvik", "ownertypenor": "Privat", "pfsaapprovalperiodvalidto": "18.12.2028", "portfacilitystatusnor": "Godkjent", "functionsnor": "Stykkgods, Skipsverft", "hascruisefunction": "Nei", "issafeloadingcompliant": "Nei", "councilname": "Ålesund", "countyname": "Møre og Romsdal" }, "geometry": { "type": "Point", "coordinates": [ 6.273333336309928, 62.549166671314666 ] } },
{ "type": "Feature", "properties": { "portfacilityno": "NOAES-0029", "locationnamenor": "TripleNine Vedde AS", "harbour": "Fiskarstrand", "ownertypenor": "Privat", "pfsaapprovalperiodvalidto": "24.02.2026", "portfacilitystatusnor": "Godkjent", "functionsnor": "Kjemikalie, Bulk", "hascruisefunction": "Nei", "issafeloadingcompliant": "Nei", "councilname": "Sula", "countyname": "Møre og Romsdal" }, "geometry": { "type": "Point", "coordinates": [ 6.241333336359887, 62.436333338291178 ] } },
{ "type": "Feature", "properties": { "portfacilityno": "NOAES-0148", "locationnamenor": "Veidekke Bingsa", "harbour": "Alvika", "ownertypenor": "Privat", "pfsaapprovalperiodvalidto": "02.10.2027", "portfacilitystatusnor": "Godkjent", "functionsnor": "Gass, Bulk", "hascruisefunction": "Nei", "issafeloadingcompliant": "Nei", "councilname": "Ålesund", "countyname": "Møre og Romsdal" }, "geometry": { "type": "Point", "coordinates": [ 6.389667002670618, 62.485000004260613 ] } },
{ "type": "Feature", "properties": { "portfacilityno": "NOAES-0026", "locationnamenor": "Verpingsvika kai", "harbour": "Ålesund", "ownertypenor": "Privat", "pfsaapprovalperiodvalidto": "17.11.2027", "portfacilitystatusnor": "Godkjent", "functionsnor": "Bulk, Stykkgods, Container", "hascruisefunction": "Nei", "issafeloadingcompliant": "Nei", "councilname": "Ålesund", "countyname": "Møre og Romsdal" }, "geometry": { "type": "Point", "coordinates": [ 6.165790051525788, 62.479033547622471 ] } },
{ "type": "Feature", "properties": { "portfacilityno": "NOGJD-0001", "locationnamenor": "Vigra Spolebase", "harbour": "Gjøsundet", "ownertypenor": "Offentlig", "pfsaapprovalperiodvalidto": "01.06.2026", "portfacilitystatusnor": "Godkjent", "functionsnor": "Bulk, Stykkgods, Ventekai, Offshore forskyning", "hascruisefunction": "Nei", "issafeloadingcompliant": "Nei", "councilname": "Giske", "countyname": "Møre og Romsdal" }, "geometry": { "type": "Point", "coordinates": [ 6.138333336670692, 62.526666671958552 ] } },
{ "type": "Feature", "properties": { "portfacilityno": "NOALF-0002", "locationnamenor": "Alta havneanlegg", "harbour": "Alta", "ownertypenor": "Offentlig", "pfsaapprovalperiodvalidto": "07.03.2029", "portfacilitystatusnor": "Godkjent", "functionsnor": "Cruise, Stykkgods, Container", "hascruisefunction": "Ja", "issafeloadingcompliant": "Nei", "councilname": "Alta", "countyname": "Finnmark" }, "geometry": { "type": "Point", "coordinates": [ 23.334429680368185, 69.980235069310297 ] } },
{ "type": "Feature", "properties": { "portfacilityno": "NOALF-0004", "locationnamenor": "Alta Skiferterminal", "harbour": "Alta", "ownertypenor": "Privat", "pfsaapprovalperiodvalidto": "29.03.2030", "portfacilitystatusnor": "Godkjent", "functionsnor": "Bulk, Stykkgods", "hascruisefunction": "Nei", "issafeloadingcompliant": "Nei", "councilname": "Alta", "countyname": "Finnmark" }, "geometry": { "type": "Point", "coordinates": [ 23.219027215094069, 69.960665536351542 ] } },
{ "type": "Feature", "properties": { "portfacilityno": "NOALF-0005", "locationnamenor": "Marinekaia", "harbour": "Alta", "ownertypenor": "Offentlig", "pfsaapprovalperiodvalidto": "25.09.2025", "portfacilitystatusnor": "Godkjent", "functionsnor": "Cruise, Olje, Bulk", "hascruisefunction": "Ja", "issafeloadingcompliant": "Nei", "councilname": "Alta", "countyname": "Finnmark" }, "geometry": { "type": "Point", "coordinates": [ 23.306238236024242, 69.979941230819492 ] } },
{ "type": "Feature", "properties": { "portfacilityno": "NOSTY-0001", "locationnamenor": "Lillebukta havneanlegg", "harbour": "Lillebukt", "ownertypenor": "Privat", "pfsaapprovalperiodvalidto": "17.09.2029", "portfacilitystatusnor": "Godkjent", "functionsnor": "Bulk, Stykkgods", "hascruisefunction": "Nei", "issafeloadingcompliant": "Nei", "councilname": "Alta", "countyname": "Finnmark" }, "geometry": { "type": "Point", "coordinates": [ 22.614139999005552, 70.261666999403303 ] } },
{ "type": "Feature", "properties": { "portfacilityno": "NOAAV-0001", "locationnamenor": "Elkem Bjølvefossen", "harbour": "Ålvik", "ownertypenor": "Privat", "pfsaapprovalperiodvalidto": "16.04.2029", "portfacilitystatusnor": "Godkjent", "functionsnor": "Bulk, Stykkgods, Container", "hascruisefunction": "Nei", "issafeloadingcompliant": "Nei", "councilname": "Kvam", "countyname": "Vestland" }, "geometry": { "type": "Point", "coordinates": [ 6.424919372654973, 60.430844389289966 ] } },
{ "type": "Feature", "properties": { "portfacilityno": "NOAND-0001", "locationnamenor": "Åndalsnes Havn", "harbour": "Åndalsnes", "ownertypenor": "Offentlig", "pfsaapprovalperiodvalidto": "19.03.2026", "portfacilitystatusnor": "Godkjent", "functionsnor": "Cruise, Passasjer, Bulk, Stykkgods, Ventekai", "hascruisefunction": "Ja", "issafeloadingcompliant": "Nei", "councilname": "Rauma", "countyname": "Møre og Romsdal" }, "geometry": { "type": "Point", "coordinates": [ 7.693333334086072, 62.568333334451786 ] } },
{ "type": "Feature", "properties": { "portfacilityno": "NOAND-0006", "locationnamenor": "Søndre Kai", "harbour": "Åndalsnes", "ownertypenor": "Offentlig", "pfsaapprovalperiodvalidto": "05.09.2028", "portfacilitystatusnor": "Godkjent", "functionsnor": "Bulk, Stykkgods", "hascruisefunction": "Nei", "issafeloadingcompliant": "Nei", "councilname": "Rauma", "countyname": "Møre og Romsdal" }, "geometry": { "type": "Point", "coordinates": [ 7.670085831459683, 62.559909475894692 ] } },
{ "type": "Feature", "properties": { "portfacilityno": "NOADY-0003", "locationnamenor": "Risøyhamn Kai", "harbour": "Risøyhamn", "ownertypenor": "Privat", "pfsaapprovalperiodvalidto": "01.04.2027", "portfacilitystatusnor": "Godkjent", "functionsnor": "Bulk, Stykkgods", "hascruisefunction": "Nei", "issafeloadingcompliant": "Nei", "councilname": "Andøy", "countyname": "Nordland" }, "geometry": { "type": "Point", "coordinates": [ 15.6405, 68.967499999999802 ] } },
{ "type": "Feature", "properties": { "portfacilityno": "NOARD-0002", "locationnamenor": "Hydro Årdal havneanlegg", "harbour": "Årdalstangen", "ownertypenor": "Privat", "pfsaapprovalperiodvalidto": "08.04.2029", "portfacilitystatusnor": "Godkjent", "functionsnor": "Gass, Kjemikalie, Bulk, Container, Ventekai", "hascruisefunction": "Nei", "issafeloadingcompliant": "Ja", "councilname": "Årdal", "countyname": "Vestland" }, "geometry": { "type": "Point", "coordinates": [ 7.70960162541031, 61.234105086557769 ] } },
{ "type": "Feature", "properties": { "portfacilityno": "NOARE-0010", "locationnamenor": "Arendal Cruiseterminal", "harbour": "Arendal", "ownertypenor": "Offentlig", "pfsaapprovalperiodvalidto": "21.12.2029", "portfacilitystatusnor": "Godkjent", "functionsnor": "Cruise, Ventekai", "hascruisefunction": "Ja", "issafeloadingcompliant": "Nei", "councilname": "Arendal", "countyname": "Agder" }, "geometry": { "type": "Point", "coordinates": [ 8.771333333311061, 58.458500000802935 ] } },
{ "type": "Feature", "properties": { "portfacilityno": "NOARE-0011", "locationnamenor": "AT Logistikk Eydehavn havneanlegg", "harbour": "Eydehavn - Arendal", "ownertypenor": "Privat", "pfsaapprovalperiodvalidto": "18.08.2028", "portfacilitystatusnor": "Godkjent", "functionsnor": "Bulk, Ventekai", "hascruisefunction": "Nei", "issafeloadingcompliant": "Nei", "councilname": "Arendal", "countyname": "Agder" }, "geometry": { "type": "Point", "coordinates": [ 8.888118017171893, 58.500359857365439 ] } },
{ "type": "Feature", "properties": { "portfacilityno": "NOARE-0001", "locationnamenor": "Eydehavn Havneanlegg", "harbour": "Eydehavn - Arendal", "ownertypenor": "Offentlig", "pfsaapprovalperiodvalidto": "26.01.2026", "portfacilitystatusnor": "Godkjent", "functionsnor": "Bulk, Stykkgods, Container, Ventekai, Annet offshore, Annet", "hascruisefunction": "Nei", "issafeloadingcompliant": "Ja", "councilname": "Arendal", "countyname": "Agder" }, "geometry": { "type": "Point", "coordinates": [ 8.876333333308729, 58.495166667363392 ] } },
{ "type": "Feature", "properties": { "portfacilityno": "NOARE-0009", "locationnamenor": "Eydehavn Yard", "harbour": "Eydehavn - Arendal", "ownertypenor": "Privat", "pfsaapprovalperiodvalidto": "21.10.2026", "portfacilitystatusnor": "Godkjent", "functionsnor": "Bulk, Stykkgods, Container, Ventekai, Skipsverft, Offshore forskyning, Annet", "hascruisefunction": "Nei", "issafeloadingcompliant": "Nei", "councilname": "Arendal", "countyname": "Agder" }, "geometry": { "type": "Point", "coordinates": [ 8.885333333308594, 58.49900000068812 ] } },
{ "type": "Feature", "properties": { "portfacilityno": "NOARE-0007", "locationnamenor": "Sandvikodden, Hisøy", "harbour": "Arendal", "ownertypenor": "Offentlig", "pfsaapprovalperiodvalidto": "24.10.2028", "portfacilitystatusnor": "Godkjent", "functionsnor": "Olje, Ventekai", "hascruisefunction": "Nei", "issafeloadingcompliant": "Nei", "councilname": "Arendal", "countyname": "Agder" }, "geometry": { "type": "Point", "coordinates": [ 8.780666999975224, 58.433833000796696 ] } },
{ "type": "Feature", "properties": { "portfacilityno": "NOAUK-0002", "locationnamenor": "Nyhamna Gas plant", "harbour": "Nyhamna", "ownertypenor": "Privat", "pfsaapprovalperiodvalidto": "12.07.2028", "portfacilitystatusnor": "Godkjent", "functionsnor": "Gass, Bulk, Stykkgods", "hascruisefunction": "Nei", "issafeloadingcompliant": "Nei", "councilname": "Aukra", "countyname": "Møre og Romsdal" }, "geometry": { "type": "Point", "coordinates": [ 6.952666668311676, 62.85216666887019 ] } },
{ "type": "Feature", "properties": { "portfacilityno": "NOBLL-0001", "locationnamenor": "Fornes Ballangen", "harbour": "Ballangen", "ownertypenor": "Offentlig", "pfsaapprovalperiodvalidto": "08.03.2028", "portfacilitystatusnor": "Godkjent", "functionsnor": "Bulk, Stykkgods", "hascruisefunction": "Nei", "issafeloadingcompliant": "Nei", "councilname": "Narvik", "countyname": "Nordland" }, "geometry": { "type": "Point", "coordinates": [ 16.89146855290392, 68.350168788509166 ] } },
{ "type": "Feature", "properties": { "portfacilityno": "NOBLL-0002", "locationnamenor": "Franzefoss Miljøkalk", "harbour": "Hekkelstrand", "ownertypenor": "Privat", "pfsaapprovalperiodvalidto": "12.09.2027", "portfacilitystatusnor": "Godkjent", "functionsnor": "Bulk", "hascruisefunction": "Nei", "issafeloadingcompliant": "Nei", "councilname": "Narvik", "countyname": "Nordland" }, "geometry": { "type": "Point", "coordinates": [ 16.831667, 68.399166999999778 ] } },
{ "type": "Feature", "properties": { "portfacilityno": "NOBAF-0001", "locationnamenor": "Bergeneset kai", "harbour": "Bergeneset", "ownertypenor": "Offentlig", "pfsaapprovalperiodvalidto": "11.06.2026", "portfacilitystatusnor": "Godkjent", "functionsnor": "Kjemikalie, Bulk, Stykkgods, Ventekai", "hascruisefunction": "Nei", "issafeloadingcompliant": "Nei", "councilname": "Balsfjord", "countyname": "Troms" }, "geometry": { "type": "Point", "coordinates": [ 19.360837999986185, 69.238107999994185 ] } },
{ "type": "Feature", "properties": { "portfacilityno": "NOBAF-0003", "locationnamenor": "Forsvarets kai, Bergneset", "harbour": "Bergeneset", "ownertypenor": "Offentlig", "pfsaapprovalperiodvalidto": "08.08.2027", "portfacilitystatusnor": "Godkjent", "functionsnor": "Olje", "hascruisefunction": "Nei", "issafeloadingcompliant": "Nei", "councilname": "Balsfjord", "countyname": "Troms" }, "geometry": { "type": "Point", "coordinates": [ 19.354574999986347, 69.237689999994274 ] } },
{ "type": "Feature", "properties": { "portfacilityno": "NOBAM-0004", "locationnamenor": "AT Terminal Herre", "harbour": "Herre", "ownertypenor": "Privat", "pfsaapprovalperiodvalidto": "15.06.2026", "portfacilitystatusnor": "Godkjent", "functionsnor": "Bulk", "hascruisefunction": "Nei", "issafeloadingcompliant": "Nei", "councilname": "Bamble", "countyname": "Telemark" }, "geometry": { "type": "Point", "coordinates": [ 9.568499999982253, 59.105333333573363 ] } },
{ "type": "Feature", "properties": { "portfacilityno": "NOBAM-0002", "locationnamenor": "Ineos Bamble AS", "harbour": "Rønningen", "ownertypenor": "Privat", "pfsaapprovalperiodvalidto": "19.08.2029", "portfacilitystatusnor": "Godkjent", "functionsnor": "Olje, Stykkgods, Container", "hascruisefunction": "Nei", "issafeloadingcompliant": "Nei", "councilname": "Bamble", "countyname": "Telemark" }, "geometry": { "type": "Point", "coordinates": [ 9.626833333313719, 59.082333333554452 ] } },
{ "type": "Feature", "properties": { "portfacilityno": "NOBAM-0005", "locationnamenor": "Rafnes Havneanlegg", "harbour": "Rafnes", "ownertypenor": "Privat", "pfsaapprovalperiodvalidto": "09.04.2026", "portfacilitystatusnor": "Godkjent", "functionsnor": "Gass, Kjemikalie, Bulk", "hascruisefunction": "Nei", "issafeloadingcompliant": "Nei", "councilname": "Bamble", "countyname": "Telemark" }, "geometry": { "type": "Point", "coordinates": [ 9.597666666648056, 59.097166666897031 ] } },
{ "type": "Feature", "properties": { "portfacilityno": "NOBAM-0003", "locationnamenor": "Ragn Sells Skjærkøya", "harbour": "Skjerkøya", "ownertypenor": "Privat", "pfsaapprovalperiodvalidto": "13.10.2028", "portfacilitystatusnor": "Godkjent", "functionsnor": "Bulk", "hascruisefunction": "Nei", "issafeloadingcompliant": "Nei", "councilname": "Bamble", "countyname": "Telemark" }, "geometry": { "type": "Point", "coordinates": [ 9.63849999997956, 59.061000000218201 ] } },
{ "type": "Feature", "properties": { "portfacilityno": "NOBJF-0001", "locationnamenor": "Båtsfjord havneanlegg", "harbour": "Båtsfjord", "ownertypenor": "Offentlig", "pfsaapprovalperiodvalidto": "27.06.2029", "portfacilitystatusnor": "Godkjent", "functionsnor": "Ro-Ro Passasjer, Kjemikalie, Olje, Bulk, Stykkgods, Container, Ventekai, Offshore forskyning, Annet offshore", "hascruisefunction": "Nei", "issafeloadingcompliant": "Nei", "councilname": "Båtsfjord", "countyname": "Finnmark" }, "geometry": { "type": "Point", "coordinates": [ 29.723612628365995, 70.629541646545576 ] } },
{ "type": "Feature", "properties": { "portfacilityno": "NOBGO-0001", "locationnamenor": "Lerøy Austevoll AS", "harbour": "Storebø", "ownertypenor": "Privat", "pfsaapprovalperiodvalidto": "28.08.2028", "portfacilitystatusnor": "Godkjent", "functionsnor": "Bulk, Stykkgods, Container, Ventekai", "hascruisefunction": "Nei", "issafeloadingcompliant": "Nei", "councilname": "Austevoll", "countyname": "Vestland" }, "geometry": { "type": "Point", "coordinates": [ 5.223325209380458, 60.092040194825337 ] } },
{ "type": "Feature", "properties": { "portfacilityno": "NOBGO-0014", "locationnamenor": "Bergen Engines AS", "harbour": "Hordvik", "ownertypenor": "Privat", "pfsaapprovalperiodvalidto": "08.04.2029", "portfacilitystatusnor": "Godkjent", "functionsnor": "Stykkgods, Container", "hascruisefunction": "Nei", "issafeloadingcompliant": "Nei", "councilname": "Bergen", "countyname": "Vestland" }, "geometry": { "type": "Point", "coordinates": [ 5.297413067859834, 60.52634825968466 ] } },
{ "type": "Feature", "properties": { "portfacilityno": "NOBGO-0013", "locationnamenor": "Semco Maritime AS", "harbour": "Hanøytangen", "ownertypenor": "Privat", "pfsaapprovalperiodvalidto": "16.12.2027", "portfacilitystatusnor": "Godkjent", "functionsnor": "Bulk, Ventekai, Skipsverft", "hascruisefunction": "Nei", "issafeloadingcompliant": "Nei", "councilname": "Askøy", "countyname": "Vestland" }, "geometry": { "type": "Point", "coordinates": [ 5.100976178542247, 60.440563859833624 ] } },
{ "type": "Feature", "properties": { "portfacilityno": "NOBGO-0149", "locationnamenor": "Energiparken Havneanlegg", "harbour": "Kollsnes Øst", "ownertypenor": "Offentlig", "pfsaapprovalperiodvalidto": "28.07.2028", "portfacilitystatusnor": "Godkjent", "functionsnor": "Gass, Bulk, Stykkgods, Ventekai, Annet offshore", "hascruisefunction": "Nei", "issafeloadingcompliant": "Nei", "councilname": "Øygarden", "countyname": "Vestland" }, "geometry": { "type": "Point", "coordinates": [ 4.884295419273684, 60.553086753423308 ] } },
{ "type": "Feature", "properties": { "portfacilityno": "NOBGO-0006", "locationnamenor": "Dokken Havneanlegg", "harbour": "Bergen", "ownertypenor": "Offentlig", "pfsaapprovalperiodvalidto": "15.02.2030", "portfacilitystatusnor": "Godkjent", "functionsnor": "Cruise, Ro-Ro Passasjer, Bulk, Stykkgods, Container, Ventekai, Annet offshore", "hascruisefunction": "Ja", "issafeloadingcompliant": "Nei", "councilname": "Bergen", "countyname": "Vestland" }, "geometry": { "type": "Point", "coordinates": [ 5.309893930594751, 60.392650368809797 ] } },
{ "type": "Feature", "properties": { "portfacilityno": "NOVAK-0001", "locationnamenor": "Felleskjøpet Agri SA, avd. Vaksdal", "harbour": "Vaksdal", "ownertypenor": "Privat", "pfsaapprovalperiodvalidto": "17.12.2029", "portfacilitystatusnor": "Godkjent", "functionsnor": "Bulk, Stykkgods, Ventekai", "hascruisefunction": "Nei", "issafeloadingcompliant": "Nei", "councilname": "Vaksdal", "countyname": "Vestland" }, "geometry": { "type": "Point", "coordinates": [ 5.736964899376349, 60.475328698588207 ] } },
{ "type": "Feature", "properties": { "portfacilityno": "NOBGO-0009", "locationnamenor": "Framo Flatøy AS", "harbour": "Flatøy", "ownertypenor": "Privat", "pfsaapprovalperiodvalidto": "16.05.2029", "portfacilitystatusnor": "Godkjent", "functionsnor": "Stykkgods, Container", "hascruisefunction": "Nei", "issafeloadingcompliant": "Nei", "councilname": "Alver", "countyname": "Vestland" }, "geometry": { "type": "Point", "coordinates": [ 5.252880880256463, 60.535532843363171 ] } },
{ "type": "Feature", "properties": { "portfacilityno": "NOBGO-0033", "locationnamenor": "Franzefoss Gjenvinning AS, Eide", "harbour": "Eide - Sotra", "ownertypenor": "Privat", "pfsaapprovalperiodvalidto": "03.10.2027", "portfacilitystatusnor": "Godkjent", "functionsnor": "Bulk, Stykkgods, Annet offshore", "hascruisefunction": "Nei", "issafeloadingcompliant": "Nei", "councilname": "Øygarden", "countyname": "Vestland" }, "geometry": { "type": "Point", "coordinates": [ 4.963538375955977, 60.386710615018885 ] } },
{ "type": "Feature", "properties": { "portfacilityno": "NOBGO-0042", "locationnamenor": "GC Rieber Minerals Bergen", "harbour": "Laksevåg", "ownertypenor": "Privat", "pfsaapprovalperiodvalidto": "25.02.2027", "portfacilitystatusnor": "Godkjent", "functionsnor": "Bulk, Stykkgods", "hascruisefunction": "Nei", "issafeloadingcompliant": "Nei", "councilname": "Bergen", "countyname": "Vestland" }, "geometry": { "type": "Point", "coordinates": [ 5.291158338009097, 60.392228352503423 ] } },
{ "type": "Feature", "properties": { "portfacilityno": "NOBGO-0011", "locationnamenor": "Halfdan L. Solberg AS", "harbour": "Bergen", "ownertypenor": "Privat", "pfsaapprovalperiodvalidto": "17.02.2027", "portfacilitystatusnor": "Godkjent", "functionsnor": "Kjemikalie, Stykkgods", "hascruisefunction": "Nei", "issafeloadingcompliant": "Nei", "councilname": "Bergen", "countyname": "Vestland" }, "geometry": { "type": "Point", "coordinates": [ 5.298502004855597, 60.420070412818788 ] } },
{ "type": "Feature", "properties": { "portfacilityno": "NOBGO-0142", "locationnamenor": "Horsøy Industrihavn", "harbour": "Horsøy", "ownertypenor": "Privat", "pfsaapprovalperiodvalidto": "27.12.2027", "portfacilitystatusnor": "Godkjent", "functionsnor": "Stykkgods, Container", "hascruisefunction": "Nei", "issafeloadingcompliant": "Nei", "councilname": "Askøy", "countyname": "Vestland" }, "geometry": { "type": "Point", "coordinates": [ 5.163366377565371, 60.433548158906596 ] } },
{ "type": "Feature", "properties": { "portfacilityno": "NOBGO-0005", "locationnamenor": "Simonsviken havneanlegg", "harbour": "Laksevåg", "ownertypenor": "Privat", "pfsaapprovalperiodvalidto": "28.08.2028", "portfacilitystatusnor": "Godkjent", "functionsnor": "Bulk, Ventekai", "hascruisefunction": "Nei", "issafeloadingcompliant": "Nei", "councilname": "Bergen", "countyname": "Vestland" }, "geometry": { "type": "Point", "coordinates": [ 5.269901089653861, 60.393992983927113 ] } },
{ "type": "Feature", "properties": { "portfacilityno": "NOBGO-0016", "locationnamenor": "Heidelberg materials Bergen indre havn", "harbour": "Laksevåg", "ownertypenor": "Privat", "pfsaapprovalperiodvalidto": "16.05.2030", "portfacilitystatusnor": "Godkjent", "functionsnor": "Bulk", "hascruisefunction": "Nei", "issafeloadingcompliant": "Nei", "councilname": "Bergen", "countyname": "Vestland" }, "geometry": { "type": "Point", "coordinates": [ 5.306625307246232, 60.385900993227501 ] } },
{ "type": "Feature", "properties": { "portfacilityno": "NOBGO-0012", "locationnamenor": "LVN12", "harbour": "Laksevåg", "ownertypenor": "Privat", "pfsaapprovalperiodvalidto": "17.02.2030", "portfacilitystatusnor": "Godkjent", "functionsnor": "Ventekai, Annet offshore", "hascruisefunction": "Nei", "issafeloadingcompliant": "Nei", "councilname": "Bergen", "countyname": "Vestland" }, "geometry": { "type": "Point", "coordinates": [ 5.292248476249231, 60.391708520335115 ] } },
{ "type": "Feature", "properties": { "portfacilityno": "NOBGO-0134", "locationnamenor": "Endur Maritime", "harbour": "Laksevåg", "ownertypenor": "Privat", "pfsaapprovalperiodvalidto": "02.01.2029", "portfacilitystatusnor": "Godkjent", "functionsnor": "Ventekai, Skipsverft", "hascruisefunction": "Nei", "issafeloadingcompliant": "Nei", "councilname": "Bergen", "countyname": "Vestland" }, "geometry": { "type": "Point", "coordinates": [ 5.296990004651531, 60.389250019090802 ] } },
{ "type": "Feature", "properties": { "portfacilityno": "NOKRV-0002", "locationnamenor": "Omya Hustadmarmor Knarrevik havneanlegg", "harbour": "Knarrevik", "ownertypenor": "Privat", "pfsaapprovalperiodvalidto": "10.01.2029", "portfacilitystatusnor": "Godkjent", "functionsnor": "Bulk, Stykkgods", "hascruisefunction": "Nei", "issafeloadingcompliant": "Nei", "councilname": "Øygarden", "countyname": "Vestland" }, "geometry": { "type": "Point", "coordinates": [ 5.161320866309984, 60.371979544115632 ] } },
{ "type": "Feature", "properties": { "portfacilityno": "NOBGO-0019", "locationnamenor": "DC Eikefet Aggregates AS", "harbour": "Eikefet", "ownertypenor": "Privat", "pfsaapprovalperiodvalidto": "15.04.2029", "portfacilitystatusnor": "Godkjent", "functionsnor": "Bulk", "hascruisefunction": "Nei", "issafeloadingcompliant": "Ja", "councilname": "Alver", "countyname": "Vestland" }, "geometry": { "type": "Point", "coordinates": [ 5.554364907869757, 60.700634080628184 ] } },
{ "type": "Feature", "properties": { "portfacilityno": "NOBGO-0020", "locationnamenor": "RadøyGruppen AS", "harbour": "Manger", "ownertypenor": "Privat", "pfsaapprovalperiodvalidto": "31.07.2028", "portfacilitystatusnor": "Godkjent", "functionsnor": "Stykkgods, Ventekai, Skipsverft", "hascruisefunction": "Nei", "issafeloadingcompliant": "Nei", "councilname": "Alver", "countyname": "Vestland" }, "geometry": { "type": "Point", "coordinates": [ 5.181452613436076, 60.587482281737849 ] } },
{ "type": "Feature", "properties": { "portfacilityno": "NOBGO-0022", "locationnamenor": "Hegreneset havneanlegg", "harbour": "Bergen", "ownertypenor": "Privat", "pfsaapprovalperiodvalidto": "18.03.2030", "portfacilitystatusnor": "Godkjent", "functionsnor": "Bulk", "hascruisefunction": "Nei", "issafeloadingcompliant": "Nei", "councilname": "Bergen", "countyname": "Vestland" }, "geometry": { "type": "Point", "coordinates": [ 5.304156085539424, 60.415911311897659 ] } },
{ "type": "Feature", "properties": { "portfacilityno": "NOBGO-0039", "locationnamenor": "Skaganeset havneanlegg", "harbour": "Skogsvåg", "ownertypenor": "Offentlig", "pfsaapprovalperiodvalidto": "12.06.2029", "portfacilitystatusnor": "Godkjent", "functionsnor": "Stykkgods, Ventekai", "hascruisefunction": "Nei", "issafeloadingcompliant": "Nei", "councilname": "Øygarden", "countyname": "Vestland" }, "geometry": { "type": "Point", "coordinates": [ 5.10633374520043, 60.269922342885629 ] } },
{ "type": "Feature", "properties": { "portfacilityno": "NOBGO-0007", "locationnamenor": "Esso Skålevik terminal", "harbour": "Skålevik", "ownertypenor": "Privat", "pfsaapprovalperiodvalidto": "27.12.2029", "portfacilitystatusnor": "Godkjent", "functionsnor": "Olje, Ventekai", "hascruisefunction": "Nei", "issafeloadingcompliant": "Nei", "councilname": "Bergen", "countyname": "Vestland" }, "geometry": { "type": "Point", "coordinates": [ 5.232602547530123, 60.395153757625174 ] } },
{ "type": "Feature", "properties": { "portfacilityno": "NOBGO-0023", "locationnamenor": "Skolten Havneanlegg", "harbour": "Bergen", "ownertypenor": "Offentlig", "pfsaapprovalperiodvalidto": "15.05.2029", "portfacilitystatusnor": "Godkjent", "functionsnor": "Cruise, Stykkgods, Ventekai, Annet offshore", "hascruisefunction": "Ja", "issafeloadingcompliant": "Nei", "councilname": "Bergen", "countyname": "Vestland" }, "geometry": { "type": "Point", "coordinates": [ 5.309373669478163, 60.401424363227441 ] } },
{ "type": "Feature", "properties": { "portfacilityno": "NOBGO-0146", "locationnamenor": "SLP bergen", "harbour": "Skarholmen", "ownertypenor": "Privat", "pfsaapprovalperiodvalidto": "24.10.2028", "portfacilitystatusnor": "Godkjent", "functionsnor": "Stykkgods", "hascruisefunction": "Nei", "issafeloadingcompliant": "Nei", "councilname": "Askøy", "countyname": "Vestland" }, "geometry": { "type": "Point", "coordinates": [ 5.203520005001496, 60.396666687243282 ] } },
{ "type": "Feature", "properties": { "portfacilityno": "NOAGO-0002", "locationnamenor": "Sotra Gruppen AS, Vindenes", "harbour": "Ågotnes", "ownertypenor": "Privat", "pfsaapprovalperiodvalidto": "14.02.2029", "portfacilitystatusnor": "Godkjent", "functionsnor": "Stykkgods, Ventekai, Skipsverft", "hascruisefunction": "Nei", "issafeloadingcompliant": "Nei", "councilname": "Øygarden", "countyname": "Vestland" }, "geometry": { "type": "Point", "coordinates": [ 5.002796672508171, 60.422565024057938 ] } },
{ "type": "Feature", "properties": { "portfacilityno": "NOBGO-0041", "locationnamenor": "Straume Næringspark", "harbour": "Straume", "ownertypenor": "Privat", "pfsaapprovalperiodvalidto": "01.10.2025", "portfacilitystatusnor": "Godkjent", "functionsnor": "Bulk, Stykkgods", "hascruisefunction": "Nei", "issafeloadingcompliant": "Nei", "councilname": "Øygarden", "countyname": "Vestland" }, "geometry": { "type": "Point", "coordinates": [ 5.127689545219079, 60.342466282144009 ] } },
{ "type": "Feature", "properties": { "portfacilityno": "NOBOO-0005", "locationnamenor": "ST1 Bodø Tankanlegg", "harbour": "Bodø", "ownertypenor": "Privat", "pfsaapprovalperiodvalidto": "01.11.2029", "portfacilitystatusnor": "Godkjent", "functionsnor": "Olje, Annet", "hascruisefunction": "Nei", "issafeloadingcompliant": "Nei", "councilname": "Bodø", "countyname": "Nordland" }, "geometry": { "type": "Point", "coordinates": [ 14.381166666669989, 67.289666666669703 ] } },
{ "type": "Feature", "properties": { "portfacilityno": "NOBOO-0006", "locationnamenor": "Pelagia Bodø Sildoljefabrikk AS", "harbour": "Bodø", "ownertypenor": "Privat", "pfsaapprovalperiodvalidto": "25.02.2026", "portfacilitystatusnor": "Godkjent", "functionsnor": "Bulk", "hascruisefunction": "Nei", "issafeloadingcompliant": "Nei", "councilname": "Bodø", "countyname": "Nordland" }, "geometry": { "type": "Point", "coordinates": [ 14.377476476030191, 67.289645401530422 ] } },
{ "type": "Feature", "properties": { "portfacilityno": "NOBOO-0001", "locationnamenor": "Bodøterminalen", "harbour": "Bodø", "ownertypenor": "Offentlig", "pfsaapprovalperiodvalidto": "17.03.2030", "portfacilitystatusnor": "Godkjent", "functionsnor": "Cruise, Passasjer, Bulk, Stykkgods, Container", "hascruisefunction": "Ja", "issafeloadingcompliant": "Nei", "councilname": "Bodø", "countyname": "Nordland" }, "geometry": { "type": "Point", "coordinates": [ 14.397833333329991, 67.290666666669722 ] } },
{ "type": "Feature", "properties": { "portfacilityno": "NOBOO-0004", "locationnamenor": "Nordasfalt AS - Vikan", "harbour": "Vikan - Bodø", "ownertypenor": "Privat", "pfsaapprovalperiodvalidto": "10.01.2030", "portfacilitystatusnor": "Godkjent", "functionsnor": "Olje, Bulk, Stykkgods", "hascruisefunction": "Nei", "issafeloadingcompliant": "Nei", "councilname": "Bodø", "countyname": "Nordland" }, "geometry": { "type": "Point", "coordinates": [ 14.704333, 67.301332999999715 ] } },
{ "type": "Feature", "properties": { "portfacilityno": "NOBOO-0010", "locationnamenor": "Byterminalen", "harbour": "Bodø", "ownertypenor": "Offentlig", "pfsaapprovalperiodvalidto": "17.03.2030", "portfacilitystatusnor": "Godkjent", "functionsnor": "Cruise, Stykkgods", "hascruisefunction": "Ja", "issafeloadingcompliant": "Nei", "councilname": "Bodø", "countyname": "Nordland" }, "geometry": { "type": "Point", "coordinates": [ 14.37616666666999, 67.284666666669708 ] } },
{ "type": "Feature", "properties": { "portfacilityno": "NOBOO-0003", "locationnamenor": "NBI-Havneterminal", "harbour": "Bodø", "ownertypenor": "Privat", "pfsaapprovalperiodvalidto": "15.12.2025", "portfacilitystatusnor": "Godkjent", "functionsnor": "Bulk, Stykkgods", "hascruisefunction": "Nei", "issafeloadingcompliant": "Nei", "councilname": "Bodø", "countyname": "Nordland" }, "geometry": { "type": "Point", "coordinates": [ 14.3445, 67.272499999999724 ] } },
{ "type": "Feature", "properties": { "portfacilityno": "NOBOO-0007", "locationnamenor": "Valenterminalen", "harbour": "Bodø", "ownertypenor": "Privat", "pfsaapprovalperiodvalidto": "17.03.2030", "portfacilitystatusnor": "Godkjent", "functionsnor": "Stykkgods", "hascruisefunction": "Nei", "issafeloadingcompliant": "Nei", "councilname": "Bodø", "countyname": "Nordland" }, "geometry": { "type": "Point", "coordinates": [ 14.387833, 67.294332999999725 ] } },
{ "type": "Feature", "properties": { "portfacilityno": "NOBNN-0001", "locationnamenor": "Brønnøy Kalk Remman", "harbour": "Lessremman", "ownertypenor": "Privat", "pfsaapprovalperiodvalidto": "13.09.2029", "portfacilitystatusnor": "Godkjent", "functionsnor": "Bulk", "hascruisefunction": "Nei", "issafeloadingcompliant": "Ja", "councilname": "Brønnøy", "countyname": "Nordland" }, "geometry": { "type": "Point", "coordinates": [ 12.477499999999628, 65.364499999999722 ] } },
{ "type": "Feature", "properties": { "portfacilityno": "NOBNN-0002", "locationnamenor": "Midthavna", "harbour": "Brønnøysund", "ownertypenor": "Privat", "pfsaapprovalperiodvalidto": "25.10.2029", "portfacilitystatusnor": "Godkjent", "functionsnor": "Cruise, Bulk, Stykkgods", "hascruisefunction": "Ja", "issafeloadingcompliant": "Nei", "councilname": "Brønnøy", "countyname": "Nordland" }, "geometry": { "type": "Point", "coordinates": [ 12.211166666669614, 65.475833333329774 ] } },
{ "type": "Feature", "properties": { "portfacilityno": "NOBNN-0003", "locationnamenor": "Gårdsøya", "harbour": "Brønnøysund", "ownertypenor": "Offentlig", "pfsaapprovalperiodvalidto": "25.10.2029", "portfacilitystatusnor": "Godkjent", "functionsnor": "Cruise, Bulk, Stykkgods, Container, Ventekai", "hascruisefunction": "Ja", "issafeloadingcompliant": "Nei", "councilname": "Brønnøy", "countyname": "Nordland" }, "geometry": { "type": "Point", "coordinates": [ 12.222833333329618, 65.49283333332977 ] } },
{ "type": "Feature", "properties": { "portfacilityno": "NOBUV-0001", "locationnamenor": "Hammerstrand", "harbour": "Buvika", "ownertypenor": "Privat", "pfsaapprovalperiodvalidto": "05.10.2027", "portfacilitystatusnor": "Godkjent", "functionsnor": "Bulk", "hascruisefunction": "Nei", "issafeloadingcompliant": "Nei", "councilname": "Skaun", "countyname": "Trøndelag" }, "geometry": { "type": "Point", "coordinates": [ 10.163333333355874, 63.312500000031889 ] } },
{ "type": "Feature", "properties": { "portfacilityno": "NODRM-0002", "locationnamenor": "Holmen Terminal", "harbour": "Drammen", "ownertypenor": "Offentlig", "pfsaapprovalperiodvalidto": "14.11.2028", "portfacilitystatusnor": "Godkjent", "functionsnor": "Kjemikalie, Bulk, Stykkgods, Container", "hascruisefunction": "Nei", "issafeloadingcompliant": "Nei", "councilname": "Drammen", "countyname": "Buskerud" }, "geometry": { "type": "Point", "coordinates": [ 10.222999999986765, 59.735500000076236 ] } },
{ "type": "Feature", "properties": { "portfacilityno": "NODRM-0006", "locationnamenor": "Norsk Gjenvinning Metall", "harbour": "Drammen", "ownertypenor": "Privat", "pfsaapprovalperiodvalidto": "14.03.2030", "portfacilitystatusnor": "Godkjent", "functionsnor": "Bulk", "hascruisefunction": "Nei", "issafeloadingcompliant": "Nei", "councilname": "Drammen", "countyname": "Buskerud" }, "geometry": { "type": "Point", "coordinates": [ 10.254166666653184, 59.727000000072451 ] } },
{ "type": "Feature", "properties": { "portfacilityno": "NOEDE-0001", "locationnamenor": "Visnes Kalk AS", "harbour": "Visnes - Eide", "ownertypenor": "Privat", "pfsaapprovalperiodvalidto": "07.10.2027", "portfacilitystatusnor": "Godkjent", "functionsnor": "Bulk, Stykkgods", "hascruisefunction": "Nei", "issafeloadingcompliant": "Ja", "councilname": "Hustadvika", "countyname": "Møre og Romsdal" }, "geometry": { "type": "Point", "coordinates": [ 7.40388888994984, 62.957500001340684 ] } },
{ "type": "Feature", "properties": { "portfacilityno": "NOEDF-0001", "locationnamenor": "Eidfjord Cruise Havn", "harbour": "Eidfjord", "ownertypenor": "Offentlig", "pfsaapprovalperiodvalidto": "20.05.2027", "portfacilitystatusnor": "Godkjent", "functionsnor": "Cruise, Ventekai", "hascruisefunction": "Ja", "issafeloadingcompliant": "Nei", "councilname": "Eidfjord", "countyname": "Vestland" }, "geometry": { "type": "Point", "coordinates": [ 7.066320110373555, 60.468369653559265 ] } },
{ "type": "Feature", "properties": { "portfacilityno": "NOEGD-0007", "locationnamenor": "Aker Solutions AS avd. Egersund", "harbour": "Egersund", "ownertypenor": "Privat", "pfsaapprovalperiodvalidto": "05.05.2026", "portfacilitystatusnor": "Godkjent", "functionsnor": "Stykkgods, Container, Ventekai", "hascruisefunction": "Nei", "issafeloadingcompliant": "Nei", "councilname": "Eigersund", "countyname": "Rogaland" }, "geometry": { "type": "Point", "coordinates": [ 5.985547360800099, 58.426485922858255 ] } },
{ "type": "Feature", "properties": { "portfacilityno": "NOEGE-0003", "locationnamenor": "H E Seglem depot, Solkroa tankanlegg", "harbour": "Egersund", "ownertypenor": "Privat", "pfsaapprovalperiodvalidto": "10.01.2030", "portfacilitystatusnor": "Godkjent", "functionsnor": "Olje", "hascruisefunction": "Nei", "issafeloadingcompliant": "Nei", "councilname": "Eigersund", "countyname": "Rogaland" }, "geometry": { "type": "Point", "coordinates": [ 5.990224007894551, 58.444289591814403 ] } },
{ "type": "Feature", "properties": { "portfacilityno": "NOEGD-0001", "locationnamenor": "Pelagia Egersund Sildoljefabrikk", "harbour": "Egersund", "ownertypenor": "Privat", "pfsaapprovalperiodvalidto": "25.11.2029", "portfacilitystatusnor": "Godkjent", "functionsnor": "Kjemikalie, Bulk, Stykkgods, Container", "hascruisefunction": "Nei", "issafeloadingcompliant": "Nei", "councilname": "Eigersund", "countyname": "Rogaland" }, "geometry": { "type": "Point", "coordinates": [ 5.992638207515735, 58.450896087679773 ] } },
{ "type": "Feature", "properties": { "portfacilityno": "NOEGD-0003", "locationnamenor": "Prima Seafood Egersund", "harbour": "Egersund", "ownertypenor": "Privat", "pfsaapprovalperiodvalidto": "06.11.2025", "portfacilitystatusnor": "Godkjent", "functionsnor": "Stykkgods", "hascruisefunction": "Nei", "issafeloadingcompliant": "Nei", "councilname": "Eigersund", "countyname": "Rogaland" }, "geometry": { "type": "Point", "coordinates": [ 5.996638998427462, 58.452427307104088 ] } },
{ "type": "Feature", "properties": { "portfacilityno": "NOEGD-0006", "locationnamenor": "Kaupanes havneanlegg", "harbour": "Egersund", "ownertypenor": "Offentlig", "pfsaapprovalperiodvalidto": "03.06.2030", "portfacilitystatusnor": "Godkjent", "functionsnor": "Bulk, Stykkgods, Container, Ventekai", "hascruisefunction": "Nei", "issafeloadingcompliant": "Nei", "councilname": "Eigersund", "countyname": "Rogaland" }, "geometry": { "type": "Point", "coordinates": [ 5.984283130406141, 58.441404453449181 ] } },
{ "type": "Feature", "properties": { "portfacilityno": "NOEGD-0004", "locationnamenor": "KS Norwegian Edelsplitt - Hellvik", "harbour": "Hellvik", "ownertypenor": "Privat", "pfsaapprovalperiodvalidto": "22.11.2029", "portfacilitystatusnor": "Godkjent", "functionsnor": "Bulk", "hascruisefunction": "Nei", "issafeloadingcompliant": "Nei", "councilname": "Eigersund", "countyname": "Rogaland" }, "geometry": { "type": "Point", "coordinates": [ 5.876884906671208, 58.477213399579497 ] } },
{ "type": "Feature", "properties": { "portfacilityno": "NOEGD-0008", "locationnamenor": "Norwegian Edelsplitt AS - Maurholen", "harbour": "Maurholen", "ownertypenor": "Privat", "pfsaapprovalperiodvalidto": "22.11.2029", "portfacilitystatusnor": "Godkjent", "functionsnor": "Bulk", "hascruisefunction": "Nei", "issafeloadingcompliant": "Nei", "councilname": "Eigersund", "countyname": "Rogaland" }, "geometry": { "type": "Point", "coordinates": [ 5.921301906432952, 58.467256657629413 ] } },
{ "type": "Feature", "properties": { "portfacilityno": "NOEGD-0012", "locationnamenor": "Pelagia AS avd. 450, Ryttervik", "harbour": "Egersund", "ownertypenor": "Privat", "pfsaapprovalperiodvalidto": "22.02.2028", "portfacilitystatusnor": "Godkjent", "functionsnor": "Kjemikalie, Bulk, Ventekai", "hascruisefunction": "Nei", "issafeloadingcompliant": "Nei", "councilname": "Eigersund", "countyname": "Rogaland" }, "geometry": { "type": "Point", "coordinates": [ 5.989783097335989, 58.437081320552558 ] } },
{ "type": "Feature", "properties": { "portfacilityno": "NOEKF-0001", "locationnamenor": "PEAB Eikefet", "harbour": "Eikefet", "ownertypenor": "Privat", "pfsaapprovalperiodvalidto": "03.01.2030", "portfacilitystatusnor": "Godkjent", "functionsnor": "Olje, Bulk", "hascruisefunction": "Nei", "issafeloadingcompliant": "Nei", "councilname": "Alver", "countyname": "Vestland" }, "geometry": { "type": "Point", "coordinates": [ 5.550328894597836, 60.700969710457258 ] } },
{ "type": "Feature", "properties": { "portfacilityno": "NOELN-0002", "locationnamenor": "Omya Hustadmarmor AS", "harbour": "Elnesvågen", "ownertypenor": "Privat", "pfsaapprovalperiodvalidto": "08.05.2028", "portfacilitystatusnor": "Godkjent", "functionsnor": "Kjemikalie, Bulk, Stykkgods, Container, Ventekai, Annet", "hascruisefunction": "Nei", "issafeloadingcompliant": "Nei", "councilname": "Hustadvika", "countyname": "Møre og Romsdal" }, "geometry": { "type": "Point", "coordinates": [ 7.116666668069407, 62.850000001870725 ] } },
{ "type": "Feature", "properties": { "portfacilityno": "NOETN-0002", "locationnamenor": "Tongane Kai", "harbour": "Etne", "ownertypenor": "Offentlig", "pfsaapprovalperiodvalidto": "15.12.2027", "portfacilitystatusnor": "Godkjent", "functionsnor": "Bulk, Stykkgods, Ventekai", "hascruisefunction": "Nei", "issafeloadingcompliant": "Nei", "councilname": "Etne", "countyname": "Vestland" }, "geometry": { "type": "Point", "coordinates": [ 5.928782612250583, 59.669685972950738 ] } },
{ "type": "Feature", "properties": { "portfacilityno": "NOFAN-0001", "locationnamenor": "Alcoa Lista", "harbour": "Farsund", "ownertypenor": "Privat", "pfsaapprovalperiodvalidto": "29.05.2029", "portfacilitystatusnor": "Godkjent", "functionsnor": "Kjemikalie, Bulk, Stykkgods, Offshore forskyning", "hascruisefunction": "Nei", "issafeloadingcompliant": "Ja", "councilname": "Farsund", "countyname": "Agder" }, "geometry": { "type": "Point", "coordinates": [ 6.799666666923442, 58.082666674345077 ] } },
{ "type": "Feature", "properties": { "portfacilityno": "NOFAN-0003", "locationnamenor": "Lundevågen Havneterminal", "harbour": "Farsund", "ownertypenor": "Offentlig", "pfsaapprovalperiodvalidto": "08.04.2029", "portfacilitystatusnor": "Godkjent", "functionsnor": "Cruise, Gass, Olje, Bulk, Stykkgods, Ventekai, Annet offshore", "hascruisefunction": "Ja", "issafeloadingcompliant": "Nei", "councilname": "Farsund", "countyname": "Agder" }, "geometry": { "type": "Point", "coordinates": [ 6.782090455953261, 58.080938828535643 ] } },
{ "type": "Feature", "properties": { "portfacilityno": "NOFNE-0002", "locationnamenor": "Finnfjord havneanlegg", "harbour": "Finnfjordbotn", "ownertypenor": "Privat", "pfsaapprovalperiodvalidto": "27.02.2028", "portfacilitystatusnor": "Godkjent", "functionsnor": "Bulk, Stykkgods, Container", "hascruisefunction": "Nei", "issafeloadingcompliant": "Nei", "councilname": "Senja", "countyname": "Troms" }, "geometry": { "type": "Point", "coordinates": [ 18.079522487162865, 69.222853473974894 ] } },
{ "type": "Feature", "properties": { "portfacilityno": "NOFNE-0003", "locationnamenor": "Finnsnes Havn", "harbour": "Finnsnes", "ownertypenor": "Privat", "pfsaapprovalperiodvalidto": "17.02.2026", "portfacilitystatusnor": "Godkjent", "functionsnor": "Cruise, Passasjer, Stykkgods, Container, Ventekai", "hascruisefunction": "Ja", "issafeloadingcompliant": "Nei", "councilname": "Senja", "countyname": "Troms" }, "geometry": { "type": "Point", "coordinates": [ 17.971499999999555, 69.228999999999559 ] } },
{ "type": "Feature", "properties": { "portfacilityno": "NOFNE-0006", "locationnamenor": "Kårvikhamn havneanlegg", "harbour": "Kårvikhamn", "ownertypenor": "Privat", "pfsaapprovalperiodvalidto": "06.01.2030", "portfacilitystatusnor": "Godkjent", "functionsnor": "Stykkgods, Container, Ventekai", "hascruisefunction": "Nei", "issafeloadingcompliant": "Nei", "councilname": "Senja", "countyname": "Troms" }, "geometry": { "type": "Point", "coordinates": [ 18.154691666665872, 69.397333333332682 ] } },
{ "type": "Feature", "properties": { "portfacilityno": "NOFJA-0001", "locationnamenor": "Lutelandet industrihamn", "harbour": "Lutelandet", "ownertypenor": "Privat", "pfsaapprovalperiodvalidto": "10.10.2029", "portfacilitystatusnor": "Godkjent", "functionsnor": "Bulk, Stykkgods, Ventekai, Skipsverft", "hascruisefunction": "Nei", "issafeloadingcompliant": "Nei", "councilname": "Fjaler", "countyname": "Vestland" }, "geometry": { "type": "Point", "coordinates": [ 4.976079733943288, 61.244517437780473 ] } },
{ "type": "Feature", "properties": { "portfacilityno": "NOFLA-0001", "locationnamenor": "Flåm Cruisehamn", "harbour": "Flåm", "ownertypenor": "Offentlig", "pfsaapprovalperiodvalidto": "19.08.2026", "portfacilitystatusnor": "Godkjent", "functionsnor": "Cruise", "hascruisefunction": "Ja", "issafeloadingcompliant": "Nei", "councilname": "Aurland", "countyname": "Vestland" }, "geometry": { "type": "Point", "coordinates": [ 7.11950085268088, 60.864126844481383 ] } },
{ "type": "Feature", "properties": { "portfacilityno": "NOGUD-0002", "locationnamenor": "Gudvangen Steinkai", "harbour": "Gudvangen", "ownertypenor": "Privat", "pfsaapprovalperiodvalidto": "14.09.2027", "portfacilitystatusnor": "Godkjent", "functionsnor": "Bulk", "hascruisefunction": "Nei", "issafeloadingcompliant": "Nei", "councilname": "Aurland", "countyname": "Vestland" }, "geometry": { "type": "Point", "coordinates": [ 6.841206234095067, 60.882385957542468 ] } },
{ "type": "Feature", "properties": { "portfacilityno": "NOFLA-0005", "locationnamenor": "Vik cruisehamn", "harbour": "Vik - Sogn", "ownertypenor": "Offentlig", "pfsaapprovalperiodvalidto": "01.12.2025", "portfacilitystatusnor": "Godkjent", "functionsnor": "Cruise", "hascruisefunction": "Ja", "issafeloadingcompliant": "Nei", "councilname": "Vik", "countyname": "Vestland" }, "geometry": { "type": "Point", "coordinates": [ 6.584588335176632, 61.089453338542938 ] } },
{ "type": "Feature", "properties": { "portfacilityno": "NOFFD-0004", "locationnamenor": "Abelnes Havneanlegg", "harbour": "Flekkefjord", "ownertypenor": "Offentlig", "pfsaapprovalperiodvalidto": "10.09.2026", "portfacilitystatusnor": "Godkjent", "functionsnor": "Bulk, Stykkgods, Container, Ventekai, Annet", "hascruisefunction": "Nei", "issafeloadingcompliant": "Nei", "councilname": "Flekkefjord", "countyname": "Agder" }, "geometry": { "type": "Point", "coordinates": [ 6.657000000407391, 58.239000008591077 ] } },
{ "type": "Feature", "properties": { "portfacilityno": "NOFFD-0002", "locationnamenor": "Eschebrygga", "harbour": "Flekkefjord", "ownertypenor": "Offentlig", "pfsaapprovalperiodvalidto": "10.12.2026", "portfacilitystatusnor": "Godkjent", "functionsnor": "Cruise, Bulk, Stykkgods, Ventekai", "hascruisefunction": "Ja", "issafeloadingcompliant": "Nei", "councilname": "Flekkefjord", "countyname": "Agder" }, "geometry": { "type": "Point", "coordinates": [ 6.657333333773867, 58.29450000851017 ] } },
{ "type": "Feature", "properties": { "portfacilityno": "NOFRO-0001", "locationnamenor": "EWOS AS, Florø", "harbour": "Gunhildvågen", "ownertypenor": "Privat", "pfsaapprovalperiodvalidto": "15.12.2025", "portfacilitystatusnor": "Godkjent", "functionsnor": "Gass, Kjemikalie, Bulk, Stykkgods", "hascruisefunction": "Nei", "issafeloadingcompliant": "Nei", "councilname": "Kinn", "countyname": "Vestland" }, "geometry": { "type": "Point", "coordinates": [ 5.000691687346474, 61.584334264536658 ] } },
{ "type": "Feature", "properties": { "portfacilityno": "NOFRO-0003", "locationnamenor": "Fjord Base AS", "harbour": "Botnaneset - Flora", "ownertypenor": "Privat", "pfsaapprovalperiodvalidto": "10.03.2028", "portfacilitystatusnor": "Godkjent", "functionsnor": "Offshore forskyning", "hascruisefunction": "Nei", "issafeloadingcompliant": "Nei", "councilname": "Kinn", "countyname": "Vestland" }, "geometry": { "type": "Point", "coordinates": [ 5.070337366126363, 61.612551388358064 ] } },
{ "type": "Feature", "properties": { "portfacilityno": "NOFRO-0004", "locationnamenor": "Fugleskjærskaia", "harbour": "Florø", "ownertypenor": "Offentlig", "pfsaapprovalperiodvalidto": "19.03.2030", "portfacilitystatusnor": "Godkjent", "functionsnor": "Cruise, Olje, Stykkgods, Container, Ventekai", "hascruisefunction": "Ja", "issafeloadingcompliant": "Nei", "councilname": "Kinn", "countyname": "Vestland" }, "geometry": { "type": "Point", "coordinates": [ 5.022949776355468, 61.601789619459169 ] } },
{ "type": "Feature", "properties": { "portfacilityno": "NOFRO-0005", "locationnamenor": "Gunhildvågen havneanlegg", "harbour": "Gunhildvågen", "ownertypenor": "Offentlig", "pfsaapprovalperiodvalidto": "11.07.2027", "portfacilitystatusnor": "Godkjent", "functionsnor": "Bulk, Stykkgods, Ventekai", "hascruisefunction": "Nei", "issafeloadingcompliant": "Nei", "councilname": "Kinn", "countyname": "Vestland" }, "geometry": { "type": "Point", "coordinates": [ 4.995794240071956, 61.585884875460778 ] } },
{ "type": "Feature", "properties": { "portfacilityno": "NOFRO-0006", "locationnamenor": "Pelagia AS avd. Selje", "harbour": "Selje", "ownertypenor": "Privat", "pfsaapprovalperiodvalidto": "19.03.2030", "portfacilitystatusnor": "Godkjent", "functionsnor": "Stykkgods", "hascruisefunction": "Nei", "issafeloadingcompliant": "Nei", "councilname": "Stad", "countyname": "Vestland" }, "geometry": { "type": "Point", "coordinates": [ 5.370680846714411, 62.025313730802665 ] } },
{ "type": "Feature", "properties": { "portfacilityno": "NOFRO-0007", "locationnamenor": "DC Seljestokken Aggregates AS", "harbour": "Seljestokken", "ownertypenor": "Privat", "pfsaapprovalperiodvalidto": "17.07.2028", "portfacilitystatusnor": "Godkjent", "functionsnor": "Bulk", "hascruisefunction": "Nei", "issafeloadingcompliant": "Ja", "councilname": "Kinn", "countyname": "Vestland" }, "geometry": { "type": "Point", "coordinates": [ 4.974558997594567, 61.668047168193361 ] } },
{ "type": "Feature", "properties": { "portfacilityno": "NOFRO-0022", "locationnamenor": "Westcon Yards AS - Florø", "harbour": "Florø", "ownertypenor": "Privat", "pfsaapprovalperiodvalidto": "19.03.2030", "portfacilitystatusnor": "Godkjent", "functionsnor": "Skipsverft", "hascruisefunction": "Nei", "issafeloadingcompliant": "Nei", "councilname": "Kinn", "countyname": "Vestland" }, "geometry": { "type": "Point", "coordinates": [ 5.053833340426561, 61.603633350704293 ] } },
{ "type": "Feature", "properties": { "portfacilityno": "NOFDE-0001", "locationnamenor": "Moldegaard Maritime Logistics AS avd. Førde forsyningsanlegg", "harbour": "Førde", "ownertypenor": "Privat", "pfsaapprovalperiodvalidto": "23.05.2028", "portfacilitystatusnor": "Godkjent", "functionsnor": "Olje, Bulk", "hascruisefunction": "Nei", "issafeloadingcompliant": "Nei", "councilname": "Sunnfjord", "countyname": "Vestland" }, "geometry": { "type": "Point", "coordinates": [ 5.80879205454148, 61.480483318977782 ] } },
{ "type": "Feature", "properties": { "portfacilityno": "NOFDE-0002", "locationnamenor": "Førde Bitumen Depot", "harbour": "Førde", "ownertypenor": "Privat", "pfsaapprovalperiodvalidto": "26.09.2028", "portfacilitystatusnor": "Godkjent", "functionsnor": "Olje", "hascruisefunction": "Nei", "issafeloadingcompliant": "Nei", "councilname": "Sunnfjord", "countyname": "Vestland" }, "geometry": { "type": "Point", "coordinates": [ 5.81106790291198, 61.462178049127132 ] } },
{ "type": "Feature", "properties": { "portfacilityno": "NOFRE-0002", "locationnamenor": "Harøysundet Terminal", "harbour": "Harøysundet", "ownertypenor": "Offentlig", "pfsaapprovalperiodvalidto": "07.12.2027", "portfacilitystatusnor": "Godkjent", "functionsnor": "Bulk, Stykkgods, Container, Ventekai", "hascruisefunction": "Nei", "issafeloadingcompliant": "Nei", "councilname": "Hustadvika", "countyname": "Møre og Romsdal" }, "geometry": { "type": "Point", "coordinates": [ 6.94858379529525, 62.877981175796599 ] } },
{ "type": "Feature", "properties": { "portfacilityno": "NOFRK-0006", "locationnamenor": "Øra Havneanlegg", "harbour": "Fredrikstad", "ownertypenor": "Offentlig", "pfsaapprovalperiodvalidto": "16.12.2029", "portfacilitystatusnor": "Godkjent", "functionsnor": "Cruise, Gass, Kjemikalie, Bulk, Stykkgods, Container, Ventekai", "hascruisefunction": "Ja", "issafeloadingcompliant": "Nei", "councilname": "Fredrikstad", "countyname": "Østfold" }, "geometry": { "type": "Point", "coordinates": [ 10.958305555540893, 59.184555555577759 ] } },
{ "type": "Feature", "properties": { "portfacilityno": "NOFRK-0003", "locationnamenor": "Esso Norge AS Fredrikstad Lager", "harbour": "Fredrikstad", "ownertypenor": "Privat", "pfsaapprovalperiodvalidto": "24.01.2030", "portfacilitystatusnor": "Godkjent", "functionsnor": "Olje", "hascruisefunction": "Nei", "issafeloadingcompliant": "Nei", "councilname": "Fredrikstad", "countyname": "Østfold" }, "geometry": { "type": "Point", "coordinates": [ 10.999333333319347, 59.24033333335349 ] } },
{ "type": "Feature", "properties": { "portfacilityno": "NOFRK-0042", "locationnamenor": "Hafslund Havneanlegg", "harbour": "Sarpsborg", "ownertypenor": "Privat", "pfsaapprovalperiodvalidto": "16.01.2029", "portfacilitystatusnor": "Godkjent", "functionsnor": "Bulk, Stykkgods", "hascruisefunction": "Nei", "issafeloadingcompliant": "Nei", "councilname": "Sarpsborg", "countyname": "Østfold" }, "geometry": { "type": "Point", "coordinates": [ 11.08916666665383, 59.26766666668339 ] } },
{ "type": "Feature", "properties": { "portfacilityno": "NOFRK-0016", "locationnamenor": "Jotne Havneterminal", "harbour": "Fredrikstad", "ownertypenor": "Privat", "pfsaapprovalperiodvalidto": "11.05.2026", "portfacilitystatusnor": "Godkjent", "functionsnor": "Bulk, Stykkgods, Container", "hascruisefunction": "Nei", "issafeloadingcompliant": "Nei", "councilname": "Fredrikstad", "countyname": "Østfold" }, "geometry": { "type": "Point", "coordinates": [ 10.915666666651683, 59.211333333357302 ] } },
{ "type": "Feature", "properties": { "portfacilityno": "NOFRK-0011", "locationnamenor": "Tollboden Havneanlegg", "harbour": "Fredrikstad", "ownertypenor": "Offentlig", "pfsaapprovalperiodvalidto": "01.12.2025", "portfacilitystatusnor": "Godkjent", "functionsnor": "Cruise, Passasjer, Ventekai", "hascruisefunction": "Ja", "issafeloadingcompliant": "Nei", "councilname": "Fredrikstad", "countyname": "Østfold" }, "geometry": { "type": "Point", "coordinates": [ 10.950333333318623, 59.205500000022425 ] } },
{ "type": "Feature", "properties": { "portfacilityno": "NOFRK-0009", "locationnamenor": "Unger Fabrikker AS", "harbour": "Fredrikstad", "ownertypenor": "Privat", "pfsaapprovalperiodvalidto": "23.05.2029", "portfacilitystatusnor": "Godkjent", "functionsnor": "Kjemikalie", "hascruisefunction": "Nei", "issafeloadingcompliant": "Nei", "councilname": "Fredrikstad", "countyname": "Østfold" }, "geometry": { "type": "Point", "coordinates": [ 10.96799999998558, 59.216833333354906 ] } },
{ "type": "Feature", "properties": { "portfacilityno": "NOFRK-0045", "locationnamenor": "Weber Borge", "harbour": "Fredrikstad", "ownertypenor": "Privat", "pfsaapprovalperiodvalidto": "03.07.2028", "portfacilitystatusnor": "Godkjent", "functionsnor": "Stykkgods", "hascruisefunction": "Nei", "issafeloadingcompliant": "Nei", "councilname": "Fredrikstad", "countyname": "Østfold" }, "geometry": { "type": "Point", "coordinates": [ 11.020163708991037, 59.254255211584308 ] } },
{ "type": "Feature", "properties": { "portfacilityno": "NOFUS-0001", "locationnamenor": "Framo Fusa AS", "harbour": "Fusa", "ownertypenor": "Privat", "pfsaapprovalperiodvalidto": "25.10.2027", "portfacilitystatusnor": "Godkjent", "functionsnor": "Stykkgods, Container", "hascruisefunction": "Nei", "issafeloadingcompliant": "Nei", "councilname": "Bjørnafjorden", "countyname": "Vestland" }, "geometry": { "type": "Point", "coordinates": [ 5.599327504160742, 60.203720697875497 ] } },
{ "type": "Feature", "properties": { "portfacilityno": "NOGNR-0001", "locationnamenor": "Geiranger Cruiseterminal", "harbour": "Geiranger", "ownertypenor": "Offentlig", "pfsaapprovalperiodvalidto": "17.02.2028", "portfacilitystatusnor": "Godkjent", "functionsnor": "Cruise", "hascruisefunction": "Ja", "issafeloadingcompliant": "Nei", "councilname": "Stranda", "countyname": "Møre og Romsdal" }, "geometry": { "type": "Point", "coordinates": [ 7.204000001188403, 62.102500002161996 ] } },
{ "type": "Feature", "properties": { "portfacilityno": "NOGIL-0001", "locationnamenor": "Elkem Mårnes", "harbour": "Mårnes", "ownertypenor": "Privat", "pfsaapprovalperiodvalidto": "24.09.2029", "portfacilitystatusnor": "Godkjent", "functionsnor": "Bulk", "hascruisefunction": "Nei", "issafeloadingcompliant": "Nei", "councilname": "Gildeskål", "countyname": "Nordland" }, "geometry": { "type": "Point", "coordinates": [ 14.134833, 67.138832999999707 ] } },
{ "type": "Feature", "properties": { "portfacilityno": "NOGLO-0002", "locationnamenor": "YARA Glomfjord", "harbour": "Glomfjord", "ownertypenor": "Privat", "pfsaapprovalperiodvalidto": "30.03.2028", "portfacilitystatusnor": "Godkjent", "functionsnor": "Kjemikalie, Bulk, Stykkgods, Container, Ventekai", "hascruisefunction": "Nei", "issafeloadingcompliant": "Ja", "councilname": "Meløy", "countyname": "Nordland" }, "geometry": { "type": "Point", "coordinates": [ 13.937167, 66.809499999999687 ] } },
{ "type": "Feature", "properties": { "portfacilityno": "NOGRV-0001", "locationnamenor": "Moelven Granvin Bruk AS", "harbour": "Granvin", "ownertypenor": "Privat", "pfsaapprovalperiodvalidto": "31.05.2027", "portfacilitystatusnor": "Godkjent", "functionsnor": "Bulk, Stykkgods, Ventekai", "hascruisefunction": "Nei", "issafeloadingcompliant": "Nei", "councilname": "Voss", "countyname": "Vestland" }, "geometry": { "type": "Point", "coordinates": [ 6.716070001440082, 60.52095000524492 ] } },
{ "type": "Feature", "properties": { "portfacilityno": "NOGTD-0001", "locationnamenor": "Grimstad Trafikkhavn", "harbour": "Grimstad", "ownertypenor": "Offentlig", "pfsaapprovalperiodvalidto": "13.02.2029", "portfacilitystatusnor": "Godkjent", "functionsnor": "Cruise, Ventekai", "hascruisefunction": "Ja", "issafeloadingcompliant": "Nei", "councilname": "Grimstad", "countyname": "Agder" }, "geometry": { "type": "Point", "coordinates": [ 8.596166666643356, 58.336666667689322 ] } },
{ "type": "Feature", "properties": { "portfacilityno": "NOGTD-0004", "locationnamenor": "Vikkilen Yard", "harbour": "Vikkilen", "ownertypenor": "Privat", "pfsaapprovalperiodvalidto": "20.05.2026", "portfacilitystatusnor": "Godkjent", "functionsnor": "Bulk, Stykkgods, Container, Ventekai, Annet", "hascruisefunction": "Nei", "issafeloadingcompliant": "Nei", "councilname": "Grimstad", "countyname": "Agder" }, "geometry": { "type": "Point", "coordinates": [ 8.611999999978108, 58.360833334331872 ] } },
{ "type": "Feature", "properties": { "portfacilityno": "NOGUL-0010", "locationnamenor": "Skipavika havneanlegg", "harbour": "Skipavik-Gulen", "ownertypenor": "Privat", "pfsaapprovalperiodvalidto": "16.05.2029", "portfacilitystatusnor": "Godkjent", "functionsnor": "Bulk, Stykkgods, Ventekai, Skipsverft, Annet offshore", "hascruisefunction": "Nei", "issafeloadingcompliant": "Ja", "councilname": "Gulen", "countyname": "Vestland" }, "geometry": { "type": "Point", "coordinates": [ 5.034833006301933, 60.855166687921383 ] } },
{ "type": "Feature", "properties": { "portfacilityno": "NOHAL-0004", "locationnamenor": "Bakke Utskipningshavn", "harbour": "Halden", "ownertypenor": "Privat", "pfsaapprovalperiodvalidto": "18.11.2029", "portfacilitystatusnor": "Godkjent", "functionsnor": "Bulk", "hascruisefunction": "Nei", "issafeloadingcompliant": "Nei", "councilname": "Halden", "countyname": "Østfold" }, "geometry": { "type": "Point", "coordinates": [ 11.442666666656715, 59.020500000008091 ] } },
{ "type": "Feature", "properties": { "portfacilityno": "NOHAL-0002", "locationnamenor": "Nexans Norway AS", "harbour": "Halden", "ownertypenor": "Privat", "pfsaapprovalperiodvalidto": "25.06.2029", "portfacilitystatusnor": "Godkjent", "functionsnor": "Stykkgods, Container", "hascruisefunction": "Nei", "issafeloadingcompliant": "Nei", "councilname": "Halden", "countyname": "Østfold" }, "geometry": { "type": "Point", "coordinates": [ 11.329833333322403, 59.116166666676961 ] } },
{ "type": "Feature", "properties": { "portfacilityno": "NOHAL-0003", "locationnamenor": "Norske Skog Saugbrugs", "harbour": "Halden", "ownertypenor": "Privat", "pfsaapprovalperiodvalidto": "15.01.2030", "portfacilitystatusnor": "Godkjent", "functionsnor": "Bulk, Stykkgods, Ventekai", "hascruisefunction": "Nei", "issafeloadingcompliant": "Nei", "councilname": "Halden", "countyname": "Østfold" }, "geometry": { "type": "Point", "coordinates": [ 11.376999999989613, 59.117000000009206 ] } },
{ "type": "Feature", "properties": { "portfacilityno": "NOHAL-0001", "locationnamenor": "Mølen Havneanlegg", "harbour": "Halden", "ownertypenor": "Offentlig", "pfsaapprovalperiodvalidto": "22.11.2029", "portfacilitystatusnor": "Godkjent", "functionsnor": "Bulk, Stykkgods, Ventekai", "hascruisefunction": "Nei", "issafeloadingcompliant": "Nei", "councilname": "Halden", "countyname": "Østfold" }, "geometry": { "type": "Point", "coordinates": [ 11.371999999989558, 59.117666666676008 ] } },
{ "type": "Feature", "properties": { "portfacilityno": "NOHAL-0005", "locationnamenor": "Østfoldkorn SA", "harbour": "Halden", "ownertypenor": "Privat", "pfsaapprovalperiodvalidto": "26.11.2029", "portfacilitystatusnor": "Godkjent", "functionsnor": "Bulk", "hascruisefunction": "Nei", "issafeloadingcompliant": "Nei", "councilname": "Halden", "countyname": "Østfold" }, "geometry": { "type": "Point", "coordinates": [ 11.381333333322956, 59.117166666675828 ] } },
{ "type": "Feature", "properties": { "portfacilityno": "NOHFT-0001", "locationnamenor": "Bølgebryterkaia", "harbour": "Hammerfest", "ownertypenor": "Offentlig", "pfsaapprovalperiodvalidto": "25.02.2030", "portfacilitystatusnor": "Godkjent", "functionsnor": "Cruise, Olje, Bulk, Stykkgods, Container, Ventekai, Annet offshore", "hascruisefunction": "Ja", "issafeloadingcompliant": "Nei", "councilname": "Hammerfest", "countyname": "Finnmark" }, "geometry": { "type": "Point", "coordinates": [ 23.671852751310478, 70.669376201322379 ] } },
{ "type": "Feature", "properties": { "portfacilityno": "NOHFT-0003", "locationnamenor": "Sentrumskaien, kai 1, 2 og 3", "harbour": "Hammerfest", "ownertypenor": "Offentlig", "pfsaapprovalperiodvalidto": "13.02.2029", "portfacilitystatusnor": "Godkjent", "functionsnor": "Cruise, Bulk, Ventekai", "hascruisefunction": "Ja", "issafeloadingcompliant": "Nei", "councilname": "Hammerfest", "countyname": "Finnmark" }, "geometry": { "type": "Point", "coordinates": [ 23.68249999732679, 70.664166664877726 ] } },
{ "type": "Feature", "properties": { "portfacilityno": "NOHFT-0005", "locationnamenor": "NorSea Polarbase", "harbour": "Rypefjord", "ownertypenor": "Privat", "pfsaapprovalperiodvalidto": "16.05.2028", "portfacilitystatusnor": "Godkjent", "functionsnor": "Gass, Kjemikalie, Olje, Stykkgods, Container, Skipsverft, Offshore forskyning, Annet offshore", "hascruisefunction": "Nei", "issafeloadingcompliant": "Nei", "councilname": "Hammerfest", "countyname": "Finnmark" }, "geometry": { "type": "Point", "coordinates": [ 23.663332997366759, 70.635999998247627 ] } },
{ "type": "Feature", "properties": { "portfacilityno": "NOHFT-0016", "locationnamenor": "Fuglenes havneanlegg", "harbour": "Hammerfest", "ownertypenor": "Offentlig", "pfsaapprovalperiodvalidto": "06.12.2027", "portfacilitystatusnor": "Godkjent", "functionsnor": "Cruise, Bulk, Stykkgods, Ventekai", "hascruisefunction": "Ja", "issafeloadingcompliant": "Nei", "councilname": "Hammerfest", "countyname": "Finnmark" }, "geometry": { "type": "Point", "coordinates": [ 23.664833330703111, 70.668166664905826 ] } },
{ "type": "Feature", "properties": { "portfacilityno": "NOHBT-0001", "locationnamenor": "Hamnbukt Tankanlegg", "harbour": "Hamnbukt - Porsanger", "ownertypenor": "Privat", "pfsaapprovalperiodvalidto": "19.04.2026", "portfacilitystatusnor": "Godkjent", "functionsnor": "Olje, Stykkgods, Ventekai", "hascruisefunction": "Nei", "issafeloadingcompliant": "Nei", "councilname": "Porsanger Porsángu Porsanki", "countyname": "Finnmark" }, "geometry": { "type": "Point", "coordinates": [ 25.077566657708122, 70.089533327882378 ] } },
{ "type": "Feature", "properties": { "portfacilityno": "NOHRI-0001", "locationnamenor": "Hareid Godsterminal", "harbour": "Hareid", "ownertypenor": "Offentlig", "pfsaapprovalperiodvalidto": "28.07.2027", "portfacilitystatusnor": "Godkjent", "functionsnor": "Bulk, Stykkgods, Container, Ventekai, Skipsverft", "hascruisefunction": "Nei", "issafeloadingcompliant": "Nei", "councilname": "Hareid", "countyname": "Møre og Romsdal" }, "geometry": { "type": "Point", "coordinates": [ 6.033333336926835, 62.375000006094098 ] } },
{ "type": "Feature", "properties": { "portfacilityno": "NOHRI-0002", "locationnamenor": "Pelagia AS avd. Liavåg", "harbour": "Hjørungavåg", "ownertypenor": "Privat", "pfsaapprovalperiodvalidto": "03.10.2029", "portfacilitystatusnor": "Godkjent", "functionsnor": "Stykkgods", "hascruisefunction": "Nei", "issafeloadingcompliant": "Nei", "councilname": "Hareid", "countyname": "Møre og Romsdal" }, "geometry": { "type": "Point", "coordinates": [ 6.083146226497779, 62.35169252647853 ] } },
{ "type": "Feature", "properties": { "portfacilityno": "NOHRD-0001", "locationnamenor": "Larsnes havneanlegg", "harbour": "Harstad ", "ownertypenor": "Offentlig", "pfsaapprovalperiodvalidto": "07.06.2028", "portfacilitystatusnor": "Godkjent", "functionsnor": "Cruise, Stykkgods, Ventekai", "hascruisefunction": "Ja", "issafeloadingcompliant": "Nei", "councilname": "Harstad", "countyname": "Troms" }, "geometry": { "type": "Point", "coordinates": [ 16.548, 68.79868999999978 ] } },
{ "type": "Feature", "properties": { "portfacilityno": "NOHRD-0003", "locationnamenor": "GC Rieber Minerals Harstad", "harbour": "Harstad ", "ownertypenor": "Privat", "pfsaapprovalperiodvalidto": "13.03.2030", "portfacilitystatusnor": "Godkjent", "functionsnor": "Bulk, Stykkgods", "hascruisefunction": "Nei", "issafeloadingcompliant": "Nei", "councilname": "Harstad", "countyname": "Troms" }, "geometry": { "type": "Point", "coordinates": [ 16.557789724731492, 68.795124181528678 ] } },
{ "type": "Feature", "properties": { "portfacilityno": "NOHRD-0002", "locationnamenor": "Stangnes kai 1", "harbour": "Harstad ", "ownertypenor": "Offentlig", "pfsaapprovalperiodvalidto": "15.10.2026", "portfacilitystatusnor": "Godkjent", "functionsnor": "Bulk, Stykkgods, Ventekai", "hascruisefunction": "Nei", "issafeloadingcompliant": "Nei", "councilname": "Harstad", "countyname": "Troms" }, "geometry": { "type": "Point", "coordinates": [ 16.5929, 68.783288333333104 ] } },
{ "type": "Feature", "properties": { "portfacilityno": "NOHRD-0005", "locationnamenor": "Stangnes Kai 2 og 3", "harbour": "Harstad ", "ownertypenor": "Offentlig", "pfsaapprovalperiodvalidto": "15.04.2030", "portfacilitystatusnor": "Godkjent", "functionsnor": "Cruise, Bulk, Stykkgods, Container, Ventekai", "hascruisefunction": "Ja", "issafeloadingcompliant": "Nei", "councilname": "Harstad", "countyname": "Troms" }, "geometry": { "type": "Point", "coordinates": [ 16.598, 68.781673333333103 ] } },
{ "type": "Feature", "properties": { "portfacilityno": "NOHRD-0006", "locationnamenor": "Circle K Gangsås havneanlegg", "harbour": "Harstad ", "ownertypenor": "Privat", "pfsaapprovalperiodvalidto": "06.11.2025", "portfacilitystatusnor": "Godkjent", "functionsnor": "Olje, Bulk", "hascruisefunction": "Nei", "issafeloadingcompliant": "Nei", "councilname": "Harstad", "countyname": "Troms" }, "geometry": { "type": "Point", "coordinates": [ 16.566194597880095, 68.796983016925907 ] } },
{ "type": "Feature", "properties": { "portfacilityno": "NOHRD-0025", "locationnamenor": "Rødskjær kai", "harbour": "Harstad ", "ownertypenor": "Offentlig", "pfsaapprovalperiodvalidto": "08.10.2029", "portfacilitystatusnor": "Godkjent", "functionsnor": "Bulk, Stykkgods", "hascruisefunction": "Nei", "issafeloadingcompliant": "Nei", "councilname": "Harstad", "countyname": "Troms" }, "geometry": { "type": "Point", "coordinates": [ 16.528333333333297, 68.576666666666483 ] } },
{ "type": "Feature", "properties": { "portfacilityno": "NOHAV-0001", "locationnamenor": "Hurtigrutekaien Havøysund", "harbour": "Havøysund", "ownertypenor": "Offentlig", "pfsaapprovalperiodvalidto": "09.10.2029", "portfacilitystatusnor": "Godkjent", "functionsnor": "Bulk, Stykkgods, Container", "hascruisefunction": "Nei", "issafeloadingcompliant": "Nei", "councilname": "Måsøy", "countyname": "Finnmark" }, "geometry": { "type": "Point", "coordinates": [ 24.688999993832276, 70.994833328902985 ] } },
{ "type": "Feature", "properties": { "portfacilityno": "NOHSY-0001", "locationnamenor": "Hellesylt Cruisekai", "harbour": "Hellesylt", "ownertypenor": "Offentlig", "pfsaapprovalperiodvalidto": "22.03.2027", "portfacilitystatusnor": "Godkjent", "functionsnor": "Cruise, Bulk, Stykkgods, Ventekai", "hascruisefunction": "Ja", "issafeloadingcompliant": "Nei", "councilname": "Stranda", "countyname": "Møre og Romsdal" }, "geometry": { "type": "Point", "coordinates": [ 6.875000001636607, 62.086666669688121 ] } },
{ "type": "Feature", "properties": { "portfacilityno": "NOHEY-0001", "locationnamenor": "Herøyterminalen", "harbour": "Torvika", "ownertypenor": "Privat", "pfsaapprovalperiodvalidto": "24.04.2030", "portfacilitystatusnor": "Godkjent", "functionsnor": "Bulk, Stykkgods, Container, Ventekai", "hascruisefunction": "Nei", "issafeloadingcompliant": "Nei", "councilname": "Herøy", "countyname": "Møre og Romsdal" }, "geometry": { "type": "Point", "coordinates": [ 5.72800000460805, 62.336500008056923 ] } },
{ "type": "Feature", "properties": { "portfacilityno": "NOHEY-0004", "locationnamenor": "Fosnavåg næringspark hamneanlegg", "harbour": "Mjølstadneset", "ownertypenor": "Offentlig", "pfsaapprovalperiodvalidto": "29.06.2028", "portfacilitystatusnor": "Godkjent", "functionsnor": "Cruise, Kjemikalie, Bulk, Stykkgods, Container, Ventekai, Skipsverft, Offshore forskyning", "hascruisefunction": "Ja", "issafeloadingcompliant": "Nei", "councilname": "Herøy", "countyname": "Møre og Romsdal" }, "geometry": { "type": "Point", "coordinates": [ 5.671781912214148, 62.321393145890177 ] } },
{ "type": "Feature", "properties": { "portfacilityno": "NOHIT-0006", "locationnamenor": "Hestvika Havneterminal", "harbour": "Hestvika", "ownertypenor": "Privat", "pfsaapprovalperiodvalidto": "30.04.2030", "portfacilitystatusnor": "Godkjent", "functionsnor": "Kjemikalie, Stykkgods, Container, Ventekai", "hascruisefunction": "Nei", "issafeloadingcompliant": "Nei", "councilname": "Hitra", "countyname": "Trøndelag" }, "geometry": { "type": "Point", "coordinates": [ 9.201666666792466, 63.565000000123675 ] } },
{ "type": "Feature", "properties": { "portfacilityno": "NOHOL-0001", "locationnamenor": "Felleskjøpet Agri SA, Holmestrand", "harbour": "Holmestrand", "ownertypenor": "Privat", "pfsaapprovalperiodvalidto": "16.11.2027", "portfacilitystatusnor": "Godkjent", "functionsnor": "Bulk, Stykkgods, Ventekai", "hascruisefunction": "Nei", "issafeloadingcompliant": "Nei", "councilname": "Holmestrand", "countyname": "Vestfold" }, "geometry": { "type": "Point", "coordinates": [ 10.332166666649927, 59.478666666733339 ] } },
{ "type": "Feature", "properties": { "portfacilityno": "NOHOL-0002", "locationnamenor": "Holmestrand havneanlegg", "harbour": "Holmestrand", "ownertypenor": "Offentlig", "pfsaapprovalperiodvalidto": "24.03.2030", "portfacilitystatusnor": "Godkjent", "functionsnor": "Bulk, Stykkgods", "hascruisefunction": "Nei", "issafeloadingcompliant": "Nei", "councilname": "Holmestrand", "countyname": "Vestfold" }, "geometry": { "type": "Point", "coordinates": [ 10.323833333316676, 59.49083333340073 ] } },
{ "type": "Feature", "properties": { "portfacilityno": "NOHVG-0007", "locationnamenor": "Cape Fish havneanlegg", "harbour": "Honningsvåg", "ownertypenor": "Privat", "pfsaapprovalperiodvalidto": "26.02.2026", "portfacilitystatusnor": "Godkjent", "functionsnor": "Stykkgods, Container", "hascruisefunction": "Nei", "issafeloadingcompliant": "Nei", "councilname": "Nordkapp", "countyname": "Finnmark" }, "geometry": { "type": "Point", "coordinates": [ 25.96633331682316, 70.991999988108418 ] } },
{ "type": "Feature", "properties": { "portfacilityno": "NOHVG-0002", "locationnamenor": "Honningsvåg Kai 2 og 3", "harbour": "Honningsvåg", "ownertypenor": "Offentlig", "pfsaapprovalperiodvalidto": "21.12.2028", "portfacilitystatusnor": "Godkjent", "functionsnor": "Cruise, Stykkgods, Ventekai", "hascruisefunction": "Ja", "issafeloadingcompliant": "Nei", "councilname": "Nordkapp", "countyname": "Finnmark" }, "geometry": { "type": "Point", "coordinates": [ 25.965666650153391, 70.982166654790731 ] } },
{ "type": "Feature", "properties": { "portfacilityno": "NOHVG-0003", "locationnamenor": "Honningsvåg Kai Syd", "harbour": "Honningsvåg", "ownertypenor": "Offentlig", "pfsaapprovalperiodvalidto": "19.12.2029", "portfacilitystatusnor": "Godkjent", "functionsnor": "Cruise, Stykkgods", "hascruisefunction": "Ja", "issafeloadingcompliant": "Nei", "councilname": "Nordkapp", "countyname": "Finnmark" }, "geometry": { "type": "Point", "coordinates": [ 25.967818332662169, 70.981197005770255 ] } },
{ "type": "Feature", "properties": { "portfacilityno": "NOHVG-0004", "locationnamenor": "Honningsvåg Tendringskai", "harbour": "Honningsvåg", "ownertypenor": "Offentlig", "pfsaapprovalperiodvalidto": "19.06.2029", "portfacilitystatusnor": "Godkjent", "functionsnor": "Cruise", "hascruisefunction": "Ja", "issafeloadingcompliant": "Nei", "councilname": "Nordkapp", "countyname": "Finnmark" }, "geometry": { "type": "Point", "coordinates": [ 25.97265998340135, 70.981339988064377 ] } },
{ "type": "Feature", "properties": { "portfacilityno": "NOHVG-0008", "locationnamenor": "North Capelin Honningsvåg", "harbour": "Honningsvåg", "ownertypenor": "Privat", "pfsaapprovalperiodvalidto": "31.08.2026", "portfacilitystatusnor": "Godkjent", "functionsnor": "Kjemikalie, Bulk, Stykkgods", "hascruisefunction": "Nei", "issafeloadingcompliant": "Nei", "councilname": "Nordkapp", "countyname": "Finnmark" }, "geometry": { "type": "Point", "coordinates": [ 25.959666650240816, 70.995666654828938 ] } },
{ "type": "Feature", "properties": { "portfacilityno": "NOHVG-0005", "locationnamenor": "Skarsvåg Cruisehavn", "harbour": "Skarsvåg", "ownertypenor": "Offentlig", "pfsaapprovalperiodvalidto": "24.03.2030", "portfacilitystatusnor": "Godkjent", "functionsnor": "Cruise", "hascruisefunction": "Ja", "issafeloadingcompliant": "Nei", "councilname": "Nordkapp", "countyname": "Finnmark" }, "geometry": { "type": "Point", "coordinates": [ 25.831666651836585, 71.113333322451481 ] } },
{ "type": "Feature", "properties": { "portfacilityno": "NOHOR-0001", "locationnamenor": "Horten Industripark", "harbour": "Horten", "ownertypenor": "Privat", "pfsaapprovalperiodvalidto": "11.12.2029", "portfacilitystatusnor": "Godkjent", "functionsnor": "Bulk, Stykkgods, Container, Skipsverft", "hascruisefunction": "Nei", "issafeloadingcompliant": "Nei", "councilname": "Horten", "countyname": "Vestfold" }, "geometry": { "type": "Point", "coordinates": [ 10.480666666649789, 59.427500000051936 ] } },
{ "type": "Feature", "properties": { "portfacilityno": "NOHOR-0002", "locationnamenor": "Horten havn godsterminal", "harbour": "Horten", "ownertypenor": "Offentlig", "pfsaapprovalperiodvalidto": "19.01.2026", "portfacilitystatusnor": "Godkjent", "functionsnor": "Bulk, Stykkgods, Container, Ventekai", "hascruisefunction": "Nei", "issafeloadingcompliant": "Nei", "councilname": "Horten", "countyname": "Vestfold" }, "geometry": { "type": "Point", "coordinates": [ 10.493999999983011, 59.413500000050881 ] } },
{ "type": "Feature", "properties": { "portfacilityno": "NOHYR-0001", "locationnamenor": "Hydro Høyanger", "harbour": "Høyanger", "ownertypenor": "Privat", "pfsaapprovalperiodvalidto": "18.12.2028", "portfacilitystatusnor": "Godkjent", "functionsnor": "Gass, Bulk, Stykkgods, Container, Ventekai", "hascruisefunction": "Nei", "issafeloadingcompliant": "Ja", "councilname": "Høyanger", "countyname": "Vestland" }, "geometry": { "type": "Point", "coordinates": [ 6.066873434187789, 61.21757511316337 ] } },
{ "type": "Feature", "properties": { "portfacilityno": "NOHUR-0001", "locationnamenor": "Dynea AS, Engene Terminal", "harbour": "Engene", "ownertypenor": "Privat", "pfsaapprovalperiodvalidto": "04.07.2030", "portfacilitystatusnor": "Godkjent", "functionsnor": "Kjemikalie, Bulk", "hascruisefunction": "Nei", "issafeloadingcompliant": "Nei", "councilname": "Asker", "countyname": "Akershus" }, "geometry": { "type": "Point", "coordinates": [ 10.541666666652475, 59.683833333377578 ] } },
{ "type": "Feature", "properties": { "portfacilityno": "NOHUR-0003", "locationnamenor": "Statkraft Tofte AS", "harbour": "Tofte - Hurum", "ownertypenor": "Privat", "pfsaapprovalperiodvalidto": "20.09.2027", "portfacilitystatusnor": "Godkjent", "functionsnor": "Olje, Bulk, Stykkgods, Container", "hascruisefunction": "Nei", "issafeloadingcompliant": "Nei", "councilname": "Asker", "countyname": "Akershus" }, "geometry": { "type": "Point", "coordinates": [ 10.568333333317925, 59.545333333376689 ] } },
{ "type": "Feature", "properties": { "portfacilityno": "NOHUS-0001", "locationnamenor": "Hydro Husnes Havneanlegg", "harbour": "Husnes", "ownertypenor": "Privat", "pfsaapprovalperiodvalidto": "15.09.2029", "portfacilitystatusnor": "Godkjent", "functionsnor": "Bulk, Stykkgods, Container", "hascruisefunction": "Nei", "issafeloadingcompliant": "Ja", "councilname": "Kvinnherad", "countyname": "Vestland" }, "geometry": { "type": "Point", "coordinates": [ 5.767755765501178, 59.875455533777618 ] } },
{ "type": "Feature", "properties": { "portfacilityno": "NOHVA-0001", "locationnamenor": "Skjærhalden Havneanlegg", "harbour": "Skjærhalden", "ownertypenor": "Offentlig", "pfsaapprovalperiodvalidto": "09.04.2029", "portfacilitystatusnor": "Godkjent", "functionsnor": "Passasjer", "hascruisefunction": "Nei", "issafeloadingcompliant": "Nei", "councilname": "Hvaler", "countyname": "Østfold" }, "geometry": { "type": "Point", "coordinates": [ 11.037333333318637, 59.024333333352779 ] } },
{ "type": "Feature", "properties": { "portfacilityno": "NOLEA-0001", "locationnamenor": "Havyard Leirvik AS", "harbour": "Leirvik i Hyllestad", "ownertypenor": "Privat", "pfsaapprovalperiodvalidto": "18.01.2026", "portfacilitystatusnor": "Godkjent", "functionsnor": "Skipsverft", "hascruisefunction": "Nei", "issafeloadingcompliant": "Nei", "councilname": "Hyllestad", "countyname": "Vestland" }, "geometry": { "type": "Point", "coordinates": [ 5.329500005320012, 61.124333349012275 ] } },
{ "type": "Feature", "properties": { "portfacilityno": "NOHYL-0003", "locationnamenor": "Veidekke Industri AS - Listraumen", "harbour": "Listraumen", "ownertypenor": "Privat", "pfsaapprovalperiodvalidto": "11.10.2028", "portfacilitystatusnor": "Godkjent", "functionsnor": "Bulk, Stykkgods, Ventekai", "hascruisefunction": "Nei", "issafeloadingcompliant": "Nei", "councilname": "Hyllestad", "countyname": "Vestland" }, "geometry": { "type": "Point", "coordinates": [ 5.200000005888032, 61.139833017370563 ] } },
{ "type": "Feature", "properties": { "portfacilityno": "NOJOS-0001", "locationnamenor": "Titania Jøssingfjord", "harbour": "Jøssingfjord", "ownertypenor": "Privat", "pfsaapprovalperiodvalidto": "06.06.2030", "portfacilitystatusnor": "Godkjent", "functionsnor": "Kjemikalie, Bulk, Stykkgods, Container, Ventekai, Offshore forskyning", "hascruisefunction": "Nei", "issafeloadingcompliant": "Ja", "councilname": "Sokndal", "countyname": "Rogaland" }, "geometry": { "type": "Point", "coordinates": [ 6.351926390969453, 58.324411053815723 ] } },
{ "type": "Feature", "properties": { "portfacilityno": "NOKAY-0004", "locationnamenor": "Vannavalen Havneanlegg", "harbour": "Vannavalen", "ownertypenor": "Offentlig", "pfsaapprovalperiodvalidto": "09.12.2025", "portfacilitystatusnor": "Godkjent", "functionsnor": "Kjemikalie, Bulk, Stykkgods, Container, Ventekai", "hascruisefunction": "Nei", "issafeloadingcompliant": "Nei", "councilname": "Karlsøy", "countyname": "Troms" }, "geometry": { "type": "Point", "coordinates": [ 19.978261666629106, 70.12866999998036 ] } },
{ "type": "Feature", "properties": { "portfacilityno": "NOHAU-0001", "locationnamenor": "Aibel AS", "harbour": "Haugesund", "ownertypenor": "Privat", "pfsaapprovalperiodvalidto": "15.03.2029", "portfacilitystatusnor": "Godkjent", "functionsnor": "Ventekai, Skipsverft", "hascruisefunction": "Nei", "issafeloadingcompliant": "Nei", "councilname": "Haugesund", "countyname": "Rogaland" }, "geometry": { "type": "Point", "coordinates": [ 5.263190559010596, 59.407456167686014 ] } },
{ "type": "Feature", "properties": { "portfacilityno": "NOSRS-0001", "locationnamenor": "St1 Norge AS, Lillesund terminal", "harbour": "Storesund", "ownertypenor": "Privat", "pfsaapprovalperiodvalidto": "13.08.2029", "portfacilitystatusnor": "Godkjent", "functionsnor": "Olje", "hascruisefunction": "Nei", "issafeloadingcompliant": "Nei", "councilname": "Karmøy", "countyname": "Rogaland" }, "geometry": { "type": "Point", "coordinates": [ 5.255717122033806, 59.404323125194509 ] } },
{ "type": "Feature", "properties": { "portfacilityno": "NOHSO-0007", "locationnamenor": "Haugesund Fishery Port, Husøy", "harbour": "Husøy - Karmøy", "ownertypenor": "Offentlig", "pfsaapprovalperiodvalidto": "21.02.2029", "portfacilitystatusnor": "Godkjent", "functionsnor": "Kjemikalie, Bulk, Stykkgods, Ventekai", "hascruisefunction": "Nei", "issafeloadingcompliant": "Nei", "councilname": "Karmøy", "countyname": "Rogaland" }, "geometry": { "type": "Point", "coordinates": [ 5.299359970154663, 59.335878477912409 ] } },
{ "type": "Feature", "properties": { "portfacilityno": "NOLAG-0001", "locationnamenor": "Bømlo Skipsservice AS", "harbour": "Langevåg", "ownertypenor": "Privat", "pfsaapprovalperiodvalidto": "10.05.2026", "portfacilitystatusnor": "Godkjent", "functionsnor": "Bulk, Ventekai, Skipsverft, Annet offshore", "hascruisefunction": "Nei", "issafeloadingcompliant": "Nei", "councilname": "Bømlo", "countyname": "Vestland" }, "geometry": { "type": "Point", "coordinates": [ 5.242877887156286, 59.610669322170921 ] } },
{ "type": "Feature", "properties": { "portfacilityno": "NOSAG-0001", "locationnamenor": "IFF N&H Norway Vormedal", "harbour": "Vormedal", "ownertypenor": "Privat", "pfsaapprovalperiodvalidto": "04.04.2030", "portfacilitystatusnor": "Godkjent", "functionsnor": "Kjemikalie, Bulk", "hascruisefunction": "Nei", "issafeloadingcompliant": "Nei", "councilname": "Karmøy", "countyname": "Rogaland" }, "geometry": { "type": "Point", "coordinates": [ 5.317484000568884, 59.35458430382289 ] } },
{ "type": "Feature", "properties": { "portfacilityno": "NOHAU-0005", "locationnamenor": "Garpeskjær Havneanlegg, inkl Haugesund Indre Kai", "harbour": "Haugesund", "ownertypenor": "Offentlig", "pfsaapprovalperiodvalidto": "04.12.2025", "portfacilitystatusnor": "Godkjent", "functionsnor": "Cruise, Bulk, Stykkgods, Container, Ventekai, Offshore forskyning", "hascruisefunction": "Ja", "issafeloadingcompliant": "Nei", "councilname": "Haugesund", "countyname": "Rogaland" }, "geometry": { "type": "Point", "coordinates": [ 5.256722946448518, 59.411203185974635 ] } },
{ "type": "Feature", "properties": { "portfacilityno": "NOGIK-0001", "locationnamenor": "GMC Marine Partner Gismarvik", "harbour": "Gismarvik", "ownertypenor": "Privat", "pfsaapprovalperiodvalidto": "01.07.2029", "portfacilitystatusnor": "Godkjent", "functionsnor": "Gass, Olje, Bulk, Stykkgods, Ventekai, Annet offshore", "hascruisefunction": "Nei", "issafeloadingcompliant": "Nei", "councilname": "Tysvær", "countyname": "Rogaland" }, "geometry": { "type": "Point", "coordinates": [ 5.38933333634168, 59.32267002196707 ] } },
{ "type": "Feature", "properties": { "portfacilityno": "NOHVI-0001", "locationnamenor": "Hydro Haavik", "harbour": "Håvik", "ownertypenor": "Privat", "pfsaapprovalperiodvalidto": "29.10.2025", "portfacilitystatusnor": "Godkjent", "functionsnor": "Kjemikalie, Bulk, Stykkgods, Container", "hascruisefunction": "Nei", "issafeloadingcompliant": "Ja", "councilname": "Karmøy", "countyname": "Rogaland" }, "geometry": { "type": "Point", "coordinates": [ 5.324625908500376, 59.312545354539914 ] } },
{ "type": "Feature", "properties": { "portfacilityno": "NOHSO-0003", "locationnamenor": "Haugesund Cargo Terminal, Husøy", "harbour": "Husøy - Karmøy", "ownertypenor": "Offentlig", "pfsaapprovalperiodvalidto": "15.08.2029", "portfacilitystatusnor": "Godkjent", "functionsnor": "Bulk, Stykkgods, Container, Ventekai, Offshore forskyning", "hascruisefunction": "Nei", "issafeloadingcompliant": "Nei", "councilname": "Karmøy", "countyname": "Rogaland" }, "geometry": { "type": "Point", "coordinates": [ 5.305915899327213, 59.339075572101009 ] } },
{ "type": "Feature", "properties": { "portfacilityno": "NOSRS-0004", "locationnamenor": "Karmsund Servicebase AS", "harbour": "Storesund", "ownertypenor": "Privat", "pfsaapprovalperiodvalidto": "11.12.2029", "portfacilitystatusnor": "Godkjent", "functionsnor": "Kjemikalie, Bulk, Stykkgods, Container, Ventekai, Skipsverft, Offshore forskyning, Annet offshore", "hascruisefunction": "Nei", "issafeloadingcompliant": "Nei", "councilname": "Karmøy", "countyname": "Rogaland" }, "geometry": { "type": "Point", "coordinates": [ 5.287703422070784, 59.382873908458009 ] } },
{ "type": "Feature", "properties": { "portfacilityno": "NOKAR-0001", "locationnamenor": "Equinor Kårstø", "harbour": "Kårstø", "ownertypenor": "Privat", "pfsaapprovalperiodvalidto": "21.12.2028", "portfacilitystatusnor": "Godkjent", "functionsnor": "Gass, Bulk, Stykkgods, Annet", "hascruisefunction": "Nei", "issafeloadingcompliant": "Nei", "councilname": "Tysvær", "countyname": "Rogaland" }, "geometry": { "type": "Point", "coordinates": [ 5.489051853355223, 59.270692082787882 ] } },
{ "type": "Feature", "properties": { "portfacilityno": "NOHAU-0003", "locationnamenor": "Killingøy Subsea and Offshorebase", "harbour": "Haugesund", "ownertypenor": "Offentlig", "pfsaapprovalperiodvalidto": "15.12.2028", "portfacilitystatusnor": "Godkjent", "functionsnor": "Cruise, Bulk, Stykkgods, Ventekai, Annet offshore", "hascruisefunction": "Ja", "issafeloadingcompliant": "Nei", "councilname": "Haugesund", "countyname": "Rogaland" }, "geometry": { "type": "Point", "coordinates": [ 5.247508354509586, 59.422539698544114 ] } },
{ "type": "Feature", "properties": { "portfacilityno": "NOSRS-0005", "locationnamenor": "Peab Asfalt Norge AS avd. Karmøy", "harbour": "Storesund", "ownertypenor": "Privat", "pfsaapprovalperiodvalidto": "07.12.2026", "portfacilitystatusnor": "Godkjent", "functionsnor": "Olje, Bulk", "hascruisefunction": "Nei", "issafeloadingcompliant": "Nei", "councilname": "Karmøy", "countyname": "Rogaland" }, "geometry": { "type": "Point", "coordinates": [ 5.290253340553105, 59.380224447624414 ] } },
{ "type": "Feature", "properties": { "portfacilityno": "NOSRS-0003", "locationnamenor": "Lorentz Storesund og sønner AS (Statoil bunkers)", "harbour": "Storesund", "ownertypenor": "Privat", "pfsaapprovalperiodvalidto": "05.03.2030", "portfacilitystatusnor": "Godkjent", "functionsnor": "Kjemikalie, Stykkgods", "hascruisefunction": "Nei", "issafeloadingcompliant": "Nei", "councilname": "Karmøy", "countyname": "Rogaland" }, "geometry": { "type": "Point", "coordinates": [ 5.271273711743679, 59.39597176714841 ] } },
{ "type": "Feature", "properties": { "portfacilityno": "NOAVA-0003", "locationnamenor": "Heidelberg Materials Bøneset", "harbour": "Bøvågen - Karmøy", "ownertypenor": "Privat", "pfsaapprovalperiodvalidto": "12.01.2026", "portfacilitystatusnor": "Godkjent", "functionsnor": "Bulk", "hascruisefunction": "Nei", "issafeloadingcompliant": "Nei", "councilname": "Karmøy", "countyname": "Rogaland" }, "geometry": { "type": "Point", "coordinates": [ 5.293666669971149, 59.369533356898621 ] } },
{ "type": "Feature", "properties": { "portfacilityno": "NOMOV-0001", "locationnamenor": "Ølen Betong AS - Mølstrevåg", "harbour": "Mølstrevåg", "ownertypenor": "Privat", "pfsaapprovalperiodvalidto": "13.06.2030", "portfacilitystatusnor": "Godkjent", "functionsnor": "Bulk, Stykkgods", "hascruisefunction": "Nei", "issafeloadingcompliant": "Nei", "councilname": "Sveio", "countyname": "Vestland" }, "geometry": { "type": "Point", "coordinates": [ 5.258166670288968, 59.522500023560774 ] } },
{ "type": "Feature", "properties": { "portfacilityno": "NOSKU-0002", "locationnamenor": "Skude Fryseri AS", "harbour": "Skudeneshavn", "ownertypenor": "Privat", "pfsaapprovalperiodvalidto": "29.04.2026", "portfacilitystatusnor": "Godkjent", "functionsnor": "Stykkgods, Ventekai", "hascruisefunction": "Nei", "issafeloadingcompliant": "Nei", "councilname": "Karmøy", "countyname": "Rogaland" }, "geometry": { "type": "Point", "coordinates": [ 5.267438605474141, 59.14611658381741 ] } },
{ "type": "Feature", "properties": { "portfacilityno": "NOHSO-0006", "locationnamenor": "Husøy Terminalen AS", "harbour": "Husøy - Karmøy", "ownertypenor": "Privat", "pfsaapprovalperiodvalidto": "26.04.2029", "portfacilitystatusnor": "Godkjent", "functionsnor": "Bulk, Stykkgods, Container, Ventekai", "hascruisefunction": "Nei", "issafeloadingcompliant": "Nei", "councilname": "Karmøy", "countyname": "Rogaland" }, "geometry": { "type": "Point", "coordinates": [ 5.286739799569974, 59.337993223744938 ] } },
{ "type": "Feature", "properties": { "portfacilityno": "NOHSO-0002", "locationnamenor": "Solstad Offshore Base Husøy", "harbour": "Husøy - Karmøy", "ownertypenor": "Privat", "pfsaapprovalperiodvalidto": "16.05.2029", "portfacilitystatusnor": "Godkjent", "functionsnor": "Ventekai, Offshore forskyning", "hascruisefunction": "Nei", "issafeloadingcompliant": "Nei", "councilname": "Karmøy", "countyname": "Rogaland" }, "geometry": { "type": "Point", "coordinates": [ 5.296500003251612, 59.338500023649125 ] } },
{ "type": "Feature", "properties": { "portfacilityno": "NOSRS-0006", "locationnamenor": "Storesund Marine Service AS", "harbour": "Storesund", "ownertypenor": "Privat", "pfsaapprovalperiodvalidto": "29.03.2027", "portfacilitystatusnor": "Godkjent", "functionsnor": "Ventekai, Skipsverft", "hascruisefunction": "Nei", "issafeloadingcompliant": "Nei", "councilname": "Karmøy", "countyname": "Rogaland" }, "geometry": { "type": "Point", "coordinates": [ 5.268890003407872, 59.397051690591141 ] } },
{ "type": "Feature", "properties": { "portfacilityno": "NOSOY-0001", "locationnamenor": "Storøy havneanlegg", "harbour": "Storøya Øst", "ownertypenor": "Privat", "pfsaapprovalperiodvalidto": "24.03.2027", "portfacilitystatusnor": "Godkjent", "functionsnor": "Kjemikalie, Olje, Bulk, Stykkgods, Container, Ventekai", "hascruisefunction": "Nei", "issafeloadingcompliant": "Nei", "councilname": "Karmøy", "countyname": "Rogaland" }, "geometry": { "type": "Point", "coordinates": [ 5.23476667018528, 59.411800024533576 ] } },
{ "type": "Feature", "properties": { "portfacilityno": "NOAVA-0001", "locationnamenor": "Vico AS", "harbour": "Bøvågen - Karmøy", "ownertypenor": "Privat", "pfsaapprovalperiodvalidto": "11.11.2025", "portfacilitystatusnor": "Godkjent", "functionsnor": "Stykkgods, Ventekai, Skipsverft", "hascruisefunction": "Nei", "issafeloadingcompliant": "Nei", "councilname": "Karmøy", "countyname": "Rogaland" }, "geometry": { "type": "Point", "coordinates": [ 5.282347618881872, 59.362301945662871 ] } },
{ "type": "Feature", "properties": { "portfacilityno": "NORUB-0001", "locationnamenor": "Rubbestadneset industripark", "harbour": "Rubbestadneset", "ownertypenor": "Privat", "pfsaapprovalperiodvalidto": "18.12.2028", "portfacilitystatusnor": "Godkjent", "functionsnor": "Ventekai, Skipsverft", "hascruisefunction": "Nei", "issafeloadingcompliant": "Nei", "councilname": "Bømlo", "countyname": "Vestland" }, "geometry": { "type": "Point", "coordinates": [ 5.266136753608838, 59.820161926313112 ] } },
{ "type": "Feature", "properties": { "portfacilityno": "NOHSO-0004", "locationnamenor": "Westcon Yards AS - Karmsund", "harbour": "Husøy - Karmøy", "ownertypenor": "Privat", "pfsaapprovalperiodvalidto": "19.09.2027", "portfacilitystatusnor": "Godkjent", "functionsnor": "Skipsverft", "hascruisefunction": "Nei", "issafeloadingcompliant": "Nei", "councilname": "Karmøy", "countyname": "Rogaland" }, "geometry": { "type": "Point", "coordinates": [ 5.290000003258874, 59.332666690468876 ] } },
{ "type": "Feature", "properties": { "portfacilityno": "NOKKN-0002", "locationnamenor": "Dypvannskaia", "harbour": "Kirkenes", "ownertypenor": "Offentlig", "pfsaapprovalperiodvalidto": "27.04.2026", "portfacilitystatusnor": "Godkjent", "functionsnor": "Cruise, Bulk, Stykkgods, Ventekai", "hascruisefunction": "Ja", "issafeloadingcompliant": "Nei", "councilname": "Sør-Varanger", "countyname": "Finnmark" }, "geometry": { "type": "Point", "coordinates": [ 30.063663104352887, 69.729036541431071 ] } },
{ "type": "Feature", "properties": { "portfacilityno": "NOKKN-0001", "locationnamenor": "Kirkenes havneanlegg", "harbour": "Kirkenes", "ownertypenor": "Offentlig", "pfsaapprovalperiodvalidto": "16.01.2030", "portfacilitystatusnor": "Godkjent", "functionsnor": "Cruise, Olje, Bulk, Stykkgods, Ventekai", "hascruisefunction": "Ja", "issafeloadingcompliant": "Nei", "councilname": "Sør-Varanger", "countyname": "Finnmark" }, "geometry": { "type": "Point", "coordinates": [ 30.073450156051297, 69.729008843520504 ] } },
{ "type": "Feature", "properties": { "portfacilityno": "NOKKN-0003", "locationnamenor": "Tschudi Bulk Terminals", "harbour": "Kirkenes", "ownertypenor": "Privat", "pfsaapprovalperiodvalidto": "16.12.2025", "portfacilitystatusnor": "Godkjent", "functionsnor": "Olje, Bulk, Stykkgods, Ventekai", "hascruisefunction": "Nei", "issafeloadingcompliant": "Nei", "councilname": "Sør-Varanger", "countyname": "Finnmark" }, "geometry": { "type": "Point", "coordinates": [ 30.026253108940672, 69.726271543943483 ] } },
{ "type": "Feature", "properties": { "portfacilityno": "NOKJF-0002", "locationnamenor": "Kjøllefjord havneanlegg", "harbour": "Kjøllefjord", "ownertypenor": "Offentlig", "pfsaapprovalperiodvalidto": "03.12.2025", "portfacilitystatusnor": "Godkjent", "functionsnor": "Bulk, Stykkgods", "hascruisefunction": "Nei", "issafeloadingcompliant": "Nei", "councilname": "Lebesby", "countyname": "Finnmark" }, "geometry": { "type": "Point", "coordinates": [ 27.336666623977738, 70.949166636395958 ] } },
{ "type": "Feature", "properties": { "portfacilityno": "NOKJK-0001", "locationnamenor": "Heidelberg Materials Kjøpsvik Sementfabrikk", "harbour": "Kjøpsvik", "ownertypenor": "Privat", "pfsaapprovalperiodvalidto": "12.08.2029", "portfacilitystatusnor": "Godkjent", "functionsnor": "Bulk", "hascruisefunction": "Nei", "issafeloadingcompliant": "Nei", "councilname": "Narvik", "countyname": "Nordland" }, "geometry": { "type": "Point", "coordinates": [ 16.376166666669988, 68.093666666669762 ] } },
{ "type": "Feature", "properties": { "portfacilityno": "NOKON-0001", "locationnamenor": "Equinor Kollsnes havneanlegg", "harbour": "Kollsnes", "ownertypenor": "Privat", "pfsaapprovalperiodvalidto": "10.02.2028", "portfacilitystatusnor": "Godkjent", "functionsnor": "Kjemikalie, Ventekai", "hascruisefunction": "Nei", "issafeloadingcompliant": "Nei", "councilname": "Øygarden", "countyname": "Vestland" }, "geometry": { "type": "Point", "coordinates": [ 4.826123117315153, 60.557540666095342 ] } },
{ "type": "Feature", "properties": { "portfacilityno": "NOKRA-0003", "locationnamenor": "Jernbanekaia", "harbour": "Kragerø", "ownertypenor": "Offentlig", "pfsaapprovalperiodvalidto": "23.03.2026", "portfacilitystatusnor": "Godkjent", "functionsnor": "Cruise, Stykkgods", "hascruisefunction": "Ja", "issafeloadingcompliant": "Nei", "councilname": "Kragerø", "countyname": "Telemark" }, "geometry": { "type": "Point", "coordinates": [ 9.41633333331076, 58.869333333645692 ] } },
{ "type": "Feature", "properties": { "portfacilityno": "NOKRA-0004", "locationnamenor": "NCC Roads Valberg", "harbour": "Valberg - Kragerø", "ownertypenor": "Privat", "pfsaapprovalperiodvalidto": "01.10.2029", "portfacilitystatusnor": "Godkjent", "functionsnor": "Bulk", "hascruisefunction": "Nei", "issafeloadingcompliant": "Nei", "councilname": "Kragerø", "countyname": "Telemark" }, "geometry": { "type": "Point", "coordinates": [ 9.422666666644407, 58.881000000308923 ] } },
{ "type": "Feature", "properties": { "portfacilityno": "NOKRS-0005", "locationnamenor": "Andøya Industripark", "harbour": "Kristiansand", "ownertypenor": "Privat", "pfsaapprovalperiodvalidto": "26.06.2029", "portfacilitystatusnor": "Godkjent", "functionsnor": "Bulk, Stykkgods, Ventekai, Skipsverft", "hascruisefunction": "Nei", "issafeloadingcompliant": "Nei", "councilname": "Kristiansand", "countyname": "Agder" }, "geometry": { "type": "Point", "coordinates": [ 7.970500000000174, 58.114833335565564 ] } },
{ "type": "Feature", "properties": { "portfacilityno": "NOKRS-0001", "locationnamenor": "Elkem Fiskaa", "harbour": "Kristiansand", "ownertypenor": "Privat", "pfsaapprovalperiodvalidto": "11.11.2029", "portfacilitystatusnor": "Godkjent", "functionsnor": "Kjemikalie, Bulk, Stykkgods", "hascruisefunction": "Nei", "issafeloadingcompliant": "Nei", "councilname": "Kristiansand", "countyname": "Agder" }, "geometry": { "type": "Point", "coordinates": [ 7.972833333335331, 58.12583333555569 ] } },
{ "type": "Feature", "properties": { "portfacilityno": "NOKRS-0006", "locationnamenor": "Glencore Nikkelverk AS", "harbour": "Kristiansand", "ownertypenor": "Privat", "pfsaapprovalperiodvalidto": "23.07.2029", "portfacilitystatusnor": "Godkjent", "functionsnor": "Kjemikalie, Bulk", "hascruisefunction": "Nei", "issafeloadingcompliant": "Ja", "councilname": "Kristiansand", "countyname": "Agder" }, "geometry": { "type": "Point", "coordinates": [ 7.975000000003893, 58.13716666887958 ] } },
{ "type": "Feature", "properties": { "portfacilityno": "NOKRS-0009", "locationnamenor": "Kolsdalsodden Tankanlegg", "harbour": "Kristiansand", "ownertypenor": "Privat", "pfsaapprovalperiodvalidto": "23.04.2030", "portfacilitystatusnor": "Godkjent", "functionsnor": "Olje", "hascruisefunction": "Nei", "issafeloadingcompliant": "Nei", "councilname": "Kristiansand", "countyname": "Agder" }, "geometry": { "type": "Point", "coordinates": [ 7.977333333337481, 58.140000002206001 ] } },
{ "type": "Feature", "properties": { "portfacilityno": "NOKRS-0016", "locationnamenor": "Kongsgård havneanlegg", "harbour": "Kristiansand", "ownertypenor": "Offentlig", "pfsaapprovalperiodvalidto": "30.05.2030", "portfacilitystatusnor": "Godkjent", "functionsnor": "Cruise, Bulk, Stykkgods, Container, Ventekai, Annet offshore, Annet", "hascruisefunction": "Ja", "issafeloadingcompliant": "Nei", "councilname": "Kristiansand", "countyname": "Agder" }, "geometry": { "type": "Point", "coordinates": [ 8.035333333333849, 58.156833335392335 ] } },
{ "type": "Feature", "properties": { "portfacilityno": "NOKRS-0010", "locationnamenor": "Korsvik", "harbour": "Kristiansand", "ownertypenor": "Offentlig", "pfsaapprovalperiodvalidto": "12.01.2029", "portfacilitystatusnor": "Godkjent", "functionsnor": "Bulk, Stykkgods, Container, Ventekai, Annet offshore, Annet", "hascruisefunction": "Nei", "issafeloadingcompliant": "Nei", "councilname": "Kristiansand", "countyname": "Agder" }, "geometry": { "type": "Point", "coordinates": [ 8.068123126001899, 58.135509344794862 ] } },
{ "type": "Feature", "properties": { "portfacilityno": "NOKRS-0002", "locationnamenor": "Kristiansand Containerterminal", "harbour": "Kristiansand", "ownertypenor": "Offentlig", "pfsaapprovalperiodvalidto": "05.02.2029", "portfacilitystatusnor": "Godkjent", "functionsnor": "Cruise, Ro-Ro Passasjer, Bulk, Stykkgods, Container, Ventekai, Offshore forskyning, Annet offshore, Annet", "hascruisefunction": "Ja", "issafeloadingcompliant": "Ja", "councilname": "Kristiansand", "countyname": "Agder" }, "geometry": { "type": "Point", "coordinates": [ 7.991333333335924, 58.14050000217096 ] } },
{ "type": "Feature", "properties": { "portfacilityno": "NOKRS-0003", "locationnamenor": "Kristiansand Fergeterminal", "harbour": "Kristiansand", "ownertypenor": "Offentlig", "pfsaapprovalperiodvalidto": "30.07.2029", "portfacilitystatusnor": "Godkjent", "functionsnor": "Cruise, Passasjer, Ro-Ro Passasjer, Stykkgods, Ventekai, Annet offshore, Annet", "hascruisefunction": "Ja", "issafeloadingcompliant": "Nei", "councilname": "Kristiansand", "countyname": "Agder" }, "geometry": { "type": "Point", "coordinates": [ 7.986333333337041, 58.143333335515649 ] } },
{ "type": "Feature", "properties": { "portfacilityno": "NOKRS-0014", "locationnamenor": "Odderøya Havneanlegg", "harbour": "Kristiansand", "ownertypenor": "Offentlig", "pfsaapprovalperiodvalidto": "09.03.2026", "portfacilitystatusnor": "Godkjent", "functionsnor": "Cruise, Bulk, Stykkgods, Ventekai, Annet offshore, Annet", "hascruisefunction": "Ja", "issafeloadingcompliant": "Nei", "councilname": "Kristiansand", "countyname": "Agder" }, "geometry": { "type": "Point", "coordinates": [ 7.998666666667144, 58.133666668821974 ] } },
{ "type": "Feature", "properties": { "portfacilityno": "NOKRS-0012", "locationnamenor": "Vige kai", "harbour": "Kristiansand", "ownertypenor": "Offentlig", "pfsaapprovalperiodvalidto": "10.01.2029", "portfacilitystatusnor": "Godkjent", "functionsnor": "Bulk, Stykkgods, Ventekai", "hascruisefunction": "Nei", "issafeloadingcompliant": "Nei", "councilname": "Kristiansand", "countyname": "Agder" }, "geometry": { "type": "Point", "coordinates": [ 8.04316666666737, 58.162833335371907 ] } },
{ "type": "Feature", "properties": { "portfacilityno": "NOTIN-0001", "locationnamenor": "Arnvikneset havneanlegg", "harbour": "Arnvikneset", "ownertypenor": "Offentlig", "pfsaapprovalperiodvalidto": "31.03.2028", "portfacilitystatusnor": "Godkjent", "functionsnor": "Bulk", "hascruisefunction": "Nei", "issafeloadingcompliant": "Nei", "councilname": "Tingvoll", "countyname": "Møre og Romsdal" }, "geometry": { "type": "Point", "coordinates": [ 7.972500000577258, 63.009666667374006 ] } },
{ "type": "Feature", "properties": { "portfacilityno": "NOKSU-0030", "locationnamenor": "Averøy Industripark", "harbour": "Averøy", "ownertypenor": "Privat", "pfsaapprovalperiodvalidto": "02.05.2028", "portfacilitystatusnor": "Godkjent", "functionsnor": "Bulk, Stykkgods, Ventekai, Skipsverft, Annet offshore", "hascruisefunction": "Nei", "issafeloadingcompliant": "Nei", "councilname": "Averøy", "countyname": "Møre og Romsdal" }, "geometry": { "type": "Point", "coordinates": [ 7.666666667480008, 63.07550000097109 ] } },
{ "type": "Feature", "properties": { "portfacilityno": "NOKSU-0021", "locationnamenor": "Dale Industripark havneanlegg", "harbour": "Kristiansund", "ownertypenor": "Offentlig", "pfsaapprovalperiodvalidto": "27.03.2028", "portfacilitystatusnor": "Godkjent", "functionsnor": "Bulk, Stykkgods, Container, Ventekai, Offshore forskyning", "hascruisefunction": "Nei", "issafeloadingcompliant": "Nei", "councilname": "Kristiansund", "countyname": "Møre og Romsdal" }, "geometry": { "type": "Point", "coordinates": [ 7.77316666739426, 63.120666667516872 ] } },
{ "type": "Feature", "properties": { "portfacilityno": "NOKSU-0004", "locationnamenor": "Devoldholmen havneanlegg", "harbour": "Kristiansund", "ownertypenor": "Offentlig", "pfsaapprovalperiodvalidto": "09.03.2026", "portfacilitystatusnor": "Godkjent", "functionsnor": "Cruise, Passasjer, Bulk, Stykkgods, Container, Ventekai, Annet offshore", "hascruisefunction": "Ja", "issafeloadingcompliant": "Nei", "councilname": "Kristiansund", "countyname": "Møre og Romsdal" }, "geometry": { "type": "Point", "coordinates": [ 7.737500000755972, 63.114166667553015 ] } },
{ "type": "Feature", "properties": { "portfacilityno": "NOKSU-0006", "locationnamenor": "Fiskeribasen havneanlegg", "harbour": "Kristiansund", "ownertypenor": "Offentlig", "pfsaapprovalperiodvalidto": "23.05.2028", "portfacilitystatusnor": "Godkjent", "functionsnor": "Gass, Kjemikalie, Stykkgods, Container, Ventekai, Annet", "hascruisefunction": "Nei", "issafeloadingcompliant": "Nei", "councilname": "Kristiansund", "countyname": "Møre og Romsdal" }, "geometry": { "type": "Point", "coordinates": [ 7.76166666740346, 63.121000000860953 ] } },
{ "type": "Feature", "properties": { "portfacilityno": "NOKSU-0068", "locationnamenor": "GC Rieber VivoMega AS", "harbour": "Kristiansund", "ownertypenor": "Privat", "pfsaapprovalperiodvalidto": "08.09.2027", "portfacilitystatusnor": "Godkjent", "functionsnor": "Kjemikalie, Ventekai", "hascruisefunction": "Nei", "issafeloadingcompliant": "Nei", "councilname": "Kristiansund", "countyname": "Møre og Romsdal" }, "geometry": { "type": "Point", "coordinates": [ 7.758000000739606, 63.118833334198385 ] } },
{ "type": "Feature", "properties": { "portfacilityno": "NOKSU-0008", "locationnamenor": "Høgset Terminalen AS", "harbour": "Høgset", "ownertypenor": "Offentlig", "pfsaapprovalperiodvalidto": "01.03.2028", "portfacilitystatusnor": "Godkjent", "functionsnor": "Stykkgods, Container", "hascruisefunction": "Nei", "issafeloadingcompliant": "Nei", "councilname": "Gjemnes", "countyname": "Møre og Romsdal" }, "geometry": { "type": "Point", "coordinates": [ 7.732605669984058, 62.969421797981717 ] } },
{ "type": "Feature", "properties": { "portfacilityno": "NOSUR-0002", "locationnamenor": "Surnadal havneanlegg", "harbour": "Surnadal", "ownertypenor": "Offentlig", "pfsaapprovalperiodvalidto": "29.09.2027", "portfacilitystatusnor": "Godkjent", "functionsnor": "Cruise, Bulk, Stykkgods, Container, Ventekai", "hascruisefunction": "Ja", "issafeloadingcompliant": "Nei", "councilname": "Surnadal", "countyname": "Møre og Romsdal" }, "geometry": { "type": "Point", "coordinates": [ 8.649166666919848, 62.986333333651004 ] } },
{ "type": "Feature", "properties": { "portfacilityno": "NOKSU-0010", "locationnamenor": "Kristiansund Base AS", "harbour": "Averøy", "ownertypenor": "Offentlig", "pfsaapprovalperiodvalidto": "03.02.2028", "portfacilitystatusnor": "Godkjent", "functionsnor": "Cruise, Kjemikalie, Bulk, Stykkgods, Container, Ventekai, Offshore forskyning, Annet offshore", "hascruisefunction": "Ja", "issafeloadingcompliant": "Nei", "councilname": "Averøy", "countyname": "Møre og Romsdal" }, "geometry": { "type": "Point", "coordinates": [ 7.67152126997032, 63.057267858229515 ] } },
{ "type": "Feature", "properties": { "portfacilityno": "NOKSU-0106", "locationnamenor": "Dale tankanlegg", "harbour": "Kristiansund", "ownertypenor": "Privat", "pfsaapprovalperiodvalidto": "20.12.2026", "portfacilitystatusnor": "Godkjent", "functionsnor": "Olje", "hascruisefunction": "Nei", "issafeloadingcompliant": "Nei", "councilname": "Kristiansund", "countyname": "Møre og Romsdal" }, "geometry": { "type": "Point", "coordinates": [ 7.775062000726114, 63.121075000848258 ] } },
{ "type": "Feature", "properties": { "portfacilityno": "NOKSU-0012", "locationnamenor": "Skretting Averøy", "harbour": "Averøy", "ownertypenor": "Privat", "pfsaapprovalperiodvalidto": "26.01.2028", "portfacilitystatusnor": "Godkjent", "functionsnor": "Kjemikalie, Bulk", "hascruisefunction": "Nei", "issafeloadingcompliant": "Nei", "councilname": "Averøy", "countyname": "Møre og Romsdal" }, "geometry": { "type": "Point", "coordinates": [ 7.65791193726172, 63.056556812636785 ] } },
{ "type": "Feature", "properties": { "portfacilityno": "NOKSU-0013", "locationnamenor": "Storkaia", "harbour": "Kristiansund", "ownertypenor": "Offentlig", "pfsaapprovalperiodvalidto": "13.03.2029", "portfacilitystatusnor": "Godkjent", "functionsnor": "Cruise, Passasjer, Stykkgods, Container, Ventekai, Offshore forskyning, Annet offshore", "hascruisefunction": "Ja", "issafeloadingcompliant": "Nei", "councilname": "Kristiansund", "countyname": "Møre og Romsdal" }, "geometry": { "type": "Point", "coordinates": [ 7.733833334092071, 63.110333334224428 ] } },
{ "type": "Feature", "properties": { "portfacilityno": "NOKSU-0036", "locationnamenor": "Sub Sea Base Kristiansund", "harbour": "Kristiansund", "ownertypenor": "Privat", "pfsaapprovalperiodvalidto": "12.10.2026", "portfacilitystatusnor": "Godkjent", "functionsnor": "Bulk, Stykkgods, Container, Ventekai, Offshore forskyning", "hascruisefunction": "Nei", "issafeloadingcompliant": "Nei", "councilname": "Kristiansund", "countyname": "Møre og Romsdal" }, "geometry": { "type": "Point", "coordinates": [ 7.782211996797077, 63.090502525100639 ] } },
{ "type": "Feature", "properties": { "portfacilityno": "NOKSU-0022", "locationnamenor": "Veidekke havneanlegg", "harbour": "Kristiansund", "ownertypenor": "Privat", "pfsaapprovalperiodvalidto": "09.02.2028", "portfacilitystatusnor": "Godkjent", "functionsnor": "Olje, Bulk, Annet offshore", "hascruisefunction": "Nei", "issafeloadingcompliant": "Nei", "councilname": "Kristiansund", "countyname": "Møre og Romsdal" }, "geometry": { "type": "Point", "coordinates": [ 7.770833334061001, 63.091666667527953 ] } },
{ "type": "Feature", "properties": { "portfacilityno": "NOKSU-0014", "locationnamenor": "NorSea Logistics Vestbase", "harbour": "Kristiansund", "ownertypenor": "Privat", "pfsaapprovalperiodvalidto": "24.04.2028", "portfacilitystatusnor": "Godkjent", "functionsnor": "Gass, Kjemikalie, Olje, Bulk, Stykkgods, Container, Ventekai, Skipsverft, Offshore forskyning, Annet offshore", "hascruisefunction": "Nei", "issafeloadingcompliant": "Nei", "councilname": "Kristiansund", "countyname": "Møre og Romsdal" }, "geometry": { "type": "Point", "coordinates": [ 7.781167000720233, 63.10366700084785 ] } },
{ "type": "Feature", "properties": { "portfacilityno": "NOVSM-0001", "locationnamenor": "Vikan havneanlegg", "harbour": "Vikan - Smøla", "ownertypenor": "Offentlig", "pfsaapprovalperiodvalidto": "18.10.2027", "portfacilitystatusnor": "Godkjent", "functionsnor": "Cruise, Bulk, Stykkgods, Container", "hascruisefunction": "Ja", "issafeloadingcompliant": "Nei", "councilname": "Smøla", "countyname": "Møre og Romsdal" }, "geometry": { "type": "Point", "coordinates": [ 8.201666667123993, 63.376500000474607 ] } },
{ "type": "Feature", "properties": { "portfacilityno": "NOKVS-0001", "locationnamenor": "Repparfjord Eiendom AS Havneanlegg", "harbour": "Kvalsund", "ownertypenor": "Offentlig", "pfsaapprovalperiodvalidto": "27.07.2026", "portfacilitystatusnor": "Godkjent", "functionsnor": "Bulk", "hascruisefunction": "Nei", "issafeloadingcompliant": "Nei", "councilname": "Hammerfest", "countyname": "Finnmark" }, "geometry": { "type": "Point", "coordinates": [ 24.281999995420094, 70.454666663690858 ] } },
{ "type": "Feature", "properties": { "portfacilityno": "NOKVD-0001", "locationnamenor": "Eramet Norway Kvinesdal AS", "harbour": "Kvinesdal", "ownertypenor": "Privat", "pfsaapprovalperiodvalidto": "16.08.2028", "portfacilitystatusnor": "Godkjent", "functionsnor": "Bulk, Stykkgods, Container, Ventekai", "hascruisefunction": "Nei", "issafeloadingcompliant": "Ja", "councilname": "Kvinesdal", "countyname": "Agder" }, "geometry": { "type": "Point", "coordinates": [ 6.886666666989115, 58.275000006833871 ] } },
{ "type": "Feature", "properties": { "portfacilityno": "NOKVD-0002", "locationnamenor": "Kleven Kai", "harbour": "Kvinesdal", "ownertypenor": "Offentlig", "pfsaapprovalperiodvalidto": "16.02.2029", "portfacilitystatusnor": "Godkjent", "functionsnor": "Bulk, Stykkgods, Container", "hascruisefunction": "Nei", "issafeloadingcompliant": "Nei", "councilname": "Kvinesdal", "countyname": "Agder" }, "geometry": { "type": "Point", "coordinates": [ 6.883000000325239, 58.277500006855739 ] } },
{ "type": "Feature", "properties": { "portfacilityno": "NOKVH-0002", "locationnamenor": "Rosendal Cruisehavn", "harbour": "Rosendal", "ownertypenor": "Privat", "pfsaapprovalperiodvalidto": "25.04.2027", "portfacilitystatusnor": "Godkjent", "functionsnor": "Cruise, Ventekai", "hascruisefunction": "Ja", "issafeloadingcompliant": "Nei", "councilname": "Kvinnherad", "countyname": "Vestland" }, "geometry": { "type": "Point", "coordinates": [ 6.003341152391479, 59.987555833106626 ] } },
{ "type": "Feature", "properties": { "portfacilityno": "NOKVH-0009", "locationnamenor": "Halsnøy dokk AS", "harbour": "Høylandsbygda", "ownertypenor": "Privat", "pfsaapprovalperiodvalidto": "02.08.2027", "portfacilitystatusnor": "Godkjent", "functionsnor": "Skipsverft", "hascruisefunction": "Nei", "issafeloadingcompliant": "Nei", "councilname": "Kvinnherad", "countyname": "Vestland" }, "geometry": { "type": "Point", "coordinates": [ 5.794080002630547, 59.79189001421787 ] } },
{ "type": "Feature", "properties": { "portfacilityno": "NOLAR-0006", "locationnamenor": "Color Line Larvikterminalen", "harbour": "Larvik", "ownertypenor": "Privat", "pfsaapprovalperiodvalidto": "31.05.2028", "portfacilitystatusnor": "Godkjent", "functionsnor": "Ro-Ro Passasjer, Olje, Stykkgods, Container", "hascruisefunction": "Nei", "issafeloadingcompliant": "Nei", "councilname": "Larvik", "countyname": "Vestfold" }, "geometry": { "type": "Point", "coordinates": [ 10.043499999976349, 59.041166666783603 ] } },
{ "type": "Feature", "properties": { "portfacilityno": "NOLAR-0002", "locationnamenor": "Kanalen Havneanlegg", "harbour": "Larvik", "ownertypenor": "Offentlig", "pfsaapprovalperiodvalidto": "16.09.2027", "portfacilitystatusnor": "Godkjent", "functionsnor": "Cruise, Bulk, Stykkgods, Container, Ventekai", "hascruisefunction": "Ja", "issafeloadingcompliant": "Nei", "councilname": "Larvik", "countyname": "Vestfold" }, "geometry": { "type": "Point", "coordinates": [ 10.046833333309667, 59.04216666678299 ] } },
{ "type": "Feature", "properties": { "portfacilityno": "NOLAR-0003", "locationnamenor": "Revet Havneterminal", "harbour": "Larvik", "ownertypenor": "Offentlig", "pfsaapprovalperiodvalidto": "21.06.2029", "portfacilitystatusnor": "Godkjent", "functionsnor": "Stykkgods, Container", "hascruisefunction": "Nei", "issafeloadingcompliant": "Nei", "councilname": "Larvik", "countyname": "Vestfold" }, "geometry": { "type": "Point", "coordinates": [ 10.040333333309601, 59.03883333345086 ] } },
{ "type": "Feature", "properties": { "portfacilityno": "NOLRI-0002", "locationnamenor": "Aker Solutions Stord Havneanlegg AS", "harbour": "Leirvik", "ownertypenor": "Privat", "pfsaapprovalperiodvalidto": "30.04.2030", "portfacilitystatusnor": "Godkjent", "functionsnor": "Bulk, Stykkgods, Ventekai, Skipsverft", "hascruisefunction": "Nei", "issafeloadingcompliant": "Nei", "councilname": "Stord", "countyname": "Vestland" }, "geometry": { "type": "Point", "coordinates": [ 5.493542229468404, 59.762951233591579 ] } },
{ "type": "Feature", "properties": { "portfacilityno": "NOLRI-0008", "locationnamenor": "Leirvik Nattrutekai havneanlegg", "harbour": "Leirvik", "ownertypenor": "Offentlig", "pfsaapprovalperiodvalidto": "01.03.2029", "portfacilitystatusnor": "Godkjent", "functionsnor": "Cruise, Ventekai", "hascruisefunction": "Ja", "issafeloadingcompliant": "Nei", "councilname": "Stord", "countyname": "Vestland" }, "geometry": { "type": "Point", "coordinates": [ 5.503833336641019, 59.781500018256125 ] } },
{ "type": "Feature", "properties": { "portfacilityno": "NOSRP-0003", "locationnamenor": "Norsea Logistics Stordbase", "harbour": "Stord base", "ownertypenor": "Offentlig", "pfsaapprovalperiodvalidto": "21.04.2028", "portfacilitystatusnor": "Godkjent", "functionsnor": "Kjemikalie, Bulk, Stykkgods, Container, Ventekai, Annet offshore", "hascruisefunction": "Nei", "issafeloadingcompliant": "Nei", "councilname": "Stord", "countyname": "Vestland" }, "geometry": { "type": "Point", "coordinates": [ 5.483471174389647, 59.754028402564444 ] } },
{ "type": "Feature", "properties": { "portfacilityno": "NOLEV-0003", "locationnamenor": "Norske Skog Skogn AS", "harbour": "Skogn", "ownertypenor": "Privat", "pfsaapprovalperiodvalidto": "13.12.2029", "portfacilitystatusnor": "Godkjent", "functionsnor": "Bulk, Stykkgods", "hascruisefunction": "Nei", "issafeloadingcompliant": "Nei", "councilname": "Levanger", "countyname": "Trøndelag" }, "geometry": { "type": "Point", "coordinates": [ 11.155000000000882, 63.716666666670768 ] } },
{ "type": "Feature", "properties": { "portfacilityno": "NOLIE-0003", "locationnamenor": "Hellik Teigen AS", "harbour": "Drammen", "ownertypenor": "Privat", "pfsaapprovalperiodvalidto": "07.12.2026", "portfacilitystatusnor": "Godkjent", "functionsnor": "Bulk", "hascruisefunction": "Nei", "issafeloadingcompliant": "Nei", "councilname": "Drammen", "countyname": "Buskerud" }, "geometry": { "type": "Point", "coordinates": [ 10.241333333320069, 59.74400000007379 ] } },
{ "type": "Feature", "properties": { "portfacilityno": "NOLIL-0001", "locationnamenor": "Lillesand Havneanlegg - Dypvannskaia", "harbour": "Lillesand", "ownertypenor": "Offentlig", "pfsaapprovalperiodvalidto": "15.05.2028", "portfacilitystatusnor": "Godkjent", "functionsnor": "Cruise", "hascruisefunction": "Ja", "issafeloadingcompliant": "Nei", "councilname": "Lillesand", "countyname": "Agder" }, "geometry": { "type": "Point", "coordinates": [ 8.383366316538186, 58.246988976133224 ] } },
{ "type": "Feature", "properties": { "portfacilityno": "NOLIL-0002", "locationnamenor": "Fossbekk-kaia", "harbour": "Lillesand", "ownertypenor": "Privat", "pfsaapprovalperiodvalidto": "16.01.2028", "portfacilitystatusnor": "Godkjent", "functionsnor": "Bulk, Stykkgods", "hascruisefunction": "Nei", "issafeloadingcompliant": "Nei", "councilname": "Lillesand", "countyname": "Agder" }, "geometry": { "type": "Point", "coordinates": [ 8.376166666647581, 58.239833334694076 ] } },
{ "type": "Feature", "properties": { "portfacilityno": "NOLDS-0001", "locationnamenor": "Båly havneterminal", "harbour": "Båly", "ownertypenor": "Offentlig", "pfsaapprovalperiodvalidto": "06.07.2028", "portfacilitystatusnor": "Godkjent", "functionsnor": "Cruise, Bulk, Stykkgods, Ventekai", "hascruisefunction": "Ja", "issafeloadingcompliant": "Nei", "councilname": "Lindesnes", "countyname": "Agder" }, "geometry": { "type": "Point", "coordinates": [ 7.152833333460673, 58.039833338773107 ] } },
{ "type": "Feature", "properties": { "portfacilityno": "NOLOD-0004", "locationnamenor": "Swerock Lødingen", "harbour": "Anfinnsletta", "ownertypenor": "Privat", "pfsaapprovalperiodvalidto": "12.09.2027", "portfacilitystatusnor": "Godkjent", "functionsnor": "Bulk", "hascruisefunction": "Nei", "issafeloadingcompliant": "Nei", "councilname": "Lødingen", "countyname": "Nordland" }, "geometry": { "type": "Point", "coordinates": [ 15.431373291015682, 68.341876556361484 ] } },
{ "type": "Feature", "properties": { "portfacilityno": "NOLOD-0001", "locationnamenor": "Rødholmen havneanlegg", "harbour": "Lødingen", "ownertypenor": "Privat", "pfsaapprovalperiodvalidto": "29.04.2029", "portfacilitystatusnor": "Godkjent", "functionsnor": "Cruise, Stykkgods, Container, Skipsverft", "hascruisefunction": "Ja", "issafeloadingcompliant": "Nei", "councilname": "Lødingen", "countyname": "Nordland" }, "geometry": { "type": "Point", "coordinates": [ 15.999487792329681, 68.417634180635687 ] } },
{ "type": "Feature", "properties": { "portfacilityno": "NOLND-0001", "locationnamenor": "Hausvik Havneanlegg", "harbour": "Lyngdal", "ownertypenor": "Offentlig", "pfsaapprovalperiodvalidto": "26.01.2026", "portfacilitystatusnor": "Godkjent", "functionsnor": "Bulk, Stykkgods", "hascruisefunction": "Nei", "issafeloadingcompliant": "Nei", "councilname": "Lyngdal", "countyname": "Agder" }, "geometry": { "type": "Point", "coordinates": [ 6.98633333351169, 58.0505000064218 ] } },
{ "type": "Feature", "properties": { "portfacilityno": "NOLND-0002", "locationnamenor": "Holmsundet Havneanlegg", "harbour": "Lyngdal", "ownertypenor": "Offentlig", "pfsaapprovalperiodvalidto": "31.03.2028", "portfacilitystatusnor": "Godkjent", "functionsnor": "Cruise, Bulk, Stykkgods, Container, Ventekai, Offshore forskyning", "hascruisefunction": "Ja", "issafeloadingcompliant": "Nei", "councilname": "Lyngdal", "countyname": "Agder" }, "geometry": { "type": "Point", "coordinates": [ 7.044500000190525, 58.116333339328278 ] } },
{ "type": "Feature", "properties": { "portfacilityno": "NOMAY-0040", "locationnamenor": "Båtbygg AS", "harbour": "Måløy", "ownertypenor": "Privat", "pfsaapprovalperiodvalidto": "04.10.2029", "portfacilitystatusnor": "Godkjent", "functionsnor": "Skipsverft", "hascruisefunction": "Nei", "issafeloadingcompliant": "Nei", "councilname": "Kinn", "countyname": "Vestland" }, "geometry": { "type": "Point", "coordinates": [ 5.141810006986143, 61.970540014634878 ] } },
{ "type": "Feature", "properties": { "portfacilityno": "NOMAY-0002", "locationnamenor": "Brødrene Tennebø ANS", "harbour": "Måløy", "ownertypenor": "Privat", "pfsaapprovalperiodvalidto": "27.08.2026", "portfacilitystatusnor": "Godkjent", "functionsnor": "Olje, Stykkgods", "hascruisefunction": "Nei", "issafeloadingcompliant": "Nei", "councilname": "Kinn", "countyname": "Vestland" }, "geometry": { "type": "Point", "coordinates": [ 5.126559463230199, 61.941593121525905 ] } },
{ "type": "Feature", "properties": { "portfacilityno": "NOMAY-0012", "locationnamenor": "Domstein Fish AS", "harbour": "Måløy", "ownertypenor": "Privat", "pfsaapprovalperiodvalidto": "02.11.2029", "portfacilitystatusnor": "Godkjent", "functionsnor": "Stykkgods", "hascruisefunction": "Nei", "issafeloadingcompliant": "Nei", "councilname": "Kinn", "countyname": "Vestland" }, "geometry": { "type": "Point", "coordinates": [ 5.13626679487195, 61.981346145026947 ] } },
{ "type": "Feature", "properties": { "portfacilityno": "NOMAY-0005", "locationnamenor": "Fiskerikai", "harbour": "Måløy", "ownertypenor": "Offentlig", "pfsaapprovalperiodvalidto": "24.08.2025", "portfacilitystatusnor": "Godkjent", "functionsnor": "Bulk, Stykkgods, Ventekai", "hascruisefunction": "Nei", "issafeloadingcompliant": "Nei", "councilname": "Kinn", "countyname": "Vestland" }, "geometry": { "type": "Point", "coordinates": [ 5.118245998145579, 61.930223797944386 ] } },
{ "type": "Feature", "properties": { "portfacilityno": "NOMAY-0001", "locationnamenor": "Skramskaien, ICT Nord og Syd", "harbour": "Måløy", "ownertypenor": "Offentlig", "pfsaapprovalperiodvalidto": "19.04.2028", "portfacilitystatusnor": "Godkjent", "functionsnor": "Cruise, Bulk, Stykkgods, Ventekai", "hascruisefunction": "Ja", "issafeloadingcompliant": "Nei", "councilname": "Kinn", "countyname": "Vestland" }, "geometry": { "type": "Point", "coordinates": [ 5.122037409851179, 61.938999254607573 ] } },
{ "type": "Feature", "properties": { "portfacilityno": "NOMAY-0006", "locationnamenor": "MHSERVICE AS", "harbour": "Måløy", "ownertypenor": "Privat", "pfsaapprovalperiodvalidto": "01.02.2026", "portfacilitystatusnor": "Godkjent", "functionsnor": "Olje", "hascruisefunction": "Nei", "issafeloadingcompliant": "Nei", "councilname": "Kinn", "countyname": "Vestland" }, "geometry": { "type": "Point", "coordinates": [ 5.126434213994376, 61.931041096730489 ] } },
{ "type": "Feature", "properties": { "portfacilityno": "NOMAY-0014", "locationnamenor": "Pelagia Måløy Sildoljefabrikk", "harbour": "Måløy", "ownertypenor": "Privat", "pfsaapprovalperiodvalidto": "02.01.2030", "portfacilitystatusnor": "Godkjent", "functionsnor": "Kjemikalie, Olje, Bulk", "hascruisefunction": "Nei", "issafeloadingcompliant": "Nei", "councilname": "Kinn", "countyname": "Vestland" }, "geometry": { "type": "Point", "coordinates": [ 5.134897111889054, 61.934211555090748 ] } },
{ "type": "Feature", "properties": { "portfacilityno": "NOSTR-0002", "locationnamenor": "Olden Cruiseterminal", "harbour": "Olden", "ownertypenor": "Offentlig", "pfsaapprovalperiodvalidto": "15.06.2028", "portfacilitystatusnor": "Godkjent", "functionsnor": "Cruise, Bulk, Ventekai", "hascruisefunction": "Ja", "issafeloadingcompliant": "Nei", "councilname": "Stryn", "countyname": "Vestland" }, "geometry": { "type": "Point", "coordinates": [ 6.810337704119472, 61.843339160552624 ] } },
{ "type": "Feature", "properties": { "portfacilityno": "NOMAK-0003", "locationnamenor": "AS Djupvasskaia", "harbour": "Hommelvik", "ownertypenor": "Privat", "pfsaapprovalperiodvalidto": "02.06.2026", "portfacilitystatusnor": "Godkjent", "functionsnor": "Bulk, Stykkgods", "hascruisefunction": "Nei", "issafeloadingcompliant": "Nei", "councilname": "Malvik", "countyname": "Trøndelag" }, "geometry": { "type": "Point", "coordinates": [ 10.783362794277185, 63.41432196496865 ] } },
{ "type": "Feature", "properties": { "portfacilityno": "NOMAK-0001", "locationnamenor": "Stena terminal Hommelvik", "harbour": "Hommelvik", "ownertypenor": "Privat", "pfsaapprovalperiodvalidto": "10.02.2026", "portfacilitystatusnor": "Godkjent", "functionsnor": "Bulk", "hascruisefunction": "Nei", "issafeloadingcompliant": "Nei", "councilname": "Malvik", "countyname": "Trøndelag" }, "geometry": { "type": "Point", "coordinates": [ 10.782666666671103, 63.415833333343336 ] } },
{ "type": "Feature", "properties": { "portfacilityno": "NOMAN-0001", "locationnamenor": "Gismerøya Havneanlegg", "harbour": "Mandal", "ownertypenor": "Offentlig", "pfsaapprovalperiodvalidto": "24.06.2027", "portfacilitystatusnor": "Godkjent", "functionsnor": "Cruise, Bulk, Stykkgods, Ventekai, Skipsverft", "hascruisefunction": "Ja", "issafeloadingcompliant": "Nei", "councilname": "Lindesnes", "countyname": "Agder" }, "geometry": { "type": "Point", "coordinates": [ 7.482000000048197, 58.017666670543839 ] } },
{ "type": "Feature", "properties": { "portfacilityno": "NOMAN-0004", "locationnamenor": "Sodevika Tankanlegg", "harbour": "Mandal", "ownertypenor": "Offentlig", "pfsaapprovalperiodvalidto": "20.10.2026", "portfacilitystatusnor": "Godkjent", "functionsnor": "Kjemikalie, Ventekai", "hascruisefunction": "Nei", "issafeloadingcompliant": "Nei", "councilname": "Lindesnes", "countyname": "Agder" }, "geometry": { "type": "Point", "coordinates": [ 7.499500000042238, 58.008166670478133 ] } },
{ "type": "Feature", "properties": { "portfacilityno": "NOMEH-0002", "locationnamenor": "Industrikaia, Mehamn", "harbour": "Mehamn", "ownertypenor": "Offentlig", "pfsaapprovalperiodvalidto": "28.08.2029", "portfacilitystatusnor": "Godkjent", "functionsnor": "Bulk, Stykkgods", "hascruisefunction": "Nei", "issafeloadingcompliant": "Nei", "councilname": "Gamvik", "countyname": "Finnmark" }, "geometry": { "type": "Point", "coordinates": [ 27.846666607676564, 71.035914957902307 ] } },
{ "type": "Feature", "properties": { "portfacilityno": "NOMEH-0001", "locationnamenor": "Nordkynterminalen", "harbour": "Mehamn", "ownertypenor": "Offentlig", "pfsaapprovalperiodvalidto": "02.12.2025", "portfacilitystatusnor": "Godkjent", "functionsnor": "Cruise, Bulk, Stykkgods, Container", "hascruisefunction": "Ja", "issafeloadingcompliant": "Nei", "councilname": "Gamvik", "countyname": "Finnmark" }, "geometry": { "type": "Point", "coordinates": [ 27.844833274428048, 71.040666624600419 ] } },
{ "type": "Feature", "properties": { "portfacilityno": "NOMEL-0001", "locationnamenor": "Melbu Fryselager", "harbour": "Melbu", "ownertypenor": "Privat", "pfsaapprovalperiodvalidto": "04.07.2030", "portfacilitystatusnor": "Godkjent", "functionsnor": "Cruise, Stykkgods", "hascruisefunction": "Ja", "issafeloadingcompliant": "Nei", "councilname": "Hadsel", "countyname": "Nordland" }, "geometry": { "type": "Point", "coordinates": [ 14.801666666669984, 68.497833333329751 ] } },
{ "type": "Feature", "properties": { "portfacilityno": "NOMLK-0001", "locationnamenor": "Hammerfest LNG havn (Melkøya)", "harbour": "Melkøya", "ownertypenor": "Privat", "pfsaapprovalperiodvalidto": "19.12.2028", "portfacilitystatusnor": "Godkjent", "functionsnor": "Gass, Stykkgods", "hascruisefunction": "Nei", "issafeloadingcompliant": "Nei", "councilname": "Hammerfest", "countyname": "Finnmark" }, "geometry": { "type": "Point", "coordinates": [ 23.59833333085983, 70.684166665008064 ] } },
{ "type": "Feature", "properties": { "portfacilityno": "NOMEY-0001", "locationnamenor": "Ørnes Dampskipskai", "harbour": "Ørnes", "ownertypenor": "Privat", "pfsaapprovalperiodvalidto": "15.05.2029", "portfacilitystatusnor": "Godkjent", "functionsnor": "Bulk, Stykkgods", "hascruisefunction": "Nei", "issafeloadingcompliant": "Nei", "councilname": "Meløy", "countyname": "Nordland" }, "geometry": { "type": "Point", "coordinates": [ 13.7035, 66.869166999999678 ] } },
{ "type": "Feature", "properties": { "portfacilityno": "NOMEY-0002", "locationnamenor": "EWOS Halsa", "harbour": "Halsa Meløy", "ownertypenor": "Privat", "pfsaapprovalperiodvalidto": "28.08.2028", "portfacilitystatusnor": "Godkjent", "functionsnor": "Kjemikalie, Bulk, Stykkgods", "hascruisefunction": "Nei", "issafeloadingcompliant": "Nei", "councilname": "Meløy", "countyname": "Nordland" }, "geometry": { "type": "Point", "coordinates": [ 13.499333, 66.744999999999706 ] } },
{ "type": "Feature", "properties": { "portfacilityno": "NOMID-0003", "locationnamenor": "Stormyra Industrikai", "harbour": "Midsund", "ownertypenor": "Offentlig", "pfsaapprovalperiodvalidto": "05.12.2029", "portfacilitystatusnor": "Godkjent", "functionsnor": "Kjemikalie, Bulk, Stykkgods, Ventekai, Annet", "hascruisefunction": "Nei", "issafeloadingcompliant": "Nei", "councilname": "Molde", "countyname": "Møre og Romsdal" }, "geometry": { "type": "Point", "coordinates": [ 6.667333335453382, 62.691833336402908 ] } },
{ "type": "Feature", "properties": { "portfacilityno": "NOMQN-0001", "locationnamenor": "Bulkterminalen", "harbour": "Mo i Rana", "ownertypenor": "Offentlig", "pfsaapprovalperiodvalidto": "06.01.2030", "portfacilitystatusnor": "Godkjent", "functionsnor": "Bulk", "hascruisefunction": "Nei", "issafeloadingcompliant": "Ja", "councilname": "Rana", "countyname": "Nordland" }, "geometry": { "type": "Point", "coordinates": [ 14.136446174621591, 66.325528809314292 ] } },
{ "type": "Feature", "properties": { "portfacilityno": "NOMQN-0004", "locationnamenor": "Rana Gruber", "harbour": "Mo i Rana", "ownertypenor": "Privat", "pfsaapprovalperiodvalidto": "18.09.2029", "portfacilitystatusnor": "Godkjent", "functionsnor": "Bulk", "hascruisefunction": "Nei", "issafeloadingcompliant": "Ja", "councilname": "Rana", "countyname": "Nordland" }, "geometry": { "type": "Point", "coordinates": [ 14.141666666669993, 66.326666666669681 ] } },
{ "type": "Feature", "properties": { "portfacilityno": "NOMQN-0005", "locationnamenor": "Rana Industriterminal AS", "harbour": "Mo i Rana", "ownertypenor": "Privat", "pfsaapprovalperiodvalidto": "15.05.2029", "portfacilitystatusnor": "Godkjent", "functionsnor": "Bulk, Stykkgods, Container", "hascruisefunction": "Nei", "issafeloadingcompliant": "Nei", "councilname": "Rana", "countyname": "Nordland" }, "geometry": { "type": "Point", "coordinates": [ 14.12, 66.305999999999671 ] } },
{ "type": "Feature", "properties": { "portfacilityno": "NOMQN-0006", "locationnamenor": "Toranesterminalen", "harbour": "Mo i Rana", "ownertypenor": "Offentlig", "pfsaapprovalperiodvalidto": "15.11.2029", "portfacilitystatusnor": "Godkjent", "functionsnor": "Cruise, Bulk, Ventekai", "hascruisefunction": "Ja", "issafeloadingcompliant": "Nei", "councilname": "Rana", "countyname": "Nordland" }, "geometry": { "type": "Point", "coordinates": [ 14.13, 66.316833333329669 ] } },
{ "type": "Feature", "properties": { "portfacilityno": "NOMQN-0002", "locationnamenor": "Uno-X havneterminal", "harbour": "Mo i Rana", "ownertypenor": "Privat", "pfsaapprovalperiodvalidto": "10.07.2029", "portfacilitystatusnor": "Godkjent", "functionsnor": "Olje", "hascruisefunction": "Nei", "issafeloadingcompliant": "Nei", "councilname": "Rana", "countyname": "Nordland" }, "geometry": { "type": "Point", "coordinates": [ 14.0355, 66.274166666669672 ] } },
{ "type": "Feature", "properties": { "portfacilityno": "NOMOL-0015", "locationnamenor": "Malo tømmerkai", "harbour": "Malo", "ownertypenor": "Privat", "pfsaapprovalperiodvalidto": "01.11.2027", "portfacilitystatusnor": "Godkjent", "functionsnor": "Bulk", "hascruisefunction": "Nei", "issafeloadingcompliant": "Nei", "councilname": "Molde", "countyname": "Møre og Romsdal" }, "geometry": { "type": "Point", "coordinates": [ 7.506445805844208, 62.687990612001123 ] } },
{ "type": "Feature", "properties": { "portfacilityno": "NOMOL-0001", "locationnamenor": "Molde havneterminal", "harbour": "Molde", "ownertypenor": "Offentlig", "pfsaapprovalperiodvalidto": "05.12.2027", "portfacilitystatusnor": "Godkjent", "functionsnor": "Cruise, Stykkgods, Container, Ventekai, Annet offshore", "hascruisefunction": "Ja", "issafeloadingcompliant": "Nei", "councilname": "Molde", "countyname": "Møre og Romsdal" }, "geometry": { "type": "Point", "coordinates": [ 7.186666667962213, 62.735833335143028 ] } },
{ "type": "Feature", "properties": { "portfacilityno": "NOMOL-0003", "locationnamenor": "Storkaia (Molde)", "harbour": "Molde", "ownertypenor": "Offentlig", "pfsaapprovalperiodvalidto": "22.11.2027", "portfacilitystatusnor": "Godkjent", "functionsnor": "Cruise, Passasjer, Ventekai, Annet offshore", "hascruisefunction": "Ja", "issafeloadingcompliant": "Nei", "councilname": "Molde", "countyname": "Møre og Romsdal" }, "geometry": { "type": "Point", "coordinates": [ 7.155000001336576, 62.73333333520398 ] } },
{ "type": "Feature", "properties": { "portfacilityno": "NOMOL-0002", "locationnamenor": "Hjelsetkaien", "harbour": "Hjelset", "ownertypenor": "Privat", "pfsaapprovalperiodvalidto": "27.05.2029", "portfacilitystatusnor": "Godkjent", "functionsnor": "Bulk, Stykkgods, Container, Ventekai, Skipsverft, Offshore forskyning, Annet", "hascruisefunction": "Nei", "issafeloadingcompliant": "Nei", "councilname": "Molde", "countyname": "Møre og Romsdal" }, "geometry": { "type": "Point", "coordinates": [ 7.442000001002826, 62.768500001373056 ] } },
{ "type": "Feature", "properties": { "portfacilityno": "NOMON-0002", "locationnamenor": "Mongstad Forsyningsbase", "harbour": "Mongstadbase", "ownertypenor": "Privat", "pfsaapprovalperiodvalidto": "27.03.2029", "portfacilitystatusnor": "Godkjent", "functionsnor": "Kjemikalie, Bulk, Stykkgods, Container", "hascruisefunction": "Nei", "issafeloadingcompliant": "Nei", "councilname": "Alver", "countyname": "Vestland" }, "geometry": { "type": "Point", "coordinates": [ 5.06881159753446, 60.79482633780971 ] } },
{ "type": "Feature", "properties": { "portfacilityno": "NOMON-0001", "locationnamenor": "Equinor Mongstad", "harbour": "Mongstad", "ownertypenor": "Privat", "pfsaapprovalperiodvalidto": "05.07.2028", "portfacilitystatusnor": "Godkjent", "functionsnor": "Gass, Kjemikalie, Olje, Bulk, Stykkgods, Container, Ventekai", "hascruisefunction": "Nei", "issafeloadingcompliant": "Nei", "councilname": "Alver", "countyname": "Vestland" }, "geometry": { "type": "Point", "coordinates": [ 5.031723956574921, 60.818694390488538 ] } },
{ "type": "Feature", "properties": { "portfacilityno": "NOMJF-0001", "locationnamenor": "Mosjøen havneanlegg", "harbour": "Mosjøen", "ownertypenor": "Offentlig", "pfsaapprovalperiodvalidto": "29.10.2029", "portfacilitystatusnor": "Godkjent", "functionsnor": "Gass, Olje, Bulk, Stykkgods, Container", "hascruisefunction": "Nei", "issafeloadingcompliant": "Ja", "councilname": "Vefsn", "countyname": "Nordland" }, "geometry": { "type": "Point", "coordinates": [ 13.190411030454698, 65.850323915669847 ] } },
{ "type": "Feature", "properties": { "portfacilityno": "NOMJF-0005", "locationnamenor": "Holandsvika Havneterminal", "harbour": "Mosjøen", "ownertypenor": "Offentlig", "pfsaapprovalperiodvalidto": "24.04.2030", "portfacilitystatusnor": "Godkjent", "functionsnor": "Bulk, Stykkgods", "hascruisefunction": "Nei", "issafeloadingcompliant": "Nei", "councilname": "Vefsn", "countyname": "Nordland" }, "geometry": { "type": "Point", "coordinates": [ 13.130940063476487, 65.930030630455576 ] } },
{ "type": "Feature", "properties": { "portfacilityno": "NOREI-0001", "locationnamenor": "Reine Ytre Havn", "harbour": "Reine", "ownertypenor": "Offentlig", "pfsaapprovalperiodvalidto": "23.04.2030", "portfacilitystatusnor": "Godkjent", "functionsnor": "Cruise, Passasjer, Bulk, Stykkgods", "hascruisefunction": "Ja", "issafeloadingcompliant": "Nei", "councilname": "Moskenes", "countyname": "Nordland" }, "geometry": { "type": "Point", "coordinates": [ 13.100333, 67.935999999999765 ] } },
{ "type": "Feature", "properties": { "portfacilityno": "NOMSS-0003", "locationnamenor": "One Subsea Moss", "harbour": "Moss", "ownertypenor": "Privat", "pfsaapprovalperiodvalidto": "31.01.2029", "portfacilitystatusnor": "Godkjent", "functionsnor": "Annet offshore", "hascruisefunction": "Nei", "issafeloadingcompliant": "Nei", "councilname": "Moss", "countyname": "Østfold" }, "geometry": { "type": "Point", "coordinates": [ 10.64649999998416, 59.43883333337169 ] } },
{ "type": "Feature", "properties": { "portfacilityno": "NOMSS-0006", "locationnamenor": "Felleskjøpet Agri, avd. Kambo", "harbour": "Kambo", "ownertypenor": "Privat", "pfsaapprovalperiodvalidto": "27.09.2026", "portfacilitystatusnor": "Godkjent", "functionsnor": "Bulk, Stykkgods", "hascruisefunction": "Nei", "issafeloadingcompliant": "Nei", "councilname": "Moss", "countyname": "Østfold" }, "geometry": { "type": "Point", "coordinates": [ 10.680166666651358, 59.472000000035848 ] } },
{ "type": "Feature", "properties": { "portfacilityno": "NOMSS-0004", "locationnamenor": "Lantmannen Cerealia Moss", "harbour": "Moss Nord", "ownertypenor": "Privat", "pfsaapprovalperiodvalidto": "27.11.2029", "portfacilitystatusnor": "Godkjent", "functionsnor": "Bulk, Ventekai", "hascruisefunction": "Nei", "issafeloadingcompliant": "Nei", "councilname": "Moss", "countyname": "Østfold" }, "geometry": { "type": "Point", "coordinates": [ 10.65966699998425, 59.438500000037479 ] } },
{ "type": "Feature", "properties": { "portfacilityno": "NOMSS-0001", "locationnamenor": "Moss Havneterminal", "harbour": "Moss", "ownertypenor": "Offentlig", "pfsaapprovalperiodvalidto": "12.10.2026", "portfacilitystatusnor": "Godkjent", "functionsnor": "Cruise, Bulk, Stykkgods, Container, Ventekai", "hascruisefunction": "Ja", "issafeloadingcompliant": "Nei", "councilname": "Moss", "countyname": "Østfold" }, "geometry": { "type": "Point", "coordinates": [ 10.657166666650843, 59.42766666670444 ] } },
{ "type": "Feature", "properties": { "portfacilityno": "NONRY-0007", "locationnamenor": "Ottersøy havneanlegg", "harbour": "Ottersøy", "ownertypenor": "Privat", "pfsaapprovalperiodvalidto": "04.02.2027", "portfacilitystatusnor": "Godkjent", "functionsnor": "Bulk, Stykkgods, Ventekai", "hascruisefunction": "Nei", "issafeloadingcompliant": "Nei", "councilname": "Nærøysund", "countyname": "Trøndelag" }, "geometry": { "type": "Point", "coordinates": [ 11.279849615098669, 64.858349837283669 ] } },
{ "type": "Feature", "properties": { "portfacilityno": "NOOSY-0001", "locationnamenor": "Namsos Havneanlegg", "harbour": "Namsos", "ownertypenor": "Offentlig", "pfsaapprovalperiodvalidto": "21.08.2028", "portfacilitystatusnor": "Godkjent", "functionsnor": "Cruise, Bulk, Stykkgods, Ventekai", "hascruisefunction": "Ja", "issafeloadingcompliant": "Nei", "councilname": "Namsos", "countyname": "Trøndelag" }, "geometry": { "type": "Point", "coordinates": [ 11.500666666666739, 64.459333333334428 ] } },
{ "type": "Feature", "properties": { "portfacilityno": "NOOSY-0014", "locationnamenor": "Moelven Van Severen AS Namsos", "harbour": "Namsos", "ownertypenor": "Privat", "pfsaapprovalperiodvalidto": "11.09.2028", "portfacilitystatusnor": "Godkjent", "functionsnor": "Bulk, Stykkgods", "hascruisefunction": "Nei", "issafeloadingcompliant": "Nei", "councilname": "Namsos", "countyname": "Trøndelag" }, "geometry": { "type": "Point", "coordinates": [ 11.506940388699119, 64.459913563649991 ] } },
{ "type": "Feature", "properties": { "portfacilityno": "NONVK-0001", "locationnamenor": "Narvik Central Harbour", "harbour": "Narvik", "ownertypenor": "Offentlig", "pfsaapprovalperiodvalidto": "30.01.2028", "portfacilitystatusnor": "Godkjent", "functionsnor": "Cruise, Passasjer, Stykkgods, Container, Ventekai, Offshore forskyning, Annet offshore, Annet", "hascruisefunction": "Ja", "issafeloadingcompliant": "Nei", "councilname": "Narvik", "countyname": "Nordland" }, "geometry": { "type": "Point", "coordinates": [ 17.4225, 68.428333333329732 ] } },
{ "type": "Feature", "properties": { "portfacilityno": "NONVK-0005", "locationnamenor": "Forsvarets Terminal Bjerkvik", "harbour": "Bjerkvik", "ownertypenor": "Offentlig", "pfsaapprovalperiodvalidto": "20.04.2026", "portfacilitystatusnor": "Godkjent", "functionsnor": "Bulk", "hascruisefunction": "Nei", "issafeloadingcompliant": "Nei", "councilname": "Narvik", "countyname": "Nordland" }, "geometry": { "type": "Point", "coordinates": [ 17.566167, 68.532332999999738 ] } },
{ "type": "Feature", "properties": { "portfacilityno": "NONVK-0003", "locationnamenor": "Narvik Havneterminal Fagernes", "harbour": "Narvik", "ownertypenor": "Privat", "pfsaapprovalperiodvalidto": "26.05.2026", "portfacilitystatusnor": "Godkjent", "functionsnor": "Cruise, Bulk, Stykkgods, Container, Offshore forskyning", "hascruisefunction": "Ja", "issafeloadingcompliant": "Ja", "councilname": "Narvik", "countyname": "Nordland" }, "geometry": { "type": "Point", "coordinates": [ 17.423833333330016, 68.414999999999736 ] } },
{ "type": "Feature", "properties": { "portfacilityno": "NONVK-0004", "locationnamenor": "LKAB Narvik", "harbour": "Narvik", "ownertypenor": "Privat", "pfsaapprovalperiodvalidto": "05.05.2030", "portfacilitystatusnor": "Godkjent", "functionsnor": "Bulk", "hascruisefunction": "Nei", "issafeloadingcompliant": "Ja", "councilname": "Narvik", "countyname": "Nordland" }, "geometry": { "type": "Point", "coordinates": [ 17.391166666670024, 68.430833333329758 ] } },
{ "type": "Feature", "properties": { "portfacilityno": "NONSN-0003", "locationnamenor": "Langsetvågen Industriterminal", "harbour": "Nesna", "ownertypenor": "Privat", "pfsaapprovalperiodvalidto": "28.05.2026", "portfacilitystatusnor": "Godkjent", "functionsnor": "Stykkgods, Skipsverft, Annet offshore", "hascruisefunction": "Nei", "issafeloadingcompliant": "Nei", "councilname": "Nesna", "countyname": "Nordland" }, "geometry": { "type": "Point", "coordinates": [ 13.1765, 66.273499999999686 ] } },
{ "type": "Feature", "properties": { "portfacilityno": "NONTY-0001", "locationnamenor": "Wilhelmsen Chemicals Kjøpmannskjær", "harbour": "Kjøpmannskjær", "ownertypenor": "Privat", "pfsaapprovalperiodvalidto": "12.11.2025", "portfacilitystatusnor": "Godkjent", "functionsnor": "Kjemikalie", "hascruisefunction": "Nei", "issafeloadingcompliant": "Nei", "councilname": "Færder", "countyname": "Vestfold" }, "geometry": { "type": "Point", "coordinates": [ 10.385166666646425, 59.171500000064448 ] } },
{ "type": "Feature", "properties": { "portfacilityno": "NOODD-0002", "locationnamenor": "Boliden Odda AS", "harbour": "Odda", "ownertypenor": "Privat", "pfsaapprovalperiodvalidto": "27.02.2030", "portfacilitystatusnor": "Godkjent", "functionsnor": "Kjemikalie, Bulk, Stykkgods, Ventekai", "hascruisefunction": "Nei", "issafeloadingcompliant": "Nei", "councilname": "Ullensvang", "countyname": "Vestland" }, "geometry": { "type": "Point", "coordinates": [ 6.536898105860996, 60.086209900062407 ] } },
{ "type": "Feature", "properties": { "portfacilityno": "NOODD-0019", "locationnamenor": "Odda Cruisehavn", "harbour": "Odda", "ownertypenor": "Offentlig", "pfsaapprovalperiodvalidto": "01.06.2028", "portfacilitystatusnor": "Godkjent", "functionsnor": "Cruise, Bulk, Ventekai", "hascruisefunction": "Ja", "issafeloadingcompliant": "Nei", "councilname": "Ullensvang", "countyname": "Vestland" }, "geometry": { "type": "Point", "coordinates": [ 6.546734557052616, 60.070705882165633 ] } },
{ "type": "Feature", "properties": { "portfacilityno": "NOODD-0003", "locationnamenor": "Ineos Tyssedal", "harbour": "Tyssedal", "ownertypenor": "Privat", "pfsaapprovalperiodvalidto": "27.07.2029", "portfacilitystatusnor": "Godkjent", "functionsnor": "Bulk, Stykkgods", "hascruisefunction": "Nei", "issafeloadingcompliant": "Ja", "councilname": "Ullensvang", "countyname": "Vestland" }, "geometry": { "type": "Point", "coordinates": [ 6.553506801319248, 60.117728569753304 ] } },
{ "type": "Feature", "properties": { "portfacilityno": "NOUVK-0001", "locationnamenor": "Ulvik Cruisehavn, Brakanes", "harbour": "Ulvik", "ownertypenor": "Privat", "pfsaapprovalperiodvalidto": "03.05.2027", "portfacilitystatusnor": "Godkjent", "functionsnor": "Cruise", "hascruisefunction": "Ja", "issafeloadingcompliant": "Nei", "councilname": "Ulvik", "countyname": "Vestland" }, "geometry": { "type": "Point", "coordinates": [ 6.916467001199613, 60.567163004268863 ] } },
{ "type": "Feature", "properties": { "portfacilityno": "NOOLN-0001", "locationnamenor": "AF Miljøbase Vats", "harbour": "Raunes - Vindafjord", "ownertypenor": "Privat", "pfsaapprovalperiodvalidto": "08.04.2027", "portfacilitystatusnor": "Godkjent", "functionsnor": "Bulk", "hascruisefunction": "Nei", "issafeloadingcompliant": "Nei", "councilname": "Vindafjord", "countyname": "Rogaland" }, "geometry": { "type": "Point", "coordinates": [ 5.747105282946674, 59.440940459538936 ] } },
{ "type": "Feature", "properties": { "portfacilityno": "NOOLN-0002", "locationnamenor": "Ølen Betong AS - Ølensvåg", "harbour": "Ølen", "ownertypenor": "Privat", "pfsaapprovalperiodvalidto": "01.12.2028", "portfacilitystatusnor": "Godkjent", "functionsnor": "Bulk, Stykkgods, Ventekai", "hascruisefunction": "Nei", "issafeloadingcompliant": "Nei", "councilname": "Vindafjord", "countyname": "Rogaland" }, "geometry": { "type": "Point", "coordinates": [ 5.75971152240306, 59.604223838750855 ] } },
{ "type": "Feature", "properties": { "portfacilityno": "NOOLN-0003", "locationnamenor": "Westcon Yards AS - Ølensvåg", "harbour": "Ølen", "ownertypenor": "Privat", "pfsaapprovalperiodvalidto": "07.12.2028", "portfacilitystatusnor": "Godkjent", "functionsnor": "Skipsverft, Offshore forskyning", "hascruisefunction": "Nei", "issafeloadingcompliant": "Nei", "councilname": "Vindafjord", "countyname": "Rogaland" }, "geometry": { "type": "Point", "coordinates": [ 5.767400002511342, 59.605498348432249 ] } },
{ "type": "Feature", "properties": { "portfacilityno": "NOORK-0001", "locationnamenor": "Orkanger kai 2-4", "harbour": "Orkanger", "ownertypenor": "Offentlig", "pfsaapprovalperiodvalidto": "15.02.2029", "portfacilitystatusnor": "Godkjent", "functionsnor": "Bulk, Stykkgods, Container", "hascruisefunction": "Nei", "issafeloadingcompliant": "Nei", "councilname": "Orkland", "countyname": "Trøndelag" }, "geometry": { "type": "Point", "coordinates": [ 9.848333333375541, 63.319166666719504 ] } },
{ "type": "Feature", "properties": { "portfacilityno": "NOOLA-0002", "locationnamenor": "Grøntvedt Pelagic havneanlegg", "harbour": "Uthaug", "ownertypenor": "Offentlig", "pfsaapprovalperiodvalidto": "15.12.2027", "portfacilitystatusnor": "Godkjent", "functionsnor": "Kjemikalie, Bulk, Stykkgods, Container", "hascruisefunction": "Nei", "issafeloadingcompliant": "Nei", "councilname": "Ørland", "countyname": "Trøndelag" }, "geometry": { "type": "Point", "coordinates": [ 9.592634516603031, 63.729063920770898 ] } },
{ "type": "Feature", "properties": { "portfacilityno": "NOORS-0001", "locationnamenor": "Ørstaterminalen", "harbour": "Ørsta", "ownertypenor": "Offentlig", "pfsaapprovalperiodvalidto": "12.09.2028", "portfacilitystatusnor": "Godkjent", "functionsnor": "Cruise, Bulk, Stykkgods, Container, Ventekai", "hascruisefunction": "Ja", "issafeloadingcompliant": "Nei", "councilname": "Ørsta", "countyname": "Møre og Romsdal" }, "geometry": { "type": "Point", "coordinates": [ 6.094305369126429, 62.189656661771323 ] } },
{ "type": "Feature", "properties": { "portfacilityno": "NOOSN-0001", "locationnamenor": "Nord-Fosen Pukkverk", "harbour": "Vingsand", "ownertypenor": "Privat", "pfsaapprovalperiodvalidto": "04.04.2027", "portfacilitystatusnor": "Godkjent", "functionsnor": "Bulk", "hascruisefunction": "Nei", "issafeloadingcompliant": "Nei", "councilname": "Osen", "countyname": "Trøndelag" }, "geometry": { "type": "Point", "coordinates": [ 10.50216666668036, 64.340333333344518 ] } },
{ "type": "Feature", "properties": { "portfacilityno": "NOOSL-0068", "locationnamenor": "Filipstad Havneanlegg", "harbour": "Oslo", "ownertypenor": "Offentlig", "pfsaapprovalperiodvalidto": "10.05.2029", "portfacilitystatusnor": "Godkjent", "functionsnor": "Cruise, Bulk, Stykkgods, Ventekai, Annet", "hascruisefunction": "Ja", "issafeloadingcompliant": "Nei", "councilname": "Oslo", "countyname": "Oslo" }, "geometry": { "type": "Point", "coordinates": [ 10.714833333321357, 59.907000000030784 ] } },
{ "type": "Feature", "properties": { "portfacilityno": "NOOSL-0004", "locationnamenor": "Grønlia", "harbour": "Oslo", "ownertypenor": "Offentlig", "pfsaapprovalperiodvalidto": "27.11.2029", "portfacilitystatusnor": "Godkjent", "functionsnor": "Bulk, Stykkgods, Ventekai, Annet", "hascruisefunction": "Nei", "issafeloadingcompliant": "Nei", "councilname": "Oslo", "countyname": "Oslo" }, "geometry": { "type": "Point", "coordinates": [ 10.752999999988127, 59.897666666695386 ] } },
{ "type": "Feature", "properties": { "portfacilityno": "NOOSL-0007", "locationnamenor": "Hjortnes havneanlegg", "harbour": "Oslo", "ownertypenor": "Offentlig", "pfsaapprovalperiodvalidto": "19.04.2026", "portfacilitystatusnor": "Godkjent", "functionsnor": "Passasjer, Ro-Ro Passasjer, Stykkgods, Ventekai", "hascruisefunction": "Nei", "issafeloadingcompliant": "Nei", "councilname": "Oslo", "countyname": "Oslo" }, "geometry": { "type": "Point", "coordinates": [ 10.708666666654754, 59.908833333364427 ] } },
{ "type": "Feature", "properties": { "portfacilityno": "NOOSL-0008", "locationnamenor": "Kneppeskjærutstikkeren", "harbour": "Oslo", "ownertypenor": "Offentlig", "pfsaapprovalperiodvalidto": "26.01.2029", "portfacilitystatusnor": "Godkjent", "functionsnor": "Bulk, Stykkgods, Ventekai", "hascruisefunction": "Nei", "issafeloadingcompliant": "Nei", "councilname": "Oslo", "countyname": "Oslo" }, "geometry": { "type": "Point", "coordinates": [ 10.763499999988078, 59.884333333361504 ] } },
{ "type": "Feature", "properties": { "portfacilityno": "NOOSL-0010", "locationnamenor": "Søndre Bekkelagskai", "harbour": "Oslo", "ownertypenor": "Offentlig", "pfsaapprovalperiodvalidto": "02.02.2029", "portfacilitystatusnor": "Godkjent", "functionsnor": "Stykkgods, Ventekai", "hascruisefunction": "Nei", "issafeloadingcompliant": "Nei", "councilname": "Oslo", "countyname": "Oslo" }, "geometry": { "type": "Point", "coordinates": [ 10.764166666654789, 59.885666666694888 ] } },
{ "type": "Feature", "properties": { "portfacilityno": "NOOSL-0011", "locationnamenor": "Kongshavn", "harbour": "Oslo", "ownertypenor": "Offentlig", "pfsaapprovalperiodvalidto": "27.11.2029", "portfacilitystatusnor": "Godkjent", "functionsnor": "Bulk, Ventekai", "hascruisefunction": "Nei", "issafeloadingcompliant": "Nei", "councilname": "Oslo", "countyname": "Oslo" }, "geometry": { "type": "Point", "coordinates": [ 10.758166666654811, 59.89200000002846 ] } },
{ "type": "Feature", "properties": { "portfacilityno": "NOOSL-0012", "locationnamenor": "Ormsund Havneterminal", "harbour": "Oslo", "ownertypenor": "Offentlig", "pfsaapprovalperiodvalidto": "22.11.2029", "portfacilitystatusnor": "Godkjent", "functionsnor": "Bulk, Stykkgods, Ventekai, Annet", "hascruisefunction": "Nei", "issafeloadingcompliant": "Nei", "councilname": "Oslo", "countyname": "Oslo" }, "geometry": { "type": "Point", "coordinates": [ 10.765499999988073, 59.882166666694815 ] } },
{ "type": "Feature", "properties": { "portfacilityno": "NOOSL-0013", "locationnamenor": "Revierkaia", "harbour": "Oslo", "ownertypenor": "Offentlig", "pfsaapprovalperiodvalidto": "26.01.2029", "portfacilitystatusnor": "Godkjent", "functionsnor": "Cruise, Passasjer, Bulk, Ventekai", "hascruisefunction": "Ja", "issafeloadingcompliant": "Nei", "councilname": "Oslo", "countyname": "Oslo" }, "geometry": { "type": "Point", "coordinates": [ 10.746333333321456, 59.905833333362317 ] } },
{ "type": "Feature", "properties": { "portfacilityno": "NOOSL-0014", "locationnamenor": "Sjursøya Nord", "harbour": "Oslo", "ownertypenor": "Offentlig", "pfsaapprovalperiodvalidto": "27.09.2029", "portfacilitystatusnor": "Godkjent", "functionsnor": "Bulk, Stykkgods, Ventekai", "hascruisefunction": "Nei", "issafeloadingcompliant": "Nei", "councilname": "Oslo", "countyname": "Oslo" }, "geometry": { "type": "Point", "coordinates": [ 10.752666666654767, 59.889000000028773 ] } },
{ "type": "Feature", "properties": { "portfacilityno": "NOOSL-0015", "locationnamenor": "Sjursøya Oljehavn", "harbour": "Oslo", "ownertypenor": "Offentlig", "pfsaapprovalperiodvalidto": "10.05.2029", "portfacilitystatusnor": "Godkjent", "functionsnor": "Kjemikalie, Olje", "hascruisefunction": "Nei", "issafeloadingcompliant": "Nei", "councilname": "Oslo", "countyname": "Oslo" }, "geometry": { "type": "Point", "coordinates": [ 10.759166666654769, 59.88566666669513 ] } },
{ "type": "Feature", "properties": { "portfacilityno": "NOOSL-0027", "locationnamenor": "Sjursøya Syd Containerterminal", "harbour": "Oslo", "ownertypenor": "Offentlig", "pfsaapprovalperiodvalidto": "26.01.2029", "portfacilitystatusnor": "Godkjent", "functionsnor": "Container", "hascruisefunction": "Nei", "issafeloadingcompliant": "Nei", "councilname": "Oslo", "countyname": "Oslo" }, "geometry": { "type": "Point", "coordinates": [ 10.755666666654763, 59.886833333361928 ] } },
{ "type": "Feature", "properties": { "portfacilityno": "NOOSL-0018", "locationnamenor": "Utstikker 2", "harbour": "Oslo", "ownertypenor": "Offentlig", "pfsaapprovalperiodvalidto": "16.12.2026", "portfacilitystatusnor": "Godkjent", "functionsnor": "Passasjer, Ro-Ro Passasjer, Stykkgods, Ventekai", "hascruisefunction": "Nei", "issafeloadingcompliant": "Nei", "councilname": "Oslo", "countyname": "Oslo" }, "geometry": { "type": "Point", "coordinates": [ 10.743166666654821, 59.902333333362527 ] } },
{ "type": "Feature", "properties": { "portfacilityno": "NOOSL-0020", "locationnamenor": "Utstikker III", "harbour": "Oslo", "ownertypenor": "Offentlig", "pfsaapprovalperiodvalidto": "20.12.2029", "portfacilitystatusnor": "Godkjent", "functionsnor": "Bulk, Ventekai", "hascruisefunction": "Nei", "issafeloadingcompliant": "Nei", "councilname": "Oslo", "countyname": "Oslo" }, "geometry": { "type": "Point", "coordinates": [ 10.741333333321409, 59.901666666696016 ] } },
{ "type": "Feature", "properties": { "portfacilityno": "NOOSL-0016", "locationnamenor": "Vippetangen & Søndre Akershus", "harbour": "Oslo", "ownertypenor": "Offentlig", "pfsaapprovalperiodvalidto": "26.01.2029", "portfacilitystatusnor": "Godkjent", "functionsnor": "Cruise, Passasjer, Ventekai", "hascruisefunction": "Ja", "issafeloadingcompliant": "Nei", "councilname": "Oslo", "countyname": "Oslo" }, "geometry": { "type": "Point", "coordinates": [ 10.737666666654816, 59.904333333362786 ] } },
{ "type": "Feature", "properties": { "portfacilityno": "NOPOR-0001", "locationnamenor": "Herøya Vest", "harbour": "Porsgrunn", "ownertypenor": "Privat", "pfsaapprovalperiodvalidto": "15.10.2029", "portfacilitystatusnor": "Godkjent", "functionsnor": "Bulk, Stykkgods", "hascruisefunction": "Nei", "issafeloadingcompliant": "Nei", "councilname": "Porsgrunn", "countyname": "Telemark" }, "geometry": { "type": "Point", "coordinates": [ 9.620833333315188, 59.128166666887978 ] } },
{ "type": "Feature", "properties": { "portfacilityno": "NOPOR-0011", "locationnamenor": "Herøya Industripark", "harbour": "Herøya", "ownertypenor": "Privat", "pfsaapprovalperiodvalidto": "31.10.2029", "portfacilitystatusnor": "Godkjent", "functionsnor": "Kjemikalie, Bulk, Stykkgods, Container", "hascruisefunction": "Nei", "issafeloadingcompliant": "Ja", "councilname": "Porsgrunn", "countyname": "Telemark" }, "geometry": { "type": "Point", "coordinates": [ 9.622166999981507, 59.117000000221275 ] } },
{ "type": "Feature", "properties": { "portfacilityno": "NOPOR-0008", "locationnamenor": "Heidelberg Materials Brevik", "harbour": "Brevik", "ownertypenor": "Privat", "pfsaapprovalperiodvalidto": "06.06.2029", "portfacilitystatusnor": "Godkjent", "functionsnor": "Bulk", "hascruisefunction": "Nei", "issafeloadingcompliant": "Nei", "councilname": "Porsgrunn", "countyname": "Telemark" }, "geometry": { "type": "Point", "coordinates": [ 9.69416666664543, 59.062333333534035 ] } },
{ "type": "Feature", "properties": { "portfacilityno": "NOPOR-0003", "locationnamenor": "North Sea Terminal, Brevik", "harbour": "Brevik", "ownertypenor": "Offentlig", "pfsaapprovalperiodvalidto": "14.06.2029", "portfacilitystatusnor": "Godkjent", "functionsnor": "Gass, Bulk, Stykkgods, Container, Ventekai", "hascruisefunction": "Nei", "issafeloadingcompliant": "Nei", "councilname": "Porsgrunn", "countyname": "Telemark" }, "geometry": { "type": "Point", "coordinates": [ 9.699316666645469, 59.066233333532331 ] } },
{ "type": "Feature", "properties": { "portfacilityno": "NORMJ-0001", "locationnamenor": "Olavsvern Havneanlegg", "harbour": "Ramfjordnes", "ownertypenor": "Privat", "pfsaapprovalperiodvalidto": "09.02.2029", "portfacilitystatusnor": "Godkjent", "functionsnor": "Olje, Bulk, Stykkgods, Ventekai", "hascruisefunction": "Nei", "issafeloadingcompliant": "Nei", "councilname": "Tromsø", "countyname": "Troms" }, "geometry": { "type": "Point", "coordinates": [ 19.020116999992972, 69.531332999996707 ] } },
{ "type": "Feature", "properties": { "portfacilityno": "NOREE-0001", "locationnamenor": "NOAH Langøya", "harbour": "Langøya", "ownertypenor": "Privat", "pfsaapprovalperiodvalidto": "09.09.2027", "portfacilitystatusnor": "Godkjent", "functionsnor": "Kjemikalie, Bulk, Stykkgods, Container", "hascruisefunction": "Nei", "issafeloadingcompliant": "Nei", "councilname": "Holmestrand", "countyname": "Vestfold" }, "geometry": { "type": "Point", "coordinates": [ 10.380999999983452, 59.491500000061095 ] } },
{ "type": "Feature", "properties": { "portfacilityno": "NOREK-0002", "locationnamenor": "Rekefjord Stone", "harbour": "Rekefjord", "ownertypenor": "Privat", "pfsaapprovalperiodvalidto": "08.05.2028", "portfacilitystatusnor": "Godkjent", "functionsnor": "Bulk", "hascruisefunction": "Nei", "issafeloadingcompliant": "Nei", "councilname": "Sokndal", "countyname": "Rogaland" }, "geometry": { "type": "Point", "coordinates": [ 6.262764097720508, 58.328435037882535 ] } },
{ "type": "Feature", "properties": { "portfacilityno": "NORVK-0001", "locationnamenor": "Rørvik havneterminal", "harbour": "Rørvik", "ownertypenor": "Offentlig", "pfsaapprovalperiodvalidto": "08.02.2027", "portfacilitystatusnor": "Godkjent", "functionsnor": "Cruise, Bulk, Stykkgods, Container", "hascruisefunction": "Ja", "issafeloadingcompliant": "Nei", "councilname": "Nærøysund", "countyname": "Trøndelag" }, "geometry": { "type": "Point", "coordinates": [ 11.238106918654772, 64.859833033310736 ] } },
{ "type": "Feature", "properties": { "portfacilityno": "NOLRK-0001", "locationnamenor": "Larkollen kaianlegg", "harbour": "Larkollen", "ownertypenor": "Offentlig", "pfsaapprovalperiodvalidto": "16.12.2027", "portfacilitystatusnor": "Godkjent", "functionsnor": "Olje", "hascruisefunction": "Nei", "issafeloadingcompliant": "Nei", "councilname": "Moss", "countyname": "Østfold" }, "geometry": { "type": "Point", "coordinates": [ 10.658333333316705, 59.337000000038316 ] } },
{ "type": "Feature", "properties": { "portfacilityno": "NOSDL-0001", "locationnamenor": "Rognan Industrikai", "harbour": "Rognan", "ownertypenor": "Privat", "pfsaapprovalperiodvalidto": "06.10.2029", "portfacilitystatusnor": "Godkjent", "functionsnor": "Bulk, Stykkgods", "hascruisefunction": "Nei", "issafeloadingcompliant": "Nei", "councilname": "Saltdal", "countyname": "Nordland" }, "geometry": { "type": "Point", "coordinates": [ 15.389667, 67.107332999999699 ] } },
{ "type": "Feature", "properties": { "portfacilityno": "NOTRF-0002", "locationnamenor": "Framnes Havneterminal", "harbour": "Sandefjord", "ownertypenor": "Privat", "pfsaapprovalperiodvalidto": "06.09.2026", "portfacilitystatusnor": "Godkjent", "functionsnor": "Passasjer, Ventekai, Annet", "hascruisefunction": "Nei", "issafeloadingcompliant": "Nei", "councilname": "Sandefjord", "countyname": "Vestfold" }, "geometry": { "type": "Point", "coordinates": [ 10.227333333311439, 59.118000000085217 ] } },
{ "type": "Feature", "properties": { "portfacilityno": "NOTRF-0004", "locationnamenor": "Jahrestranda Havneanlegg", "harbour": "Sandefjord", "ownertypenor": "Privat", "pfsaapprovalperiodvalidto": "05.08.2030", "portfacilitystatusnor": "Godkjent", "functionsnor": "Kjemikalie, Olje, Bulk, Ventekai", "hascruisefunction": "Nei", "issafeloadingcompliant": "Nei", "councilname": "Sandefjord", "countyname": "Vestfold" }, "geometry": { "type": "Point", "coordinates": [ 10.234333333311307, 59.107166666751105 ] } },
{ "type": "Feature", "properties": { "portfacilityno": "NOTRF-0005", "locationnamenor": "BASF", "harbour": "Sandefjord", "ownertypenor": "Privat", "pfsaapprovalperiodvalidto": "25.07.2029", "portfacilitystatusnor": "Godkjent", "functionsnor": "Kjemikalie", "hascruisefunction": "Nei", "issafeloadingcompliant": "Nei", "councilname": "Sandefjord", "countyname": "Vestfold" }, "geometry": { "type": "Point", "coordinates": [ 10.232166666644732, 59.109333333417965 ] } },
{ "type": "Feature", "properties": { "portfacilityno": "NOTRF-0001", "locationnamenor": "Sandefjord Fergeterminal", "harbour": "Sandefjord", "ownertypenor": "Offentlig", "pfsaapprovalperiodvalidto": "24.06.2029", "portfacilitystatusnor": "Godkjent", "functionsnor": "Passasjer, Ro-Ro Passasjer, Ventekai", "hascruisefunction": "Nei", "issafeloadingcompliant": "Nei", "councilname": "Sandefjord", "countyname": "Vestfold" }, "geometry": { "type": "Point", "coordinates": [ 10.227666666644952, 59.126000000085043 ] } },
{ "type": "Feature", "properties": { "portfacilityno": "NOSAS-0004", "locationnamenor": "Sandnes havneanlegg", "harbour": "Sandnes", "ownertypenor": "Offentlig", "pfsaapprovalperiodvalidto": "11.08.2030", "portfacilitystatusnor": "Godkjent", "functionsnor": "Cruise, Bulk, Stykkgods, Container, Ventekai, Annet offshore", "hascruisefunction": "Ja", "issafeloadingcompliant": "Nei", "councilname": "Sandnes", "countyname": "Rogaland" }, "geometry": { "type": "Point", "coordinates": [ 5.746667418664469, 58.870000030350916 ] } },
{ "type": "Feature", "properties": { "portfacilityno": "NOSSJ-0005", "locationnamenor": "Aqua Rock Quarry Strendene", "harbour": "Botn - Sandnessjøen", "ownertypenor": "Privat", "pfsaapprovalperiodvalidto": "03.02.2030", "portfacilitystatusnor": "Godkjent", "functionsnor": "Bulk, Stykkgods", "hascruisefunction": "Nei", "issafeloadingcompliant": "Nei", "councilname": "Alstahaug", "countyname": "Nordland" }, "geometry": { "type": "Point", "coordinates": [ 12.649332999999759, 66.00449999999968 ] } },
{ "type": "Feature", "properties": { "portfacilityno": "NOSSJ-0006", "locationnamenor": "Coastbase Nordland", "harbour": "Botn - Sandnessjøen", "ownertypenor": "Privat", "pfsaapprovalperiodvalidto": "15.05.2029", "portfacilitystatusnor": "Godkjent", "functionsnor": "Stykkgods, Offshore forskyning", "hascruisefunction": "Nei", "issafeloadingcompliant": "Nei", "councilname": "Alstahaug", "countyname": "Nordland" }, "geometry": { "type": "Point", "coordinates": [ 12.657332999999761, 66.007999999999697 ] } },
{ "type": "Feature", "properties": { "portfacilityno": "NOSSJ-0007", "locationnamenor": "Helgeland Logistikksenter", "harbour": "Sandnessjøen", "ownertypenor": "Offentlig", "pfsaapprovalperiodvalidto": "17.10.2029", "portfacilitystatusnor": "Godkjent", "functionsnor": "Olje, Bulk, Stykkgods, Container, Ventekai, Offshore forskyning", "hascruisefunction": "Nei", "issafeloadingcompliant": "Nei", "councilname": "Alstahaug", "countyname": "Nordland" }, "geometry": { "type": "Point", "coordinates": [ 12.666833333329768, 66.024833333329681 ] } },
{ "type": "Feature", "properties": { "portfacilityno": "NOSSJ-0003", "locationnamenor": "Minol Holmen", "harbour": "Sandnessjøen", "ownertypenor": "Privat", "pfsaapprovalperiodvalidto": "25.03.2029", "portfacilitystatusnor": "Godkjent", "functionsnor": "Olje", "hascruisefunction": "Nei", "issafeloadingcompliant": "Nei", "councilname": "Alstahaug", "countyname": "Nordland" }, "geometry": { "type": "Point", "coordinates": [ 12.625999999999756, 66.023333333329674 ] } },
{ "type": "Feature", "properties": { "portfacilityno": "NOSSJ-0001", "locationnamenor": "Terminal Sandnessjøen", "harbour": "Sandnessjøen", "ownertypenor": "Offentlig", "pfsaapprovalperiodvalidto": "21.10.2025", "portfacilitystatusnor": "Godkjent", "functionsnor": "Cruise, Bulk, Stykkgods, Container, Offshore forskyning", "hascruisefunction": "Ja", "issafeloadingcompliant": "Nei", "councilname": "Alstahaug", "countyname": "Nordland" }, "geometry": { "type": "Point", "coordinates": [ 12.639999999999757, 66.024999999999679 ] } },
{ "type": "Feature", "properties": { "portfacilityno": "NOSPG-0004", "locationnamenor": "Alvim Havneanlegg", "harbour": "Sarpsborg", "ownertypenor": "Offentlig", "pfsaapprovalperiodvalidto": "26.08.2026", "portfacilitystatusnor": "Godkjent", "functionsnor": "Kjemikalie, Bulk, Stykkgods, Ventekai", "hascruisefunction": "Nei", "issafeloadingcompliant": "Nei", "councilname": "Sarpsborg", "countyname": "Østfold" }, "geometry": { "type": "Point", "coordinates": [ 11.07983333332033, 59.268166666683754 ] } },
{ "type": "Feature", "properties": { "portfacilityno": "NOSPG-0003", "locationnamenor": "Borregaard AS Melløs", "harbour": "Sarpsborg", "ownertypenor": "Privat", "pfsaapprovalperiodvalidto": "09.03.2029", "portfacilitystatusnor": "Godkjent", "functionsnor": "Kjemikalie, Bulk, Stykkgods", "hascruisefunction": "Nei", "issafeloadingcompliant": "Nei", "councilname": "Sarpsborg", "countyname": "Østfold" }, "geometry": { "type": "Point", "coordinates": [ 11.100666666653959, 59.26966666668303 ] } },
{ "type": "Feature", "properties": { "portfacilityno": "NOSPG-0001", "locationnamenor": "Greåker Kai", "harbour": "Sarpsborg", "ownertypenor": "Privat", "pfsaapprovalperiodvalidto": "14.03.2029", "portfacilitystatusnor": "Godkjent", "functionsnor": "Kjemikalie, Bulk, Stykkgods", "hascruisefunction": "Nei", "issafeloadingcompliant": "Nei", "councilname": "Sarpsborg", "countyname": "Østfold" }, "geometry": { "type": "Point", "coordinates": [ 11.035333333319837, 59.262166666685395 ] } },
{ "type": "Feature", "properties": { "portfacilityno": "NOSAU-0001", "locationnamenor": "Eramet havneterminal", "harbour": "Sauda", "ownertypenor": "Privat", "pfsaapprovalperiodvalidto": "04.12.2025", "portfacilitystatusnor": "Godkjent", "functionsnor": "Bulk, Stykkgods, Container", "hascruisefunction": "Nei", "issafeloadingcompliant": "Ja", "councilname": "Sauda", "countyname": "Rogaland" }, "geometry": { "type": "Point", "coordinates": [ 6.355635263069942, 59.645768110864758 ] } },
{ "type": "Feature", "properties": { "portfacilityno": "NOSAU-0002", "locationnamenor": "Sauda Havneanlegg", "harbour": "Sauda", "ownertypenor": "Offentlig", "pfsaapprovalperiodvalidto": "30.11.2028", "portfacilitystatusnor": "Godkjent", "functionsnor": "Bulk, Stykkgods, Ventekai, Annet", "hascruisefunction": "Nei", "issafeloadingcompliant": "Nei", "councilname": "Sauda", "countyname": "Rogaland" }, "geometry": { "type": "Point", "coordinates": [ 6.318707499498274, 59.640813836684856 ] } },
{ "type": "Feature", "properties": { "portfacilityno": "NOSJH-0001", "locationnamenor": "Nergårdterminalen", "harbour": "Senjahopen", "ownertypenor": "Privat", "pfsaapprovalperiodvalidto": "25.01.2027", "portfacilitystatusnor": "Godkjent", "functionsnor": "Kjemikalie, Bulk, Stykkgods, Ventekai", "hascruisefunction": "Nei", "issafeloadingcompliant": "Nei", "councilname": "Senja", "countyname": "Troms" }, "geometry": { "type": "Point", "coordinates": [ 17.4875, 69.49466666666649 ] } },
{ "type": "Feature", "properties": { "portfacilityno": "NOSRV-0001", "locationnamenor": "Sirevåg Nord", "harbour": "Sirevåg", "ownertypenor": "Offentlig", "pfsaapprovalperiodvalidto": "05.06.2028", "portfacilitystatusnor": "Godkjent", "functionsnor": "Kjemikalie, Bulk, Stykkgods, Ventekai", "hascruisefunction": "Nei", "issafeloadingcompliant": "Nei", "councilname": "Hå", "countyname": "Rogaland" }, "geometry": { "type": "Point", "coordinates": [ 5.790456963882634, 58.505382746667188 ] } },
{ "type": "Feature", "properties": { "portfacilityno": "NOSRV-0002", "locationnamenor": "Sirevåg Syd", "harbour": "Sirevåg", "ownertypenor": "Offentlig", "pfsaapprovalperiodvalidto": "21.03.2028", "portfacilitystatusnor": "Godkjent", "functionsnor": "Bulk, Stykkgods, Ventekai", "hascruisefunction": "Nei", "issafeloadingcompliant": "Nei", "councilname": "Hå", "countyname": "Rogaland" }, "geometry": { "type": "Point", "coordinates": [ 5.787535032936171, 58.50472483859329 ] } },
{ "type": "Feature", "properties": { "portfacilityno": "NOSAA-0001", "locationnamenor": "Berg Industrikai", "harbour": "Skaland", "ownertypenor": "Offentlig", "pfsaapprovalperiodvalidto": "31.05.2027", "portfacilitystatusnor": "Godkjent", "functionsnor": "Bulk, Stykkgods, Container, Ventekai", "hascruisefunction": "Nei", "issafeloadingcompliant": "Nei", "councilname": "Senja", "countyname": "Troms" }, "geometry": { "type": "Point", "coordinates": [ 17.328, 69.440999999999804 ] } },
{ "type": "Feature", "properties": { "portfacilityno": "NOSKL-0001", "locationnamenor": "Weber Leca Tovik", "harbour": "Tovik", "ownertypenor": "Privat", "pfsaapprovalperiodvalidto": "03.02.2030", "portfacilitystatusnor": "Godkjent", "functionsnor": "Bulk, Stykkgods", "hascruisefunction": "Nei", "issafeloadingcompliant": "Nei", "councilname": "Tjeldsund", "countyname": "Troms" }, "geometry": { "type": "Point", "coordinates": [ 16.840121714274115, 68.68995321186128 ] } },
{ "type": "Feature", "properties": { "portfacilityno": "NOSKE-0006", "locationnamenor": "Menstad Industri AS", "harbour": "Menstad - Skien", "ownertypenor": "Privat", "pfsaapprovalperiodvalidto": "04.10.2026", "portfacilitystatusnor": "Godkjent", "functionsnor": "Kjemikalie, Bulk, Stykkgods", "hascruisefunction": "Nei", "issafeloadingcompliant": "Nei", "councilname": "Skien", "countyname": "Telemark" }, "geometry": { "type": "Point", "coordinates": [ 9.641499999982667, 59.169833333546215 ] } },
{ "type": "Feature", "properties": { "portfacilityno": "NOSKE-0003", "locationnamenor": "Norgesmøllene AS", "harbour": "Skien", "ownertypenor": "Privat", "pfsaapprovalperiodvalidto": "07.10.2029", "portfacilitystatusnor": "Godkjent", "functionsnor": "Bulk", "hascruisefunction": "Nei", "issafeloadingcompliant": "Nei", "councilname": "Skien", "countyname": "Telemark" }, "geometry": { "type": "Point", "coordinates": [ 9.624999999983501, 59.187000000217537 ] } },
{ "type": "Feature", "properties": { "portfacilityno": "NOSKE-0004", "locationnamenor": "Skien havneterminal", "harbour": "Voll - Skien", "ownertypenor": "Offentlig", "pfsaapprovalperiodvalidto": "08.01.2030", "portfacilitystatusnor": "Godkjent", "functionsnor": "Bulk, Stykkgods, Ventekai, Annet offshore", "hascruisefunction": "Nei", "issafeloadingcompliant": "Nei", "councilname": "Skien", "countyname": "Telemark" }, "geometry": { "type": "Point", "coordinates": [ 9.564666666649549, 59.122500000240677 ] } },
{ "type": "Feature", "properties": { "portfacilityno": "NOSKE-0002", "locationnamenor": "Stena Recycling AS avd. Skien", "harbour": "Voll - Skien", "ownertypenor": "Privat", "pfsaapprovalperiodvalidto": "26.11.2029", "portfacilitystatusnor": "Godkjent", "functionsnor": "Bulk", "hascruisefunction": "Nei", "issafeloadingcompliant": "Nei", "councilname": "Skien", "countyname": "Telemark" }, "geometry": { "type": "Point", "coordinates": [ 9.570666666649339, 59.120166666905355 ] } },
{ "type": "Feature", "properties": { "portfacilityno": "NOSKY-0003", "locationnamenor": "Skjervøy havneanlegg", "harbour": "Skjervøy", "ownertypenor": "Offentlig", "pfsaapprovalperiodvalidto": "06.07.2028", "portfacilitystatusnor": "Godkjent", "functionsnor": "Cruise, Passasjer, Stykkgods", "hascruisefunction": "Ja", "issafeloadingcompliant": "Nei", "councilname": "Skjervøy", "countyname": "Troms" }, "geometry": { "type": "Point", "coordinates": [ 20.98349999984227, 70.034999999915925 ] } },
{ "type": "Feature", "properties": { "portfacilityno": "NOSLN-0001", "locationnamenor": "Skjolden Cruisekai", "harbour": "Skjolden", "ownertypenor": "Privat", "pfsaapprovalperiodvalidto": "15.05.2029", "portfacilitystatusnor": "Godkjent", "functionsnor": "Cruise", "hascruisefunction": "Ja", "issafeloadingcompliant": "Nei", "councilname": "Luster", "countyname": "Vestland" }, "geometry": { "type": "Point", "coordinates": [ 7.591666667388141, 61.481666668372448 ] } },
{ "type": "Feature", "properties": { "portfacilityno": "NOSKO-0001", "locationnamenor": "Allskog Tømmerterminal Håhjem", "harbour": "Håeimsvika", "ownertypenor": "Privat", "pfsaapprovalperiodvalidto": "10.05.2028", "portfacilitystatusnor": "Godkjent", "functionsnor": "Bulk", "hascruisefunction": "Nei", "issafeloadingcompliant": "Nei", "councilname": "Ålesund", "countyname": "Møre og Romsdal" }, "geometry": { "type": "Point", "coordinates": [ 6.69531118195688, 62.484398062812168 ] } },
{ "type": "Feature", "properties": { "portfacilityno": "NOSNE-0001", "locationnamenor": "Høllen kai", "harbour": "Høllen", "ownertypenor": "Privat", "pfsaapprovalperiodvalidto": "12.11.2029", "portfacilitystatusnor": "Godkjent", "functionsnor": "Bulk, Stykkgods", "hascruisefunction": "Nei", "issafeloadingcompliant": "Nei", "councilname": "Kristiansand", "countyname": "Agder" }, "geometry": { "type": "Point", "coordinates": [ 7.797333333346693, 58.073666669395813 ] } },
{ "type": "Feature", "properties": { "portfacilityno": "NORIV-0001", "locationnamenor": "St1 Tananger Terminal", "harbour": "Risavika", "ownertypenor": "Privat", "pfsaapprovalperiodvalidto": "16.01.2029", "portfacilitystatusnor": "Godkjent", "functionsnor": "Olje, Stykkgods", "hascruisefunction": "Nei", "issafeloadingcompliant": "Nei", "councilname": "Sola", "countyname": "Rogaland" }, "geometry": { "type": "Point", "coordinates": [ 5.600600244685416, 58.92792315871565 ] } },
{ "type": "Feature", "properties": { "portfacilityno": "NORIV-0002", "locationnamenor": "NorSea Tananger", "harbour": "Risavika", "ownertypenor": "Privat", "pfsaapprovalperiodvalidto": "03.07.2029", "portfacilitystatusnor": "Godkjent", "functionsnor": "Olje, Bulk, Stykkgods, Container, Ventekai, Offshore forskyning", "hascruisefunction": "Nei", "issafeloadingcompliant": "Nei", "councilname": "Sola", "countyname": "Rogaland" }, "geometry": { "type": "Point", "coordinates": [ 5.588702458247332, 58.928338197977489 ] } },
{ "type": "Feature", "properties": { "portfacilityno": "NORIV-0003", "locationnamenor": "Offshore Terminal Risavika", "harbour": "Risavika", "ownertypenor": "Offentlig", "pfsaapprovalperiodvalidto": "26.10.2028", "portfacilitystatusnor": "Godkjent", "functionsnor": "Olje, Bulk, Stykkgods, Ventekai, Offshore forskyning", "hascruisefunction": "Nei", "issafeloadingcompliant": "Nei", "councilname": "Sola", "countyname": "Rogaland" }, "geometry": { "type": "Point", "coordinates": [ 5.60130735005549, 58.923783119625845 ] } },
{ "type": "Feature", "properties": { "portfacilityno": "NOSOF-0004", "locationnamenor": "Elkem Salten", "harbour": "Salten", "ownertypenor": "Privat", "pfsaapprovalperiodvalidto": "30.09.2029", "portfacilitystatusnor": "Godkjent", "functionsnor": "Bulk, Stykkgods, Container, Ventekai", "hascruisefunction": "Nei", "issafeloadingcompliant": "Nei", "councilname": "Sørfold", "countyname": "Nordland" }, "geometry": { "type": "Point", "coordinates": [ 15.586, 67.365332999999708 ] } },
{ "type": "Feature", "properties": { "portfacilityno": "NOSOF-0001", "locationnamenor": "Hammerfall Dolomitt", "harbour": "Hammerfall", "ownertypenor": "Privat", "pfsaapprovalperiodvalidto": "29.01.2029", "portfacilitystatusnor": "Godkjent", "functionsnor": "Bulk", "hascruisefunction": "Nei", "issafeloadingcompliant": "Nei", "councilname": "Sørfold", "countyname": "Nordland" }, "geometry": { "type": "Point", "coordinates": [ 15.542333, 67.394832999999721 ] } },
{ "type": "Feature", "properties": { "portfacilityno": "NOSRA-0003", "locationnamenor": "Gottesjord havneanlegg", "harbour": "Sørreisa", "ownertypenor": "Offentlig", "pfsaapprovalperiodvalidto": "09.06.2028", "portfacilitystatusnor": "Godkjent", "functionsnor": "Olje, Stykkgods", "hascruisefunction": "Nei", "issafeloadingcompliant": "Nei", "councilname": "Sørreisa", "countyname": "Troms" }, "geometry": { "type": "Point", "coordinates": [ 18.123666666665969, 69.156999999999428 ] } },
{ "type": "Feature", "properties": { "portfacilityno": "NOSRA-0001", "locationnamenor": "Øyjordnes havneanlegg", "harbour": "Sørreisa", "ownertypenor": "Offentlig", "pfsaapprovalperiodvalidto": "17.10.2027", "portfacilitystatusnor": "Godkjent", "functionsnor": "Ro-Ro Passasjer, Bulk, Stykkgods, Container", "hascruisefunction": "Nei", "issafeloadingcompliant": "Nei", "councilname": "Sørreisa", "countyname": "Troms" }, "geometry": { "type": "Point", "coordinates": [ 18.145222091988316, 69.156592152337126 ] } },
{ "type": "Feature", "properties": { "portfacilityno": "NOSLX-0001", "locationnamenor": "Husvik havneanlegg", "harbour": "Sigerfjord", "ownertypenor": "Privat", "pfsaapprovalperiodvalidto": "15.12.2029", "portfacilitystatusnor": "Godkjent", "functionsnor": "Olje, Bulk", "hascruisefunction": "Nei", "issafeloadingcompliant": "Nei", "councilname": "Sortland", "countyname": "Nordland" }, "geometry": { "type": "Point", "coordinates": [ 15.566833, 68.632999999999797 ] } },
{ "type": "Feature", "properties": { "portfacilityno": "NOSLX-0002", "locationnamenor": "Sortland terminalkai", "harbour": "Sortland", "ownertypenor": "Privat", "pfsaapprovalperiodvalidto": "23.07.2030", "portfacilitystatusnor": "Godkjent", "functionsnor": "Cruise, Kjemikalie, Bulk, Stykkgods, Container, Ventekai, Annet", "hascruisefunction": "Ja", "issafeloadingcompliant": "Nei", "councilname": "Sortland", "countyname": "Nordland" }, "geometry": { "type": "Point", "coordinates": [ 15.419756770133983, 68.698356284055606 ] } },
{ "type": "Feature", "properties": { "portfacilityno": "NOSUZ-0001", "locationnamenor": "Stamsund Havn", "harbour": "Stamsund", "ownertypenor": "Privat", "pfsaapprovalperiodvalidto": "28.09.2027", "portfacilitystatusnor": "Godkjent", "functionsnor": "Stykkgods", "hascruisefunction": "Nei", "issafeloadingcompliant": "Nei", "councilname": "Vestvågøy", "countyname": "Nordland" }, "geometry": { "type": "Point", "coordinates": [ 13.84, 68.12083333332977 ] } },
{ "type": "Feature", "properties": { "portfacilityno": "NOSVG-0003", "locationnamenor": "Felleskjøpet Rogaland Agder", "harbour": "Stavanger Øst", "ownertypenor": "Privat", "pfsaapprovalperiodvalidto": "19.06.2030", "portfacilitystatusnor": "Godkjent", "functionsnor": "Bulk, Stykkgods", "hascruisefunction": "Nei", "issafeloadingcompliant": "Nei", "councilname": "Stavanger", "countyname": "Rogaland" }, "geometry": { "type": "Point", "coordinates": [ 5.754706265388008, 58.944490629728264 ] } },
{ "type": "Feature", "properties": { "portfacilityno": "NOSVG-0004", "locationnamenor": "Fiskå Mølle, Forus", "harbour": "Forus", "ownertypenor": "Privat", "pfsaapprovalperiodvalidto": "09.06.2028", "portfacilitystatusnor": "Godkjent", "functionsnor": "Kjemikalie, Bulk, Stykkgods", "hascruisefunction": "Nei", "issafeloadingcompliant": "Nei", "councilname": "Stavanger", "countyname": "Rogaland" }, "geometry": { "type": "Point", "coordinates": [ 5.750579740405918, 58.888292632145628 ] } },
{ "type": "Feature", "properties": { "portfacilityno": "NOFOR-0001", "locationnamenor": "Forsand Sandkompani", "harbour": "Forsand", "ownertypenor": "Privat", "pfsaapprovalperiodvalidto": "12.07.2028", "portfacilitystatusnor": "Godkjent", "functionsnor": "Bulk, Stykkgods", "hascruisefunction": "Nei", "issafeloadingcompliant": "Nei", "councilname": "Sandnes", "countyname": "Rogaland" }, "geometry": { "type": "Point", "coordinates": [ 6.091615211343657, 58.897799022955859 ] } },
{ "type": "Feature", "properties": { "portfacilityno": "NOSVG-0022", "locationnamenor": "GMC Yard - Buøy", "harbour": "Stavanger", "ownertypenor": "Privat", "pfsaapprovalperiodvalidto": "11.11.2027", "portfacilitystatusnor": "Godkjent", "functionsnor": "Ventekai, Skipsverft, Annet offshore", "hascruisefunction": "Nei", "issafeloadingcompliant": "Nei", "councilname": "Stavanger", "countyname": "Rogaland" }, "geometry": { "type": "Point", "coordinates": [ 5.72701504194831, 58.983976644873714 ] } },
{ "type": "Feature", "properties": { "portfacilityno": "NOSVG-0006", "locationnamenor": "Velde Produksjon AS avd. Forus", "harbour": "Forus", "ownertypenor": "Privat", "pfsaapprovalperiodvalidto": "27.09.2029", "portfacilitystatusnor": "Godkjent", "functionsnor": "Olje, Bulk", "hascruisefunction": "Nei", "issafeloadingcompliant": "Nei", "councilname": "Stavanger", "countyname": "Rogaland" }, "geometry": { "type": "Point", "coordinates": [ 5.751042304248914, 58.898110470768756 ] } },
{ "type": "Feature", "properties": { "portfacilityno": "NOSVG-0007", "locationnamenor": "Deepwater and Offshore Terminal - Mekjarvik", "harbour": "Mekjarvik", "ownertypenor": "Offentlig", "pfsaapprovalperiodvalidto": "26.09.2027", "portfacilitystatusnor": "Godkjent", "functionsnor": "Cruise, Bulk, Stykkgods, Ventekai, Skipsverft, Offshore forskyning", "hascruisefunction": "Ja", "issafeloadingcompliant": "Nei", "councilname": "Randaberg", "countyname": "Rogaland" }, "geometry": { "type": "Point", "coordinates": [ 5.619362578958997, 59.022502248748026 ] } },
{ "type": "Feature", "properties": { "portfacilityno": "NOHLE-0001", "locationnamenor": "NCC Industry AS - Helle", "harbour": "Helle - Forsand", "ownertypenor": "Privat", "pfsaapprovalperiodvalidto": "21.05.2029", "portfacilitystatusnor": "Godkjent", "functionsnor": "Bulk", "hascruisefunction": "Nei", "issafeloadingcompliant": "Nei", "councilname": "Sandnes", "countyname": "Rogaland" }, "geometry": { "type": "Point", "coordinates": [ 6.147167001248645, 58.861667012404105 ] } },
{ "type": "Feature", "properties": { "portfacilityno": "NOSVG-0020", "locationnamenor": "Felleskjøpet Agri, avd. Stavanger Havnesilo", "harbour": "Stavanger", "ownertypenor": "Privat", "pfsaapprovalperiodvalidto": "04.02.2026", "portfacilitystatusnor": "Godkjent", "functionsnor": "Kjemikalie, Bulk, Ventekai", "hascruisefunction": "Nei", "issafeloadingcompliant": "Nei", "councilname": "Stavanger", "countyname": "Rogaland" }, "geometry": { "type": "Point", "coordinates": [ 5.755218650786747, 58.97258649474653 ] } },
{ "type": "Feature", "properties": { "portfacilityno": "NOSVG-0008", "locationnamenor": "NorSea Dusavik", "harbour": "Dusavik", "ownertypenor": "Privat", "pfsaapprovalperiodvalidto": "21.07.2028", "portfacilitystatusnor": "Godkjent", "functionsnor": "Gass, Kjemikalie, Olje, Bulk, Stykkgods, Container, Ventekai, Offshore forskyning, Annet offshore", "hascruisefunction": "Nei", "issafeloadingcompliant": "Nei", "councilname": "Stavanger", "countyname": "Rogaland" }, "geometry": { "type": "Point", "coordinates": [ 5.663449035155011, 58.999062620234092 ] } },
{ "type": "Feature", "properties": { "portfacilityno": "NOJEL-0001", "locationnamenor": "Mibau Stema Jelsa", "harbour": "Jelsa", "ownertypenor": "Privat", "pfsaapprovalperiodvalidto": "14.12.2027", "portfacilitystatusnor": "Godkjent", "functionsnor": "Bulk, Ventekai", "hascruisefunction": "Nei", "issafeloadingcompliant": "Ja", "councilname": "Suldal", "countyname": "Rogaland" }, "geometry": { "type": "Point", "coordinates": [ 6.045000300622949, 59.3733330214585 ] } },
{ "type": "Feature", "properties": { "portfacilityno": "NOSVG-0011", "locationnamenor": "Heidelberg Materials Årdal", "harbour": "Årdal - Hjelmeland", "ownertypenor": "Privat", "pfsaapprovalperiodvalidto": "15.01.2026", "portfacilitystatusnor": "Godkjent", "functionsnor": "Bulk", "hascruisefunction": "Nei", "issafeloadingcompliant": "Nei", "councilname": "Hjelmeland", "countyname": "Rogaland" }, "geometry": { "type": "Point", "coordinates": [ 6.166667272112371, 59.146667015206269 ] } },
{ "type": "Feature", "properties": { "portfacilityno": "NODIR-0001", "locationnamenor": "Mibau Stema AS avd. Dirdal", "harbour": "Dirdal", "ownertypenor": "Privat", "pfsaapprovalperiodvalidto": "07.12.2025", "portfacilitystatusnor": "Godkjent", "functionsnor": "Bulk", "hascruisefunction": "Nei", "issafeloadingcompliant": "Ja", "councilname": "Gjesdal", "countyname": "Rogaland" }, "geometry": { "type": "Point", "coordinates": [ 6.167729585582819, 58.838519744383376 ] } },
{ "type": "Feature", "properties": { "portfacilityno": "NOSVG-0015", "locationnamenor": "Randaberg Industries AS", "harbour": "Randaberg", "ownertypenor": "Privat", "pfsaapprovalperiodvalidto": "18.05.2026", "portfacilitystatusnor": "Godkjent", "functionsnor": "Bulk, Stykkgods, Ventekai, Offshore forskyning, Annet offshore", "hascruisefunction": "Nei", "issafeloadingcompliant": "Nei", "councilname": "Randaberg", "countyname": "Rogaland" }, "geometry": { "type": "Point", "coordinates": [ 5.638778052854011, 59.01447827912898 ] } },
{ "type": "Feature", "properties": { "portfacilityno": "NOSVG-0066", "locationnamenor": "Westport Stavanger", "harbour": "Risavika", "ownertypenor": "Privat", "pfsaapprovalperiodvalidto": "05.05.2028", "portfacilitystatusnor": "Godkjent", "functionsnor": "Bulk, Stykkgods, Container, Ventekai, Offshore forskyning", "hascruisefunction": "Nei", "issafeloadingcompliant": "Ja", "councilname": "Sola", "countyname": "Rogaland" }, "geometry": { "type": "Point", "coordinates": [ 5.586518335416548, 58.919456686714206 ] } },
{ "type": "Feature", "properties": { "portfacilityno": "NOSVG-0016", "locationnamenor": "Rosenberg Worley AS", "harbour": "Stavanger", "ownertypenor": "Privat", "pfsaapprovalperiodvalidto": "17.01.2029", "portfacilitystatusnor": "Godkjent", "functionsnor": "Stykkgods, Container, Skipsverft, Annet offshore", "hascruisefunction": "Nei", "issafeloadingcompliant": "Nei", "councilname": "Stavanger", "countyname": "Rogaland" }, "geometry": { "type": "Point", "coordinates": [ 5.725765103054386, 58.987838766810647 ] } },
{ "type": "Feature", "properties": { "portfacilityno": "NOSVG-0023", "locationnamenor": "Simon Møkster Shipping AS", "harbour": "Dusavik", "ownertypenor": "Privat", "pfsaapprovalperiodvalidto": "21.12.2028", "portfacilitystatusnor": "Godkjent", "functionsnor": "Ventekai", "hascruisefunction": "Nei", "issafeloadingcompliant": "Nei", "councilname": "Stavanger", "countyname": "Rogaland" }, "geometry": { "type": "Point", "coordinates": [ 5.692670001999698, 58.994011684734403 ] } },
{ "type": "Feature", "properties": { "portfacilityno": "NOSVG-0071", "locationnamenor": "Risavika LNG terminal", "harbour": "Risavika", "ownertypenor": "Privat", "pfsaapprovalperiodvalidto": "05.03.2029", "portfacilitystatusnor": "Godkjent", "functionsnor": "Gass", "hascruisefunction": "Nei", "issafeloadingcompliant": "Nei", "councilname": "Sola", "countyname": "Rogaland" }, "geometry": { "type": "Point", "coordinates": [ 5.576666668772999, 58.924690020196735 ] } },
{ "type": "Feature", "properties": { "portfacilityno": "NOSVG-0018", "locationnamenor": "Skretting Stavanger", "harbour": "Stavanger Øst", "ownertypenor": "Privat", "pfsaapprovalperiodvalidto": "16.10.2025", "portfacilitystatusnor": "Godkjent", "functionsnor": "Kjemikalie, Bulk, Stykkgods", "hascruisefunction": "Nei", "issafeloadingcompliant": "Nei", "councilname": "Stavanger", "countyname": "Rogaland" }, "geometry": { "type": "Point", "coordinates": [ 5.753889388797585, 58.942764375055042 ] } },
{ "type": "Feature", "properties": { "portfacilityno": "NOSVG-0112", "locationnamenor": "Stena Recycling Stavanger", "harbour": "Mekjarvik", "ownertypenor": "Offentlig", "pfsaapprovalperiodvalidto": "07.03.2030", "portfacilitystatusnor": "Godkjent", "functionsnor": "Bulk", "hascruisefunction": "Nei", "issafeloadingcompliant": "Nei", "councilname": "Randaberg", "countyname": "Rogaland" }, "geometry": { "type": "Point", "coordinates": [ 5.616166668830329, 59.023900019184211 ] } },
{ "type": "Feature", "properties": { "portfacilityno": "NOSVG-0019", "locationnamenor": "Cruise & Waiting terminal Stavanger", "harbour": "Stavanger", "ownertypenor": "Offentlig", "pfsaapprovalperiodvalidto": "02.03.2028", "portfacilitystatusnor": "Godkjent", "functionsnor": "Cruise, Stykkgods, Ventekai", "hascruisefunction": "Ja", "issafeloadingcompliant": "Nei", "councilname": "Stavanger", "countyname": "Rogaland" }, "geometry": { "type": "Point", "coordinates": [ 5.725559935905244, 58.974715759100732 ] } },
{ "type": "Feature", "properties": { "portfacilityno": "NOSVG-0005", "locationnamenor": "Uno-X Forsyning avd. Stavanger", "harbour": "Stavanger Øst", "ownertypenor": "Privat", "pfsaapprovalperiodvalidto": "29.09.2026", "portfacilitystatusnor": "Godkjent", "functionsnor": "Olje", "hascruisefunction": "Nei", "issafeloadingcompliant": "Nei", "councilname": "Stavanger", "countyname": "Rogaland" }, "geometry": { "type": "Point", "coordinates": [ 5.769160399694289, 58.96529987763963 ] } },
{ "type": "Feature", "properties": { "portfacilityno": "NOSVG-0027", "locationnamenor": "Ferry Terminal Risavika", "harbour": "Risavika", "ownertypenor": "Offentlig", "pfsaapprovalperiodvalidto": "11.11.2027", "portfacilitystatusnor": "Godkjent", "functionsnor": "Ro-Ro Passasjer, Ventekai", "hascruisefunction": "Nei", "issafeloadingcompliant": "Nei", "councilname": "Sola", "countyname": "Rogaland" }, "geometry": { "type": "Point", "coordinates": [ 5.583333335423804, 58.921000020096194 ] } },
{ "type": "Feature", "properties": { "portfacilityno": "NOFOL-0001", "locationnamenor": "Follafoss havneanlegg", "harbour": "Follafoss", "ownertypenor": "Privat", "pfsaapprovalperiodvalidto": "21.12.2026", "portfacilitystatusnor": "Godkjent", "functionsnor": "Kjemikalie, Bulk, Stykkgods", "hascruisefunction": "Nei", "issafeloadingcompliant": "Nei", "councilname": "Steinkjer", "countyname": "Trøndelag" }, "geometry": { "type": "Point", "coordinates": [ 11.100000000001794, 63.981333333337354 ] } },
{ "type": "Feature", "properties": { "portfacilityno": "NOSTE-0001", "locationnamenor": "Steinkjer Havn Sørsia", "harbour": "Steinkjer", "ownertypenor": "Offentlig", "pfsaapprovalperiodvalidto": "14.05.2030", "portfacilitystatusnor": "Godkjent", "functionsnor": "Bulk, Stykkgods", "hascruisefunction": "Nei", "issafeloadingcompliant": "Nei", "councilname": "Steinkjer", "countyname": "Trøndelag" }, "geometry": { "type": "Point", "coordinates": [ 11.484148724873453, 64.012284646855434 ] } },
{ "type": "Feature", "properties": { "portfacilityno": "NOSTE-0003", "locationnamenor": "Steinkjer tankanlegg - Bogen", "harbour": "Steinkjer", "ownertypenor": "Offentlig", "pfsaapprovalperiodvalidto": "28.01.2030", "portfacilitystatusnor": "Godkjent", "functionsnor": "Olje, Bulk, Stykkgods", "hascruisefunction": "Nei", "issafeloadingcompliant": "Nei", "councilname": "Steinkjer", "countyname": "Trøndelag" }, "geometry": { "type": "Point", "coordinates": [ 11.466666666666406, 64.01200000000162 ] } },
{ "type": "Feature", "properties": { "portfacilityno": "NOSTJ-0001", "locationnamenor": "Stjørdal havneanlegg", "harbour": "Stjørdal", "ownertypenor": "Offentlig", "pfsaapprovalperiodvalidto": "27.11.2029", "portfacilitystatusnor": "Godkjent", "functionsnor": "Gass, Olje, Bulk, Stykkgods", "hascruisefunction": "Nei", "issafeloadingcompliant": "Nei", "councilname": "Stjørdal", "countyname": "Trøndelag" }, "geometry": { "type": "Point", "coordinates": [ 10.884618111454461, 63.466657929799929 ] } },
{ "type": "Feature", "properties": { "portfacilityno": "NOTRF-0006", "locationnamenor": "Melsomvik Kornsilo", "harbour": "Sandefjord", "ownertypenor": "Privat", "pfsaapprovalperiodvalidto": "09.07.2030", "portfacilitystatusnor": "Godkjent", "functionsnor": "Bulk", "hascruisefunction": "Nei", "issafeloadingcompliant": "Nei", "councilname": "Sandefjord", "countyname": "Vestfold" }, "geometry": { "type": "Point", "coordinates": [ 10.342666666646672, 59.212333333402135 ] } },
{ "type": "Feature", "properties": { "portfacilityno": "NOSKN-0001", "locationnamenor": "Nordnesterminalen", "harbour": "Stokmarknes", "ownertypenor": "Offentlig", "pfsaapprovalperiodvalidto": "03.07.2030", "portfacilitystatusnor": "Godkjent", "functionsnor": "Cruise, Bulk, Stykkgods, Container", "hascruisefunction": "Ja", "issafeloadingcompliant": "Nei", "councilname": "Hadsel", "countyname": "Nordland" }, "geometry": { "type": "Point", "coordinates": [ 14.912, 68.570833333329759 ] } },
{ "type": "Feature", "properties": { "portfacilityno": "NOSKN-0002", "locationnamenor": "Skretting Stokmarknes", "harbour": "Stokmarknes", "ownertypenor": "Privat", "pfsaapprovalperiodvalidto": "06.04.2026", "portfacilitystatusnor": "Godkjent", "functionsnor": "Bulk, Stykkgods", "hascruisefunction": "Nei", "issafeloadingcompliant": "Nei", "councilname": "Hadsel", "countyname": "Nordland" }, "geometry": { "type": "Point", "coordinates": [ 14.947333333329984, 68.574999999999775 ] } },
{ "type": "Feature", "properties": { "portfacilityno": "NOSTU-0001", "locationnamenor": "Stureterminalen, Øygarden", "harbour": "Sture", "ownertypenor": "Privat", "pfsaapprovalperiodvalidto": "10.02.2028", "portfacilitystatusnor": "Godkjent", "functionsnor": "Kjemikalie, Stykkgods", "hascruisefunction": "Nei", "issafeloadingcompliant": "Nei", "councilname": "Øygarden", "countyname": "Vestland" }, "geometry": { "type": "Point", "coordinates": [ 4.85920690581315, 60.623333766013495 ] } },
{ "type": "Feature", "properties": { "portfacilityno": "NOSUN-0005", "locationnamenor": "Hammarkaia havneanlegg", "harbour": "Sunndalsøra", "ownertypenor": "Offentlig", "pfsaapprovalperiodvalidto": "29.09.2027", "portfacilitystatusnor": "Godkjent", "functionsnor": "Bulk, Stykkgods, Ventekai", "hascruisefunction": "Nei", "issafeloadingcompliant": "Nei", "councilname": "Sunndal", "countyname": "Møre og Romsdal" }, "geometry": { "type": "Point", "coordinates": [ 8.520333333621373, 62.676666667080639 ] } },
{ "type": "Feature", "properties": { "portfacilityno": "NOSUN-0001", "locationnamenor": "Hydro Sunndal Metallverk", "harbour": "Sunndalsøra", "ownertypenor": "Privat", "pfsaapprovalperiodvalidto": "19.01.2028", "portfacilitystatusnor": "Godkjent", "functionsnor": "Gass, Kjemikalie, Bulk, Stykkgods, Container, Ventekai", "hascruisefunction": "Nei", "issafeloadingcompliant": "Ja", "councilname": "Sunndal", "countyname": "Møre og Romsdal" }, "geometry": { "type": "Point", "coordinates": [ 8.558333333607868, 62.683333333727404 ] } },
{ "type": "Feature", "properties": { "portfacilityno": "NOSVE-0004", "locationnamenor": "Bremanger Quarry AS", "harbour": "Dyrstad", "ownertypenor": "Privat", "pfsaapprovalperiodvalidto": "30.05.2027", "portfacilitystatusnor": "Godkjent", "functionsnor": "Bulk", "hascruisefunction": "Nei", "issafeloadingcompliant": "Ja", "councilname": "Bremanger", "countyname": "Vestland" }, "geometry": { "type": "Point", "coordinates": [ 5.160804135353882, 61.771781173676438 ] } },
{ "type": "Feature", "properties": { "portfacilityno": "NOSVE-0001", "locationnamenor": "Elkem Bremanger Smelteverk", "harbour": "Svelgen", "ownertypenor": "Privat", "pfsaapprovalperiodvalidto": "11.02.2030", "portfacilitystatusnor": "Godkjent", "functionsnor": "Kjemikalie, Bulk, Container", "hascruisefunction": "Nei", "issafeloadingcompliant": "Nei", "councilname": "Bremanger", "countyname": "Vestland" }, "geometry": { "type": "Point", "coordinates": [ 5.293870296182718, 61.773485070212374 ] } },
{ "type": "Feature", "properties": { "portfacilityno": "NOKVG-0001", "locationnamenor": "Kalvåg havneanlegg", "harbour": "Kalvåg", "ownertypenor": "Offentlig", "pfsaapprovalperiodvalidto": "13.02.2028", "portfacilitystatusnor": "Godkjent", "functionsnor": "Cruise, Bulk, Stykkgods, Container, Ventekai", "hascruisefunction": "Ja", "issafeloadingcompliant": "Nei", "councilname": "Bremanger", "countyname": "Vestland" }, "geometry": { "type": "Point", "coordinates": [ 4.882623561515644, 61.765627148632724 ] } },
{ "type": "Feature", "properties": { "portfacilityno": "NOSVV-0001", "locationnamenor": "Norgips Norge AS", "harbour": "Drammen", "ownertypenor": "Privat", "pfsaapprovalperiodvalidto": "01.04.2027", "portfacilitystatusnor": "Godkjent", "functionsnor": "Bulk", "hascruisefunction": "Nei", "issafeloadingcompliant": "Nei", "councilname": "Drammen", "countyname": "Buskerud" }, "geometry": { "type": "Point", "coordinates": [ 10.32416666665249, 59.691500000064785 ] } },
{ "type": "Feature", "properties": { "portfacilityno": "NOSVJ-0001", "locationnamenor": "Svolvær harbour East (HAVN)", "harbour": "Svolvær", "ownertypenor": "Offentlig", "pfsaapprovalperiodvalidto": "23.05.2030", "portfacilitystatusnor": "Godkjent", "functionsnor": "Cruise, Stykkgods", "hascruisefunction": "Ja", "issafeloadingcompliant": "Nei", "councilname": "Vågan", "countyname": "Nordland" }, "geometry": { "type": "Point", "coordinates": [ 14.5665, 68.23083333332977 ] } },
{ "type": "Feature", "properties": { "portfacilityno": "NOSVJ-0002", "locationnamenor": "Svolvær Havn Vest", "harbour": "Svolvær Osan", "ownertypenor": "Offentlig", "pfsaapprovalperiodvalidto": "18.06.2030", "portfacilitystatusnor": "Godkjent", "functionsnor": "Cruise, Bulk, Stykkgods, Container", "hascruisefunction": "Ja", "issafeloadingcompliant": "Nei", "councilname": "Vågan", "countyname": "Nordland" }, "geometry": { "type": "Point", "coordinates": [ 14.543833, 68.23466699999976 ] } },
{ "type": "Feature", "properties": { "portfacilityno": "NOSVJ-0004", "locationnamenor": "Svolvær industrikai øst", "harbour": "Svolvær", "ownertypenor": "Offentlig", "pfsaapprovalperiodvalidto": "30.05.2030", "portfacilitystatusnor": "Godkjent", "functionsnor": "Cruise, Bulk, Stykkgods, Container", "hascruisefunction": "Ja", "issafeloadingcompliant": "Nei", "councilname": "Vågan", "countyname": "Nordland" }, "geometry": { "type": "Point", "coordinates": [ 14.5615, 68.228999999999758 ] } },
{ "type": "Feature", "properties": { "portfacilityno": "NOSYK-0001", "locationnamenor": "Ekornes Sykkylven havneanlegg", "harbour": "Ikornnes", "ownertypenor": "Privat", "pfsaapprovalperiodvalidto": "05.08.2028", "portfacilitystatusnor": "Godkjent", "functionsnor": "Bulk, Container, Ventekai", "hascruisefunction": "Nei", "issafeloadingcompliant": "Nei", "councilname": "Sykkylven", "countyname": "Møre og Romsdal" }, "geometry": { "type": "Point", "coordinates": [ 6.558315575011505, 62.386347687943577 ] } },
{ "type": "Feature", "properties": { "portfacilityno": "NOTAA-0001", "locationnamenor": "Elkem Tana", "harbour": "Leirpollen", "ownertypenor": "Privat", "pfsaapprovalperiodvalidto": "05.07.2029", "portfacilitystatusnor": "Godkjent", "functionsnor": "Bulk, Stykkgods", "hascruisefunction": "Nei", "issafeloadingcompliant": "Nei", "councilname": "Deatnu Tana", "countyname": "Finnmark" }, "geometry": { "type": "Point", "coordinates": [ 28.485833243095847, 70.471441608181067 ] } },
{ "type": "Feature", "properties": { "portfacilityno": "NOTAE-0002", "locationnamenor": "ConocoPhillips Tananger", "harbour": "Risavika", "ownertypenor": "Offentlig", "pfsaapprovalperiodvalidto": "18.01.2029", "portfacilitystatusnor": "Godkjent", "functionsnor": "Kjemikalie, Bulk, Offshore forskyning", "hascruisefunction": "Nei", "issafeloadingcompliant": "Nei", "councilname": "Sola", "countyname": "Rogaland" }, "geometry": { "type": "Point", "coordinates": [ 5.596835647118077, 58.928954080711328 ] } },
{ "type": "Feature", "properties": { "portfacilityno": "NOFIS-0001", "locationnamenor": "Fiskå Mølle, Fiskå", "harbour": "Fiskå - Strand", "ownertypenor": "Privat", "pfsaapprovalperiodvalidto": "09.10.2028", "portfacilitystatusnor": "Godkjent", "functionsnor": "Kjemikalie, Bulk, Stykkgods", "hascruisefunction": "Nei", "issafeloadingcompliant": "Nei", "councilname": "Strand", "countyname": "Rogaland" }, "geometry": { "type": "Point", "coordinates": [ 6.001815461653319, 59.11653856990791 ] } },
{ "type": "Feature", "properties": { "portfacilityno": "NOTAU-0012", "locationnamenor": "Nordmarka havneanlegg", "harbour": "Breiviga", "ownertypenor": "Offentlig", "pfsaapprovalperiodvalidto": "13.04.2029", "portfacilitystatusnor": "Godkjent", "functionsnor": "Bulk, Stykkgods, Ventekai", "hascruisefunction": "Nei", "issafeloadingcompliant": "Nei", "councilname": "Strand", "countyname": "Rogaland" }, "geometry": { "type": "Point", "coordinates": [ 5.909226668431192, 59.091743348040453 ] } },
{ "type": "Feature", "properties": { "portfacilityno": "NOTAU-0004", "locationnamenor": "Mibau Stema Norge avd. Tau", "harbour": "Breiviga", "ownertypenor": "Privat", "pfsaapprovalperiodvalidto": "19.03.2029", "portfacilitystatusnor": "Godkjent", "functionsnor": "Bulk", "hascruisefunction": "Nei", "issafeloadingcompliant": "Ja", "councilname": "Strand", "countyname": "Rogaland" }, "geometry": { "type": "Point", "coordinates": [ 5.903996882618793, 59.088794056789837 ] } },
{ "type": "Feature", "properties": { "portfacilityno": "NOTAU-0005", "locationnamenor": "Vestkorn Milling AS", "harbour": "Tau", "ownertypenor": "Privat", "pfsaapprovalperiodvalidto": "23.09.2027", "portfacilitystatusnor": "Godkjent", "functionsnor": "Bulk, Stykkgods, Ventekai", "hascruisefunction": "Nei", "issafeloadingcompliant": "Nei", "councilname": "Strand", "countyname": "Rogaland" }, "geometry": { "type": "Point", "coordinates": [ 5.912202900394377, 59.063563353659994 ] } },
{ "type": "Feature", "properties": { "portfacilityno": "NOORK-0002", "locationnamenor": "Elkem Thamshavn", "harbour": "Thamshamn", "ownertypenor": "Privat", "pfsaapprovalperiodvalidto": "24.03.2030", "portfacilitystatusnor": "Godkjent", "functionsnor": "Bulk, Stykkgods, Ventekai", "hascruisefunction": "Nei", "issafeloadingcompliant": "Nei", "councilname": "Orkland", "countyname": "Trøndelag" }, "geometry": { "type": "Point", "coordinates": [ 9.878333333373268, 63.320833333383675 ] } },
{ "type": "Feature", "properties": { "portfacilityno": "NOTBO-0001", "locationnamenor": "Tjeldbergodden havneanlegg", "harbour": "Tjeldbergodden", "ownertypenor": "Privat", "pfsaapprovalperiodvalidto": "17.07.2028", "portfacilitystatusnor": "Godkjent", "functionsnor": "Kjemikalie, Bulk, Stykkgods, Container, Ventekai", "hascruisefunction": "Nei", "issafeloadingcompliant": "Nei", "councilname": "Aure", "countyname": "Møre og Romsdal" }, "geometry": { "type": "Point", "coordinates": [ 8.691673698675769, 63.414539060023046 ] } },
{ "type": "Feature", "properties": { "portfacilityno": "NOTON-0013", "locationnamenor": "Moreld Agility AS", "harbour": "Tønsberg", "ownertypenor": "Privat", "pfsaapprovalperiodvalidto": "28.02.2029", "portfacilitystatusnor": "Godkjent", "functionsnor": "Stykkgods, Container, Annet offshore", "hascruisefunction": "Nei", "issafeloadingcompliant": "Nei", "councilname": "Tønsberg", "countyname": "Vestfold" }, "geometry": { "type": "Point", "coordinates": [ 10.395999999980919, 59.267500000062149 ] } },
{ "type": "Feature", "properties": { "portfacilityno": "NOTON-0003", "locationnamenor": "Kanalen Havneterminal", "harbour": "Tønsberg", "ownertypenor": "Offentlig", "pfsaapprovalperiodvalidto": "07.12.2028", "portfacilitystatusnor": "Godkjent", "functionsnor": "Bulk, Stykkgods, Container, Ventekai", "hascruisefunction": "Nei", "issafeloadingcompliant": "Nei", "councilname": "Tønsberg", "countyname": "Vestfold" }, "geometry": { "type": "Point", "coordinates": [ 10.42237237038298, 59.259721829970125 ] } },
{ "type": "Feature", "properties": { "portfacilityno": "NOTON-0011", "locationnamenor": "Slagen Marine Terminal", "harbour": "Slagentangen", "ownertypenor": "Privat", "pfsaapprovalperiodvalidto": "10.05.2027", "portfacilitystatusnor": "Godkjent", "functionsnor": "Kjemikalie, Olje", "hascruisefunction": "Nei", "issafeloadingcompliant": "Nei", "councilname": "Tønsberg", "countyname": "Vestfold" }, "geometry": { "type": "Point", "coordinates": [ 10.514499999982261, 59.326500000049862 ] } },
{ "type": "Feature", "properties": { "portfacilityno": "NOTRN-0002", "locationnamenor": "Galtneset havneanlegg", "harbour": "Træna", "ownertypenor": "Offentlig", "pfsaapprovalperiodvalidto": "15.05.2028", "portfacilitystatusnor": "Godkjent", "functionsnor": "Cruise, Bulk, Stykkgods", "hascruisefunction": "Ja", "issafeloadingcompliant": "Nei", "councilname": "Træna", "countyname": "Nordland" }, "geometry": { "type": "Point", "coordinates": [ 12.102333, 66.502332999999723 ] } },
{ "type": "Feature", "properties": { "portfacilityno": "NOTOS-0056", "locationnamenor": "Fornes havneanlegg", "harbour": "Jøvik", "ownertypenor": "Privat", "pfsaapprovalperiodvalidto": "04.05.2026", "portfacilitystatusnor": "Godkjent", "functionsnor": "Bulk", "hascruisefunction": "Nei", "issafeloadingcompliant": "Nei", "councilname": "Tromsø", "countyname": "Troms" }, "geometry": { "type": "Point", "coordinates": [ 19.89510414215497, 69.597711548786137 ] } },
{ "type": "Feature", "properties": { "portfacilityno": "NOTOS-0055", "locationnamenor": "Hjellnes havneanlegg", "harbour": "Jøvik", "ownertypenor": "Privat", "pfsaapprovalperiodvalidto": "28.09.2027", "portfacilitystatusnor": "Godkjent", "functionsnor": "Bulk", "hascruisefunction": "Nei", "issafeloadingcompliant": "Nei", "councilname": "Tromsø", "countyname": "Troms" }, "geometry": { "type": "Point", "coordinates": [ 19.737333333306971, 69.608333333321227 ] } },
{ "type": "Feature", "properties": { "portfacilityno": "NOTOS-0034", "locationnamenor": "Kaldfjord havneanlegg", "harbour": "Kaldfjord", "ownertypenor": "Privat", "pfsaapprovalperiodvalidto": "19.04.2027", "portfacilitystatusnor": "Godkjent", "functionsnor": "Kjemikalie, Stykkgods", "hascruisefunction": "Nei", "issafeloadingcompliant": "Nei", "councilname": "Tromsø", "countyname": "Troms" }, "geometry": { "type": "Point", "coordinates": [ 18.731999999996241, 69.687666666664754 ] } },
{ "type": "Feature", "properties": { "portfacilityno": "NOTOS-0002", "locationnamenor": "Sommarøy havneanlegg", "harbour": "Sommarøy", "ownertypenor": "Privat", "pfsaapprovalperiodvalidto": "31.10.2029", "portfacilitystatusnor": "Godkjent", "functionsnor": "Stykkgods", "hascruisefunction": "Nei", "issafeloadingcompliant": "Nei", "councilname": "Tromsø", "countyname": "Troms" }, "geometry": { "type": "Point", "coordinates": [ 18.00024333333279, 69.634743333332864 ] } },
{ "type": "Feature", "properties": { "portfacilityno": "NOTOS-0003", "locationnamenor": "Tromsø Bunkerdepot", "harbour": "Tromsø", "ownertypenor": "Privat", "pfsaapprovalperiodvalidto": "28.04.2026", "portfacilitystatusnor": "Godkjent", "functionsnor": "Olje, Bulk", "hascruisefunction": "Nei", "issafeloadingcompliant": "Nei", "councilname": "Tromsø", "countyname": "Troms" }, "geometry": { "type": "Point", "coordinates": [ 18.972499999993659, 69.658833333330222 ] } },
{ "type": "Feature", "properties": { "portfacilityno": "NOTOS-0004", "locationnamenor": "Breivika havneanlegg", "harbour": "Tromsø", "ownertypenor": "Offentlig", "pfsaapprovalperiodvalidto": "16.01.2028", "portfacilitystatusnor": "Godkjent", "functionsnor": "Cruise, Stykkgods, Container, Ventekai, Annet offshore", "hascruisefunction": "Ja", "issafeloadingcompliant": "Nei", "councilname": "Tromsø", "countyname": "Troms" }, "geometry": { "type": "Point", "coordinates": [ 18.98633333332678, 69.677666666663512 ] } },
{ "type": "Feature", "properties": { "portfacilityno": "NOTOS-0006", "locationnamenor": "Pelagia Tromsø", "harbour": "Tromsø", "ownertypenor": "Privat", "pfsaapprovalperiodvalidto": "25.02.2026", "portfacilitystatusnor": "Godkjent", "functionsnor": "Kjemikalie, Stykkgods", "hascruisefunction": "Nei", "issafeloadingcompliant": "Nei", "councilname": "Tromsø", "countyname": "Troms" }, "geometry": { "type": "Point", "coordinates": [ 18.948833333327261, 69.628499999997061 ] } },
{ "type": "Feature", "properties": { "portfacilityno": "NOTOS-0009", "locationnamenor": "Nor Lines havneanlegg", "harbour": "Tromsø", "ownertypenor": "Privat", "pfsaapprovalperiodvalidto": "30.09.2027", "portfacilitystatusnor": "Godkjent", "functionsnor": "Bulk, Stykkgods, Container, Ventekai", "hascruisefunction": "Nei", "issafeloadingcompliant": "Nei", "councilname": "Tromsø", "countyname": "Troms" }, "geometry": { "type": "Point", "coordinates": [ 19.020333333326313, 69.703999999996583 ] } },
{ "type": "Feature", "properties": { "portfacilityno": "NOTOS-0011", "locationnamenor": "Prostneset havneanlegg", "harbour": "Tromsø", "ownertypenor": "Offentlig", "pfsaapprovalperiodvalidto": "07.11.2027", "portfacilitystatusnor": "Godkjent", "functionsnor": "Cruise, Stykkgods, Ventekai", "hascruisefunction": "Ja", "issafeloadingcompliant": "Nei", "councilname": "Tromsø", "countyname": "Troms" }, "geometry": { "type": "Point", "coordinates": [ 18.961166666660503, 69.647166666663708 ] } },
{ "type": "Feature", "properties": { "portfacilityno": "NOTOS-0012", "locationnamenor": "St1 Skjelnan Depot", "harbour": "Tromsø", "ownertypenor": "Privat", "pfsaapprovalperiodvalidto": "14.08.2028", "portfacilitystatusnor": "Godkjent", "functionsnor": "Olje", "hascruisefunction": "Nei", "issafeloadingcompliant": "Nei", "councilname": "Tromsø", "countyname": "Troms" }, "geometry": { "type": "Point", "coordinates": [ 19.075268423250684, 69.697845802084004 ] } },
{ "type": "Feature", "properties": { "portfacilityno": "NOTOS-0013", "locationnamenor": "Tromsø Fiskeindustri AS", "harbour": "Tromsø", "ownertypenor": "Privat", "pfsaapprovalperiodvalidto": "02.06.2026", "portfacilitystatusnor": "Godkjent", "functionsnor": "Kjemikalie, Bulk", "hascruisefunction": "Nei", "issafeloadingcompliant": "Nei", "councilname": "Tromsø", "countyname": "Troms" }, "geometry": { "type": "Point", "coordinates": [ 18.975999999993618, 69.671166666663609 ] } },
{ "type": "Feature", "properties": { "portfacilityno": "NOTOS-0015", "locationnamenor": "Troms fryseterminal AS", "harbour": "Tromsø", "ownertypenor": "Privat", "pfsaapprovalperiodvalidto": "24.11.2025", "portfacilitystatusnor": "Godkjent", "functionsnor": "Bulk, Stykkgods", "hascruisefunction": "Nei", "issafeloadingcompliant": "Nei", "councilname": "Tromsø", "countyname": "Troms" }, "geometry": { "type": "Point", "coordinates": [ 18.94499999999401, 69.626833333330381 ] } },
{ "type": "Feature", "properties": { "portfacilityno": "NOTRD-0001", "locationnamenor": "Esso Høvringen lager", "harbour": "Trondheim", "ownertypenor": "Privat", "pfsaapprovalperiodvalidto": "25.03.2030", "portfacilitystatusnor": "Godkjent", "functionsnor": "Kjemikalie, Olje", "hascruisefunction": "Nei", "issafeloadingcompliant": "Nei", "councilname": "Trondheim", "countyname": "Trøndelag" }, "geometry": { "type": "Point", "coordinates": [ 10.345817240094759, 63.443926661984911 ] } },
{ "type": "Feature", "properties": { "portfacilityno": "NOTRD-0010", "locationnamenor": "Circle K Fagervika havneanlegg", "harbour": "Trondheim", "ownertypenor": "Privat", "pfsaapprovalperiodvalidto": "07.03.2029", "portfacilitystatusnor": "Godkjent", "functionsnor": "Olje", "hascruisefunction": "Nei", "issafeloadingcompliant": "Nei", "councilname": "Trondheim", "countyname": "Trøndelag" }, "geometry": { "type": "Point", "coordinates": [ 10.350370144859475, 63.439832219229075 ] } },
{ "type": "Feature", "properties": { "portfacilityno": "NOTRD-0003", "locationnamenor": "Ila kai 26-30", "harbour": "Trondheim", "ownertypenor": "Offentlig", "pfsaapprovalperiodvalidto": "25.03.2030", "portfacilitystatusnor": "Godkjent", "functionsnor": "Cruise, Kjemikalie, Bulk, Stykkgods", "hascruisefunction": "Ja", "issafeloadingcompliant": "Nei", "councilname": "Trondheim", "countyname": "Trøndelag" }, "geometry": { "type": "Point", "coordinates": [ 10.368344062184098, 63.432543786222766 ] } },
{ "type": "Feature", "properties": { "portfacilityno": "NOTRD-0005", "locationnamenor": "Nyhavna havneanlegg", "harbour": "Trondheim", "ownertypenor": "Offentlig", "pfsaapprovalperiodvalidto": "26.03.2030", "portfacilitystatusnor": "Godkjent", "functionsnor": "Bulk, Stykkgods", "hascruisefunction": "Nei", "issafeloadingcompliant": "Nei", "councilname": "Trondheim", "countyname": "Trøndelag" }, "geometry": { "type": "Point", "coordinates": [ 10.420500000012993, 63.4425000000195 ] } },
{ "type": "Feature", "properties": { "portfacilityno": "NOTRD-0008", "locationnamenor": "Pir 1 og Pir 2", "harbour": "Trondheim", "ownertypenor": "Offentlig", "pfsaapprovalperiodvalidto": "03.01.2029", "portfacilitystatusnor": "Godkjent", "functionsnor": "Cruise, Bulk, Stykkgods, Container", "hascruisefunction": "Ja", "issafeloadingcompliant": "Nei", "councilname": "Trondheim", "countyname": "Trøndelag" }, "geometry": { "type": "Point", "coordinates": [ 10.406666666680136, 63.442000000019981 ] } },
{ "type": "Feature", "properties": { "portfacilityno": "NOTRD-0011", "locationnamenor": "Turistskipskaia kai 68", "harbour": "Trondheim", "ownertypenor": "Offentlig", "pfsaapprovalperiodvalidto": "25.03.2026", "portfacilitystatusnor": "Godkjent", "functionsnor": "Cruise, Ventekai", "hascruisefunction": "Ja", "issafeloadingcompliant": "Nei", "councilname": "Trondheim", "countyname": "Trøndelag" }, "geometry": { "type": "Point", "coordinates": [ 10.398333333347011, 63.441166666686996 ] } },
{ "type": "Feature", "properties": { "portfacilityno": "NOTYF-0001", "locationnamenor": "Drag industrikai", "harbour": "Drag", "ownertypenor": "Offentlig", "pfsaapprovalperiodvalidto": "23.08.2029", "portfacilitystatusnor": "Godkjent", "functionsnor": "Bulk, Ventekai", "hascruisefunction": "Nei", "issafeloadingcompliant": "Nei", "councilname": "Hamarøy", "countyname": "Nordland" }, "geometry": { "type": "Point", "coordinates": [ 16.077167, 68.047332999999753 ] } },
{ "type": "Feature", "properties": { "portfacilityno": "NOULS-0014", "locationnamenor": "Green Yard Kleven AS", "harbour": "Ulsteinvik", "ownertypenor": "Privat", "pfsaapprovalperiodvalidto": "02.05.2028", "portfacilitystatusnor": "Godkjent", "functionsnor": "Stykkgods, Skipsverft", "hascruisefunction": "Nei", "issafeloadingcompliant": "Nei", "councilname": "Ulstein", "countyname": "Møre og Romsdal" }, "geometry": { "type": "Point", "coordinates": [ 5.84416667085141, 62.323666673980043 ] } },
{ "type": "Feature", "properties": { "portfacilityno": "NOULS-0016", "locationnamenor": "Myklebust Verft", "harbour": "Gursken", "ownertypenor": "Privat", "pfsaapprovalperiodvalidto": "23.04.2029", "portfacilitystatusnor": "Godkjent", "functionsnor": "Stykkgods, Skipsverft, Annet", "hascruisefunction": "Nei", "issafeloadingcompliant": "Nei", "councilname": "Sande", "countyname": "Møre og Romsdal" }, "geometry": { "type": "Point", "coordinates": [ 5.642666671541536, 62.221333342306536 ] } },
{ "type": "Feature", "properties": { "portfacilityno": "NOULS-0001", "locationnamenor": "Kongsberg Maritime Propulsion Ulsteinvik", "harbour": "Ulsteinvik", "ownertypenor": "Privat", "pfsaapprovalperiodvalidto": "21.03.2029", "portfacilitystatusnor": "Godkjent", "functionsnor": "Stykkgods", "hascruisefunction": "Nei", "issafeloadingcompliant": "Nei", "councilname": "Ulstein", "countyname": "Møre og Romsdal" }, "geometry": { "type": "Point", "coordinates": [ 5.836000004221287, 62.342166673991109 ] } },
{ "type": "Feature", "properties": { "portfacilityno": "NOULS-0002", "locationnamenor": "Ulstein Verft", "harbour": "Ulsteinvik", "ownertypenor": "Privat", "pfsaapprovalperiodvalidto": "05.07.2029", "portfacilitystatusnor": "Godkjent", "functionsnor": "Stykkgods, Skipsverft", "hascruisefunction": "Nei", "issafeloadingcompliant": "Nei", "councilname": "Ulstein", "countyname": "Møre og Romsdal" }, "geometry": { "type": "Point", "coordinates": [ 5.822102479116732, 62.338897341018686 ] } },
{ "type": "Feature", "properties": { "portfacilityno": "NOVDS-0001", "locationnamenor": "Vadsø Havneanlegg", "harbour": "Vadsø", "ownertypenor": "Offentlig", "pfsaapprovalperiodvalidto": "25.02.2030", "portfacilitystatusnor": "Godkjent", "functionsnor": "Cruise, Bulk, Stykkgods, Container, Ventekai", "hascruisefunction": "Ja", "issafeloadingcompliant": "Nei", "councilname": "Vadsø", "countyname": "Finnmark" }, "geometry": { "type": "Point", "coordinates": [ 29.73761981068677, 70.070758221448017 ] } },
{ "type": "Feature", "properties": { "portfacilityno": "NOVEY-0001", "locationnamenor": "Værøy Fryseterminal", "harbour": "Værøy Sørlandsvågen", "ownertypenor": "Privat", "pfsaapprovalperiodvalidto": "13.06.2030", "portfacilitystatusnor": "Godkjent", "functionsnor": "Kjemikalie, Bulk, Stykkgods, Container", "hascruisefunction": "Nei", "issafeloadingcompliant": "Nei", "councilname": "Værøy", "countyname": "Nordland" }, "geometry": { "type": "Point", "coordinates": [ 12.701166666669893, 67.657833333329719 ] } },
{ "type": "Feature", "properties": { "portfacilityno": "NOVGN-0001", "locationnamenor": "Hopen Fisk AS", "harbour": "Hopen", "ownertypenor": "Privat", "pfsaapprovalperiodvalidto": "05.09.2029", "portfacilitystatusnor": "Godkjent", "functionsnor": "Kjemikalie", "hascruisefunction": "Nei", "issafeloadingcompliant": "Nei", "councilname": "Vågan", "countyname": "Nordland" }, "geometry": { "type": "Point", "coordinates": [ 14.346167, 68.193666999999763 ] } },
{ "type": "Feature", "properties": { "portfacilityno": "NOVAO-0007", "locationnamenor": "Dampskipskaia", "harbour": "Vardø", "ownertypenor": "Offentlig", "pfsaapprovalperiodvalidto": "05.01.2029", "portfacilitystatusnor": "Godkjent", "functionsnor": "Bulk, Stykkgods, Annet", "hascruisefunction": "Nei", "issafeloadingcompliant": "Nei", "councilname": "Vardø", "countyname": "Finnmark" }, "geometry": { "type": "Point", "coordinates": [ 31.10411984693933, 70.374459244340201 ] } },
{ "type": "Feature", "properties": { "portfacilityno": "NOVER-0001", "locationnamenor": "Verdal havneanlegg", "harbour": "Verdal", "ownertypenor": "Offentlig", "pfsaapprovalperiodvalidto": "17.11.2026", "portfacilitystatusnor": "Godkjent", "functionsnor": "Bulk, Stykkgods, Ventekai", "hascruisefunction": "Nei", "issafeloadingcompliant": "Nei", "councilname": "Verdal", "countyname": "Trøndelag" }, "geometry": { "type": "Point", "coordinates": [ 11.440573085253437, 63.785871247101632 ] } },
{ "type": "Feature", "properties": { "portfacilityno": "NOVST-0003", "locationnamenor": "Felleskjøpet Agri Vestnes", "harbour": "Skorgeneset", "ownertypenor": "Privat", "pfsaapprovalperiodvalidto": "26.09.2027", "portfacilitystatusnor": "Godkjent", "functionsnor": "Kjemikalie, Bulk", "hascruisefunction": "Nei", "issafeloadingcompliant": "Nei", "councilname": "Vestnes", "countyname": "Møre og Romsdal" }, "geometry": { "type": "Point", "coordinates": [ 7.121333334694495, 62.577500002035947 ] } },
{ "type": "Feature", "properties": { "portfacilityno": "NOVST-0001", "locationnamenor": "Vard Langsten", "harbour": "Tomrefjord", "ownertypenor": "Privat", "pfsaapprovalperiodvalidto": "08.02.2026", "portfacilitystatusnor": "Godkjent", "functionsnor": "Stykkgods, Ventekai, Skipsverft", "hascruisefunction": "Nei", "issafeloadingcompliant": "Nei", "councilname": "Vestnes", "countyname": "Møre og Romsdal" }, "geometry": { "type": "Point", "coordinates": [ 6.929666668307587, 62.585166669127467 ] } },
{ "type": "Feature", "properties": { "portfacilityno": "NOVST-0002", "locationnamenor": "Skorgenes Kai", "harbour": "Vestnes", "ownertypenor": "Offentlig", "pfsaapprovalperiodvalidto": "17.08.2028", "portfacilitystatusnor": "Godkjent", "functionsnor": "Bulk, Stykkgods, Container, Ventekai, Skipsverft, Annet", "hascruisefunction": "Nei", "issafeloadingcompliant": "Nei", "councilname": "Vestnes", "countyname": "Møre og Romsdal" }, "geometry": { "type": "Point", "coordinates": [ 7.125500001355242, 62.575000002028965 ] } },
{ "type": "Feature", "properties": { "portfacilityno": "NOVVY-0001", "locationnamenor": "Leknes havn", "harbour": "Leknes", "ownertypenor": "Offentlig", "pfsaapprovalperiodvalidto": "19.06.2030", "portfacilitystatusnor": "Godkjent", "functionsnor": "Cruise, Bulk, Stykkgods, Container", "hascruisefunction": "Ja", "issafeloadingcompliant": "Nei", "councilname": "Vestvågøy", "countyname": "Nordland" }, "geometry": { "type": "Point", "coordinates": [ 13.572, 68.12749999999977 ] } },
{ "type": "Feature", "properties": { "portfacilityno": "NOKKN-0015", "locationnamenor": "Sentrumskaia", "harbour": "Kirkenes", "ownertypenor": "Offentlig", "pfsaapprovalperiodvalidto": "01.04.2030", "portfacilitystatusnor": "Godkjent", "functionsnor": "Cruise, Bulk, Stykkgods, Ventekai", "hascruisefunction": "Ja", "issafeloadingcompliant": "Nei", "councilname": "Sør-Varanger", "countyname": "Finnmark" }, "geometry": { "type": "Point", "coordinates": [ 30.040666440530945, 69.729499876261201 ] } },
{ "type": "Feature", "properties": { "portfacilityno": "NOKKN-0016", "locationnamenor": "Kimek havneanlegg", "harbour": "Kirkenes", "ownertypenor": "Privat", "pfsaapprovalperiodvalidto": "03.01.2028", "portfacilitystatusnor": "Godkjent", "functionsnor": "Stykkgods, Ventekai, Skipsverft, Annet offshore", "hascruisefunction": "Nei", "issafeloadingcompliant": "Nei", "councilname": "Sør-Varanger", "countyname": "Finnmark" }, "geometry": { "type": "Point", "coordinates": [ 30.034333107968912, 69.72866654336076 ] } },
{ "type": "Feature", "properties": { "portfacilityno": "NOHIT-0001", "locationnamenor": "Hitra Kysthavn havneanlegg", "harbour": "Sandstad", "ownertypenor": "Offentlig", "pfsaapprovalperiodvalidto": "01.12.2028", "portfacilitystatusnor": "Godkjent", "functionsnor": "Cruise, Bulk, Stykkgods, Container, Ventekai", "hascruisefunction": "Ja", "issafeloadingcompliant": "Nei", "councilname": "Hitra", "countyname": "Trøndelag" }, "geometry": { "type": "Point", "coordinates": [ 9.111500000142598, 63.51500000014272 ] } },
{ "type": "Feature", "properties": { "portfacilityno": "NOVER-0002", "locationnamenor": "Aker Solutions havneanlegg avdeling Verdal", "harbour": "Verdal", "ownertypenor": "Privat", "pfsaapprovalperiodvalidto": "06.05.2026", "portfacilitystatusnor": "Godkjent", "functionsnor": "Stykkgods, Offshore forskyning", "hascruisefunction": "Nei", "issafeloadingcompliant": "Nei", "councilname": "Verdal", "countyname": "Trøndelag" }, "geometry": { "type": "Point", "coordinates": [ 11.43499999999956, 63.790833333335272 ] } },
{ "type": "Feature", "properties": { "portfacilityno": "NOHRI-0009", "locationnamenor": "Hareid Service Base", "harbour": "Hareid", "ownertypenor": "Privat", "pfsaapprovalperiodvalidto": "14.05.2030", "portfacilitystatusnor": "Godkjent", "functionsnor": "Cruise, Stykkgods, Container, Skipsverft, Offshore forskyning, Annet offshore", "hascruisefunction": "Ja", "issafeloadingcompliant": "Nei", "councilname": "Hareid", "countyname": "Møre og Romsdal" }, "geometry": { "type": "Point", "coordinates": [ 6.037666670244239, 62.367500006084541 ] } },
{ "type": "Feature", "properties": { "portfacilityno": "NOHVG-0017", "locationnamenor": "Honningsvåg Kai Nord", "harbour": "Honningsvåg", "ownertypenor": "Offentlig", "pfsaapprovalperiodvalidto": "18.12.2029", "portfacilitystatusnor": "Godkjent", "functionsnor": "Cruise, Bulk, Stykkgods", "hascruisefunction": "Ja", "issafeloadingcompliant": "Nei", "councilname": "Nordkapp", "countyname": "Finnmark" }, "geometry": { "type": "Point", "coordinates": [ 25.963477200447905, 70.984152671720537 ] } },
{ "type": "Feature", "properties": { "portfacilityno": "NOSRP-0002", "locationnamenor": "Ølen Betong AS - Leirvik", "harbour": "Leirvik", "ownertypenor": "Privat", "pfsaapprovalperiodvalidto": "27.11.2029", "portfacilitystatusnor": "Godkjent", "functionsnor": "Bulk, Stykkgods, Ventekai", "hascruisefunction": "Nei", "issafeloadingcompliant": "Nei", "councilname": "Stord", "countyname": "Vestland" }, "geometry": { "type": "Point", "coordinates": [ 5.511500003284644, 59.778666684815761 ] } },
{ "type": "Feature", "properties": { "portfacilityno": "NOOKF-0006", "locationnamenor": "Polarfeed havneanlegg", "harbour": "Øksfjord", "ownertypenor": "Privat", "pfsaapprovalperiodvalidto": "26.05.2030", "portfacilitystatusnor": "Godkjent", "functionsnor": "Kjemikalie, Bulk, Stykkgods", "hascruisefunction": "Nei", "issafeloadingcompliant": "Nei", "councilname": "Loppa", "countyname": "Finnmark" }, "geometry": { "type": "Point", "coordinates": [ 22.346666665911037, 70.238333332886342 ] } },
{ "type": "Feature", "properties": { "portfacilityno": "NOVDA-0003", "locationnamenor": "Steinsvik Olivine AS", "harbour": "Steinsvika - Volda", "ownertypenor": "Privat", "pfsaapprovalperiodvalidto": "02.08.2029", "portfacilitystatusnor": "Godkjent", "functionsnor": "Bulk", "hascruisefunction": "Nei", "issafeloadingcompliant": "Nei", "councilname": "Volda", "countyname": "Møre og Romsdal" }, "geometry": { "type": "Point", "coordinates": [ 5.85633300399593, 62.009000007936223 ] } },
{ "type": "Feature", "properties": { "portfacilityno": "NOKVD-0014", "locationnamenor": "Green Yard AS", "harbour": "Kvinesdal", "ownertypenor": "Privat", "pfsaapprovalperiodvalidto": "22.05.2029", "portfacilitystatusnor": "Godkjent", "functionsnor": "Bulk, Skipsverft", "hascruisefunction": "Nei", "issafeloadingcompliant": "Nei", "councilname": "Kvinesdal", "countyname": "Agder" }, "geometry": { "type": "Point", "coordinates": [ 6.840666667001747, 58.260833340499474 ] } },
{ "type": "Feature", "properties": { "portfacilityno": "NOASV-0001", "locationnamenor": "Bekkjarvik Fiskerihamn AS", "harbour": "Bekkjarvik", "ownertypenor": "Privat", "pfsaapprovalperiodvalidto": "15.12.2025", "portfacilitystatusnor": "Godkjent", "functionsnor": "Cruise", "hascruisefunction": "Ja", "issafeloadingcompliant": "Nei", "councilname": "Austevoll", "countyname": "Vestland" }, "geometry": { "type": "Point", "coordinates": [ 5.207000004470605, 60.00733335562601 ] } },
{ "type": "Feature", "properties": { "portfacilityno": "SJLYR-0001", "locationnamenor": "Bykaia, Longyearbyen", "harbour": "Longyearbyen", "ownertypenor": "Offentlig", "pfsaapprovalperiodvalidto": "30.09.2026", "portfacilitystatusnor": "Godkjent", "functionsnor": "Cruise, Stykkgods, Annet", "hascruisefunction": "Ja", "issafeloadingcompliant": "Nei", "councilname": "Spitsbergen", "countyname": "Svalbard" }, "geometry": { "type": "Point", "coordinates": [ 15.60173, 78.229400000000396 ] } },
{ "type": "Feature", "properties": { "portfacilityno": "SJLYR-0003", "locationnamenor": "Kullkaia, Longyearbyen", "harbour": "Longyearbyen", "ownertypenor": "Privat", "pfsaapprovalperiodvalidto": "30.09.2026", "portfacilitystatusnor": "Godkjent", "functionsnor": "Cruise, Bulk, Stykkgods, Container, Ventekai, Annet", "hascruisefunction": "Ja", "issafeloadingcompliant": "Nei", "councilname": "Spitsbergen", "countyname": "Svalbard" }, "geometry": { "type": "Point", "coordinates": [ 15.543, 78.243250000000373 ] } },
{ "type": "Feature", "properties": { "portfacilityno": "SJLYR-0004", "locationnamenor": "Tenderkaia på Bykaia", "harbour": "Longyearbyen", "ownertypenor": "Offentlig", "pfsaapprovalperiodvalidto": "30.09.2026", "portfacilitystatusnor": "Godkjent", "functionsnor": "Cruise, Passasjer", "hascruisefunction": "Ja", "issafeloadingcompliant": "Nei", "councilname": "Spitsbergen", "countyname": "Svalbard" }, "geometry": { "type": "Point", "coordinates": [ 15.59522, 78.229450000000369 ] } },
{ "type": "Feature", "properties": { "portfacilityno": "SJNYA-0001", "locationnamenor": "Ny-Ålesund havneanlegg", "harbour": "Ny-Ålesund", "ownertypenor": "Privat", "pfsaapprovalperiodvalidto": "05.07.2026", "portfacilitystatusnor": "Godkjent", "functionsnor": "Cruise, Passasjer, Olje, Bulk, Stykkgods, Container", "hascruisefunction": "Ja", "issafeloadingcompliant": "Nei", "councilname": "Spitsbergen", "countyname": "Svalbard" }, "geometry": { "type": "Point", "coordinates": [ 11.93589, 78.928790000000177 ] } },
{ "type": "Feature", "properties": { "portfacilityno": "NOBGO-0161", "locationnamenor": "AS Mekanikk Gravdal", "harbour": "Bergen", "ownertypenor": "Privat", "pfsaapprovalperiodvalidto": "01.01.2026", "portfacilitystatusnor": "Godkjent", "functionsnor": "Ventekai, Skipsverft", "hascruisefunction": "Nei", "issafeloadingcompliant": "Nei", "councilname": "Bergen", "countyname": "Vestland" }, "geometry": { "type": "Point", "coordinates": [ 5.254451724809003, 60.393267459752224 ] } },
{ "type": "Feature", "properties": { "portfacilityno": "NOGLP-0001", "locationnamenor": "Kattahamrane kaianlegg", "harbour": "Sandane", "ownertypenor": "Offentlig", "pfsaapprovalperiodvalidto": "07.02.2028", "portfacilitystatusnor": "Godkjent", "functionsnor": "Bulk, Stykkgods", "hascruisefunction": "Nei", "issafeloadingcompliant": "Nei", "councilname": "Gloppen", "countyname": "Vestland" }, "geometry": { "type": "Point", "coordinates": [ 6.193420002919767, 61.782100006263434 ] } },
{ "type": "Feature", "properties": { "portfacilityno": "NOSLV-0003", "locationnamenor": "Puma Energy Norway AS", "harbour": "Sløvåg Industriområde", "ownertypenor": "Privat", "pfsaapprovalperiodvalidto": "10.07.2029", "portfacilitystatusnor": "Godkjent", "functionsnor": "Olje, Bulk, Ventekai", "hascruisefunction": "Nei", "issafeloadingcompliant": "Nei", "councilname": "Gulen", "countyname": "Vestland" }, "geometry": { "type": "Point", "coordinates": [ 5.065500006146229, 60.843833354126275 ] } },
{ "type": "Feature", "properties": { "portfacilityno": "NOMYO-0002", "locationnamenor": "Biomar Myre", "harbour": "Myre-Øksnes", "ownertypenor": "Privat", "pfsaapprovalperiodvalidto": "09.04.2030", "portfacilitystatusnor": "Godkjent", "functionsnor": "Kjemikalie, Bulk, Stykkgods", "hascruisefunction": "Nei", "issafeloadingcompliant": "Nei", "councilname": "Øksnes", "countyname": "Nordland" }, "geometry": { "type": "Point", "coordinates": [ 15.064167, 68.912999999999798 ] } },
{ "type": "Feature", "properties": { "portfacilityno": "NOHME-0001", "locationnamenor": "Wacker Chemicals Norway AS Holla Metall", "harbour": "Holla", "ownertypenor": "Privat", "pfsaapprovalperiodvalidto": "23.04.2030", "portfacilitystatusnor": "Godkjent", "functionsnor": "Kjemikalie, Bulk, Stykkgods, Container", "hascruisefunction": "Nei", "issafeloadingcompliant": "Nei", "councilname": "Heim", "countyname": "Trøndelag" }, "geometry": { "type": "Point", "coordinates": [ 9.145000000132869, 63.319666666813752 ] } },
{ "type": "Feature", "properties": { "portfacilityno": "NOADN-0006", "locationnamenor": "Nato-kaia Andenes", "harbour": "Andenes", "ownertypenor": "Offentlig", "pfsaapprovalperiodvalidto": "13.01.2028", "portfacilitystatusnor": "Godkjent", "functionsnor": "Bulk, Stykkgods, Container", "hascruisefunction": "Nei", "issafeloadingcompliant": "Nei", "councilname": "Andøy", "countyname": "Nordland" }, "geometry": { "type": "Point", "coordinates": [ 16.13967, 69.326169999999834 ] } },
{ "type": "Feature", "properties": { "portfacilityno": "NOMYO-0003", "locationnamenor": "Kartneset terminal 1", "harbour": "Myre-Øksnes", "ownertypenor": "Privat", "pfsaapprovalperiodvalidto": "11.12.2029", "portfacilitystatusnor": "Godkjent", "functionsnor": "Kjemikalie, Bulk, Stykkgods, Ventekai", "hascruisefunction": "Nei", "issafeloadingcompliant": "Nei", "councilname": "Øksnes", "countyname": "Nordland" }, "geometry": { "type": "Point", "coordinates": [ 15.053071153428782, 68.912466024704131 ] } },
{ "type": "Feature", "properties": { "portfacilityno": "NOEVT-0001", "locationnamenor": "Evenestangen Havneanlegg", "harbour": "Evenestangen", "ownertypenor": "Offentlig", "pfsaapprovalperiodvalidto": "28.04.2026", "portfacilitystatusnor": "Godkjent", "functionsnor": "Bulk", "hascruisefunction": "Nei", "issafeloadingcompliant": "Nei", "councilname": "Evenes", "countyname": "Nordland" }, "geometry": { "type": "Point", "coordinates": [ 16.723, 68.455169999999768 ] } },
{ "type": "Feature", "properties": { "portfacilityno": "NOTOS-0076", "locationnamenor": "Asfaltkaien Tromsø", "harbour": "Tromsø", "ownertypenor": "Privat", "pfsaapprovalperiodvalidto": "14.04.2030", "portfacilitystatusnor": "Godkjent", "functionsnor": "Bulk", "hascruisefunction": "Nei", "issafeloadingcompliant": "Nei", "councilname": "Tromsø", "countyname": "Troms" }, "geometry": { "type": "Point", "coordinates": [ 19.021477041555293, 69.698992555212556 ] } },
{ "type": "Feature", "properties": { "portfacilityno": "NOTOS-0077", "locationnamenor": "IMES havneanlegg", "harbour": "Tromsø", "ownertypenor": "Privat", "pfsaapprovalperiodvalidto": "18.02.2026", "portfacilitystatusnor": "Godkjent", "functionsnor": "Bulk, Stykkgods, Container, Ventekai, Skipsverft", "hascruisefunction": "Nei", "issafeloadingcompliant": "Nei", "councilname": "Tromsø", "countyname": "Troms" }, "geometry": { "type": "Point", "coordinates": [ 18.980299999993555, 69.647016666663589 ] } },
{ "type": "Feature", "properties": { "portfacilityno": "NOTOS-0075", "locationnamenor": "Grøtsund havneanlegg", "harbour": "Tromsø", "ownertypenor": "Offentlig", "pfsaapprovalperiodvalidto": "30.11.2027", "portfacilitystatusnor": "Godkjent", "functionsnor": "Bulk, Stykkgods, Container, Ventekai, Annet offshore", "hascruisefunction": "Nei", "issafeloadingcompliant": "Nei", "councilname": "Tromsø", "countyname": "Troms" }, "geometry": { "type": "Point", "coordinates": [ 19.141158714285506, 69.747765987631283 ] } },
{ "type": "Feature", "properties": { "portfacilityno": "NOHBT-0007", "locationnamenor": "Hamnbukt havneanlegg", "harbour": "Hamnbukt - Porsanger", "ownertypenor": "Offentlig", "pfsaapprovalperiodvalidto": "29.05.2029", "portfacilitystatusnor": "Godkjent", "functionsnor": "Cruise", "hascruisefunction": "Ja", "issafeloadingcompliant": "Nei", "councilname": "Porsanger Porsángu Porsanki", "countyname": "Finnmark" }, "geometry": { "type": "Point", "coordinates": [ 25.075124387543813, 70.093118257863054 ] } },
{ "type": "Feature", "properties": { "portfacilityno": "NOLIE-0011", "locationnamenor": "Lierstranda Tømmerterminal", "harbour": "Drammen", "ownertypenor": "Privat", "pfsaapprovalperiodvalidto": "29.10.2029", "portfacilitystatusnor": "Godkjent", "functionsnor": "Bulk", "hascruisefunction": "Nei", "issafeloadingcompliant": "Nei", "councilname": "Drammen", "countyname": "Buskerud" }, "geometry": { "type": "Point", "coordinates": [ 10.256333333320002, 59.745000000071933 ] } },
{ "type": "Feature", "properties": { "portfacilityno": "NOSLM-0001", "locationnamenor": "Heidelberg Materials Slemmestad", "harbour": "Slemmestad", "ownertypenor": "Privat", "pfsaapprovalperiodvalidto": "09.05.2028", "portfacilitystatusnor": "Godkjent", "functionsnor": "Bulk", "hascruisefunction": "Nei", "issafeloadingcompliant": "Nei", "councilname": "Asker", "countyname": "Akershus" }, "geometry": { "type": "Point", "coordinates": [ 10.498999999986623, 59.783166666713555 ] } },
{ "type": "Feature", "properties": { "portfacilityno": "NOKRA-0005", "locationnamenor": "Snekkevik Kvartsbrudd", "harbour": "Snekkevik - Kragerø", "ownertypenor": "Privat", "pfsaapprovalperiodvalidto": "12.12.2029", "portfacilitystatusnor": "Godkjent", "functionsnor": "Bulk", "hascruisefunction": "Nei", "issafeloadingcompliant": "Nei", "councilname": "Kragerø", "countyname": "Telemark" }, "geometry": { "type": "Point", "coordinates": [ 9.301833333313493, 58.861333333701168 ] } },
{ "type": "Feature", "properties": { "portfacilityno": "NOFRE-0009", "locationnamenor": "Harøysund fiskerikai", "harbour": "Harøysundet", "ownertypenor": "Offentlig", "pfsaapprovalperiodvalidto": "11.08.2030", "portfacilitystatusnor": "Godkjent", "functionsnor": "Bulk, Stykkgods, Container, Ventekai", "hascruisefunction": "Nei", "issafeloadingcompliant": "Nei", "councilname": "Hustadvika", "countyname": "Møre og Romsdal" }, "geometry": { "type": "Point", "coordinates": [ 6.960666668303578, 62.884166668829138 ] } },
{ "type": "Feature", "properties": { "portfacilityno": "SJLYR-0002", "locationnamenor": "Gammelkaia", "harbour": "Longyearbyen", "ownertypenor": "Privat", "pfsaapprovalperiodvalidto": "30.09.2026", "portfacilitystatusnor": "Godkjent", "functionsnor": "Cruise, Olje, Stykkgods, Container, Annet", "hascruisefunction": "Ja", "issafeloadingcompliant": "Nei", "councilname": "Spitsbergen", "countyname": "Svalbard" }, "geometry": { "type": "Point", "coordinates": [ 15.62521, 78.226950000000386 ] } },
{ "type": "Feature", "properties": { "portfacilityno": "NONOD-0002", "locationnamenor": "Syltemoa Sandtak kai", "harbour": "Valldal", "ownertypenor": "Privat", "pfsaapprovalperiodvalidto": "22.07.2026", "portfacilitystatusnor": "Godkjent", "functionsnor": "Bulk, Stykkgods", "hascruisefunction": "Nei", "issafeloadingcompliant": "Nei", "councilname": "Fjord", "countyname": "Møre og Romsdal" }, "geometry": { "type": "Point", "coordinates": [ 7.265333334477095, 62.297500001916191 ] } },
{ "type": "Feature", "properties": { "portfacilityno": "NOOSY-0017", "locationnamenor": "Hammernesodden havneanlegg", "harbour": "Namsos", "ownertypenor": "Offentlig", "pfsaapprovalperiodvalidto": "07.05.2026", "portfacilitystatusnor": "Godkjent", "functionsnor": "Stykkgods, Container", "hascruisefunction": "Nei", "issafeloadingcompliant": "Nei", "councilname": "Namsos", "countyname": "Trøndelag" }, "geometry": { "type": "Point", "coordinates": [ 11.279615000000989, 64.357433000002175 ] } },
{ "type": "Feature", "properties": { "portfacilityno": "NOAES-0149", "locationnamenor": "Humla havneanlegg", "harbour": "Ålesund", "ownertypenor": "Offentlig", "pfsaapprovalperiodvalidto": "25.02.2027", "portfacilitystatusnor": "Godkjent", "functionsnor": "Ventekai", "hascruisefunction": "Nei", "issafeloadingcompliant": "Nei", "councilname": "Ålesund", "countyname": "Møre og Romsdal" }, "geometry": { "type": "Point", "coordinates": [ 6.277833002935584, 62.448500004777209 ] } },
{ "type": "Feature", "properties": { "portfacilityno": "NOSLX-0004", "locationnamenor": "Holmen industriområde havneanlegg", "harbour": "Sortland", "ownertypenor": "Privat", "pfsaapprovalperiodvalidto": "14.01.2026", "portfacilitystatusnor": "Godkjent", "functionsnor": "Bulk, Stykkgods", "hascruisefunction": "Nei", "issafeloadingcompliant": "Nei", "councilname": "Sortland", "countyname": "Nordland" }, "geometry": { "type": "Point", "coordinates": [ 15.518611111111083, 68.73472222222199 ] } },
{ "type": "Feature", "properties": { "portfacilityno": "NOBGO-0162", "locationnamenor": "Dolviken tankanlegg", "harbour": "Bergen", "ownertypenor": "Privat", "pfsaapprovalperiodvalidto": "13.12.2026", "portfacilitystatusnor": "Godkjent", "functionsnor": "Olje", "hascruisefunction": "Nei", "issafeloadingcompliant": "Nei", "councilname": "Bergen", "countyname": "Vestland" }, "geometry": { "type": "Point", "coordinates": [ 5.249013766641744, 60.321736763118395 ] } },
{ "type": "Feature", "properties": { "portfacilityno": "NOBGO-0163", "locationnamenor": "Nygårdsviken havneanlegg", "harbour": "Bergen", "ownertypenor": "Privat", "pfsaapprovalperiodvalidto": "07.04.2027", "portfacilitystatusnor": "Godkjent", "functionsnor": "Stykkgods, Ventekai", "hascruisefunction": "Nei", "issafeloadingcompliant": "Nei", "councilname": "Bergen", "countyname": "Vestland" }, "geometry": { "type": "Point", "coordinates": [ 5.271805560247282, 60.394138908302615 ] } },
{ "type": "Feature", "properties": { "portfacilityno": "NOMAY-0097", "locationnamenor": "Pelagia Måløy Sildoljefabrikk avd. Ulvesund", "harbour": "Måløy", "ownertypenor": "Privat", "pfsaapprovalperiodvalidto": "02.01.2030", "portfacilitystatusnor": "Godkjent", "functionsnor": "Bulk", "hascruisefunction": "Nei", "issafeloadingcompliant": "Nei", "councilname": "Kinn", "countyname": "Vestland" }, "geometry": { "type": "Point", "coordinates": [ 5.144722223612907, 61.943000014714244 ] } },
{ "type": "Feature", "properties": { "portfacilityno": "NOHJL-0001", "locationnamenor": "Heidelberg Materials Jøsenfjorden havneanlegg", "harbour": "Hjelmeland", "ownertypenor": "Privat", "pfsaapprovalperiodvalidto": "29.01.2026", "portfacilitystatusnor": "Godkjent", "functionsnor": "Bulk", "hascruisefunction": "Nei", "issafeloadingcompliant": "Nei", "councilname": "Hjelmeland", "countyname": "Rogaland" }, "geometry": { "type": "Point", "coordinates": [ 6.446388890059497, 59.321277786498001 ] } },
{ "type": "Feature", "properties": { "portfacilityno": "NOHRD-0026", "locationnamenor": "Seljestad havneanlegg", "harbour": "Harstad ", "ownertypenor": "Offentlig", "pfsaapprovalperiodvalidto": "16.12.2029", "portfacilitystatusnor": "Godkjent", "functionsnor": "Cruise, Bulk, Stykkgods, Ventekai", "hascruisefunction": "Ja", "issafeloadingcompliant": "Nei", "councilname": "Harstad", "countyname": "Troms" }, "geometry": { "type": "Point", "coordinates": [ 16.546666666666688, 68.791666666666487 ] } },
{ "type": "Feature", "properties": { "portfacilityno": "NOBJU-0001", "locationnamenor": "Mowi Feed avd. Valsneset", "harbour": "Valsneset", "ownertypenor": "Privat", "pfsaapprovalperiodvalidto": "29.06.2026", "portfacilitystatusnor": "Godkjent", "functionsnor": "Gass, Kjemikalie, Bulk, Stykkgods", "hascruisefunction": "Nei", "issafeloadingcompliant": "Nei", "councilname": "Ørland", "countyname": "Trøndelag" }, "geometry": { "type": "Point", "coordinates": [ 9.636217000065995, 63.817567000059654 ] } },
{ "type": "Feature", "properties": { "portfacilityno": "NOMAN-0005", "locationnamenor": "Strømsvika Havneanlegg", "harbour": "Mandal", "ownertypenor": "Offentlig", "pfsaapprovalperiodvalidto": "12.01.2028", "portfacilitystatusnor": "Godkjent", "functionsnor": "Bulk, Stykkgods, Ventekai", "hascruisefunction": "Nei", "issafeloadingcompliant": "Nei", "councilname": "Lindesnes", "countyname": "Agder" }, "geometry": { "type": "Point", "coordinates": [ 7.503333333377645, 58.017333337123652 ] } },
{ "type": "Feature", "properties": { "portfacilityno": "NOBOM-0001", "locationnamenor": "Dalaneset Mosterhamn havneanlegg", "harbour": "Mosterhamn", "ownertypenor": "Privat", "pfsaapprovalperiodvalidto": "20.10.2026", "portfacilitystatusnor": "Godkjent", "functionsnor": "Ventekai", "hascruisefunction": "Nei", "issafeloadingcompliant": "Nei", "councilname": "Bømlo", "countyname": "Vestland" }, "geometry": { "type": "Point", "coordinates": [ 5.389766670177419, 59.700650020409633 ] } },
{ "type": "Feature", "properties": { "portfacilityno": "NOVTL-0001", "locationnamenor": "Vartdal Gjenvinning AS, avd. Vartdal", "harbour": "Vartdal", "ownertypenor": "Privat", "pfsaapprovalperiodvalidto": "18.05.2027", "portfacilitystatusnor": "Godkjent", "functionsnor": "Bulk", "hascruisefunction": "Nei", "issafeloadingcompliant": "Nei", "councilname": "Ørsta", "countyname": "Møre og Romsdal" }, "geometry": { "type": "Point", "coordinates": [ 6.101595760641735, 62.313246852734153 ] } },
{ "type": "Feature", "properties": { "portfacilityno": "NOSTR-0001", "locationnamenor": "Loen tenderkai", "harbour": "Olden", "ownertypenor": "Privat", "pfsaapprovalperiodvalidto": "27.05.2027", "portfacilitystatusnor": "Godkjent", "functionsnor": "Cruise", "hascruisefunction": "Ja", "issafeloadingcompliant": "Nei", "councilname": "Stryn", "countyname": "Vestland" }, "geometry": { "type": "Point", "coordinates": [ 6.838166668315877, 61.874250003327006 ] } },
{ "type": "Feature", "properties": { "portfacilityno": "NOTOS-0078", "locationnamenor": "Grimsholm havneanlegg", "harbour": "Tromsø", "ownertypenor": "Privat", "pfsaapprovalperiodvalidto": "13.10.2026", "portfacilitystatusnor": "Godkjent", "functionsnor": "Stykkgods", "hascruisefunction": "Nei", "issafeloadingcompliant": "Nei", "councilname": "Tromsø", "countyname": "Troms" }, "geometry": { "type": "Point", "coordinates": [ 18.979816102953869, 69.673842356655456 ] } },
{ "type": "Feature", "properties": { "portfacilityno": "NOBOO-0012", "locationnamenor": "Terminalkai Sør", "harbour": "Bodø", "ownertypenor": "Privat", "pfsaapprovalperiodvalidto": "20.05.2030", "portfacilitystatusnor": "Godkjent", "functionsnor": "Cruise, Ventekai", "hascruisefunction": "Ja", "issafeloadingcompliant": "Nei", "councilname": "Bodø", "countyname": "Nordland" }, "geometry": { "type": "Point", "coordinates": [ 14.389494753943591, 67.287776411761314 ] } },
{ "type": "Feature", "properties": { "portfacilityno": "NOFNE-0007", "locationnamenor": "Finnsnes Regionhavn", "harbour": "Finnfjordbotn", "ownertypenor": "Offentlig", "pfsaapprovalperiodvalidto": "07.07.2028", "portfacilitystatusnor": "Godkjent", "functionsnor": "Bulk, Stykkgods, Container, Ventekai", "hascruisefunction": "Nei", "issafeloadingcompliant": "Nei", "councilname": "Senja", "countyname": "Troms" }, "geometry": { "type": "Point", "coordinates": [ 18.074333333332675, 69.218333333332779 ] } },
{ "type": "Feature", "properties": { "portfacilityno": "NONST-0001", "locationnamenor": "Eresfjorden Tenderbrygge", "harbour": "Eresfjord", "ownertypenor": "Offentlig", "pfsaapprovalperiodvalidto": "07.06.2026", "portfacilitystatusnor": "Godkjent", "functionsnor": "Cruise", "hascruisefunction": "Ja", "issafeloadingcompliant": "Nei", "councilname": "Molde", "countyname": "Møre og Romsdal" }, "geometry": { "type": "Point", "coordinates": [ 8.141228557092319, 62.683849084415115 ] } },
{ "type": "Feature", "properties": { "portfacilityno": "NORIS-0002", "locationnamenor": "Krana dypvannskai", "harbour": "Risør", "ownertypenor": "Privat", "pfsaapprovalperiodvalidto": "13.05.2027", "portfacilitystatusnor": "Godkjent", "functionsnor": "Bulk, Stykkgods, Ventekai, Annet offshore, Annet", "hascruisefunction": "Nei", "issafeloadingcompliant": "Nei", "councilname": "Risør", "countyname": "Agder" }, "geometry": { "type": "Point", "coordinates": [ 9.228121662430409, 58.727634610609869 ] } },
{ "type": "Feature", "properties": { "portfacilityno": "NOBTN-0002", "locationnamenor": "Vartdal Gjenvinning AS avd. Florø", "harbour": "Botnaneset - Flora", "ownertypenor": "Privat", "pfsaapprovalperiodvalidto": "07.10.2027", "portfacilitystatusnor": "Godkjent", "functionsnor": "Bulk", "hascruisefunction": "Nei", "issafeloadingcompliant": "Nei", "councilname": "Kinn", "countyname": "Vestland" }, "geometry": { "type": "Point", "coordinates": [ 5.106388895717527, 61.611944461058883 ] } },
{ "type": "Feature", "properties": { "portfacilityno": "NOHRI-0010", "locationnamenor": "Franzefoss Hareid havneanlegg", "harbour": "Hareid", "ownertypenor": "Privat", "pfsaapprovalperiodvalidto": "13.05.2029", "portfacilitystatusnor": "Godkjent", "functionsnor": "Olje, Bulk", "hascruisefunction": "Nei", "issafeloadingcompliant": "Nei", "councilname": "Hareid", "countyname": "Møre og Romsdal" }, "geometry": { "type": "Point", "coordinates": [ 6.02902778138921, 62.387888894982332 ] } },
{ "type": "Feature", "properties": { "portfacilityno": "NOVER-0003", "locationnamenor": "Utrustningskaia Verdal", "harbour": "Verdal", "ownertypenor": "Offentlig", "pfsaapprovalperiodvalidto": "01.11.2027", "portfacilitystatusnor": "Godkjent", "functionsnor": "Kjemikalie, Bulk, Stykkgods", "hascruisefunction": "Nei", "issafeloadingcompliant": "Nei", "councilname": "Verdal", "countyname": "Trøndelag" }, "geometry": { "type": "Point", "coordinates": [ 11.437673949985347, 63.787146183477752 ] } },
{ "type": "Feature", "properties": { "portfacilityno": "NOHJL-0002", "locationnamenor": "Mowi Nutrition Hjelmeland", "harbour": "Hjelmeland", "ownertypenor": "Privat", "pfsaapprovalperiodvalidto": "20.02.2028", "portfacilitystatusnor": "Godkjent", "functionsnor": "Bulk", "hascruisefunction": "Nei", "issafeloadingcompliant": "Nei", "councilname": "Hjelmeland", "countyname": "Rogaland" }, "geometry": { "type": "Point", "coordinates": [ 6.120598001571465, 59.220693011901204 ] } },
{ "type": "Feature", "properties": { "portfacilityno": "NOFRA-0001", "locationnamenor": "Nordhammervika havneanlegg", "harbour": "Hammarvika - Frøya", "ownertypenor": "Offentlig", "pfsaapprovalperiodvalidto": "17.02.2027", "portfacilitystatusnor": "Godkjent", "functionsnor": "Bulk, Stykkgods, Container", "hascruisefunction": "Nei", "issafeloadingcompliant": "Nei", "councilname": "Frøya", "countyname": "Trøndelag" }, "geometry": { "type": "Point", "coordinates": [ 8.845057153931471, 63.711049280586529 ] } },
{ "type": "Feature", "properties": { "portfacilityno": "NOAAF-0001", "locationnamenor": "Monstad Industrikai", "harbour": "Monstad", "ownertypenor": "Offentlig", "pfsaapprovalperiodvalidto": "17.03.2028", "portfacilitystatusnor": "Godkjent", "functionsnor": "Stykkgods, Container", "hascruisefunction": "Nei", "issafeloadingcompliant": "Nei", "councilname": "Åfjord", "countyname": "Trøndelag" }, "geometry": { "type": "Point", "coordinates": [ 10.169398498717996, 63.953214482203897 ] } },
{ "type": "Feature", "properties": { "portfacilityno": "NOTOS-0079", "locationnamenor": "Fiskerikaia havneanlegg", "harbour": "Tromsø", "ownertypenor": "Offentlig", "pfsaapprovalperiodvalidto": "20.10.2025", "portfacilitystatusnor": "Godkjent", "functionsnor": "Bulk, Stykkgods, Container, Ventekai, Annet offshore", "hascruisefunction": "Nei", "issafeloadingcompliant": "Nei", "councilname": "Tromsø", "countyname": "Troms" }, "geometry": { "type": "Point", "coordinates": [ 19.015792465117869, 69.690230111452621 ] } },
{ "type": "Feature", "properties": { "portfacilityno": "NOHOY-0001", "locationnamenor": "Norwest Marine Service as", "harbour": "Husøy - Karmøy", "ownertypenor": "Privat", "pfsaapprovalperiodvalidto": "03.07.2028", "portfacilitystatusnor": "Godkjent", "functionsnor": "Ventekai, Skipsverft", "hascruisefunction": "Nei", "issafeloadingcompliant": "Nei", "councilname": "Karmøy", "countyname": "Rogaland" }, "geometry": { "type": "Point", "coordinates": [ 5.287284781882965, 59.340535832512799 ] } },
{ "type": "Feature", "properties": { "portfacilityno": "NOSUR-0001", "locationnamenor": "Glærum kalksteingruve", "harbour": "Surnadal", "ownertypenor": "Privat", "pfsaapprovalperiodvalidto": "23.06.2028", "portfacilitystatusnor": "Godkjent", "functionsnor": "Bulk", "hascruisefunction": "Nei", "issafeloadingcompliant": "Nei", "councilname": "Surnadal", "countyname": "Møre og Romsdal" }, "geometry": { "type": "Point", "coordinates": [ 8.603906500516455, 62.990249765403888 ] } },
{ "type": "Feature", "properties": { "portfacilityno": "NORVK-0002", "locationnamenor": "Kråkøya Havneterminal", "harbour": "Rørvik", "ownertypenor": "Offentlig", "pfsaapprovalperiodvalidto": "28.03.2028", "portfacilitystatusnor": "Godkjent", "functionsnor": "Kjemikalie, Bulk, Stykkgods, Container, Ventekai", "hascruisefunction": "Nei", "issafeloadingcompliant": "Nei", "councilname": "Nærøysund", "countyname": "Trøndelag" }, "geometry": { "type": "Point", "coordinates": [ 11.298049864505666, 64.883352687794059 ] } },
{ "type": "Feature", "properties": { "portfacilityno": "NOEGE-0001", "locationnamenor": "Hovlandterminalen", "harbour": "Egersund", "ownertypenor": "Offentlig", "pfsaapprovalperiodvalidto": "05.06.2028", "portfacilitystatusnor": "Godkjent", "functionsnor": "Kjemikalie, Bulk, Stykkgods, Ventekai, Annet offshore", "hascruisefunction": "Nei", "issafeloadingcompliant": "Nei", "councilname": "Eigersund", "countyname": "Rogaland" }, "geometry": { "type": "Point", "coordinates": [ 5.978704223976886, 58.4376170106788 ] } },
{ "type": "Feature", "properties": { "portfacilityno": "NONFD-0001", "locationnamenor": "Nordfjordeid  Cruisehavn", "harbour": "Nordfjordeid", "ownertypenor": "Privat", "pfsaapprovalperiodvalidto": "28.04.2028", "portfacilitystatusnor": "Godkjent", "functionsnor": "Cruise", "hascruisefunction": "Ja", "issafeloadingcompliant": "Nei", "councilname": "Stad", "countyname": "Vestland" }, "geometry": { "type": "Point", "coordinates": [ 5.986760003538324, 61.904730007287064 ] } },
{ "type": "Feature", "properties": { "portfacilityno": "NOSLX-0005", "locationnamenor": "Reno-Vest Bremnes", "harbour": "Sortland", "ownertypenor": "Privat", "pfsaapprovalperiodvalidto": "27.09.2027", "portfacilitystatusnor": "Godkjent", "functionsnor": "Bulk", "hascruisefunction": "Nei", "issafeloadingcompliant": "Nei", "councilname": "Sortland", "countyname": "Nordland" }, "geometry": { "type": "Point", "coordinates": [ 15.388736252345382, 68.854022198953487 ] } },
{ "type": "Feature", "properties": { "portfacilityno": "NOKRV-0001", "locationnamenor": "Knarrevik Næringspark", "harbour": "Knarrevik", "ownertypenor": "Privat", "pfsaapprovalperiodvalidto": "04.03.2029", "portfacilitystatusnor": "Godkjent", "functionsnor": "Olje, Bulk", "hascruisefunction": "Nei", "issafeloadingcompliant": "Nei", "councilname": "Øygarden", "countyname": "Vestland" }, "geometry": { "type": "Point", "coordinates": [ 5.161656605045437, 60.370180413248498 ] } },
{ "type": "Feature", "properties": { "portfacilityno": "NOHSO-0001", "locationnamenor": "Karmsund Protein AS", "harbour": "Husøy - Karmøy", "ownertypenor": "Privat", "pfsaapprovalperiodvalidto": "23.03.2028", "portfacilitystatusnor": "Godkjent", "functionsnor": "Kjemikalie, Bulk, Ventekai", "hascruisefunction": "Nei", "issafeloadingcompliant": "Nei", "councilname": "Karmøy", "countyname": "Rogaland" }, "geometry": { "type": "Point", "coordinates": [ 5.290889989351201, 59.33733165948199 ] } },
{ "type": "Feature", "properties": { "portfacilityno": "NONST-0002", "locationnamenor": "Raudsand havneanlegg", "harbour": "Raudsand", "ownertypenor": "Privat", "pfsaapprovalperiodvalidto": "11.08.2028", "portfacilitystatusnor": "Godkjent", "functionsnor": "Bulk", "hascruisefunction": "Nei", "issafeloadingcompliant": "Nei", "councilname": "Molde", "countyname": "Møre og Romsdal" }, "geometry": { "type": "Point", "coordinates": [ 8.125392000476124, 62.842687000628409 ] } },
{ "type": "Feature", "properties": { "portfacilityno": "NOBJY-0001", "locationnamenor": "Trollneset havneanlegg", "harbour": "Bjarkøy", "ownertypenor": "Privat", "pfsaapprovalperiodvalidto": "07.06.2029", "portfacilitystatusnor": "Godkjent", "functionsnor": "Bulk", "hascruisefunction": "Nei", "issafeloadingcompliant": "Nei", "councilname": "Harstad", "countyname": "Troms" }, "geometry": { "type": "Point", "coordinates": [ 16.543361111111093, 69.019694444444198 ] } },
{ "type": "Feature", "properties": { "portfacilityno": "NOLYN-0002", "locationnamenor": "Tytebærvika havneanlegg", "harbour": "Tytebærvika", "ownertypenor": "Offentlig", "pfsaapprovalperiodvalidto": "09.04.2029", "portfacilitystatusnor": "Godkjent", "functionsnor": "Bulk", "hascruisefunction": "Nei", "issafeloadingcompliant": "Nei", "councilname": "Lyngen", "countyname": "Troms" }, "geometry": { "type": "Point", "coordinates": [ 19.960805555517698, 69.598527777760395 ] } },
{ "type": "Feature", "properties": { "portfacilityno": "NOAES-0150", "locationnamenor": "Gustav Stokke AS", "harbour": "Ålesund", "ownertypenor": "Privat", "pfsaapprovalperiodvalidto": "30.05.2029", "portfacilitystatusnor": "Godkjent", "functionsnor": "Stykkgods", "hascruisefunction": "Nei", "issafeloadingcompliant": "Nei", "councilname": "Ålesund", "countyname": "Møre og Romsdal" }, "geometry": { "type": "Point", "coordinates": [ 6.40063080715218, 62.50152371286562 ] } },
{ "type": "Feature", "properties": { "portfacilityno": "NOKON-0002", "locationnamenor": "Molgas Norway", "harbour": "Kollsnes Øst", "ownertypenor": "Privat", "pfsaapprovalperiodvalidto": "19.02.2029", "portfacilitystatusnor": "Godkjent", "functionsnor": "Gass", "hascruisefunction": "Nei", "issafeloadingcompliant": "Nei", "councilname": "Øygarden", "countyname": "Vestland" }, "geometry": { "type": "Point", "coordinates": [ 4.884300148716433, 60.550242732240875 ] } },
{ "type": "Feature", "properties": { "portfacilityno": "NOBRV-0001", "locationnamenor": "Vard Brattvaag", "harbour": "Brattvåg", "ownertypenor": "Privat", "pfsaapprovalperiodvalidto": "04.07.2029", "portfacilitystatusnor": "Godkjent", "functionsnor": "Stykkgods, Ventekai, Skipsverft", "hascruisefunction": "Nei", "issafeloadingcompliant": "Nei", "councilname": "Ålesund", "countyname": "Møre og Romsdal" }, "geometry": { "type": "Point", "coordinates": [ 6.446034910861289, 62.591691324201463 ] } },
{ "type": "Feature", "properties": { "portfacilityno": "NOLOV-0001", "locationnamenor": "Pelagia Lovund havneanlegg", "harbour": "Lovund", "ownertypenor": "Privat", "pfsaapprovalperiodvalidto": "23.05.2029", "portfacilitystatusnor": "Godkjent", "functionsnor": "Kjemikalie, Bulk", "hascruisefunction": "Nei", "issafeloadingcompliant": "Nei", "councilname": "Lurøy", "countyname": "Nordland" }, "geometry": { "type": "Point", "coordinates": [ 12.376871446904076, 66.366323583903991 ] } },
{ "type": "Feature", "properties": { "portfacilityno": "NOTRD-0014", "locationnamenor": "Fagervika Betonganlegg", "harbour": "Trondheim", "ownertypenor": "Privat", "pfsaapprovalperiodvalidto": "13.05.2030", "portfacilitystatusnor": "Godkjent", "functionsnor": "Bulk", "hascruisefunction": "Nei", "issafeloadingcompliant": "Nei", "councilname": "Trondheim", "countyname": "Trøndelag" }, "geometry": { "type": "Point", "coordinates": [ 10.352215577266691, 63.436933242343443 ] } },
{ "type": "Feature", "properties": { "portfacilityno": "NOSLV-0001", "locationnamenor": "Wergeland gruppen havneanlegg", "harbour": "Sløvåg Industriområde", "ownertypenor": "Privat", "pfsaapprovalperiodvalidto": "08.10.2029", "portfacilitystatusnor": "Godkjent", "functionsnor": "Olje, Bulk, Stykkgods, Container, Ventekai, Annet offshore", "hascruisefunction": "Nei", "issafeloadingcompliant": "Nei", "councilname": "Gulen", "countyname": "Vestland" }, "geometry": { "type": "Point", "coordinates": [ 5.069373345046563, 60.846982366384026 ] } },
{ "type": "Feature", "properties": { "portfacilityno": "NOSKU-0001", "locationnamenor": "Steiningsholmen havneanlegg", "harbour": "Skudeneshavn", "ownertypenor": "Privat", "pfsaapprovalperiodvalidto": "27.09.2029", "portfacilitystatusnor": "Godkjent", "functionsnor": "Bulk, Ventekai, Skipsverft", "hascruisefunction": "Nei", "issafeloadingcompliant": "Nei", "councilname": "Karmøy", "countyname": "Rogaland" }, "geometry": { "type": "Point", "coordinates": [ 5.25735471624467, 59.147359800234987 ] } },
{ "type": "Feature", "properties": { "portfacilityno": "NOEGE-0002", "locationnamenor": "Kongsteinterminalen", "harbour": "Egersund", "ownertypenor": "Offentlig", "pfsaapprovalperiodvalidto": "04.07.2029", "portfacilitystatusnor": "Godkjent", "functionsnor": "Bulk, Stykkgods, Ventekai", "hascruisefunction": "Nei", "issafeloadingcompliant": "Nei", "councilname": "Eigersund", "countyname": "Rogaland" }, "geometry": { "type": "Point", "coordinates": [ 5.981719350400669, 58.45538240594405 ] } },
{ "type": "Feature", "properties": { "portfacilityno": "NORVK-0003", "locationnamenor": "Lamholmen kai", "harbour": "Rørvik", "ownertypenor": "Offentlig", "pfsaapprovalperiodvalidto": "14.04.2026", "portfacilitystatusnor": "Godkjent", "functionsnor": "Kjemikalie, Bulk, Ventekai", "hascruisefunction": "Nei", "issafeloadingcompliant": "Nei", "councilname": "Nærøysund", "countyname": "Trøndelag" }, "geometry": { "type": "Point", "coordinates": [ 11.305210908056736, 64.901409867856202 ] } },
{ "type": "Feature", "properties": { "portfacilityno": "NOHVG-0019", "locationnamenor": "Kobbhola bunkeranlegg", "harbour": "Honningsvåg", "ownertypenor": "Offentlig", "pfsaapprovalperiodvalidto": "18.02.2030", "portfacilitystatusnor": "Godkjent", "functionsnor": "Olje, Stykkgods", "hascruisefunction": "Nei", "issafeloadingcompliant": "Nei", "councilname": "Nordkapp", "countyname": "Finnmark" }, "geometry": { "type": "Point", "coordinates": [ 25.93485392137579, 70.987907979950009 ] } },
{ "type": "Feature", "properties": { "portfacilityno": "NOVDL-0001", "locationnamenor": "Vistdal Kai", "harbour": "Vistdal", "ownertypenor": "Privat", "pfsaapprovalperiodvalidto": "14.03.2030", "portfacilitystatusnor": "Godkjent", "functionsnor": "Bulk", "hascruisefunction": "Nei", "issafeloadingcompliant": "Nei", "councilname": "Molde", "countyname": "Møre og Romsdal" }, "geometry": { "type": "Point", "coordinates": [ 7.930747000588287, 62.723320000817218 ] } },
{ "type": "Feature", "properties": { "portfacilityno": "NOFLT-0001", "locationnamenor": "Sørmarkfjellet havneanlegg", "harbour": "Jøssund", "ownertypenor": "Privat", "pfsaapprovalperiodvalidto": "03.07.2030", "portfacilitystatusnor": "Godkjent", "functionsnor": "Olje, Stykkgods", "hascruisefunction": "Nei", "issafeloadingcompliant": "Nei", "councilname": "Flatanger", "countyname": "Trøndelag" }, "geometry": { "type": "Point", "coordinates": [ 10.760383000007293, 64.378527000006727 ] } },
{ "type": "Feature", "properties": { "portfacilityno": "NOFRA-0002", "locationnamenor": "Sistranda havneanlegg", "harbour": "Sistranda", "ownertypenor": "Offentlig", "pfsaapprovalperiodvalidto": "05.03.2026", "portfacilitystatusnor": "Godkjent", "functionsnor": "Cruise, Ventekai", "hascruisefunction": "Ja", "issafeloadingcompliant": "Nei", "councilname": "Frøya", "countyname": "Trøndelag" }, "geometry": { "type": "Point", "coordinates": [ 8.83831698894547, 63.735757569404612 ] } },
{ "type": "Feature", "properties": { "portfacilityno": "NOVER-0004", "locationnamenor": "Kalkkaia Havneanlegg", "harbour": "Verdal", "ownertypenor": "Offentlig", "pfsaapprovalperiodvalidto": "06.03.2030", "portfacilitystatusnor": "Godkjent", "functionsnor": "Olje, Bulk, Stykkgods", "hascruisefunction": "Nei", "issafeloadingcompliant": "Ja", "councilname": "Verdal", "countyname": "Trøndelag" }, "geometry": { "type": "Point", "coordinates": [ 11.436062894184946, 63.783754146766888 ] } },
{ "type": "Feature", "properties": { "portfacilityno": "NOAVE-0002", "locationnamenor": "Triplex Havneanlegg", "harbour": "Averøy", "ownertypenor": "Privat", "pfsaapprovalperiodvalidto": "17.09.2025", "portfacilitystatusnor": "Godkjent", "functionsnor": "Stykkgods, Skipsverft, Offshore forskyning", "hascruisefunction": "Nei", "issafeloadingcompliant": "Nei", "councilname": "Averøy", "countyname": "Møre og Romsdal" }, "geometry": { "type": "Point", "coordinates": [ 7.510325410435284, 63.046294992313925 ] } },
{ "type": "Feature", "properties": { "portfacilityno": "NOAVE-0001", "locationnamenor": "NorSea Logistics Averøy", "harbour": "Averøy", "ownertypenor": "Privat", "pfsaapprovalperiodvalidto": "25.03.2029", "portfacilitystatusnor": "Godkjent", "functionsnor": "Stykkgods, Ventekai, Skipsverft, Offshore forskyning", "hascruisefunction": "Nei", "issafeloadingcompliant": "Nei", "councilname": "Averøy", "countyname": "Møre og Romsdal" }, "geometry": { "type": "Point", "coordinates": [ 7.666651659823899, 63.056433820614785 ] } },
{ "type": "Feature", "properties": { "portfacilityno": "NOBYS-0001", "locationnamenor": "Sveen kai", "harbour": "Bygstad", "ownertypenor": "Privat", "pfsaapprovalperiodvalidto": "02.11.2025", "portfacilitystatusnor": "Godkjent", "functionsnor": "Cruise, Stykkgods", "hascruisefunction": "Ja", "issafeloadingcompliant": "Nei", "councilname": "Sunnfjord", "countyname": "Vestland" }, "geometry": { "type": "Point", "coordinates": [ 5.63901380318514, 61.374089611564187 ] } },
{ "type": "Feature", "properties": { "portfacilityno": "NOAES-0153", "locationnamenor": "Vartdal Gjenvinning avd. Ålesund", "harbour": "Ålesund", "ownertypenor": "Privat", "pfsaapprovalperiodvalidto": "31.05.2026", "portfacilitystatusnor": "Godkjent", "functionsnor": "Bulk", "hascruisefunction": "Nei", "issafeloadingcompliant": "Nei", "councilname": "Ålesund", "countyname": "Møre og Romsdal" }, "geometry": { "type": "Point", "coordinates": [ 6.386435766479801, 62.485352547175921 ] } },
{ "type": "Feature", "properties": { "portfacilityno": "NOAAF-0002", "locationnamenor": "Fosen Gjenvinning", "harbour": "Stokksund", "ownertypenor": "Privat", "pfsaapprovalperiodvalidto": "14.06.2026", "portfacilitystatusnor": "Godkjent", "functionsnor": "Bulk", "hascruisefunction": "Nei", "issafeloadingcompliant": "Nei", "councilname": "Åfjord", "countyname": "Trøndelag" }, "geometry": { "type": "Point", "coordinates": [ 10.042036105191089, 64.043272622254847 ] } },
{ "type": "Feature", "properties": { "portfacilityno": "NOMAY-0096", "locationnamenor": "Trollebø Havneanlegg", "harbour": "Måløy", "ownertypenor": "Offentlig", "pfsaapprovalperiodvalidto": "05.06.2030", "portfacilitystatusnor": "Godkjent", "functionsnor": "Cruise, Bulk, Stykkgods, Container, Ventekai", "hascruisefunction": "Ja", "issafeloadingcompliant": "Nei", "councilname": "Kinn", "countyname": "Vestland" }, "geometry": { "type": "Point", "coordinates": [ 5.137500006980483, 61.938888903706648 ] } },
{ "type": "Feature", "properties": { "portfacilityno": "NOSNL-0001", "locationnamenor": "Standal Knuseverk AS", "harbour": "Standal", "ownertypenor": "Privat", "pfsaapprovalperiodvalidto": "29.01.2030", "portfacilitystatusnor": "Godkjent", "functionsnor": "Bulk", "hascruisefunction": "Nei", "issafeloadingcompliant": "Nei", "councilname": "Ørsta", "countyname": "Møre og Romsdal" }, "geometry": { "type": "Point", "coordinates": [ 6.427417452473939, 62.262239616534082 ] } },
{ "type": "Feature", "properties": { "portfacilityno": "NOADY-0004", "locationnamenor": "Risøyhamn Industrial Port", "harbour": "Risøyhamn", "ownertypenor": "Privat", "pfsaapprovalperiodvalidto": "01.04.2027", "portfacilitystatusnor": "Godkjent", "functionsnor": "Bulk, Stykkgods, Container", "hascruisefunction": "Nei", "issafeloadingcompliant": "Nei", "councilname": "Andøy", "countyname": "Nordland" }, "geometry": { "type": "Point", "coordinates": [ 15.624673473356079, 68.966839626104814 ] } },
{ "type": "Feature", "properties": { "portfacilityno": "NOPOR-0012", "locationnamenor": "Trosvik Havneanlegg", "harbour": "Brevik", "ownertypenor": "Privat", "pfsaapprovalperiodvalidto": "10.11.2025", "portfacilitystatusnor": "Godkjent", "functionsnor": "Ventekai, Skipsverft, Annet", "hascruisefunction": "Nei", "issafeloadingcompliant": "Nei", "councilname": "Porsgrunn", "countyname": "Telemark" }, "geometry": { "type": "Point", "coordinates": [ 9.687544935624675, 59.054500927222001 ] } },
{ "type": "Feature", "properties": { "portfacilityno": "NOASL-0001", "locationnamenor": "Lerøy Bulandet AS", "harbour": "Askvoll", "ownertypenor": "Offentlig", "pfsaapprovalperiodvalidto": "02.07.2026", "portfacilitystatusnor": "Godkjent", "functionsnor": "Kjemikalie, Stykkgods, Ventekai", "hascruisefunction": "Nei", "issafeloadingcompliant": "Nei", "councilname": "Askvoll", "countyname": "Vestland" }, "geometry": { "type": "Point", "coordinates": [ 4.635228847898055, 61.284413387203323 ] } },
{ "type": "Feature", "properties": { "portfacilityno": "NOHRD-0028", "locationnamenor": "Samasjøen Havneanlegg", "harbour": "Harstad ", "ownertypenor": "Offentlig", "pfsaapprovalperiodvalidto": "04.07.2030", "portfacilitystatusnor": "Godkjent", "functionsnor": "Cruise, Ventekai", "hascruisefunction": "Ja", "issafeloadingcompliant": "Nei", "councilname": "Harstad", "countyname": "Troms" }, "geometry": { "type": "Point", "coordinates": [ 16.548198850867692, 68.810360252002496 ] } },
{ "type": "Feature", "properties": { "portfacilityno": "NORYF-0001", "locationnamenor": "Hammerfest terminalen", "harbour": "Rypefjord", "ownertypenor": "Offentlig", "pfsaapprovalperiodvalidto": "25.03.2026", "portfacilitystatusnor": "Godkjent", "functionsnor": "Gass, Kjemikalie, Bulk, Stykkgods, Container, Ventekai, Offshore forskyning, Annet offshore", "hascruisefunction": "Nei", "issafeloadingcompliant": "Nei", "councilname": "Hammerfest", "countyname": "Finnmark" }, "geometry": { "type": "Point", "coordinates": [ 23.654951166235502, 70.628759758980578 ] } },
{ "type": "Feature", "properties": { "portfacilityno": "NOTUF-0001", "locationnamenor": "Tufjordbruket havneanlegg", "harbour": "Tufjorden", "ownertypenor": "Privat", "pfsaapprovalperiodvalidto": "22.03.2028", "portfacilitystatusnor": "Godkjent", "functionsnor": "Kjemikalie, Stykkgods, Ventekai", "hascruisefunction": "Nei", "issafeloadingcompliant": "Nei", "councilname": "Måsøy", "countyname": "Finnmark" }, "geometry": { "type": "Point", "coordinates": [ 23.900021454514629, 71.004806030943357 ] } },
{ "type": "Feature", "properties": { "portfacilityno": "NOAES-0152", "locationnamenor": "Strand Sea Service AS", "harbour": "Ålesund", "ownertypenor": "Privat", "pfsaapprovalperiodvalidto": "22.06.2026", "portfacilitystatusnor": "Godkjent", "functionsnor": "Stykkgods, Ventekai", "hascruisefunction": "Nei", "issafeloadingcompliant": "Nei", "councilname": "Ålesund", "countyname": "Møre og Romsdal" }, "geometry": { "type": "Point", "coordinates": [ 6.120744425134936, 62.468311770380005 ] } },
{ "type": "Feature", "properties": { "portfacilityno": "NOBGO-0164", "locationnamenor": "Saltimport Laksevåg", "harbour": "Laksevåg", "ownertypenor": "Privat", "pfsaapprovalperiodvalidto": "31.08.2026", "portfacilitystatusnor": "Godkjent", "functionsnor": "Bulk, Stykkgods, Ventekai", "hascruisefunction": "Nei", "issafeloadingcompliant": "Nei", "councilname": "Bergen", "countyname": "Vestland" }, "geometry": { "type": "Point", "coordinates": [ 5.2888352923726, 60.392770552987223 ] } },
{ "type": "Feature", "properties": { "portfacilityno": "NOOLA-0003", "locationnamenor": "Mowi Feed avd. Gullvika", "harbour": "Bjugn", "ownertypenor": "Privat", "pfsaapprovalperiodvalidto": "06.04.2026", "portfacilitystatusnor": "Godkjent", "functionsnor": "Stykkgods", "hascruisefunction": "Nei", "issafeloadingcompliant": "Nei", "councilname": "Ørland", "countyname": "Trøndelag" }, "geometry": { "type": "Point", "coordinates": [ 9.846108475532121, 63.865762702301609 ] } },
{ "type": "Feature", "properties": { "portfacilityno": "NOAAF-0003", "locationnamenor": "Fosen Kysthavn Bessaker", "harbour": "Bessaker", "ownertypenor": "Offentlig", "pfsaapprovalperiodvalidto": "03.03.2028", "portfacilitystatusnor": "Godkjent", "functionsnor": "Cruise, Kjemikalie, Bulk, Stykkgods, Container, Ventekai, Annet offshore", "hascruisefunction": "Ja", "issafeloadingcompliant": "Nei", "councilname": "Åfjord", "countyname": "Trøndelag" }, "geometry": { "type": "Point", "coordinates": [ 10.330879960823824, 64.256238066568272 ] } },
{ "type": "Feature", "properties": { "portfacilityno": "NOAES-0154", "locationnamenor": "Jacob Bjørge AS", "harbour": "Ålesund", "ownertypenor": "Privat", "pfsaapprovalperiodvalidto": "22.10.2026", "portfacilitystatusnor": "Godkjent", "functionsnor": "Stykkgods", "hascruisefunction": "Nei", "issafeloadingcompliant": "Nei", "councilname": "Ålesund", "countyname": "Møre og Romsdal" }, "geometry": { "type": "Point", "coordinates": [ 6.360058549435958, 62.496391964243593 ] } },
{ "type": "Feature", "properties": { "portfacilityno": "NOMEY-0003", "locationnamenor": "Æsøya Industrikai", "harbour": "Halsa Meløy", "ownertypenor": "Privat", "pfsaapprovalperiodvalidto": "11.11.2026", "portfacilitystatusnor": "Godkjent", "functionsnor": "Stykkgods", "hascruisefunction": "Nei", "issafeloadingcompliant": "Nei", "councilname": "Meløy", "countyname": "Nordland" }, "geometry": { "type": "Point", "coordinates": [ 13.51393, 66.741509999999678 ] } },
{ "type": "Feature", "properties": { "portfacilityno": "NOORS-0009", "locationnamenor": "Hjørundfjorden havn", "harbour": "Ørsta", "ownertypenor": "Offentlig", "pfsaapprovalperiodvalidto": "26.08.2026", "portfacilitystatusnor": "Godkjent", "functionsnor": "Cruise, Passasjer", "hascruisefunction": "Ja", "issafeloadingcompliant": "Nei", "councilname": "Ørsta", "countyname": "Møre og Romsdal" }, "geometry": { "type": "Point", "coordinates": [ 6.477188891287659, 62.209638893158534 ] } },
{ "type": "Feature", "properties": { "portfacilityno": "NOBAM-0018", "locationnamenor": "Asdalstranda 01 havneanlegg", "harbour": "Rønningen", "ownertypenor": "Privat", "pfsaapprovalperiodvalidto": "27.09.2026", "portfacilitystatusnor": "Godkjent", "functionsnor": "Bulk", "hascruisefunction": "Nei", "issafeloadingcompliant": "Nei", "councilname": "Bamble", "countyname": "Telemark" }, "geometry": { "type": "Point", "coordinates": [ 9.630356661458768, 59.073835489671026 ] } },
{ "type": "Feature", "properties": { "portfacilityno": "NOMAK-0007", "locationnamenor": "Murvik havneanlegg kai", "harbour": "Muruvika", "ownertypenor": "Offentlig", "pfsaapprovalperiodvalidto": "17.12.2026", "portfacilitystatusnor": "Godkjent", "functionsnor": "Olje, Ventekai", "hascruisefunction": "Nei", "issafeloadingcompliant": "Nei", "councilname": "Malvik", "countyname": "Trøndelag" }, "geometry": { "type": "Point", "coordinates": [ 10.844713881624923, 63.437849297037602 ] } },
{ "type": "Feature", "properties": { "portfacilityno": "NOAUE-0001", "locationnamenor": "Fætten Industrikai", "harbour": "Aure", "ownertypenor": "Offentlig", "pfsaapprovalperiodvalidto": "06.04.2027", "portfacilitystatusnor": "Godkjent", "functionsnor": "Bulk, Stykkgods", "hascruisefunction": "Nei", "issafeloadingcompliant": "Nei", "councilname": "Aure", "countyname": "Møre og Romsdal" }, "geometry": { "type": "Point", "coordinates": [ 7.941650239604386, 63.1528226426001 ] } },
{ "type": "Feature", "properties": { "portfacilityno": "NOFOR-0002", "locationnamenor": "Forsand havneanlegg", "harbour": "Forsand", "ownertypenor": "Offentlig", "pfsaapprovalperiodvalidto": "18.06.2026", "portfacilitystatusnor": "Godkjent", "functionsnor": "Cruise, Bulk, Stykkgods", "hascruisefunction": "Ja", "issafeloadingcompliant": "Nei", "councilname": "Sandnes", "countyname": "Rogaland" }, "geometry": { "type": "Point", "coordinates": [ 6.099919847165365, 58.895835338538326 ] } },
{ "type": "Feature", "properties": { "portfacilityno": "NOEGE-0005", "locationnamenor": "Dampskipskaien", "harbour": "Egersund", "ownertypenor": "Offentlig", "pfsaapprovalperiodvalidto": "06.04.2027", "portfacilitystatusnor": "Godkjent", "functionsnor": "Cruise, Bulk, Stykkgods, Ventekai", "hascruisefunction": "Ja", "issafeloadingcompliant": "Nei", "councilname": "Eigersund", "countyname": "Rogaland" }, "geometry": { "type": "Point", "coordinates": [ 5.989799503851698, 58.447523975143213 ] } },
{ "type": "Feature", "properties": { "portfacilityno": "NOFJL-0001", "locationnamenor": "Breistrand Industrikai", "harbour": "Fjelldal", "ownertypenor": "Privat", "pfsaapprovalperiodvalidto": "12.09.2027", "portfacilitystatusnor": "Godkjent", "functionsnor": "Bulk", "hascruisefunction": "Nei", "issafeloadingcompliant": "Nei", "councilname": "Tjeldsund", "countyname": "Troms" }, "geometry": { "type": "Point", "coordinates": [ 16.625465882201802, 68.536655012892183 ] } },
{ "type": "Feature", "properties": { "portfacilityno": "NOTOS-0081", "locationnamenor": "Posten Bring AS Tromsø", "harbour": "Tromsø", "ownertypenor": "Offentlig", "pfsaapprovalperiodvalidto": "09.07.2026", "portfacilitystatusnor": "Godkjent", "functionsnor": "Passasjer, Stykkgods, Container, Ventekai", "hascruisefunction": "Nei", "issafeloadingcompliant": "Nei", "councilname": "Tromsø", "countyname": "Troms" }, "geometry": { "type": "Point", "coordinates": [ 19.003666666659942, 69.681999999996705 ] } },
{ "type": "Feature", "properties": { "portfacilityno": "NOVIS-0001", "locationnamenor": "Vik Ørsta, avdeling Vik", "harbour": "Vik - Sogn", "ownertypenor": "Privat", "pfsaapprovalperiodvalidto": "07.10.2027", "portfacilitystatusnor": "Godkjent", "functionsnor": "Stykkgods", "hascruisefunction": "Nei", "issafeloadingcompliant": "Nei", "councilname": "Vik", "countyname": "Vestland" }, "geometry": { "type": "Point", "coordinates": [ 6.59013516342854, 61.091521124529159 ] } },
{ "type": "Feature", "properties": { "portfacilityno": "NOMEL-0005", "locationnamenor": "Svartisen Marina", "harbour": "Halsa Meløy", "ownertypenor": "Privat", "pfsaapprovalperiodvalidto": "28.07.2027", "portfacilitystatusnor": "Godkjent", "functionsnor": "Cruise", "hascruisefunction": "Ja", "issafeloadingcompliant": "Nei", "councilname": "Meløy", "countyname": "Nordland" }, "geometry": { "type": "Point", "coordinates": [ 13.708316403676381, 66.709648976322285 ] } },
{ "type": "Feature", "properties": { "portfacilityno": "NOSOG-0002", "locationnamenor": "Fjærland Gjestehamn", "harbour": "Fjærland", "ownertypenor": "Offentlig", "pfsaapprovalperiodvalidto": "17.11.2027", "portfacilitystatusnor": "Godkjent", "functionsnor": "Cruise", "hascruisefunction": "Ja", "issafeloadingcompliant": "Nei", "councilname": "Sogndal", "countyname": "Vestland" }, "geometry": { "type": "Point", "coordinates": [ 6.741120001684798, 61.404540004144742 ] } },
{ "type": "Feature", "properties": { "portfacilityno": "NOHRD-0029", "locationnamenor": "Seaworks havn", "harbour": "Harstad ", "ownertypenor": "Privat", "pfsaapprovalperiodvalidto": "16.11.2027", "portfacilitystatusnor": "Godkjent", "functionsnor": "Ventekai, Annet", "hascruisefunction": "Nei", "issafeloadingcompliant": "Nei", "councilname": "Harstad", "countyname": "Troms" }, "geometry": { "type": "Point", "coordinates": [ 16.547641364268998, 68.784790448030506 ] } },
{ "type": "Feature", "properties": { "portfacilityno": "NOBTN-0001", "locationnamenor": "Botnastranda kai G", "harbour": "Botnaneset - Flora", "ownertypenor": "Offentlig", "pfsaapprovalperiodvalidto": "27.01.2028", "portfacilitystatusnor": "Godkjent", "functionsnor": "Bulk, Stykkgods, Container, Ventekai, Offshore forskyning, Annet offshore", "hascruisefunction": "Nei", "issafeloadingcompliant": "Nei", "councilname": "Kinn", "countyname": "Vestland" }, "geometry": { "type": "Point", "coordinates": [ 5.09778740257907, 61.612070491150668 ] } },
{ "type": "Feature", "properties": { "portfacilityno": "NOTOR-0001", "locationnamenor": "Torsken ISPS-Terminal", "harbour": "Torsken", "ownertypenor": "Privat", "pfsaapprovalperiodvalidto": "03.11.2028", "portfacilitystatusnor": "Godkjent", "functionsnor": "Cruise, Kjemikalie, Bulk, Stykkgods", "hascruisefunction": "Ja", "issafeloadingcompliant": "Nei", "councilname": "Senja", "countyname": "Troms" }, "geometry": { "type": "Point", "coordinates": [ 17.109527206420911, 69.337634408106808 ] } },
{ "type": "Feature", "properties": { "portfacilityno": "NOHVG-0018", "locationnamenor": "Tenderbrygge Nord Honningsvåg", "harbour": "Honningsvåg", "ownertypenor": "Offentlig", "pfsaapprovalperiodvalidto": "21.06.2028", "portfacilitystatusnor": "Godkjent", "functionsnor": "Cruise", "hascruisefunction": "Ja", "issafeloadingcompliant": "Nei", "councilname": "Nordkapp", "countyname": "Finnmark" }, "geometry": { "type": "Point", "coordinates": [ 25.965595705686493, 70.982537262695317 ] } },
{ "type": "Feature", "properties": { "portfacilityno": "NOALF-0019", "locationnamenor": "Nordlys Tenderkai", "harbour": "Alta", "ownertypenor": "Offentlig", "pfsaapprovalperiodvalidto": "15.10.2027", "portfacilitystatusnor": "Godkjent", "functionsnor": "Cruise", "hascruisefunction": "Ja", "issafeloadingcompliant": "Nei", "councilname": "Alta", "countyname": "Finnmark" }, "geometry": { "type": "Point", "coordinates": [ 23.328755277805186, 69.97750892248132 ] } },
{ "type": "Feature", "properties": { "portfacilityno": "NOLIL-0005", "locationnamenor": "Lillesand Havneanlegg - Langbrygga", "harbour": "Lillesand", "ownertypenor": "Offentlig", "pfsaapprovalperiodvalidto": "24.02.2028", "portfacilitystatusnor": "Godkjent", "functionsnor": "Bulk, Stykkgods", "hascruisefunction": "Nei", "issafeloadingcompliant": "Nei", "councilname": "Lillesand", "countyname": "Agder" }, "geometry": { "type": "Point", "coordinates": [ 8.37964499998148, 58.246468001353598 ] } },
{ "type": "Feature", "properties": { "portfacilityno": "NOSKN-0004", "locationnamenor": "Stokmarknes miljøhavn", "harbour": "Stokmarknes", "ownertypenor": "Offentlig", "pfsaapprovalperiodvalidto": "31.01.2028", "portfacilitystatusnor": "Godkjent", "functionsnor": "Cruise, Bulk, Stykkgods, Container", "hascruisefunction": "Ja", "issafeloadingcompliant": "Nei", "councilname": "Hadsel", "countyname": "Nordland" }, "geometry": { "type": "Point", "coordinates": [ 14.974313666567184, 68.571656910053576 ] } },
{ "type": "Feature", "properties": { "portfacilityno": "NOSMO-0001", "locationnamenor": "Dyrnes kai", "harbour": "Smøla", "ownertypenor": "Offentlig", "pfsaapprovalperiodvalidto": "04.05.2028", "portfacilitystatusnor": "Godkjent", "functionsnor": "Cruise, Ventekai", "hascruisefunction": "Ja", "issafeloadingcompliant": "Nei", "councilname": "Smøla", "countyname": "Møre og Romsdal" }, "geometry": { "type": "Point", "coordinates": [ 7.842173477558804, 63.426913120260799 ] } },
{ "type": "Feature", "properties": { "portfacilityno": "NOSLX-0006", "locationnamenor": "GHG Gullkista Pukkverk AS", "harbour": "Sortland", "ownertypenor": "Privat", "pfsaapprovalperiodvalidto": "05.07.2028", "portfacilitystatusnor": "Godkjent", "functionsnor": "Bulk", "hascruisefunction": "Nei", "issafeloadingcompliant": "Nei", "councilname": "Sortland", "countyname": "Nordland" }, "geometry": { "type": "Point", "coordinates": [ 15.327487193798181, 68.592991293428497 ] } },
{ "type": "Feature", "properties": { "portfacilityno": "NODJU-0001", "locationnamenor": "Djupvik Industrikai", "harbour": "Djupvik", "ownertypenor": "Offentlig", "pfsaapprovalperiodvalidto": "29.06.2028", "portfacilitystatusnor": "Godkjent", "functionsnor": "Kjemikalie, Stykkgods, Ventekai", "hascruisefunction": "Nei", "issafeloadingcompliant": "Nei", "councilname": "Gáivuotna Kåfjord", "countyname": "Troms" }, "geometry": { "type": "Point", "coordinates": [ 20.484619999917857, 69.749419999960097 ] } },
{ "type": "Feature", "properties": { "portfacilityno": "NOBGO-0166", "locationnamenor": "Austefjorden Coast Base", "harbour": "Spildepollen", "ownertypenor": "Privat", "pfsaapprovalperiodvalidto": "01.09.2027", "portfacilitystatusnor": "Godkjent", "functionsnor": "Cruise, Stykkgods, Ventekai, Skipsverft", "hascruisefunction": "Ja", "issafeloadingcompliant": "Nei", "councilname": "Øygarden", "countyname": "Vestland" }, "geometry": { "type": "Point", "coordinates": [ 5.091364391563119, 60.178433495906418 ] } },
{ "type": "Feature", "properties": { "portfacilityno": "NOJOV-0002", "locationnamenor": "Pelagia Akva Ren Jøvik", "harbour": "Jøvik", "ownertypenor": "Privat", "pfsaapprovalperiodvalidto": "09.06.2029", "portfacilitystatusnor": "Godkjent", "functionsnor": "Kjemikalie, Stykkgods", "hascruisefunction": "Nei", "issafeloadingcompliant": "Nei", "councilname": "Tromsø", "countyname": "Troms" }, "geometry": { "type": "Point", "coordinates": [ 19.814294178728883, 69.605033638463368 ] } },
{ "type": "Feature", "properties": { "portfacilityno": "NOSOV-0002", "locationnamenor": "Pharma Marine", "harbour": "Søvik", "ownertypenor": "Privat", "pfsaapprovalperiodvalidto": "22.12.2028", "portfacilitystatusnor": "Godkjent", "functionsnor": "Kjemikalie", "hascruisefunction": "Nei", "issafeloadingcompliant": "Nei", "councilname": "Ålesund", "countyname": "Møre og Romsdal" }, "geometry": { "type": "Point", "coordinates": [ 6.264043364705784, 62.560202815301771 ] } },
{ "type": "Feature", "properties": { "portfacilityno": "NOSVG-0132", "locationnamenor": "Buksér & Berging havneanlegg", "harbour": "Stavanger", "ownertypenor": "Privat", "pfsaapprovalperiodvalidto": "01.08.2029", "portfacilitystatusnor": "Godkjent", "functionsnor": "Ventekai, Annet", "hascruisefunction": "Nei", "issafeloadingcompliant": "Nei", "councilname": "Stavanger", "countyname": "Rogaland" }, "geometry": { "type": "Point", "coordinates": [ 5.710558414434502, 58.983647189368675 ] } },
{ "type": "Feature", "properties": { "portfacilityno": "NOSKY-0004", "locationnamenor": "Conteinerkai Skjervøy", "harbour": "Skjervøy", "ownertypenor": "Offentlig", "pfsaapprovalperiodvalidto": "20.11.2028", "portfacilitystatusnor": "Godkjent", "functionsnor": "Passasjer, Bulk, Stykkgods, Ventekai", "hascruisefunction": "Nei", "issafeloadingcompliant": "Nei", "councilname": "Skjervøy", "countyname": "Troms" }, "geometry": { "type": "Point", "coordinates": [ 20.978023256965553, 70.032899820107161 ] } },
{ "type": "Feature", "properties": { "portfacilityno": "NOTJS-0003", "locationnamenor": "Fjelldal Tankanlegg", "harbour": "Fjelldal", "ownertypenor": "Privat", "pfsaapprovalperiodvalidto": "17.11.2028", "portfacilitystatusnor": "Godkjent", "functionsnor": "Olje, Stykkgods, Ventekai", "hascruisefunction": "Nei", "issafeloadingcompliant": "Nei", "councilname": "Tjeldsund", "countyname": "Troms" }, "geometry": { "type": "Point", "coordinates": [ 16.556909370422396, 68.553483726381174 ] } },
{ "type": "Feature", "properties": { "portfacilityno": "NOGJD-0002", "locationnamenor": "Scanprod AS", "harbour": "Gjøsundet", "ownertypenor": "Privat", "pfsaapprovalperiodvalidto": "31.05.2029", "portfacilitystatusnor": "Godkjent", "functionsnor": "Stykkgods", "hascruisefunction": "Nei", "issafeloadingcompliant": "Nei", "councilname": "Giske", "countyname": "Møre og Romsdal" }, "geometry": { "type": "Point", "coordinates": [ 6.125684608150705, 62.527579024617225 ] } },
{ "type": "Feature", "properties": { "portfacilityno": "NOORS-0010", "locationnamenor": "Hjørundfjorden Urke", "harbour": "Ørsta", "ownertypenor": "Privat", "pfsaapprovalperiodvalidto": "18.04.2029", "portfacilitystatusnor": "Godkjent", "functionsnor": "Cruise, Passasjer", "hascruisefunction": "Ja", "issafeloadingcompliant": "Nei", "councilname": "Ørsta", "countyname": "Møre og Romsdal" }, "geometry": { "type": "Point", "coordinates": [ 6.573395300450941, 62.208840067344966 ] } },
{ "type": "Feature", "properties": { "portfacilityno": "NOKSU-0107", "locationnamenor": "Haltbakk Bunkers AS", "harbour": "Kristiansund", "ownertypenor": "Privat", "pfsaapprovalperiodvalidto": "28.04.2030", "portfacilitystatusnor": "Godkjent", "functionsnor": "Annet", "hascruisefunction": "Nei", "issafeloadingcompliant": "Nei", "councilname": "Kristiansund", "countyname": "Møre og Romsdal" }, "geometry": { "type": "Point", "coordinates": [ 7.758084228819088, 63.117764733031656 ] } },
{ "type": "Feature", "properties": { "portfacilityno": "NOHRD-0030", "locationnamenor": "Perpetuumkaia Harstad", "harbour": "Harstad ", "ownertypenor": "Privat", "pfsaapprovalperiodvalidto": "13.06.2029", "portfacilitystatusnor": "Godkjent", "functionsnor": "Olje, Ventekai", "hascruisefunction": "Nei", "issafeloadingcompliant": "Nei", "councilname": "Harstad", "countyname": "Troms" }, "geometry": { "type": "Point", "coordinates": [ 16.555371523679298, 68.794545341110208 ] } },
{ "type": "Feature", "properties": { "portfacilityno": "NOFDE-0003", "locationnamenor": "Engebø Rutile and Garnet havneanlegg", "harbour": "Førde", "ownertypenor": "Privat", "pfsaapprovalperiodvalidto": "31.10.2028", "portfacilitystatusnor": "Godkjent", "functionsnor": "Bulk, Stykkgods, Container", "hascruisefunction": "Nei", "issafeloadingcompliant": "Nei", "councilname": "Sunnfjord", "countyname": "Vestland" }, "geometry": { "type": "Point", "coordinates": [ 5.442947227402649, 61.487925013018526 ] } },
{ "type": "Feature", "properties": { "portfacilityno": "NOBGO-0167", "locationnamenor": "Northern Lights", "harbour": "Bergen", "ownertypenor": "Privat", "pfsaapprovalperiodvalidto": "22.04.2029", "portfacilitystatusnor": "Godkjent", "functionsnor": "Gass", "hascruisefunction": "Nei", "issafeloadingcompliant": "Nei", "councilname": "Bergen", "countyname": "Vestland" }, "geometry": { "type": "Point", "coordinates": [ 4.886379049630104, 60.554548564545691 ] } },
{ "type": "Feature", "properties": { "portfacilityno": "NOASV-0002", "locationnamenor": "Pelagia Hordafor Rabben", "harbour": "Bekkjarvik", "ownertypenor": "Privat", "pfsaapprovalperiodvalidto": "17.12.2029", "portfacilitystatusnor": "Godkjent", "functionsnor": "Stykkgods, Skipsverft", "hascruisefunction": "Nei", "issafeloadingcompliant": "Nei", "councilname": "Austevoll", "countyname": "Vestland" }, "geometry": { "type": "Point", "coordinates": [ 5.137032202584447, 60.007994791176465 ] } },
{ "type": "Feature", "properties": { "portfacilityno": "NOTYN-0001", "locationnamenor": "Nedrevågen Industribase", "harbour": "Nedrevågen", "ownertypenor": "Privat", "pfsaapprovalperiodvalidto": "28.03.2030", "portfacilitystatusnor": "Godkjent", "functionsnor": "Ventekai, Annet offshore", "hascruisefunction": "Nei", "issafeloadingcompliant": "Nei", "councilname": "Tysnes", "countyname": "Vestland" }, "geometry": { "type": "Point", "coordinates": [ 5.670475406562666, 59.980354462607181 ] } },
{ "type": "Feature", "properties": { "portfacilityno": "NOFRA-0003", "locationnamenor": "Nutrimar Kverva havneanlegg", "harbour": "Nordskaget - Frøya", "ownertypenor": "Privat", "pfsaapprovalperiodvalidto": "04.04.2027", "portfacilitystatusnor": "Godkjent", "functionsnor": "Kjemikalie", "hascruisefunction": "Nei", "issafeloadingcompliant": "Nei", "councilname": "Frøya", "countyname": "Trøndelag" }, "geometry": { "type": "Point", "coordinates": [ 8.564406265774638, 63.709326137839298 ] } },
{ "type": "Feature", "properties": { "portfacilityno": "NOASV-0003", "locationnamenor": "Pelagia Hordafor Salthella", "harbour": "Austevoll", "ownertypenor": "Privat", "pfsaapprovalperiodvalidto": "14.03.2030", "portfacilitystatusnor": "Godkjent", "functionsnor": "Kjemikalie, Stykkgods", "hascruisefunction": "Nei", "issafeloadingcompliant": "Nei", "councilname": "Austevoll", "countyname": "Vestland" }, "geometry": { "type": "Point", "coordinates": [ 5.117095191238029, 60.00334829117994 ] } },
{ "type": "Feature", "properties": { "portfacilityno": "NOGJV-0001", "locationnamenor": "Gjesvær havneanlegg", "harbour": "Gjesvær", "ownertypenor": "Offentlig", "pfsaapprovalperiodvalidto": "19.03.2030", "portfacilitystatusnor": "Godkjent", "functionsnor": "Cruise", "hascruisefunction": "Ja", "issafeloadingcompliant": "Nei", "councilname": "Nordkapp", "countyname": "Finnmark" }, "geometry": { "type": "Point", "coordinates": [ 25.379720919594394, 71.100440576492986 ] } },
{ "type": "Feature", "properties": { "portfacilityno": "NOSRN-0002", "locationnamenor": "Stranda Brygge og tenderhamn", "harbour": "Stranda", "ownertypenor": "Offentlig", "pfsaapprovalperiodvalidto": "31.03.2030", "portfacilitystatusnor": "Godkjent", "functionsnor": "Cruise, Passasjer, Ventekai, Annet", "hascruisefunction": "Ja", "issafeloadingcompliant": "Nei", "councilname": "Stranda", "countyname": "Møre og Romsdal" }, "geometry": { "type": "Point", "coordinates": [ 6.950155557118469, 62.307638891517001 ] } },
{ "type": "Feature", "properties": { "portfacilityno": "NOKOP-0001", "locationnamenor": "Kopervik Cruisehavn", "harbour": "Kopervik", "ownertypenor": "Privat", "pfsaapprovalperiodvalidto": "05.05.2030", "portfacilitystatusnor": "Godkjent", "functionsnor": "Cruise", "hascruisefunction": "Ja", "issafeloadingcompliant": "Nei", "councilname": "Karmøy", "countyname": "Rogaland" }, "geometry": { "type": "Point", "coordinates": [ 5.316098524293476, 59.284327106952539 ] } },
{ "type": "Feature", "properties": { "portfacilityno": "NOEDD-0001", "locationnamenor": "Eidsdal tenderbrygge", "harbour": "Eidsdal", "ownertypenor": "Privat", "pfsaapprovalperiodvalidto": "06.05.2030", "portfacilitystatusnor": "Godkjent", "functionsnor": "Cruise", "hascruisefunction": "Ja", "issafeloadingcompliant": "Nei", "councilname": "Fjord", "countyname": "Møre og Romsdal" }, "geometry": { "type": "Point", "coordinates": [ 7.173565188547437, 62.262577968913611 ] } },
{ "type": "Feature", "properties": { "portfacilityno": "NOEGE-0006", "locationnamenor": "Svanavågen kai", "harbour": "Egersund", "ownertypenor": "Privat", "pfsaapprovalperiodvalidto": "30.06.2030", "portfacilitystatusnor": "Godkjent", "functionsnor": "Bulk", "hascruisefunction": "Nei", "issafeloadingcompliant": "Nei", "councilname": "Eigersund", "countyname": "Rogaland" }, "geometry": { "type": "Point", "coordinates": [ 5.981594813377733, 58.453468000507833 ] } },
{ "type": "Feature", "properties": { "portfacilityno": "NOSKU-0003", "locationnamenor": "Skudeneshavn cruiseterminal", "harbour": "Skudeneshavn", "ownertypenor": "Offentlig", "pfsaapprovalperiodvalidto": "10.07.2030", "portfacilitystatusnor": "Godkjent", "functionsnor": "Cruise", "hascruisefunction": "Ja", "issafeloadingcompliant": "Nei", "councilname": "Karmøy", "countyname": "Rogaland" }, "geometry": { "type": "Point", "coordinates": [ 5.266541403488379, 59.146702960627543 ] } },
{ "type": "Feature", "properties": { "portfacilityno": "NOSRS-0002", "locationnamenor": "Schlumberger Norge AS", "harbour": "Storesund", "ownertypenor": "Privat", "pfsaapprovalperiodvalidto": "05.09.2029", "portfacilitystatusnor": "Godkjent", "functionsnor": "Bulk", "hascruisefunction": "Nei", "issafeloadingcompliant": "Nei", "councilname": "Karmøy", "countyname": "Rogaland" }, "geometry": { "type": "Point", "coordinates": [ 5.263357420215564, 59.400235168316001 ] } },
{ "type": "Feature", "properties": { "portfacilityno": "NOAVA-0002", "locationnamenor": "Heidelberg Materials Karmøy Silostasjon", "harbour": "Bøvågen - Karmøy", "ownertypenor": "Privat", "pfsaapprovalperiodvalidto": "31.01.2030", "portfacilitystatusnor": "Godkjent", "functionsnor": "Bulk", "hascruisefunction": "Nei", "issafeloadingcompliant": "Nei", "councilname": "Karmøy", "countyname": "Rogaland" }, "geometry": { "type": "Point", "coordinates": [ 5.295171168771618, 59.372641364413774 ] } },
{ "type": "Feature", "properties": { "portfacilityno": "NOUND-0001", "locationnamenor": "Norscrap Karmøy AS", "harbour": "Sund - Karmøy", "ownertypenor": "Privat", "pfsaapprovalperiodvalidto": "01.06.2029", "portfacilitystatusnor": "Godkjent", "functionsnor": "Bulk", "hascruisefunction": "Nei", "issafeloadingcompliant": "Nei", "councilname": "Karmøy", "countyname": "Rogaland" }, "geometry": { "type": "Point", "coordinates": [ 5.230936133240689, 59.298526280434366 ] } },
{ "type": "Feature", "properties": { "portfacilityno": "NOBOE-0001", "locationnamenor": "Stena Recycling AS Karmøy", "harbour": "Bøneset - Karmøy", "ownertypenor": "Privat", "pfsaapprovalperiodvalidto": "11.11.2029", "portfacilitystatusnor": "Godkjent", "functionsnor": "Bulk, Stykkgods", "hascruisefunction": "Nei", "issafeloadingcompliant": "Nei", "councilname": "Karmøy", "countyname": "Rogaland" }, "geometry": { "type": "Point", "coordinates": [ 5.292041273244246, 59.367889714003425 ] } }
]
}
