imo,mmsi,name,risk,flag,url,datasets
9650016,,RN Sakhalin,sanction,,https://www.opensanctions.org/entities/ca-sema-00289357d0ae53d1c43c3b7b825dca6a29809377,ca_dfatd_sema_sanctions
9842190,,Akademik Gubkin,sanction,,https://www.opensanctions.org/entities/ca-sema-006017da2f7d3040be63e0622a689ba784cb1bb2,ca_dfatd_sema_sanctions
9224441,,Firn,sanction,,https://www.opensanctions.org/entities/ca-sema-01711fa1fa572071ad2c1a7ce77374f874f36358,ca_dfatd_sema_sanctions
9293155,,Junia,sanction,,https://www.opensanctions.org/entities/ca-sema-01895b2509dbf9e830eafbdfc7ade7bd50ebd5ef,ca_dfatd_sema_sanctions
9274446,,Sorion,sanction,,https://www.opensanctions.org/entities/ca-sema-01b5e6eef92b90b7757cbcf8c706f431eb3798a7,ca_dfatd_sema_sanctions
9319686,,HU PO,sanction,,https://www.opensanctions.org/entities/ca-sema-02011d431985f8bbefaac09f0c2d1d20918e38ac,ca_dfatd_sema_sanctions
9301524,,DENEB,sanction,,https://www.opensanctions.org/entities/ca-sema-0214a3a8afa6534c90e3f5ce018bed978704b7ee,ca_dfatd_sema_sanctions
9337133,,Ivy,sanction,,https://www.opensanctions.org/entities/ca-sema-03096346af6905072edd56347bf60f7785c83144,ca_dfatd_sema_sanctions
9296585,,Sensus,sanction,,https://www.opensanctions.org/entities/ca-sema-032c2e750693b4b381d6fc2cae21d7761bc68b13,ca_dfatd_sema_sanctions
9209972,,Temiro,sanction,,https://www.opensanctions.org/entities/ca-sema-03ab89727aabc2e55536f115480e733574f7435c,ca_dfatd_sema_sanctions
9288930,,PACIFICOS,sanction,,https://www.opensanctions.org/entities/ca-sema-052e31a6b3b26edb1348fcdc11d47f26821a8e45,ca_dfatd_sema_sanctions
9715270,,Zaid,sanction,,https://www.opensanctions.org/entities/ca-sema-05c202136be02a89850330eea82b9f4013191cf8,ca_dfatd_sema_sanctions
9390317,,Marinstraum,sanction,,https://www.opensanctions.org/entities/ca-sema-0608fef4d12dfd10333b9ff00a87281cb96c8fa6,ca_dfatd_sema_sanctions
9610793,,Georgy Maslov,sanction,,https://www.opensanctions.org/entities/ca-sema-067217318af0d93427c79bdb919fef3e53f5fccc,ca_dfatd_sema_sanctions
9384435,,JI LI I,sanction,,https://www.opensanctions.org/entities/ca-sema-07a0b5ec0a970c61681205cef059b4f9e655dc1a,ca_dfatd_sema_sanctions
9300350,,Sanar-9,sanction,,https://www.opensanctions.org/entities/ca-sema-0832be793fece3d2421dbcf7dbf18aeaf8630b1e,ca_dfatd_sema_sanctions
9290828,,E MEI SHAN,sanction,,https://www.opensanctions.org/entities/ca-sema-089d19bfa7cbb54a3c0de2fb4d04bb263f29c118,ca_dfatd_sema_sanctions
9243148,,Everest Energy,sanction,,https://www.opensanctions.org/entities/ca-sema-08a632ba4bbbbba16c0923d210c962112f63bb95,ca_dfatd_sema_sanctions
9810513,,Karabakh,sanction,,https://www.opensanctions.org/entities/ca-sema-092b3249fb726cf445950ddfad47ecd4a50ad1de,ca_dfatd_sema_sanctions
9451642,,Vengery,sanction,,https://www.opensanctions.org/entities/ca-sema-093c4d878cc936be0e32dfaef02357925361c08d,ca_dfatd_sema_sanctions
9318539,,Swiftsea Rider,sanction,,https://www.opensanctions.org/entities/ca-sema-09bf175565adda052de5f05831432a914b62c4c5,ca_dfatd_sema_sanctions
9232931,,NARCISSUS,sanction,,https://www.opensanctions.org/entities/ca-sema-0a99b5be5200de076d8a9020b64267f2923f9319,ca_dfatd_sema_sanctions
9189146,,Kylo,sanction,,https://www.opensanctions.org/entities/ca-sema-0af1a1ed94e32218464e4f7c279d9efa1b9a305b,ca_dfatd_sema_sanctions
9388766,,Destan,sanction,,https://www.opensanctions.org/entities/ca-sema-0b2e1aa2d30a1b2b63e82960d8907ca2e64fa0fd,ca_dfatd_sema_sanctions
9299678,,Prisma,sanction,,https://www.opensanctions.org/entities/ca-sema-0b6915ade761ad218887f4f99ffaf083516e3ac7,ca_dfatd_sema_sanctions
9312896,,Krasnoyarsk,sanction,,https://www.opensanctions.org/entities/ca-sema-0bf86683db20d8e05749e02ab4a6abcf63e80abd,ca_dfatd_sema_sanctions
9354636,,Flura,sanction,,https://www.opensanctions.org/entities/ca-sema-0c270a332de03c660ef330c16a77af299f13c4d1,ca_dfatd_sema_sanctions
8010427,,Ophelia,sanction,,https://www.opensanctions.org/entities/ca-sema-0c3703cf6555aa482ffaf67f244b4b992cc87ff6,ca_dfatd_sema_sanctions
9323340,,Tranquil Sea,sanction,,https://www.opensanctions.org/entities/ca-sema-0c4afc7920aadb5b2e3b9a68f082c9090722d859,ca_dfatd_sema_sanctions
9323338,,Bettle,sanction,,https://www.opensanctions.org/entities/ca-sema-0d1ca2ea46af12bf944fe84360bae00c782a32f4,ca_dfatd_sema_sanctions
9282481,,Tagor,sanction,,https://www.opensanctions.org/entities/ca-sema-0d559812be4a06cf4a2c5849d0fd0c76e7f27f2f,ca_dfatd_sema_sanctions
9321976,,HeidiA,sanction,,https://www.opensanctions.org/entities/ca-sema-0d6ec8d60d4cad829137de5a3b06ea30c18b954f,ca_dfatd_sema_sanctions
9428358,,XUE SONG,sanction,,https://www.opensanctions.org/entities/ca-sema-0db437b9eeaab9a8b914f24b522f226195cb1f22,ca_dfatd_sema_sanctions
9331141,,Kelly Grace,sanction,,https://www.opensanctions.org/entities/ca-sema-0e07fe4ff5ced6a1fac4c66378a80afec9ca14bd,ca_dfatd_sema_sanctions
9288708,,Stratos Aurora,sanction,,https://www.opensanctions.org/entities/ca-sema-0e3f5c65fb5aca6b7e61c1218eecaed06e15b22d,ca_dfatd_sema_sanctions
9348479,,LUCKY FAIRY,sanction,,https://www.opensanctions.org/entities/ca-sema-0eb90f1a282823feb4dfe7d7c5480692b236be55,ca_dfatd_sema_sanctions
9190274,,Oxin,sanction,,https://www.opensanctions.org/entities/ca-sema-0f8e744ac2babef08dd8d9909aac53cba23d8fe3,ca_dfatd_sema_sanctions
9394935,,Ozanno,sanction,,https://www.opensanctions.org/entities/ca-sema-0fb3c45623406fdba2d4aae14daee60ac98ea0bb,ca_dfatd_sema_sanctions
9224805,,Oxis,sanction,,https://www.opensanctions.org/entities/ca-sema-10c5cb609ebb81ef87af22183a629555a5a1a325,ca_dfatd_sema_sanctions
9953511,,North Mountain,sanction,,https://www.opensanctions.org/entities/ca-sema-11a0a2e1f85ffd2c735984e7acb1f321029d75ff,ca_dfatd_sema_sanctions
9326720,,HERA,sanction,,https://www.opensanctions.org/entities/ca-sema-11a5fbb42f1332ae879400514ecd737cbd93659f,ca_dfatd_sema_sanctions
9299771,,Mires,sanction,,https://www.opensanctions.org/entities/ca-sema-11d02a0bc8f5dcad35ce27fefa22b2dedb46254f,ca_dfatd_sema_sanctions
9314820,,Osar,sanction,,https://www.opensanctions.org/entities/ca-sema-11f080c2dc1889a3052e16885042289de51bea00,ca_dfatd_sema_sanctions
9233777,,Ocean II,sanction,,https://www.opensanctions.org/entities/ca-sema-1204c077b322c260b2c1e37b588c094b3b03239d,ca_dfatd_sema_sanctions
8866591,,VALENTIN EMIROV,sanction,,https://www.opensanctions.org/entities/ca-sema-13343a3e567e99cab3fd61656769cd7646fe74e8,ca_dfatd_sema_sanctions
9228980,,Arctica-1,sanction,,https://www.opensanctions.org/entities/ca-sema-138044b057bc8b1303fb7cad27e5bce89defbb4c,ca_dfatd_sema_sanctions
9346873,,AQUARIUS II,sanction,,https://www.opensanctions.org/entities/ca-sema-13c0b2e1b745d0a033465f84224da76e120e91be,ca_dfatd_sema_sanctions
9384069,,Lion I,sanction,,https://www.opensanctions.org/entities/ca-sema-15d1f9aa7267547beae25a35c809ff306d46e82f,ca_dfatd_sema_sanctions
9387279,,Ethera,sanction,,https://www.opensanctions.org/entities/ca-sema-15e81d4e7489edbfb9b535cf21168c6d0d225428,ca_dfatd_sema_sanctions
9306794,,Constellation,sanction,,https://www.opensanctions.org/entities/ca-sema-15f713c9cec2fe26749e19b28de7badf7cd3440e,ca_dfatd_sema_sanctions
9953523,,North Sky,sanction,,https://www.opensanctions.org/entities/ca-sema-160ea10ec0035a8bc3f205fd3ed19273199a0256,ca_dfatd_sema_sanctions
9298492,,Toa Payoh,sanction,,https://www.opensanctions.org/entities/ca-sema-1619643a7c6970d6b75eed04f5d0ef90775c5d65,ca_dfatd_sema_sanctions
9312872,,HuiHai Atlantic,sanction,,https://www.opensanctions.org/entities/ca-sema-164ca88cf00d7800ebc77c7c90707b5e8f8e74c2,ca_dfatd_sema_sanctions
9378632,,Malak,sanction,,https://www.opensanctions.org/entities/ca-sema-16c8b3b9b0f4db82cd62ac5d189fc4a90b682790,ca_dfatd_sema_sanctions
9283241,,Dignity,sanction,,https://www.opensanctions.org/entities/ca-sema-173536aa8f15dbc6355b521957e96d60adb19538,ca_dfatd_sema_sanctions
9229374,,ODUNE,sanction,,https://www.opensanctions.org/entities/ca-sema-173729a1c920239375da97e6df42ae593119d642,ca_dfatd_sema_sanctions
9585912,,Marlin,sanction,,https://www.opensanctions.org/entities/ca-sema-17ac57545ca19f83799f007f398ac1e552daa93f,ca_dfatd_sema_sanctions
9308443,,INA,sanction,,https://www.opensanctions.org/entities/ca-sema-18fdb35f88bcc3e49266ba2c4141f590dfa2bbcb,ca_dfatd_sema_sanctions
9238052,,Freya,sanction,,https://www.opensanctions.org/entities/ca-sema-18ffcd4fb99ee08e259108e120ab0b52bb0c9c62,ca_dfatd_sema_sanctions
9314818,,Miley,sanction,,https://www.opensanctions.org/entities/ca-sema-1a28edc79835e1fb58d22e7b33f3b704ce4ed1a3,ca_dfatd_sema_sanctions
9299898,,Turbo Voyager,sanction,,https://www.opensanctions.org/entities/ca-sema-1a56ffa135ef2ec609a3009b11cd4f9182a41982,ca_dfatd_sema_sanctions
9832559,,Virat,sanction,,https://www.opensanctions.org/entities/ca-sema-1b8c31190e150d9efcd3c1124b0f2eec30bdd4e7,ca_dfatd_sema_sanctions
9640499,,Ivan Kramskoy,sanction,,https://www.opensanctions.org/entities/ca-sema-1b9f9045ac7ff9870191aba06046f7697d4fad18,ca_dfatd_sema_sanctions
9299862,,TENDUA,sanction,,https://www.opensanctions.org/entities/ca-sema-1bcf388a4e91c8723a21dd4a1247f76370bfd16d,ca_dfatd_sema_sanctions
9299733,,Nagarjuna,sanction,,https://www.opensanctions.org/entities/ca-sema-1bdf484136d7ffaf29b20c757b44d652c2f7861c,ca_dfatd_sema_sanctions
9338905,,SHAANXI,sanction,,https://www.opensanctions.org/entities/ca-sema-1bf7f1532d9661f6402b6384de31f993d3c85528,ca_dfatd_sema_sanctions
9358010,,Maia-1,sanction,,https://www.opensanctions.org/entities/ca-sema-1c323440be5aa6f03bf75ef4b479d31619c3408e,ca_dfatd_sema_sanctions
9336517,,Uriel,sanction,,https://www.opensanctions.org/entities/ca-sema-1c6b75b4ffb5c92a19cf71b8a859e63b6806502e,ca_dfatd_sema_sanctions
7612448,,Balitiyskiy III,sanction,,https://www.opensanctions.org/entities/ca-sema-1d64d100e4a69d1dee308b60380a62c3bfa5f618,ca_dfatd_sema_sanctions
8951413,,Zakamsk,sanction,,https://www.opensanctions.org/entities/ca-sema-1e34de4e78491f1941f556471ea613cd2854cd6e,ca_dfatd_sema_sanctions
9421960,,PRIMORYE,sanction,,https://www.opensanctions.org/entities/ca-sema-1e525f91b1917d0d5e0c3af3fc573bd31afefa36,ca_dfatd_sema_sanctions
9389071,,Tango 2,sanction,,https://www.opensanctions.org/entities/ca-sema-1e5a41a77c3d7d18e314fc8c79872b35a30627e1,ca_dfatd_sema_sanctions
9337327,,West Horizon,sanction,,https://www.opensanctions.org/entities/ca-sema-1e793e5802d7a532ebdee09928ce4c97ac1e1b3a,ca_dfatd_sema_sanctions
9256054,,Nevskiy Prospect,sanction,,https://www.opensanctions.org/entities/ca-sema-1ed40a663b9d59645d4dedbc3524b64c51b63772,ca_dfatd_sema_sanctions
9329667,,Pacific,sanction,,https://www.opensanctions.org/entities/ca-sema-1f1f2a117bf4acc41eaff821f2f87a0272f2fb78,ca_dfatd_sema_sanctions
9277735,,Lunar Tide,sanction,,https://www.opensanctions.org/entities/ca-sema-1f73cd123815b5df6f9d28f440ccbbf9a94b59ac,ca_dfatd_sema_sanctions
9336426,,NAXOS,sanction,,https://www.opensanctions.org/entities/ca-sema-1ff10d07cf4976a31256c79c124a3183ad8d2dfa,ca_dfatd_sema_sanctions
9372561,,Timofey Guzhenko,sanction,,https://www.opensanctions.org/entities/ca-sema-1ffb5aee905565ac3490ddbd9812b84ebdcc6091,ca_dfatd_sema_sanctions
9347308,,Aura Maris,sanction,,https://www.opensanctions.org/entities/ca-sema-2072b2f9919958d2f5ff6d0c9aa9306de09fefb3,ca_dfatd_sema_sanctions
9282041,,Kaviz,sanction,,https://www.opensanctions.org/entities/ca-sema-214f31c625a39f2a471d0ded1c331f40ac48e7dd,ca_dfatd_sema_sanctions
9274434,,Sindhu,sanction,,https://www.opensanctions.org/entities/ca-sema-215fcd4383c2b28c4ccd670fb6c81ee62bdf7949,ca_dfatd_sema_sanctions
9610808,,Anatoly Kolodkin,sanction,,https://www.opensanctions.org/entities/ca-sema-216cc1d4148c1628bd04d5a33cab9ffaeb2565c1,ca_dfatd_sema_sanctions
9372559,,Kapitan Gotsky,sanction,,https://www.opensanctions.org/entities/ca-sema-224bdab1805e641a17327504d34c135aa569605b,ca_dfatd_sema_sanctions
9118355,,Zeya,sanction,,https://www.opensanctions.org/entities/ca-sema-2318096ab9b86dfbcd1cee7b57c1413de31d68d1,ca_dfatd_sema_sanctions
9283289,,THYA,sanction,,https://www.opensanctions.org/entities/ca-sema-23400c5ee8a220222ed97aa81be85eaec4e2e94a,ca_dfatd_sema_sanctions
9335692,,SCF Enterprise,sanction,,https://www.opensanctions.org/entities/ca-sema-234cf184aa3721b395f93a576915d07a4123de3a,ca_dfatd_sema_sanctions
9400980,,Evali,sanction,,https://www.opensanctions.org/entities/ca-sema-24496a769f5c4038c6621cd8b226f5ded75a4b10,ca_dfatd_sema_sanctions
9291262,,Silvar,sanction,,https://www.opensanctions.org/entities/ca-sema-244fdd30a367e1c6a269e03f99f791ff5a47a5cb,ca_dfatd_sema_sanctions
9333436,,Success,sanction,,https://www.opensanctions.org/entities/ca-sema-24dbaf230b698a6e4cac7c2f33f9a1ee7765ec49,ca_dfatd_sema_sanctions
9720263,,Zafar,sanction,,https://www.opensanctions.org/entities/ca-sema-24ff92649f4e98fa2c8546e29923c7b8cab2ab4f,ca_dfatd_sema_sanctions
9285835,,Sea Fidelity,sanction,,https://www.opensanctions.org/entities/ca-sema-2553aa06ee480e10acca85d6fd0c92bd45d269ea,ca_dfatd_sema_sanctions
9777670,,Sanar-15,sanction,,https://www.opensanctions.org/entities/ca-sema-257c9e148c4de097066d0da8dba9ad8b8d06e477,ca_dfatd_sema_sanctions
9281683,,Siri,sanction,,https://www.opensanctions.org/entities/ca-sema-25f0d75741eadfbea0118a1de4708b2ce3c7179f,ca_dfatd_sema_sanctions
9255830,,SEA MARINE 1,sanction,,https://www.opensanctions.org/entities/ca-sema-25f36c8cc3ba8827c09542419c7d90f0215615f8,ca_dfatd_sema_sanctions
9439383,,Bhilva,sanction,,https://www.opensanctions.org/entities/ca-sema-26a4f0ef2f840cb07f2471fbd00751ad1fa13495,ca_dfatd_sema_sanctions
9339337,,Legacy,sanction,,https://www.opensanctions.org/entities/ca-sema-26de55536cffd906acfea8ec31ef9c42686a683f,ca_dfatd_sema_sanctions
9637961,,Sergey Terskov,sanction,,https://www.opensanctions.org/entities/ca-sema-2712b4f205a499418549ef10f27e6fe323972207,ca_dfatd_sema_sanctions
9301419,,YuriSenkevich,sanction,,https://www.opensanctions.org/entities/ca-sema-273f8282d48eb4488599e1aa35beaad32acec0c9,ca_dfatd_sema_sanctions
9288746,,Udaya,sanction,,https://www.opensanctions.org/entities/ca-sema-27567d107cc889d2fe6d6bac7bf5a470950d125c,ca_dfatd_sema_sanctions
9286657,,Lokosao,sanction,,https://www.opensanctions.org/entities/ca-sema-27678a09fa0461f753a7fd9f08f845fe2ecf1d3d,ca_dfatd_sema_sanctions
9256066,,Ligovsky Prospect,sanction,,https://www.opensanctions.org/entities/ca-sema-279afd7e21432e7f0ccbb8247c38afa7ba7741de,ca_dfatd_sema_sanctions
9439539,,Bolu,sanction,,https://www.opensanctions.org/entities/ca-sema-282c2d77c1970b9ad520acf808be4d1d3556d778,ca_dfatd_sema_sanctions
9511521,,Meridian,sanction,,https://www.opensanctions.org/entities/ca-sema-283aa9c4146af818d37b70a7438148145a87f846,ca_dfatd_sema_sanctions
9577082,,Premier,sanction,,https://www.opensanctions.org/entities/ca-sema-285060edccedcceeeb69ce1a93deff9a1f9a147e,ca_dfatd_sema_sanctions
9683740,,Lady Leila,sanction,,https://www.opensanctions.org/entities/ca-sema-289c9edf8267ef5240a92d4c3f39aec1e0ceddf7,ca_dfatd_sema_sanctions
9299666,,Dashan,sanction,,https://www.opensanctions.org/entities/ca-sema-28d33492ea29f756c98c23cd81f45b6ea93c4a68,ca_dfatd_sema_sanctions
9175078,,Zambra,sanction,,https://www.opensanctions.org/entities/ca-sema-2993ef8572a91857e745a47d3c55a96a8c0865bf,ca_dfatd_sema_sanctions
9247883,,HATTI,sanction,,https://www.opensanctions.org/entities/ca-sema-29bdc31f50319ea3190b3627a9f5887cf497ef1d,ca_dfatd_sema_sanctions
9103817,,Boris Kustodiev,sanction,,https://www.opensanctions.org/entities/ca-sema-2a01a52f886a4425eb20dbff7aaabb1f0c5f3d72,ca_dfatd_sema_sanctions
9385831,,Leruo,sanction,,https://www.opensanctions.org/entities/ca-sema-2a367fbd848db9f8cb3b4e1014aaf0cbc72e827a,ca_dfatd_sema_sanctions
9624316,,Aura,sanction,,https://www.opensanctions.org/entities/ca-sema-2a5adf0c28b11ef2e6735f6e4347f4bed521e827,ca_dfatd_sema_sanctions
9585924,,Kaluga,sanction,,https://www.opensanctions.org/entities/ca-sema-2a93538c34d63401b4ca220c07fea063eab5a406,ca_dfatd_sema_sanctions
9198290,,MD MIRANDA,sanction,,https://www.opensanctions.org/entities/ca-sema-2bb3399e46e66ef8a866296f5111b323f837cbb4,ca_dfatd_sema_sanctions
9339313,,Ladoga,sanction,,https://www.opensanctions.org/entities/ca-sema-2be10c51761c938ae02f5841d099fef1ec99d86c,ca_dfatd_sema_sanctions
9849887,,La Perouse,sanction,,https://www.opensanctions.org/entities/ca-sema-2c43032af2a796e76e9edb3a978089e282320abe,ca_dfatd_sema_sanctions
9290309,,Hulda,sanction,,https://www.opensanctions.org/entities/ca-sema-2c722b91c1e16aad592331ab336ba4f05e6d7097,ca_dfatd_sema_sanctions
9131357,,Orion,sanction,,https://www.opensanctions.org/entities/ca-sema-2cb1c400ef39423241cc68b0dd3aedc5285b303d,ca_dfatd_sema_sanctions
9481934,,Port Olya-4,sanction,,https://www.opensanctions.org/entities/ca-sema-2cde53e9b1ed499b6a55b0d1dcf1496f888d5ca4,ca_dfatd_sema_sanctions
9384447,,JI SHUN,sanction,,https://www.opensanctions.org/entities/ca-sema-2d1fc1d7caa5775aafccda297ee84094a33b092e,ca_dfatd_sema_sanctions
9392822,,Lotus,sanction,,https://www.opensanctions.org/entities/ca-sema-2d46d8f12b477bfa58b7a3be8698523fc45cb42a,ca_dfatd_sema_sanctions
9277747,,ELISE,sanction,,https://www.opensanctions.org/entities/ca-sema-2db0f9c0cbaec807a9fca0939f1e81c125ef28d6,ca_dfatd_sema_sanctions
9329760,,Eagle S,sanction,,https://www.opensanctions.org/entities/ca-sema-2edde8f2d425a091bee1a5ecf4b93959f43db314,ca_dfatd_sema_sanctions
8867129,,Volgoneft-160,sanction,,https://www.opensanctions.org/entities/ca-sema-2fe622d4dccaf4f92c31c52876dea56beadd5794,ca_dfatd_sema_sanctions
9105140,,Taimyr,sanction,,https://www.opensanctions.org/entities/ca-sema-2ff233cf4cd53eb3382b654acf75b658fb389d73,ca_dfatd_sema_sanctions
9313589,,SANAR-14,sanction,,https://www.opensanctions.org/entities/ca-sema-300cf01ef6e9b2f42685264ea7d00621bf03efa5,ca_dfatd_sema_sanctions
9388742,,Surya,sanction,,https://www.opensanctions.org/entities/ca-sema-3030f853977a23d6ac930d0a1c11488fd4a7831e,ca_dfatd_sema_sanctions
9277759,,LEA I,sanction,,https://www.opensanctions.org/entities/ca-sema-30d7754506580c8ac157ba6fe7451bf486e4edbb,ca_dfatd_sema_sanctions
9247429,,Indri,sanction,,https://www.opensanctions.org/entities/ca-sema-3120ce969b280f1ddbe2932c71919017bddcc935,ca_dfatd_sema_sanctions
9260823,,FIESTA,sanction,,https://www.opensanctions.org/entities/ca-sema-312cecf6fc9f3e67808c917253b8ccede61663f5,ca_dfatd_sema_sanctions
9198783,,Maria,sanction,,https://www.opensanctions.org/entities/ca-sema-3130644536e0f37de1324eaeee14725d0902cccb,ca_dfatd_sema_sanctions
9384992,,Mars 6,sanction,,https://www.opensanctions.org/entities/ca-sema-316c9003d31a60b47def558cb4ebe8267e7e7269,ca_dfatd_sema_sanctions
9341067,,Kaliningrad,sanction,,https://www.opensanctions.org/entities/ca-sema-31c559f2ac43807a5b6b7ef9b6d11122c71908e1,ca_dfatd_sema_sanctions
9577094,,Pathfinder,sanction,,https://www.opensanctions.org/entities/ca-sema-325949f50d1c705341f2d6a8ec3bb0ebb1b0f0f3,ca_dfatd_sema_sanctions
9216298,,East Energy,sanction,,https://www.opensanctions.org/entities/ca-sema-327ed4be7277824378564e15ebff52069957e126,ca_dfatd_sema_sanctions
9412359,,Belgorod,sanction,,https://www.opensanctions.org/entities/ca-sema-32afe01e1abc770ac4c853824541d9c8f80584b8,ca_dfatd_sema_sanctions
9645011,,Sanar-18,sanction,,https://www.opensanctions.org/entities/ca-sema-335802ba9c95589e7ec41aacafd8111060465a45,ca_dfatd_sema_sanctions
9314167,,Agnes,sanction,,https://www.opensanctions.org/entities/ca-sema-335ab104c0a87905dcac3af3d2785361bec04f7e,ca_dfatd_sema_sanctions
9590137,,Megion,sanction,,https://www.opensanctions.org/entities/ca-sema-3369395c728ac6075402b18a210ba097b2645790,ca_dfatd_sema_sanctions
9252400,,Celine,sanction,,https://www.opensanctions.org/entities/ca-sema-3390951d4dc6c47296b7613a7d726f611cc43ee5,ca_dfatd_sema_sanctions
9897690,,POLA ANASTASIA,sanction,,https://www.opensanctions.org/entities/ca-sema-33e0c1cf8f8f8b4647787e92059c7716f8684c23,ca_dfatd_sema_sanctions
9640528,,Poseidon S,sanction,,https://www.opensanctions.org/entities/ca-sema-34b5a245cbad169bd845021724d9c56ccca7435d,ca_dfatd_sema_sanctions
9258868,,Asher,sanction,,https://www.opensanctions.org/entities/ca-sema-34c7f3256799846a2e083703c376450bfa2d0189,ca_dfatd_sema_sanctions
9953535,,North Way,sanction,,https://www.opensanctions.org/entities/ca-sema-34e2985dbb7640c2af502263f9f7a95de5477387,ca_dfatd_sema_sanctions
9323314,,Aditya,sanction,,https://www.opensanctions.org/entities/ca-sema-34f4f9a7fef9c4949ea263d909db10e0c81f1b72,ca_dfatd_sema_sanctions
9308821,,Berra,sanction,,https://www.opensanctions.org/entities/ca-sema-3513621da135fcaf8b36d34277f6e2e3ee0f9e3e,ca_dfatd_sema_sanctions
9266853,,New Power,sanction,,https://www.opensanctions.org/entities/ca-sema-3535f7b3b54e6bc0a5f812013eacd7f6c2e59ca8,ca_dfatd_sema_sanctions
9324277,,Nova Energy,sanction,,https://www.opensanctions.org/entities/ca-sema-353eb32903818e6493ac6128ea3f2deedd6776ab,ca_dfatd_sema_sanctions
9353113,,Jun Ma,sanction,,https://www.opensanctions.org/entities/ca-sema-36b5afc9e7a6469129224d589b2fa360dd204acb,ca_dfatd_sema_sanctions
9292204,,Andromeda,sanction,,https://www.opensanctions.org/entities/ca-sema-373dcdec1bc3bc212973fbfce5cf0f8635f40a23,ca_dfatd_sema_sanctions
9283291,,TIBURON,sanction,,https://www.opensanctions.org/entities/ca-sema-3768f0d825cff4a461a0e1edfed74338d63e3cb8,ca_dfatd_sema_sanctions
9953509,,North Air,sanction,,https://www.opensanctions.org/entities/ca-sema-376d3063c53e431272aa0f30fdf82b2ab9c2b846,ca_dfatd_sema_sanctions
9322267,,Sahara,sanction,,https://www.opensanctions.org/entities/ca-sema-38777f860ba3b2bc845ccf06ee46c1e7ca6b1e13,ca_dfatd_sema_sanctions
9864837,,Mulan,sanction,,https://www.opensanctions.org/entities/ca-sema-38806ec8566050cb0ab78ff36748c70251b1773e,ca_dfatd_sema_sanctions
9035541,,MILLEROVO,sanction,,https://www.opensanctions.org/entities/ca-sema-392db3faf1acdc78d4baeca1c0ac405a80fe42c4,ca_dfatd_sema_sanctions
9328170,,Aether,sanction,,https://www.opensanctions.org/entities/ca-sema-39ff6ef64334d1cffbae5a437e9ceaff80d5b624,ca_dfatd_sema_sanctions
9293959,,FOTUO,sanction,,https://www.opensanctions.org/entities/ca-sema-3a8b08a20ed57996988f6cf8c48ded680f56f978,ca_dfatd_sema_sanctions
9274616,,Deimos,sanction,,https://www.opensanctions.org/entities/ca-sema-3a9e3ee9b3d2b2680f79f934235ca463325000ea,ca_dfatd_sema_sanctions
9610810,,Viktor Bakaev,sanction,,https://www.opensanctions.org/entities/ca-sema-3ac90d55e5e23209b45fdbffb17e90c667ba7d62,ca_dfatd_sema_sanctions
9289477,,M Sophia,sanction,,https://www.opensanctions.org/entities/ca-sema-3acf97144672fd1fa3313a53453ff73461da6ec4,ca_dfatd_sema_sanctions
9289776,,MAISAN,sanction,,https://www.opensanctions.org/entities/ca-sema-3ae7f470e7772c43d19c8647728208c3b35aad4e,ca_dfatd_sema_sanctions
9436006,,SAMSUN,sanction,,https://www.opensanctions.org/entities/ca-sema-3afcb51a68c790d3f0956352d85d919d5b0a3aea,ca_dfatd_sema_sanctions
9240885,,EAST 1,sanction,,https://www.opensanctions.org/entities/ca-sema-3b4d201113ebb51f6937d63dc5f8666d7aa638cf,ca_dfatd_sema_sanctions
9282479,,Minerva M,sanction,,https://www.opensanctions.org/entities/ca-sema-3b810a6e087257d1ea3cea591f33d8a83f173b52,ca_dfatd_sema_sanctions
9315654,,Sea Honor,sanction,,https://www.opensanctions.org/entities/ca-sema-3beccbbef1761c766948e71b04c6f5a1cb9a6ab7,ca_dfatd_sema_sanctions
9304356,,Yodan,sanction,,https://www.opensanctions.org/entities/ca-sema-3c0aef4343e82155b3cfefd1c2b6a1471416e61b,ca_dfatd_sema_sanctions
9419151,,Wu Tai,sanction,,https://www.opensanctions.org/entities/ca-sema-3c3aad422fda330ad4a0465462d93905aaab7f96,ca_dfatd_sema_sanctions
9382712,,Denver,sanction,,https://www.opensanctions.org/entities/ca-sema-3dc8ac493a41ba6be78c8a717631cd9292716b43,ca_dfatd_sema_sanctions
8517839,,M/V Maria,sanction,,https://www.opensanctions.org/entities/ca-sema-3e3ca23abcf5531ab929a3d3f7fa2bbabaff037b,ca_dfatd_sema_sanctions
9381732,,Auga,sanction,,https://www.opensanctions.org/entities/ca-sema-3e993f06ec9f2a89189d34798af370d3cce8a633,ca_dfatd_sema_sanctions
9266475,,Sauri,sanction,,https://www.opensanctions.org/entities/ca-sema-402d48984d9fb9d04bc6aadcf1f7dadfdbd7eb9d,ca_dfatd_sema_sanctions
9333785,,Seadar,sanction,,https://www.opensanctions.org/entities/ca-sema-409c116a2de874632d15da6daad80516b6b6a69f,ca_dfatd_sema_sanctions
9402471,,Apar,sanction,,https://www.opensanctions.org/entities/ca-sema-40eccbd830f44518fb7847e3b5d2edaeaa70ab92,ca_dfatd_sema_sanctions
9224465,,OLAF 1,sanction,,https://www.opensanctions.org/entities/ca-sema-413fa12c569c6421993c1ef790e4ff99aae15387,ca_dfatd_sema_sanctions
9354301,,JAGUAR,sanction,,https://www.opensanctions.org/entities/ca-sema-415a4df8b5fabf05202d4cf692e565dc2e623b35,ca_dfatd_sema_sanctions
9417464,,Anika,sanction,,https://www.opensanctions.org/entities/ca-sema-4177886a62e961ab88ccc6dd1ea7790d09ad29cf,ca_dfatd_sema_sanctions
9255244,,White Condor I,sanction,,https://www.opensanctions.org/entities/ca-sema-41b933064d7529f9689aec4bcf4dae61d7006d5d,ca_dfatd_sema_sanctions
9258478,,Foya,sanction,,https://www.opensanctions.org/entities/ca-sema-41c30d1a70979b1fdea725860995058d3819b77c,ca_dfatd_sema_sanctions
9311751,,Hitit,sanction,,https://www.opensanctions.org/entities/ca-sema-41e47f6863408d8349cd4c6150080913ea2c5c1b,ca_dfatd_sema_sanctions
9251456,,DAPHNE I,sanction,,https://www.opensanctions.org/entities/ca-sema-42581ca855453c5b0489b42565b66381fa457290,ca_dfatd_sema_sanctions
9301407,,ViktorTitov,sanction,,https://www.opensanctions.org/entities/ca-sema-4285719974340c15754a0459c3c0d8cdd6452050,ca_dfatd_sema_sanctions
9217979,,Lotta,sanction,,https://www.opensanctions.org/entities/ca-sema-42c4ec25979152a578154d59329b112d2d8b2cee,ca_dfatd_sema_sanctions
9388792,,Unity,sanction,,https://www.opensanctions.org/entities/ca-sema-42d6ba57763d896175cacdfad26170f72e76ee4c,ca_dfatd_sema_sanctions
9383869,,Saraswati,sanction,,https://www.opensanctions.org/entities/ca-sema-4303e5e2935faade74e79e5b84c5f1e236887364,ca_dfatd_sema_sanctions
9203710,,SV KONSTANTIN,sanction,,https://www.opensanctions.org/entities/ca-sema-4340e0c752081e0130b3ef3990c83e43b701b8ad,ca_dfatd_sema_sanctions
9311622,,Vanguard,sanction,,https://www.opensanctions.org/entities/ca-sema-43c60a3137f18a51fbd0c3579bb8e4399ee1a053,ca_dfatd_sema_sanctions
9246140,,Sasco Avacha,sanction,,https://www.opensanctions.org/entities/ca-sema-43cb5cf8dc132a9ed576fdc81fb9cf13005b48f2,ca_dfatd_sema_sanctions
9318553,,Saga,sanction,,https://www.opensanctions.org/entities/ca-sema-43dca3981efc171ea9b5309fa30a50aa9ba687b7,ca_dfatd_sema_sanctions
9257137,,Min Hang,sanction,,https://www.opensanctions.org/entities/ca-sema-4448489b6a6d848f32166ff5679aa5fc245efc43,ca_dfatd_sema_sanctions
9405057,,TAI SHAN,sanction,,https://www.opensanctions.org/entities/ca-sema-4471313cb59c181bc6601c6753108ba52932a0d3,ca_dfatd_sema_sanctions
9270517,,Cindy,sanction,,https://www.opensanctions.org/entities/ca-sema-44ec6be026212b100d7b3d764524e8819946e9b8,ca_dfatd_sema_sanctions
9307815,,Electra,sanction,,https://www.opensanctions.org/entities/ca-sema-456c8e2e836c35463b1f5b735fbb2fd6399a132d,ca_dfatd_sema_sanctions
9283306,,Fina A,sanction,,https://www.opensanctions.org/entities/ca-sema-45d4063102aaa60f4c10367a24e90bbfc113bf4a,ca_dfatd_sema_sanctions
9083184,,Birthe Theresi,sanction,,https://www.opensanctions.org/entities/ca-sema-45d920a57b30b149112b4365591f654845581c77,ca_dfatd_sema_sanctions
9292577,,Nexus,sanction,,https://www.opensanctions.org/entities/ca-sema-466fe051882fe566adca4802520c6c181b1668c1,ca_dfatd_sema_sanctions
9389679,,Bullar,sanction,,https://www.opensanctions.org/entities/ca-sema-470e7c6aeb63ea2534e08e257d9ebe4a0c43918c,ca_dfatd_sema_sanctions
9211999,,Sofia,sanction,,https://www.opensanctions.org/entities/ca-sema-47848adc94f8f389ffd456b6bf6995c58076a19a,ca_dfatd_sema_sanctions
9281152,,Aquila II,sanction,,https://www.opensanctions.org/entities/ca-sema-47da17bcdb5232c2118ce0fa16d4749994f63afe,ca_dfatd_sema_sanctions
9255402,,Sasco Aniva,sanction,,https://www.opensanctions.org/entities/ca-sema-483a17c9f56b8283ee87d655f3128fbdd836c2bf,ca_dfatd_sema_sanctions
9513139,,Fearless,sanction,,https://www.opensanctions.org/entities/ca-sema-487ba05b9b6c0ec63b2305fe9c4c52b1a598df3d,ca_dfatd_sema_sanctions
9249087,,Hs Glory,sanction,,https://www.opensanctions.org/entities/ca-sema-4962c0052761e09e7e026ef3a7825d7d7c87790a,ca_dfatd_sema_sanctions
9637492,,Clean Ocean,sanction,,https://www.opensanctions.org/entities/ca-sema-4a82f8f3cb8568ec712de670d22ebebcc68ba0b9,ca_dfatd_sema_sanctions
9258167,,AKAR WEST,sanction,,https://www.opensanctions.org/entities/ca-sema-4b1bb51dfaa5304b9048563b36bc16462339cfc9,ca_dfatd_sema_sanctions
9901037,,Nikolay Zadornov,sanction,,https://www.opensanctions.org/entities/ca-sema-4b69072e998f8118b97b05400f215de8f0ea04e0,ca_dfatd_sema_sanctions
9299745,,Apus,sanction,,https://www.opensanctions.org/entities/ca-sema-4bf3a3c89a0aec0269f973846cb957cf8404a491,ca_dfatd_sema_sanctions
9290385,,Elbus,sanction,,https://www.opensanctions.org/entities/ca-sema-4c1feea500153a79b23d9ebe2605533865c0b61a,ca_dfatd_sema_sanctions
9281011,,Moti,sanction,,https://www.opensanctions.org/entities/ca-sema-4c3d52724fd888138a83071300933a9eb259f041,ca_dfatd_sema_sanctions
9231509,,Trend,sanction,,https://www.opensanctions.org/entities/ca-sema-4cb93f46f8679e64bd937e49197aef2ba32c071c,ca_dfatd_sema_sanctions
9313498,,Jacklyn,sanction,,https://www.opensanctions.org/entities/ca-sema-4cdda1bdde3aa5591cd789e0b6321ae72dfba1db,ca_dfatd_sema_sanctions
9255672,,Lebre,sanction,,https://www.opensanctions.org/entities/ca-sema-4cde0e138c389171a0d7b320bb5e23ce7d70b874,ca_dfatd_sema_sanctions
9262924,,Utaki,sanction,,https://www.opensanctions.org/entities/ca-sema-4ce75e6cbc59480cde44c91a75fa20cd5b7c5025,ca_dfatd_sema_sanctions
9410894,,Valour,sanction,,https://www.opensanctions.org/entities/ca-sema-4d20eec6028e80b957e30d0eea54ce0fe4ad6112,ca_dfatd_sema_sanctions
9335678,,SCF Endeavour,sanction,,https://www.opensanctions.org/entities/ca-sema-4d3a9518e84d79b1161d35b47994e7030763babf,ca_dfatd_sema_sanctions
9413004,,Horae,sanction,,https://www.opensanctions.org/entities/ca-sema-4d55c222d47191b1bb1da5fe8e52e06f08cc194b,ca_dfatd_sema_sanctions
9293997,,Khalasi,sanction,,https://www.opensanctions.org/entities/ca-sema-4e0dd9c0b54a85f9552b8516c16765372921dede,ca_dfatd_sema_sanctions
9655470,,SATURN I,sanction,,https://www.opensanctions.org/entities/ca-sema-4eba3cd200de77a80005ff30b29b54e644fcb955,ca_dfatd_sema_sanctions
9261657,,C Viking,sanction,,https://www.opensanctions.org/entities/ca-sema-4f0bca42269b31c1119244ce6d2f45663a0e8b53,ca_dfatd_sema_sanctions
9358034,,Sasco Aldan,sanction,,https://www.opensanctions.org/entities/ca-sema-4f5dc9be4e1d59a03f638f57c5c2338e4c666106,ca_dfatd_sema_sanctions
9336490,,Myra,sanction,,https://www.opensanctions.org/entities/ca-sema-4fe06501139f39485e7e67d97696509d1bedab1a,ca_dfatd_sema_sanctions
9915105,,Koryak FSU,sanction,,https://www.opensanctions.org/entities/ca-sema-5068acc8f880856473ca4ebac3f45750229f8604,ca_dfatd_sema_sanctions
9832547,,Velmar,sanction,,https://www.opensanctions.org/entities/ca-sema-509744db3d11768a35369fbfd5aa202ac9d800d7,ca_dfatd_sema_sanctions
9235000,,Coatlicue,sanction,,https://www.opensanctions.org/entities/ca-sema-50f64d79f3105fc9a497802bccd91a818c825337,ca_dfatd_sema_sanctions
9299721,,Leona,sanction,,https://www.opensanctions.org/entities/ca-sema-522f95a53e6efa48467174627a6470d1bd44f018,ca_dfatd_sema_sanctions
9183295,,NEON,sanction,,https://www.opensanctions.org/entities/ca-sema-528043b210ebe95235eef339d4148ae42a0734ff,ca_dfatd_sema_sanctions
6703769,,Alireza 1,sanction,,https://www.opensanctions.org/entities/ca-sema-538743a08d36e82024425be2ca93ba4d629f7249,ca_dfatd_sema_sanctions
9436020,,Centurion I,sanction,,https://www.opensanctions.org/entities/ca-sema-53bc8057b0e8a3347a2a16309cbe9f659a714926,ca_dfatd_sema_sanctions
9250543,,Neomi,sanction,,https://www.opensanctions.org/entities/ca-sema-53c8a967aca145a06e6e42a8226f7b5c19857ee5,ca_dfatd_sema_sanctions
9285847,,Sirius 1,sanction,,https://www.opensanctions.org/entities/ca-sema-54706d00b168955036b9910e66acad921912ae69,ca_dfatd_sema_sanctions
9292034,,Topaz,sanction,,https://www.opensanctions.org/entities/ca-sema-547910ed0f943154abf9bbd5ebe6d98700d5c92f,ca_dfatd_sema_sanctions
9384095,,Ragnar,sanction,,https://www.opensanctions.org/entities/ca-sema-5492d99848b08d1baa1ac3b7fb2b8c8504130476,ca_dfatd_sema_sanctions
9159921,,Patria,sanction,,https://www.opensanctions.org/entities/ca-sema-558ba13c2cd8dbe33911d35a3c6918968a8110ee,ca_dfatd_sema_sanctions
9402469,,FREDA,sanction,,https://www.opensanctions.org/entities/ca-sema-56347bcf561243d855bb98469782a4fc56a7791b,ca_dfatd_sema_sanctions
9353125,,CHANDRA,sanction,,https://www.opensanctions.org/entities/ca-sema-565dcb61f21a75ec7babbc849d13dbaf6553465f,ca_dfatd_sema_sanctions
9311610,,Torx,sanction,,https://www.opensanctions.org/entities/ca-sema-566f835e9174e975a775ba2c649a128a955c2c74,ca_dfatd_sema_sanctions
9308833,,KUSTO,sanction,,https://www.opensanctions.org/entities/ca-sema-56e70ba1532b81f5e0e5817d9727c25d874f8c08,ca_dfatd_sema_sanctions
9353096,,Madhav,sanction,,https://www.opensanctions.org/entities/ca-sema-572d9ce81f78069f78c55ca4917eb6c88f7f8b6a,ca_dfatd_sema_sanctions
9179385,,Simushir,sanction,,https://www.opensanctions.org/entities/ca-sema-572fed83a2bbc18add5aee8b4e69db82ea1c0f4c,ca_dfatd_sema_sanctions
9242986,,Sasco Angara,sanction,,https://www.opensanctions.org/entities/ca-sema-5752af8a334b0583eb096b84ef873c1eeb3e6308,ca_dfatd_sema_sanctions
9655456,,Clean Vision,sanction,,https://www.opensanctions.org/entities/ca-sema-57896b63e24dfef3a6ee5d2114e18909a06c2a19,ca_dfatd_sema_sanctions
9183831,,Np Dudinka,sanction,,https://www.opensanctions.org/entities/ca-sema-57d4c2958b9b4890d6de158ffbe91400be28c8be,ca_dfatd_sema_sanctions
9537109,,Gazpromneft Zuid East,sanction,,https://www.opensanctions.org/entities/ca-sema-57ef084d42cfaa7808b11eeea54b5bfd96b254fa,ca_dfatd_sema_sanctions
9212008,,Victoria,sanction,,https://www.opensanctions.org/entities/ca-sema-587b6d08abdef223bdaffde654ef752eedcd97e8,ca_dfatd_sema_sanctions
9261619,,Hannah,sanction,,https://www.opensanctions.org/entities/ca-sema-587bb0cc7fcde3544a9c0f3afdc047e48107c4df,ca_dfatd_sema_sanctions
9321689,,Ocean Faye,sanction,,https://www.opensanctions.org/entities/ca-sema-58d6a258e0726528916f62f9b1ce1cb732274bb4,ca_dfatd_sema_sanctions
9292503,,Bull,sanction,,https://www.opensanctions.org/entities/ca-sema-5a572951f52aa8a2ba6972e4a8cf6fa021431b18,ca_dfatd_sema_sanctions
9273052,,Alissa,sanction,,https://www.opensanctions.org/entities/ca-sema-5ad90275afa3d96df43180a874d090e9226a953a,ca_dfatd_sema_sanctions
9888182,,Dmitry Mendeleev,sanction,,https://www.opensanctions.org/entities/ca-sema-5aea07431252f14e21c0a035625dca1fcd32e8bd,ca_dfatd_sema_sanctions
9288693,,Andaman Skies,sanction,,https://www.opensanctions.org/entities/ca-sema-5afc4054ca9cdab90241e5e3b57142ac1d296c0b,ca_dfatd_sema_sanctions
9235725,,Fuga Bluemarine,sanction,,https://www.opensanctions.org/entities/ca-sema-5c7757671043ebdd6aa98d21df7b5ad00bc824ad,ca_dfatd_sema_sanctions
9511387,,Olympus,sanction,,https://www.opensanctions.org/entities/ca-sema-5c7901e10200df3558967005d6638b3718093d36,ca_dfatd_sema_sanctions
9255270,,Np Dikson,sanction,,https://www.opensanctions.org/entities/ca-sema-5cd554e1bfa0c5e5f5689453ccc7bf6fc436eb0a,ca_dfatd_sema_sanctions
9321718,,Orvi,sanction,,https://www.opensanctions.org/entities/ca-sema-5cdc8d4aadc240cac17f802bebae83061017676d,ca_dfatd_sema_sanctions
9291250,,Cortex,sanction,,https://www.opensanctions.org/entities/ca-sema-5d6aa8f541ff9f1c5653abd7917eca1bb43a9b83,ca_dfatd_sema_sanctions
9333424,,Phoenix,sanction,,https://www.opensanctions.org/entities/ca-sema-5d8a0c54447802677753b4d421ddcb42517e5c06,ca_dfatd_sema_sanctions
9281891,,Merope,sanction,,https://www.opensanctions.org/entities/ca-sema-5f142dcaeb8d3a58876facd3b6ba81a354970711,ca_dfatd_sema_sanctions
8724779,,Vanino,sanction,,https://www.opensanctions.org/entities/ca-sema-5f17e1c6b7e201aad5fca4789dd0cae391c51a1c,ca_dfatd_sema_sanctions
9290397,,Stormbringer,sanction,,https://www.opensanctions.org/entities/ca-sema-5f5c930da7f161fdbc94c08ee58f3edc6bbea86e,ca_dfatd_sema_sanctions
9306562,,Rhein,sanction,,https://www.opensanctions.org/entities/ca-sema-5f8bf6dc280132a64f64da86d452498f5dc4a20c,ca_dfatd_sema_sanctions
9620633,,Finval,sanction,,https://www.opensanctions.org/entities/ca-sema-5fbd26c4e15c36fb8e4b515007cc7468e5c2c519,ca_dfatd_sema_sanctions
9412995,,Kruger,sanction,,https://www.opensanctions.org/entities/ca-sema-5fbf84732d804e0bfb3bd750da0fa32cfac62a4e,ca_dfatd_sema_sanctions
9255660,,Pontus I,sanction,,https://www.opensanctions.org/entities/ca-sema-60bed2189c44179c61419c0d21aa028d17f39cdf,ca_dfatd_sema_sanctions
9435337,,Akhty,sanction,,https://www.opensanctions.org/entities/ca-sema-614e910dd7c69ee5745fb7a2c27906b815c090c0,ca_dfatd_sema_sanctions
9433016,,Apate,sanction,,https://www.opensanctions.org/entities/ca-sema-61a30586b07eaf880acfab4213c108f312cdd587,ca_dfatd_sema_sanctions
9752084,,Shturman Albanov,sanction,,https://www.opensanctions.org/entities/ca-sema-61ef289f1dcbde0d886f4af1f1b67cd1904769a4,ca_dfatd_sema_sanctions
9250531,,Python,sanction,,https://www.opensanctions.org/entities/ca-sema-622c4307632b7185ae9d82ad4ecc76b61e86a32d,ca_dfatd_sema_sanctions
9168946,,Zevs,sanction,,https://www.opensanctions.org/entities/ca-sema-625fb0edb9ca6262f114615f0fd861095616e9ec,ca_dfatd_sema_sanctions
9253325,,Nurkez,sanction,,https://www.opensanctions.org/entities/ca-sema-63310a85e15b245d6a7db8e669a5fa2fa0612379,ca_dfatd_sema_sanctions
9264570,,THEMIS,sanction,,https://www.opensanctions.org/entities/ca-sema-635cc5840b03f9aa09b76e4009e3bf08dbac40ee,ca_dfatd_sema_sanctions
9412335,,Bolero,sanction,,https://www.opensanctions.org/entities/ca-sema-63b140568938c5251fd17087270f630c4e721fbd,ca_dfatd_sema_sanctions
8918540,,Bergen T,sanction,,https://www.opensanctions.org/entities/ca-sema-63bda1307904ab91d34753c0afaba98e29e61ab3,ca_dfatd_sema_sanctions
9749154,,Kupava,sanction,,https://www.opensanctions.org/entities/ca-sema-649a2ad476eeebbb67dd9d72fb7c61bfc01b30d4,ca_dfatd_sema_sanctions
9079169,,Enisey,sanction,,https://www.opensanctions.org/entities/ca-sema-64ab31438fc86755758ab64935e5157b0581e6bf,ca_dfatd_sema_sanctions
9413573,,Atlas,sanction,,https://www.opensanctions.org/entities/ca-sema-64e484e1d4753b7675fe3c7fc760d8fa2e67c4d1,ca_dfatd_sema_sanctions
9779941,,Shusha,sanction,,https://www.opensanctions.org/entities/ca-sema-653048707cf6878c05ba6a5b20b516abaae9a122,ca_dfatd_sema_sanctions
9299903,,Deyna,sanction,,https://www.opensanctions.org/entities/ca-sema-656924ef98fbffb736da1b4deb2690438323921d,ca_dfatd_sema_sanctions
9319882,,Aryabhata,sanction,,https://www.opensanctions.org/entities/ca-sema-65843c2f66474ea78eabeaaf68bcb03396f73eaf,ca_dfatd_sema_sanctions
9337389,,Agni,sanction,,https://www.opensanctions.org/entities/ca-sema-65d8165fef71b36c3092ca5b0f5f0e7d2894604c,ca_dfatd_sema_sanctions
9735335,,Sig,sanction,,https://www.opensanctions.org/entities/ca-sema-6606f5373a8aea6adaed5acb20e4e37e8a9afbc1,ca_dfatd_sema_sanctions
9274331,,San Damian,sanction,,https://www.opensanctions.org/entities/ca-sema-66513a9837a037b65c935cd899e3ec28bdfa0786,ca_dfatd_sema_sanctions
9315446,,Spring,sanction,,https://www.opensanctions.org/entities/ca-sema-6678d8a4dff049d35d6b16915ca92810e2c97d42,ca_dfatd_sema_sanctions
9481910,,Port Olya 3,sanction,,https://www.opensanctions.org/entities/ca-sema-667bc9cd80ea8a6a60e226bf7527aa03ac374b1f,ca_dfatd_sema_sanctions
9530917,,Sakina,sanction,,https://www.opensanctions.org/entities/ca-sema-66d7af409a6d43bd35b17f549cfd4df273714ed0,ca_dfatd_sema_sanctions
9377042,,Armada Explorer,sanction,,https://www.opensanctions.org/entities/ca-sema-68681c0cb736f394f3db466ebaea4ba6de191635,ca_dfatd_sema_sanctions
9276030,,Echo,sanction,,https://www.opensanctions.org/entities/ca-sema-6946a0ebcd217d774f42fd74b98b7103c18a614f,ca_dfatd_sema_sanctions
9137648,,CARUZO,sanction,,https://www.opensanctions.org/entities/ca-sema-6949a8562fbab836be2112dcae327dc474f78413,ca_dfatd_sema_sanctions
9164512,,Avior,sanction,,https://www.opensanctions.org/entities/ca-sema-698066a366db1b578cb52107693af64a71c720f6,ca_dfatd_sema_sanctions
9171175,,Cilicia,sanction,,https://www.opensanctions.org/entities/ca-sema-6a122f41599193a7d307fe0ffbfd2aa438f9c0ac,ca_dfatd_sema_sanctions
9621601,,Vasily Lanovoy,sanction,,https://www.opensanctions.org/entities/ca-sema-6a3d32e640ed18880cf560e13fc7ac54acf1348a,ca_dfatd_sema_sanctions
9412347,,Leo,sanction,,https://www.opensanctions.org/entities/ca-sema-6b61ffdc5afbb4fab9976fbdb613be43119dcf1b,ca_dfatd_sema_sanctions
9759927,,Shturman Shcherbinin,sanction,,https://www.opensanctions.org/entities/ca-sema-6b9cd94d7d4bcfc5b81baa049b6cf6fabd6df727,ca_dfatd_sema_sanctions
9144782,,Bodhi,sanction,,https://www.opensanctions.org/entities/ca-sema-6bcdd50fe180fed92a9b1c30378d0c585a3cd8ff,ca_dfatd_sema_sanctions
9310525,,Ionia,sanction,,https://www.opensanctions.org/entities/ca-sema-6d0bb81a9b235023cdf2bd72bafc2fa715c7c972,ca_dfatd_sema_sanctions
9876359,,Ivan Aivazovsky,sanction,,https://www.opensanctions.org/entities/ca-sema-6d1e1b410f871f8d1663fb4f7a7670b0c51d14bd,ca_dfatd_sema_sanctions
9297553,,Monte 1,sanction,,https://www.opensanctions.org/entities/ca-sema-6d2f744ef27cd4338bdc06cec738ab98c773e792,ca_dfatd_sema_sanctions
9190286,,Aquilon,sanction,,https://www.opensanctions.org/entities/ca-sema-6db2caa6756efde0490dfee35604c995d22fdea3,ca_dfatd_sema_sanctions
9321172,,Sea Owl I,sanction,,https://www.opensanctions.org/entities/ca-sema-6dca057f937546c49765b6b1e52bb52e8039521c,ca_dfatd_sema_sanctions
9630028,,Perle,sanction,,https://www.opensanctions.org/entities/ca-sema-6e45966487430da8573a0ccf80fb3ac54775a4ef,ca_dfatd_sema_sanctions
9322956,,Prosperity,sanction,,https://www.opensanctions.org/entities/ca-sema-6e564accfa7243e88669316b36bd962c4732c54b,ca_dfatd_sema_sanctions
9418494,,Zaliv Aniva,sanction,,https://www.opensanctions.org/entities/ca-sema-6e592fafc635f4f6f188d1e3ce64957554db2c48,ca_dfatd_sema_sanctions
9378618,,Pioner 1,sanction,,https://www.opensanctions.org/entities/ca-sema-6ee615522aba82f83fc2d9f63c9a9d91aa0dc079,ca_dfatd_sema_sanctions
9299719,,Otla,sanction,,https://www.opensanctions.org/entities/ca-sema-6eea252382d8500084d9f54a47dd09fa99347176,ca_dfatd_sema_sanctions
9199127,,KOEN,sanction,,https://www.opensanctions.org/entities/ca-sema-6f2727f016aace48d7b2c1aba0dad84e61353a1e,ca_dfatd_sema_sanctions
9366110,,Mys Zhelaniya,sanction,,https://www.opensanctions.org/entities/ca-sema-6f4c02a9ad38368fb51520d495e9022d3e400a75,ca_dfatd_sema_sanctions
9278064,,SOFOS,sanction,,https://www.opensanctions.org/entities/ca-sema-6f52a75f53a371528553eb95af92cdbd07b88569,ca_dfatd_sema_sanctions
9274082,,TM Hai Ha 568,sanction,,https://www.opensanctions.org/entities/ca-sema-701e974943ccc9f9c2805873062d3dd773ab2983,ca_dfatd_sema_sanctions
8846814,,Musa Jalil,sanction,,https://www.opensanctions.org/entities/ca-sema-708d3dbff33b08bd237fc96badf04a53e28b656e,ca_dfatd_sema_sanctions
9503304,,General Skobelev,sanction,,https://www.opensanctions.org/entities/ca-sema-7108ef6e743509040b2b38432d506ecece6da3e0,ca_dfatd_sema_sanctions
9610781,,Zenith,sanction,,https://www.opensanctions.org/entities/ca-sema-711a2ddeafce81541a843f7630000bdb0ee7e051,ca_dfatd_sema_sanctions
9352195,,SANDHYA,sanction,,https://www.opensanctions.org/entities/ca-sema-71a0dde62147977bce2ccc6b9c27db3283c98b2f,ca_dfatd_sema_sanctions
9271585,,Krishna 1,sanction,,https://www.opensanctions.org/entities/ca-sema-71ef42dc57e9a850684f99c115a1631b65e3003d,ca_dfatd_sema_sanctions
9247376,,Mariel,sanction,,https://www.opensanctions.org/entities/ca-sema-727a2f7538693a20d9e8ef35223e78789c6e9b8c,ca_dfatd_sema_sanctions
9381744,,Antila,sanction,,https://www.opensanctions.org/entities/ca-sema-72ae3d9e638574167ea7f8da42e118cad55af4f4,ca_dfatd_sema_sanctions
9207027,,Vernal,sanction,,https://www.opensanctions.org/entities/ca-sema-72c81b730e6a0fa7f1502e86166b1c8fe11c22ce,ca_dfatd_sema_sanctions
9208124,,Sky Rider,sanction,,https://www.opensanctions.org/entities/ca-sema-732835ab65e47019c6c1669087bffce87c5af896,ca_dfatd_sema_sanctions
9495832,,Blacksea Eagle,sanction,,https://www.opensanctions.org/entities/ca-sema-73437eeff94bfb506fbd1f58a94b2bb42ee6b4fc,ca_dfatd_sema_sanctions
9308950,,Seasons I,sanction,,https://www.opensanctions.org/entities/ca-sema-7366a046c6a33eaf8664907a3ca00c2230bcb08e,ca_dfatd_sema_sanctions
9081370,,Mikhail Britnev,sanction,,https://www.opensanctions.org/entities/ca-sema-7373317953fb52cb77f96c7abe180c664a0da64f,ca_dfatd_sema_sanctions
9308065,,Eventin,sanction,,https://www.opensanctions.org/entities/ca-sema-742f93a4fc75a26650c073504e4e33329e4de60a,ca_dfatd_sema_sanctions
9284594,,Ocean River,sanction,,https://www.opensanctions.org/entities/ca-sema-7488facddf2385b84f7f28a1651dfe39603b5f3a,ca_dfatd_sema_sanctions
9247780,,Turaco,sanction,,https://www.opensanctions.org/entities/ca-sema-749542c014351dcc73ec335f2e666ea0c29d47eb,ca_dfatd_sema_sanctions
9613549,,Vitus Bering,sanction,,https://www.opensanctions.org/entities/ca-sema-7556dcd8378fc6fd9b3cc2948da0f5f72d20f9a8,ca_dfatd_sema_sanctions
9279434,,KAPITAN SAKHAROV,sanction,,https://www.opensanctions.org/entities/ca-sema-7566133d1d41f714d3635d5e3d1295cc74704b09,ca_dfatd_sema_sanctions
9259991,,SEZAR,sanction,,https://www.opensanctions.org/entities/ca-sema-75b01bcd7eb4096150b80bfdbb5612da0d977ff1,ca_dfatd_sema_sanctions
9389100,,Smyrtos,sanction,,https://www.opensanctions.org/entities/ca-sema-75ba0795519a7e3ece574f523e33abbb56ced387,ca_dfatd_sema_sanctions
9224283,,Neer 1,sanction,,https://www.opensanctions.org/entities/ca-sema-7629c55f9eb9eb0dbaab6b0c7cd6e6ce8c9ef6f1,ca_dfatd_sema_sanctions
9230971,,Skadi,sanction,,https://www.opensanctions.org/entities/ca-sema-763300b5b91b9f06e7c2dfa35696a1735b5a3dbc,ca_dfatd_sema_sanctions
9164718,,Thoth,sanction,,https://www.opensanctions.org/entities/ca-sema-76561aa833966c3ddd68ff7461e12153af054ab8,ca_dfatd_sema_sanctions
9276028,,Pegasus,sanction,,https://www.opensanctions.org/entities/ca-sema-76d928e05e741ff0cd8f9a2abe73599ad3ebae76,ca_dfatd_sema_sanctions
9422445,,SIRIUS,sanction,,https://www.opensanctions.org/entities/ca-sema-771308d3eee060f8cbaa3fa8ebad8b576355c685,ca_dfatd_sema_sanctions
9288734,,ARABESCA,sanction,,https://www.opensanctions.org/entities/ca-sema-774f2b9347c81b1c7343c5708b09810633764074,ca_dfatd_sema_sanctions
9297357,,Novator,sanction,,https://www.opensanctions.org/entities/ca-sema-77736f41b33bbeccedcebe5832f9961f797666b4,ca_dfatd_sema_sanctions
9314894,,INDRAS,sanction,,https://www.opensanctions.org/entities/ca-sema-780bab93dc4a5d63cded3730b83bc7e4abec3d84,ca_dfatd_sema_sanctions
9397559,,Aria,sanction,,https://www.opensanctions.org/entities/ca-sema-781a08d5731f47ff8d7adc6db7eccb9f64c8d90f,ca_dfatd_sema_sanctions
9296822,,Sagitta,sanction,,https://www.opensanctions.org/entities/ca-sema-782e304342213e275d6a8217279bc3b31de30e1e,ca_dfatd_sema_sanctions
9354313,,Zaliv Amurskiy,sanction,,https://www.opensanctions.org/entities/ca-sema-784d481ab846a6ee478a547fd0b534f915286f70,ca_dfatd_sema_sanctions
9321691,,Sai Baba,sanction,,https://www.opensanctions.org/entities/ca-sema-7852f123c0eaa2e51411ca68312cf40a7598d9a6,ca_dfatd_sema_sanctions
9037123,,SC Cutta,sanction,,https://www.opensanctions.org/entities/ca-sema-78851c1ccb007c2dc2bcdb1c98a53ebd12034d15,ca_dfatd_sema_sanctions
9257022,,Laconia,sanction,,https://www.opensanctions.org/entities/ca-sema-79067c0b8e2c6751a8c1319ece3dc1f34d8eb31d,ca_dfatd_sema_sanctions
9741724,,ALARA,sanction,,https://www.opensanctions.org/entities/ca-sema-79a6e1aeb71c05fa992f53067183135b45c81c80,ca_dfatd_sema_sanctions
9299161,,Kord Atlantic,sanction,,https://www.opensanctions.org/entities/ca-sema-7b599ca45ab5a4ca90871698872fc4446b3ac716,ca_dfatd_sema_sanctions
9408205,,Fast Kathy,sanction,,https://www.opensanctions.org/entities/ca-sema-7b75233d07da190fdf0fcf80d096de6bcf465811,ca_dfatd_sema_sanctions
9253234,,GURUDEV,sanction,,https://www.opensanctions.org/entities/ca-sema-7b82f4622fcf1bd0622dd1f68ae3756b551b5d6a,ca_dfatd_sema_sanctions
9368223,,Achilles,sanction,,https://www.opensanctions.org/entities/ca-sema-7bbc3fb8870f9f7bc32c15e0098cf073ce589c91,ca_dfatd_sema_sanctions
9301615,,Sara II,sanction,,https://www.opensanctions.org/entities/ca-sema-7c4893ddf331ce66a475d0ddb2b2cf6609bfa84e,ca_dfatd_sema_sanctions
9233349,,Vesna,sanction,,https://www.opensanctions.org/entities/ca-sema-7c97b7a0d3a4ee280606e3cd7d6b3776401a3573,ca_dfatd_sema_sanctions
9289752,,Savitri,sanction,,https://www.opensanctions.org/entities/ca-sema-7d58287776aad4a40fa63ed621669a21c88df738,ca_dfatd_sema_sanctions
9378620,,Ganga,sanction,,https://www.opensanctions.org/entities/ca-sema-7d621668d1bba9534605d0d47f264fb28e439424,ca_dfatd_sema_sanctions
9266750,,Seahorse,sanction,,https://www.opensanctions.org/entities/ca-sema-7dc73c19d9c115a7b840eb461471c090db4130a7,ca_dfatd_sema_sanctions
9321562,,Maverick,sanction,,https://www.opensanctions.org/entities/ca-sema-7dcd7cd142781ba231495eb8a9850fdba996bcac,ca_dfatd_sema_sanctions
9284726,,Bonifacy,sanction,,https://www.opensanctions.org/entities/ca-sema-7eb0acffb2625073e033a763b25424338c1e7a75,ca_dfatd_sema_sanctions
9621558,,Karakuz,sanction,,https://www.opensanctions.org/entities/ca-sema-7eb457202f77e9611e72632986336c44133c8199,ca_dfatd_sema_sanctions
8926913,,Omskiy-119,sanction,,https://www.opensanctions.org/entities/ca-sema-7f08eaf324e81f20fab86d68881300e27395a7a5,ca_dfatd_sema_sanctions
9308132,,Tempest Dream,sanction,,https://www.opensanctions.org/entities/ca-sema-7f128ed238a59f459c20ab0b5e46a86e45b77868,ca_dfatd_sema_sanctions
9196620,,Umba,sanction,,https://www.opensanctions.org/entities/ca-sema-7f63abf57a1e3666f971d045ba92badab26c59f6,ca_dfatd_sema_sanctions
9113276,,MT Konstantinovsk,sanction,,https://www.opensanctions.org/entities/ca-sema-7f9b5873d90dc8823b7a3330934baa157ddd37f3,ca_dfatd_sema_sanctions
9250892,,Mikati,sanction,,https://www.opensanctions.org/entities/ca-sema-802226a3265dd3d63f37a192992098def2532b06,ca_dfatd_sema_sanctions
9276561,,Petra,sanction,,https://www.opensanctions.org/entities/ca-sema-80457602da6fda1010e4599d2228c2e8c2ae04ca,ca_dfatd_sema_sanctions
9345623,,Ru Yi,sanction,,https://www.opensanctions.org/entities/ca-sema-8052baa0954e395d10bf3134f296dc51087e8e96,ca_dfatd_sema_sanctions
9270555,,Integrity Racer,sanction,,https://www.opensanctions.org/entities/ca-sema-80904c451d795f02075bae70c46af1b663811cf9,ca_dfatd_sema_sanctions
9292046,,Nova Crest,sanction,,https://www.opensanctions.org/entities/ca-sema-80d38ac0f3940c614572592b186b261eec5b8978,ca_dfatd_sema_sanctions
9267297,,Bering,sanction,,https://www.opensanctions.org/entities/ca-sema-8105fd3cfd8ac47a921fc866b24e3b2db70455b1,ca_dfatd_sema_sanctions
9332810,,Kiwala,sanction,,https://www.opensanctions.org/entities/ca-sema-81cd6893a0456bfd9de656963bd0102583e60866,ca_dfatd_sema_sanctions
9673202,,Legenda,sanction,,https://www.opensanctions.org/entities/ca-sema-81e50e67fed7b1e63be4510a0f0d9c62057958db,ca_dfatd_sema_sanctions
9380570,,Kurdos III,sanction,,https://www.opensanctions.org/entities/ca-sema-82cf19b01e01f867acf4eef0e80484e51d933153,ca_dfatd_sema_sanctions
9151890,,Odin,sanction,,https://www.opensanctions.org/entities/ca-sema-838f9870eb826f20f1d3b6adea9fc27a80f697be,ca_dfatd_sema_sanctions
9333682,,Kirill Lavrov,sanction,,https://www.opensanctions.org/entities/ca-sema-83ab6f8f2c0f950144227821a588258ab10b7e94,ca_dfatd_sema_sanctions
9317949,,Xiwang,sanction,,https://www.opensanctions.org/entities/ca-sema-84033c53ba5957275b516141f0037855cbd35221,ca_dfatd_sema_sanctions
9268710,,Sparta,sanction,,https://www.opensanctions.org/entities/ca-sema-844b965e4662c39e7c73da377e2eeb731156913d,ca_dfatd_sema_sanctions
9418509,,Omsk,sanction,,https://www.opensanctions.org/entities/ca-sema-848313c58e86abd5765ced47f972d73daed11564,ca_dfatd_sema_sanctions
9408554,,He Bo,sanction,,https://www.opensanctions.org/entities/ca-sema-8610fea97eac0f7f77b8fab2406ea6f1f11393d1,ca_dfatd_sema_sanctions
8231057,,Volgoneft-251,sanction,,https://www.opensanctions.org/entities/ca-sema-8615fd474e062c822307cbd304d59de346950e6c,ca_dfatd_sema_sanctions
9163764,,Arno Babajanyan,sanction,,https://www.opensanctions.org/entities/ca-sema-862acad1a8154d51fa04cbc624082e8bb886e4a5,ca_dfatd_sema_sanctions
9282493,,Asteri,sanction,,https://www.opensanctions.org/entities/ca-sema-864c7ba8c0f390c96334e158a2c57f856eaaef06,ca_dfatd_sema_sanctions
9256028,,Seginus,sanction,,https://www.opensanctions.org/entities/ca-sema-868eeed3bfd15e145b92acc442173897d09a0d38,ca_dfatd_sema_sanctions
9036284,,Nordstraum,sanction,,https://www.opensanctions.org/entities/ca-sema-87bf08257111e5bdc05550c1f3dd7a674c732829,ca_dfatd_sema_sanctions
9222560,,CHEETAH II,sanction,,https://www.opensanctions.org/entities/ca-sema-888d05f24921b2d6d23c7a7662bd9cf8f26fc4a1,ca_dfatd_sema_sanctions
9472634,,Aura 1,sanction,,https://www.opensanctions.org/entities/ca-sema-888f09c8d15b5ed02db73bddb63cc89e060365ab,ca_dfatd_sema_sanctions
9333670,,Mikhail Ulyanov,sanction,,https://www.opensanctions.org/entities/ca-sema-88c7328c52607f39bd465eb6f61f289608884752,ca_dfatd_sema_sanctions
9866380,,Okeansky Prospect,sanction,,https://www.opensanctions.org/entities/ca-sema-894954b4a9c80d15f75984a0392b80286e941538,ca_dfatd_sema_sanctions
9307724,,SCF Sakhalin,sanction,,https://www.opensanctions.org/entities/ca-sema-8970ff89109f3020e744e1361ec5d0e9993ee9d0,ca_dfatd_sema_sanctions
9408530,,Evita,sanction,,https://www.opensanctions.org/entities/ca-sema-89a4dff211513aca8388f8f46c99ca80df302c55,ca_dfatd_sema_sanctions
9293002,,ARGENT,sanction,,https://www.opensanctions.org/entities/ca-sema-89bba4808b4067180a72eb286263416b213c38df,ca_dfatd_sema_sanctions
9299874,,Virel,sanction,,https://www.opensanctions.org/entities/ca-sema-89fedae880f6a3f70d75124bba84d4ec6eba3814,ca_dfatd_sema_sanctions
8318740,,Captain Yakubovich,sanction,,https://www.opensanctions.org/entities/ca-sema-8a10db6d035f09728ed1863416e20a9e1d873636,ca_dfatd_sema_sanctions
9436941,,Yi Meng Shan,sanction,,https://www.opensanctions.org/entities/ca-sema-8a8b70c66fbbdcda1152b8a616100bc75ac3d4ff,ca_dfatd_sema_sanctions
9253894,,Destamar,sanction,,https://www.opensanctions.org/entities/ca-sema-8ae256eb594158479a091890d3186b77dc0a2dda,ca_dfatd_sema_sanctions
8920579,,Navik,sanction,,https://www.opensanctions.org/entities/ca-sema-8b933c7a5e9344d764ff5812466e03db1746d3a4,ca_dfatd_sema_sanctions
9235713,,Amber6,sanction,,https://www.opensanctions.org/entities/ca-sema-8bf124c4d1bd1f032e8a3e52c51973f79a32da1c,ca_dfatd_sema_sanctions
9901025,,Vladimir Arsenyev,sanction,,https://www.opensanctions.org/entities/ca-sema-8bfb65a162203c880f55f8b86137cd2d0df2bf4a,ca_dfatd_sema_sanctions
9419137,,Sikar,sanction,,https://www.opensanctions.org/entities/ca-sema-8bfd8ee9436912924caa95de9ae2010bbea57a4f,ca_dfatd_sema_sanctions
9326718,,Fulger,sanction,,https://www.opensanctions.org/entities/ca-sema-8c437e4826ad52997c963f7308b8a6f4bd816205,ca_dfatd_sema_sanctions
9258882,,CARCHARODON,sanction,,https://www.opensanctions.org/entities/ca-sema-8c825a8196d6f698fd18909a48249742587a712d,ca_dfatd_sema_sanctions
9290373,,Velora,sanction,,https://www.opensanctions.org/entities/ca-sema-8cf2967a954f8e295b15c81130f951ee2238e0d2,ca_dfatd_sema_sanctions
9187227,,Meru,sanction,,https://www.opensanctions.org/entities/ca-sema-8d1afb864a2b6bf907c0a0be4895c37c8bc251e1,ca_dfatd_sema_sanctions
9837547,,Mikhail Lazarev,sanction,,https://www.opensanctions.org/entities/ca-sema-8d47c8cfd0a4615f1e46ff398c7eaa4958c383b6,ca_dfatd_sema_sanctions
9544281,,Corum,sanction,,https://www.opensanctions.org/entities/ca-sema-8e31bd299927e895ce3c3ff707e3d8946966d439,ca_dfatd_sema_sanctions
9259197,,Thalia III,sanction,,https://www.opensanctions.org/entities/ca-sema-8e563329257cc0d40cc9a23c9e7a69d1d440d3df,ca_dfatd_sema_sanctions
9384306,,Universal,sanction,,https://www.opensanctions.org/entities/ca-sema-8e983d745fcf0787f76cc2e280b77a0985e89940,ca_dfatd_sema_sanctions
9259185,,Daksha,sanction,,https://www.opensanctions.org/entities/ca-sema-8e9d0a27cf88188960bfa19e3b8dab3246c1081d,ca_dfatd_sema_sanctions
9676230,,Truvor,sanction,,https://www.opensanctions.org/entities/ca-sema-8e9d0d8389589e87c9ac8e2d9f113896a149d3ac,ca_dfatd_sema_sanctions
9382798,,Trust,sanction,,https://www.opensanctions.org/entities/ca-sema-8e9db7e40aafc633a35d6568a69c4cd9fdfc68c1,ca_dfatd_sema_sanctions
9288710,,Kudos Stars,sanction,,https://www.opensanctions.org/entities/ca-sema-8fa285ce75acdeac0c783303fbd03bd06148c9d9,ca_dfatd_sema_sanctions
9383950,,Eminent,sanction,,https://www.opensanctions.org/entities/ca-sema-8fa9feb5db3403353c1431fc4de0284cf03c5332,ca_dfatd_sema_sanctions
9293117,,Sun,sanction,,https://www.opensanctions.org/entities/ca-sema-901adda8044212f86f7fcfc3cfe2b05fe8e6c34e,ca_dfatd_sema_sanctions
9420617,,ZANGAZUR,sanction,,https://www.opensanctions.org/entities/ca-sema-904e23abf3836489a2d1924ae8e384a48444c575,ca_dfatd_sema_sanctions
9234501,,SEALION I,sanction,,https://www.opensanctions.org/entities/ca-sema-90734c8bf59ceb8080d0e763a877c71a335531ed,ca_dfatd_sema_sanctions
9292060,,Talisman,sanction,,https://www.opensanctions.org/entities/ca-sema-908418ef8a4ab0a0232f7ee41fb58a88c1bfe710,ca_dfatd_sema_sanctions
9408542,,Ling Hong,sanction,,https://www.opensanctions.org/entities/ca-sema-90eba2d2b36082d7284e48db0f0d4f447e1be45b,ca_dfatd_sema_sanctions
9404948,,Chen Lu,sanction,,https://www.opensanctions.org/entities/ca-sema-90f858f138923593b09d18f3c20bb803c7793749,ca_dfatd_sema_sanctions
9388754,,Trader,sanction,,https://www.opensanctions.org/entities/ca-sema-9101924719ace58771046f4efc4bfbdaf436afc1,ca_dfatd_sema_sanctions
9259745,,Eternal Peace,sanction,,https://www.opensanctions.org/entities/ca-sema-9179f260c219cc65544270e5bd48b949a4a96931,ca_dfatd_sema_sanctions
9282986,,ATLANTICOS,sanction,,https://www.opensanctions.org/entities/ca-sema-9257ca29164c7a6d2460ac5f5eef9128cbbe59ee,ca_dfatd_sema_sanctions
9459242,,Feliks,sanction,,https://www.opensanctions.org/entities/ca-sema-929bb6a30864e0d38766630618d8faa6095ca2d1,ca_dfatd_sema_sanctions
9309576,,Silver,sanction,,https://www.opensanctions.org/entities/ca-sema-93f95323c54a46a555a1999d64cf341d1cba3d94,ca_dfatd_sema_sanctions
9903827,,POLA YAROSLAVA,sanction,,https://www.opensanctions.org/entities/ca-sema-94519b27531d4b930f8073c202e409704f44173c,ca_dfatd_sema_sanctions
9419450,,Jewel,sanction,,https://www.opensanctions.org/entities/ca-sema-94906045fdbedd8edd5b9e8e5eb1ae74cdb4f905,ca_dfatd_sema_sanctions
9314088,,Lyra,sanction,,https://www.opensanctions.org/entities/ca-sema-94cf21e08b770c9322315488df748d29db2cdb33,ca_dfatd_sema_sanctions
9298595,,Dorry,sanction,,https://www.opensanctions.org/entities/ca-sema-94d7bd5c486a5ab0ba4fe3bcbf1b3429dea0c668,ca_dfatd_sema_sanctions
9299707,,Guanyin,sanction,,https://www.opensanctions.org/entities/ca-sema-950a0dd2c7843f2ed5f12202b71079c78a391d75,ca_dfatd_sema_sanctions
9312884,,Kemerovo,sanction,,https://www.opensanctions.org/entities/ca-sema-95113bea05781480cbd9b74b856bfcee44c55b21,ca_dfatd_sema_sanctions
9297541,,Dove,sanction,,https://www.opensanctions.org/entities/ca-sema-95c0c256da7babd2135e98d1601b17c0a3d292fb,ca_dfatd_sema_sanctions
9253909,,James II,sanction,,https://www.opensanctions.org/entities/ca-sema-95d5b24ce1e0587ee1028ab9d60477687ca2e6f3,ca_dfatd_sema_sanctions
9759939,,Shturman Koshelev,sanction,,https://www.opensanctions.org/entities/ca-sema-95f183827dbab9ea307e1311b88c5fe0fe238815,ca_dfatd_sema_sanctions
9409467,,Pravasi,sanction,,https://www.opensanctions.org/entities/ca-sema-96a47708f3b693afc201f18c38fdd955a6233eb9,ca_dfatd_sema_sanctions
8862935,,Sanrayz,sanction,,https://www.opensanctions.org/entities/ca-sema-9740e365e1f983928c03201b59330dbfab1376d6,ca_dfatd_sema_sanctions
8606616,,Kompozitor Rakhmaninov,sanction,,https://www.opensanctions.org/entities/ca-sema-98040c559e7530e1c6cac0f88358e75fead6e0c2,ca_dfatd_sema_sanctions
9299680,,Cangjie,sanction,,https://www.opensanctions.org/entities/ca-sema-984ee710cf42585cb07442a142ab756b0b90899c,ca_dfatd_sema_sanctions
9388780,,Bai Lu,sanction,,https://www.opensanctions.org/entities/ca-sema-9921187ed9ae85f715d85a5bc5207a9581108f59,ca_dfatd_sema_sanctions
9257993,,Amell,sanction,,https://www.opensanctions.org/entities/ca-sema-998a3e07a6291ceec2c39698f450b9716da79b17,ca_dfatd_sema_sanctions
9522324,,Sierra,sanction,,https://www.opensanctions.org/entities/ca-sema-99b7db7ca58690c4f08c6ec74e27ae22cd231f38,ca_dfatd_sema_sanctions
9360130,,ZalivVostok,sanction,,https://www.opensanctions.org/entities/ca-sema-99c78b7d4de6d72a683b1860e4889e2fb4eb62cd,ca_dfatd_sema_sanctions
9252955,,Briont,sanction,,https://www.opensanctions.org/entities/ca-sema-99e1bda75addcf61f3f4a00dc9a4fa60b72c33e7,ca_dfatd_sema_sanctions
9236640,,Onyx,sanction,,https://www.opensanctions.org/entities/ca-sema-9a01e570fccfbf4e7525b2394bb7b0cb909205ce,ca_dfatd_sema_sanctions
9411020,,Bratsk,sanction,,https://www.opensanctions.org/entities/ca-sema-9a27dbcdad1e4586d382b2da714f58c90f87f04c,ca_dfatd_sema_sanctions
9280885,,Apus,sanction,,https://www.opensanctions.org/entities/ca-sema-9b82086be420563820ccde459b94d80966b8b1c2,ca_dfatd_sema_sanctions
9288863,,Valente,sanction,,https://www.opensanctions.org/entities/ca-sema-9c0587216cac20284e15eab6490619a3457e8db9,ca_dfatd_sema_sanctions
9322839,,Avril,sanction,,https://www.opensanctions.org/entities/ca-sema-9c962d8c225ef6c35ca0d302be4f27fe8e52f04f,ca_dfatd_sema_sanctions
9301421,,VictorKonetsky,sanction,,https://www.opensanctions.org/entities/ca-sema-9cc56ee792d7b5924d43872776e6f07a12955ac8,ca_dfatd_sema_sanctions
9550682,,XING CHEN,sanction,,https://www.opensanctions.org/entities/ca-sema-9ce65dd6e48c328f420d9afa8036cb78b5a1f609,ca_dfatd_sema_sanctions
9397676,,Nasimi,sanction,,https://www.opensanctions.org/entities/ca-sema-9cfea04978d5108a704ab29237802b97e4429b34,ca_dfatd_sema_sanctions
9752101,,Shturman Ovtsyn,sanction,,https://www.opensanctions.org/entities/ca-sema-9d354b1b771f6d4317d75763b0bd037b16cca0d0,ca_dfatd_sema_sanctions
9637507,,Clean Planet,sanction,,https://www.opensanctions.org/entities/ca-sema-9d59c248f95db19b479cf7c47a4027abb06c2e99,ca_dfatd_sema_sanctions
9258026,,Ederra,sanction,,https://www.opensanctions.org/entities/ca-sema-9d859a6760273a9f3a4b7e70395515ebf3ca115d,ca_dfatd_sema_sanctions
9683726,,Dmitry Pokrovsky,sanction,,https://www.opensanctions.org/entities/ca-sema-9d8a88133af38b823c935c7c040f35d8dc00d74b,ca_dfatd_sema_sanctions
9337418,,Atmos,sanction,,https://www.opensanctions.org/entities/ca-sema-9e082d6eacf26673baa1f251ea2d5123f8ae0a23,ca_dfatd_sema_sanctions
9308857,,Rymo,sanction,,https://www.opensanctions.org/entities/ca-sema-9e164e19c0876b465f8c2984e2764dce533c6227,ca_dfatd_sema_sanctions
9422653,,Gazpromneft Nordeast,sanction,,https://www.opensanctions.org/entities/ca-sema-9e598bf216111b835d4c49e81f67940dd52137f5,ca_dfatd_sema_sanctions
9257814,,Aktros,sanction,,https://www.opensanctions.org/entities/ca-sema-9f19fda164248f83b87b440612e7b460ed97685b,ca_dfatd_sema_sanctions
9390587,,Oneiroi,sanction,,https://www.opensanctions.org/entities/ca-sema-a1170224c7dafe70f570d2fb942faf07af6d2e7e,ca_dfatd_sema_sanctions
9645061,,Aleksey Savrasov,sanction,,https://www.opensanctions.org/entities/ca-sema-a130c1780fa058a3cf704e10fb7c642b6b7d1675,ca_dfatd_sema_sanctions
8858087,,Skif V,sanction,,https://www.opensanctions.org/entities/ca-sema-a176d893211306a19797c2648ea9bf25ca755e14,ca_dfatd_sema_sanctions
9318034,,OLIVE,sanction,,https://www.opensanctions.org/entities/ca-sema-a1c795e64a8924cccc58c41f1b13462546c4a068,ca_dfatd_sema_sanctions
9904546,,Aleksey Kosygin,sanction,,https://www.opensanctions.org/entities/ca-sema-a203b3ce30ab3a0bf6f4ec88affe902459e369c3,ca_dfatd_sema_sanctions
9272931,,Garuda,sanction,,https://www.opensanctions.org/entities/ca-sema-a230cda17c4e929fa06e763feebfb5b6ccf33960,ca_dfatd_sema_sanctions
9289520,,N Cerna,sanction,,https://www.opensanctions.org/entities/ca-sema-a2d54cb48f5e18c7a5032e0414f9455aa36b63c9,ca_dfatd_sema_sanctions
9309588,,Symphony,sanction,,https://www.opensanctions.org/entities/ca-sema-a3ca199952bd8c58f5e71837499af17cceaf2fc9,ca_dfatd_sema_sanctions
9236743,,Primorye,sanction,,https://www.opensanctions.org/entities/ca-sema-a4653f1a7b9edc9cd7fd942de342f1ea6abc1246,ca_dfatd_sema_sanctions
9297888,,CORDELIA MOON,sanction,,https://www.opensanctions.org/entities/ca-sema-a467f063ac1e742cde05512b5eee4422a9b967ce,ca_dfatd_sema_sanctions
9247778,,Breez,sanction,,https://www.opensanctions.org/entities/ca-sema-a483840da8c1e64c2910355f4a47082289a67c4c,ca_dfatd_sema_sanctions
9332834,,Wisdoms Daughter,sanction,,https://www.opensanctions.org/entities/ca-sema-a5c86d9db157178897952ae5d3fd2440802776ff,ca_dfatd_sema_sanctions
9323364,,Silver Ice,sanction,,https://www.opensanctions.org/entities/ca-sema-a61c0b070108f538216b2a83334dac45f01f7ca8,ca_dfatd_sema_sanctions
9257802,,Furia,sanction,,https://www.opensanctions.org/entities/ca-sema-a67d0fe263312ca0661216d37213e3f3cd68ea58,ca_dfatd_sema_sanctions
9334557,,Blue Talu,sanction,,https://www.opensanctions.org/entities/ca-sema-a750989d0d677a8abd7d9a66d02de8c27b5e5815,ca_dfatd_sema_sanctions
9237412,,Hanson,sanction,,https://www.opensanctions.org/entities/ca-sema-a793726f5a1004ecab7678fd57ab36de544daf6b,ca_dfatd_sema_sanctions
9942392,,Nikolay Anishchenkov,sanction,,https://www.opensanctions.org/entities/ca-sema-a7af479131ca35fa60bbd57545f2f6b3b4a9659b,ca_dfatd_sema_sanctions
9843560,,VOYAGER,sanction,,https://www.opensanctions.org/entities/ca-sema-a7b6bab10cb7858e09eba44fe3516b17d897382f,ca_dfatd_sema_sanctions
9778313,,Marshal Vasilevskiy,sanction,,https://www.opensanctions.org/entities/ca-sema-a7ecafbdd8bb88529ef0abb834e01db172992db6,ca_dfatd_sema_sanctions
9251810,,Cross Ocean,sanction,,https://www.opensanctions.org/entities/ca-sema-a8054be1fe2268bd818f58863fed50d7d0f1aeeb,ca_dfatd_sema_sanctions
8700096,,Partizansk,sanction,,https://www.opensanctions.org/entities/ca-sema-a84863f0043d2816c5c74704a95788b2a4a187a5,ca_dfatd_sema_sanctions
9784893,,LADY RANIA,sanction,,https://www.opensanctions.org/entities/ca-sema-a88e17fa721c9e304c573a119848d616439e014f,ca_dfatd_sema_sanctions
9299769,,Aquatica,sanction,,https://www.opensanctions.org/entities/ca-sema-a8cd722b34d1a2574b01538a7fc526c745d2f255,ca_dfatd_sema_sanctions
9274800,,Yangtze,sanction,,https://www.opensanctions.org/entities/ca-sema-a95383c6f3bf5807bf00b3d58dc2f19ab17261b5,ca_dfatd_sema_sanctions
8422670,,Vafa,sanction,,https://www.opensanctions.org/entities/ca-sema-ab45786daea869ba78eb4c6fb15c9a4b589527dc,ca_dfatd_sema_sanctions
9297371,,Suleyman I,sanction,,https://www.opensanctions.org/entities/ca-sema-ab636670192889dca0ac79e046af7291aacde119,ca_dfatd_sema_sanctions
9402732,,Jewel 1,sanction,,https://www.opensanctions.org/entities/ca-sema-ab9b5f587b795033a71de340be4be6eec7946c64,ca_dfatd_sema_sanctions
9304825,,Jaldhara,sanction,,https://www.opensanctions.org/entities/ca-sema-ab9bd6f57e1ff84826ff449b9100fe2e535aa69f,ca_dfatd_sema_sanctions
9867621,,Khankendi,sanction,,https://www.opensanctions.org/entities/ca-sema-ac07b3f47dfc7ae960e1fe058a01e4b8d26b5554,ca_dfatd_sema_sanctions
9330472,,Thorin,sanction,,https://www.opensanctions.org/entities/ca-sema-ac6d5b8a39858a97b357488c85afebe22605bbef,ca_dfatd_sema_sanctions
9397547,,Ariadne,sanction,,https://www.opensanctions.org/entities/ca-sema-ace29f9a0a27b3a9d6555e87473be4a15f6fe02f,ca_dfatd_sema_sanctions
9259733,,YI TONG,sanction,,https://www.opensanctions.org/entities/ca-sema-acec6e20fc8e25830578f1fc4ed0159d5630e687,ca_dfatd_sema_sanctions
8915548,,Ryazan,sanction,,https://www.opensanctions.org/entities/ca-sema-ad1a94290a500ef25eb9ad217911437a051dc13b,ca_dfatd_sema_sanctions
9374868,,ELEPHANT,sanction,,https://www.opensanctions.org/entities/ca-sema-ad21b0fcf1de9f555bc985d671e1db50823a4ae8,ca_dfatd_sema_sanctions
9422457,,Blossom,sanction,,https://www.opensanctions.org/entities/ca-sema-ad4228c4b9c3853b6a444538bc02e350dcd52b0a,ca_dfatd_sema_sanctions
9763837,,Audax,sanction,,https://www.opensanctions.org/entities/ca-sema-ad6c084ee592c86df6a16b1627578f85a090a3ce,ca_dfatd_sema_sanctions
9056571,,Immanuel,sanction,,https://www.opensanctions.org/entities/ca-sema-adad63cd7a64fde42a757dd2f33ba340e947cf51,ca_dfatd_sema_sanctions
9259599,,Lauryn,sanction,,https://www.opensanctions.org/entities/ca-sema-adc4f9065cbc02b457b70ff997273524320a5402,ca_dfatd_sema_sanctions
9742120,,Gennadiy Nevelskoy,sanction,,https://www.opensanctions.org/entities/ca-sema-ae36de4d1ab5ad18b509d9e41c912e6925701149,ca_dfatd_sema_sanctions
9161003,,Lady R,sanction,,https://www.opensanctions.org/entities/ca-sema-af2a57eeb7085b4733cc1191c83c0e1bc3e33afb,ca_dfatd_sema_sanctions
9306782,,Kareliya,sanction,,https://www.opensanctions.org/entities/ca-sema-af4e8d6299097961f2df7c460497e42508569695,ca_dfatd_sema_sanctions
9301380,,PavelChernysh,sanction,,https://www.opensanctions.org/entities/ca-sema-af87e97b4f7b5c194dcb5c67f8212caef70a185b,ca_dfatd_sema_sanctions
9260483,,Armada Leader,sanction,,https://www.opensanctions.org/entities/ca-sema-affd4aecba11d820d9d33cf4900e08dbb390979c,ca_dfatd_sema_sanctions
9296377,,Marjorie,sanction,,https://www.opensanctions.org/entities/ca-sema-b0afc3e833fcb5f0e268a8def62f5bbbd2ca0376,ca_dfatd_sema_sanctions
8414477,,Flandria,sanction,,https://www.opensanctions.org/entities/ca-sema-b0ef48a93e3b24ab3f4d94e16d78275e0102b5ac,ca_dfatd_sema_sanctions
8422682,,Vafa-1,sanction,,https://www.opensanctions.org/entities/ca-sema-b170bb6a476d92704fcd5b0a45d5cedd499f3969,ca_dfatd_sema_sanctions
9249128,,SAKHALIN,sanction,,https://www.opensanctions.org/entities/ca-sema-b1a179281cc65b74ded54f3b03ccfccdfb04baaa,ca_dfatd_sema_sanctions
9304629,,Cheng He,sanction,,https://www.opensanctions.org/entities/ca-sema-b2573de84b22c3c92a1fc4f04af6ad7402008666,ca_dfatd_sema_sanctions
9413547,,Altair,sanction,,https://www.opensanctions.org/entities/ca-sema-b35aadc7bf5fbb073f6871155ee52b91c68f3563,ca_dfatd_sema_sanctions
9286281,,Samadha,sanction,,https://www.opensanctions.org/entities/ca-sema-b4dbb8e2490bd808455efa1e1036ac2e3475ae59,ca_dfatd_sema_sanctions
9422988,,Volans,sanction,,https://www.opensanctions.org/entities/ca-sema-b54e71582d01a8f701c68d2efcd145ab0f6051df,ca_dfatd_sema_sanctions
8889385,,Omskiy 103,sanction,,https://www.opensanctions.org/entities/ca-sema-b58f57bc75d5964162784c7560583c6a32b2afa7,ca_dfatd_sema_sanctions
9308077,,Tyche 1,sanction,,https://www.opensanctions.org/entities/ca-sema-b6e7351539bdee84a54b1120215950a6efd65863,ca_dfatd_sema_sanctions
9369617,,Nizami Ganjavi,sanction,,https://www.opensanctions.org/entities/ca-sema-b73177b1575e4824b097991b438ec1c41cb81c9f,ca_dfatd_sema_sanctions
9337901,,Samudra,sanction,,https://www.opensanctions.org/entities/ca-sema-b739b6f68595e76ceaf923628459fb9357319b8c,ca_dfatd_sema_sanctions
9300348,,Sanar-10,sanction,,https://www.opensanctions.org/entities/ca-sema-b76acc31d59944f620240cdfb2c6045096cefdce,ca_dfatd_sema_sanctions
9573816,,Matros Pozynich,sanction,,https://www.opensanctions.org/entities/ca-sema-b791dd749b1584a06f24b4928a4bc11badfa7860,ca_dfatd_sema_sanctions
9271951,,Facca,sanction,,https://www.opensanctions.org/entities/ca-sema-b7f41d11f97c6fbc18abf6212fd97baa308e4e3c,ca_dfatd_sema_sanctions
9327413,,Karol,sanction,,https://www.opensanctions.org/entities/ca-sema-b82bc3112a3061a0726194adb419c24c764b1c43,ca_dfatd_sema_sanctions
9301392,,Kapitan Kostichev,sanction,,https://www.opensanctions.org/entities/ca-sema-b843b3201e3a490fb5fcdbf7e76cdbcfa5a36de0,ca_dfatd_sema_sanctions
9430210,,Gogland,sanction,,https://www.opensanctions.org/entities/ca-sema-b85e605b78350b26443969789041f7c791efbd6c,ca_dfatd_sema_sanctions
9167930,,Murmansk,sanction,,https://www.opensanctions.org/entities/ca-sema-b8bd88c86675da071cb1bd393ab011f46707388f,ca_dfatd_sema_sanctions
9412452,,Nilanga,sanction,,https://www.opensanctions.org/entities/ca-sema-b9042e63c9a61f13135c8bdbd97f6935364e046c,ca_dfatd_sema_sanctions
9885879,,Valentin Pikul,sanction,,https://www.opensanctions.org/entities/ca-sema-b9430d6f2f24b2532c2730b52f7b9947bff18aa7,ca_dfatd_sema_sanctions
9341093,,Kolomna,sanction,,https://www.opensanctions.org/entities/ca-sema-b98001e5b2a455cf8e24d4480d2b31c16063fe38,ca_dfatd_sema_sanctions
9265885,,SEA MAVERICK,sanction,,https://www.opensanctions.org/entities/ca-sema-b9b4e1ff77cd79363d87fab7c7c6b2144cf3c33a,ca_dfatd_sema_sanctions
9409259,,Spirit 2,sanction,,https://www.opensanctions.org/entities/ca-sema-b9be7f8baff03c113ea41cfaeda23f4ebc0aaf19,ca_dfatd_sema_sanctions
9343986,,Capella MB,sanction,,https://www.opensanctions.org/entities/ca-sema-ba052da5c46d43f32c74aa628eb1ca21454ed726,ca_dfatd_sema_sanctions
8821761,,Nimbus SPB,sanction,,https://www.opensanctions.org/entities/ca-sema-ba122b69f518b74cd1ae5d35b861d90d24d8b8ca,ca_dfatd_sema_sanctions
9271327,,View,sanction,,https://www.opensanctions.org/entities/ca-sema-ba212c08f18202e750e22555ae6e5dee3ceb9ce1,ca_dfatd_sema_sanctions
9430272,,Jin Hui,sanction,,https://www.opensanctions.org/entities/ca-sema-ba28cbcc01c653439f49b0bf44d12e4dc38112ca,ca_dfatd_sema_sanctions
9236004,,Kairos,sanction,,https://www.opensanctions.org/entities/ca-sema-ba2b3279e1c467fb11ef01e52888315c5bc86cf8,ca_dfatd_sema_sanctions
9683738,,Lady Sevda,sanction,,https://www.opensanctions.org/entities/ca-sema-ba384f4d18717f6ecb5dc5740a4c7660d22928a6,ca_dfatd_sema_sanctions
9322827,,PICTOR,sanction,,https://www.opensanctions.org/entities/ca-sema-ba4c156f4509e56dd78930a7aed45cc3003a7a13,ca_dfatd_sema_sanctions
9842176,,Vladimir Monomakh,sanction,,https://www.opensanctions.org/entities/ca-sema-bc34a31e0890ce412128a086aacbae650ad680f4,ca_dfatd_sema_sanctions
9322968,,Hyperion,sanction,,https://www.opensanctions.org/entities/ca-sema-bca720328dea44295c3b8a1632ac9ad079b50dd6,ca_dfatd_sema_sanctions
9242223,,Adonia,sanction,,https://www.opensanctions.org/entities/ca-sema-bd2705adbeb86b4f66a39dfe3286ae5f6a18c451,ca_dfatd_sema_sanctions
9735323,,Yaz,sanction,,https://www.opensanctions.org/entities/ca-sema-bda3140c76b22b0228f77bc2716db89e050471d0,ca_dfatd_sema_sanctions
9589750,,Danshui,sanction,,https://www.opensanctions.org/entities/ca-sema-bde1a8da274be6e4e2431d64d1a82e7b8de4a75b,ca_dfatd_sema_sanctions
9341079,,Capella,sanction,,https://www.opensanctions.org/entities/ca-sema-bdf63bca2afea2c33319f144c03a7fbc3410d3a0,ca_dfatd_sema_sanctions
9294123,,Chongchon,sanction,,https://www.opensanctions.org/entities/ca-sema-be1b597a15c272262730cf7fd14cef6bd13a9629,ca_dfatd_sema_sanctions
9435375,,Irtysh River,sanction,,https://www.opensanctions.org/entities/ca-sema-be3b39c042424a8b57b5d45575e90b9702fc786a,ca_dfatd_sema_sanctions
9256858,,Inda,sanction,,https://www.opensanctions.org/entities/ca-sema-bf047391d22387218e7a74a406d14034101f71da,ca_dfatd_sema_sanctions
9436018,,VENETIANS,sanction,,https://www.opensanctions.org/entities/ca-sema-bf182738af7d6d7b49527e12d82c461cdaf7137e,ca_dfatd_sema_sanctions
9346720,,Kira K,sanction,,https://www.opensanctions.org/entities/ca-sema-bfb75731d89a74254ac809da5b439bfe71d64f62,ca_dfatd_sema_sanctions
9524451,,Sabina,sanction,,https://www.opensanctions.org/entities/ca-sema-bfbbca2eb2a7d63b282118baeadf0eacdc362fa1,ca_dfatd_sema_sanctions
9752096,,Shturman Malygin,sanction,,https://www.opensanctions.org/entities/ca-sema-c010c96b7a1b1130ce54fd02bfb5501ef08d27b1,ca_dfatd_sema_sanctions
9382073,,Everdine,sanction,,https://www.opensanctions.org/entities/ca-sema-c023964ab6c83483bf980351b39f7e73c188bc87,ca_dfatd_sema_sanctions
9297149,,Revanche,sanction,,https://www.opensanctions.org/entities/ca-sema-c060930f772d68e800615bf79bc834133319933b,ca_dfatd_sema_sanctions
9306627,,HUANG HE,sanction,,https://www.opensanctions.org/entities/ca-sema-c0bd2e227c863b01b97c40381c75281347b3e176,ca_dfatd_sema_sanctions
9236353,,Blue,sanction,,https://www.opensanctions.org/entities/ca-sema-c13dc88aa9b25d79330991222f668cf04ee34e2e,ca_dfatd_sema_sanctions
9915090,,SAAM FSU,sanction,,https://www.opensanctions.org/entities/ca-sema-c15f4d6e928b44a410d62d3e58dc0b87b31b191a,ca_dfatd_sema_sanctions
9314105,,Makalu,sanction,,https://www.opensanctions.org/entities/ca-sema-c1756374046297383daa919f6969a06ae86cbbd8,ca_dfatd_sema_sanctions
9435363,,Volga River,sanction,,https://www.opensanctions.org/entities/ca-sema-c1afb5bdca3b2ef31999bc3cafc7ff1f6826e2b4,ca_dfatd_sema_sanctions
9299135,,Mandala,sanction,,https://www.opensanctions.org/entities/ca-sema-c22a1e9fde2f9739dc9946e3588ef860ab9baa34,ca_dfatd_sema_sanctions
9379301,,Versa,sanction,,https://www.opensanctions.org/entities/ca-sema-c26c54f063a700cadaf42e96d314e17a8dce9d7f,ca_dfatd_sema_sanctions
9321706,,Mercury,sanction,,https://www.opensanctions.org/entities/ca-sema-c27c246c7f221dddcbe7c9c5ab1ff3115c516f9d,ca_dfatd_sema_sanctions
9255684,,Golden Eagle,sanction,,https://www.opensanctions.org/entities/ca-sema-c28eab05e81dc40dc9701d9f112c050036b788a2,ca_dfatd_sema_sanctions
9292199,,Altura,sanction,,https://www.opensanctions.org/entities/ca-sema-c2af8b9223ee52f3eb4fa808bcccf6057d16d0bf,ca_dfatd_sema_sanctions
9842188,,Vladimir Vinogradov,sanction,,https://www.opensanctions.org/entities/ca-sema-c2be78e3bec6d00f63fbe33062e108d827ce0e2d,ca_dfatd_sema_sanctions
9290921,,Beast,sanction,,https://www.opensanctions.org/entities/ca-sema-c313a326833ece4949734ef14dbdf6d2c7eae28f,ca_dfatd_sema_sanctions
9368340,,MYS DEZHNEVA,sanction,,https://www.opensanctions.org/entities/ca-sema-c414ab00159ad52bb3a3eaea00459d4d37d946f7,ca_dfatd_sema_sanctions
9397535,,Jupiter,sanction,,https://www.opensanctions.org/entities/ca-sema-c497958e430297d4fbd85c390437de1d16adfa57,ca_dfatd_sema_sanctions
9299886,,Jasper,sanction,,https://www.opensanctions.org/entities/ca-sema-c54fb0e3956835c7859f9ad3e0cfddeb2c28c729,ca_dfatd_sema_sanctions
9323986,,Garasan,sanction,,https://www.opensanctions.org/entities/ca-sema-c5619094b587daf824d9c935bb4a77f7b6725cbe,ca_dfatd_sema_sanctions
9263186,,SEAL,sanction,,https://www.opensanctions.org/entities/ca-sema-c5f8a66732c09b5018831372ab569b81e1f5bfa7,ca_dfatd_sema_sanctions
9690212,,Stalingrad,sanction,,https://www.opensanctions.org/entities/ca-sema-c67e9f2102105db147653eaa9e7e477bd7a1c13b,ca_dfatd_sema_sanctions
9387255,,Azure,sanction,,https://www.opensanctions.org/entities/ca-sema-c6b3596f7d3664cb4ac91b2ee4cb0d61d1a7c60f,ca_dfatd_sema_sanctions
9294331,,Lily,sanction,,https://www.opensanctions.org/entities/ca-sema-c6d20be5096f12abeefb22a22a9326df90da1866,ca_dfatd_sema_sanctions
9384459,,Ji Xiang,sanction,,https://www.opensanctions.org/entities/ca-sema-c7305a4ccbe35b154d715a2cd735de45cd33b384,ca_dfatd_sema_sanctions
9332781,,Lang Ya,sanction,,https://www.opensanctions.org/entities/ca-sema-c7a4c5e742c14cd150672c6eaf457979ec95bf7f,ca_dfatd_sema_sanctions
9263198,,SAINT,sanction,,https://www.opensanctions.org/entities/ca-sema-c7cba2d3554e746712376c0563bdca30f5ffbdb9,ca_dfatd_sema_sanctions
9319674,,Eastern Glory,sanction,,https://www.opensanctions.org/entities/ca-sema-c7dcda0eee703a2686158ecb254afff4c40bd69e,ca_dfatd_sema_sanctions
9270529,,Krymsk,sanction,,https://www.opensanctions.org/entities/ca-sema-c7e2f1119c12480f361bfd23d68163a7b6c7b176,ca_dfatd_sema_sanctions
8920581,,Melito Carrier,sanction,,https://www.opensanctions.org/entities/ca-sema-c7fcc5805984054a9cc2bbdd6415b881c60693f6,ca_dfatd_sema_sanctions
9208069,,Stellar Beverly,sanction,,https://www.opensanctions.org/entities/ca-sema-c891d6af193461f4921c460c6936a050d22fece7,ca_dfatd_sema_sanctions
9258521,,Lauren II,sanction,,https://www.opensanctions.org/entities/ca-sema-c96e4114e13af29d2fa412bbeafb4a5ab3fe860b,ca_dfatd_sema_sanctions
9346744,,Ma Jin,sanction,,https://www.opensanctions.org/entities/ca-sema-ca3f62cdf3159f09be20d363eed291d9ca80eb3e,ca_dfatd_sema_sanctions
9243825,,Mys Shmidta,sanction,,https://www.opensanctions.org/entities/ca-sema-ca4762cf5f34e087bd531f52d7b5150bb572801b,ca_dfatd_sema_sanctions
9248849,,Silvera,sanction,,https://www.opensanctions.org/entities/ca-sema-ca729ee1579fd24c0771ff60afccbfb001ce5bdf,ca_dfatd_sema_sanctions
9296391,,Peta Lumina,sanction,,https://www.opensanctions.org/entities/ca-sema-caa2c5e9b9a486fc5614277c465b223c90644127,ca_dfatd_sema_sanctions
9270749,,GAURI,sanction,,https://www.opensanctions.org/entities/ca-sema-caed8023b855a26365118ae114a02bf19e132104,ca_dfatd_sema_sanctions
9194983,,Deliver,sanction,,https://www.opensanctions.org/entities/ca-sema-cbd0b6ac6c14bc44074ba48b7f893bf8f281d4ad,ca_dfatd_sema_sanctions
9258002,,Kazan,sanction,,https://www.opensanctions.org/entities/ca-sema-cbecaf64b68486b37f59fae88a1ad777d1b50a9c,ca_dfatd_sema_sanctions
9386536,,Spring Fortune,sanction,,https://www.opensanctions.org/entities/ca-sema-cc0a5c7dd4422cbe17bc0d84cb8e474b3a3375b5,ca_dfatd_sema_sanctions
9292838,,Listiga,sanction,,https://www.opensanctions.org/entities/ca-sema-cc3b88250955e0ec44abb040e8f160a6f44d66ca,ca_dfatd_sema_sanctions
9335680,,SCF Endurance,sanction,,https://www.opensanctions.org/entities/ca-sema-cd650f9728af0c969224ac759674a17180901c30,ca_dfatd_sema_sanctions
9413561,,Alliance,sanction,,https://www.opensanctions.org/entities/ca-sema-cd77af1cfeee0f1340d4ada777cdfcac7bf146af,ca_dfatd_sema_sanctions
9331153,,Delvina,sanction,,https://www.opensanctions.org/entities/ca-sema-cdc7ffbe41b4e6c2e4b64176b9ade0e85901767b,ca_dfatd_sema_sanctions
9179842,,Angara,sanction,,https://www.opensanctions.org/entities/ca-sema-ce5f9471ab639e169b2a38490a9468ab20b0bc29,ca_dfatd_sema_sanctions
9292058,,Tango,sanction,,https://www.opensanctions.org/entities/ca-sema-ce6173685b376724920d0daae67b9659662873eb,ca_dfatd_sema_sanctions
9360415,,INDUS 1,sanction,,https://www.opensanctions.org/entities/ca-sema-ceaaff4515dff5286075eb43568df13e52d9ca45,ca_dfatd_sema_sanctions
9621596,,Stanislav Govorukhin,sanction,,https://www.opensanctions.org/entities/ca-sema-cee0ed02f8bec80a3216f11d21acc0ec32a8467b,ca_dfatd_sema_sanctions
9142588,,Kunashir,sanction,,https://www.opensanctions.org/entities/ca-sema-cfb1d334e73138478afe4e4a99dd1efe1d672074,ca_dfatd_sema_sanctions
9263643,,Frunze,sanction,,https://www.opensanctions.org/entities/ca-sema-cfba31ee33550e549841bf34e9b840b293a2b458,ca_dfatd_sema_sanctions
9305556,,Marven,sanction,,https://www.opensanctions.org/entities/ca-sema-cfdcd60272bb61063068552bc8686a90fb4883ca,ca_dfatd_sema_sanctions
9866392,,Vostochny Prospect,sanction,,https://www.opensanctions.org/entities/ca-sema-d0136edbf660cc1e59f33595bdf199e6c4bbb25c,ca_dfatd_sema_sanctions
9316127,,Vega,sanction,,https://www.opensanctions.org/entities/ca-sema-d01c15ccdfa50e807423905d9e427f777c3c8b09,ca_dfatd_sema_sanctions
9288899,,Lorena Grand,sanction,,https://www.opensanctions.org/entities/ca-sema-d02890ecaafe35e52be1c1cb5f7c39504252f231,ca_dfatd_sema_sanctions
9418482,,Cetus,sanction,,https://www.opensanctions.org/entities/ca-sema-d12dd5f5f1756a958ee2c605a4da4bc7ef389443,ca_dfatd_sema_sanctions
9346732,,HuihaiPacific,sanction,,https://www.opensanctions.org/entities/ca-sema-d1ad791d64ba054bcdc60f1ef45f18f43e9a7988,ca_dfatd_sema_sanctions
9424651,,Manta,sanction,,https://www.opensanctions.org/entities/ca-sema-d1bff2e69845eaa2153416b18ff8669e82a57622,ca_dfatd_sema_sanctions
9286023,,Opal,sanction,,https://www.opensanctions.org/entities/ca-sema-d2115a81bca26005979cc5e9e315d1a6b0ad5474,ca_dfatd_sema_sanctions
9599341,,Jupiter I,sanction,,https://www.opensanctions.org/entities/ca-sema-d2862e40522dfaa0a5250359ce7b82c1bfd590e2,ca_dfatd_sema_sanctions
9308170,,Estella,sanction,,https://www.opensanctions.org/entities/ca-sema-d29d2188f7e657b9b39180237c1f2537aeb7914e,ca_dfatd_sema_sanctions
9227443,,ARLAN,sanction,,https://www.opensanctions.org/entities/ca-sema-d3d8b37eb547163fdf0cb827003f574ffdc46c9e,ca_dfatd_sema_sanctions
9256602,,Pioneer,sanction,,https://www.opensanctions.org/entities/ca-sema-d3e428cf77a85166f8ddbe9f263a03822c42f56c,ca_dfatd_sema_sanctions
9265873,,Kamelot,sanction,,https://www.opensanctions.org/entities/ca-sema-d402447622f700803d90e3d57615561c01962cfc,ca_dfatd_sema_sanctions
9261401,,Quartz,sanction,,https://www.opensanctions.org/entities/ca-sema-d4a2cf7742fda94e28c816bb8fafdb14cbae8d66,ca_dfatd_sema_sanctions
8808525,,Bronco,sanction,,https://www.opensanctions.org/entities/ca-sema-d4fdfda0ecba3486900b8dae971b81f8bdccee3f,ca_dfatd_sema_sanctions
9385142,,Almond,sanction,,https://www.opensanctions.org/entities/ca-sema-d506fb5f34f77b774b94ac2768d6a52f6a5a6579,ca_dfatd_sema_sanctions
9265756,,Oasis,sanction,,https://www.opensanctions.org/entities/ca-sema-d5422b98bd551b0af2558122287d2caebcc10fd5,ca_dfatd_sema_sanctions
9243801,,Arctica-2,sanction,,https://www.opensanctions.org/entities/ca-sema-d549db5a2a1e1db0f3774c079e52543a6c0a1d13,ca_dfatd_sema_sanctions
9284582,,Panda,sanction,,https://www.opensanctions.org/entities/ca-sema-d58d7a4e52c759e12e11dde3226f41290b3ed477,ca_dfatd_sema_sanctions
9319870,,MAINI,sanction,,https://www.opensanctions.org/entities/ca-sema-d5dd0228652f595c12ebb58428a02ca23c86f84b,ca_dfatd_sema_sanctions
9282792,,CLYDE NOBLE,sanction,,https://www.opensanctions.org/entities/ca-sema-d60caaa18e364a55b50dfb4c65023ad6754f87c6,ca_dfatd_sema_sanctions
9379052,,Ocean Autumn,sanction,,https://www.opensanctions.org/entities/ca-sema-d64544eec71761e23494e8fb34ee55be094d12eb,ca_dfatd_sema_sanctions
9408190,,Samos,sanction,,https://www.opensanctions.org/entities/ca-sema-d695014895df27cad8af6bb57a866a9f6cd91d39,ca_dfatd_sema_sanctions
9830769,,Hunter Star,sanction,,https://www.opensanctions.org/entities/ca-sema-d6e15616785c3a57ca66d69a34a697301ebdb2ff,ca_dfatd_sema_sanctions
9253313,,Arabela,sanction,,https://www.opensanctions.org/entities/ca-sema-d71e123abd0bf5b19e429996a54402c9d65660bc,ca_dfatd_sema_sanctions
9321847,,Emily S,sanction,,https://www.opensanctions.org/entities/ca-sema-d7384e92a327c9adafc42ab36b6277c7ce251285,ca_dfatd_sema_sanctions
9360128,,ZalivBaikal,sanction,,https://www.opensanctions.org/entities/ca-sema-d7857ca51d8d48556e5a1cbcbb45fd556adb9b83,ca_dfatd_sema_sanctions
9232929,,MAISHA,sanction,,https://www.opensanctions.org/entities/ca-sema-d822963b7abaeb324fc0a3e15d93013b787adfb4,ca_dfatd_sema_sanctions
9285859,,Eastern Pearl,sanction,,https://www.opensanctions.org/entities/ca-sema-d859e7f740e628a510f0af759581346e7dd5bdf3,ca_dfatd_sema_sanctions
9433286,,Mys Flora,sanction,,https://www.opensanctions.org/entities/ca-sema-d87307f55126e35751506ff8bb71074a5ae5715c,ca_dfatd_sema_sanctions
9339325,,Liberty,sanction,,https://www.opensanctions.org/entities/ca-sema-d878cf8e93df3ba3b3160fea9676304e10def95c,ca_dfatd_sema_sanctions
9253076,,REUS,sanction,,https://www.opensanctions.org/entities/ca-sema-d8acac5a0b20b4816cd0cb261a4089b02029211f,ca_dfatd_sema_sanctions
9311531,,AFKADA,sanction,,https://www.opensanctions.org/entities/ca-sema-d8d5ba00855d8b3aa37a20925591ed56e47776c6,ca_dfatd_sema_sanctions
9305568,,Breeze,sanction,,https://www.opensanctions.org/entities/ca-sema-d9065c38267446442c4455db2a5e035b0243eda9,ca_dfatd_sema_sanctions
9421972,,Saturn,sanction,,https://www.opensanctions.org/entities/ca-sema-d9b0729173ec31be22285089c03b5b3c8a0f1de6,ca_dfatd_sema_sanctions
9292589,,Team,sanction,,https://www.opensanctions.org/entities/ca-sema-d9b76efc8c98eba61061490ed48884a8fe72f3a1,ca_dfatd_sema_sanctions
9268112,,Olia,sanction,,https://www.opensanctions.org/entities/ca-sema-da225d5455a811dc74e833cf4ab4d9e38ce28970,ca_dfatd_sema_sanctions
9498171,,Zagatala,sanction,,https://www.opensanctions.org/entities/ca-sema-da37e8db70a1ec0aec54e06d4f64718bf813a8d5,ca_dfatd_sema_sanctions
9252967,,Gracep,sanction,,https://www.opensanctions.org/entities/ca-sema-dab206ba12eee87376d35e4e4a29e22a0fb1a6f4,ca_dfatd_sema_sanctions
9389083,,Tiger 6,sanction,,https://www.opensanctions.org/entities/ca-sema-dad3acc5956b5e3d0a5257f922623bdab5c49ed8,ca_dfatd_sema_sanctions
9233741,,Mitzel,sanction,,https://www.opensanctions.org/entities/ca-sema-db26def9dbeb44d30cc6c4df68f25f2c69cbecaf,ca_dfatd_sema_sanctions
8915550,,Noyabrsk,sanction,,https://www.opensanctions.org/entities/ca-sema-db61db0b7fbfed9d524597267ce988f5fa1cc476,ca_dfatd_sema_sanctions
9266877,,Pierre,sanction,,https://www.opensanctions.org/entities/ca-sema-dbc9378029515fd0003c47ea4b2262783346f34b,ca_dfatd_sema_sanctions
9332822,,Nichole,sanction,,https://www.opensanctions.org/entities/ca-sema-dc55db99686c1a138c096c3c2ccafde5718da69c,ca_dfatd_sema_sanctions
9260067,,Ostria,sanction,,https://www.opensanctions.org/entities/ca-sema-dc59c11c166f7c12f41c72b6a925e04ce64512f1,ca_dfatd_sema_sanctions
9385233,,Bayaze D,sanction,,https://www.opensanctions.org/entities/ca-sema-dc7619bf1008cfff4005ba1327b6fb4eca9bffbe,ca_dfatd_sema_sanctions
9389095,,Minion,sanction,,https://www.opensanctions.org/entities/ca-sema-dc76428b452796694965221a320467ba234d67b2,ca_dfatd_sema_sanctions
9263693,,Sino Star,sanction,,https://www.opensanctions.org/entities/ca-sema-dd1e231e1881ec8478dd78b3e9a8b892dc3664c7,ca_dfatd_sema_sanctions
9515539,,Mikhail Nenashev,sanction,,https://www.opensanctions.org/entities/ca-sema-ddb4ba7f7f301072e5bc7db88cc75697fd8fd188,ca_dfatd_sema_sanctions
9599353,,VENUS III,sanction,,https://www.opensanctions.org/entities/ca-sema-de140a19d30df0a265f173e012fd20eb5584486d,ca_dfatd_sema_sanctions
9194012,,Anabar,sanction,,https://www.opensanctions.org/entities/ca-sema-de22b299ff977bd07efea027d24a1119578a9727,ca_dfatd_sema_sanctions
9826902,,Galaxy,sanction,,https://www.opensanctions.org/entities/ca-sema-de49f91a9c3e87df385277582707ec060017d8a4,ca_dfatd_sema_sanctions
9323376,,Marabella Sun,sanction,,https://www.opensanctions.org/entities/ca-sema-de907127e7cd3fc45746439a80b12f84b204a0ff,ca_dfatd_sema_sanctions
9550137,,Matros Koshka,sanction,,https://www.opensanctions.org/entities/ca-sema-deaf9b9bf266b55ef979bd49fb21cd51d40ba456,ca_dfatd_sema_sanctions
8711306,,Andrey Osipov,sanction,,https://www.opensanctions.org/entities/ca-sema-deedf9043e29e670ac617fd70e0ea22b5f76da32,ca_dfatd_sema_sanctions
9306809,,Layla,sanction,,https://www.opensanctions.org/entities/ca-sema-df9589b4a1699fe7796d7f68d56d738dd6ff3c8f,ca_dfatd_sema_sanctions
9251274,,Crius,sanction,,https://www.opensanctions.org/entities/ca-sema-dfe464558e29993a6f009570c96bd23cbf311320,ca_dfatd_sema_sanctions
9330604,,NACHOS,sanction,,https://www.opensanctions.org/entities/ca-sema-dff24f7774d21a20d68ad2f089fbf671ad011784,ca_dfatd_sema_sanctions
9759915,,Shturman Skuratov,sanction,,https://www.opensanctions.org/entities/ca-sema-e0db0af9cdac925eda7451dad403b64c6e4a93f6,ca_dfatd_sema_sanctions
9260275,,Katran,sanction,,https://www.opensanctions.org/entities/ca-sema-e0fc541ad30043bf416ac142c183ab71622c991c,ca_dfatd_sema_sanctions
9341081,,Cassiopeia,sanction,,https://www.opensanctions.org/entities/ca-sema-e20f3e2da536a9b5e01d417178b514f8de3f49ec,ca_dfatd_sema_sanctions
9350654,,Ruby Cross,sanction,,https://www.opensanctions.org/entities/ca-sema-e224badf5f43d1a82bb7693bc32d77d6c1643135,ca_dfatd_sema_sanctions
9408695,,Tassos,sanction,,https://www.opensanctions.org/entities/ca-sema-e2406763a93e90456e4d24d4e6dc18e8c30993a7,ca_dfatd_sema_sanctions
9380673,,Centurion,sanction,,https://www.opensanctions.org/entities/ca-sema-e29036310d4116e935a8ade9d02ca7157a678876,ca_dfatd_sema_sanctions
9166314,,Astoria,sanction,,https://www.opensanctions.org/entities/ca-sema-e2996a5472966619cfcc6fcc03e5fd9d425ed9d8,ca_dfatd_sema_sanctions
9296810,,Missoni,sanction,,https://www.opensanctions.org/entities/ca-sema-e336988827b539c65761116974863999d19c85f4,ca_dfatd_sema_sanctions
9292981,,Sagar Violet,sanction,,https://www.opensanctions.org/entities/ca-sema-e3c8f79df296879bf58218ad961d612ba7f33677,ca_dfatd_sema_sanctions
9248801,,Mu Dan,sanction,,https://www.opensanctions.org/entities/ca-sema-e3de8a16fa1f8584120df2a305d969d2e23b4659,ca_dfatd_sema_sanctions
9329655,,Proxima,sanction,,https://www.opensanctions.org/entities/ca-sema-e3e25cd0f1d553b3c2944fc2a4967205c526a890,ca_dfatd_sema_sanctions
9211896,,Zal Pars 3,sanction,,https://www.opensanctions.org/entities/ca-sema-e478ba55ab2cef21ed80fb1688bc65b4d4c856de,ca_dfatd_sema_sanctions
8714657,,Selenga,sanction,,https://www.opensanctions.org/entities/ca-sema-e48a2fb2bc905d5c9a67d433e1e3186152497235,ca_dfatd_sema_sanctions
9233765,,Aulis,sanction,,https://www.opensanctions.org/entities/ca-sema-e5a69c9f16f209714ce59b898cbeafca7130f0a1,ca_dfatd_sema_sanctions
8714695,,Arkadiy Chernyshev,sanction,,https://www.opensanctions.org/entities/ca-sema-e5ff0a2064192c906cbfe1d0a2fefc5b39e6a28c,ca_dfatd_sema_sanctions
9247792,,LALIQUE,sanction,,https://www.opensanctions.org/entities/ca-sema-e70d80f2403d811809cf2914ac4beb906c301c68,ca_dfatd_sema_sanctions
9185528,,Gelor,sanction,,https://www.opensanctions.org/entities/ca-sema-e72d7de21f84451b273a689d788a6db1decb4024,ca_dfatd_sema_sanctions
9206671,,Rangler,sanction,,https://www.opensanctions.org/entities/ca-sema-e7651af173ff2282964830ea7ab5412fd72203cb,ca_dfatd_sema_sanctions
9247443,,Magnus,sanction,,https://www.opensanctions.org/entities/ca-sema-e83a062e6d480a46f465158a55d055f7bb03d6a4,ca_dfatd_sema_sanctions
9274343,,Monte Rosa,sanction,,https://www.opensanctions.org/entities/ca-sema-e9cb3f682d6c76201ad60d74d380297f5d2aec47,ca_dfatd_sema_sanctions
9296406,,RIGEL,sanction,,https://www.opensanctions.org/entities/ca-sema-e9dffce8784439e58c01eba10ee8f07a4361984c,ca_dfatd_sema_sanctions
9266865,,Bivola,sanction,,https://www.opensanctions.org/entities/ca-sema-e9f32a1531d7b78057282186ce2f90933442a8de,ca_dfatd_sema_sanctions
9299173,,Veles,sanction,,https://www.opensanctions.org/entities/ca-sema-ea49a9ca17e06f3ccd616ed4015de05a62e8372c,ca_dfatd_sema_sanctions
9263203,,SOUL,sanction,,https://www.opensanctions.org/entities/ca-sema-ead8261f8dccef1059ac23e38ee36da51d42ce51,ca_dfatd_sema_sanctions
9621560,,Bavly,sanction,,https://www.opensanctions.org/entities/ca-sema-eb10bdea42d251a67671a4e718b5febb7f34398f,ca_dfatd_sema_sanctions
9281009,,Ji Hang,sanction,,https://www.opensanctions.org/entities/ca-sema-eb579634a9efe94b32c6a2c36edf58c6b1b0194b,ca_dfatd_sema_sanctions
9319703,,Great Jacombo,sanction,,https://www.opensanctions.org/entities/ca-sema-ebe27e157f5ad05dedb609ecd65d1e8af67a1388,ca_dfatd_sema_sanctions
9275763,,Blage,sanction,,https://www.opensanctions.org/entities/ca-sema-ebff1527f667f6286b8df3c1388f3ce3b26ff0e2,ca_dfatd_sema_sanctions
9247431,,Wilma II,sanction,,https://www.opensanctions.org/entities/ca-sema-ec6c959077001a030c51b172ea76db13bc6be198,ca_dfatd_sema_sanctions
9248796,,SPRIT,sanction,,https://www.opensanctions.org/entities/ca-sema-ec704abb62909facdbe9b69ab9d7bfba445ead73,ca_dfatd_sema_sanctions
9524463,,Satara,sanction,,https://www.opensanctions.org/entities/ca-sema-ec776ca6c0aa5d89983018e101044ebaba2022dd,ca_dfatd_sema_sanctions
9231212,,Xanthos Eos,sanction,,https://www.opensanctions.org/entities/ca-sema-ec81b08494e08a1606cda9384c893fcd3d1bcd04,ca_dfatd_sema_sanctions
9273387,,Astra,sanction,,https://www.opensanctions.org/entities/ca-sema-ed7be647e2c768cec2627f3f9d95c626fc1f0120,ca_dfatd_sema_sanctions
9395379,,Fortis,sanction,,https://www.opensanctions.org/entities/ca-sema-ee0a34e9417052ea5b1a58dd6d5d0e0d694224c4,ca_dfatd_sema_sanctions
9288851,,Grinch,sanction,,https://www.opensanctions.org/entities/ca-sema-ee8dd7404e6bd2691eee3d0d51076eba12df2d8c,ca_dfatd_sema_sanctions
9511533,,PRIMAVERA,sanction,,https://www.opensanctions.org/entities/ca-sema-ef726d3e91a9712acae73b50c6bc4d0d12a40cf5,ca_dfatd_sema_sanctions
9256078,,Liteyny Prospect,sanction,,https://www.opensanctions.org/entities/ca-sema-ef78a1bf8264245af423efc16d584673badf980a,ca_dfatd_sema_sanctions
9411331,,Canara,sanction,,https://www.opensanctions.org/entities/ca-sema-efc5237bfa3deb0da860dbf79f2093e2b7c788a0,ca_dfatd_sema_sanctions
9224439,,Caroline Bezengi,sanction,,https://www.opensanctions.org/entities/ca-sema-efe80e5a66c8ed11821d328150a9d74bb0940be6,ca_dfatd_sema_sanctions
9290335,,Jumbo,sanction,,https://www.opensanctions.org/entities/ca-sema-effe0fff9bd0d56a2a0c2e0dcc0a23acce732b62,ca_dfatd_sema_sanctions
9934498,,Nan Feng Zhi Xing,sanction,,https://www.opensanctions.org/entities/ca-sema-f0358b42567781ba5072f1a93a8de3b75353ed44,ca_dfatd_sema_sanctions
9335094,,WUDI,sanction,,https://www.opensanctions.org/entities/ca-sema-f06521d2a57e15610a76eeabc5e53bbd61df2b48,ca_dfatd_sema_sanctions
9289738,,GENJI,sanction,,https://www.opensanctions.org/entities/ca-sema-f0a73e5f57f880370821e6d0c8f1159c9755d74c,ca_dfatd_sema_sanctions
9339301,,Lipetsk,sanction,,https://www.opensanctions.org/entities/ca-sema-f0a84c4d0d1a84e07b8e6263ddea8c58f77549ea,ca_dfatd_sema_sanctions
9763849,,Pugnax,sanction,,https://www.opensanctions.org/entities/ca-sema-f0a84ce1268c436a954d72275a81a07d67eb0b18,ca_dfatd_sema_sanctions
9310707,,Agate,sanction,,https://www.opensanctions.org/entities/ca-sema-f1175f57a82472d322b3b9e0389e2e717f93bb9b,ca_dfatd_sema_sanctions
9237228,,THANE,sanction,,https://www.opensanctions.org/entities/ca-sema-f1d801c18d9453717a96623f9e8741a42487ff14,ca_dfatd_sema_sanctions
9640516,,Veles,sanction,,https://www.opensanctions.org/entities/ca-sema-f23576da00f5f6249378d0bc4f5890fa6b6202cf,ca_dfatd_sema_sanctions
9410870,,HS Everett,sanction,,https://www.opensanctions.org/entities/ca-sema-f26964551171eeb72de7b4fd30f4a70955239ee7,ca_dfatd_sema_sanctions
9278600,,Barents,sanction,,https://www.opensanctions.org/entities/ca-sema-f2a844aa9ec311680f0194e1462f6718909f2cb5,ca_dfatd_sema_sanctions
9630004,,Velikiy Novgorod,sanction,,https://www.opensanctions.org/entities/ca-sema-f44bb2684fcf81ccec252f08a89102cfcc20e3cc,ca_dfatd_sema_sanctions
9315745,,Marquise,sanction,,https://www.opensanctions.org/entities/ca-sema-f4f552bc2c747cea606ebb598db003794e2ad7f4,ca_dfatd_sema_sanctions
9737187,,Christophe de Margerie,sanction,,https://www.opensanctions.org/entities/ca-sema-f501173f2f4724ae2fa84dc57a10d51c35291aae,ca_dfatd_sema_sanctions
9439541,,Nemrut,sanction,,https://www.opensanctions.org/entities/ca-sema-f53193bcb56b41a31458397cb7e44da32b7a25a3,ca_dfatd_sema_sanctions
9377779,,Vozrozhdeniye,sanction,,https://www.opensanctions.org/entities/ca-sema-f542605da544cb90872f05290c531e7743414c38,ca_dfatd_sema_sanctions
9286073,,Rcelebra,sanction,,https://www.opensanctions.org/entities/ca-sema-f5cf6f775024879e30756272f3a60b9b1ecdd395,ca_dfatd_sema_sanctions
9296597,,Prometei,sanction,,https://www.opensanctions.org/entities/ca-sema-f706b60381b39b607d3fb5b7dba77e4c32e36bc9,ca_dfatd_sema_sanctions
9142916,,Okean,sanction,,https://www.opensanctions.org/entities/ca-sema-f71c3903308f273785679ec17f487a0251a71133,ca_dfatd_sema_sanctions
9323974,,Marble,sanction,,https://www.opensanctions.org/entities/ca-sema-f74d49f87541f1997745814b7825fc2360cf41c4,ca_dfatd_sema_sanctions
9299692,,Callisto,sanction,,https://www.opensanctions.org/entities/ca-sema-f7a61854a3a5a88cbe3057213af94747d90c5a0b,ca_dfatd_sema_sanctions
9290517,,VAYU 1,sanction,,https://www.opensanctions.org/entities/ca-sema-f80bd4fe1f4c45b45f9d9dd947ef976a346b0419,ca_dfatd_sema_sanctions
9323326,,Katy,sanction,,https://www.opensanctions.org/entities/ca-sema-f81c8a5d071a44f983b289a8167aa7a4d4c52126,ca_dfatd_sema_sanctions
8943210,,Begey,sanction,,https://www.opensanctions.org/entities/ca-sema-f84f68314a8f943b1007663a7c305b5cda01a3af,ca_dfatd_sema_sanctions
9236016,,Vision,sanction,,https://www.opensanctions.org/entities/ca-sema-f8da1221d9a7bb7c659bda856a942c4279cd00d6,ca_dfatd_sema_sanctions
9234642,,Koala,sanction,,https://www.opensanctions.org/entities/ca-sema-f96615eb88b31c963104eb0b9c1c09a6f8c71bc1,ca_dfatd_sema_sanctions
9327372,,Ocean Embrace,sanction,,https://www.opensanctions.org/entities/ca-sema-fa05a5587170c5cb59a421b62934cdec45275608,ca_dfatd_sema_sanctions
9388027,,Manaslu,sanction,,https://www.opensanctions.org/entities/ca-sema-fa5bb6e4ba6669d664e50d1ffde0babee64b63cd,ca_dfatd_sema_sanctions
9205067,,RAVEN,sanction,,https://www.opensanctions.org/entities/ca-sema-fa9eb8a7c9b7b0a48673382c5a7cd65e32076d2e,ca_dfatd_sema_sanctions
9249130,,Peace,sanction,,https://www.opensanctions.org/entities/ca-sema-faf11386c8cc9ee97bed39c87ff8ce6afe14f1a8,ca_dfatd_sema_sanctions
9437983,,Cai Yun,sanction,,https://www.opensanctions.org/entities/ca-sema-fb40981e008b7b6e6b1a06eb973bdf09d2d8f207,ca_dfatd_sema_sanctions
9232888,,Ksena,sanction,,https://www.opensanctions.org/entities/ca-sema-fb697810dd90130e2994a24e835f141146dfac12,ca_dfatd_sema_sanctions
9286463,,Olanga,sanction,,https://www.opensanctions.org/entities/ca-sema-fb7c8f777b433c14dd915706149c3b7d2557cdc8,ca_dfatd_sema_sanctions
9288722,,Azure Celeste,sanction,,https://www.opensanctions.org/entities/ca-sema-fb87f78943f045769c124c9568629b2c4fa5f901,ca_dfatd_sema_sanctions
9249312,,IZOLA,sanction,,https://www.opensanctions.org/entities/ca-sema-fba847cd82d5387bff1b6b074946d460bf2d97de,ca_dfatd_sema_sanctions
9273442,,Blue Ember,sanction,,https://www.opensanctions.org/entities/ca-sema-fc140aadd9456043830dd566977d76a4ffa2667f,ca_dfatd_sema_sanctions
9368235,,Fu Hai Wan,sanction,,https://www.opensanctions.org/entities/ca-sema-fc324efaea078043aa1034876f9268c374af524f,ca_dfatd_sema_sanctions
9087714,,Ostrov Russkiy,sanction,,https://www.opensanctions.org/entities/ca-sema-fcb11aa8f8ec602d797f5efe3d6812de650f2a0a,ca_dfatd_sema_sanctions
9330599,,Lumin,sanction,,https://www.opensanctions.org/entities/ca-sema-fd52f9b72227cc8bde68c488860af69a867e892c,ca_dfatd_sema_sanctions
9318541,,Serenade,sanction,,https://www.opensanctions.org/entities/ca-sema-fd99429b68302d62b92166aea9ccec3441739070,ca_dfatd_sema_sanctions
9333400,,Noble,sanction,,https://www.opensanctions.org/entities/ca-sema-fda0c4b20a3f69bb02ce3148a4c14120408a9cf7,ca_dfatd_sema_sanctions
9413559,,Antarktika,sanction,,https://www.opensanctions.org/entities/ca-sema-fdd593ce73637786ede0fb30f2388b125116d814,ca_dfatd_sema_sanctions
9344033,,Trium,sanction,,https://www.opensanctions.org/entities/ca-sema-fddc27b1f36003c7dc35564ce7ea727ba27f24d5,ca_dfatd_sema_sanctions
9419448,,Heng Tai,sanction,,https://www.opensanctions.org/entities/ca-sema-fdf406d34b0c4494ec8f64e746c14e0214de9cdc,ca_dfatd_sema_sanctions
9333412,,ENIGMA,sanction,,https://www.opensanctions.org/entities/ca-sema-fdfcab4563a4e0f341192bc2665a4538702b2c26,ca_dfatd_sema_sanctions
9327360,,Aria,sanction,,https://www.opensanctions.org/entities/ca-sema-fe4ddd1f58303c214306a0040b4734c19b17735f,ca_dfatd_sema_sanctions
9372547,,Vasily Dinkov,sanction,,https://www.opensanctions.org/entities/ca-sema-fe8ae4b3fc0bdacbeca7590a1bbf9a3e3b72699e,ca_dfatd_sema_sanctions
9299123,,SOFIA K,sanction,,https://www.opensanctions.org/entities/ca-sema-ff451e3e541844e326c1f36d15361920209c3bec,ca_dfatd_sema_sanctions
9332028,,Grif,sanction,,https://www.opensanctions.org/entities/ca-sema-ff5eeb75dc98a8d7ce43c87e0c2b6674c0346b30,ca_dfatd_sema_sanctions
9284116,,Shah Ismayil Khatai,sanction,,https://www.opensanctions.org/entities/ca-sema-ffba152e77e296e956334279c4926b84cacb94be,ca_dfatd_sema_sanctions
9434890,,Vokki,sanction,,https://www.opensanctions.org/entities/ca-sema-ffbde74ce0a41c68dec15ac8b4322c61fbc00342,ca_dfatd_sema_sanctions
9314882,,HIMALAYA,sanction,,https://www.opensanctions.org/entities/ca-sema-ffd0dfb2b634992057135e461dfa5657aac27132,ca_dfatd_sema_sanctions
9294123,,Chongchon,sanction,,https://www.opensanctions.org/entities/ch-seco-100016,ch_seco_sanctions
9247778,,Breez,sanction,,https://www.opensanctions.org/entities/ch-seco-101314,ch_seco_sanctions
9418509,,Omsk,sanction,,https://www.opensanctions.org/entities/ch-seco-101344,ch_seco_sanctions
9286463,,Olanga,sanction,,https://www.opensanctions.org/entities/ch-seco-101349,ch_seco_sanctions
9759927,,Shturman Shcherbinin,sanction,,https://www.opensanctions.org/entities/ch-seco-101374,ch_seco_sanctions
9293997,,Khalasi,sanction,,https://www.opensanctions.org/entities/ch-seco-101476,ch_seco_sanctions
9323364,,Sinar G,sanction,,https://www.opensanctions.org/entities/ch-seco-101491,ch_seco_sanctions
8909575,,Chong Bong,sanction,,https://www.opensanctions.org/entities/ch-seco-34428,ch_seco_sanctions
8713471,,Mi Rim,sanction,,https://www.opensanctions.org/entities/ch-seco-34476,ch_seco_sanctions
9361407,,Mi Rim 2,sanction,,https://www.opensanctions.org/entities/ch-seco-34480,ch_seco_sanctions
8412467,,South Hill 2,sanction,,https://www.opensanctions.org/entities/ch-seco-34521,ch_seco_sanctions
7937317,,Tong Hung San,sanction,,https://www.opensanctions.org/entities/ch-seco-34539,ch_seco_sanctions
8661575,,Tong Hung 1,sanction,,https://www.opensanctions.org/entities/ch-seco-34544,ch_seco_sanctions
8898740,,Ji Song 6,sanction,,https://www.opensanctions.org/entities/ch-seco-38849,ch_seco_sanctions
8122347,,Nam San 8,sanction,,https://www.opensanctions.org/entities/ch-seco-38857,ch_seco_sanctions
8408595,,Woory Star,sanction,,https://www.opensanctions.org/entities/ch-seco-38865,ch_seco_sanctions
9318541,,NS Stream,sanction,,https://www.opensanctions.org/entities/ch-seco-78090,ch_seco_sanctions
9333436,,SCF Amur,sanction,,https://www.opensanctions.org/entities/ch-seco-78095,ch_seco_sanctions
9259185,,Hebe,sanction,,https://www.opensanctions.org/entities/ch-seco-78125,ch_seco_sanctions
9144782,,Robon,sanction,,https://www.opensanctions.org/entities/ch-seco-78150,ch_seco_sanctions
9270529,,Krymsk,sanction,,https://www.opensanctions.org/entities/ch-seco-78165,ch_seco_sanctions
9273052,,Alissa,sanction,,https://www.opensanctions.org/entities/ch-seco-86251,ch_seco_sanctions
9296391,,Peta Lumina,sanction,,https://www.opensanctions.org/entities/ch-seco-87011,ch_seco_sanctions
9274343,,San Cosmas,sanction,,https://www.opensanctions.org/entities/ch-seco-87022,ch_seco_sanctions
9385233,,San Severus,sanction,,https://www.opensanctions.org/entities/ch-seco-87027,ch_seco_sanctions
9826902,,Galaxy,sanction,,https://www.opensanctions.org/entities/ch-seco-87032,ch_seco_sanctions
9306794,,Constellation,sanction,,https://www.opensanctions.org/entities/ch-seco-87047,ch_seco_sanctions
9292204,,Andromeda,sanction,,https://www.opensanctions.org/entities/ch-seco-87052,ch_seco_sanctions
9299692,,Callisto,sanction,,https://www.opensanctions.org/entities/ch-seco-87057,ch_seco_sanctions
9413561,,Alliance,sanction,,https://www.opensanctions.org/entities/ch-seco-87070,ch_seco_sanctions
9610781,,Zenith,sanction,,https://www.opensanctions.org/entities/ch-seco-87086,ch_seco_sanctions
9299898,,Turbo Voyager,sanction,,https://www.opensanctions.org/entities/ch-seco-87092,ch_seco_sanctions
9271585,,Krishna 1,sanction,,https://www.opensanctions.org/entities/ch-seco-87123,ch_seco_sanctions
9577082,,Premier,sanction,,https://www.opensanctions.org/entities/ch-seco-87237,ch_seco_sanctions
9354301,,Jaguar,sanction,,https://www.opensanctions.org/entities/ch-seco-87257,ch_seco_sanctions
9901037,,Nikolay Zadornov,sanction,,https://www.opensanctions.org/entities/ch-seco-89651,ch_seco_sanctions
9301407,,Viktor Titov,sanction,,https://www.opensanctions.org/entities/ch-seco-89662,ch_seco_sanctions
9332822,,Nichole,sanction,,https://www.opensanctions.org/entities/ch-seco-89692,ch_seco_sanctions
9404948,,Chen Lu,sanction,,https://www.opensanctions.org/entities/ch-seco-89710,ch_seco_sanctions
9288746,,Udaya,sanction,,https://www.opensanctions.org/entities/ch-seco-89731,ch_seco_sanctions
9281891,,Merope,sanction,,https://www.opensanctions.org/entities/ch-seco-89743,ch_seco_sanctions
9224283,,Neer 1,sanction,,https://www.opensanctions.org/entities/ch-seco-89818,ch_seco_sanctions
9306782,,Kareliya,sanction,,https://www.opensanctions.org/entities/ch-seco-89846,ch_seco_sanctions
9258002,,Kazan,sanction,,https://www.opensanctions.org/entities/ch-seco-89851,ch_seco_sanctions
9339301,,NS Leader,sanction,,https://www.opensanctions.org/entities/ch-seco-89883,ch_seco_sanctions
9329667,,Pacific,sanction,,https://www.opensanctions.org/entities/ch-seco-89907,ch_seco_sanctions
9258868,,Asher,sanction,,https://www.opensanctions.org/entities/ch-seco-90047,ch_seco_sanctions
9271951,,Facca,sanction,,https://www.opensanctions.org/entities/ch-seco-90082,ch_seco_sanctions
9285835,,Sea Fidelity,sanction,,https://www.opensanctions.org/entities/ch-seco-90152,ch_seco_sanctions
9318539,,Swiftsea Rider,sanction,,https://www.opensanctions.org/entities/ch-seco-90158,ch_seco_sanctions
9299769,,Aquatica,sanction,,https://www.opensanctions.org/entities/ch-seco-90164,ch_seco_sanctions
9258026,,Ederra,sanction,,https://www.opensanctions.org/entities/ch-seco-90169,ch_seco_sanctions
9308065,,Eventin,sanction,,https://www.opensanctions.org/entities/ch-seco-90174,ch_seco_sanctions
9266475,,Sauri,sanction,,https://www.opensanctions.org/entities/ch-seco-90184,ch_seco_sanctions
9216298,,East Energy,sanction,,https://www.opensanctions.org/entities/ch-seco-90194,ch_seco_sanctions
9418494,,Zaliv Aniva,sanction,,https://www.opensanctions.org/entities/ch-seco-90204,ch_seco_sanctions
9286657,,Lokosao,sanction,,https://www.opensanctions.org/entities/ch-seco-90209,ch_seco_sanctions
9286073,,T Cereal,sanction,,https://www.opensanctions.org/entities/ch-seco-90229,ch_seco_sanctions
9610810,,Viktor Bakaev,sanction,,https://www.opensanctions.org/entities/ch-seco-90234,ch_seco_sanctions
9282493,,Fiora,sanction,,https://www.opensanctions.org/entities/ch-seco-90239,ch_seco_sanctions
9388792,,Unity,sanction,,https://www.opensanctions.org/entities/ch-seco-90249,ch_seco_sanctions
9610808,,Anatoly Kolodkin,sanction,,https://www.opensanctions.org/entities/ch-seco-90259,ch_seco_sanctions
9247431,,Wilma II,sanction,,https://www.opensanctions.org/entities/ch-seco-90270,ch_seco_sanctions
9317949,,Xiwang,sanction,,https://www.opensanctions.org/entities/ch-seco-90288,ch_seco_sanctions
9397559,,Aria,sanction,,https://www.opensanctions.org/entities/ch-seco-90298,ch_seco_sanctions
9333412,,Enigma,sanction,,https://www.opensanctions.org/entities/ch-seco-91483,ch_seco_sanctions
9227443,,Arlan,sanction,,https://www.opensanctions.org/entities/ch-seco-91498,ch_seco_sanctions
9286023,,Next,sanction,,https://www.opensanctions.org/entities/ch-seco-91553,ch_seco_sanctions
9388754,,Long Bai,sanction,,https://www.opensanctions.org/entities/ch-seco-91563,ch_seco_sanctions
9142916,,Okean,sanction,,https://www.opensanctions.org/entities/ch-seco-91573,ch_seco_sanctions
9292981,,Sagar Violet,sanction,,https://www.opensanctions.org/entities/ch-seco-91599,ch_seco_sanctions
9293117,,Sun,sanction,,https://www.opensanctions.org/entities/ch-seco-91619,ch_seco_sanctions
9330472,,Thorin,sanction,,https://www.opensanctions.org/entities/ch-seco-91691,ch_seco_sanctions
9257814,,Torex,sanction,,https://www.opensanctions.org/entities/ch-seco-91696,ch_seco_sanctions
9842190,,Akademik Gubkin,sanction,,https://www.opensanctions.org/entities/ch-seco-91745,ch_seco_sanctions
9842176,,Vladimir Monomakh,sanction,,https://www.opensanctions.org/entities/ch-seco-91750,ch_seco_sanctions
9253894,,Destamar,sanction,,https://www.opensanctions.org/entities/ch-seco-91765,ch_seco_sanctions
9296406,,Rigel,sanction,,https://www.opensanctions.org/entities/ch-seco-91890,ch_seco_sanctions
9640516,,VF Tanker-3,sanction,,https://www.opensanctions.org/entities/ch-seco-92154,ch_seco_sanctions
9749154,,Kupava,sanction,,https://www.opensanctions.org/entities/ch-seco-92164,ch_seco_sanctions
9293155,,Benedict,sanction,,https://www.opensanctions.org/entities/ch-seco-92214,ch_seco_sanctions
9408205,,Fast Kathy,sanction,,https://www.opensanctions.org/entities/ch-seco-92230,ch_seco_sanctions
9326720,,Hera,sanction,,https://www.opensanctions.org/entities/ch-seco-92240,ch_seco_sanctions
9323986,,Garasan,sanction,,https://www.opensanctions.org/entities/ch-seco-92255,ch_seco_sanctions
9257137,,Min Hang,sanction,,https://www.opensanctions.org/entities/ch-seco-92285,ch_seco_sanctions
9259197,,Thalia III,sanction,,https://www.opensanctions.org/entities/ch-seco-92305,ch_seco_sanctions
9283306,,Buddha,sanction,,https://www.opensanctions.org/entities/ch-seco-92325,ch_seco_sanctions
9437983,,Cai Yun,sanction,,https://www.opensanctions.org/entities/ch-seco-92330,ch_seco_sanctions
9306627,,Huang He,sanction,,https://www.opensanctions.org/entities/ch-seco-92340,ch_seco_sanctions
9231509,,Trend,sanction,,https://www.opensanctions.org/entities/ch-seco-92360,ch_seco_sanctions
9304356,,Yodan,sanction,,https://www.opensanctions.org/entities/ch-seco-92365,ch_seco_sanctions
9235725,,Fuga Bluemarine,sanction,,https://www.opensanctions.org/entities/ch-seco-92380,ch_seco_sanctions
9247792,,Lalique,sanction,,https://www.opensanctions.org/entities/ch-seco-92390,ch_seco_sanctions
9249312,,Izola,sanction,,https://www.opensanctions.org/entities/ch-seco-92480,ch_seco_sanctions
9263643,,Frunze,sanction,,https://www.opensanctions.org/entities/ch-seco-92505,ch_seco_sanctions
9288863,,Ector,sanction,,https://www.opensanctions.org/entities/ch-seco-92550,ch_seco_sanctions
9255244,,Bolognia Falcon,sanction,,https://www.opensanctions.org/entities/ch-seco-92555,ch_seco_sanctions
9337389,,Agni,sanction,,https://www.opensanctions.org/entities/ch-seco-92565,ch_seco_sanctions
9344033,,Triumph,sanction,,https://www.opensanctions.org/entities/ch-seco-92585,ch_seco_sanctions
9247780,,Turaco,sanction,,https://www.opensanctions.org/entities/ch-seco-92590,ch_seco_sanctions
9311531,,Afkada,sanction,,https://www.opensanctions.org/entities/ch-seco-92610,ch_seco_sanctions
9208069,,Stellar Beverly,sanction,,https://www.opensanctions.org/entities/ch-seco-92630,ch_seco_sanctions
9283291,,Tiburon,sanction,,https://www.opensanctions.org/entities/ch-seco-94211,ch_seco_sanctions
9412995,,Kruger,sanction,,https://www.opensanctions.org/entities/ch-seco-94221,ch_seco_sanctions
9163764,,Arno Babajanyan,sanction,,https://www.opensanctions.org/entities/ch-seco-94246,ch_seco_sanctions
9495832,,Black Sea Eagle,sanction,,https://www.opensanctions.org/entities/ch-seco-94256,ch_seco_sanctions
9318034,,Olive,sanction,,https://www.opensanctions.org/entities/ch-seco-94361,ch_seco_sanctions
9354636,,Flura,sanction,,https://www.opensanctions.org/entities/ch-seco-94768,ch_seco_sanctions
9292058,,Tango,sanction,,https://www.opensanctions.org/entities/ch-seco-94798,ch_seco_sanctions
9292034,,Topaz,sanction,,https://www.opensanctions.org/entities/ch-seco-94803,ch_seco_sanctions
8231057,,Volgoneft 251,sanction,,https://www.opensanctions.org/entities/ch-seco-94808,ch_seco_sanctions
9277759,,Lark,sanction,,https://www.opensanctions.org/entities/ch-seco-94838,ch_seco_sanctions
9323974,,Marble,sanction,,https://www.opensanctions.org/entities/ch-seco-94844,ch_seco_sanctions
9249130,,Peace,sanction,,https://www.opensanctions.org/entities/ch-seco-94854,ch_seco_sanctions
9332834,,Sooraj,sanction,,https://www.opensanctions.org/entities/ch-seco-94870,ch_seco_sanctions
9336426,,Naxos,sanction,,https://www.opensanctions.org/entities/ch-seco-94925,ch_seco_sanctions
9230971,,Skadi,sanction,,https://www.opensanctions.org/entities/ch-seco-94945,ch_seco_sanctions
9384069,,Lion I,sanction,,https://www.opensanctions.org/entities/ch-seco-95124,ch_seco_sanctions
9297553,,Monte I,sanction,,https://www.opensanctions.org/entities/ch-seco-95129,ch_seco_sanctions
9286281,,Samadha,sanction,,https://www.opensanctions.org/entities/ch-seco-95161,ch_seco_sanctions
9289776,,Maisan,sanction,,https://www.opensanctions.org/entities/ch-seco-95184,ch_seco_sanctions
9262924,,Utaki,sanction,,https://www.opensanctions.org/entities/ch-seco-95230,ch_seco_sanctions
9255672,,Lebre,sanction,,https://www.opensanctions.org/entities/ch-seco-95235,ch_seco_sanctions
9389100,,Smyrtos,sanction,,https://www.opensanctions.org/entities/ch-seco-95240,ch_seco_sanctions
9266877,,Pierre,sanction,,https://www.opensanctions.org/entities/ch-seco-95255,ch_seco_sanctions
9198783,,Maria,sanction,,https://www.opensanctions.org/entities/ch-seco-95270,ch_seco_sanctions
9374868,,Elephant,sanction,,https://www.opensanctions.org/entities/ch-seco-95298,ch_seco_sanctions
9585924,,Kaluga,sanction,,https://www.opensanctions.org/entities/ch-seco-95303,ch_seco_sanctions
9299733,,Nagarjuna,sanction,,https://www.opensanctions.org/entities/ch-seco-95579,ch_seco_sanctions
9266865,,Bivola,sanction,,https://www.opensanctions.org/entities/ch-seco-95724,ch_seco_sanctions
9339325,,Level,sanction,,https://www.opensanctions.org/entities/ch-seco-98149,ch_seco_sanctions
9388780,,Bai Lu,sanction,,https://www.opensanctions.org/entities/ch-seco-98173,ch_seco_sanctions
9397535,,Jupiter,sanction,,https://www.opensanctions.org/entities/ch-seco-98216,ch_seco_sanctions
9413559,,Antarktika,sanction,,https://www.opensanctions.org/entities/ch-seco-98221,ch_seco_sanctions
9645061,,Aleksey Savrasov,sanction,,https://www.opensanctions.org/entities/ch-seco-98251,ch_seco_sanctions
9735323,,Yaz,sanction,,https://www.opensanctions.org/entities/ch-seco-98256,ch_seco_sanctions
9280885,,Apus,sanction,,https://www.opensanctions.org/entities/ch-seco-98282,ch_seco_sanctions
9304629,,Cheng He,sanction,,https://www.opensanctions.org/entities/ch-seco-98311,ch_seco_sanctions
9257802,,Furia,sanction,,https://www.opensanctions.org/entities/ch-seco-98325,ch_seco_sanctions
9299771,,Mires,sanction,,https://www.opensanctions.org/entities/ch-seco-98391,ch_seco_sanctions
9387255,,Azure,sanction,,https://www.opensanctions.org/entities/ch-seco-98415,ch_seco_sanctions
9621560,,Bavly,sanction,,https://www.opensanctions.org/entities/ch-seco-98420,ch_seco_sanctions
9308132,,Tempest Dream,sanction,,https://www.opensanctions.org/entities/ch-seco-98458,ch_seco_sanctions
9311610,,Torx,sanction,,https://www.opensanctions.org/entities/ch-seco-98463,ch_seco_sanctions
9439539,,Bolu,sanction,,https://www.opensanctions.org/entities/ch-seco-98468,ch_seco_sanctions
8808525,,Bronco,sanction,,https://www.opensanctions.org/entities/ch-seco-99287,ch_seco_sanctions
9321562,,Maverick,sanction,,https://www.opensanctions.org/entities/ch-seco-99317,ch_seco_sanctions
9412452,,Nilanga,sanction,,https://www.opensanctions.org/entities/ch-seco-99334,ch_seco_sanctions
9036284,,Nordstraum,sanction,,https://www.opensanctions.org/entities/ch-seco-99338,ch_seco_sanctions
9297149,,Revanche,sanction,,https://www.opensanctions.org/entities/ch-seco-99372,ch_seco_sanctions
9650016,,RN Sakhalin,sanction,,https://www.opensanctions.org/entities/ch-seco-99377,ch_seco_sanctions
9282481,,Tagor,sanction,,https://www.opensanctions.org/entities/ch-seco-99392,ch_seco_sanctions
9164718,,Thoth,sanction,,https://www.opensanctions.org/entities/ch-seco-99441,ch_seco_sanctions
9321172,,Sea Owl I,sanction,,https://www.opensanctions.org/entities/ch-seco-99448,ch_seco_sanctions
9384435,,Belomor,sanction,,https://www.opensanctions.org/entities/ch-seco-99588,ch_seco_sanctions
9235000,,Coatlicue,sanction,,https://www.opensanctions.org/entities/ch-seco-99593,ch_seco_sanctions
9272931,,Garuda,sanction,,https://www.opensanctions.org/entities/ch-seco-99608,ch_seco_sanctions
9315745,,Marquise,sanction,,https://www.opensanctions.org/entities/ch-seco-99643,ch_seco_sanctions
9384459,,Onega,sanction,,https://www.opensanctions.org/entities/ch-seco-99648,ch_seco_sanctions
9384095,,Ragnar,sanction,,https://www.opensanctions.org/entities/ch-seco-99658,ch_seco_sanctions
9263186,,South Star,sanction,,https://www.opensanctions.org/entities/ch-seco-99683,ch_seco_sanctions
9621596,,Stanislav Govorukhin,sanction,,https://www.opensanctions.org/entities/ch-seco-99688,ch_seco_sanctions
9224439,,Caroline Bezengi,sanction,,https://www.opensanctions.org/entities/ch-seco-99936,ch_seco_sanctions
9240885,,Longevity 7,sanction,,https://www.opensanctions.org/entities/ch-seco-99951,ch_seco_sanctions
9242223,,Adonia,sanction,,https://www.opensanctions.org/entities/ch-seco-99956,ch_seco_sanctions
9256078,,Liteyny Prospect,sanction,,https://www.opensanctions.org/entities/ch-seco-99966,ch_seco_sanctions
9261657,,C Viking,sanction,,https://www.opensanctions.org/entities/ch-seco-99976,ch_seco_sanctions
9265885,,Sea Maverick,sanction,,https://www.opensanctions.org/entities/ch-seco-99981,ch_seco_sanctions
9274800,,Astral,sanction,,https://www.opensanctions.org/entities/ch-seco-99996,ch_seco_sanctions
8514306,,Unica,sanction,,https://www.opensanctions.org/entities/eu-fsf-eu-9442-82,eu_fsf
9036387,,New Konk,sanction,,https://www.opensanctions.org/entities/eu-fsf-eu-9443-81,eu_fsf
9411020,,Bratsk,sanction,,https://www.opensanctions.org/entities/eu-oj-0047e4de53465767bf0bbb9410be2ed07889e234,eu_journal_sanctions
9151890,,Odin,sanction,,https://www.opensanctions.org/entities/eu-oj-00865c175e990fe452952166ac6d4eb602061538,eu_journal_sanctions
9368223,,Achilles,sanction,,https://www.opensanctions.org/entities/eu-oj-00d6488159c1acbea059515253976c69bffc70c3,eu_journal_sanctions
9262924,,Utaki,sanction,,https://www.opensanctions.org/entities/eu-oj-00ed0cb68376fb82b18f2e40ec928b76d46170f1,eu_journal_sanctions
9036387,,New Konk,sanction,,https://www.opensanctions.org/entities/eu-oj-0137aeaf10c8110b230d78a69de60ecaa4a6b9f0,eu_journal_sanctions
9384069,,Lion I,sanction,,https://www.opensanctions.org/entities/eu-oj-016bf6a4f85877bdec0c2c8c6f95f04c495e42ac,eu_journal_sanctions
9307815,,Tasta,sanction,,https://www.opensanctions.org/entities/eu-oj-0197b67ca558da251dbf92a6ead8fe9de591f028,eu_journal_sanctions
9249312,,Izola,sanction,,https://www.opensanctions.org/entities/eu-oj-01c8b903ddfa5e9695b5b361a1819290761dc58a,eu_journal_sanctions
9333436,,Success,sanction,,https://www.opensanctions.org/entities/eu-oj-025b51aa36b8659997d3da6595f6eb6ec0121be6,eu_journal_sanctions
9253313,,Arabela,sanction,,https://www.opensanctions.org/entities/eu-oj-025e6eb9390d83fd86e57b01f1b7f41ab2f69dbb,eu_journal_sanctions
9248796,,IRON WAVE,sanction,,https://www.opensanctions.org/entities/eu-oj-02b11d568fd351e8b3b60ea6b77652d6692bdd31,eu_journal_sanctions
9237228,,Thane,sanction,,https://www.opensanctions.org/entities/eu-oj-03015cbda13cc3ed7c29c19173ef20cf18f445bc,eu_journal_sanctions
9314650,,Ra Nam 3,sanction,,https://www.opensanctions.org/entities/eu-oj-03244f8aad18370b3ec467e847e6037e71d89d70,eu_journal_sanctions
9459242,,Feliks,sanction,,https://www.opensanctions.org/entities/eu-oj-032de26d2d100bc0a87e7ae0eafe8e395c8bf234,eu_journal_sanctions
9199127,,Koen,sanction,,https://www.opensanctions.org/entities/eu-oj-0371a83f531f92b3e1c8479fac2f51e6d93e2964,eu_journal_sanctions
9389100,,Smyrtos,sanction,,https://www.opensanctions.org/entities/eu-oj-03eac2ac3a62d7b3025db450c1c7e26a03613021,eu_journal_sanctions
9418482,,Cetus,sanction,,https://www.opensanctions.org/entities/eu-oj-03f67a7d09f3047e55fa547a54ee72b718c8d12e,eu_journal_sanctions
9317315,,LUCH,sanction,,https://www.opensanctions.org/entities/eu-oj-04dd1ae91b54a392b57b4e650e30d8cbccf03e9f,eu_journal_sanctions
9339301,,NS Leader,sanction,,https://www.opensanctions.org/entities/eu-oj-04e910df402fb0d290ea237d8b021bec20b31a84,eu_journal_sanctions
9353113,,Kavya,sanction,,https://www.opensanctions.org/entities/eu-oj-057c6e59aaf07e5b6a1d3b443987d2dd07c218b5,eu_journal_sanctions
9167930,,MURMANSK,sanction,,https://www.opensanctions.org/entities/eu-oj-0648269aea012a3c1781cada216dd6943589804e,eu_journal_sanctions
9036284,,NORDSTRAUM,sanction,,https://www.opensanctions.org/entities/eu-oj-065d71390c1cbe34745bb2161a4d2f9424be1c2e,eu_journal_sanctions
9412347,,Leo,sanction,,https://www.opensanctions.org/entities/eu-oj-06d9ec55e004415b504fa6dfb52f49f625884348,eu_journal_sanctions
9715270,,ZAID,sanction,,https://www.opensanctions.org/entities/eu-oj-073e6d41997eabc4af49ff62fffddb702d80e768,eu_journal_sanctions
9577094,,Pathfinder,sanction,,https://www.opensanctions.org/entities/eu-oj-07fa7260f62cd1611846988a84bad272d9dfdf2e,eu_journal_sanctions
9299680,,Cangjie,sanction,,https://www.opensanctions.org/entities/eu-oj-0803ca882159b0cf0d4102e9ae5888a4f6781073,eu_journal_sanctions
9321677,,DAPHNE V,sanction,,https://www.opensanctions.org/entities/eu-oj-08103ffc58b7999ebe4b9d58fd753b874aa20009,eu_journal_sanctions
9224283,,Neer 1,sanction,,https://www.opensanctions.org/entities/eu-oj-08668f776b30c941854b0e8a5e8a9f9a4f8b4f39,eu_journal_sanctions
9297357,,Yanhu,sanction,,https://www.opensanctions.org/entities/eu-oj-088857c14bfea52568e0f917276d06df68913007,eu_journal_sanctions
7303803,,AN SAN 1,sanction,,https://www.opensanctions.org/entities/eu-oj-08bcd2cd2955a0ad246370b553ee983a4e24c7a1,eu_journal_sanctions
9323364,,SINAR G,sanction,,https://www.opensanctions.org/entities/eu-oj-08f38a1f5021d7abbdf1d8125dbda7ec90e4e89f,eu_journal_sanctions
9261401,,QUARTZ,sanction,,https://www.opensanctions.org/entities/eu-oj-09a9a19c9cda8336625dd9e4605093fa9e00e400,eu_journal_sanctions
9251743,,DAKAR,sanction,,https://www.opensanctions.org/entities/eu-oj-09b1d0b981f9be081b8217fc3f597ca02ce7fe94,eu_journal_sanctions
9885879,,VALENTIN PIKUL,sanction,,https://www.opensanctions.org/entities/eu-oj-0a19d0961ba3261ecdf23538d3b16eb724fd83f8,eu_journal_sanctions
9304356,,Yodan,sanction,,https://www.opensanctions.org/entities/eu-oj-0a36bea7f876ff589a8a499ab41b810ed024481e,eu_journal_sanctions
9323986,,Garasan,sanction,,https://www.opensanctions.org/entities/eu-oj-0a645ba6b23d698fa05379add09ed173d3fa4b0c,eu_journal_sanctions
9257137,,Min Hang,sanction,,https://www.opensanctions.org/entities/eu-oj-0b1451683e43ae5539f42f97104ecf4cce79045b,eu_journal_sanctions
9168946,,Zevs,sanction,,https://www.opensanctions.org/entities/eu-oj-0b53982e0535f3232b62742216ac51bb59ee8e6f,eu_journal_sanctions
9472634,,AURA 1,sanction,,https://www.opensanctions.org/entities/eu-oj-0c9c0527ddadab452b3ec945429b7b458027730d,eu_journal_sanctions
9408190,,SAMOS,sanction,,https://www.opensanctions.org/entities/eu-oj-0ca39c0a5746cbbe7bc95745bac7e6d3e3969706,eu_journal_sanctions
9191773,,BILLIONS NO. 18,sanction,,https://www.opensanctions.org/entities/eu-oj-0d051468413973c7c3b4307badd4667b346b6bbf,eu_journal_sanctions
9334557,,Blue Talu,sanction,,https://www.opensanctions.org/entities/eu-oj-0d4777680c5dd68a5540490bf577d2a0ebff449a,eu_journal_sanctions
9383950,,Eminent,sanction,,https://www.opensanctions.org/entities/eu-oj-0d5d97991c15eb454a34ccc663642b1e9df5526c,eu_journal_sanctions
9293155,,Benedict,sanction,,https://www.opensanctions.org/entities/eu-oj-0da627033911b1c955f7ebcca4f2da31452e5813,eu_journal_sanctions
9390587,,ONEIROI,sanction,,https://www.opensanctions.org/entities/eu-oj-0dd32c181e337ab86638dfa4c7ffac381221c02b,eu_journal_sanctions
9344033,,Triumph,sanction,,https://www.opensanctions.org/entities/eu-oj-0dd66c476912b8760931666b0cbfa9c2c1907545,eu_journal_sanctions
9285859,,Eastern Pearl,sanction,,https://www.opensanctions.org/entities/eu-oj-0df9db27a678605bfbc01f6e4e28e7dd5b8edf57,eu_journal_sanctions
9321847,,Areia,sanction,,https://www.opensanctions.org/entities/eu-oj-0ea32865e299ed65a008ea2aa027fd2f7b30ac59,eu_journal_sanctions
9286281,,Samadha,sanction,,https://www.opensanctions.org/entities/eu-oj-0ec65a6db0934cab171dd2a46e2358c28a9b4080,eu_journal_sanctions
9274800,,ASTRAL,sanction,,https://www.opensanctions.org/entities/eu-oj-0ee913f70eaf1f2fe22e8f34cd161bb70fa8b00a,eu_journal_sanctions
9419448,,Heng Tai,sanction,,https://www.opensanctions.org/entities/eu-oj-0f09a87d209050cf625452233c7ca5cfd8f6ae6e,eu_journal_sanctions
9247376,,Mariel,sanction,,https://www.opensanctions.org/entities/eu-oj-0f316cd9e90dc35879ad0c06c4d3e1a8dcd1d3e6,eu_journal_sanctions
9439539,,BOLU,sanction,,https://www.opensanctions.org/entities/eu-oj-0fa4fdc69f98177e9267ca53fa20fe903a861915,eu_journal_sanctions
9299123,,Sofia K,sanction,,https://www.opensanctions.org/entities/eu-oj-1089f058473030f4b3276f03b355f02ae5f3167e,eu_journal_sanctions
9281891,,Merope,sanction,,https://www.opensanctions.org/entities/eu-oj-1095b9d04e3bceb893e79bfc818fed723c1d9af0,eu_journal_sanctions
9837547,,MIKHAIL LAZAREV,sanction,,https://www.opensanctions.org/entities/eu-oj-10d563c1f5ee31bb3374a3e40f6869966f1675c5,eu_journal_sanctions
8920579,,NAVIK,sanction,,https://www.opensanctions.org/entities/eu-oj-11359692e1f90a7696f62a2af45803bbce4a8a6b,eu_journal_sanctions
9299692,,Callisto,sanction,,https://www.opensanctions.org/entities/eu-oj-11ad9d7f261baa9f1e0971a4b21ae45a0f3642cb,eu_journal_sanctions
9372561,,TIMOFEY GUZHENKO,sanction,,https://www.opensanctions.org/entities/eu-oj-122c771b2ba3dc7070b5c8bc48ecb811731f2563,eu_journal_sanctions
9422457,,BOBCAT,sanction,,https://www.opensanctions.org/entities/eu-oj-123c91b4017c20364904af762f1ac8b196eaaa70,eu_journal_sanctions
9381732,,AUGA,sanction,,https://www.opensanctions.org/entities/eu-oj-12971b44e5d1a417203a3e10dd676b6b645c8143,eu_journal_sanctions
9312896,,Krasnoyarsk,sanction,,https://www.opensanctions.org/entities/eu-oj-129f93e3a989e93a80ce902ca3905b87c302c388,eu_journal_sanctions
9255268,,ANDREY PERVOZVANNIY,sanction,,https://www.opensanctions.org/entities/eu-oj-12e832eb9fcb88724077f8c8eca0211d7fae6dc1,eu_journal_sanctions
9433016,,APATE,sanction,,https://www.opensanctions.org/entities/eu-oj-134592839009251c719f9d6785085670c1210ccf,eu_journal_sanctions
9264570,,Themis,sanction,,https://www.opensanctions.org/entities/eu-oj-137fed69b3aa98c14c960ec346185ea3c11600e1,eu_journal_sanctions
9350654,,Surrey Quays,sanction,,https://www.opensanctions.org/entities/eu-oj-13b0c95c4751c104a407efc356b430e24d1f9312,eu_journal_sanctions
9513139,,Fjord Seal,sanction,,https://www.opensanctions.org/entities/eu-oj-13bfcd33c806c91ab8e7c2ad32f66df908447b5a,eu_journal_sanctions
9337195,,SIREN II,sanction,,https://www.opensanctions.org/entities/eu-oj-13d6b9220b2a996d5fd93b340ae9a4ef3529a79b,eu_journal_sanctions
9655470,,Saturn I,sanction,,https://www.opensanctions.org/entities/eu-oj-1424aff8e078222714a97c1dbc6da0b8c02107aa,eu_journal_sanctions
9313589,,SANAR-14,sanction,,https://www.opensanctions.org/entities/eu-oj-149d9c734499c89965d6b2275ee2fed7918532ac,eu_journal_sanctions
9424651,,Manta,sanction,,https://www.opensanctions.org/entities/eu-oj-14b5ff132174727124688a3f0f5fded4b3e69d8e,eu_journal_sanctions
8405311,,SAM JONG 1,sanction,,https://www.opensanctions.org/entities/eu-oj-15154c5a935bfcc157ab350b7d7ecb71d0cba573,eu_journal_sanctions
9405057,,Tai Shan,sanction,,https://www.opensanctions.org/entities/eu-oj-15ad279d5a6531096f848b709f721e7c3e59adbe,eu_journal_sanctions
9720263,,ZAFAR,sanction,,https://www.opensanctions.org/entities/eu-oj-16410a6bcf0b1b515539d5a6383fde6a9a7ee62d,eu_journal_sanctions
9436006,,Samsun,sanction,,https://www.opensanctions.org/entities/eu-oj-16a020c41e88379b47ca72a47db35b3e744d63de,eu_journal_sanctions
9338905,,Pate,sanction,,https://www.opensanctions.org/entities/eu-oj-16bba6f75a489ea8d0aa76b4457faa4d2b6b999d,eu_journal_sanctions
9247780,,Turaco,sanction,,https://www.opensanctions.org/entities/eu-oj-1726511ccbcfc8e01bf131f71dc174405e37de9a,eu_journal_sanctions
9434890,,Nautilus,sanction,,https://www.opensanctions.org/entities/eu-oj-17984c32a5dd97f4056fffef18ec4b3163f8a095,eu_journal_sanctions
9270517,,Cindy,sanction,,https://www.opensanctions.org/entities/eu-oj-17b0f7cc7eede30c07933a364151f496ba01b473,eu_journal_sanctions
9255830,,Sea Marine I,sanction,,https://www.opensanctions.org/entities/eu-oj-18e22729cf381f458d90bfbc4be63a11ea4163d8,eu_journal_sanctions
9585924,,Kaluga,sanction,,https://www.opensanctions.org/entities/eu-oj-19a0439c85ee952ec96b030f1cfb87bdfec8a202,eu_journal_sanctions
9384095,,RAGNAR,sanction,,https://www.opensanctions.org/entities/eu-oj-19c50c5b40accd22ebfc8b0c85b36173bd11bb45,eu_journal_sanctions
9333670,,MIKHAIL ULYANOV,sanction,,https://www.opensanctions.org/entities/eu-oj-19dbb187f55d8a144c8b570b6e23d194797ff65d,eu_journal_sanctions
9259991,,Sezar,sanction,,https://www.opensanctions.org/entities/eu-oj-1a77cd0aac563b4b64657b3fcb8d8ad907a77983,eu_journal_sanctions
9388780,,BAI LU,sanction,,https://www.opensanctions.org/entities/eu-oj-1abd91336b4d88ca45a0e4a6d5a2413dd5765c93,eu_journal_sanctions
9369617,,Nizami Ganjavi,sanction,,https://www.opensanctions.org/entities/eu-oj-1ae1d997ebfbcc048be7111a84dd4b432bfeea82,eu_journal_sanctions
9422445,,Sirius,sanction,,https://www.opensanctions.org/entities/eu-oj-1af6f7b37890ca2696b601f54bef8b26511eb8c6,eu_journal_sanctions
9417115,,KOTI,sanction,,https://www.opensanctions.org/entities/eu-oj-1b0066eefcab9c6ca60d504f0d7a46e8e0f1b428,eu_journal_sanctions
9266865,,Bivola,sanction,,https://www.opensanctions.org/entities/eu-oj-1b865d64fe9c3f278aca57dbd6896c1d29c61786,eu_journal_sanctions
9356610,,ALEXANDER NEVSKIY,sanction,,https://www.opensanctions.org/entities/eu-oj-1c50985d299d44527a780e14017656ff9a6cb8ac,eu_journal_sanctions
8660313,,CHON MA SAN,sanction,,https://www.opensanctions.org/entities/eu-oj-1ccb6daab5a90e59e50d4e404082f8a92ff0a2f6,eu_journal_sanctions
9503304,,GENERAL SKOBELEV,sanction,,https://www.opensanctions.org/entities/eu-oj-1d09678df53b8e214c5ce8206746c2ddd08f36fa,eu_journal_sanctions
9332171,,VIRENT,sanction,,https://www.opensanctions.org/entities/eu-oj-1d858dd0760d18ea294cdcafa989721cdd260356,eu_journal_sanctions
9417464,,ANIKA,sanction,,https://www.opensanctions.org/entities/eu-oj-1dd727b0ddc11b564f9c03d9cc70b91d9e48311e,eu_journal_sanctions
9292981,,Sagar Violet,sanction,,https://www.opensanctions.org/entities/eu-oj-1ea4045cfe13d69a0dc04f39b64faac32c3716ec,eu_journal_sanctions
9087714,,Ostrov Russkiy,sanction,,https://www.opensanctions.org/entities/eu-oj-1fe09b1b3d99e03bffbb17f866055ed0535e663c,eu_journal_sanctions
9211999,,SOFIA,sanction,,https://www.opensanctions.org/entities/eu-oj-201560d8e20809f46d8f9df1838d1c76ca9ae9f4,eu_journal_sanctions
7408873,,SAM JONG 2,sanction,,https://www.opensanctions.org/entities/eu-oj-205b2a69e6302efadf8953767c6d347664747848,eu_journal_sanctions
9186625,,STAR MM,sanction,,https://www.opensanctions.org/entities/eu-oj-2093f3fbd5e4176da3b19112063286680030a6c9,eu_journal_sanctions
9280885,,APUS,sanction,,https://www.opensanctions.org/entities/eu-oj-20a7802ec6b5dca4f09ff3ba4d700c62a2679f04,eu_journal_sanctions
9305568,,BREEZE,sanction,,https://www.opensanctions.org/entities/eu-oj-21022fa885db2525f0a3d6fcdf9c2ef5ea6b188a,eu_journal_sanctions
9251456,,Daphne I,sanction,,https://www.opensanctions.org/entities/eu-oj-2117cebb83fff4250e76d4225ac379a0f75127cc,eu_journal_sanctions
1031537,,LADY JASMINE,sanction,,https://www.opensanctions.org/entities/eu-oj-21b123e9cc89893c0d9d40241c34e6e03cd4f623,eu_journal_sanctions
9318539,,Swiftsea Rider,sanction,,https://www.opensanctions.org/entities/eu-oj-21bcf129628c6d7cc30888e2ac08886be25da61e,eu_journal_sanctions
9624316,,Aura,sanction,,https://www.opensanctions.org/entities/eu-oj-21bd337bed09a13a2489ebef494a3a754a6763fa,eu_journal_sanctions
8914934,,FAN KE,sanction,,https://www.opensanctions.org/entities/eu-oj-2206fb4f70259242dbcdf692fe412cbcaeec2581,eu_journal_sanctions
9288722,,Azure Celeste,sanction,,https://www.opensanctions.org/entities/eu-oj-22867a7b7dd6d7fbda73ff0f7f8a9985c9b76e54,eu_journal_sanctions
9205067,,Raven,sanction,,https://www.opensanctions.org/entities/eu-oj-22b09ec9af4415df8dc0700c127b2c2433c65750,eu_journal_sanctions
9294123,,CHONGCHON,sanction,,https://www.opensanctions.org/entities/eu-oj-232aa55188e6f0aaad1f7eab24d2b1ca16ebf2a2,eu_journal_sanctions
9389083,,TIGER 6,sanction,,https://www.opensanctions.org/entities/eu-oj-234c7ce3c6aa392cbd6a85a57d223e75f1b03202,eu_journal_sanctions
9326718,,Fulger,sanction,,https://www.opensanctions.org/entities/eu-oj-236624a36be7351da2fa90886dd6e92552d3bb60,eu_journal_sanctions
9741724,,ALARA,sanction,,https://www.opensanctions.org/entities/eu-oj-23c575aeed1bf665c0fb1dcb71ce9b4794db1ac1,eu_journal_sanctions
9299898,,Turbo Voyager,sanction,,https://www.opensanctions.org/entities/eu-oj-24056060e9125bec002ab1445ae7028798d73881,eu_journal_sanctions
9058713,,AVAX,sanction,cm,https://www.opensanctions.org/entities/eu-oj-240b2c3bf2eac796c248c96f58f69d0a00ca917e,eu_journal_sanctions
9164718,,THOTH,sanction,,https://www.opensanctions.org/entities/eu-oj-2493a0464b9c339ea1583ba88243b270557dd028,eu_journal_sanctions
9329760,,Eagle S,sanction,,https://www.opensanctions.org/entities/eu-oj-25ade0b049285a1ea6869f4a9013d91caa7dc74f,eu_journal_sanctions
8916580,,ASIA BRIDGE 1,sanction,,https://www.opensanctions.org/entities/eu-oj-25e6e2b31e6e7c4fa27a2d5bb522b0de070540c6,eu_journal_sanctions
9194012,,ANABAR,sanction,,https://www.opensanctions.org/entities/eu-oj-260c486b067bfecb068803dfadfac23c7e313655,eu_journal_sanctions
7808401,,BEBEK-E,sanction,,https://www.opensanctions.org/entities/eu-oj-262baf7907d40e4bf915866b3081ef04caaad051,eu_journal_sanctions
9274082,,TM HAI HA 568,sanction,,https://www.opensanctions.org/entities/eu-oj-26bc85076e4f4f9e3126b13466e346df6a07a095,eu_journal_sanctions
9247431,,Wilma II,sanction,,https://www.opensanctions.org/entities/eu-oj-26caba3d102014d97d89aaa2bc8e441d50c70faa,eu_journal_sanctions
9293959,,Fotuo,sanction,,https://www.opensanctions.org/entities/eu-oj-27066c8bf4db8a02fca1d65685684c2df67585b5,eu_journal_sanctions
8918540,,BERGEN T,sanction,,https://www.opensanctions.org/entities/eu-oj-27508a60c2449068c3027d8b0438724e5f177417,eu_journal_sanctions
9436018,,Venetians,sanction,,https://www.opensanctions.org/entities/eu-oj-27c0ecbe326e2621b5bbe769b9d3759313530fd5,eu_journal_sanctions
9288734,,Arabesca,sanction,,https://www.opensanctions.org/entities/eu-oj-28ad82ad90cebf597711189ec4a21a74c073f064,eu_journal_sanctions
9274446,,ADMIRAL,sanction,,https://www.opensanctions.org/entities/eu-oj-28d7fd519ae5926f573c07eafb1be3de4e1d0cf5,eu_journal_sanctions
9599341,,JUPITER I,sanction,,https://www.opensanctions.org/entities/eu-oj-28dcb2ddb9fa770d6602021ded2a0717b155a2a6,eu_journal_sanctions
9321562,,MAVERICK,sanction,,https://www.opensanctions.org/entities/eu-oj-29373030979e204647773af019fed32ee0ce80d4,eu_journal_sanctions
1021570,,Ocean 28,sanction,,https://www.opensanctions.org/entities/eu-oj-2a25e287e382d36e732f00cc8bb16bd0f1058980,eu_journal_sanctions
9515539,,MIKHAIL NENASHEV,sanction,,https://www.opensanctions.org/entities/eu-oj-2a362ab33b7ae34c96f2f0699eb525a129137e16,eu_journal_sanctions
9281011,,Moti,sanction,,https://www.opensanctions.org/entities/eu-oj-2a366d27097da403c8355143a4863281cee2a798,eu_journal_sanctions
9258868,,Noctis,sanction,,https://www.opensanctions.org/entities/eu-oj-2ac17b07cce5464eefc2bd933c87e762706d791b,eu_journal_sanctions
9234501,,Sealion I,sanction,,https://www.opensanctions.org/entities/eu-oj-2ac56b61fcf39b8e00f59d30aaa5be119e90b541,eu_journal_sanctions
9318541,,Serenade,sanction,,https://www.opensanctions.org/entities/eu-oj-2ad794e0fa170404cf73c3dbd460e8576a7e6d39,eu_journal_sanctions
9224441,,FIRN,sanction,,https://www.opensanctions.org/entities/eu-oj-2b88963af4e3da29ddc323ca6c90357253db8dfc,eu_journal_sanctions
9260483,,ARMADA LEADER,sanction,,https://www.opensanctions.org/entities/eu-oj-2b8924292128b68bbad115d346a98fccd9f1ab70,eu_journal_sanctions
9315654,,Sea Honor,sanction,,https://www.opensanctions.org/entities/eu-oj-2b8c9701fd716731b6560782cfd2d8317eecc7aa,eu_journal_sanctions
9030591,,YUK TUNG,sanction,,https://www.opensanctions.org/entities/eu-oj-2b8ef4d8d73585e20b3e42531231a0b1381022a6,eu_journal_sanctions
9354313,,Zaliv Amurskiy,sanction,,https://www.opensanctions.org/entities/eu-oj-2cca5e8fa8357c58856e30b8948a7cf4b1767316,eu_journal_sanctions
9481910,,PORT OLYA-3,sanction,,https://www.opensanctions.org/entities/eu-oj-2ccb298eab380057f3a1e077a1565fc0e26197d6,eu_journal_sanctions
9183295,,Neon,sanction,,https://www.opensanctions.org/entities/eu-oj-2dae19b33a14e0e45740e319fffb9cf4749c44cc,eu_journal_sanctions
9387279,,ETHERA,sanction,,https://www.opensanctions.org/entities/eu-oj-2daf8c720ac62c77d997ce1e7b35de81433c3fb4,eu_journal_sanctions
9330599,,Lumin,sanction,,https://www.opensanctions.org/entities/eu-oj-2ed9d18dd6e88346fa3d87f4232d24557cb580ab,eu_journal_sanctions
8514306,,Unica,sanction,,https://www.opensanctions.org/entities/eu-oj-2f6c452e1bfc8091bb61b0fc4752212cbcc483a7,eu_journal_sanctions
9286463,,OLANGA,sanction,,https://www.opensanctions.org/entities/eu-oj-2fbbd082729651a6db15b0175dd144bb5c948511,eu_journal_sanctions
8829555,,O Rang,sanction,,https://www.opensanctions.org/entities/eu-oj-30521df0ab38978d4022fff8b61af46aceca7b9c,eu_journal_sanctions
9288710,,Kudos Stars,sanction,,https://www.opensanctions.org/entities/eu-oj-30abc3bf372d9fbc795f7b6ab123d6a4558ef19f,eu_journal_sanctions
9832559,,Virat,sanction,,https://www.opensanctions.org/entities/eu-oj-30c78d82ca268a566bda0c9cd52b2200f9519cd8,eu_journal_sanctions
9314167,,Agnes,sanction,,https://www.opensanctions.org/entities/eu-oj-3143d185e6e0959b8e8c39bbad75fe31208b3185,eu_journal_sanctions
9866392,,Vostochny Prospect,sanction,,https://www.opensanctions.org/entities/eu-oj-3169ff2ae61da5179a1c6686a370a73c564a0bed,eu_journal_sanctions
9247429,,Indri,sanction,,https://www.opensanctions.org/entities/eu-oj-318a4915ae5a73973efb3a6f12d4d518eec5a00e,eu_journal_sanctions
9296810,,Missoni,sanction,,https://www.opensanctions.org/entities/eu-oj-31b50850e8001f471818689d49175014c1c8f9a7,eu_journal_sanctions
8712362,,CHON MYONG 1,sanction,,https://www.opensanctions.org/entities/eu-oj-31ca459319b3a17535c66c88d27dddd831c691f0,eu_journal_sanctions
9263186,,SOUTH STAR,sanction,,https://www.opensanctions.org/entities/eu-oj-323e7d1d7fc00f7a716ec48c0959c80252ffa271,eu_journal_sanctions
9368235,,Fu Hai Wan,sanction,,https://www.opensanctions.org/entities/eu-oj-3337582f2fb97b2b0ab1b405ca0834582c6f538a,eu_journal_sanctions
9255244,,Bolognia Falcon,sanction,,https://www.opensanctions.org/entities/eu-oj-33b74c60564d48e216d70937c2ba4bd430be517d,eu_journal_sanctions
9683726,,Dmitry Pokrovsky,sanction,,https://www.opensanctions.org/entities/eu-oj-34b829bfe11e27ade2c6d36abfbbf133f4ea2adf,eu_journal_sanctions
9282041,,ABHRA,sanction,,https://www.opensanctions.org/entities/eu-oj-34d17df9980283cc516e648b2263b68de60b9e9f,eu_journal_sanctions
9384447,,Ji Shun,sanction,,https://www.opensanctions.org/entities/eu-oj-3508de48b2b26128e3b22fb21f98b3fa9beb0b74,eu_journal_sanctions
9333424,,Phoenix,sanction,,https://www.opensanctions.org/entities/eu-oj-3603170e9bff805569cca248d78c0960eec3b299,eu_journal_sanctions
8126070,,SHANG YUAN BAO,sanction,,https://www.opensanctions.org/entities/eu-oj-36392f9abe94f5e3f56b22141f0d259c04f72151,eu_journal_sanctions
9752101,,SHTURMAN OVTSYN,sanction,,https://www.opensanctions.org/entities/eu-oj-3675b86d85fcefe1c3f6d55b889ea2203db8e516,eu_journal_sanctions
9374868,,Elephant,sanction,,https://www.opensanctions.org/entities/eu-oj-36a74b3f9bc6df1e1873784a40eac7b2413b9203,eu_journal_sanctions
9323314,,ADITYA,sanction,,https://www.opensanctions.org/entities/eu-oj-36e8abb1b8c9612cb38810d217afbd10ba1683a0,eu_journal_sanctions
8231057,,Volgoneft 251,sanction,,https://www.opensanctions.org/entities/eu-oj-36e8dca1b551eced3fd068057a33b6e6914bd6c5,eu_journal_sanctions
9306794,,Constellation,sanction,,https://www.opensanctions.org/entities/eu-oj-37251d22bc4aee17ef00cf74f86c15d88e3c1524,eu_journal_sanctions
8661575,,Tong Hung 1,sanction,,https://www.opensanctions.org/entities/eu-oj-37ba8948f20ac87355b237c652b8d3bc5caa4191,eu_journal_sanctions
9066540,,HAP JANG GANG 6,sanction,,https://www.opensanctions.org/entities/eu-oj-37c36dee2890d16e9bf4b737974c0216507aa028,eu_journal_sanctions
9645061,,ALEKSEY SAVRASOV,sanction,,https://www.opensanctions.org/entities/eu-oj-38162b5135e86b8ea0c5af12f2f10b4200b86e2b,eu_journal_sanctions
9621601,,VASILY LANOVOY,sanction,,https://www.opensanctions.org/entities/eu-oj-38168c1392fd6ffa526ae8f18853b431fa765967,eu_journal_sanctions
9413559,,ANTARKTIKA,sanction,,https://www.opensanctions.org/entities/eu-oj-388041a8ccc321da78e5d7ca75e4c0a6b67041d3,eu_journal_sanctions
9233777,,OCEAN II,sanction,,https://www.opensanctions.org/entities/eu-oj-38905140071a8c6212d7f9a17ca15650c2203e81,eu_journal_sanctions
9333412,,Enigma,sanction,,https://www.opensanctions.org/entities/eu-oj-38c48982af260ae68094bebc67af5cc39b55ac62,eu_journal_sanctions
9276030,,Echo,sanction,,https://www.opensanctions.org/entities/eu-oj-38ce67daf6888bb4a401db04e3db505d9bcca7b2,eu_journal_sanctions
9336490,,MYRA,sanction,,https://www.opensanctions.org/entities/eu-oj-38def3146c450703c339af274ccb72606f2556f4,eu_journal_sanctions
9292046,,NOVA CREST,sanction,,https://www.opensanctions.org/entities/eu-oj-3912dd3600ea08d9f2714d46f22cd5b6bbae5321,eu_journal_sanctions
9838864,,SVYATOI KNYAZ VLADIMIR,sanction,,https://www.opensanctions.org/entities/eu-oj-391d9bfdb1336f8c40cdf274ab5f4237c24b2851,eu_journal_sanctions
9388027,,MANASLU,sanction,,https://www.opensanctions.org/entities/eu-oj-3925423e1a2076287ed471ee50dc548cba54ea63,eu_journal_sanctions
9004700,,XIN GUANG HAI,sanction,,https://www.opensanctions.org/entities/eu-oj-398c88d2a2fb93c31298379a0e445b596a2e6e33,eu_journal_sanctions
7408873,,SAM JONG 2,sanction,,https://www.opensanctions.org/entities/eu-oj-39cadc9105b2dd3520c5b97e51771e1103854389,eu_journal_sanctions
8920581,,MELITO CARRIER,sanction,,https://www.opensanctions.org/entities/eu-oj-3a13e92a36124ec115667bb2168452a37c5ac1f4,eu_journal_sanctions
9843560,,Voyager,sanction,,https://www.opensanctions.org/entities/eu-oj-3bb7a8c60b3ccc8063e328df18396019cf57bbd5,eu_journal_sanctions
9832547,,Velmar,sanction,,https://www.opensanctions.org/entities/eu-oj-3bdc9a7122ecf5afed823e7489326bd2b4cbed06,eu_journal_sanctions
9439383,,BHILVA,sanction,,https://www.opensanctions.org/entities/eu-oj-3cddd7dff081b62945bfc5e584a70f42d9b96029,eu_journal_sanctions
9610781,,Zenith,sanction,,https://www.opensanctions.org/entities/eu-oj-3e03c6734392a4325d2c26d29ccadb8e1746660b,eu_journal_sanctions
9404948,,Chen Lu,sanction,,https://www.opensanctions.org/entities/eu-oj-3e92c42fc212038c0747370aa14b357e9418bb11,eu_journal_sanctions
9309588,,Symphony,sanction,,https://www.opensanctions.org/entities/eu-oj-3eb6fae1020517240b6ebd5c4f7d74fe85d9884d,eu_journal_sanctions
9266877,,Pierre,sanction,,https://www.opensanctions.org/entities/eu-oj-3eeef24539109d4ce88ee50703871d9d4b2e93b6,eu_journal_sanctions
9113276,,MT Konstantinovsk,sanction,,https://www.opensanctions.org/entities/eu-oj-3efa3c22009ccff71c3e5fbf0cde4c1accd749b0,eu_journal_sanctions
9382712,,DENVER,sanction,,https://www.opensanctions.org/entities/eu-oj-3f160c23a1ac748d7f248cd2f52ec13d500f70b9,eu_journal_sanctions
9319882,,ARYABHATA,sanction,,https://www.opensanctions.org/entities/eu-oj-3ff26e4806881c81441de662d44374a28afb96ff,eu_journal_sanctions
8518780,514569000,JIE SHUN,sanction,,https://www.opensanctions.org/entities/eu-oj-4040af042492462ea3b81288a1c82de917ac029c,eu_journal_sanctions
9259197,,Thalia III,sanction,,https://www.opensanctions.org/entities/eu-oj-410024764bf0f79f0ea18d65d36e99d048c9e5a4,eu_journal_sanctions
9259599,,AKKORD,sanction,,https://www.opensanctions.org/entities/eu-oj-4135b16a94d27be10b4a0b5b17748297d16f931a,eu_journal_sanctions
9257802,,FURIA,sanction,,https://www.opensanctions.org/entities/eu-oj-41e5e4dd889952e971e4bf2bdefd7e8575efcbe5,eu_journal_sanctions
8829593,,Kang Gye,sanction,,https://www.opensanctions.org/entities/eu-oj-425f9d06b525735ea9ad8f3d200f6bd3a8b4aa0e,eu_journal_sanctions
9036272,,KORD ARCTIC,sanction,,https://www.opensanctions.org/entities/eu-oj-42c732b5d122b477d25818fb0b715dbbebecd8e0,eu_journal_sanctions
8122347,,NAM SAN 8,sanction,,https://www.opensanctions.org/entities/eu-oj-438ff30d719175ab02a09da7f097be572c08cf34,eu_journal_sanctions
9301421,,Victor Konetsky,sanction,,https://www.opensanctions.org/entities/eu-oj-43c13eac00e39aeb8c1277830891a49959584941,eu_journal_sanctions
9234642,,Koala,sanction,,https://www.opensanctions.org/entities/eu-oj-43f1d29b34ee7e6f6c449e42d516fb69bba9ea06,eu_journal_sanctions
9759939,,SHTURMAN KOSHELEV,sanction,,https://www.opensanctions.org/entities/eu-oj-4401b77306ae455407048b0e9044d628e3f7e324,eu_journal_sanctions
9305556,,MARVEN,sanction,,https://www.opensanctions.org/entities/eu-oj-441ba21ca785d09884d948db4b5eabde89d0c2c2,eu_journal_sanctions
9904546,,ALEKSEY KOSYGIN,sanction,,https://www.opensanctions.org/entities/eu-oj-4443699cba5703d797c159aeaf5df911a36c172c,eu_journal_sanctions
9419450,,JEWEL,sanction,,https://www.opensanctions.org/entities/eu-oj-446546b73f43aa6f883cc4028925b9a4747da719,eu_journal_sanctions
9311531,,Afkada,sanction,,https://www.opensanctions.org/entities/eu-oj-4475f01bd1e5d5e21786fc6988c6e8ece1b518d4,eu_journal_sanctions
9402469,,Freda,sanction,,https://www.opensanctions.org/entities/eu-oj-44d6493fa9f6f549688625e78517361b66f2aa49,eu_journal_sanctions
9333670,,MIKHAIL ULYANOV,sanction,,https://www.opensanctions.org/entities/eu-oj-451a2948e6845d64aa57ece7540998f0521af1ab,eu_journal_sanctions
9289752,,Savitri,sanction,,https://www.opensanctions.org/entities/eu-oj-455ac76ef12d527246d52711355996b6ff84531b,eu_journal_sanctions
9953511,,North Mountain,sanction,,https://www.opensanctions.org/entities/eu-oj-45c442769e648ffe6b80738e613e7efb2c0e51ed,eu_journal_sanctions
9306782,,Kareliya,sanction,,https://www.opensanctions.org/entities/eu-oj-46052101b6739df8cc1d03966ae29c5dd362bb46,eu_journal_sanctions
9276028,,PEGASUS,sanction,,https://www.opensanctions.org/entities/eu-oj-468c0f67642f42e5cc545640c5f6ef39531a26e5,eu_journal_sanctions
9292058,,Tango,sanction,,https://www.opensanctions.org/entities/eu-oj-471715f55f44b242c26eeb5122a1c9caf834d5fb,eu_journal_sanctions
9328170,,AETHER,sanction,,https://www.opensanctions.org/entities/eu-oj-479ef273ad0fe248f7655533fc6eeb638a8b3352,eu_journal_sanctions
9198082,,GLOBAL STAR,sanction,,https://www.opensanctions.org/entities/eu-oj-47b4ed6cb09c8bdbbddb69861755d5c8cb126ca8,eu_journal_sanctions
9321976,,Heidi A,sanction,,https://www.opensanctions.org/entities/eu-oj-47b56359ab50faf9d5256edf72bd5af42f35f372,eu_journal_sanctions
9354636,,Flura,sanction,,https://www.opensanctions.org/entities/eu-oj-484270969590c078f993d7d1e1aae27935cd0242,eu_journal_sanctions
9252400,,SEAL,sanction,,https://www.opensanctions.org/entities/eu-oj-4843f5b1f8e8f30d89fd5cce5235eea84be48358,eu_journal_sanctions
9630004,,Valera,sanction,,https://www.opensanctions.org/entities/eu-oj-485166cac07499aa6e511afca002a4d0293714bb,eu_journal_sanctions
9876359,,IVAN AIVAZOVSKY,sanction,,https://www.opensanctions.org/entities/eu-oj-48a11c0a00cb1123e3577880d39875ed94e45172,eu_journal_sanctions
9233741,,Mitzel,sanction,,https://www.opensanctions.org/entities/eu-oj-493b93a37d7fc0752d662131af9ed4c13a23dace,eu_journal_sanctions
9157014,,SOLSTRAUM,sanction,,https://www.opensanctions.org/entities/eu-oj-493ce3e037510bc6d23399d8a794c4f36f210a23,eu_journal_sanctions
9402732,,Saathi,sanction,,https://www.opensanctions.org/entities/eu-oj-49a9ee2dfdf01130f8c87dd53b038ffbf81469cf,eu_journal_sanctions
9222560,,Cheetah II,sanction,,https://www.opensanctions.org/entities/eu-oj-49dc03dffd15c714d1ac07301c574ea5f81ffd76,eu_journal_sanctions
9687992,,ORENBURG,sanction,,https://www.opensanctions.org/entities/eu-oj-49ddf56ba6e11b9ac4e8f612b3b80a269fb063f7,eu_journal_sanctions
9249130,,Peace,sanction,,https://www.opensanctions.org/entities/eu-oj-4a4b25a6c2400dba6869fd54e48921a5464c063d,eu_journal_sanctions
9296406,,Rigel,sanction,,https://www.opensanctions.org/entities/eu-oj-4af8e30aee18c72fcd51d10d55765ae0412d8908,eu_journal_sanctions
9237412,,HANSON,sanction,,https://www.opensanctions.org/entities/eu-oj-4afb19d92c69e4edf7cd3ca362b44c29cd8140f7,eu_journal_sanctions
9224439,,CAROLINE BEZENGI,sanction,,https://www.opensanctions.org/entities/eu-oj-4c18c5df628e8f66612e46c74c853d28999f2159,eu_journal_sanctions
9243320,,YEHOPE,sanction,,https://www.opensanctions.org/entities/eu-oj-4c41191d388ab045ade85e39cfd6b89f86c6e3e1,eu_journal_sanctions
9637961,,Sergey Terskov,sanction,,https://www.opensanctions.org/entities/eu-oj-4c412b2a5e394c2ef5c957c72214115b603e26fa,eu_journal_sanctions
9255684,,Golden Eagle,sanction,,https://www.opensanctions.org/entities/eu-oj-4c4cbb426fd7c6221be201b52dde78af252057f0,eu_journal_sanctions
9942392,,NIKOLAY ANISHCHENKOV,sanction,,https://www.opensanctions.org/entities/eu-oj-4c7994f98d7e6ea059ac42c7bd2f5ccdd4ed701e,eu_journal_sanctions
9299886,,Wall,sanction,,https://www.opensanctions.org/entities/eu-oj-4c94c7094f24eca5608edcb19e88347f24cfdbe3,eu_journal_sanctions
9332028,,Niblo,sanction,,https://www.opensanctions.org/entities/eu-oj-4cb7960f41eacb77d845f6c641d8bab678e4b374,eu_journal_sanctions
9236004,,Katiuska,sanction,,https://www.opensanctions.org/entities/eu-oj-4d0680f8a9a6f99a4fee44f7765c89feef10d438,eu_journal_sanctions
9377042,,Armada Explorer,sanction,,https://www.opensanctions.org/entities/eu-oj-4dc49aca5e1aaa25706b80bdb552a09ed2d9b61d,eu_journal_sanctions
9252967,,GRACEP,sanction,,https://www.opensanctions.org/entities/eu-oj-4e4d341af2b0b5eef241186ba76f2a42d1ed84c4,eu_journal_sanctions
9319686,,Hu Po,sanction,,https://www.opensanctions.org/entities/eu-oj-4e9157393424a7ed44ae2caa3859c40f491909fc,eu_journal_sanctions
9235713,,Amber 6,sanction,,https://www.opensanctions.org/entities/eu-oj-4f6e96a46c1c3ddf04ea3a15777fc57878314713,eu_journal_sanctions
9418509,,OMSK,sanction,,https://www.opensanctions.org/entities/eu-oj-4f96fc1872626250ceca3270c03f0778401c2538,eu_journal_sanctions
9235725,,Fuga Bluemarine,sanction,,https://www.opensanctions.org/entities/eu-oj-50bc044b04b4646dc8006f96f9000ac0a28d29ad,eu_journal_sanctions
9283291,,Tiburon,sanction,,https://www.opensanctions.org/entities/eu-oj-513b3b0fe21e98ec3b1353afe7c258515373d048,eu_journal_sanctions
9319674,,Night Glory,sanction,,https://www.opensanctions.org/entities/eu-oj-5225c571d255eeb42800ab9c8a05e7f3acaf6002,eu_journal_sanctions
9360415,,INDUS 1,sanction,,https://www.opensanctions.org/entities/eu-oj-523363be80390bbde10f09c38e29a0167474c6ca,eu_journal_sanctions
9332781,,Aqua Titan,sanction,,https://www.opensanctions.org/entities/eu-oj-526013e50b25965063e9f741966a13e18e5ae89c,eu_journal_sanctions
9286023,,Next,sanction,,https://www.opensanctions.org/entities/eu-oj-5272469b2251589f7b514d9ad2737af5338abda6,eu_journal_sanctions
9915105,,Koryak FSU,sanction,,https://www.opensanctions.org/entities/eu-oj-52fa66a80df6471d14c0b6211f89c85a72d28bb7,eu_journal_sanctions
9332614,,BELLARIS,sanction,,https://www.opensanctions.org/entities/eu-oj-52fd92368d3aa4e08073176a0099fdc7648520d1,eu_journal_sanctions
9621596,,STANISLAV GOVORUKHIN,sanction,,https://www.opensanctions.org/entities/eu-oj-53007d2134dc54e5a324199776f0a3e880d29aa8,eu_journal_sanctions
9312872,,Huihai Atlantic,sanction,,https://www.opensanctions.org/entities/eu-oj-5308fe2a0f2dcd4453d5df160693f2f6ad6bb9b2,eu_journal_sanctions
9408542,,LING HONG,sanction,,https://www.opensanctions.org/entities/eu-oj-5322b0e87b05c1a05a9cf748012f0c7f21ff4ac8,eu_journal_sanctions
9292034,,Topaz,sanction,,https://www.opensanctions.org/entities/eu-oj-532c25df907567c4971864c49f4bcd5851383882,eu_journal_sanctions
9209972,,Temiro,sanction,,https://www.opensanctions.org/entities/eu-oj-53924df536ee36fdc8422289039065f1d064fdfd,eu_journal_sanctions
9256078,,LITEYNY PROSPECT,sanction,,https://www.opensanctions.org/entities/eu-oj-539dc09a2d51cf4fccc43ea6d6206632a2ba42f5,eu_journal_sanctions
9289520,,N Cerna,sanction,,https://www.opensanctions.org/entities/eu-oj-5413d6b1395e24feeb5dd233cdab1c6dcf82972d,eu_journal_sanctions
9281009,,Kai Fu,sanction,,https://www.opensanctions.org/entities/eu-oj-54768c0a5de20ed912f2c417805f1e9e8362cde9,eu_journal_sanctions
9231509,,Trend,sanction,,https://www.opensanctions.org/entities/eu-oj-54ee212ff98891d68d08ec5f1ad45b8c5a7c03cf,eu_journal_sanctions
9293997,,KHALASI,sanction,,https://www.opensanctions.org/entities/eu-oj-54f00b656fc46e9bdb68b0bcd6dc8cf0296f3a1d,eu_journal_sanctions
9299903,,Deyna,sanction,,https://www.opensanctions.org/entities/eu-oj-54f54bf00442bffa61a9e4df13bcf5aafb784911,eu_journal_sanctions
9299719,,Kotlas,sanction,,https://www.opensanctions.org/entities/eu-oj-54fb9666ac0b2b02a1a6e9b3b83ab31f830a6b7b,eu_journal_sanctions
8518572,,JIN HYE,sanction,,https://www.opensanctions.org/entities/eu-oj-553d8d1aca64322e5013a182d81b04657cfb6fb3,eu_journal_sanctions
9189146,,KYLO,sanction,,https://www.opensanctions.org/entities/eu-oj-56b033f7aed7800b0b38eee54f0eb0e99c8de65b,eu_journal_sanctions
9270555,,INTEGRITY RACER,sanction,,https://www.opensanctions.org/entities/eu-oj-56f74a30f2aceea6c46ba78040e13338b2f59ac3,eu_journal_sanctions
9008201,,DONG FENG 6,sanction,,https://www.opensanctions.org/entities/eu-oj-587447ba2f10614e11115d0c4ddaf08e64af84e9,eu_journal_sanctions
9236743,,PRIMORYE,sanction,,https://www.opensanctions.org/entities/eu-oj-58bb4010c27ab5b409560723289e2914fda34a70,eu_journal_sanctions
9271951,,Facca,sanction,,https://www.opensanctions.org/entities/eu-oj-58d5ad4e51ec3653fc76ef4537f5bdedfd1e1d2c,eu_journal_sanctions
9953523,,North Sky,sanction,,https://www.opensanctions.org/entities/eu-oj-591c82498454ce2bb630232e9cc9d056deff6474,eu_journal_sanctions
9142916,,Okean,sanction,,https://www.opensanctions.org/entities/eu-oj-594920c09e6619c356a8f76302e6563244b8422f,eu_journal_sanctions
9341081,,Cassiopeia,sanction,,https://www.opensanctions.org/entities/eu-oj-595b6e82aac5fd0c2751aae418da46d5c17bca31,eu_journal_sanctions
9260275,,Katran,sanction,,https://www.opensanctions.org/entities/eu-oj-5a42d71c99d7e21bf7ca69062863f7fa98057333,eu_journal_sanctions
8604917,,YU JONG 2,sanction,,https://www.opensanctions.org/entities/eu-oj-5a51c7be2ac1eb10df81d23dada49dbbae08d000,eu_journal_sanctions
9384306,,Universal,sanction,,https://www.opensanctions.org/entities/eu-oj-5b4c822db48dc0c7b52108e123b477c11f42b9a7,eu_journal_sanctions
9413547,,Altair,sanction,,https://www.opensanctions.org/entities/eu-oj-5b73738f00735a6f61daa27675edddac50a794f7,eu_journal_sanctions
9308077,,TYCHE 1,sanction,,https://www.opensanctions.org/entities/eu-oj-5b94ad985b4d9a617578e349c56a92d61faad0dc,eu_journal_sanctions
9233349,,Vesna,sanction,,https://www.opensanctions.org/entities/eu-oj-5bde2ce2faa0c44b557aed1b84574cbcfa0467c1,eu_journal_sanctions
9248801,,Ascendant,sanction,,https://www.opensanctions.org/entities/eu-oj-5c7e54b936438a9435899abafb50959df7860873,eu_journal_sanctions
7640378,,Ryon Gang 2,sanction,,https://www.opensanctions.org/entities/eu-oj-5cf1b76af21c9499a3a3a5e5c402d600066b4274,eu_journal_sanctions
9577082,,Premier,sanction,,https://www.opensanctions.org/entities/eu-oj-5d46d0f1a1530e3685f9cc03602417e49543e91b,eu_journal_sanctions
9402471,,Apar,sanction,,https://www.opensanctions.org/entities/eu-oj-5d70f6de99b62ce8f750ce5c57c2d1cb4fbf0dfb,eu_journal_sanctions
9208124,,Sky Rider,sanction,,https://www.opensanctions.org/entities/eu-oj-5dd557acb07e99274ac986eacfdb8777b7b26def,eu_journal_sanctions
9353125,,Chandra,sanction,,https://www.opensanctions.org/entities/eu-oj-5e05893d78b4f3452173c1a767463f08575ba027,eu_journal_sanctions
8503228,,JI SONG 8,sanction,,https://www.opensanctions.org/entities/eu-oj-5e47fa95f2fc2e3b1f68c45abb5c594cc1015f59,eu_journal_sanctions
9759927,,SHTURMAN SHCHERBININ,sanction,,https://www.opensanctions.org/entities/eu-oj-5eeb639ccb863ac69a0ec04c440193295f2f42f5,eu_journal_sanctions
8018900,,Ji Hye San,sanction,,https://www.opensanctions.org/entities/eu-oj-5f49d6cd3b3af10793d8aa095dae0b67e6038154,eu_journal_sanctions
9294331,,Lily,sanction,,https://www.opensanctions.org/entities/eu-oj-5f623a332eb8d3aab05fd0df82c7fb0d29800cf2,eu_journal_sanctions
9257814,,Torex,sanction,,https://www.opensanctions.org/entities/eu-oj-5f66105bcef72f36391a027c498bcca6346fe67d,eu_journal_sanctions
9313498,,Jacklyn,sanction,,https://www.opensanctions.org/entities/eu-oj-5f75334e8576072257f2d6929ff3141f19969d90,eu_journal_sanctions
9382798,,Trust,sanction,,https://www.opensanctions.org/entities/eu-oj-5f805e05f0ca1cc4b591b80985cbd62121a6bd37,eu_journal_sanctions
9236640,,Onyx,sanction,,https://www.opensanctions.org/entities/eu-oj-5f9302c2e1d148d55af209bb4b152365be9ea1a1,eu_journal_sanctions
9299874,,Viper,sanction,,https://www.opensanctions.org/entities/eu-oj-5fc43aa83bce2f317587b956161211d829a020c5,eu_journal_sanctions
8987333,,Ryo Myong,sanction,,https://www.opensanctions.org/entities/eu-oj-601c92b91780a9575b4626525f588c7e4b21f5d3,eu_journal_sanctions
9288899,,Lorena Grand,sanction,,https://www.opensanctions.org/entities/eu-oj-60ad36d0306e31acd1960b4afbdea81c6839835c,eu_journal_sanctions
9298595,,DORRY,sanction,,https://www.opensanctions.org/entities/eu-oj-60cac7b719eb7fd3fdcae3a21aa1cf24ac23d2ef,eu_journal_sanctions
9314882,,Himalaya,sanction,,https://www.opensanctions.org/entities/eu-oj-61111f960eb7260c625504662a754df40cff564f,eu_journal_sanctions
9041552,,Hoe Ryong,sanction,,https://www.opensanctions.org/entities/eu-oj-617ccdc48f1af193e49620f927e384205d93d376,eu_journal_sanctions
8018912,,Ryong Rim,sanction,,https://www.opensanctions.org/entities/eu-oj-61fd41abd3f34eb61834ace71db54f0404762fad,eu_journal_sanctions
9236248,,FENGHUANG,sanction,,https://www.opensanctions.org/entities/eu-oj-63d2eacef85c45153e45209f68f5d3cc37886796,eu_journal_sanctions
9286657,,Lokosao,sanction,,https://www.opensanctions.org/entities/eu-oj-63e587f4887b9e16199221c7a3d80e43a8e74fcb,eu_journal_sanctions
9292577,,Ricca,sanction,,https://www.opensanctions.org/entities/eu-oj-644726a2e367fd3f6268d8268450b0522a902707,eu_journal_sanctions
9385831,,Leruo,sanction,,https://www.opensanctions.org/entities/eu-oj-649009f9d16d49648b863e95496caa7f137cb1b9,eu_journal_sanctions
9439541,,NEMRUT,sanction,,https://www.opensanctions.org/entities/eu-oj-64d97a0ed9c41bbc5a05e2523bb86eca4e6a5f18,eu_journal_sanctions
9314179,,FLINT WIND,sanction,,https://www.opensanctions.org/entities/eu-oj-64e2e2b6ba85558e94114b37dbbb22e00a847e1b,eu_journal_sanctions
9308857,,Rymo,sanction,,https://www.opensanctions.org/entities/eu-oj-64e830ec345640a3ab193261a9366ca7f73febe9,eu_journal_sanctions
9258026,,Ederra,sanction,,https://www.opensanctions.org/entities/eu-oj-64f9a573f5eb9b6aec00e5cc66b3e32162c263bb,eu_journal_sanctions
9183831,,Np Dudinka,sanction,,https://www.opensanctions.org/entities/eu-oj-65102cdfc7eecb32d70be5048336fc5c79ea8d70,eu_journal_sanctions
9384435,,BELOMOR,sanction,,https://www.opensanctions.org/entities/eu-oj-656f9747f9653a8719885c2648de5e295cdb3d8e,eu_journal_sanctions
9332834,,Sooraj,sanction,,https://www.opensanctions.org/entities/eu-oj-66147b5f4e07929ad63eb72831438f3f6065d2d8,eu_journal_sanctions
8915548,,RYAZAN,sanction,,https://www.opensanctions.org/entities/eu-oj-669b35704b44ccbc13fd1fd86c37064934afc5c5,eu_journal_sanctions
9171175,,Cilicia,sanction,,https://www.opensanctions.org/entities/eu-oj-66a75793df0490ad70a82e097f54c7f19b21a7d9,eu_journal_sanctions
9408683,,ZHUO YUAN,sanction,,https://www.opensanctions.org/entities/eu-oj-67998a7aff58a8a040f7e7f78eed37df6473646c,eu_journal_sanctions
9308443,,Ina,sanction,,https://www.opensanctions.org/entities/eu-oj-67a07dc14c40303ae6ce0ae838df5010e49a5c36,eu_journal_sanctions
9308065,,Eventin,sanction,,https://www.opensanctions.org/entities/eu-oj-67b619e50b3f02b808289f467cf9f4028be1ef5d,eu_journal_sanctions
9610808,,Anatoly Kolodkin,sanction,,https://www.opensanctions.org/entities/eu-oj-67fba3771466aec29cab3f144a6d40fb975d6cf9,eu_journal_sanctions
9259185,,Daksha,sanction,,https://www.opensanctions.org/entities/eu-oj-6806fab809d8496b636a98ae9f67c8d3e5dfd67d,eu_journal_sanctions
9676230,,TRUVOR,sanction,,https://www.opensanctions.org/entities/eu-oj-685e98278d5c1be22ddddb55a98d33b3fc3e66cc,eu_journal_sanctions
9314894,,Indras,sanction,,https://www.opensanctions.org/entities/eu-oj-686de7f57320716ca058f02a366218638fa7dafd,eu_journal_sanctions
9284582,,Panda,sanction,,https://www.opensanctions.org/entities/eu-oj-687441230fc310ed539d271ec268a3935a5804bb,eu_journal_sanctions
9562233,620233000,PETREL 8,sanction,,https://www.opensanctions.org/entities/eu-oj-68a4fea5eb1e28cbdb6f97c20d371d8f3073b3a3,eu_journal_sanctions
9339325,,LEVEL,sanction,,https://www.opensanctions.org/entities/eu-oj-68ab9bb2fc91be007a539171056e934c8a30d21b,eu_journal_sanctions
9248849,,Silvera,sanction,,https://www.opensanctions.org/entities/eu-oj-6913ba8087a9cafae2386b2d5884c68a41a3f87a,eu_journal_sanctions
9299862,,Tendua,sanction,,https://www.opensanctions.org/entities/eu-oj-691c028d4027a682c9aae4653828ba09f59ed9f6,eu_journal_sanctions
9258478,,GT HONOR,sanction,,https://www.opensanctions.org/entities/eu-oj-6940b8800ee98391d2417d0e08e3de8ad1325d93,eu_journal_sanctions
9293002,,Argent,sanction,,https://www.opensanctions.org/entities/eu-oj-6963f916e7ebb16ec8e1e072fb860fc1a7080e79,eu_journal_sanctions
9216298,,East Energy,sanction,,https://www.opensanctions.org/entities/eu-oj-69716fba97d184dddd60c9fc752d87f1e1d04eed,eu_journal_sanctions
9537109,,GAZPROMNEFT ZUID EAST,sanction,,https://www.opensanctions.org/entities/eu-oj-699d8c4bcfe1fc6020583f1bdedc295719d0f278,eu_journal_sanctions
9137648,,Caruzo,sanction,,https://www.opensanctions.org/entities/eu-oj-69ac09f4c48492ea72fed71832ef84a707053991,eu_journal_sanctions
9296822,,Sagitta,sanction,,https://www.opensanctions.org/entities/eu-oj-69ba9ce876652583f1a426ee5672090dc7356c9e,eu_journal_sanctions
9301392,,Captain Kostichev,sanction,,https://www.opensanctions.org/entities/eu-oj-69f2c2022721473af148ba3b25887f08d0f5dcc0,eu_journal_sanctions
9198290,,MD Miranda,sanction,,https://www.opensanctions.org/entities/eu-oj-6a6d6035ef86b08f716d5ba06cca8391fed554ff,eu_journal_sanctions
9413561,,Alliance,sanction,,https://www.opensanctions.org/entities/eu-oj-6a6ed7549f580fbeabe05998795684cb8f274cec,eu_journal_sanctions
8867129,,Volgoneft 160,sanction,,https://www.opensanctions.org/entities/eu-oj-6bc402a5487bb4cc5b1e1253c6d3ebe8b94f3df1,eu_journal_sanctions
9114555,,UL JI BONG 6,sanction,,https://www.opensanctions.org/entities/eu-oj-6c588bd2dcc80d3c1b9db89c8b8fe5ace103c461,eu_journal_sanctions
9378632,,Malak,sanction,,https://www.opensanctions.org/entities/eu-oj-6cb0bedd0987672166fd2f75ba3bd450f32c4218,eu_journal_sanctions
9332810,,Kiwala,sanction,,https://www.opensanctions.org/entities/eu-oj-6cb65465a859f57a8fd2b2b33159c6f19059e797,eu_journal_sanctions
9408530,,Evita,sanction,,https://www.opensanctions.org/entities/eu-oj-6d325785dc1e692cf41f33c1295b0df55b31681e,eu_journal_sanctions
8625545,,Ra Nam 2,sanction,,https://www.opensanctions.org/entities/eu-oj-6d58eed5a89d7fc7386e222b2a1d912b05f15e84,eu_journal_sanctions
9737187,,Christophe de Margerie,sanction,,https://www.opensanctions.org/entities/eu-oj-6d7d3c8499f9bc2eade2fdd02bfb7891bb07d137,eu_journal_sanctions
9343986,,CAPELLA MB,sanction,,https://www.opensanctions.org/entities/eu-oj-6d857ad26480bd5d1d14ea9657a2bb3e6b7546c3,eu_journal_sanctions
9421972,,Saturn,sanction,,https://www.opensanctions.org/entities/eu-oj-6d9da6813372398aef991cdca03240ad83ccecdb,eu_journal_sanctions
9372559,,KAPITAN GOTSKY,sanction,,https://www.opensanctions.org/entities/eu-oj-6dc7bb20c7b3bdda56ad9dbe20a10d90e2756c7f,eu_journal_sanctions
9260823,,Fiesta,sanction,,https://www.opensanctions.org/entities/eu-oj-6ddfe19a08789f4da7f06af79db6436abce5a423,eu_journal_sanctions
9251810,,Cross Ocean,sanction,,https://www.opensanctions.org/entities/eu-oj-6e78d010666431cf0e41184ee72ddf34ce333133,eu_journal_sanctions
9866380,,Okeansky Prospect,sanction,,https://www.opensanctions.org/entities/eu-oj-6e7cf00025ee05072048e753ea96aef06b8dacbe,eu_journal_sanctions
9315745,,MARQUISE,sanction,,https://www.opensanctions.org/entities/eu-oj-6e9874789730d8ef325648e710879143116cd747,eu_journal_sanctions
9255270,,NP DIKSON,sanction,,https://www.opensanctions.org/entities/eu-oj-6f9e0493c1e70a70299cc203a981cf467f5a37b0,eu_journal_sanctions
9231212,,Xanthos Eos,sanction,,https://www.opensanctions.org/entities/eu-oj-6fc7ae03261693c6d1680f20704258bac98d9f75,eu_journal_sanctions
9272931,,GARUDA,sanction,,https://www.opensanctions.org/entities/eu-oj-7038970e78c73122fefa205b9011765444cedb76,eu_journal_sanctions
9066978,,PAEK MA,sanction,,https://www.opensanctions.org/entities/eu-oj-710ebd899861f99a324586f7e16b67f6898f8f22,eu_journal_sanctions
8628597,341985000,HAO FAN 6,sanction,,https://www.opensanctions.org/entities/eu-oj-7194f9a86831e6c3fab30f9cffab60be44806fcc,eu_journal_sanctions
8691702,,YU SON,sanction,,https://www.opensanctions.org/entities/eu-oj-71c4f43cd8fa97a3698746f399a84cf38fabfb7a,eu_journal_sanctions
9257022,,Starlit,sanction,,https://www.opensanctions.org/entities/eu-oj-7226c3f2bcec46197a62b9f594a5441d4d6a419b,eu_journal_sanctions
8712362,,CHON MYONG 1,sanction,,https://www.opensanctions.org/entities/eu-oj-725fa91069a650731f0b1a0a9335431a1418d18b,eu_journal_sanctions
9083184,,BIRTHE THERESI,sanction,,https://www.opensanctions.org/entities/eu-oj-72a708ac87a5fa2c11bb56d72d606581c017b2ce,eu_journal_sanctions
9290828,,Dorin,sanction,,https://www.opensanctions.org/entities/eu-oj-733f7b16f845eb46e8e0d3f67af5fdb4eae19c87,eu_journal_sanctions
9227443,,Arlan,sanction,,https://www.opensanctions.org/entities/eu-oj-734b08d8b0ca2f347d64207b8b59ece938cbd906,eu_journal_sanctions
9386536,,Spring Fortune,sanction,,https://www.opensanctions.org/entities/eu-oj-738f3b7f231140bb88326a329561a54ac22253d2,eu_journal_sanctions
9263198,,Saint,sanction,,https://www.opensanctions.org/entities/eu-oj-7516445a5e5ca8423c3f449602a8a3485663b5f4,eu_journal_sanctions
9260067,,Vision,sanction,,https://www.opensanctions.org/entities/eu-oj-7548a7e5beb521dee0de6764ae1ed46b7960ea82,eu_journal_sanctions
9282493,,Fiora,sanction,,https://www.opensanctions.org/entities/eu-oj-7559a1f90fa7e2500a999aff47309197375e4425,eu_journal_sanctions
8862935,,SANRAYZ,sanction,,https://www.opensanctions.org/entities/eu-oj-756c702fe82ac5647a2aaeed63e5e3f0f37c5f69,eu_journal_sanctions
9224465,,OLAF 1,sanction,,https://www.opensanctions.org/entities/eu-oj-7574b2a99aae6107ca7b95420dfe4e70d0ad49d2,eu_journal_sanctions
9333785,,SEADAR,sanction,,https://www.opensanctions.org/entities/eu-oj-75afce6e3792723caa64d6f5096b65d08c5cde77,eu_journal_sanctions
9206671,,Rangler,sanction,,https://www.opensanctions.org/entities/eu-oj-76bf2ac38e5d88d84599810cee0e075e7f17abfb,eu_journal_sanctions
9323376,,Marabella Sun,sanction,,https://www.opensanctions.org/entities/eu-oj-774f56b19bdbe7071f41a3a0c1ad3dab60bf88a3,eu_journal_sanctions
8517839,,Maria,sanction,,https://www.opensanctions.org/entities/eu-oj-779c202481b72b104f56409cf7c062b5b6f94bf2,eu_journal_sanctions
9326885,,ANAYA,sanction,,https://www.opensanctions.org/entities/eu-oj-77a1cf17a2c16644705af3b67d86fd61a849208e,eu_journal_sanctions
9418494,,Zaliv Aniva,sanction,,https://www.opensanctions.org/entities/eu-oj-77c7f9453f0432590cf4fe8f3855623028acd4d0,eu_journal_sanctions
9645011,,Sanar 18,sanction,,https://www.opensanctions.org/entities/eu-oj-77d8ddc75bc153c3169034c1e73afe17942c5764,eu_journal_sanctions
8862935,,SANRAYZ,sanction,,https://www.opensanctions.org/entities/eu-oj-78487c12d26abeb94823595ff64511a61aa383f9,eu_journal_sanctions
9263643,,Frunze,sanction,,https://www.opensanctions.org/entities/eu-oj-7853f5b5b6c0110fbc6617499206dfda340c0729,eu_journal_sanctions
9638197,,Tong Yuan,sanction,,https://www.opensanctions.org/entities/eu-oj-792e6b467a9b710d69ad5a3ae76855de619c09e2,eu_journal_sanctions
9387255,,AZURE,sanction,,https://www.opensanctions.org/entities/eu-oj-7946fde99643a8e6588958681e81cba15056caa5,eu_journal_sanctions
9258002,,Kazan,sanction,,https://www.opensanctions.org/entities/eu-oj-79852b5793eb525c903d88c054dc1675ce6502a2,eu_journal_sanctions
9297553,,Monte I,sanction,,https://www.opensanctions.org/entities/eu-oj-799b79f5e1486052c257c0c7c463c581c3d30760,eu_journal_sanctions
9290385,,ELBUS,sanction,,https://www.opensanctions.org/entities/eu-oj-7a0dbbb30245a05e8aef7004cc5055dbc0d455a1,eu_journal_sanctions
9352195,,Sandhya,sanction,,https://www.opensanctions.org/entities/eu-oj-7a14b41fb8d16346c6a4d55347c4e0593fc2483d,eu_journal_sanctions
9198783,,Maria,sanction,,https://www.opensanctions.org/entities/eu-oj-7a3a38cd1e6a57e737ea97760ff50d791d4967de,eu_journal_sanctions
9322968,,Hyperion,sanction,,https://www.opensanctions.org/entities/eu-oj-7a4ff24fc7f59c8efb305ddab773b5653d884b45,eu_journal_sanctions
9378620,,Ganga,sanction,,https://www.opensanctions.org/entities/eu-oj-7a9fa64c0ebb0eb5d765c32c74b539805901bf8d,eu_journal_sanctions
9299173,,Veles,sanction,,https://www.opensanctions.org/entities/eu-oj-7b1fc403d969c7b87ad54ce9db2b78c9c6dfc4aa,eu_journal_sanctions
9290335,,Jumbo,sanction,,https://www.opensanctions.org/entities/eu-oj-7b36797db21ebae10f15dc4c2e9f5ead9c2f9d6e,eu_journal_sanctions
9297888,,Cordelia Moon,sanction,,https://www.opensanctions.org/entities/eu-oj-7bb18736a8f59de4a2bf8229223a92215d80d6a7,eu_journal_sanctions
9283289,,Thya,sanction,,https://www.opensanctions.org/entities/eu-oj-7bc00959f3e5d1a8496dc0579ed3d7bc852029d0,eu_journal_sanctions
9277759,,Lark,sanction,,https://www.opensanctions.org/entities/eu-oj-7c0d2ba33424903cd3be3ed63308c1d7487a5438,eu_journal_sanctions
9296377,,MARJORIE,sanction,,https://www.opensanctions.org/entities/eu-oj-7c612396a1702c432076d05329b8037c91619323,eu_journal_sanctions
9020003,,HUA FU,sanction,,https://www.opensanctions.org/entities/eu-oj-7c7fefce677db83c2992542a97182b278ed79a35,eu_journal_sanctions
9321689,,Ocean Faye,sanction,,https://www.opensanctions.org/entities/eu-oj-7e05da447090bba1876d3b73680543c63f444b93,eu_journal_sanctions
9346720,,Kira K,sanction,,https://www.opensanctions.org/entities/eu-oj-7ea30c42e53e73be168397fbd72253e89f640796,eu_journal_sanctions
8628597,,HAO FAN 6,sanction,,https://www.opensanctions.org/entities/eu-oj-7eefc9a6d4ea617f19ecaf01ffb06829742d05e1,eu_journal_sanctions
9380570,,KURDOS III,sanction,,https://www.opensanctions.org/entities/eu-oj-7fa8a79c80603be474ddce3abc74f1bb7fc6350b,eu_journal_sanctions
9394935,,Ozanno,sanction,,https://www.opensanctions.org/entities/eu-oj-800ba0a8b811796a7c576ce1e9cd452af6bc9e00,eu_journal_sanctions
9299733,,Nagarjuna,sanction,,https://www.opensanctions.org/entities/eu-oj-8012d72fb2fdc66fd4595faea834c93927c6ae36,eu_journal_sanctions
7303803,,AN SAN 1,sanction,,https://www.opensanctions.org/entities/eu-oj-804bc6955859b74358e367c79348c9a8129e9fd2,eu_journal_sanctions
9777670,,SANAR-15,sanction,,https://www.opensanctions.org/entities/eu-oj-805af18d60022c9830bbc22afd4730e1dee61928,eu_journal_sanctions
9735141,,MIDVOLGA-3,sanction,,https://www.opensanctions.org/entities/eu-oj-8130ff240fae1848022f0f6a208a604c2f3a00d1,eu_journal_sanctions
9413004,,HORAE,sanction,,https://www.opensanctions.org/entities/eu-oj-818c00ae8bfaee8eacce915bbbafab6d4fada779,eu_journal_sanctions
9331141,,Kelly Grace,sanction,,https://www.opensanctions.org/entities/eu-oj-81f75054121da3439c1338133dd9dd19206673ef,eu_journal_sanctions
9274331,,San Damian,sanction,,https://www.opensanctions.org/entities/eu-oj-820fc71ec2b9c1cea81dd60752166ca2d665cdff,eu_journal_sanctions
9274434,,SHANGRI LA,sanction,,https://www.opensanctions.org/entities/eu-oj-826a316e5cdf568dd6a91fe5b76ae5e7cbba396e,eu_journal_sanctions
9233765,,Aulis,sanction,,https://www.opensanctions.org/entities/eu-oj-82b7733dcd1d19af6c91fe6fcca2cead5f02ff90,eu_journal_sanctions
8660313,,CHON MA SAN,sanction,,https://www.opensanctions.org/entities/eu-oj-82e00351891ac5dfc6efa493844aceeae68280d8,eu_journal_sanctions
9256028,,Seginus,sanction,,https://www.opensanctions.org/entities/eu-oj-831546c7b1a8b9192e0695feff7bdf015cc08393,eu_journal_sanctions
9286073,,T Cereal,sanction,,https://www.opensanctions.org/entities/eu-oj-8383638aae86959d55a0b5743896835b0b55876c,eu_journal_sanctions
9247443,,Quartanus,sanction,,https://www.opensanctions.org/entities/eu-oj-83a1b6a5a87ac0d575160772fe4af7a3e0451920,eu_journal_sanctions
9437983,,Cai Yun,sanction,,https://www.opensanctions.org/entities/eu-oj-83aaf45a11928af4b19d35ef23e235fbe85a2765,eu_journal_sanctions
9230971,,Skadi,sanction,,https://www.opensanctions.org/entities/eu-oj-83de146d5b76fba38f255269e6610cbd8b666633,eu_journal_sanctions
9435363,,Volga River,sanction,,https://www.opensanctions.org/entities/eu-oj-843a3b1da795f6175f15828d35b5613eee2951d8,eu_journal_sanctions
9341079,,Capella,sanction,,https://www.opensanctions.org/entities/eu-oj-845a183a49c38e823c9171a80b833036a9ed3813,eu_journal_sanctions
9408554,,HE BO,sanction,,https://www.opensanctions.org/entities/eu-oj-84ced6aa07a487ccadd81c1a43b8673d8f386990,eu_journal_sanctions
9299678,,Prisma,sanction,,https://www.opensanctions.org/entities/eu-oj-84ea4dd7ee71b468193c7412cc850bfd2d350ef2,eu_journal_sanctions
9282792,,Clyde Noble,sanction,,https://www.opensanctions.org/entities/eu-oj-84fb0d149c8f26b1a6e86d726b76651f94cfa1c4,eu_journal_sanctions
9329667,,Pacific,sanction,,https://www.opensanctions.org/entities/eu-oj-851510a2f1595f4e982c77abe6aaedb00246941a,eu_journal_sanctions
9288746,,Udaya,sanction,,https://www.opensanctions.org/entities/eu-oj-85b26ef76f4e657e471a54d2ff49c2d24d2c9a36,eu_journal_sanctions
9385233,,Monte Bianco,sanction,,https://www.opensanctions.org/entities/eu-oj-85bbdadf57549291ce20124d86671afd84658e89,eu_journal_sanctions
9422964,,ABRAU,sanction,,https://www.opensanctions.org/entities/eu-oj-867c8706576e9decc2b696f40bd242010542ff16,eu_journal_sanctions
9292838,,Listiga,sanction,,https://www.opensanctions.org/entities/eu-oj-869985b7d7f221325e803ccc03ebde23f354b9ec,eu_journal_sanctions
9263203,,Soul,sanction,,https://www.opensanctions.org/entities/eu-oj-86ad0141b813c2b44f84efdcba1011bffdf7950b,eu_journal_sanctions
9161003,,Lady R,sanction,,https://www.opensanctions.org/entities/eu-oj-8762aa56c0ea1f0a564cbacf7c9aec6529881139,eu_journal_sanctions
9266750,,Seabass,sanction,,https://www.opensanctions.org/entities/eu-oj-8775b52f7d22cac69de62b0427ee38b650fe32bb,eu_journal_sanctions
9324277,,Nova Energy,sanction,,https://www.opensanctions.org/entities/eu-oj-87eaaa38d53a523927a177bef29f9072b3c53301,eu_journal_sanctions
9511387,,Olympus,sanction,,https://www.opensanctions.org/entities/eu-oj-8867e67bb504b0f6fe06c6a00d2e12e8ce264d32,eu_journal_sanctions
9312884,,Kemerovo,sanction,,https://www.opensanctions.org/entities/eu-oj-893298b769e0eeef92546971bd71dfd8c54d8659,eu_journal_sanctions
9759915,,Shturman Skuratov,sanction,,https://www.opensanctions.org/entities/eu-oj-896c0d40ab91f9e37361543ce8dba1e7ebb1e311,eu_journal_sanctions
9282479,,Minerva M,sanction,,https://www.opensanctions.org/entities/eu-oj-89795b1bd786089c99989ac5d0cecd1bfbfac88f,eu_journal_sanctions
9377779,,Monarch I,sanction,,https://www.opensanctions.org/entities/eu-oj-898773b80305e81ef3f0b49714694e06ea421f23,eu_journal_sanctions
9301419,,Yuri Senkevich,sanction,,https://www.opensanctions.org/entities/eu-oj-898b11fdb5578286f9440e6baaea22680444e0c4,eu_journal_sanctions
9315446,,Spring,sanction,,https://www.opensanctions.org/entities/eu-oj-89b79f1ec3a1e4861f7791360722d0936d1afa72,eu_journal_sanctions
8791667,,WAN HENG 11,sanction,,https://www.opensanctions.org/entities/eu-oj-89c88a4e6a694457f52677744ad42af21dfb6f88,eu_journal_sanctions
9297541,,DOVE,sanction,,https://www.opensanctions.org/entities/eu-oj-8a8f5d0168de176f62d97c6ca28a65af4a89d784,eu_journal_sanctions
9311751,,HITIT,sanction,,https://www.opensanctions.org/entities/eu-oj-8aaa98e64becf01ae7a109165ec481f5722081ff,eu_journal_sanctions
9277747,,Elise,sanction,,https://www.opensanctions.org/entities/eu-oj-8ab189871f1ac9510933e1798fe41c60768c3dd8,eu_journal_sanctions
9285847,,Sirius I,sanction,,https://www.opensanctions.org/entities/eu-oj-8ada345852adcd9db94a99cfc70be152a066feee,eu_journal_sanctions
9341067,,Kaliningrad,sanction,,https://www.opensanctions.org/entities/eu-oj-8aeaf673e0ea09fd9a949b21ae65e19ce8b296ed,eu_journal_sanctions
9590137,,MEGION,sanction,,https://www.opensanctions.org/entities/eu-oj-8b0d26448ea4f066ed3abc90865bc89d947350ad,eu_journal_sanctions
9339337,,Legacy,sanction,,https://www.opensanctions.org/entities/eu-oj-8b27e8cda4fda6e46b5e60626dfbcc51b82cbbc1,eu_journal_sanctions
9296391,,Peta Lumina,sanction,,https://www.opensanctions.org/entities/eu-oj-8b3288810efa71c740c8c98d117f1f8bb29c3dc1,eu_journal_sanctions
9321718,,ZALE,sanction,,https://www.opensanctions.org/entities/eu-oj-8b6994a8f6820265b5d41133a7b58cd4ff53ce21,eu_journal_sanctions
9360128,,Zaliv Baikal,sanction,,https://www.opensanctions.org/entities/eu-oj-8c32a0dd85c580a7aa8625200fb2f1428ae279b6,eu_journal_sanctions
9335094,,VARG,sanction,,https://www.opensanctions.org/entities/eu-oj-8d4e9d32d36f77098db4d350bf1ef846fa9c2adb,eu_journal_sanctions
9353096,,Madhav,sanction,,https://www.opensanctions.org/entities/eu-oj-8d6119d5f4ce2acdda97ed83bdddc04d2d0db8b5,eu_journal_sanctions
9292060,,Talisman,sanction,,https://www.opensanctions.org/entities/eu-oj-8dbc4ffc1398ae25ae9a5fe7f8d23ee33d5fb5a0,eu_journal_sanctions
9360130,,Zaliv Vostok,sanction,,https://www.opensanctions.org/entities/eu-oj-8debce2d258c7f2f950a461fd643d55b249cac2d,eu_journal_sanctions
9292503,,Bull,sanction,,https://www.opensanctions.org/entities/eu-oj-8e47641edd7100ef580e4f65c4a557526b18e906,eu_journal_sanctions
9308821,,Berra,sanction,,https://www.opensanctions.org/entities/eu-oj-8ec85e532769e498f23d069bf34f986a1131d173,eu_journal_sanctions
9300348,,SANAR-10,sanction,,https://www.opensanctions.org/entities/eu-oj-8f9029aabce25862339e9357a7d9499783d6d2ea,eu_journal_sanctions
9308170,,Ocean Jupiter,sanction,,https://www.opensanctions.org/entities/eu-oj-8f93f7807a70202a45abb80e0c797bc82331c059,eu_journal_sanctions
9809538,,KUMANA,sanction,,https://www.opensanctions.org/entities/eu-oj-8fae6ce6bd7c6747940af7afb6ce48223ac9d1eb,eu_journal_sanctions
8984848,,BILAL BEY,sanction,,https://www.opensanctions.org/entities/eu-oj-907d7a6e19bc12427ee9384516825604105abfb5,eu_journal_sanctions
8915550,,NOYABRSK,sanction,,https://www.opensanctions.org/entities/eu-oj-90ea9e3c14a5acaf6bce13699cf1e4e20c5c4ec7,eu_journal_sanctions
9392822,,Lotus,sanction,,https://www.opensanctions.org/entities/eu-oj-911e8c1bbaaf6ad23f3d120eb0351ee1b50924e4,eu_journal_sanctions
9251274,,Crius,sanction,,https://www.opensanctions.org/entities/eu-oj-9174869c7b18ae586c2f09820cf78ad6d9713032,eu_journal_sanctions
9229374,,Odune,sanction,,https://www.opensanctions.org/entities/eu-oj-91870293efb021bd873552ee7424d4db6463eb08,eu_journal_sanctions
9247883,,Hatti,sanction,,https://www.opensanctions.org/entities/eu-oj-91aa41eebaa7fa8de4594a074e76904e18b3e9a5,eu_journal_sanctions
9337418,,ATMOS,sanction,,https://www.opensanctions.org/entities/eu-oj-91d84030ca28e2d13b9e8fdbd731cecf88819e1c,eu_journal_sanctions
9261619,,Hannah,sanction,,https://www.opensanctions.org/entities/eu-oj-91e846bc739e3db1517fee6a0a2f229eddc32a26,eu_journal_sanctions
9232929,,Maisha,sanction,,https://www.opensanctions.org/entities/eu-oj-91e9476e5d2437952a6cc65beb0801e0b0081fcd,eu_journal_sanctions
9915090,,Saam FSU,sanction,,https://www.opensanctions.org/entities/eu-oj-9217c02fcfee803d44bd96da394b419373052182,eu_journal_sanctions
7389704,,RYE SONG GANG 1,sanction,,https://www.opensanctions.org/entities/eu-oj-92980bec09e52ec9c8571c3702f8dc98ddd4cb7e,eu_journal_sanctions
9290397,,STORMBRINGER,sanction,,https://www.opensanctions.org/entities/eu-oj-92bfd3e80708e419aae88298722a5382c3e5f84e,eu_journal_sanctions
9236353,,Blue,sanction,,https://www.opensanctions.org/entities/eu-oj-92c546ec2d6545f2992d2f8434f09aa25586ea54,eu_journal_sanctions
9329655,,Proxima,sanction,,https://www.opensanctions.org/entities/eu-oj-92f1f38c169401a62cad225ce7682751d50333b1,eu_journal_sanctions
9296781,,KRASNODAR,sanction,,https://www.opensanctions.org/entities/eu-oj-930cd30b2e6861958d9a5ee9c6d5f9ecd03e052e,eu_journal_sanctions
9299721,,LEONA,sanction,,https://www.opensanctions.org/entities/eu-oj-93967f9a34ade4109feab5cddb42189a860a2db0,eu_journal_sanctions
9271585,,Krishna 1,sanction,,https://www.opensanctions.org/entities/eu-oj-93bef36382a19f9f735b9c5ff88c662b9a73ff90,eu_journal_sanctions
9321172,,SEA OWL I,sanction,,https://www.opensanctions.org/entities/eu-oj-943cf813d626136b6834dd7acb3a0ded96f91e13,eu_journal_sanctions
9311610,,TORX,sanction,,https://www.opensanctions.org/entities/eu-oj-944648186048e81c942be1489c3a4a35078d2a9c,eu_journal_sanctions
9650016,,RN SAKHALIN,sanction,,https://www.opensanctions.org/entities/eu-oj-94711380894f59ea8628c5618ec5d0ba6aee16fc,eu_journal_sanctions
8915299,,DAMAS WAVE,sanction,,https://www.opensanctions.org/entities/eu-oj-95459095f8f6633f5a0df66b7b67a8572ab8e061,eu_journal_sanctions
9268710,,SPARTA,sanction,,https://www.opensanctions.org/entities/eu-oj-954aa2d124b3e223c87d5365527cad8eee8d830b,eu_journal_sanctions
9322956,,Prosperity,sanction,,https://www.opensanctions.org/entities/eu-oj-956a705481ebd7a13278b75532b818471de32bbd,eu_journal_sanctions
9282986,,ATLANTICOS,sanction,,https://www.opensanctions.org/entities/eu-oj-96c0d844494de872bce0c1add4c9fa4d9fe524a3,eu_journal_sanctions
9400980,,OMNI,sanction,,https://www.opensanctions.org/entities/eu-oj-97ef6f3aa4915aaca385727ea84baec045748121,eu_journal_sanctions
9346744,,Ma Jin,sanction,,https://www.opensanctions.org/entities/eu-oj-9856bedff32196ff0ad8ab241bb88b41c3d41d92,eu_journal_sanctions
9265885,,SEA MAVERICK,sanction,,https://www.opensanctions.org/entities/eu-oj-98e585011d873e6d1804899091b6a3f0bd25b170,eu_journal_sanctions
9242223,,ADONIA,sanction,,https://www.opensanctions.org/entities/eu-oj-99619be14ff0cdef9745feeeefa4335767803823,eu_journal_sanctions
9284594,,Leopard,sanction,,https://www.opensanctions.org/entities/eu-oj-99633104563417db00085cd9edd445f5a3a394fa,eu_journal_sanctions
9304629,,CHENG HE,sanction,,https://www.opensanctions.org/entities/eu-oj-99716f615f1fcc3500bee74552962bc7456929c2,eu_journal_sanctions
8122347,,NAM SAN 8,sanction,,https://www.opensanctions.org/entities/eu-oj-9a82e7fa466e628e86fcf428083c41e88d68d894,eu_journal_sanctions
9331153,,Delvina,sanction,,https://www.opensanctions.org/entities/eu-oj-9ab06662bbb812dbf9613aea21115d61ee317c12,eu_journal_sanctions
9249128,,SAKHALIN,sanction,,https://www.opensanctions.org/entities/eu-oj-9ac345f0d6115480d1163a83576174771992b808,eu_journal_sanctions
9411331,,Canara,sanction,,https://www.opensanctions.org/entities/eu-oj-9ba3813f69999e41ce242f0b7e8e414a46e375f4,eu_journal_sanctions
8606173,,Chol Ryong,sanction,,https://www.opensanctions.org/entities/eu-oj-9ba8983adfaec6e9f7464ce50c66da1e5333ab8d,eu_journal_sanctions
9326720,,Hera,sanction,,https://www.opensanctions.org/entities/eu-oj-9bd420ec9c5e36c2afe438903ef562b4812c6d4a,eu_journal_sanctions
9144782,,Bodhi,sanction,,https://www.opensanctions.org/entities/eu-oj-9c35a1e6c99ce2f544067b315206e0533f1dbc21,eu_journal_sanctions
9288863,,Ector,sanction,,https://www.opensanctions.org/entities/eu-oj-9ce9781e5f2ae7e70d0d351b49ad1ea8370dcedf,eu_journal_sanctions
9166314,,ASTORIA,sanction,,https://www.opensanctions.org/entities/eu-oj-9cf7e627be607c6641c77e44c47b476474be085e,eu_journal_sanctions
8010427,,OPHELIA,sanction,,https://www.opensanctions.org/entities/eu-oj-9d2c17781e7d78672abe410845fc0d5e6cf2200c,eu_journal_sanctions
9337389,,Agni,sanction,,https://www.opensanctions.org/entities/eu-oj-9da5eced73f6f35a607cb278c7aef0618cd69dbb,eu_journal_sanctions
9291262,,SILVAR,sanction,,https://www.opensanctions.org/entities/eu-oj-9e725048a698222c67418e826a90af0e51d1c20f,eu_journal_sanctions
9259745,,Eternal Peace,sanction,,https://www.opensanctions.org/entities/eu-oj-9f0f4cc3c120221db5fa18616f0dca14fd408ac7,eu_journal_sanctions
9268112,,Olia,sanction,,https://www.opensanctions.org/entities/eu-oj-a09ee26767536f1ffc8466e12958d33ecc857ee9,eu_journal_sanctions
9409259,,SPIRIT 2,sanction,,https://www.opensanctions.org/entities/eu-oj-a0dd1163c8c06d369e3c78144fed974cf6cce738,eu_journal_sanctions
9752084,,Shturman Albanov,sanction,,https://www.opensanctions.org/entities/eu-oj-a0eb213b0164218dfc7ca899af524232ef4c9329,eu_journal_sanctions
9345623,,Ru Yi,sanction,,https://www.opensanctions.org/entities/eu-oj-a16dbfd2af17551be151769e96a1d4ca7c91c876,eu_journal_sanctions
9621558,,KARAKUZ,sanction,,https://www.opensanctions.org/entities/eu-oj-a1e2e6cc8ac18c5e7f587cb8a28a3e1baa31d347,eu_journal_sanctions
9213313,,ALBEDO,sanction,,https://www.opensanctions.org/entities/eu-oj-a280d9375629d1d5c2fe404d6d18bb5d3fe1d8ee,eu_journal_sanctions
9156981,,G.ROSSINI,sanction,,https://www.opensanctions.org/entities/eu-oj-a3aacc6026a157f74347f5a262a514a87210e5db,eu_journal_sanctions
9253325,,Nurkez,sanction,,https://www.opensanctions.org/entities/eu-oj-a3b1e7070e0fc696440a655510f0b7026c3225ce,eu_journal_sanctions
9292187,,LUNA LUSTER,sanction,,https://www.opensanctions.org/entities/eu-oj-a4949e4dc274a7514788378d06343987d4ad4d35,eu_journal_sanctions
8724779,,VANINO,sanction,,https://www.opensanctions.org/entities/eu-oj-a496bf33290282747c9dd88963b457a292171fb7,eu_journal_sanctions
9266853,,New Power,sanction,,https://www.opensanctions.org/entities/eu-oj-a4e4e22d71f7d369395bd1635667e7c0745cc44a,eu_journal_sanctions
9435337,,Akhty,sanction,,https://www.opensanctions.org/entities/eu-oj-a62a4d53a4ddd9695a0e208696b370938c3df955,eu_journal_sanctions
9147447,,TAVIAN,sanction,,https://www.opensanctions.org/entities/eu-oj-a67666bac518e7a0658fc60a4c0760648c02a306,eu_journal_sanctions
9582776,,PERUN,sanction,,https://www.opensanctions.org/entities/eu-oj-a6da9c10c8c8993b5886e5dab4b016cec730bfcf,eu_journal_sanctions
9290373,,KONYA,sanction,,https://www.opensanctions.org/entities/eu-oj-a6eefdaaffad93f51850606c20e618c77b92f9b4,eu_journal_sanctions
9550682,,XING CHEN,sanction,,https://www.opensanctions.org/entities/eu-oj-a7382da696cf88ee7d74084c0fffce0b7f980861,eu_journal_sanctions
9585912,,Marlin,sanction,,https://www.opensanctions.org/entities/eu-oj-a7551eb873cd3c1ca93f85c575b1a34d9108bb76,eu_journal_sanctions
9299771,,MIRES,sanction,,https://www.opensanctions.org/entities/eu-oj-a7932fed357b40b00e4ccda071bd537d434eedc5,eu_journal_sanctions
9323340,,TRANQUIL SEA,sanction,,https://www.opensanctions.org/entities/eu-oj-a7cf53c9ee217acb8aad250b27be870fef27d932,eu_journal_sanctions
9412335,,Bolero,sanction,,https://www.opensanctions.org/entities/eu-oj-a844680130940faf1abdc4c19abe2c885696f890,eu_journal_sanctions
9573816,,MATROS POZYNICH,sanction,,https://www.opensanctions.org/entities/eu-oj-a84d69f39c1109c7de12f09878081afbe244c657,eu_journal_sanctions
9274343,,San Cosmas,sanction,,https://www.opensanctions.org/entities/eu-oj-a88e7962dd32fade464bbbbf48607112f1fec096,eu_journal_sanctions
9436020,,CENTURION I,sanction,,https://www.opensanctions.org/entities/eu-oj-a8a29c26c5ecac14117b78f0c1e76e54d51fb0ad,eu_journal_sanctions
9310707,,Vault,sanction,,https://www.opensanctions.org/entities/eu-oj-a8d47c41e5bd94caa6ae784e67e2f792fe96777c,eu_journal_sanctions
9327360,,Caria Ka,sanction,,https://www.opensanctions.org/entities/eu-oj-a8d611415c60852f8617d98f03461ae86bd43cf7,eu_journal_sanctions
9266475,,Sauri,sanction,,https://www.opensanctions.org/entities/eu-oj-aa896dea873ac330292b02477736cca13e30ac5c,eu_journal_sanctions
9346732,,Huihai Pacific,sanction,,https://www.opensanctions.org/entities/eu-oj-ab2d2810bcf11b4d46cc4471550e0b45c779eed7,eu_journal_sanctions
9319870,,Maini,sanction,,https://www.opensanctions.org/entities/eu-oj-ab4ecdd8837d8f928ba811dae6019a6a477104fa,eu_journal_sanctions
9934498,,Nan Feng Zhi Xing,sanction,,https://www.opensanctions.org/entities/eu-oj-ab75c36a6c91a77a4f3e461a23ede9e088e1dd19,eu_journal_sanctions
9293117,,Sun,sanction,,https://www.opensanctions.org/entities/eu-oj-ac34a8e64f9f7cebd0015b1d33e06e83a9f465e8,eu_journal_sanctions
9864837,,Arctic Mulan,sanction,,https://www.opensanctions.org/entities/eu-oj-aca9a8ba02e17219461a979d1d8211fb8c57b7b3,eu_journal_sanctions
9390317,,MARINSTRAUM,sanction,,https://www.opensanctions.org/entities/eu-oj-ad658262fb22129d4ce24dd36addd98f191bf04b,eu_journal_sanctions
9412995,,Kruger,sanction,,https://www.opensanctions.org/entities/eu-oj-ad7e9c114a24daa23f6e9551e748fbb7464bcdd1,eu_journal_sanctions
9640528,,VF Tanker-4,sanction,,https://www.opensanctions.org/entities/eu-oj-adb40cb04baf175fad48c505e0669049c23a6749,eu_journal_sanctions
9253894,,Destamar,sanction,,https://www.opensanctions.org/entities/eu-oj-adc933ccd0863c2fc428fb497a4a884e17bc87d1,eu_journal_sanctions
9323326,,KATY,sanction,,https://www.opensanctions.org/entities/eu-oj-add28ec26f1b8bd5f2aef97ddfd00526c878be2d,eu_journal_sanctions
9361407,,Mi Rim 2,sanction,,https://www.opensanctions.org/entities/eu-oj-ae829b10aa0bf6c5abb943903883339c10e959f5,eu_journal_sanctions
9273052,,Alissa,sanction,,https://www.opensanctions.org/entities/eu-oj-b0209349a7801caa73dd2e90aff991337afd1f00,eu_journal_sanctions
8916293,,Chong Rim 2,sanction,,https://www.opensanctions.org/entities/eu-oj-b0348f34dedd558ab6c8f08e3bbc8d5bf3362c07,eu_journal_sanctions
9265873,,KAMELOT,sanction,,https://www.opensanctions.org/entities/eu-oj-b1029418bac321f3198748be9384442119132b66,eu_journal_sanctions
8909575,,Blue Nouvelle,sanction,,https://www.opensanctions.org/entities/eu-oj-b199c6700d8e0cbed3685877aee4be0ba2fb4e69,eu_journal_sanctions
9412452,,NILANGA,sanction,,https://www.opensanctions.org/entities/eu-oj-b1cdb76ee6473ed9db9fb4a2ada086065455c42f,eu_journal_sanctions
8898740,,JI SONG 6,sanction,,https://www.opensanctions.org/entities/eu-oj-b218a5d03ad931ccf5195dbd0cba57fa999a5566,eu_journal_sanctions
9953535,,North Way,sanction,,https://www.opensanctions.org/entities/eu-oj-b22548052ad04b23318d1359d8bbe38005c082c5,eu_journal_sanctions
8724793,,KORSAKOV,sanction,,https://www.opensanctions.org/entities/eu-oj-b2ada7367c0659ecb5ce0d70afaa1dbc5633a0aa,eu_journal_sanctions
9308950,,Seasons I,sanction,,https://www.opensanctions.org/entities/eu-oj-b2b1bdb8a7b89c9f82b7ac8ac1260c36a1959a17,eu_journal_sanctions
9842190,,Akademik Gubkin,sanction,,https://www.opensanctions.org/entities/eu-oj-b32eaf092d4ec41ca1e5bfa2ebec508340ad1cc2,eu_journal_sanctions
9163764,,Arno Babajanyan,sanction,,https://www.opensanctions.org/entities/eu-oj-b3430e81d00088d5f1b0858dbb69a79996a3519a,eu_journal_sanctions
9842188,,Vladimir Vinogradov,sanction,,https://www.opensanctions.org/entities/eu-oj-b4d660744eb4fe013dacb61cdf2057b92af4f2bd,eu_journal_sanctions
9408695,,TASSOS,sanction,,https://www.opensanctions.org/entities/eu-oj-b4e3fda57fd6de133063044f29b83fbde0a630b7,eu_journal_sanctions
9430272,,JIN HUI,sanction,,https://www.opensanctions.org/entities/eu-oj-b5191654c30e8e3f2db90a0d0907020ae403987f,eu_journal_sanctions
9524451,,SABINA,sanction,,https://www.opensanctions.org/entities/eu-oj-b5e4643f929d78adad71bb6cc4d84172120b11af,eu_journal_sanctions
9413573,,Atlas,sanction,,https://www.opensanctions.org/entities/eu-oj-b62a6b334845e9276c4ee62968657eb3bce097b6,eu_journal_sanctions
9550137,,MATROS KOSHKA,sanction,,https://www.opensanctions.org/entities/eu-oj-b6c06fd1db43127ac6ea6b2f66113c082f90f5b3,eu_journal_sanctions
9290309,,Hulda,sanction,,https://www.opensanctions.org/entities/eu-oj-b6f6af52955f1d6984fd91bc1bd50d4e8737b298,eu_journal_sanctions
9263693,,SINO STAR,sanction,,https://www.opensanctions.org/entities/eu-oj-b7e51ee6376e5ef144dba5d37513a7991ab60fd6,eu_journal_sanctions
9348479,,Lucky Fairy,sanction,,https://www.opensanctions.org/entities/eu-oj-b90d4f9b05bd114747887df624355529e3aa962d,eu_journal_sanctions
9321706,,Mercury,sanction,,https://www.opensanctions.org/entities/eu-oj-b913b3c71d0d31abe098e6cb91c05c0d3e10e77f,eu_journal_sanctions
9270749,,BELA,sanction,,https://www.opensanctions.org/entities/eu-oj-b947754251f5a028dac9ffaec7fb148c68b307d9,eu_journal_sanctions
9395379,,Pacific 01,sanction,,https://www.opensanctions.org/entities/eu-oj-b95912b2a0307dc5498b7cf4043b56cd99d54608,eu_journal_sanctions
9250892,,Mikati,sanction,,https://www.opensanctions.org/entities/eu-oj-ba79afd8b46a9a3f382a2cade49ca5a0a79730b0,eu_journal_sanctions
9333682,,KIRILL LAVROV,sanction,,https://www.opensanctions.org/entities/eu-oj-ba9cd103fbcd6b68fc538baf92aeb1cc45fb58cf,eu_journal_sanctions
9277735,,Lunar Tide,sanction,,https://www.opensanctions.org/entities/eu-oj-ba9f16a22987157153012fbb456056e9abe72d03,eu_journal_sanctions
9304825,,Jaldhara,sanction,,https://www.opensanctions.org/entities/eu-oj-baf4d20e91486e01c69eed7348aff99074f9a612,eu_journal_sanctions
9346873,,ELODIE I,sanction,,https://www.opensanctions.org/entities/eu-oj-baf7fec58ac539c0bcb5f13d71eecfff5f5003e7,eu_journal_sanctions
8408595,,WOORY STAR,sanction,,https://www.opensanctions.org/entities/eu-oj-bb5f1a3bdb459b5016f7f4acc8e2a2501bca38d2,eu_journal_sanctions
9298492,,TOA PAYOH,sanction,,https://www.opensanctions.org/entities/eu-oj-bbc3755e4de3adddef1e7796242bb944f422cbce,eu_journal_sanctions
9255282,,PIONEER,sanction,,https://www.opensanctions.org/entities/eu-oj-bbd8c3acad72388028eab46b127efd3f4f1d9450,eu_journal_sanctions
8312497,,NEW REGENT,sanction,,https://www.opensanctions.org/entities/eu-oj-bbefb7a00e8aca7b1679375e24f48ccdc0ee3b31,eu_journal_sanctions
9332822,,Nichole,sanction,,https://www.opensanctions.org/entities/eu-oj-bc0eecbeb230b6b4f436c91921d488efddb28a7d,eu_journal_sanctions
9292589,,Team,sanction,,https://www.opensanctions.org/entities/eu-oj-bcbb68d51909b31b5f9c7a526c614b41c958f0ec,eu_journal_sanctions
9299769,,Aquatica,sanction,,https://www.opensanctions.org/entities/eu-oj-bcbf6461b81883247932ca468868c86858fe0726,eu_journal_sanctions
9830769,,Hunter Star,sanction,,https://www.opensanctions.org/entities/eu-oj-bcfc56cb03076ac97c51bc4303718805901dc67b,eu_journal_sanctions
9901037,,Nikolay Zadornov,sanction,,https://www.opensanctions.org/entities/eu-oj-bd3e6882fb64fe79d2148c6039f169a5d8164a6f,eu_journal_sanctions
8106496,,SAM MA 2,sanction,,https://www.opensanctions.org/entities/eu-oj-bd9af3ed026913733634e28aa67acce1c442a00e,eu_journal_sanctions
9421960,,Primorye,sanction,,https://www.opensanctions.org/entities/eu-oj-be068f64511018d8af8ed717516a6c28a078a770,eu_journal_sanctions
9378618,,Si He,sanction,,https://www.opensanctions.org/entities/eu-oj-c02900a4cdcba4af2f9dce5f200665f7bc7f2589,eu_journal_sanctions
9317949,,Xiwang,sanction,,https://www.opensanctions.org/entities/eu-oj-c07063afb586fb1813ff044c847fd8aaa84f55e1,eu_journal_sanctions
9299161,,Kord Atlantic,sanction,,https://www.opensanctions.org/entities/eu-oj-c0b3788562c949f587133ac474975ec461ec061e,eu_journal_sanctions
9020534,,RUNG RA 2,sanction,,https://www.opensanctions.org/entities/eu-oj-c0d2807ce004fceb45520a53291a79d8b3d677c0,eu_journal_sanctions
9522324,,Sierra,sanction,,https://www.opensanctions.org/entities/eu-oj-c0d8ef44a937d87517e192122c19a17a70c88e2e,eu_journal_sanctions
8819017,,Rak Won 2,sanction,,https://www.opensanctions.org/entities/eu-oj-c168cb530f755303cce38a85a01c97bbe872d175,eu_journal_sanctions
9252955,,BRIONT,sanction,,https://www.opensanctions.org/entities/eu-oj-c17e1a6068694424f37154b67520f4588cdc430e,eu_journal_sanctions
9256054,,NEVSKIY PROSPECT,sanction,,https://www.opensanctions.org/entities/eu-oj-c1b7fb3e2d063ce823a13dabe90357b7b849d828,eu_journal_sanctions
9258882,,Carcharodon,sanction,,https://www.opensanctions.org/entities/eu-oj-c2285dbf7c0adb38ec5e8975ff579024e1bc1e6f,eu_journal_sanctions
9261657,,C VIKING,sanction,,https://www.opensanctions.org/entities/eu-oj-c26f3511298aca77fa30df56b4d91621916bc8c7,eu_journal_sanctions
9301524,,Deneb,sanction,,https://www.opensanctions.org/entities/eu-oj-c35370be4f9e699c5e3d6b5280c606212d2ddc86,eu_journal_sanctions
9235000,,COATLICUE,sanction,,https://www.opensanctions.org/entities/eu-oj-c36615a3860357e2cfd5cb260f5771fb03358254,eu_journal_sanctions
9384459,,ONEGA,sanction,,https://www.opensanctions.org/entities/eu-oj-c39932b62b3f8fc5735876254234b483a11076a1,eu_journal_sanctions
8821761,,Nimbus Spb,sanction,,https://www.opensanctions.org/entities/eu-oj-c3b77f90fe16d303de5d8c8f0fb349d4c2cf6624,eu_journal_sanctions
9683740,,LADY LEILA,sanction,,https://www.opensanctions.org/entities/eu-oj-c3e62f36e2b5625465fea3e8dc08e94a443f6b2e,eu_journal_sanctions
9419137,,Sikar,sanction,,https://www.opensanctions.org/entities/eu-oj-c3fdd953badb2aceb282b19f8545796c346984b7,eu_journal_sanctions
9250050,,PALLADA,sanction,,https://www.opensanctions.org/entities/eu-oj-c4378f312167efe32fe552a6d706e289a9511f00,eu_journal_sanctions
9232931,,Narcissus,sanction,,https://www.opensanctions.org/entities/eu-oj-c4b04ad908e8c468f4e1caa1f86ebabb3d2e2a5a,eu_journal_sanctions
8937675,445539000,TONG SAN 2,sanction,,https://www.opensanctions.org/entities/eu-oj-c5947f85ba88777a328aa1d15990329e60ab7e52,eu_journal_sanctions
9384992,,Mars 6,sanction,,https://www.opensanctions.org/entities/eu-oj-c5a6c4687c98581356eebee87bbb193aa69e5bcc,eu_journal_sanctions
9397559,,Aria,sanction,,https://www.opensanctions.org/entities/eu-oj-c66a38c34af95fb51f3766262f664b69c8a38a67,eu_journal_sanctions
9292199,,KAYSERI,sanction,,https://www.opensanctions.org/entities/eu-oj-c6819ac235f649f8530c734d4f88ec99c703b863,eu_journal_sanctions
9289738,,Genji,sanction,,https://www.opensanctions.org/entities/eu-oj-c69ee2c3cd11cd75ddb8e855084a21c5012b571d,eu_journal_sanctions
9300350,,SANAR-9,sanction,,https://www.opensanctions.org/entities/eu-oj-c76304e6972719b1a3c5f7291dabbf6e95fc0e9d,eu_journal_sanctions
9281152,,AQUILLA II,sanction,,https://www.opensanctions.org/entities/eu-oj-c777c344dffb9e14691f6c82b852d45c97fcd3d6,eu_journal_sanctions
9690212,,STALINGRAD,sanction,,https://www.opensanctions.org/entities/eu-oj-c7f85b2fc344078dadbf35b6b980eb549ff492ca,eu_journal_sanctions
9157002,,ERIDAN,sanction,,https://www.opensanctions.org/entities/eu-oj-c84a9224ff20358c22e24e346e66c3c0f0497588,eu_journal_sanctions
9436941,,Yi Meng Shan,sanction,,https://www.opensanctions.org/entities/eu-oj-c88e2cb693e8438760d306a4de0d2d2ca704d188,eu_journal_sanctions
8898740,,JI SONG 6,sanction,,https://www.opensanctions.org/entities/eu-oj-ca022bf46f226fb05abd9e89eef20d223021a684,eu_journal_sanctions
9397547,,Ariadne,sanction,,https://www.opensanctions.org/entities/eu-oj-ca2581b19ff5a61cc9ab4523e010e5b53505f72f,eu_journal_sanctions
9255672,,Lebre,sanction,,https://www.opensanctions.org/entities/eu-oj-ca40bdacc0a4cac123f6d0e2ee4714953ed401f3,eu_journal_sanctions
8412467,,South Hill 2,sanction,,https://www.opensanctions.org/entities/eu-oj-ca4775654c09c26456769dc8ca05e42bd1bf75af,eu_journal_sanctions
8705539,,KUM UN SAN 3,sanction,,https://www.opensanctions.org/entities/eu-oj-cb0aa824015b0e9ab3a172b787dd03f2195963f3,eu_journal_sanctions
9079169,,Enisey,sanction,,https://www.opensanctions.org/entities/eu-oj-cb8139374fff28ee5a77ac01747619467128ec89,eu_journal_sanctions
9236016,,Vision,sanction,,https://www.opensanctions.org/entities/eu-oj-cb8673bd5746136d1a618679ea6125e04eb8b7d7,eu_journal_sanctions
9388754,,Long Bai,sanction,,https://www.opensanctions.org/entities/eu-oj-cc0de5a132e7672dcfa07d761a4f2266ec00885a,eu_journal_sanctions
9301380,,Pavel Chernysh,sanction,,https://www.opensanctions.org/entities/eu-oj-ccb8e27d225553f8c1924319071cff0ce1ee7d2a,eu_journal_sanctions
9211896,,ZAL PARS 3,sanction,,https://www.opensanctions.org/entities/eu-oj-ce010fd986cf96bd4b31fad5e5a9fd7de7133e38,eu_journal_sanctions
9336426,,Naxos,sanction,,https://www.opensanctions.org/entities/eu-oj-ce6ccd67016bb0ff653ce9558452a2e1a5e8f2c2,eu_journal_sanctions
9009085,,Petrel 1,sanction,,https://www.opensanctions.org/entities/eu-oj-ce7fa029a66dc454a46f20811a9d9343ac1e1dc4,eu_journal_sanctions
9308833,,Kusto,sanction,,https://www.opensanctions.org/entities/eu-oj-ce89be87370ad5bdd9c1d5deb1861de0ddde6b2d,eu_journal_sanctions
9281683,,Siri,sanction,,https://www.opensanctions.org/entities/eu-oj-ce9386ae64968501e72428aa8694047a5d941abe,eu_journal_sanctions
9297149,,REVANCHE,sanction,,https://www.opensanctions.org/entities/eu-oj-cefea875767825cbc2d8b8b364a4658957d52cbb,eu_journal_sanctions
9288930,,PACIFICOS,sanction,,https://www.opensanctions.org/entities/eu-oj-cf990af4ba34c569ccbf0b4650a5cb539c112954,eu_journal_sanctions
9301407,,Viktor Titov,sanction,,https://www.opensanctions.org/entities/eu-oj-cfab35da1bc17d0085caacada29e43e0a983a226,eu_journal_sanctions
9330472,,Thorin,sanction,,https://www.opensanctions.org/entities/eu-oj-d07b27abed95f02606158584d13afbd45e6fc030,eu_journal_sanctions
9347308,,AURA MARIS,sanction,,https://www.opensanctions.org/entities/eu-oj-d097e515800c8052618aea66d74682d3bfff4cfd,eu_journal_sanctions
9389071,,TANGO 2,sanction,,https://www.opensanctions.org/entities/eu-oj-d1d08eecc8002320bc6e68314c143e372f5847e6,eu_journal_sanctions
8133530,,Jang Ja San Chong Nyon Ho,sanction,,https://www.opensanctions.org/entities/eu-oj-d1f625c7c60feeecf61afb785db431031e7e1a5d,eu_journal_sanctions
9306627,,Huang He,sanction,,https://www.opensanctions.org/entities/eu-oj-d1fa51158fd51d5f7009107d884978127d2bfa83,eu_journal_sanctions
9388742,,Surya,sanction,,https://www.opensanctions.org/entities/eu-oj-d2d6dff26b966cb590af94201588a1b371e977c8,eu_journal_sanctions
9389679,,Lieto,sanction,,https://www.opensanctions.org/entities/eu-oj-d2ee46debf0ad0035f477cf6eccac020f5d786cd,eu_journal_sanctions
9056571,,Immanuel,sanction,,https://www.opensanctions.org/entities/eu-oj-d5121522784f0de603ca8928270eddb0f6084468,eu_journal_sanctions
9354301,,Jaguar,sanction,,https://www.opensanctions.org/entities/eu-oj-d5324a892412b42eef76b3935b92d69dbe56cd80,eu_journal_sanctions
9419151,,Wu Tai,sanction,,https://www.opensanctions.org/entities/eu-oj-d55b23f41a63c0fb3b2c1535473587a53cbaf3d4,eu_journal_sanctions
8408595,,WOORY STAR,sanction,,https://www.opensanctions.org/entities/eu-oj-d5c9f4d16612aecd95b98f421c5e2badd35c7b27,eu_journal_sanctions
8691702,,YU SON,sanction,,https://www.opensanctions.org/entities/eu-oj-d62ad17e9a8afbc36405267cf30e96eaf5db55f5,eu_journal_sanctions
9318034,,Olive,sanction,,https://www.opensanctions.org/entities/eu-oj-d6c18674e1c03e2bedefdde1f4a41a2f2298f229,eu_journal_sanctions
9321691,,Lahar,sanction,,https://www.opensanctions.org/entities/eu-oj-d79bb9ab5c01559ecce75b16e7617f3af1d0acee,eu_journal_sanctions
1064493,,OCEAN FORTUNE 18,sanction,,https://www.opensanctions.org/entities/eu-oj-d809e7fe876ea6f3cc97c5cb3a6c7177358b7bc6,eu_journal_sanctions
9422653,,GAZPROMNEFT NORDEAST,sanction,,https://www.opensanctions.org/entities/eu-oj-d85d602d9ca885503517f98445847e5621e82af9,eu_journal_sanctions
9610810,,Viktor Bakaev,sanction,,https://www.opensanctions.org/entities/eu-oj-d8b676879dccb720e41a479abafa4b463e867f91,eu_journal_sanctions
9382073,,EVERDINE,sanction,,https://www.opensanctions.org/entities/eu-oj-d8c35ac70ef92853897e3e3410300638b019a0af,eu_journal_sanctions
9250543,,Invicta,sanction,,https://www.opensanctions.org/entities/eu-oj-d9dd9da96f366bf201a312a32a69b83da4419edb,eu_journal_sanctions
9256066,,Ligovsky Prospect,sanction,,https://www.opensanctions.org/entities/eu-oj-d9ecacce9bb3165674dd6ab7259f7ee75ec65dc8,eu_journal_sanctions
9953509,,North Air,sanction,,https://www.opensanctions.org/entities/eu-oj-da23ad9573792b8ccb2b8263dc7663ab78d4dabd,eu_journal_sanctions
9683738,,LADY SEVDA,sanction,,https://www.opensanctions.org/entities/eu-oj-da7f87bf3795589c99279a71bffd3bf4d1a93dc9,eu_journal_sanctions
9253076,,Reus,sanction,,https://www.opensanctions.org/entities/eu-oj-da90c59596455c9d64c795e210ac46bf9227e0c1,eu_journal_sanctions
9735335,,SIG,sanction,,https://www.opensanctions.org/entities/eu-oj-da9ac079cf903c52903ce9901e17c5b59c66a5bc,eu_journal_sanctions
9288708,,Auro,sanction,,https://www.opensanctions.org/entities/eu-oj-dabee3faca354b60e98b840a619bf04d4c1a031e,eu_journal_sanctions
9066978,,PAEK MA,sanction,,https://www.opensanctions.org/entities/eu-oj-db2d20f6b3e13e3d81fd0d41b93298f18e6ab9fd,eu_journal_sanctions
9784893,,LADY RANIA,sanction,,https://www.opensanctions.org/entities/eu-oj-db3bfb0d2315ababd860e3f4d8afa295c1b87250,eu_journal_sanctions
9179842,,Angara,sanction,,https://www.opensanctions.org/entities/eu-oj-db523c19b175eb556a3df1ed92a08ee78e1fed68,eu_journal_sanctions
9303869,,ABINSK,sanction,,https://www.opensanctions.org/entities/eu-oj-dbc95d92da5f66aa4cfc2b0381e09df3f4fa27a2,eu_journal_sanctions
9194983,,Deliver,sanction,,https://www.opensanctions.org/entities/eu-oj-dbe89195dc41211a524b981ae361c9c79a08e06f,eu_journal_sanctions
8700096,,Partizansk,sanction,,https://www.opensanctions.org/entities/eu-oj-dbe8edbb464199d76f0a9d376642a0acda8ed84a,eu_journal_sanctions
9259733,,Yi Tong,sanction,,https://www.opensanctions.org/entities/eu-oj-dcd3886dac2ca62bcf54f812955e5cbd9ddf36dc,eu_journal_sanctions
9339313,,LADOGA,sanction,,https://www.opensanctions.org/entities/eu-oj-dd10d6f4b0d0662949ebe30498f6315fd0161639,eu_journal_sanctions
9318553,,Saga,sanction,,https://www.opensanctions.org/entities/eu-oj-dd8031be2d4351fdf8452e97ebf201ede9aedcf9,eu_journal_sanctions
8106496,,SAM MA 2,sanction,,https://www.opensanctions.org/entities/eu-oj-de1e92815187c97de095d12c7ef0369044430a7e,eu_journal_sanctions
9383869,,Saraswati,sanction,,https://www.opensanctions.org/entities/eu-oj-de7ead43294bc51f71c4583c5721ee8598f0729d,eu_journal_sanctions
9849887,,La Perouse,sanction,,https://www.opensanctions.org/entities/eu-oj-dee4c81f041dbbab1b3772061275663a119c4a29,eu_journal_sanctions
9308132,,TEMPEST DREAM,sanction,,https://www.opensanctions.org/entities/eu-oj-df15291c9520ea726e3b47ff81533de73ecc3a57,eu_journal_sanctions
9530917,,Sakina,sanction,,https://www.opensanctions.org/entities/eu-oj-df73b9876e5aef0452e98032f3155972947311d2,eu_journal_sanctions
9640499,,IVAN KRAMSKOY,sanction,,https://www.opensanctions.org/entities/eu-oj-df78ec852fcb68c093e87cb50b7128bc71e5316e,eu_journal_sanctions
9314088,,Lyra,sanction,,https://www.opensanctions.org/entities/eu-oj-e0abf5d90720cffc773aa1a9d034e503ba1c4d7f,eu_journal_sanctions
9409467,,Pravasi,sanction,,https://www.opensanctions.org/entities/eu-oj-e0b5c1053e90d8074b4957ee6c207c1df8d8235a,eu_journal_sanctions
9645023,,VASILY SURIKOV,sanction,,https://www.opensanctions.org/entities/eu-oj-e1363f516ff11695bc83c1d55fa8822a7c124b11,eu_journal_sanctions
9288693,,Andaman Skies,sanction,,https://www.opensanctions.org/entities/eu-oj-e1bc9b8cdf7595210cc7e9f257f5658fd6d834d4,eu_journal_sanctions
9187227,,Meru,sanction,,https://www.opensanctions.org/entities/eu-oj-e26eaaaa6f2a13990da4056530b1befca536db3a,eu_journal_sanctions
8747604,,HAO FAN 2,sanction,,https://www.opensanctions.org/entities/eu-oj-e2dbfda8b506ae08bc8a526c21bf8e7271feacf4,eu_journal_sanctions
9232888,,Ailama,sanction,,https://www.opensanctions.org/entities/eu-oj-e2ec63b0f71f4cd3ca9514950c06ffc217b279ae,eu_journal_sanctions
9389095,,Minion,sanction,,https://www.opensanctions.org/entities/eu-oj-e339e1b926e39d14866bfdcb4cdbda49f1d34502,eu_journal_sanctions
9664976,,IRTYSH,sanction,,https://www.opensanctions.org/entities/eu-oj-e39d967aeb6ab0fd7db26a75e2bfddd39466b9c1,eu_journal_sanctions
9337901,,RIMMA,sanction,,https://www.opensanctions.org/entities/eu-oj-e3b29f217c11e81b0a43d4d9b0dce18cdfb5c086,eu_journal_sanctions
9276561,,PRS Ocean,sanction,,https://www.opensanctions.org/entities/eu-oj-e3d065ec3654a59e5f426661d9dd582c5a70974d,eu_journal_sanctions
8713471,,Mi Rim,sanction,,https://www.opensanctions.org/entities/eu-oj-e3ed1471b6bb6c054d8b2bd5ca5609daa7f4bcc7,eu_journal_sanctions
9358010,,Maia-1,sanction,,https://www.opensanctions.org/entities/eu-oj-e49156707f67b944a297f209eb4448aeefe11ac9,eu_journal_sanctions
8330815,,Hu Chang,sanction,,https://www.opensanctions.org/entities/eu-oj-e49a4fd2748d1ace8461f290adc8ce3434012819,eu_journal_sanctions
9495832,,Black Sea Eagle,sanction,,https://www.opensanctions.org/entities/eu-oj-e4b56773b62a11c0d738befee0a796dcba3fc299,eu_journal_sanctions
9327372,,Tyagaraja,sanction,,https://www.opensanctions.org/entities/eu-oj-e507d282ade395580c1fc8b5d82ea1fbeb84246e,eu_journal_sanctions
9380673,,Centurion,sanction,,https://www.opensanctions.org/entities/eu-oj-e5991d750e9e7ca987b8079392df365eebe43eba,eu_journal_sanctions
9258167,,Akar West,sanction,,https://www.opensanctions.org/entities/eu-oj-e5d92b9aadd0115d22810cdb5873852f7ef20daa,eu_journal_sanctions
9630028,,Pearl,sanction,,https://www.opensanctions.org/entities/eu-oj-e6104ad8ac5413cdc84aace5f48d1e8f4d60fcc1,eu_journal_sanctions
9901025,,Vladimir Asenyev,sanction,,https://www.opensanctions.org/entities/eu-oj-e6195e4aa7028937f59739a21a2a5855d4c8f0fb,eu_journal_sanctions
9253234,,Gurudev,sanction,,https://www.opensanctions.org/entities/eu-oj-e6c3c70ad937fba17572ee9a92bef2d1c7148c0b,eu_journal_sanctions
8808525,,BRONCO,sanction,,https://www.opensanctions.org/entities/eu-oj-e6cee41b6400e435f91b8b2c0d62dea9df1614e4,eu_journal_sanctions
9419084,,IRKUTSK,sanction,,https://www.opensanctions.org/entities/eu-oj-e72373cd93021ef0234122bb08c881ce1eccc7df,eu_journal_sanctions
9282481,,TAGOR,sanction,,https://www.opensanctions.org/entities/eu-oj-e765cdd1bdca2876a1b5f7048cec0a12e2c44ef0,eu_journal_sanctions
9314105,,Makalu,sanction,,https://www.opensanctions.org/entities/eu-oj-e796b14e20be3683d2c2d574b2e6771672a51cfd,eu_journal_sanctions
9175078,,Zambra,sanction,,https://www.opensanctions.org/entities/eu-oj-e7e6064de9df2d47b189d5edc2c7975782a7ca69,eu_journal_sanctions
9278064,,SOFOS,sanction,,https://www.opensanctions.org/entities/eu-oj-e81043a491275ffdba5b7c63689edc4ab090b0bd,eu_journal_sanctions
9323974,,Marble,sanction,,https://www.opensanctions.org/entities/eu-oj-e8e40d13bb6c9e30ddbb857bc56cf64beecda007,eu_journal_sanctions
9037123,,AS CALCUTTA,sanction,,https://www.opensanctions.org/entities/eu-oj-e933f8d73191f0f1518fa66613aa0459df6c9498,eu_journal_sanctions
8605026,,YU PHYONG 5,sanction,,https://www.opensanctions.org/entities/eu-oj-e9a52e254969c8c2edc8ab4112bf2a04b1a118a2,eu_journal_sanctions
9379301,,VERSA,sanction,,https://www.opensanctions.org/entities/eu-oj-ea1edb8286542f3fe3faa13376df2172af6bd6fb,eu_journal_sanctions
9341093,,Kolomna,sanction,,https://www.opensanctions.org/entities/eu-oj-ea1fdce64a17da1fbc7bf97f0b291860f4a95636,eu_journal_sanctions
9283306,,Buddha,sanction,,https://www.opensanctions.org/entities/eu-oj-ea7af47fd56ae7323e672b15803aeb0c8a0f7ff0,eu_journal_sanctions
8604917,,YU JONG 2,sanction,,https://www.opensanctions.org/entities/eu-oj-ead9da1dcea9e6e3d22904b4942e294bc7181a24,eu_journal_sanctions
9297371,,Diva I,sanction,,https://www.opensanctions.org/entities/eu-oj-eaedae71adbcb85a2a722348562c07a40d640d4b,eu_journal_sanctions
9735323,,YAZ,sanction,,https://www.opensanctions.org/entities/eu-oj-eb041948862545df82c8dcd5d1cc834b80d1dfc3,eu_journal_sanctions
9311622,,Vanguard,sanction,,https://www.opensanctions.org/entities/eu-oj-eb42a5d543ca834fb8dbfec4c3dd7f073486ffc0,eu_journal_sanctions
9240885,,LONGEVITY 7,sanction,,https://www.opensanctions.org/entities/eu-oj-eb6e3f9a1ec855a0971eb10b37a138acdb4da4d9,eu_journal_sanctions
9372547,,VASILY DINKOV,sanction,,https://www.opensanctions.org/entities/eu-oj-ebaf938e605dffd3ef5fbf17ad674b601ce3e728,eu_journal_sanctions
9299666,,Dashan,sanction,,https://www.opensanctions.org/entities/eu-oj-ebfb3a84f995cdc0f21ce132be22b90c5b6f4ba4,eu_journal_sanctions
9292204,,Andromeda,sanction,,https://www.opensanctions.org/entities/eu-oj-ec1b8e11cc44ff8a393d9e95d3f84da86c8081ac,eu_journal_sanctions
9283241,,Dignity,sanction,,https://www.opensanctions.org/entities/eu-oj-ec7f476626658b88e5b4e6aaf136cc7d1e073350,eu_journal_sanctions
9412359,,Belgorod,sanction,,https://www.opensanctions.org/entities/eu-oj-ec8d0cc2319a814d505c4b67c11cdce0b2830c99,eu_journal_sanctions
9290517,,Vayu 1,sanction,,https://www.opensanctions.org/entities/eu-oj-ecc973a62e86d4d3c303339b98d2a36a2c846a5f,eu_journal_sanctions
9105140,,Taimyr,sanction,,https://www.opensanctions.org/entities/eu-oj-edb406ade75479e5c2db2fabfdaea28b9f11c59d,eu_journal_sanctions
9207027,,Vernal,sanction,,https://www.opensanctions.org/entities/eu-oj-edba9482cb0b2217ef6ed07a7cc9e48686a74339,eu_journal_sanctions
8405311,,SAM JONG 1,sanction,,https://www.opensanctions.org/entities/eu-oj-eea726c5ebcb65263048bc579a1d3358f2cd832c,eu_journal_sanctions
9256602,,Sputnik Energy,sanction,,https://www.opensanctions.org/entities/eu-oj-ef651dc8a5561736d8f0f1018ac8902275de354a,eu_journal_sanctions
9270529,,Krymsk,sanction,,https://www.opensanctions.org/entities/eu-oj-ef8f4714836cb0219ad497fefa7ce1c5a5ca191f,eu_journal_sanctions
9749154,,Kupava,sanction,,https://www.opensanctions.org/entities/eu-oj-efa5df02703dbef05d6039bb7a2494d79d47d49f,eu_journal_sanctions
9640516,,VF Tanker-3,sanction,,https://www.opensanctions.org/entities/eu-oj-efb955a4a74fb3cf9c529d79c51c7519f90e4e29,eu_journal_sanctions
9247778,,BREEZ,sanction,,https://www.opensanctions.org/entities/eu-oj-eff1a7bec587f7357d7895c8519dc226e2f6d84e,eu_journal_sanctions
9610793,,Georgy Maslov,sanction,,https://www.opensanctions.org/entities/eu-oj-eff621564a16421c3d376d43397f64d34236f6e2,eu_journal_sanctions
9544281,,Corum,sanction,,https://www.opensanctions.org/entities/eu-oj-f0063390f9676f66aac3ca1eefeb0b1813844d2f,eu_journal_sanctions
9752096,,SHTURMAN MALYGIN,sanction,,https://www.opensanctions.org/entities/eu-oj-f066dad5465f39da7f59edf9167c201e4f5de65b,eu_journal_sanctions
8405270,,Hui Chon,sanction,,https://www.opensanctions.org/entities/eu-oj-f1185c5518f96be7a1f734dcbc612d1b1d3411f4,eu_journal_sanctions
9435375,,Irtysh River,sanction,,https://www.opensanctions.org/entities/eu-oj-f1518fe89e5429ef424c1dc3a56ce541ed7b3779,eu_journal_sanctions
9599353,,VENUS III,sanction,,https://www.opensanctions.org/entities/eu-oj-f18e798a3fd0e3873c2f2f8a028493f16c075c46,eu_journal_sanctions
7937317,,Tong Hung San,sanction,,https://www.opensanctions.org/entities/eu-oj-f1b27d1e96e4cdb39da06c9eab545ac7f3d76785,eu_journal_sanctions
9247792,,Lalique,sanction,,https://www.opensanctions.org/entities/eu-oj-f1d1e318fb99551f6ce99b11da9492b944c116c0,eu_journal_sanctions
9250531,,Rozmarine,sanction,,https://www.opensanctions.org/entities/eu-oj-f274c72135f373476614e245fb055e1fa243797c,eu_journal_sanctions
9208069,,Stellar Beverly,sanction,,https://www.opensanctions.org/entities/eu-oj-f2dca357e4799c0c19b661cff449d69c49869148,eu_journal_sanctions
9306809,,INNOVATOR,sanction,,https://www.opensanctions.org/entities/eu-oj-f30963dc1499f3baac8d16dc787dbe050957a683,eu_journal_sanctions
9511533,,Rigel,sanction,,https://www.opensanctions.org/entities/eu-oj-f32e8f8221dc7813a96a4f9f9c8d31664a5a2c75,eu_journal_sanctions
9428358,,Xue Song,sanction,,https://www.opensanctions.org/entities/eu-oj-f36b57d355e3769f160626f919829cd9caab444c,eu_journal_sanctions
9309576,,Sapphire,sanction,,https://www.opensanctions.org/entities/eu-oj-f3b14e1f6dafa4168c14dd11b72b8d34c425023d,eu_journal_sanctions
9589750,,Danshui,sanction,,https://www.opensanctions.org/entities/eu-oj-f4d16d153c0f93cf7465517a75b30450db0e0357,eu_journal_sanctions
9316127,,Vega,sanction,,https://www.opensanctions.org/entities/eu-oj-f6034728dac5c6a4cac682dff0734bcb3a226f75,eu_journal_sanctions
9333400,,Noble,sanction,,https://www.opensanctions.org/entities/eu-oj-f6659f17b4d445df281a7bf99092646be74e225d,eu_journal_sanctions
9255660,,Pontus I,sanction,,https://www.opensanctions.org/entities/eu-oj-f6bcfa50ec4d5decfc6c18d687922b33447f555f,eu_journal_sanctions
9164512,,Avior,sanction,,https://www.opensanctions.org/entities/eu-oj-f6d84dc0b7f0b4bd276b3ea9d02cec44497582f6,eu_journal_sanctions
9826902,,Galaxy,sanction,,https://www.opensanctions.org/entities/eu-oj-f81226448ef5d393cb67302c3c979cd83cb1f878,eu_journal_sanctions
9314820,,OSCAR I,sanction,,https://www.opensanctions.org/entities/eu-oj-f8b27f91005eeed9ec5a092e88518242744e2229,eu_journal_sanctions
9319703,,Great Jacombo,sanction,,https://www.opensanctions.org/entities/eu-oj-f8e3115653144b7f1a23fd9056ad663e86505fff,eu_journal_sanctions
9397535,,JUPITER,sanction,,https://www.opensanctions.org/entities/eu-oj-fa7f8b226c3acd7c7a392fbd7ca0fe3f3661d18b,eu_journal_sanctions
9271327,,View,sanction,,https://www.opensanctions.org/entities/eu-oj-faa772a820b9758d48f982d810a2d8819d2c8f39,eu_journal_sanctions
9388766,,Destan,sanction,,https://www.opensanctions.org/entities/eu-oj-face106fb8cf6b1dafa35eee5ad9af6baa431dd2,eu_journal_sanctions
9285835,,Sea Fidelity,sanction,,https://www.opensanctions.org/entities/eu-oj-fae492b8a20ebc32b81c2c3a6eb957173e1d2542,eu_journal_sanctions
9842176,,Vladimir Monomakh,sanction,,https://www.opensanctions.org/entities/eu-oj-fb256f1d53e31d04be8799ce0042fab305ccd007,eu_journal_sanctions
9524463,,Sakarya,sanction,,https://www.opensanctions.org/entities/eu-oj-fb7111a6698b9eb5e702cc3b5037a0005896f767,eu_journal_sanctions
9511521,,Meridian,sanction,,https://www.opensanctions.org/entities/eu-oj-fb7679b570731a33db7a9adab0012c761c3ea17f,eu_journal_sanctions
9388792,,Unity,sanction,,https://www.opensanctions.org/entities/eu-oj-fb80e2939907e51abb352e7a161c1cc41feabe64,eu_journal_sanctions
9379052,,Ocean Autumn,sanction,,https://www.opensanctions.org/entities/eu-oj-fb8b6d6325ea2ee896d0c458112eb0150513c925,eu_journal_sanctions
9621560,,BAVLY,sanction,,https://www.opensanctions.org/entities/eu-oj-fba741a62bf7704c14943346af24eecf5c0da880,eu_journal_sanctions
9299707,,GUANYIN,sanction,,https://www.opensanctions.org/entities/eu-oj-fbb5f6232599bb50d0a8d6f0faf33e7b98be0cf0,eu_journal_sanctions
9310525,,Oilstar,sanction,,https://www.opensanctions.org/entities/eu-oj-fc0a54338e6993d9bd779d630d60e73959b98582,eu_journal_sanctions
9289776,,Maisan,sanction,,https://www.opensanctions.org/entities/eu-oj-fc34791714feea565c50b18998f402cff8b784e4,eu_journal_sanctions
9385142,,Almond,sanction,,https://www.opensanctions.org/entities/eu-oj-fc40496920f46f0d667380d6e0165420092df661,eu_journal_sanctions
9408205,,Fast Kathy,sanction,,https://www.opensanctions.org/entities/eu-oj-fca5723c3be123efd9328c9414790303daef6d16,eu_journal_sanctions
9430210,,Gogland,sanction,,https://www.opensanctions.org/entities/eu-oj-fd54945399c8bf13c8d18edfbc4a761d284af790,eu_journal_sanctions
9306562,,RHEIN,sanction,,https://www.opensanctions.org/entities/eu-oj-fde01d1b454aa6c9ca3a5546787dd4b4cc40a14e,eu_journal_sanctions
9243148,,Metagas Everest,sanction,,https://www.opensanctions.org/entities/eu-oj-fde94284db7f353c09471ff38deb69ff1af3f65e,eu_journal_sanctions
9288851,,Carl,sanction,,https://www.opensanctions.org/entities/eu-oj-fe089589d69c83b2ad5fbd61f88a47b80947de46,eu_journal_sanctions
9284726,,Bonifacy,sanction,,https://www.opensanctions.org/entities/eu-oj-fe8746eca9c468af48384e82f94cab034c583fbf,eu_journal_sanctions
8414477,,FLANDRIA,sanction,,https://www.opensanctions.org/entities/eu-oj-fe9d21deddff0370f13dc8ce5fb23fc3b12144d8,eu_journal_sanctions
8605026,,YU PHYONG 5,sanction,,https://www.opensanctions.org/entities/eu-oj-feae51df7eb69bdb70b92e1aa32776ef6c212fb0,eu_journal_sanctions
9290921,,Beast,sanction,,https://www.opensanctions.org/entities/eu-oj-fed43d57ffd1d18a273445a1ca20e838610dd45c,eu_journal_sanctions
9336517,,URIEL,sanction,,https://www.opensanctions.org/entities/eu-oj-fffd960c2b3df3b95cf91ea8ee3e5f7e371a4b08,eu_journal_sanctions
9232931,,Narcissus,sanction,,https://www.opensanctions.org/entities/eu-sancmap-0038482816d2b5cfc491415716c33963841ca6f5,eu_sanctions_map
9292204,,Andromeda,sanction,,https://www.opensanctions.org/entities/eu-sancmap-00caf0607dc1696a5d9c909b66bf3b76907fed62,eu_sanctions_map
9412995,,Kruger,sanction,,https://www.opensanctions.org/entities/eu-sancmap-00cccd8b998879e4a6abda7aa8c8de6b50f264ba,eu_sanctions_map
8517839,,Maria,sanction,,https://www.opensanctions.org/entities/eu-sancmap-010976f98e988802fcbe6324ed08d2f89af43e06,eu_sanctions_map
9242223,,ADONIA,sanction,,https://www.opensanctions.org/entities/eu-sancmap-0138cc87ab100b75df6e0d6bcbd5eee261dd6d5b,eu_sanctions_map
9434890,,Nautilus,sanction,,https://www.opensanctions.org/entities/eu-sancmap-022a80e7e6c8709a23cd1c2c7d6c53c3f97e8f64,eu_sanctions_map
9360130,,Zaliv Vostok,sanction,,https://www.opensanctions.org/entities/eu-sancmap-023c76496bd89b6b6c97bdc81741268713f0d087,eu_sanctions_map
9306627,,Huang He,sanction,,https://www.opensanctions.org/entities/eu-sancmap-02ec2e093d398f0698b6e4286d2ca4669a8141e0,eu_sanctions_map
9164512,,Avior,sanction,,https://www.opensanctions.org/entities/eu-sancmap-034e5afaa1d93c931b11f30eab260ff4fc877fe5,eu_sanctions_map
9276030,,Elbrus,sanction,,https://www.opensanctions.org/entities/eu-sancmap-03e0e4338643e1a5b2fab7271fdf51ee41d001a0,eu_sanctions_map
9285847,,Sirius I,sanction,,https://www.opensanctions.org/entities/eu-sancmap-052b97d67cf01e2a2f3549e9dedf2941273c028a,eu_sanctions_map
9256066,,Ligovsky Prospect,sanction,,https://www.opensanctions.org/entities/eu-sancmap-058ed5596b2c7f95d570f75711f7ccd5f3bb4186,eu_sanctions_map
9354313,,Zaliv Amurskiy,sanction,,https://www.opensanctions.org/entities/eu-sancmap-064559337dcd0f61ab4b838f8c11453cd66c7b94,eu_sanctions_map
9235713,,Amber 6,sanction,,https://www.opensanctions.org/entities/eu-sancmap-070824abbf6c26ed64ffd2d6c8b60226f1d8c5d2,eu_sanctions_map
9645023,,VASILY SURIKOV,sanction,,https://www.opensanctions.org/entities/eu-sancmap-0709615ce327feea9284ad33f886b943c1243bd1,eu_sanctions_map
9390317,,MARINSTRAUM,sanction,,https://www.opensanctions.org/entities/eu-sancmap-0753bf2a92bf1a2c7c7b90660a14ad57fc2c38b4,eu_sanctions_map
9353113,,Kavya (formerly Hana),sanction,,https://www.opensanctions.org/entities/eu-sancmap-07e03c4efd9feb449e784df4ce96791e7c032743,eu_sanctions_map
9333682,,KIRILL LAVROV,sanction,,https://www.opensanctions.org/entities/eu-sancmap-08155cf68cf08f9ddf74e4a304f939a6c463ca64,eu_sanctions_map
9304825,,Jaldhara,sanction,,https://www.opensanctions.org/entities/eu-sancmap-084cf9accef34d4fda1f04454b8196a318413a45,eu_sanctions_map
9299666,,Mianzimu,sanction,,https://www.opensanctions.org/entities/eu-sancmap-085aab69afd9040ed9816d15a7a464bbd75ddc59,eu_sanctions_map
9236016,,Vision,sanction,,https://www.opensanctions.org/entities/eu-sancmap-087dd28aaec441b5059b3c3e0031cc973092c33c,eu_sanctions_map
9394935,,Ocean AMZ,sanction,,https://www.opensanctions.org/entities/eu-sancmap-08a6f65d62431db142706178646576d6f095c4c3,eu_sanctions_map
9233777,,OCEAN II,sanction,,https://www.opensanctions.org/entities/eu-sancmap-08a9efd0ee0747e4d861028b38f5fc77163aa873,eu_sanctions_map
9252955,,BRIONT,sanction,,https://www.opensanctions.org/entities/eu-sancmap-08d55d3ed9b21dd13b17f59b68e91f82813d24d7,eu_sanctions_map
9266475,,Sauri,sanction,,https://www.opensanctions.org/entities/eu-sancmap-08dbe1717620348e069e79656532ac0f08ef9886,eu_sanctions_map
9276028,,PEGASUS,sanction,,https://www.opensanctions.org/entities/eu-sancmap-08e3bcac67527095d998c693720c0aaf1f9641d7,eu_sanctions_map
9838864,,SVYATOI KNYAZ VLADIMIR,sanction,,https://www.opensanctions.org/entities/eu-sancmap-09929fea231b0949047026117db4a10b1370e87b,eu_sanctions_map
9842190,,Akademik Gubkin,sanction,,https://www.opensanctions.org/entities/eu-sancmap-09b1306413f06402812f7f89984f56084826dec0,eu_sanctions_map
9194983,,Deliver,sanction,,https://www.opensanctions.org/entities/eu-sancmap-0a63e088dafc3b32deb3379c7e7ca0ecf1822d18,eu_sanctions_map
9385831,,Leruo,sanction,,https://www.opensanctions.org/entities/eu-sancmap-0a7092eec442ad10b9878bdca97fd3bb3028f34b,eu_sanctions_map
9236353,,Blue,sanction,,https://www.opensanctions.org/entities/eu-sancmap-0ab588401ff377fd9bb1ead5cadb8fd0a5d5ce45,eu_sanctions_map
9327372,,Tyagaraja,sanction,,https://www.opensanctions.org/entities/eu-sancmap-0ac91f2673ef20da12ed55b0a40c2dde49993a1e,eu_sanctions_map
9308132,,TEMPEST DREAM,sanction,,https://www.opensanctions.org/entities/eu-sancmap-0b01bd8f4199af3a36fd16f014a4b5e11669f372,eu_sanctions_map
9397559,,Aria,sanction,,https://www.opensanctions.org/entities/eu-sancmap-0bb3ad034afa6ebbc148df591cef2b882df221bc,eu_sanctions_map
9472634,,AURA 1,sanction,,https://www.opensanctions.org/entities/eu-sancmap-0bcea19f596bd70c91feca72db958280c55ffb19,eu_sanctions_map
9306794,,Constellation,sanction,,https://www.opensanctions.org/entities/eu-sancmap-0bd0e8abc6a084246eed87737aa838d762708e06,eu_sanctions_map
9388754,,Long Bai,sanction,,https://www.opensanctions.org/entities/eu-sancmap-0bf7b552289066f2415f6e2824b23d5db6e1f47f,eu_sanctions_map
9435337,,Akhty,sanction,,https://www.opensanctions.org/entities/eu-sancmap-0bfc1593e90ea223a6948ba5d3924557fe6f058d,eu_sanctions_map
9301392,,Captain Kostichev,sanction,,https://www.opensanctions.org/entities/eu-sancmap-0c267941fec0e85197cab68e6cab535ca90e6f76,eu_sanctions_map
9259745,,Eternal Peace,sanction,,https://www.opensanctions.org/entities/eu-sancmap-0cd8f364755419be87171167633eff631f0a6499,eu_sanctions_map
9231509,,Trend,sanction,,https://www.opensanctions.org/entities/eu-sancmap-0d3a2120349b95c893ae72ca2ce2e53dab75ba05,eu_sanctions_map
9299903,,Deyna,sanction,,https://www.opensanctions.org/entities/eu-sancmap-0d604852f4dfc4cbd7542228f5515d6eaa707038,eu_sanctions_map
9378620,,Ganga,sanction,,https://www.opensanctions.org/entities/eu-sancmap-0d63a657f9b0ea640d6bc4990a7e61515c55473a,eu_sanctions_map
9397547,,Ariadne,sanction,,https://www.opensanctions.org/entities/eu-sancmap-0dc573fb9a88a4d74ccca352a1b0fcb93fc73de9,eu_sanctions_map
9259197,,Thalia III,sanction,,https://www.opensanctions.org/entities/eu-sancmap-0e275f250e49ac7468f48b1e8846ff0b54beaad5,eu_sanctions_map
9311531,,Afkada,sanction,,https://www.opensanctions.org/entities/eu-sancmap-0e8595a2f52fa10f43dc37514c836130d690b518,eu_sanctions_map
9422445,,Sirius,sanction,,https://www.opensanctions.org/entities/eu-sancmap-0eb9e56e351a65bc8a56ebafb85ea624e8293b9c,eu_sanctions_map
9328170,,AETHER,sanction,,https://www.opensanctions.org/entities/eu-sancmap-0f1b7ee8d2730fda47ff48e88fbb7f193fed2651,eu_sanctions_map
9114555,,UL JI BONG 6,sanction,,https://www.opensanctions.org/entities/eu-sancmap-0f206c2cd2c2321dc08df7f89c2cbf5a69bf217a,eu_sanctions_map
9339313,,LADOGA,sanction,,https://www.opensanctions.org/entities/eu-sancmap-0f26c40541f0ee2161dc029b1ac19a49f6d61570,eu_sanctions_map
9312884,,Kemerovo,sanction,,https://www.opensanctions.org/entities/eu-sancmap-0f38a7b095aafb4078bdeefe9fab7e41f2af9708,eu_sanctions_map
9346744,,Ma Jin,sanction,,https://www.opensanctions.org/entities/eu-sancmap-0f8acc90f40afd1e9d57e7218150205847a43c2e,eu_sanctions_map
9306809,,INNOVATOR,sanction,,https://www.opensanctions.org/entities/eu-sancmap-0fc058606bc436723df65ca3e2c83733b45eb975,eu_sanctions_map
9266475,,Sauri,sanction,,https://www.opensanctions.org/entities/eu-sancmap-103720e7def4b339773fb330a4a9028dd9521e34,eu_sanctions_map
9288899,,Lorena Grand,sanction,,https://www.opensanctions.org/entities/eu-sancmap-109af09b8577a6793eccbec745266ac5304203ee,eu_sanctions_map
9333412,,Enigma,sanction,,https://www.opensanctions.org/entities/eu-sancmap-10c1e7ed86a42d0f4853ca6def9a20cd4c58e297,eu_sanctions_map
9298492,,TOA PAYOH,sanction,,https://www.opensanctions.org/entities/eu-sancmap-10dd198d7a351b371848a437741a05ab2c88dd33,eu_sanctions_map
9301419,,Yuri Senkevich,sanction,,https://www.opensanctions.org/entities/eu-sancmap-11639626f885c3945efe6fd137e9a4ae104e34a7,eu_sanctions_map
9418494,,Zaliv Aniva,sanction,,https://www.opensanctions.org/entities/eu-sancmap-118ecb1b72c7dca0c4b3b1f7487a7707a1d5b0f2,eu_sanctions_map
9020003,,HUA FU,sanction,,https://www.opensanctions.org/entities/eu-sancmap-11ec011d636b68ceec064ae1724c0561b0ddc7a5,eu_sanctions_map
9286657,,Lokosao,sanction,,https://www.opensanctions.org/entities/eu-sancmap-11ee8ac3affc1c4532434756f6ab6949313a08af,eu_sanctions_map
9953535,,North Way,sanction,,https://www.opensanctions.org/entities/eu-sancmap-122cf93dc2b890a07cab99c746d821201e5fa728,eu_sanctions_map
9321691,,Lahar,sanction,,https://www.opensanctions.org/entities/eu-sancmap-129d685b885ce810d41d1ddfa9e7100a0c23021c,eu_sanctions_map
9309576,,Sapphire (formerly NS Silver),sanction,,https://www.opensanctions.org/entities/eu-sancmap-12a1f942bfc230fd4d02c99634165c6a40fd352b,eu_sanctions_map
9329760,,Eagle S,sanction,,https://www.opensanctions.org/entities/eu-sancmap-12b275191fee15ecc19a27951e5c7f28b96d9db8,eu_sanctions_map
9830769,,Hunter Star,sanction,,https://www.opensanctions.org/entities/eu-sancmap-12ddc8fe588ae8fb8daac6d239f99fd4ba0f7b8c,eu_sanctions_map
9348479,,Lucky Fairy,sanction,,https://www.opensanctions.org/entities/eu-sancmap-1330750409fb2a3d6bff328d593ec67a55d8f6db,eu_sanctions_map
9308950,,Seasons I,sanction,,https://www.opensanctions.org/entities/eu-sancmap-13812aafd8b2dfa4bfd17bbbf5db3d93458e21f1,eu_sanctions_map
9876359,,IVAN AIVAZOVSKY,sanction,,https://www.opensanctions.org/entities/eu-sancmap-1407f657d892feb5404600489e909f471154bc55,eu_sanctions_map
9301392,,Captain Kostichev,sanction,,https://www.opensanctions.org/entities/eu-sancmap-1489a1b300f90e4d940cf93e546afd3e618ad04b,eu_sanctions_map
9683740,,LADY LEILA,sanction,,https://www.opensanctions.org/entities/eu-sancmap-149fedd659e944ed90be9a3136f5b71ff936cc32,eu_sanctions_map
9418494,,Zaliv Aniva,sanction,,https://www.opensanctions.org/entities/eu-sancmap-14d66c8e4e5a0564b70db4e0fffff97720217552,eu_sanctions_map
9008201,,DONG FENG 6,sanction,,https://www.opensanctions.org/entities/eu-sancmap-153d4a742f594ccacc875fcecc721ffd64456f6d,eu_sanctions_map
9299886,,Wall,sanction,,https://www.opensanctions.org/entities/eu-sancmap-1581246c7e9f9ad0118c590a3c2d313574e38b5b,eu_sanctions_map
9630004,,Valera,sanction,,https://www.opensanctions.org/entities/eu-sancmap-159e75a74c87bccd8f560d30087a5d48ad239a65,eu_sanctions_map
9224439,,CAROLINE BEZENGI,sanction,,https://www.opensanctions.org/entities/eu-sancmap-163fd27e71f5dd5db1cee20ff5425405dc9c9d46,eu_sanctions_map
9066540,,HAP JANG GANG 6,sanction,,https://www.opensanctions.org/entities/eu-sancmap-164c19c61162e84e767ad46713473df76bd3dea3,eu_sanctions_map
9290309,,Hulda,sanction,,https://www.opensanctions.org/entities/eu-sancmap-16b8ba205647df20b589561abc739d274f1a33a6,eu_sanctions_map
9624316,,Aura,sanction,,https://www.opensanctions.org/entities/eu-sancmap-16e94270497ad952d4ee5e87cb02b355817d61ec,eu_sanctions_map
8712362,,CHON MYONG 1,sanction,,https://www.opensanctions.org/entities/eu-sancmap-175cbd95e16f55350037259bffd0db5c70314679,eu_sanctions_map
9273052,,Alissa,sanction,,https://www.opensanctions.org/entities/eu-sancmap-1767aace93b1b4afbe61390b975c9a0b2a14623b,eu_sanctions_map
9630028,,Pearl,sanction,,https://www.opensanctions.org/entities/eu-sancmap-17b337f4c39f273bdc1ff3c34eb05fadd49aeb06,eu_sanctions_map
9274800,,ASTRAL,sanction,,https://www.opensanctions.org/entities/eu-sancmap-17ff7a91b0ceae7196fbfa456b5734aa8b45b7e2,eu_sanctions_map
9329667,,Pacific,sanction,,https://www.opensanctions.org/entities/eu-sancmap-182d0bd0e16945ea750dc5666cf2d81ad71a2113,eu_sanctions_map
9866380,,Okeansky Prospect,sanction,,https://www.opensanctions.org/entities/eu-sancmap-18a917244f2a20655f5556d491eb00f5482f56f4,eu_sanctions_map
9208069,,Stellar Beverly,sanction,,https://www.opensanctions.org/entities/eu-sancmap-18b00c53fb7052a9a01cb7997638580f70d8965e,eu_sanctions_map
9934498,,Nan Feng Zhi Xing,sanction,,https://www.opensanctions.org/entities/eu-sancmap-19300ac6348c3ba9153e26d5ab09c2e7207afa78,eu_sanctions_map
9248796,,IRON WAVE,sanction,,https://www.opensanctions.org/entities/eu-sancmap-19590a2f6727f973158faa52274d82d2328e7ea0,eu_sanctions_map
9296810,,Missoni,sanction,,https://www.opensanctions.org/entities/eu-sancmap-196b611dbc0c857448688c65a628220e458049ab,eu_sanctions_map
9304356,,Yodan,sanction,,https://www.opensanctions.org/entities/eu-sancmap-19befefeaff99002add36955c26492c7d1556acd,eu_sanctions_map
9293002,,Argent (formerly Jaguar),sanction,,https://www.opensanctions.org/entities/eu-sancmap-1b75129e3765080abf888faf76eab12bfc0c89fd,eu_sanctions_map
9763837,,Audax,sanction,,https://www.opensanctions.org/entities/eu-sancmap-1bc0b887489480001e347f2421d150a6f121c5ee,eu_sanctions_map
9409467,,Pravasi,sanction,,https://www.opensanctions.org/entities/eu-sancmap-1bc2ef6bfe69a30719704941873c671e1aa0a9b4,eu_sanctions_map
9356610,,ALEXANDER NEVSKIY,sanction,,https://www.opensanctions.org/entities/eu-sancmap-1bcc6c6293a5b831924e9b0b90b795ed81225a56,eu_sanctions_map
9413561,,Alliance,sanction,,https://www.opensanctions.org/entities/eu-sancmap-1be62e8612668e6080dd4b1bc1bd3b9f1dd9534e,eu_sanctions_map
9255270,,NP DIKSON,sanction,,https://www.opensanctions.org/entities/eu-sancmap-1c094424a410c79a64ce7935e59b6b4aa74584c5,eu_sanctions_map
9297553,,Monte I,sanction,,https://www.opensanctions.org/entities/eu-sancmap-1c1307647200562e6a14bd69d6d0e1cb8c92f7fc,eu_sanctions_map
9305556,,MARVEN,sanction,,https://www.opensanctions.org/entities/eu-sancmap-1c329519861173481fa312b3e64efddd8cb56871,eu_sanctions_map
9288708,,Stratos Aurora,sanction,,https://www.opensanctions.org/entities/eu-sancmap-1ca53f9095f981d2137a3936e631a176debe22ed,eu_sanctions_map
9915090,,Saam FSU,sanction,,https://www.opensanctions.org/entities/eu-sancmap-1cc6131ee449fa5e2b8786bf274ad2d7aeb8ed95,eu_sanctions_map
9209972,,Temiro,sanction,,https://www.opensanctions.org/entities/eu-sancmap-1cf44a6d46430fcf4acf1b3eeb8af554a94dfe83,eu_sanctions_map
9610781,,Zenith,sanction,,https://www.opensanctions.org/entities/eu-sancmap-1d2b4ef2f58425c54b46ea5f752bf7623f26c4f0,eu_sanctions_map
9915090,,Saam FSU,sanction,,https://www.opensanctions.org/entities/eu-sancmap-1d43ebeec9ec616e67040bd9f0c4209b743efaa2,eu_sanctions_map
9436941,,Attica,sanction,,https://www.opensanctions.org/entities/eu-sancmap-1dbad2e4233d1001675d251f6c91eb957331302e,eu_sanctions_map
9257137,,Min Hang,sanction,,https://www.opensanctions.org/entities/eu-sancmap-1dd8107d2e2f9ca95ad8512a910b0a977c285eb5,eu_sanctions_map
9290385,,ELBUS,sanction,,https://www.opensanctions.org/entities/eu-sancmap-1e3bcf90e09a6a1ff5cb9f62d4e3253b3805ddff,eu_sanctions_map
9236248,,FENGHUANG,sanction,,https://www.opensanctions.org/entities/eu-sancmap-1e5eb2a22634e2977350b0f933a9d84c7454aeda,eu_sanctions_map
8628597,,HAO FAN 6,sanction,,https://www.opensanctions.org/entities/eu-sancmap-1e7d734ab743ab71af497e6e71ee97e26eb8b555,eu_sanctions_map
9299123,,Sofia K,sanction,,https://www.opensanctions.org/entities/eu-sancmap-1e882579520e806bbbb67bb55555b9e317816d8c,eu_sanctions_map
9299874,,Viper,sanction,,https://www.opensanctions.org/entities/eu-sancmap-1ea7c410466cc0d252adbbd1533ae65dae573dab,eu_sanctions_map
9255244,,Bolognia Falcon,sanction,,https://www.opensanctions.org/entities/eu-sancmap-1f0f0e8d54590e4a923b93997fd0eaab74c2b8d4,eu_sanctions_map
9314179,,FLINT WIND,sanction,,https://www.opensanctions.org/entities/eu-sancmap-1f18cf11209f153a0010c2a0b2f31fddd72abb26,eu_sanctions_map
9255672,,Lebre,sanction,,https://www.opensanctions.org/entities/eu-sancmap-1f4131ef25fcd62c2afc0366eee58be5dbf55bfd,eu_sanctions_map
9353096,,Madhav,sanction,,https://www.opensanctions.org/entities/eu-sancmap-1fd6c4a35f316563b47bfa5df30932b584c30685,eu_sanctions_map
9243148,,Metagas Everest,sanction,,https://www.opensanctions.org/entities/eu-sancmap-1fd8ac3fd745cdf64904104804f975cd1f2adc62,eu_sanctions_map
8408595,,WOORY STAR,sanction,,https://www.opensanctions.org/entities/eu-sancmap-2021f05be14969b0c2c14d94e1232a118560e658,eu_sanctions_map
9312896,,Krasnoyarsk,sanction,,https://www.opensanctions.org/entities/eu-sancmap-2050be7bf68d35b98bc28d38228c22017b67fda0,eu_sanctions_map
9358010,,Maia-1,sanction,,https://www.opensanctions.org/entities/eu-sancmap-20e3e4fc319909c35a0416ded112c97adf603584,eu_sanctions_map
9319686,,Hu Po,sanction,,https://www.opensanctions.org/entities/eu-sancmap-20f2a5cddd350c45868eb6bb36cf1204c11d5a56,eu_sanctions_map
9413561,,Alliance,sanction,,https://www.opensanctions.org/entities/eu-sancmap-20fb1bfde9f1245a6582ca5bbcdec8347eb906a9,eu_sanctions_map
9036272,,KORD ARCTIC,sanction,,https://www.opensanctions.org/entities/eu-sancmap-210ac96a3c1d40fd3b6ef5c89abbd918af5e22b9,eu_sanctions_map
9079169,,Enisey,sanction,,https://www.opensanctions.org/entities/eu-sancmap-218ac16cb49eefab74d0189e9484e5c512afd53e,eu_sanctions_map
8231057,,Volgoneft 251,sanction,,https://www.opensanctions.org/entities/eu-sancmap-21bd2364648e7df059dc463b734dbe18ddb3f7af,eu_sanctions_map
8405311,,SAM JONG 1,sanction,,https://www.opensanctions.org/entities/eu-sancmap-220c74bae3b8ce57d03dadecc4bdb6df99984a58,eu_sanctions_map
9915105,,Koryak FSU,sanction,,https://www.opensanctions.org/entities/eu-sancmap-225f6eb6b90e745ab8d2c8c35110a4cc2ce1b2bd,eu_sanctions_map
9312872,,Huihai Atlantic,sanction,,https://www.opensanctions.org/entities/eu-sancmap-2337d04271cf4bea16a8d41dd575d96f3b790900,eu_sanctions_map
9353113,,Hana,sanction,,https://www.opensanctions.org/entities/eu-sancmap-23487d6c78a608163c4dfaa10fcb30b6009670a9,eu_sanctions_map
9281009,,Kai Fu,sanction,,https://www.opensanctions.org/entities/eu-sancmap-23d0b2def4bd49a2a9738102923809942dfc2cd0,eu_sanctions_map
9386536,,Spring Fortune,sanction,,https://www.opensanctions.org/entities/eu-sancmap-243efc043eb3f6d06d1707cf0d6b604b2d2d03d4,eu_sanctions_map
8747604,,HAO FAN 2,sanction,,https://www.opensanctions.org/entities/eu-sancmap-248d7f0e5ac638dc76f15471e5ef32b3bd85506a,eu_sanctions_map
9283306,,Buddha,sanction,,https://www.opensanctions.org/entities/eu-sancmap-249540c5a200682f4f94e0cffdbda014e9201d83,eu_sanctions_map
9332822,,Nichole,sanction,,https://www.opensanctions.org/entities/eu-sancmap-24a87ea82b0a7de7078c12f67f6719032cbdfb70,eu_sanctions_map
9389679,,Lieto,sanction,,https://www.opensanctions.org/entities/eu-sancmap-24bbb2d8cf7f8f36755c7770417328f069485adf,eu_sanctions_map
9183831,,Np Dudinka,sanction,,https://www.opensanctions.org/entities/eu-sancmap-24d24b9217df996dd8db6f10716a1126e7fd76f9,eu_sanctions_map
9610808,,Anatoly Kolodkin,sanction,,https://www.opensanctions.org/entities/eu-sancmap-24f6f4f74a7e794579b53eaaf9c05c027da6c565,eu_sanctions_map
9281011,,Moti,sanction,,https://www.opensanctions.org/entities/eu-sancmap-2543e354f28e364ef9512388be0a74f962320517,eu_sanctions_map
8915548,,RYAZAN,sanction,,https://www.opensanctions.org/entities/eu-sancmap-25ab19497d0881aab20b45b0fe994af993390f6a,eu_sanctions_map
9285835,,Sea Fidelity,sanction,,https://www.opensanctions.org/entities/eu-sancmap-25c24d017e284859ab06bf9910d81e119897e2f3,eu_sanctions_map
9286657,,Lokosao,sanction,,https://www.opensanctions.org/entities/eu-sancmap-261aa040b0624a3069b722a241c424080251f151,eu_sanctions_map
9354313,,Zaliv Amurskiy,sanction,,https://www.opensanctions.org/entities/eu-sancmap-26ed0a85a74f6f5a35aa4367813944acca6a8d7a,eu_sanctions_map
9194983,,Deliver,sanction,,https://www.opensanctions.org/entities/eu-sancmap-27a7e866833cbed7811ff7a39182c2e0fc181b5b,eu_sanctions_map
9408683,,ZHUO YUAN,sanction,,https://www.opensanctions.org/entities/eu-sancmap-280ad58926314415faf5d28f0d9c0479f98b935c,eu_sanctions_map
9286073,,T Cereal (formerly Rolin),sanction,,https://www.opensanctions.org/entities/eu-sancmap-283357122968e3c9160ca9b90639f70b84c87c9b,eu_sanctions_map
9266853,,New Power,sanction,,https://www.opensanctions.org/entities/eu-sancmap-28cf9eea4ef09edb146be70beb9c6d7234cdfa6c,eu_sanctions_map
9211896,,ZAL PARS 3,sanction,,https://www.opensanctions.org/entities/eu-sancmap-29300d0f3d3db4f41e26dceb3ebf759ffebc627f,eu_sanctions_map
9389100,,Smyrtos,sanction,,https://www.opensanctions.org/entities/eu-sancmap-298b5244462ec4d12787d3d32f06407b83218f26,eu_sanctions_map
9377042,,Armada Explorer,sanction,,https://www.opensanctions.org/entities/eu-sancmap-29b95ebc5e04e39dec7e9407c6a254481651651f,eu_sanctions_map
9402732,,Saathi (formerly Onrim),sanction,,https://www.opensanctions.org/entities/eu-sancmap-29fd99cc49286075d1e1cc9713bc25dabc0bc9dc,eu_sanctions_map
9384435,,BELOMOR,sanction,,https://www.opensanctions.org/entities/eu-sancmap-2a405edc0efc80cd5af7299e494a01fb71cc44e9,eu_sanctions_map
9332028,,Niblo,sanction,,https://www.opensanctions.org/entities/eu-sancmap-2a574a8e5c72727408a95f0657dc4891d73316bb,eu_sanctions_map
9304629,,CHENG HE,sanction,,https://www.opensanctions.org/entities/eu-sancmap-2aa7c697f143e68b6ac8e15c593c9401f956f0b3,eu_sanctions_map
9735335,,SIG,sanction,,https://www.opensanctions.org/entities/eu-sancmap-2aaf8ab3bd1194c25b65dd2b8da8515ef639f779,eu_sanctions_map
9323376,,Marabella Sun,sanction,,https://www.opensanctions.org/entities/eu-sancmap-2b160c83efbc98475233d3bdad0a3888d2d43a7b,eu_sanctions_map
9290335,,Jumbo,sanction,,https://www.opensanctions.org/entities/eu-sancmap-2b64fe444f245be3ca4b967023cb3b52ef06e07b,eu_sanctions_map
9439541,,NEMRUT,sanction,,https://www.opensanctions.org/entities/eu-sancmap-2b8abf5926e21809e69c449f484a6b9228e63615,eu_sanctions_map
9321677,,DAPHNE V,sanction,,https://www.opensanctions.org/entities/eu-sancmap-2bcdc08b8c91dd9049fbfe1819ab4d66a5c129d8,eu_sanctions_map
9332614,,BELLARIS,sanction,,https://www.opensanctions.org/entities/eu-sancmap-2bcf66d28fdb42bf1891f2044f3e66a94e24c316,eu_sanctions_map
8712362,,CHON MYONG 1,sanction,,https://www.opensanctions.org/entities/eu-sancmap-2c982db682ef5c7b1735b763dd1ad34036cb7f78,eu_sanctions_map
9843560,,Voyager,sanction,,https://www.opensanctions.org/entities/eu-sancmap-2cfbe5b175ab2b3b69ecab077fcb671025559716,eu_sanctions_map
9953511,,North Mountain,sanction,,https://www.opensanctions.org/entities/eu-sancmap-2d0b75238d712b6742f6f54eef2cd8b71a5d689f,eu_sanctions_map
9343986,,CAPELLA MB (formerly SEVEN PEARLS),sanction,,https://www.opensanctions.org/entities/eu-sancmap-2d3876494a6cdfcbcc4b7d812406caae0a5aa10f,eu_sanctions_map
9599341,,JUPITER I,sanction,,https://www.opensanctions.org/entities/eu-sancmap-2dad4acd7ed090fa2890db74c302157c54b978eb,eu_sanctions_map
9321172,,SEA OWL I,sanction,,https://www.opensanctions.org/entities/eu-sancmap-2dd5b40899c704fd3c51c59ddeb5bae7b3a1cc4d,eu_sanctions_map
9083184,,BIRTHE THERESI,sanction,,https://www.opensanctions.org/entities/eu-sancmap-2df9338572cc96610f0301574bf15be3d9b78a69,eu_sanctions_map
8312497,,NEW REGENT,sanction,,https://www.opensanctions.org/entities/eu-sancmap-2e29d7cedca1b3e07b7809dcdcf0525250d98efd,eu_sanctions_map
1031537,,LADY JASMINE,sanction,,https://www.opensanctions.org/entities/eu-sancmap-2e320ac7c233134606845c8bf756f2f184422013,eu_sanctions_map
9784893,,LADY RANIA,sanction,,https://www.opensanctions.org/entities/eu-sancmap-2e694b33e23354b29329a39ab2a6fe200d1e8c96,eu_sanctions_map
9645061,,ALEKSEY SAVRASOV,sanction,,https://www.opensanctions.org/entities/eu-sancmap-2ea6b77aea9b97c785c2ea6a0a57c308e719cc9b,eu_sanctions_map
9300350,,SANAR-9,sanction,,https://www.opensanctions.org/entities/eu-sancmap-2f104ad6845e542eba2ca5807fe7f333353f897e,eu_sanctions_map
9885879,,VALENTIN PIKUL,sanction,,https://www.opensanctions.org/entities/eu-sancmap-2f8592bae7ebdb4d820151d99d5ce4591248eb26,eu_sanctions_map
9249130,,Peace,sanction,,https://www.opensanctions.org/entities/eu-sancmap-2fee75dc23201e567329111eccd2def364aad992,eu_sanctions_map
9289776,,Maisan,sanction,,https://www.opensanctions.org/entities/eu-sancmap-30366a33dfc1d6162b8d09a52f0e18d8cf002363,eu_sanctions_map
9283289,,Thya,sanction,,https://www.opensanctions.org/entities/eu-sancmap-305c10e5361b97bca3306a5d8cae40e03261245a,eu_sanctions_map
9322968,,Hyperion,sanction,,https://www.opensanctions.org/entities/eu-sancmap-307f754a23d725db45b2e2923d21b96cc2ab5ccc,eu_sanctions_map
9387255,,AZURE,sanction,,https://www.opensanctions.org/entities/eu-sancmap-308008eed1490d858e3fbc6ef6e24a318d83b98a,eu_sanctions_map
9332810,,Kiwala,sanction,,https://www.opensanctions.org/entities/eu-sancmap-3092a54c263dae41ff940ceede8577be34e2ff9d,eu_sanctions_map
8918540,,BERGEN T,sanction,,https://www.opensanctions.org/entities/eu-sancmap-3136246bf956b3e7ea9f86cf5ca51dc0fe8a6e20,eu_sanctions_map
9292204,,Andromeda,sanction,,https://www.opensanctions.org/entities/eu-sancmap-3152d736559aef277b978356514ff53f01c66b73,eu_sanctions_map
9317315,,LUCH,sanction,,https://www.opensanctions.org/entities/eu-sancmap-317c41e552dbbc853c84faf58258fb2021e2c0c5,eu_sanctions_map
9229374,,Odune,sanction,,https://www.opensanctions.org/entities/eu-sancmap-31a54b7c53b7a27a01f92898816598b08c50330d,eu_sanctions_map
9411020,,Bratsk,sanction,,https://www.opensanctions.org/entities/eu-sancmap-31cbaac226eba0e5a41ba020b6b8c89c2199aaee,eu_sanctions_map
9412347,,Leo,sanction,,https://www.opensanctions.org/entities/eu-sancmap-3222e0ab486a73caa0fb91ab5e36f06e4005625c,eu_sanctions_map
9079169,,Enisey,sanction,,https://www.opensanctions.org/entities/eu-sancmap-334f60fe55ce44c9675d94c7e3f62a09c8567a2a,eu_sanctions_map
9087714,,Ostrov Russkiy,sanction,,https://www.opensanctions.org/entities/eu-sancmap-33578367bd745d17b45785e4dc742da32fc92be8,eu_sanctions_map
9286023,,Next,sanction,,https://www.opensanctions.org/entities/eu-sancmap-33599e970bbdeb3da6ac0f7efc84bfcd3656f468,eu_sanctions_map
9321718,,ZALE,sanction,,https://www.opensanctions.org/entities/eu-sancmap-335d5073fc15af916e467f925b3656c7ed4997e9,eu_sanctions_map
9422457,,BOBCAT (formerly BLOSSOM),sanction,,https://www.opensanctions.org/entities/eu-sancmap-336047014dcbc24a5ebbcbaf7e10a7a5dad508be,eu_sanctions_map
9285835,,Sea Fidelity,sanction,,https://www.opensanctions.org/entities/eu-sancmap-338b13c9ac2b73d2aac376e0369650e40bbc659f,eu_sanctions_map
9384306,,Universal,sanction,,https://www.opensanctions.org/entities/eu-sancmap-342dbac81f1353c9b190210c8341ca199849ba85,eu_sanctions_map
9222560,,Cheetah II,sanction,,https://www.opensanctions.org/entities/eu-sancmap-34d32c4417763c266f51583be77c355351b11322,eu_sanctions_map
9435375,,Irtysh River,sanction,,https://www.opensanctions.org/entities/eu-sancmap-350b8dad5073f8cadabdab082accae9676ca7fc8,eu_sanctions_map
9321562,,MAVERICK,sanction,,https://www.opensanctions.org/entities/eu-sancmap-35327234411b522c477765c7b886878dc26581fc,eu_sanctions_map
9282493,,Fiora,sanction,,https://www.opensanctions.org/entities/eu-sancmap-355dcc1c5a00c8e0be7902018e628d0e10db2cc5,eu_sanctions_map
9341067,,Kaliningrad,sanction,,https://www.opensanctions.org/entities/eu-sancmap-357e04fe4af80012eba80de7bce973cf49a693c4,eu_sanctions_map
9237412,,HANSON,sanction,,https://www.opensanctions.org/entities/eu-sancmap-35b20b370305b3c29272368153a4900a09def2d6,eu_sanctions_map
9752084,,Shturman Albanov,sanction,,https://www.opensanctions.org/entities/eu-sancmap-365db469582f4356982b8a1659cf4e69bef75232,eu_sanctions_map
9664976,,IRTYSH,sanction,,https://www.opensanctions.org/entities/eu-sancmap-3672704a7d3d15ae00406a589848680c75cdf38b,eu_sanctions_map
9333424,,Phoenix,sanction,,https://www.opensanctions.org/entities/eu-sancmap-368753231f67283b36032bb1fdae7157867ecf2d,eu_sanctions_map
9274343,,San Cosmas,sanction,,https://www.opensanctions.org/entities/eu-sancmap-379111d6ca04f4b2fe7ba82e73d18c838bd66a25,eu_sanctions_map
9318541,,Serenade (formerly NS Stream),sanction,,https://www.opensanctions.org/entities/eu-sancmap-37ef1b6e22b6b5cf4e19b0153b66599549eb7b76,eu_sanctions_map
9378618,,Si He,sanction,,https://www.opensanctions.org/entities/eu-sancmap-381ad6f3b60810af4538ef421b59366414c4d936,eu_sanctions_map
9142916,,Okean,sanction,,https://www.opensanctions.org/entities/eu-sancmap-385a338cc19248b18c68bc6717947379c01e5c25,eu_sanctions_map
9621560,,BAVLY,sanction,,https://www.opensanctions.org/entities/eu-sancmap-3862772ebdc70d4f4aed2b8c95989e7d1f388f88,eu_sanctions_map
9436006,,Samsun,sanction,,https://www.opensanctions.org/entities/eu-sancmap-386a8a9222aa4048820550b26b2e8eb824d32d0a,eu_sanctions_map
9308821,,Berra,sanction,,https://www.opensanctions.org/entities/eu-sancmap-393be111d7d922df5560e28870a949d76070efdb,eu_sanctions_map
9253076,,Reus,sanction,,https://www.opensanctions.org/entities/eu-sancmap-397adc676bb5a82bdffec2ee0718a78e387348ba,eu_sanctions_map
9417115,,KOTI,sanction,,https://www.opensanctions.org/entities/eu-sancmap-397b263f595f72b9787b9b040ba9a6bec92bfdfc,eu_sanctions_map
9231212,,Xanthos Eos (formerly Mermar),sanction,,https://www.opensanctions.org/entities/eu-sancmap-3984fa53f4daf773e317346c2f8851a23a97416e,eu_sanctions_map
9232929,,Maisha,sanction,,https://www.opensanctions.org/entities/eu-sancmap-3a438e675926384931a1e1848e9bb1f2f481002b,eu_sanctions_map
9274331,,San Damian,sanction,,https://www.opensanctions.org/entities/eu-sancmap-3ab48d0c6aa81e1fcc70177d6f338e079cce73e4,eu_sanctions_map
9282792,,Clyde Noble,sanction,,https://www.opensanctions.org/entities/eu-sancmap-3ae309f9644bffbd288762fcd9a912a5f518ab72,eu_sanctions_map
9412452,,NILANGA,sanction,,https://www.opensanctions.org/entities/eu-sancmap-3b2a2b4183274bc95ee1359b56776367729e4239,eu_sanctions_map
9314820,,OSCAR I,sanction,,https://www.opensanctions.org/entities/eu-sancmap-3b3b1a3d727a8a64b77310d1bb2e92273bcb8c4e,eu_sanctions_map
1064493,,OCEAN FORTUNE 18,sanction,,https://www.opensanctions.org/entities/eu-sancmap-3b4b47f73b45a6a2fee59bbe6b15ad7fc1d2debe,eu_sanctions_map
9030591,,YUK TUNG,sanction,,https://www.opensanctions.org/entities/eu-sancmap-3c0593b0739793b39e8a6d39fb7f1d3fd81568e1,eu_sanctions_map
9282481,,TAGOR,sanction,,https://www.opensanctions.org/entities/eu-sancmap-3cb19e35fd3907ab566b0b552006952820db3b95,eu_sanctions_map
9144782,,Bodhi (formerly Robon),sanction,,https://www.opensanctions.org/entities/eu-sancmap-3d05f5ebb998f34c4067fa9ba91cfe630516642a,eu_sanctions_map
9296377,,MARJORIE,sanction,,https://www.opensanctions.org/entities/eu-sancmap-3d18b25ad3e7685592d6efb1232fd1ba0c2c5576,eu_sanctions_map
9248849,,Silvera,sanction,,https://www.opensanctions.org/entities/eu-sancmap-3d1e3ab46043da555725dc0bce29e499f2d1f049,eu_sanctions_map
9318034,,Olive,sanction,,https://www.opensanctions.org/entities/eu-sancmap-3d3f49513d3bc8105b8289d65bba60812f4a85d3,eu_sanctions_map
9388792,,Unity,sanction,,https://www.opensanctions.org/entities/eu-sancmap-3e45963dac9798d522af0230190068b70af6f76e,eu_sanctions_map
9224441,,FIRN,sanction,,https://www.opensanctions.org/entities/eu-sancmap-3f611307ed9b63a0977d60a6f0c142399fc02968,eu_sanctions_map
9346732,,Huihai Pacific,sanction,,https://www.opensanctions.org/entities/eu-sancmap-3fc0d282ebdaee35acb50b8cd4d45387c1771a82,eu_sanctions_map
9866380,,Okeansky Prospect,sanction,,https://www.opensanctions.org/entities/eu-sancmap-3fd97b1a2c9eb5480171e1d12c44df173bcc52e6,eu_sanctions_map
9261657,,C VIKING,sanction,,https://www.opensanctions.org/entities/eu-sancmap-3ffd03d2ae11d5e0cfc42b53113f5a9e62630327,eu_sanctions_map
9250892,,Mikati,sanction,,https://www.opensanctions.org/entities/eu-sancmap-4024f9c73ba71acdb52f09fce9692c1b74288317,eu_sanctions_map
9402471,,Andromeda Star,sanction,,https://www.opensanctions.org/entities/eu-sancmap-407989469dde64082d50673278ef9c8e2ef204aa,eu_sanctions_map
9384095,,RAGNAR,sanction,,https://www.opensanctions.org/entities/eu-sancmap-40f152874b6bc00dd61c7f442a0eb741eb618688,eu_sanctions_map
9676230,,TRUVOR,sanction,,https://www.opensanctions.org/entities/eu-sancmap-4123296b174a122236a092585b6e07a3e8378ff0,eu_sanctions_map
9297371,,Diva I,sanction,,https://www.opensanctions.org/entities/eu-sancmap-4158b244f35e1348260917ec48e70d3cd619c2ec,eu_sanctions_map
9321847,,Areia (formerly Emily S),sanction,,https://www.opensanctions.org/entities/eu-sancmap-41b8993defd0af2b2f5543b60dc6c9998de68436,eu_sanctions_map
9319882,,ARYABHATA,sanction,,https://www.opensanctions.org/entities/eu-sancmap-42489db091fcb0faa4d074ddd49e6617b534235f,eu_sanctions_map
9198082,,GLOBAL STAR,sanction,,https://www.opensanctions.org/entities/eu-sancmap-42a55abdeec956950cebea78b507780f03b80f67,eu_sanctions_map
9274434,,SHANGRI LA,sanction,,https://www.opensanctions.org/entities/eu-sancmap-42c30f5c95696dc24b3bb3c756b58bedea207377,eu_sanctions_map
9161003,,Lady R,sanction,,https://www.opensanctions.org/entities/eu-sancmap-445cf249649906057799c23ba9f4e828221f9a93,eu_sanctions_map
9321689,,Ocean Faye,sanction,,https://www.opensanctions.org/entities/eu-sancmap-44c65b1714f2e3adb16ab88f1d7e066abca22bc7,eu_sanctions_map
9318539,,Swiftsea Rider,sanction,,https://www.opensanctions.org/entities/eu-sancmap-455ec4fc3b962b0bfad655c676f61b7febb86fe6,eu_sanctions_map
9459242,,Feliks,sanction,,https://www.opensanctions.org/entities/eu-sancmap-45a253f86871025edc8271495b1fbc661cefb108,eu_sanctions_map
9390587,,ONEIROI,sanction,,https://www.opensanctions.org/entities/eu-sancmap-45dc348b7b612faa9f305ac5b0eb5ec8e95d3626,eu_sanctions_map
9249128,,SAKHALIN,sanction,,https://www.opensanctions.org/entities/eu-sancmap-465ffdc277dc1bcfb3eff678c7d58382e242b468,eu_sanctions_map
9247778,,BREEZ,sanction,,https://www.opensanctions.org/entities/eu-sancmap-4673d6561851d9b818317cbdca7d28b1d7295d26,eu_sanctions_map
9270749,,BELA,sanction,,https://www.opensanctions.org/entities/eu-sancmap-46b1e338e59c18a468c55dca0ed4e957302bad2d,eu_sanctions_map
9277759,,Lark (formerly Lea I),sanction,,https://www.opensanctions.org/entities/eu-sancmap-471055785bd1ee14d8809b0f4a08bac543db3d3b,eu_sanctions_map
9243320,,YEHOPE,sanction,,https://www.opensanctions.org/entities/eu-sancmap-4711aedf2e1a6239036cb649eb3bd43c7ed1e48e,eu_sanctions_map
9277735,,Lunar Tide (formerly Beks Aqua),sanction,,https://www.opensanctions.org/entities/eu-sancmap-478469b60921fc939419d2115c15c3d8a3ecb165,eu_sanctions_map
9382073,,EVERDINE,sanction,,https://www.opensanctions.org/entities/eu-sancmap-47e5382580a4e065ff948b17c68cad539526d53f,eu_sanctions_map
9413547,,Altair,sanction,,https://www.opensanctions.org/entities/eu-sancmap-482920143ac26cd05bd820568bbb6f5446768684,eu_sanctions_map
8915550,,NOYABRSK,sanction,,https://www.opensanctions.org/entities/eu-sancmap-48513d5856238a1dde7df3f2a9fc0557e72f0b79,eu_sanctions_map
9299719,,Kotlas,sanction,,https://www.opensanctions.org/entities/eu-sancmap-486fa49cbe5542c5ff6360c43d81aecc04f8c20b,eu_sanctions_map
9341079,,Capella,sanction,,https://www.opensanctions.org/entities/eu-sancmap-48a9e0cc8fc506a167f2d9bc5c9951ccbbb0aba1,eu_sanctions_map
9360128,,Zaliv Baikal,sanction,,https://www.opensanctions.org/entities/eu-sancmap-48db67e9573d0a2d9296ed8bdd8c82f727823144,eu_sanctions_map
9323986,,Garasan,sanction,,https://www.opensanctions.org/entities/eu-sancmap-48fda7e2e4d693edac079eddf3358c2ad46e98df,eu_sanctions_map
9901037,,Nikolay Zadornov,sanction,,https://www.opensanctions.org/entities/eu-sancmap-492df7f7f943497e7cf6bb442b216b8b8fbe2583,eu_sanctions_map
9292034,,Topaz,sanction,,https://www.opensanctions.org/entities/eu-sancmap-49446ab8162357053ba8a335d3a8cfddc7714641,eu_sanctions_map
9306782,,Kareliya,sanction,,https://www.opensanctions.org/entities/eu-sancmap-4964fa2555512d1412776008b971e5740883cd08,eu_sanctions_map
9298595,,DORRY,sanction,,https://www.opensanctions.org/entities/eu-sancmap-4a549c8eb9eead445998a4a46eae46fe7f341c6c,eu_sanctions_map
9233741,,Mitzel (formerly Olivia),sanction,,https://www.opensanctions.org/entities/eu-sancmap-4b4a045697c0e1fb1c9f9f97326860f7634a1d46,eu_sanctions_map
9247443,,Quartanus (formerly Morpheus),sanction,,https://www.opensanctions.org/entities/eu-sancmap-4b5d33c95a207f7dda55684c9fb0038bad75b5ee,eu_sanctions_map
8503228,,JI SONG 8,sanction,,https://www.opensanctions.org/entities/eu-sancmap-4b9eec1e1f44fb828b9b4804ef178bbaa582ff36,eu_sanctions_map
9341081,,Cassiopeia,sanction,,https://www.opensanctions.org/entities/eu-sancmap-4bb27b9a790b7e3ecd909690768cb4e008cd428d,eu_sanctions_map
9610793,,Georgy Maslov,sanction,,https://www.opensanctions.org/entities/eu-sancmap-4be76f75a63607804305ceb14cd6abf6d3d01178,eu_sanctions_map
9544281,,Corum,sanction,,https://www.opensanctions.org/entities/eu-sancmap-4c754b32cf7495c16a4f01757c041227a7dc6a78,eu_sanctions_map
9511533,,Rigel,sanction,,https://www.opensanctions.org/entities/eu-sancmap-4d52af8dceece5e58dfe6b174a48cefd49db35eb,eu_sanctions_map
9299173,,Veles,sanction,,https://www.opensanctions.org/entities/eu-sancmap-4db92e5433fa9fe54fbe34c922cb66cf7543ba9e,eu_sanctions_map
9265873,,KAMELOT,sanction,,https://www.opensanctions.org/entities/eu-sancmap-4e2c67d37eeb3e189a54b491de16dac8b3183b61,eu_sanctions_map
9263198,,Saint,sanction,,https://www.opensanctions.org/entities/eu-sancmap-4e55d3b405030139bca069eac394d809d290cc9f,eu_sanctions_map
8604917,,YU JONG 2,sanction,,https://www.opensanctions.org/entities/eu-sancmap-4eb3d1cc7dbbd542ecc2b196338905ad5c7d8c4c,eu_sanctions_map
9439383,,BHILVA,sanction,,https://www.opensanctions.org/entities/eu-sancmap-5003f6d513332dc8ad8ee4b27cc2bd752591767e,eu_sanctions_map
9276561,,PRS Ocean,sanction,,https://www.opensanctions.org/entities/eu-sancmap-501fa814d8bf62c4eb75e01bc6d2fba58555f841,eu_sanctions_map
9264570,,Themis,sanction,,https://www.opensanctions.org/entities/eu-sancmap-50bef2456d70706c7a3507c36f19aef2c9cb9af0,eu_sanctions_map
9163764,,Arno Babajanyan,sanction,,https://www.opensanctions.org/entities/eu-sancmap-50cd412cc2052f70b294ac0c3a63bb6f99bf0149,eu_sanctions_map
9610781,,Zenith,sanction,,https://www.opensanctions.org/entities/eu-sancmap-50d3893a9093f934a13535bb325180e2a98f4544,eu_sanctions_map
9752084,,Shturman Albanov,sanction,,https://www.opensanctions.org/entities/eu-sancmap-5161b94954a131f51c26751a5cfb08d153d306a9,eu_sanctions_map
9513139,,Fjord Seal,sanction,,https://www.opensanctions.org/entities/eu-sancmap-51835305f9dc2c3688f2a61c0ea596dc4c42d133,eu_sanctions_map
9389071,,TANGO 2,sanction,,https://www.opensanctions.org/entities/eu-sancmap-5185000063c63846699e4cdf034b8af7f6b8663a,eu_sanctions_map
9413004,,HORAE,sanction,,https://www.opensanctions.org/entities/eu-sancmap-5186b5fb0b71c1f716f7026394f80f69e21deee2,eu_sanctions_map
9258868,,Noctis (formerly Luna; Asher),sanction,,https://www.opensanctions.org/entities/eu-sancmap-532d3eaa09ed822d7e0f68f2b718a1740f989aef,eu_sanctions_map
8700096,,Partizansk,sanction,,https://www.opensanctions.org/entities/eu-sancmap-537dccf7f19d429d6d71b80fe0121b7bce122d39,eu_sanctions_map
9262924,,Utaki,sanction,,https://www.opensanctions.org/entities/eu-sancmap-53949b1c695b17e2a4674d5967483805df16ffe5,eu_sanctions_map
9655470,,Saturn I,sanction,,https://www.opensanctions.org/entities/eu-sancmap-53b3dd635af79485c92317070a298362f50a3084,eu_sanctions_map
9270517,,Cindy,sanction,,https://www.opensanctions.org/entities/eu-sancmap-53c200a5db071e37295722c5a303a22167679bec,eu_sanctions_map
9263186,,SOUTH STAR,sanction,,https://www.opensanctions.org/entities/eu-sancmap-53ccf78955d4574ff367b132763081a9dd1dea6d,eu_sanctions_map
9720263,,ZAFAR,sanction,,https://www.opensanctions.org/entities/eu-sancmap-53f8a867b3c77e25baa5ddb987932c9e98c619b5,eu_sanctions_map
9183295,,Neon,sanction,,https://www.opensanctions.org/entities/eu-sancmap-5436e306e3c48dff5df0608392b63c309bbfb0ac,eu_sanctions_map
9314088,,Lyra,sanction,,https://www.opensanctions.org/entities/eu-sancmap-54b107412d2baa8a2e1cf6a94123f06f520fe0ec,eu_sanctions_map
9759927,,SHTURMAN SHCHERBININ,sanction,,https://www.opensanctions.org/entities/eu-sancmap-54b7b07ad13b91454013095baa0785fd1ed6a516,eu_sanctions_map
9281683,,Siri,sanction,,https://www.opensanctions.org/entities/eu-sancmap-54fea5fa3036b9b5130a413b8be66d3ad0cb223e,eu_sanctions_map
9522324,,Sierra,sanction,,https://www.opensanctions.org/entities/eu-sancmap-551634b895afcebe66ad22345a468f0ba8fba6db,eu_sanctions_map
8705539,,KUM UN SAN 3,sanction,,https://www.opensanctions.org/entities/eu-sancmap-55e5a9afbb57b6b158b20fa2a60638a8548a90bf,eu_sanctions_map
9842188,,Vladimir Vinogradov,sanction,,https://www.opensanctions.org/entities/eu-sancmap-56573a0ae3750bae79fb4b7f1fcc0e54f364e1c2,eu_sanctions_map
9324277,,Nova Energy,sanction,,https://www.opensanctions.org/entities/eu-sancmap-565854b501f79c45bf137d8b3c2cf3f94b59c0f7,eu_sanctions_map
9942392,,NIKOLAY ANISHCHENKOV,sanction,,https://www.opensanctions.org/entities/eu-sancmap-568f08480e65865f8cffcda7ac341fe801bab8f5,eu_sanctions_map
9281011,,Moti,sanction,,https://www.opensanctions.org/entities/eu-sancmap-577b85d741cf2927d54a4685124300f4ea422a3f,eu_sanctions_map
9274082,,TM HAI HA 568,sanction,,https://www.opensanctions.org/entities/eu-sancmap-579ee0bb644ea979a406a3b54e28b3c0af3809fa,eu_sanctions_map
9573816,,MATROS POZYNICH,sanction,,https://www.opensanctions.org/entities/eu-sancmap-582925f4376c082615299d9286716402ed62928a,eu_sanctions_map
9421972,,Saturn,sanction,,https://www.opensanctions.org/entities/eu-sancmap-58395ee4057b2f62d3d041a651b7af8383aa5806,eu_sanctions_map
9352195,,Sandhya,sanction,,https://www.opensanctions.org/entities/eu-sancmap-587fdc8d9f24fb2ade511f8780b46e0753134817,eu_sanctions_map
9388742,,Surya,sanction,,https://www.opensanctions.org/entities/eu-sancmap-58a7effd8690de3cc0f29e79c533b02d0289d0d8,eu_sanctions_map
9301407,,Viktor Titov,sanction,,https://www.opensanctions.org/entities/eu-sancmap-58aa16f517d0e0ed5e5c7cf923bad35a4c4f28f7,eu_sanctions_map
9282986,,ATLANTICOS,sanction,,https://www.opensanctions.org/entities/eu-sancmap-58b348210bde80982460716b28bed791ec1be3bd,eu_sanctions_map
9299898,,Turbo Voyager,sanction,,https://www.opensanctions.org/entities/eu-sancmap-599190c0de8a558c0a73265f3d0c5f89185738f5,eu_sanctions_map
9522324,,Sierra,sanction,,https://www.opensanctions.org/entities/eu-sancmap-59929cb5c83ecf09d15366c565db01792af85166,eu_sanctions_map
9248801,,Ascendant,sanction,,https://www.opensanctions.org/entities/eu-sancmap-59b87b7e399a0cdecbe2632c45680f8a358cd7a8,eu_sanctions_map
9301407,,Viktor Titov,sanction,,https://www.opensanctions.org/entities/eu-sancmap-5a02a94e3bb364b7f41fd871a868c6206c1ff3a2,eu_sanctions_map
9305568,,BREEZE,sanction,,https://www.opensanctions.org/entities/eu-sancmap-5a43ca1b6bdd4f5f72636c0a96c5a6bd372de483,eu_sanctions_map
9332822,,Nichole,sanction,,https://www.opensanctions.org/entities/eu-sancmap-5a452bf8e246e5d198809e44883477d8e754e70c,eu_sanctions_map
9288851,,Carl,sanction,,https://www.opensanctions.org/entities/eu-sancmap-5aa1493e8a647a6c30437a2bc718371ce1d334f2,eu_sanctions_map
9187227,,Meru,sanction,,https://www.opensanctions.org/entities/eu-sancmap-5ac2d83c5b5d569d7c5ba48b27e526b0f7b4b1ab,eu_sanctions_map
9278064,,SOFOS,sanction,,https://www.opensanctions.org/entities/eu-sancmap-5b1071e2bd5aa291a14625526ffb7f7c12524b39,eu_sanctions_map
9235000,,COATLICUE,sanction,,https://www.opensanctions.org/entities/eu-sancmap-5b1c3bfab5fa3d61a82e0ccf9a8fe8ddca9762a6,eu_sanctions_map
9234642,,Koala,sanction,,https://www.opensanctions.org/entities/eu-sancmap-5ba04c565c042ab3523d7ce3ba3f965370884484,eu_sanctions_map
9326885,,ANAYA,sanction,,https://www.opensanctions.org/entities/eu-sancmap-5bc8f669b1902d9b6cef3d9f7a0c13623870d695,eu_sanctions_map
9274343,,San Cosmas,sanction,,https://www.opensanctions.org/entities/eu-sancmap-5bdc39878f9a1a809244eb463b2f5551ee7893e2,eu_sanctions_map
9247429,,Indri,sanction,,https://www.opensanctions.org/entities/eu-sancmap-5c5b81069ac6298c9145b024387af4d8ad9bbb3b,eu_sanctions_map
9282479,,Minerva M,sanction,,https://www.opensanctions.org/entities/eu-sancmap-5c8841dec1662ac4ea3592aaa89c947e19fba718,eu_sanctions_map
9247792,,Lalique,sanction,,https://www.opensanctions.org/entities/eu-sancmap-5cc1d8b85e84c9524d77bf067375110a92f3ac9e,eu_sanctions_map
9263203,,Soul,sanction,,https://www.opensanctions.org/entities/eu-sancmap-5cc27e5fc3103f7b5eeec9ea5ff7c901eda123ad,eu_sanctions_map
9315745,,MARQUISE,sanction,,https://www.opensanctions.org/entities/eu-sancmap-5d8c4d1d8abd8157b29b2643e379eacce9c4259d,eu_sanctions_map
9299898,,Turbo Voyager,sanction,,https://www.opensanctions.org/entities/eu-sancmap-5e11162c6c8c73a69e81132e11592a80b5bc2433,eu_sanctions_map
9331141,,Kelly Grace (formerly Vela Rain),sanction,,https://www.opensanctions.org/entities/eu-sancmap-5e1b097a7e087d80dab08305b75975e8cb903b39,eu_sanctions_map
9288710,,Kudos Stars,sanction,,https://www.opensanctions.org/entities/eu-sancmap-5e7b24fc918eeb8a018f0b59dd7a951e46cc42df,eu_sanctions_map
9292577,,Ricca,sanction,,https://www.opensanctions.org/entities/eu-sancmap-5eee306a2173ba7a5fba0a2f024a3c7492ca0503,eu_sanctions_map
8867129,,Volgoneft 160,sanction,,https://www.opensanctions.org/entities/eu-sancmap-5f3d5626931104b39bc7395a6045d2a04764fc5a,eu_sanctions_map
9354301,,Jaguar (formerly Zaliv Amerika),sanction,,https://www.opensanctions.org/entities/eu-sancmap-5f420a26fc854bb743cdfcdedde2201dc866fe54,eu_sanctions_map
9297541,,DOVE,sanction,,https://www.opensanctions.org/entities/eu-sancmap-5f5ed0ae69459c20de0aa607e8c2785a17720f62,eu_sanctions_map
9299862,,Tendua,sanction,,https://www.opensanctions.org/entities/eu-sancmap-5fb89812e83c52eb991de01b2a085bfedf617ce8,eu_sanctions_map
9577094,,Pathfinder,sanction,,https://www.opensanctions.org/entities/eu-sancmap-6020c443846829b714cdc341c6849634564e734c,eu_sanctions_map
9953535,,North Way,sanction,,https://www.opensanctions.org/entities/eu-sancmap-602d6fb0042d9a69c1aabefdd77b13b731701505,eu_sanctions_map
9276561,,PRS Ocean,sanction,,https://www.opensanctions.org/entities/eu-sancmap-6075889a7416617ee9796c2433fcd404eafdf641,eu_sanctions_map
9288746,,Udaya,sanction,,https://www.opensanctions.org/entities/eu-sancmap-613bda766f11ad6d362d475ffdc58f4b77ca30d0,eu_sanctions_map
9301380,,Pavel Chernysh,sanction,,https://www.opensanctions.org/entities/eu-sancmap-61ab84ceba176c049fd1a0e433d546b62482cb03,eu_sanctions_map
9321689,,Ocean Faye,sanction,,https://www.opensanctions.org/entities/eu-sancmap-61ef9c6b1219537729b98cbd234963e42dc9863a,eu_sanctions_map
9433016,,APATE,sanction,,https://www.opensanctions.org/entities/eu-sancmap-6285505535c1f2650bb8b0a983299911627e14b8,eu_sanctions_map
8605026,,YU PHYONG 5,sanction,,https://www.opensanctions.org/entities/eu-sancmap-6297a72698c644938eaae5792392e88730f61747,eu_sanctions_map
9336517,,URIEL,sanction,,https://www.opensanctions.org/entities/eu-sancmap-62a4910f924a1188417a8858a8472ef25e590444,eu_sanctions_map
9358010,,Maia-1,sanction,,https://www.opensanctions.org/entities/eu-sancmap-6345155551a597005d76ded6ea1a6d2d1862d478,eu_sanctions_map
9258167,,Akar West,sanction,,https://www.opensanctions.org/entities/eu-sancmap-6352809a5fac0dcbdf7d2a19e617b56cab3fb227,eu_sanctions_map
9270529,,Krymsk,sanction,,https://www.opensanctions.org/entities/eu-sancmap-635c0367ea3abc5bf70870b3c7bb8b4d4c7a3159,eu_sanctions_map
9233349,,Vesna,sanction,,https://www.opensanctions.org/entities/eu-sancmap-639b22afea0c6dcdc082bd95acc0a221a39f30bb,eu_sanctions_map
9281152,,AQUILLA II,sanction,,https://www.opensanctions.org/entities/eu-sancmap-63a1b961e81b0f6d0b966df9b5b476af921b273b,eu_sanctions_map
8920579,,NAVIK,sanction,,https://www.opensanctions.org/entities/eu-sancmap-64819661734de426fcb62d0ebea50ee0b8292910,eu_sanctions_map
9412359,,Belgorod,sanction,,https://www.opensanctions.org/entities/eu-sancmap-648713333ef1943062b2bd4cc53a4b7ca70e64ce,eu_sanctions_map
9360415,,INDUS 1,sanction,,https://www.opensanctions.org/entities/eu-sancmap-64f60b95c8ba2c8b806d3b1c0413bdcbe20bfc1c,eu_sanctions_map
9311610,,TORX,sanction,,https://www.opensanctions.org/entities/eu-sancmap-6527dff935d49a57d5a71c02eab6ce47d71911a5,eu_sanctions_map
9372559,,KAPITAN GOTSKY,sanction,,https://www.opensanctions.org/entities/eu-sancmap-659d3ba86e6c30a4b7ba07fa129d6de893f4d963,eu_sanctions_map
9113276,,MT Konstantinovsk,sanction,,https://www.opensanctions.org/entities/eu-sancmap-65d92c6210085d0d5253db2127a4d1593dd11bc9,eu_sanctions_map
9849887,,La Perouse,sanction,,https://www.opensanctions.org/entities/eu-sancmap-6623f346abd27d5d8ba7be9da466695e2f5580b1,eu_sanctions_map
9299678,,Prisma,sanction,,https://www.opensanctions.org/entities/eu-sancmap-6654229faf98188b32f84899a799f99b1bad0288,eu_sanctions_map
9292187,,LUNA LUSTER,sanction,,https://www.opensanctions.org/entities/eu-sancmap-669d89d95b369a5c7656ab433ee8b589ae676d2d,eu_sanctions_map
9191773,,BILLIONS NO. 18,sanction,,https://www.opensanctions.org/entities/eu-sancmap-66f96b24db9833c702bb3560ac4bb3ca4ad46ff2,eu_sanctions_map
9292503,,Bull,sanction,,https://www.opensanctions.org/entities/eu-sancmap-673b567db3e8578e19ee11fd22ae809541429d41,eu_sanctions_map
9495832,,Black Sea Eagle,sanction,,https://www.opensanctions.org/entities/eu-sancmap-674aba14996d97744cb1fac86d8331e276dfe386,eu_sanctions_map
9377779,,Monarch I,sanction,,https://www.opensanctions.org/entities/eu-sancmap-6767c9850f49db44e037614dfbdef51087765068,eu_sanctions_map
9281683,,Siri,sanction,,https://www.opensanctions.org/entities/eu-sancmap-678cbaa0935e720c0b55be26d355f760d0758d62,eu_sanctions_map
9247376,,Mariel,sanction,,https://www.opensanctions.org/entities/eu-sancmap-67efe55364a2fac7dda1050aef5c8d6e082cdbcc,eu_sanctions_map
9419084,,IRKUTSK,sanction,,https://www.opensanctions.org/entities/eu-sancmap-6865d19e2dc8e877636a8a023544b990ad11a6aa,eu_sanctions_map
9271585,,Krishna 1,sanction,,https://www.opensanctions.org/entities/eu-sancmap-691343bdd19258ffda493b8962b866ffdf57c1b2,eu_sanctions_map
9318553,,Saga (formerly NS Spirit),sanction,,https://www.opensanctions.org/entities/eu-sancmap-69325b1ffa7a5b123b3ba5bbb122107c4733df00,eu_sanctions_map
9332810,,Kiwala,sanction,,https://www.opensanctions.org/entities/eu-sancmap-693dfbd958b59d3630845a13741ebc627e16a82d,eu_sanctions_map
9777670,,SANAR-15,sanction,,https://www.opensanctions.org/entities/eu-sancmap-696d9d7cb9662b00719293965c74188197f1a5d0,eu_sanctions_map
9271585,,Krishna 1,sanction,,https://www.opensanctions.org/entities/eu-sancmap-69d763d76c5f95373912de418abe36de1dc94207,eu_sanctions_map
9524451,,SABINA,sanction,,https://www.opensanctions.org/entities/eu-sancmap-6a2c2972065a6f3536b2ccadaaf3224b0d0133bb,eu_sanctions_map
9296822,,Sagitta,sanction,,https://www.opensanctions.org/entities/eu-sancmap-6a9b0cd53e9d820cdeffea60c02e9431d3992675,eu_sanctions_map
9333424,,Phoenix,sanction,,https://www.opensanctions.org/entities/eu-sancmap-6b3700bb77f0bcb69d897852b356b4dc8f059ee7,eu_sanctions_map
9515539,,MIKHAIL NENASHEV,sanction,,https://www.opensanctions.org/entities/eu-sancmap-6c3d0c49d173f9f3a1ea754ed1f5e1477f0c1e81,eu_sanctions_map
9266865,,Bivola,sanction,,https://www.opensanctions.org/entities/eu-sancmap-6c8260435e96cd0d52f80c7cbd73d6b53ae2696c,eu_sanctions_map
9259991,,Sezar,sanction,,https://www.opensanctions.org/entities/eu-sancmap-6ca7764aea1114f58edf9656e82cb61cc3f85ec9,eu_sanctions_map
9151890,,Odin,sanction,,https://www.opensanctions.org/entities/eu-sancmap-6cb536e38d2a38ae3d7ccad57086efe8d937e78b,eu_sanctions_map
9439539,,BOLU,sanction,,https://www.opensanctions.org/entities/eu-sancmap-6ce950d7a6e7a09868d73358cf56b510ac403b1f,eu_sanctions_map
9388766,,Destan,sanction,,https://www.opensanctions.org/entities/eu-sancmap-6d0db24249d2fb5e00ee80f23b54aa6f0624c3c9,eu_sanctions_map
9256054,,NEVSKIY PROSPECT,sanction,,https://www.opensanctions.org/entities/eu-sancmap-6d5c92c0ba72355ab9949e481b642867f92f7a6b,eu_sanctions_map
9336490,,MYRA,sanction,,https://www.opensanctions.org/entities/eu-sancmap-6d6d3fa7e62e7bd032bc2aac4b76df3b5d269f72,eu_sanctions_map
9412335,,Bolero,sanction,,https://www.opensanctions.org/entities/eu-sancmap-6d6e48a714100b37c5c6ba82adc279c59d41e70f,eu_sanctions_map
9194012,,ANABAR,sanction,,https://www.opensanctions.org/entities/eu-sancmap-6e858e364d2f2914555beb00fee1d52ec2fb461f,eu_sanctions_map
9311622,,Vanguard,sanction,,https://www.opensanctions.org/entities/eu-sancmap-6f8e1bb11b19936365d81b7e8a3308fb615e2890,eu_sanctions_map
9749154,,Kupava,sanction,,https://www.opensanctions.org/entities/eu-sancmap-6f9ebcc880e0a968bea30adecdc0f5c8a2fa8637,eu_sanctions_map
9735141,,MIDVOLGA-3,sanction,,https://www.opensanctions.org/entities/eu-sancmap-704de3a3277ac634a1502abf49e35e6e9a8b17d0,eu_sanctions_map
9234501,,Sealion I,sanction,,https://www.opensanctions.org/entities/eu-sancmap-707845145ccdb84a1de99335b7015e4e37dbf90e,eu_sanctions_map
9137648,,Caruzo,sanction,,https://www.opensanctions.org/entities/eu-sancmap-708047aab1904f5fdde37ae445530d01e2463f6e,eu_sanctions_map
9321976,,Heidi A,sanction,,https://www.opensanctions.org/entities/eu-sancmap-70eacb3d544bbc387b22a23653da60e664923fdc,eu_sanctions_map
9585912,,Marlin,sanction,,https://www.opensanctions.org/entities/eu-sancmap-70f8bcffff8e41f39d09e74d3b55b55977d776ff,eu_sanctions_map
9430210,,Gogland,sanction,,https://www.opensanctions.org/entities/eu-sancmap-71af971da8c6a6e842bdfce6258f8b0f6de3c17f,eu_sanctions_map
9293997,,KHALASI,sanction,,https://www.opensanctions.org/entities/eu-sancmap-71d1aa1e2b851304971ee32f7c88cd35f55ce5a1,eu_sanctions_map
8010427,,OPHELIA,sanction,,https://www.opensanctions.org/entities/eu-sancmap-72712d2effa6a9dcb61ecbb7a21ad3d8fc2e31d3,eu_sanctions_map
9323326,,KATY,sanction,,https://www.opensanctions.org/entities/eu-sancmap-728fa6c5400d371b2dff21e14fd0f89a9f8c5f35,eu_sanctions_map
9413547,,Altair,sanction,,https://www.opensanctions.org/entities/eu-sancmap-733caddf826fc19b7bf7ce51c7cbe62db56053b1,eu_sanctions_map
9419137,,Sikar,sanction,,https://www.opensanctions.org/entities/eu-sancmap-7385c6608b6173e095f83d87936e4cd021faac41,eu_sanctions_map
9866392,,Vostochny Prospect,sanction,,https://www.opensanctions.org/entities/eu-sancmap-73d14b9d26a71f2781544327eefd91e4b7513fc7,eu_sanctions_map
9257022,,Starlit,sanction,,https://www.opensanctions.org/entities/eu-sancmap-73e8e21e71dba71aa4aeea1d8cbcc9226887666a,eu_sanctions_map
9105140,,Taimyr,sanction,,https://www.opensanctions.org/entities/eu-sancmap-7433c857a6ebe6a975971a5e1b6d50ef5c336859,eu_sanctions_map
9422445,,Sirius,sanction,,https://www.opensanctions.org/entities/eu-sancmap-7567c60c4f7b11b17106b6192e4d73ea096c0b68,eu_sanctions_map
9261619,,Hannah,sanction,,https://www.opensanctions.org/entities/eu-sancmap-75f5bea1dfe7fed4a34541b6af73a652ada33489,eu_sanctions_map
9256028,,Seginus,sanction,,https://www.opensanctions.org/entities/eu-sancmap-76d4a89fd39989ae12ac47f7b5832f8606afbf51,eu_sanctions_map
9436020,,CENTURION I,sanction,,https://www.opensanctions.org/entities/eu-sancmap-770166bd8cfc9278ab2a3d2f67c4365fef7005c9,eu_sanctions_map
9299666,,Dashan (formerly Mianzimu),sanction,,https://www.opensanctions.org/entities/eu-sancmap-77316707325f19bcb589a21a513c6ea1f54e6227,eu_sanctions_map
9309576,,Sapphire (formerly NS Silver),sanction,,https://www.opensanctions.org/entities/eu-sancmap-778e34abab9e8be34574fe5f8e29e22c1822f0ec,eu_sanctions_map
9313498,,Jacklyn,sanction,,https://www.opensanctions.org/entities/eu-sancmap-77a28fde7c2ee6993cf2596fe7ffa1a18d2876c8,eu_sanctions_map
9290373,,KONYA,sanction,,https://www.opensanctions.org/entities/eu-sancmap-77ad99b678dbdb4724c6b35a1d4bfd53c3e7af78,eu_sanctions_map
9274446,,ADMIRAL,sanction,,https://www.opensanctions.org/entities/eu-sancmap-77d95963a7f995e75d4390995635f507479731cf,eu_sanctions_map
9832559,,Virat,sanction,,https://www.opensanctions.org/entities/eu-sancmap-77f9f5ae5440f2bb68eb89c2a8ed62e09aa75ffb,eu_sanctions_map
9265885,,SEA MAVERICK,sanction,,https://www.opensanctions.org/entities/eu-sancmap-78018147daf479809434e9e94b5992f9c302b303,eu_sanctions_map
9291262,,SILVAR,sanction,,https://www.opensanctions.org/entities/eu-sancmap-782897d0323c130910ba435c376bec90ef0fe91c,eu_sanctions_map
9318541,,NS Stream,sanction,,https://www.opensanctions.org/entities/eu-sancmap-7848046f8fa9ad1cf5800dfc0997bb2d09badb6c,eu_sanctions_map
9408205,,Fast Kathy,sanction,,https://www.opensanctions.org/entities/eu-sancmap-784ac3dacdd55cb946249dca4caa07e3071c49e5,eu_sanctions_map
9503304,,GENERAL SKOBELEV,sanction,,https://www.opensanctions.org/entities/eu-sancmap-794c47712229cb4de88120fc0dc4664799fe9813,eu_sanctions_map
9421960,,Primorye,sanction,,https://www.opensanctions.org/entities/eu-sancmap-7972440669df91af3b136daa3e905e283d593825,eu_sanctions_map
9299707,,GUANYIN,sanction,,https://www.opensanctions.org/entities/eu-sancmap-79b5ccf742166e08f93e1bf3104450671fd2ddcf,eu_sanctions_map
9310707,,Vault,sanction,,https://www.opensanctions.org/entities/eu-sancmap-79e8fd416badd39f8c9367d4c08718118b5aaabd,eu_sanctions_map
9288710,,Kudos Stars,sanction,,https://www.opensanctions.org/entities/eu-sancmap-7a0a14ac2ee13a090d2d088dbc8390354bf097aa,eu_sanctions_map
9382798,,Trust,sanction,,https://www.opensanctions.org/entities/eu-sancmap-7a21e3f58114d21f71e5c9df76282813ad3f1aa3,eu_sanctions_map
9683726,,Dmitry Pokrovsky,sanction,,https://www.opensanctions.org/entities/eu-sancmap-7a60f1cf73f071cc2daec9b660bd399532315106,eu_sanctions_map
9288722,,Azure Celeste,sanction,,https://www.opensanctions.org/entities/eu-sancmap-7a97c4e47a12d2c17ab0346a342e6ae8d37527de,eu_sanctions_map
9752101,,SHTURMAN OVTSYN,sanction,,https://www.opensanctions.org/entities/eu-sancmap-7af14aacdebd3bb8f184c4f0fe43e5bfc928a5af,eu_sanctions_map
9640528,,VF Tanker-4,sanction,,https://www.opensanctions.org/entities/eu-sancmap-7b95436d59b873fb2d22f1b131a5ad9a3f1fb131,eu_sanctions_map
9436018,,Venetians,sanction,,https://www.opensanctions.org/entities/eu-sancmap-7bbb37fb215dd35d6a930ebfae8de5c6b1467fd6,eu_sanctions_map
9230971,,Skadi,sanction,,https://www.opensanctions.org/entities/eu-sancmap-7bcd4f449dd215f80354c1771c9aeb10a1100aba,eu_sanctions_map
9511533,,Rigel,sanction,,https://www.opensanctions.org/entities/eu-sancmap-7bea85457e8f48639d0443e739c1f72b5f9777da,eu_sanctions_map
9179842,,Angara,sanction,,https://www.opensanctions.org/entities/eu-sancmap-7bf953c6c9c5358004617739f2290046b0059ffb,eu_sanctions_map
9268710,,SPARTA,sanction,,https://www.opensanctions.org/entities/eu-sancmap-7bfc4a00c43eb1048fbe03c28de650a5dfc29f45,eu_sanctions_map
9253234,,Gurudev,sanction,,https://www.opensanctions.org/entities/eu-sancmap-7c12421e726b85fc2a5c7c37c01ce98e482722be,eu_sanctions_map
9286463,,OLANGA,sanction,,https://www.opensanctions.org/entities/eu-sancmap-7c6d9486faefc10782ef9e6ced17559af5660e21,eu_sanctions_map
9289520,,Canis Power,sanction,,https://www.opensanctions.org/entities/eu-sancmap-7d833adae09bf02186f9968f6639bd173a72741f,eu_sanctions_map
9318539,,Swiftsea Rider,sanction,,https://www.opensanctions.org/entities/eu-sancmap-7d8e74f5ee901657515052a1be5389b2d4b2c073,eu_sanctions_map
9224465,,OLAF 1,sanction,,https://www.opensanctions.org/entities/eu-sancmap-7df9c3a98bd6ddd6fd58edc9af275dd86b752473,eu_sanctions_map
9610810,,Viktor Bakaev,sanction,,https://www.opensanctions.org/entities/eu-sancmap-7e024c590594273ef1e8eb887cd4a607d76663e4,eu_sanctions_map
9290828,,Dorin (formerly E Mei Shan),sanction,,https://www.opensanctions.org/entities/eu-sancmap-7e0dab75dfae92962fa9fdd53cacec1666503f3f,eu_sanctions_map
8808525,,BRONCO,sanction,,https://www.opensanctions.org/entities/eu-sancmap-7e9aaf7846b6266468ca1b4b8885e71e29cc8ddc,eu_sanctions_map
9286073,,T Cereal (formerly Rolin),sanction,,https://www.opensanctions.org/entities/eu-sancmap-7ea6f9979baa350d65de29751ce4140ced3852d2,eu_sanctions_map
9323314,,ADITYA,sanction,,https://www.opensanctions.org/entities/eu-sancmap-7ec8fde011dd99e1c8a62f7409e5d1841cb593f3,eu_sanctions_map
9282479,,Minerva M,sanction,,https://www.opensanctions.org/entities/eu-sancmap-7f5cdb4a9eb14fa860a2708bf556304761c72ce5,eu_sanctions_map
9161003,,Lady R,sanction,,https://www.opensanctions.org/entities/eu-sancmap-7fbabac7644991fc96493f824940ee59ba88d6ad,eu_sanctions_map
9408695,,TASSOS,sanction,,https://www.opensanctions.org/entities/eu-sancmap-803a8770bae37d449f424c315c8825298dc705b9,eu_sanctions_map
9299769,,Aquatica,sanction,,https://www.opensanctions.org/entities/eu-sancmap-80eeed6f9c041802e89374be0ee5c3c7cb272e46,eu_sanctions_map
9332834,,Sooraj,sanction,,https://www.opensanctions.org/entities/eu-sancmap-81c64eefba1feb03257255105a54391e6a930ea0,eu_sanctions_map
9288899,,Lorena Grand,sanction,,https://www.opensanctions.org/entities/eu-sancmap-81f552f3088ba3fd572ac1270cae5e3d1d7306f3,eu_sanctions_map
9384992,,Mars 6,sanction,,https://www.opensanctions.org/entities/eu-sancmap-8243032d7911f9388c3f3d20f16983f2bfc25c3d,eu_sanctions_map
9157002,,ERIDAN,sanction,,https://www.opensanctions.org/entities/eu-sancmap-826d92101583c21f02bb0a9c7813c7bcce67c3ae,eu_sanctions_map
9737187,,Christophe de Margerie,sanction,,https://www.opensanctions.org/entities/eu-sancmap-8294c559442a990d7e9d7be239c473419b1ffac0,eu_sanctions_map
9253325,,Nurkez,sanction,,https://www.opensanctions.org/entities/eu-sancmap-82e61fa0b44061731cc61a33d4a9ce1c5227fbce,eu_sanctions_map
9337418,,ATMOS,sanction,,https://www.opensanctions.org/entities/eu-sancmap-834a0d3a789e02cfec3b5d80e8d3ab27176066e2,eu_sanctions_map
9953509,,North Air,sanction,,https://www.opensanctions.org/entities/eu-sancmap-834db4f271e1dad548ef94b6c289c068b2dcaf42,eu_sanctions_map
9297888,,Cordelia Moon,sanction,,https://www.opensanctions.org/entities/eu-sancmap-8389ac42a566289c6ad95f84896e65587c6b7ad8,eu_sanctions_map
9283291,,Tiburon,sanction,,https://www.opensanctions.org/entities/eu-sancmap-83a5366adfa2c74a1e8ae741ba18045890e8cb6e,eu_sanctions_map
9306794,,Constellation,sanction,,https://www.opensanctions.org/entities/eu-sancmap-83c4cc247c914ba521e4bb9482b1fdc6b43ee407,eu_sanctions_map
9301380,,Pavel Chernysh,sanction,,https://www.opensanctions.org/entities/eu-sancmap-8442d51d3c402b85479599000aaaf18bf67fab44,eu_sanctions_map
9297357,,Yanhu,sanction,,https://www.opensanctions.org/entities/eu-sancmap-84a08dd980654513a72b73f4b43e19625e850102,eu_sanctions_map
9250543,,Invicta,sanction,,https://www.opensanctions.org/entities/eu-sancmap-859b4dfb2f601c165abd7b8986370e05c860e1be,eu_sanctions_map
9251274,,Crius,sanction,,https://www.opensanctions.org/entities/eu-sancmap-860e828cffb534240a7f9de4b1f5d17b613999b6,eu_sanctions_map
9333400,,Noble,sanction,,https://www.opensanctions.org/entities/eu-sancmap-86765bc08cb258e78ea459bc166b30c549ea9e21,eu_sanctions_map
9156981,,G.ROSSINI,sanction,,https://www.opensanctions.org/entities/eu-sancmap-873e29b312b096d0376f4c9f7767263f93f10858,eu_sanctions_map
9412335,,Bolero,sanction,,https://www.opensanctions.org/entities/eu-sancmap-87b5cd4c56860755b371244cf5e31c202d50d2c7,eu_sanctions_map
9301419,,Yuri Senkevich,sanction,,https://www.opensanctions.org/entities/eu-sancmap-87cb6015fab00760520b0299928b88e0ef3a04c1,eu_sanctions_map
9397535,,JUPITER,sanction,,https://www.opensanctions.org/entities/eu-sancmap-87e869326bab7be1efc9a256f04b8a3cccd53384,eu_sanctions_map
8916580,,ASIA BRIDGE 1,sanction,,https://www.opensanctions.org/entities/eu-sancmap-8808e73be1870ccb23db7a81d71e390d16b21182,eu_sanctions_map
9288734,,Arabesca,sanction,,https://www.opensanctions.org/entities/eu-sancmap-88566b856ec3d9d714c3d764923fa24a7693194e,eu_sanctions_map
9752096,,SHTURMAN MALYGIN,sanction,,https://www.opensanctions.org/entities/eu-sancmap-88df81d81d623bed414c37286098187a2ffd7974,eu_sanctions_map
9690212,,STALINGRAD,sanction,,https://www.opensanctions.org/entities/eu-sancmap-88eef6a7e163af29073897c0f4d36d828070e70d,eu_sanctions_map
9211999,,SOFIA,sanction,,https://www.opensanctions.org/entities/eu-sancmap-891d61aba4f181831990cfa6e752352337e355a1,eu_sanctions_map
9323364,,SINAR G,sanction,,https://www.opensanctions.org/entities/eu-sancmap-892e1413db3b5d3e53889dc2efd6b222be3e623a,eu_sanctions_map
9198783,,Maria,sanction,,https://www.opensanctions.org/entities/eu-sancmap-8a654ac0c7dbe87d0673bf9c2e516e602924e97d,eu_sanctions_map
9413559,,ANTARKTIKA,sanction,,https://www.opensanctions.org/entities/eu-sancmap-8a773957b7dc1fa007ccb4522d271b76de120036,eu_sanctions_map
9544281,,Corum,sanction,,https://www.opensanctions.org/entities/eu-sancmap-8a7d61bd2b93174f6b8f74956928d8aa72471f34,eu_sanctions_map
9333785,,SEADAR,sanction,,https://www.opensanctions.org/entities/eu-sancmap-8a8e8316402ebadb73be1e72d20a20c73459796c,eu_sanctions_map
9577094,,Pathfinder,sanction,,https://www.opensanctions.org/entities/eu-sancmap-8ab765504cc6c6f6cc815595c30f681d514f2ec3,eu_sanctions_map
9645011,,Sanar 18,sanction,,https://www.opensanctions.org/entities/eu-sancmap-8ab7b1557a19a02528e5cfa90d44b85aab89dea4,eu_sanctions_map
9309588,,Symphony,sanction,,https://www.opensanctions.org/entities/eu-sancmap-8abc05eb8f902f563bbf297a0d816708d7573f1c,eu_sanctions_map
7389704,,RYE SONG GANG 1,sanction,,https://www.opensanctions.org/entities/eu-sancmap-8affa60e6080caa5d0540c690bf41d13a8cb814b,eu_sanctions_map
9650016,,RN SAKHALIN,sanction,,https://www.opensanctions.org/entities/eu-sancmap-8b1ca3ea99830f3947949d8e6f9ebc46e1346bf2,eu_sanctions_map
9380673,,Centurion,sanction,,https://www.opensanctions.org/entities/eu-sancmap-8b4a145b105cc931b6d4156b94a1741944d17bd3,eu_sanctions_map
9389083,,TIGER 6,sanction,,https://www.opensanctions.org/entities/eu-sancmap-8b6c5c6d740211748d940cf628a7ea0cb08ee6f4,eu_sanctions_map
9199127,,Koen,sanction,,https://www.opensanctions.org/entities/eu-sancmap-8b7f23d21acc61bd85256795caf7686ae0effeda,eu_sanctions_map
9251456,,Daphne I,sanction,,https://www.opensanctions.org/entities/eu-sancmap-8b9a47cc7f2d0269a0de827758e2f4524783184c,eu_sanctions_map
9260483,,ARMADA LEADER,sanction,,https://www.opensanctions.org/entities/eu-sancmap-8bac647c310c4ca1ee08a615eeff3558a0c9682c,eu_sanctions_map
9293155,,Benedict (formerly Junia),sanction,,https://www.opensanctions.org/entities/eu-sancmap-8bc29c49b46f01a29b5061d75b963b1245f0bdad,eu_sanctions_map
9411020,,Bratsk,sanction,,https://www.opensanctions.org/entities/eu-sancmap-8bc8734182cb1609222c53459c0eba64f7619029,eu_sanctions_map
9321847,,Emily S,sanction,,https://www.opensanctions.org/entities/eu-sancmap-8bc89d39b350432de26bf776cf05b6e70c512a29,eu_sanctions_map
9317949,,Xiwang,sanction,,https://www.opensanctions.org/entities/eu-sancmap-8c1ea6cd1a5d3adf8fb6e88fe975d8a60a47b428,eu_sanctions_map
8984848,,BILAL BEY,sanction,,https://www.opensanctions.org/entities/eu-sancmap-8cd0c2acbc6b0a1ab38633d036ce34771b947bfa,eu_sanctions_map
8126070,,SHANG YUAN BAO,sanction,,https://www.opensanctions.org/entities/eu-sancmap-8cf771d3e034527716f100a714e4b1a74a19b4a5,eu_sanctions_map
9308833,,Kusto,sanction,,https://www.opensanctions.org/entities/eu-sancmap-8d53e9fc81a12cd03b0e5d5636a4fe6441a22095,eu_sanctions_map
9915105,,Koryak FSU,sanction,,https://www.opensanctions.org/entities/eu-sancmap-8de2fae635401b00dc195800fb0f3e4018ec090d,eu_sanctions_map
9299692,,Callisto,sanction,,https://www.opensanctions.org/entities/eu-sancmap-8e09b9bf6c65e0726a25fd1886ef223f7c935f8e,eu_sanctions_map
9276030,,Echo (formerly Elbrus),sanction,,https://www.opensanctions.org/entities/eu-sancmap-8e3c53568c2832a7bb8163ecf35b7c286e2f87dd,eu_sanctions_map
9281891,,Merope,sanction,,https://www.opensanctions.org/entities/eu-sancmap-8e84ce67523388be64b1f635c98ef805d8e457c2,eu_sanctions_map
9299771,,MIRES,sanction,,https://www.opensanctions.org/entities/eu-sancmap-8ed8ec9eb4cf68e25da84866211ace0140304b21,eu_sanctions_map
9260067,,Vision,sanction,,https://www.opensanctions.org/entities/eu-sancmap-8f6c050235ac1b9e7db8f6ce96795e07037cf99b,eu_sanctions_map
9251274,,Crius,sanction,,https://www.opensanctions.org/entities/eu-sancmap-8f9efc0f3074606a77b807faca7b532db27d81b7,eu_sanctions_map
8791667,,WAN HENG 11,sanction,,https://www.opensanctions.org/entities/eu-sancmap-8fbbf594e557333e4280ff018b11f837fd88047a,eu_sanctions_map
9231212,,Mermar,sanction,,https://www.opensanctions.org/entities/eu-sancmap-8fbbf87ba4e962505a8d4807515b6afe7e220edf,eu_sanctions_map
9288863,,Ector,sanction,,https://www.opensanctions.org/entities/eu-sancmap-8fd22d891dcb65af82d4052eef946e395538b473,eu_sanctions_map
9317949,,Xiwang,sanction,,https://www.opensanctions.org/entities/eu-sancmap-9032a5b9388faa0ceb895458ae6fe380bcfe3f72,eu_sanctions_map
9953523,,North Sky,sanction,,https://www.opensanctions.org/entities/eu-sancmap-90d63c56fcb95f9c55184dddb59b2ca8767971a3,eu_sanctions_map
9265756,,Life,sanction,,https://www.opensanctions.org/entities/eu-sancmap-916c342ed3c4d236ea93bd623c16ab9bf7713b9b,eu_sanctions_map
9233765,,Aulis,sanction,,https://www.opensanctions.org/entities/eu-sancmap-9179548dae70761b42b54521621d80e631e59641,eu_sanctions_map
9271327,,View (formerly Cup),sanction,,https://www.opensanctions.org/entities/eu-sancmap-91b21152e35081445e0017443f09707b716391e4,eu_sanctions_map
9308857,,Rymo,sanction,,https://www.opensanctions.org/entities/eu-sancmap-91e0c1e5808675194766e923a8453806cd98a4f8,eu_sanctions_map
8915299,,DAMAS WAVE,sanction,,https://www.opensanctions.org/entities/eu-sancmap-922e4fc5ef443c795fce6df4c876c1384fb04e9c,eu_sanctions_map
9259185,,Daksha (formerly Hebe),sanction,,https://www.opensanctions.org/entities/eu-sancmap-9293849746d115f83682668b813217f36bc6ee8f,eu_sanctions_map
9428358,,Xue Song,sanction,,https://www.opensanctions.org/entities/eu-sancmap-92bec1f8035e1431ce459b2fb9d4e50e77742772,eu_sanctions_map
9292199,,KAYSERI,sanction,,https://www.opensanctions.org/entities/eu-sancmap-92ced61d8ba9d1bb522986afdc2a788bad19fc82,eu_sanctions_map
9243148,,Metagas Everest,sanction,,https://www.opensanctions.org/entities/eu-sancmap-92e1b180e7370b13f4ebcf4f3707dfa1c60147d3,eu_sanctions_map
9741724,,ALARA,sanction,,https://www.opensanctions.org/entities/eu-sancmap-930b1cff0837d8f03298f8c870f5bfccc8822933,eu_sanctions_map
9171175,,Cilicia,sanction,,https://www.opensanctions.org/entities/eu-sancmap-930fbdaaad4b0b4bd4773947cc50aa38248f1480,eu_sanctions_map
9621601,,VASILY LANOVOY,sanction,,https://www.opensanctions.org/entities/eu-sancmap-93d6604b50af141cca1b0226d17caa5eb020f2e3,eu_sanctions_map
9268112,,Olia,sanction,,https://www.opensanctions.org/entities/eu-sancmap-93eedbcd9f057c3e950436896951827ebd9de898,eu_sanctions_map
1021570,,Ocean 28,sanction,,https://www.opensanctions.org/entities/eu-sancmap-946a7014585c7b89b76a60b773f857da5c42ebeb,eu_sanctions_map
9384459,,ONEGA,sanction,,https://www.opensanctions.org/entities/eu-sancmap-9551e75fbc325a22946b8143285a999d8f2e4d3c,eu_sanctions_map
9296391,,Peta Lumina,sanction,,https://www.opensanctions.org/entities/eu-sancmap-9555d685e21463953b0ebc9a21a582ae6b03701b,eu_sanctions_map
9621596,,STANISLAV GOVORUKHIN,sanction,,https://www.opensanctions.org/entities/eu-sancmap-9573824428f34e880dc84eff36a24504271c1a1e,eu_sanctions_map
9301524,,Deneb,sanction,,https://www.opensanctions.org/entities/eu-sancmap-95b38d4014253c5584fc2445ee190f063cc5112e,eu_sanctions_map
9337389,,Agni,sanction,,https://www.opensanctions.org/entities/eu-sancmap-96fadfc834527fe89d7ed80f3a744ddee27073ca,eu_sanctions_map
9307815,,Tasta,sanction,,https://www.opensanctions.org/entities/eu-sancmap-970a03ed54e7a9bd69e6d3844a609d6fee65b906,eu_sanctions_map
9189146,,KYLO,sanction,,https://www.opensanctions.org/entities/eu-sancmap-972a122e6a6c2f5d82350b6a73e9275536405015,eu_sanctions_map
7408873,,SAM JONG 2,sanction,,https://www.opensanctions.org/entities/eu-sancmap-9735481d58dc09684f6030a8733b47df89da7646,eu_sanctions_map
9252400,,SEAL,sanction,,https://www.opensanctions.org/entities/eu-sancmap-975e46e60cf4b876bacae3799283ca5ca43d1e63,eu_sanctions_map
9310525,,Oilstar,sanction,,https://www.opensanctions.org/entities/eu-sancmap-976913b1dae60de082a671e7b47d0ce5769aaefd,eu_sanctions_map
9735323,,YAZ,sanction,,https://www.opensanctions.org/entities/eu-sancmap-97973d3312a057a617e10dc2d601d8bf5318e81d,eu_sanctions_map
9281891,,Merope,sanction,,https://www.opensanctions.org/entities/eu-sancmap-97f60554cb69b7afc0c4606a029569ed70b2dbb9,eu_sanctions_map
9257802,,FURIA,sanction,,https://www.opensanctions.org/entities/eu-sancmap-982f91e3cd5e5898ce2aa84af8fbab61e3cf6eac,eu_sanctions_map
9331153,,Galian 2,sanction,,https://www.opensanctions.org/entities/eu-sancmap-988680dd71f59a34c7a3c45620759c8d5eae1a0a,eu_sanctions_map
9341081,,Cassiopeia,sanction,,https://www.opensanctions.org/entities/eu-sancmap-98df15660b41293e04223d825d753b90223580aa,eu_sanctions_map
9385233,,Monte Bianco (formerly San Severus),sanction,,https://www.opensanctions.org/entities/eu-sancmap-9a92a83e767d6e6278dc8136035917e0e645fba2,eu_sanctions_map
9341079,,Capella,sanction,,https://www.opensanctions.org/entities/eu-sancmap-9ae655012d8bda17c960899a89c0a84af9571b35,eu_sanctions_map
9330599,,Lumin,sanction,,https://www.opensanctions.org/entities/eu-sancmap-9aeef0d6af20fb2d293012b7c302459233a37786,eu_sanctions_map
9353096,,Madhav,sanction,,https://www.opensanctions.org/entities/eu-sancmap-9b668cc6265c927f519c461773c22217340b5a3a,eu_sanctions_map
9289752,,Savitri,sanction,,https://www.opensanctions.org/entities/eu-sancmap-9bc1988df53777e5e5f51a6d53158f1c1baab369,eu_sanctions_map
9236004,,Katiuska,sanction,,https://www.opensanctions.org/entities/eu-sancmap-9bff03f9754248b9bc460979f43b71657b78f583,eu_sanctions_map
9354301,,Zaliv Amerika,sanction,,https://www.opensanctions.org/entities/eu-sancmap-9c1c25b27b3c32eeada64da41a7a8f61c1ec3462,eu_sanctions_map
9036284,,NORDSTRAUM,sanction,,https://www.opensanctions.org/entities/eu-sancmap-9db13b318b15369c1c5c3141387e82a8a2dc03ec,eu_sanctions_map
9314167,,Agnes,sanction,,https://www.opensanctions.org/entities/eu-sancmap-9dcb103b60bc27cc0676b0f21e58fd979d251336,eu_sanctions_map
9422964,,ABRAU,sanction,,https://www.opensanctions.org/entities/eu-sancmap-9e3870f0b4c3fc06a4a2d180a298678734adb80e,eu_sanctions_map
9378632,,Malak (formerly Ping An),sanction,,https://www.opensanctions.org/entities/eu-sancmap-9e6063ff477ec98bc3ee243899ee77320848ff82,eu_sanctions_map
9308077,,TYCHE 1,sanction,,https://www.opensanctions.org/entities/eu-sancmap-9e9de4933a2a4369be0b0ffb0800127b4d21e11d,eu_sanctions_map
9323340,,TRANQUIL SEA,sanction,,https://www.opensanctions.org/entities/eu-sancmap-9ee0a36da8343073fa4d81f73e9f5f4fe3fee3df,eu_sanctions_map
9255282,,PIONEER,sanction,,https://www.opensanctions.org/entities/eu-sancmap-9effed280a3e2d25f8d722c24c15eec26b4d47a3,eu_sanctions_map
9322956,,Prosperity (formerly NS Pride),sanction,,https://www.opensanctions.org/entities/eu-sancmap-9f20ed553e39835d1b5bfb3a924c1763d05982b1,eu_sanctions_map
9299733,,Nagarjuna,sanction,,https://www.opensanctions.org/entities/eu-sancmap-9f8fda7e3160751d97c66b3ae1a4c32c77321d9e,eu_sanctions_map
9301421,,Victor Konetsky,sanction,,https://www.opensanctions.org/entities/eu-sancmap-9f99e9fbcdc6fb4bf1fdca840c2eb5db07e4d71e,eu_sanctions_map
9291250,,Line,sanction,,https://www.opensanctions.org/entities/eu-sancmap-9fa876bf8aa5c8194c80f2d2dc300a153ba92ede,eu_sanctions_map
9164718,,THOTH,sanction,,https://www.opensanctions.org/entities/eu-sancmap-9fb16c8de07b5bc84ac198754fd8eff7dcd5b072,eu_sanctions_map
9372561,,TIMOFEY GUZHENKO,sanction,,https://www.opensanctions.org/entities/eu-sancmap-a05eaf2f52e6761e389364c3de590dc9df54f084,eu_sanctions_map
9346720,,Kira K,sanction,,https://www.opensanctions.org/entities/eu-sancmap-a07b77c45e4e24d4f7be8bf430d236683d90107a,eu_sanctions_map
9344033,,Triumph,sanction,,https://www.opensanctions.org/entities/eu-sancmap-a07c15878aa3c2287b2d677b10178ab6c046cce2,eu_sanctions_map
9409259,,SPIRIT 2,sanction,,https://www.opensanctions.org/entities/eu-sancmap-a09d7c9d8bfebccc3a6fd392ef2f5facc85e3cbc,eu_sanctions_map
9397559,,Aria,sanction,,https://www.opensanctions.org/entities/eu-sancmap-a0a2f6e339161fca09f8575708909d48e62d0009,eu_sanctions_map
9408554,,HE BO,sanction,,https://www.opensanctions.org/entities/eu-sancmap-a0d0a4098bd4ecdeaa410b750ac6c30e89ffd12f,eu_sanctions_map
9274331,,San Damian,sanction,,https://www.opensanctions.org/entities/eu-sancmap-a0da7e94a35af8770c8daf7999422d6370e2b3ef,eu_sanctions_map
9255660,,Serena (formerly Pontus I),sanction,,https://www.opensanctions.org/entities/eu-sancmap-a0dd60b7002267d38b52570f252c116c06602e9e,eu_sanctions_map
9179842,,M/V Angara,sanction,,https://www.opensanctions.org/entities/eu-sancmap-a1a8f855fbd1b04ddd2cf8ea481c6133bbb877ff,eu_sanctions_map
9314882,,Himalaya,sanction,,https://www.opensanctions.org/entities/eu-sancmap-a1ab995107c69124ab7e8a780b53a4b4ea674d45,eu_sanctions_map
9413573,,Atlas,sanction,,https://www.opensanctions.org/entities/eu-sancmap-a1f97cfa2d31bd973962615a58622bec27a61c90,eu_sanctions_map
9383950,,Eminent,sanction,,https://www.opensanctions.org/entities/eu-sancmap-a24d34e0b0862eff929b9408763b48dcc4fefb21,eu_sanctions_map
9296406,,Rigel,sanction,,https://www.opensanctions.org/entities/eu-sancmap-a265a0d71c72871e9408f5f0dc9090990b0624a1,eu_sanctions_map
9175078,,Zambra,sanction,,https://www.opensanctions.org/entities/eu-sancmap-a2bf0a315272349c01541997bec39e9f77b61b00,eu_sanctions_map
9411331,,Canara,sanction,,https://www.opensanctions.org/entities/eu-sancmap-a36c2c2185636c5d31e52eff7cf591687c48da0d,eu_sanctions_map
9413547,,Peta Lumina,sanction,,https://www.opensanctions.org/entities/eu-sancmap-a3b9a924c3307977ce0c99a1405be11aa7a5f08b,eu_sanctions_map
9258002,,Kazan,sanction,,https://www.opensanctions.org/entities/eu-sancmap-a402a1833fe2cb15644fb3a64b7ddb7c5cfc65e3,eu_sanctions_map
9337195,,SIREN II,sanction,,https://www.opensanctions.org/entities/eu-sancmap-a4290b71dbeddc87165e0e82dd0bfca5a2f66bab,eu_sanctions_map
9314894,,Indras,sanction,,https://www.opensanctions.org/entities/eu-sancmap-a4379e03e5510c785e69fc4e20d1c3372dd9f958,eu_sanctions_map
9337901,,RIMMA,sanction,,https://www.opensanctions.org/entities/eu-sancmap-a45377f2c8153f6eebac33a4dcacbcb21d616eca,eu_sanctions_map
9715270,,ZAID,sanction,,https://www.opensanctions.org/entities/eu-sancmap-a4a477e3c48de9d7831104495166b95333dbed93,eu_sanctions_map
9293959,,Fotuo,sanction,,https://www.opensanctions.org/entities/eu-sancmap-a527fd4435593230cc02d4f39e56bc31d1fe6330,eu_sanctions_map
9250531,,Rozmarine,sanction,,https://www.opensanctions.org/entities/eu-sancmap-a554f8b77b692be6a5c920b78914b694de70dea5,eu_sanctions_map
9550137,,MATROS KOSHKA,sanction,,https://www.opensanctions.org/entities/eu-sancmap-a591177c3eb4737fb27db78d764252be35d08756,eu_sanctions_map
9312896,,Krasnoyarsk,sanction,,https://www.opensanctions.org/entities/eu-sancmap-a5ecc01bd93b5f70d2fece654ea165b00e06a37e,eu_sanctions_map
9157014,,SOLSTRAUM,sanction,,https://www.opensanctions.org/entities/eu-sancmap-a64e127decdfd43b1f4b6b20870f40b6024ae776,eu_sanctions_map
9247780,,Turaco,sanction,,https://www.opensanctions.org/entities/eu-sancmap-a7591875a6043b753cb81239ea0aaf525c50f190,eu_sanctions_map
9379052,,Ocean Autumn,sanction,,https://www.opensanctions.org/entities/eu-sancmap-a7ec467d8fd5c8ea70fb4581398173a5647d0639,eu_sanctions_map
9901037,,Nikolay Zadornov,sanction,,https://www.opensanctions.org/entities/eu-sancmap-a931a30e331fc76ac4df63b5efcd4cf4397cd045,eu_sanctions_map
9389095,,Minion,sanction,,https://www.opensanctions.org/entities/eu-sancmap-a9892986574a1b170e0346289c755ff6fe8ac507,eu_sanctions_map
9319674,,Night Glory,sanction,,https://www.opensanctions.org/entities/eu-sancmap-a9a2d7087ba2110c560462d8e9a7ea427b67dfd0,eu_sanctions_map
9247431,,Wilma II,sanction,,https://www.opensanctions.org/entities/eu-sancmap-a9d74c0a1383cdde1ea0c61129b0e2aad167b6e6,eu_sanctions_map
9347308,,AURA MARIS,sanction,,https://www.opensanctions.org/entities/eu-sancmap-aa1aa2e0324e77bd22445d5dba811bccbc7d6c35,eu_sanctions_map
9270529,,Krymsk,sanction,,https://www.opensanctions.org/entities/eu-sancmap-aaa6e62d17678712fa091737aca6505b410fb668,eu_sanctions_map
9384069,,Lion I,sanction,,https://www.opensanctions.org/entities/eu-sancmap-aace6263425a7fbb785efa8905d483c7ea09a4e0,eu_sanctions_map
9315654,,Sea Honor,sanction,,https://www.opensanctions.org/entities/eu-sancmap-ab21c77816b523d0c154fa45a2458e87ff093825,eu_sanctions_map
9321976,,Heidi A,sanction,,https://www.opensanctions.org/entities/eu-sancmap-ac0926a89e07a7c8074c0758a130eaae7b4cacd9,eu_sanctions_map
9430272,,JIN HUI,sanction,,https://www.opensanctions.org/entities/eu-sancmap-ac779b3b2be95a2376ef63d5b641289ca78e5ef9,eu_sanctions_map
9333670,,MIKHAIL ULYANOV,sanction,,https://www.opensanctions.org/entities/eu-sancmap-acc422861854c6147b0e5acef40cdca729d2162f,eu_sanctions_map
8660313,,CHON MA SAN,sanction,,https://www.opensanctions.org/entities/eu-sancmap-ace14fce4cd31cd5b8dcb5c68789b5c22c486baa,eu_sanctions_map
9589750,,Danshui,sanction,,https://www.opensanctions.org/entities/eu-sancmap-ace6bb8950d1fcbe903d0ee86fbf2a3cbd8c2de9,eu_sanctions_map
9321706,,Mercury,sanction,,https://www.opensanctions.org/entities/eu-sancmap-ad2cde0f5f20c6eb4c9bcf627430249034af91ce,eu_sanctions_map
9640516,,VF Tanker-3,sanction,,https://www.opensanctions.org/entities/eu-sancmap-ad4d5e469a6f7a8b3c2e2b0698d69a8284f4a50b,eu_sanctions_map
9316127,,Vega,sanction,,https://www.opensanctions.org/entities/eu-sancmap-adda60553058c14cf38626d6007b84262a0eaac5,eu_sanctions_map
9435363,,Volga River,sanction,,https://www.opensanctions.org/entities/eu-sancmap-aebcd610a1e5d4a04ba31b548ab5c306e1dccd2c,eu_sanctions_map
9498171,,ZAGATALA,sanction,,https://www.opensanctions.org/entities/eu-sancmap-af216cf173f8d061ca47bf38931933876570d030,eu_sanctions_map
9353125,,Chandra,sanction,,https://www.opensanctions.org/entities/eu-sancmap-af3f3c2ddbed907f4e1afa43af09009227d476b9,eu_sanctions_map
9437983,,Cai Yun,sanction,,https://www.opensanctions.org/entities/eu-sancmap-af693acb2110702cb72d0c5533d377a43a225401,eu_sanctions_map
9374868,,Elephant,sanction,,https://www.opensanctions.org/entities/eu-sancmap-af6eaed70aba0a63d318fdfd50b2958b169e593a,eu_sanctions_map
9288930,,PACIFICOS,sanction,,https://www.opensanctions.org/entities/eu-sancmap-af94b64c063653b0edca5884f06006fc06559a59,eu_sanctions_map
9849887,,La Perouse,sanction,,https://www.opensanctions.org/entities/eu-sancmap-b00ea3ae933ba94297264eb926649f223319897f,eu_sanctions_map
9260275,,Katran,sanction,,https://www.opensanctions.org/entities/eu-sancmap-b03d0dd25e0855a44c4dbe316c1343c14559b57e,eu_sanctions_map
9418509,,OMSK,sanction,,https://www.opensanctions.org/entities/eu-sancmap-b10afc17692cfed30e15811def2f3a5908fba712,eu_sanctions_map
9288851,,Carl,sanction,,https://www.opensanctions.org/entities/eu-sancmap-b12b830a4263bbdacdb9a34962674d217099ea07,eu_sanctions_map
9251810,,Cross Ocean,sanction,,https://www.opensanctions.org/entities/eu-sancmap-b12dd5a4f6c736114e810c29421644733053b51a,eu_sanctions_map
9385233,,San Severus,sanction,,https://www.opensanctions.org/entities/eu-sancmap-b1bda1656355900525fd8b10ca9e958c7c000c7f,eu_sanctions_map
9299680,,Cangjie,sanction,,https://www.opensanctions.org/entities/eu-sancmap-b1ce28a8073756116b2ce3dc1003838c4b7d9f1f,eu_sanctions_map
9513139,,Fjord Seal,sanction,,https://www.opensanctions.org/entities/eu-sancmap-b1ebcae97a2623d7786b955846f2aef335101655,eu_sanctions_map
9285859,,Eastern Pearl,sanction,,https://www.opensanctions.org/entities/eu-sancmap-b289fbd758480cf9c7137b5be5fe51f04466fbe9,eu_sanctions_map
9261401,,QUARTZ,sanction,,https://www.opensanctions.org/entities/eu-sancmap-b2b794ddf7a85e9320827e8621976dc7c92db81a,eu_sanctions_map
9259733,,Yi Tong,sanction,,https://www.opensanctions.org/entities/eu-sancmap-b2ca8b3af24c319c550649c9edeb5f7f9d560b61,eu_sanctions_map
9537109,,GAZPROMNEFT ZUID EAST,sanction,,https://www.opensanctions.org/entities/eu-sancmap-b2ec728192c9f96958c0dddae718886c61a177e9,eu_sanctions_map
9385142,,Almond,sanction,,https://www.opensanctions.org/entities/eu-sancmap-b30311a11e0fa00bff88b0aa2a09b396893c7b3a,eu_sanctions_map
9256602,,Sputnik Energy (formerly Pioneer),sanction,,https://www.opensanctions.org/entities/eu-sancmap-b3f13adb9b4e9eedc4bf7abc9d1c0d083192111c,eu_sanctions_map
9404948,,Chen Lu,sanction,,https://www.opensanctions.org/entities/eu-sancmap-b429a9bb3396405ef18dbec636aa305968b7cc6a,eu_sanctions_map
9292589,,Team,sanction,,https://www.opensanctions.org/entities/eu-sancmap-b429f2d3fa2799e8ffd3d0126c4c07045b6d536b,eu_sanctions_map
9299721,,LEONA,sanction,,https://www.opensanctions.org/entities/eu-sancmap-b4bae7074cc0a42b952feddb7973ff00c5d4183b,eu_sanctions_map
9368223,,Achilles,sanction,,https://www.opensanctions.org/entities/eu-sancmap-b54b61d2c3b46566824b37913ce39fc8e8a197a2,eu_sanctions_map
9255660,,Pontus I,sanction,,https://www.opensanctions.org/entities/eu-sancmap-b5bf19318a4adda5afdef4d7ee0797cd065c4ac2,eu_sanctions_map
9292838,,Listiga,sanction,,https://www.opensanctions.org/entities/eu-sancmap-b66e56f5cd9947e73d1a0f14d0614e155991bcd1,eu_sanctions_map
7808401,,BEBEK-E,sanction,,https://www.opensanctions.org/entities/eu-sancmap-b681336e4e4361bfe4b9e2bd980f674e5851d5da,eu_sanctions_map
9299719,,Kotlas,sanction,,https://www.opensanctions.org/entities/eu-sancmap-b695d72edfd86239ff750541dd737183620c408b,eu_sanctions_map
9235725,,Fuga Bluemarine,sanction,,https://www.opensanctions.org/entities/eu-sancmap-b6b55f92ef87e5a71b690a03ccf52316eaaf1287,eu_sanctions_map
9408190,,SAMOS,sanction,,https://www.opensanctions.org/entities/eu-sancmap-b770be88c750b9f15475f4a717b7991ccb9658a2,eu_sanctions_map
9901025,,Vladimir Asenyev,sanction,,https://www.opensanctions.org/entities/eu-sancmap-b78ac9d0a4fe965e1bc09021ef879bae6eb0917b,eu_sanctions_map
8106496,,SAM MA 2,sanction,,https://www.opensanctions.org/entities/eu-sancmap-b7c1e069aea84e4445685f0e90d914a445a18882,eu_sanctions_map
9309588,,Symphony,sanction,,https://www.opensanctions.org/entities/eu-sancmap-b86b91fa88912f1ab3d07f4af188dc250f61ba78,eu_sanctions_map
9314105,,Makalu,sanction,,https://www.opensanctions.org/entities/eu-sancmap-b90457ea1adcab7c804d47a88021636b5e2fc2f7,eu_sanctions_map
9147447,,TAVIAN,sanction,,https://www.opensanctions.org/entities/eu-sancmap-b991eeb77bb9ec51d28042e3c9b19b11cd1bc8a7,eu_sanctions_map
9198290,,MD Miranda,sanction,,https://www.opensanctions.org/entities/eu-sancmap-b9fc1c388ee7d3b2c33077e83683d79d6427a8dd,eu_sanctions_map
9421972,,Saturn,sanction,,https://www.opensanctions.org/entities/eu-sancmap-ba169cbb72f1d7b11a24aabc0f5aa9ea970d8867,eu_sanctions_map
9168946,,Zevs,sanction,,https://www.opensanctions.org/entities/eu-sancmap-ba7e4157ad630d16bda8651fc28f121e1fb511c1,eu_sanctions_map
9381732,,AUGA,sanction,,https://www.opensanctions.org/entities/eu-sancmap-baf6c2fc6429539a5bc6fb5bac903485c27ffe40,eu_sanctions_map
9319703,,Great Jacombo,sanction,,https://www.opensanctions.org/entities/eu-sancmap-bb53908e10b9181d2e7a1da5276d63958beeaa82,eu_sanctions_map
9421960,,Primorye,sanction,,https://www.opensanctions.org/entities/eu-sancmap-bba9989529768ec8a6cbb734e37d3fa96b1b104f,eu_sanctions_map
9316127,,Vega,sanction,,https://www.opensanctions.org/entities/eu-sancmap-bbb7e9581d7c646d5c6be37eda26d91e06eb1cd7,eu_sanctions_map
9255684,,Golden Eagle,sanction,,https://www.opensanctions.org/entities/eu-sancmap-bca07f078415bbfbe5a5cc59f7b8acbe69d0c0d0,eu_sanctions_map
9830769,,Hunter Star,sanction,,https://www.opensanctions.org/entities/eu-sancmap-bcb6da7693bcee70e9b80cc5e401465a8bf38da0,eu_sanctions_map
8518572,,JIN HYE,sanction,,https://www.opensanctions.org/entities/eu-sancmap-bcd6d7efcb2426155052339dde2a1721233bbf03,eu_sanctions_map
9144782,,Robon,sanction,,https://www.opensanctions.org/entities/eu-sancmap-bce22a4d116ac8c645a97def67b439a99ca8283f,eu_sanctions_map
9299769,,Aquatica,sanction,,https://www.opensanctions.org/entities/eu-sancmap-bd0a11a4300e2d1f9ca999baeb14554dd65282d7,eu_sanctions_map
9481910,,PORT OLYA-3,sanction,,https://www.opensanctions.org/entities/eu-sancmap-bd3a31f925a008bb0ebeec78484168632a596f1c,eu_sanctions_map
9610810,,Viktor Bakaev,sanction,,https://www.opensanctions.org/entities/eu-sancmap-bd7d825191eaeaaab49b59fe5af584fdd1cc7c89,eu_sanctions_map
9350654,,Surrey Quays,sanction,,https://www.opensanctions.org/entities/eu-sancmap-bdfac4fcab5ae6ad02afe195b229c11965619c1b,eu_sanctions_map
9809538,,KUMANA,sanction,,https://www.opensanctions.org/entities/eu-sancmap-beab181d06440cadd8de57d38d2bbea63bdc4d7f,eu_sanctions_map
9413573,,Atlas,sanction,,https://www.opensanctions.org/entities/eu-sancmap-bf435efde4fb0bdb4bcfb9856a5dbb6bfcbc3756,eu_sanctions_map
9323376,,Marabella Sun,sanction,,https://www.opensanctions.org/entities/eu-sancmap-bfa5b0ef4a579da14a831dd429388d30cbf6aecf,eu_sanctions_map
9236640,,Onyx,sanction,,https://www.opensanctions.org/entities/eu-sancmap-bfd0649b383386f867b10d42afc57f33b7610345,eu_sanctions_map
9511521,,Moskovsky Prospect,sanction,,https://www.opensanctions.org/entities/eu-sancmap-c02653242a37145bc3b480d255b72016b8353531,eu_sanctions_map
9232888,,Ailama,sanction,,https://www.opensanctions.org/entities/eu-sancmap-c0b0d241cab12c29033146543daf38047a37fe21,eu_sanctions_map
8862935,,SANRAYZ,sanction,,https://www.opensanctions.org/entities/eu-sancmap-c0c4a2674962bd7c2e22a38c3a767bea9511801f,eu_sanctions_map
9186625,,STAR MM,sanction,,https://www.opensanctions.org/entities/eu-sancmap-c1651728911d208f23c64a1d0dd30ea8f6d3ab74,eu_sanctions_map
9292046,,HASAN EAST,sanction,,https://www.opensanctions.org/entities/eu-sancmap-c16a353c9d92ffdf1abdb9b7a47494cd258b4df1,eu_sanctions_map
9577082,,Premier,sanction,,https://www.opensanctions.org/entities/eu-sancmap-c1874774439f379f360a475da054b76228da8ed9,eu_sanctions_map
9253313,,Arabela,sanction,,https://www.opensanctions.org/entities/eu-sancmap-c1d5f4a6aad6eec65f44e25d5ebe90ca5d423bea,eu_sanctions_map
9392822,,Lotus (formerly Himalayan),sanction,,https://www.opensanctions.org/entities/eu-sancmap-c1d6057ec16042d91e32ab0997a5c8cbc8851a3a,eu_sanctions_map
9207027,,Vernal,sanction,,https://www.opensanctions.org/entities/eu-sancmap-c22ecbe22212c05af662a3a373cbe8479aa66138,eu_sanctions_map
9257814,,Torex,sanction,,https://www.opensanctions.org/entities/eu-sancmap-c259b5d7aa3539ecb77ef8158a6284b32052cfd2,eu_sanctions_map
9258026,,Ederra,sanction,,https://www.opensanctions.org/entities/eu-sancmap-c29ec952bc57eff55a8ff4bc906ee5c0dfa59939,eu_sanctions_map
9209972,,Temiro,sanction,,https://www.opensanctions.org/entities/eu-sancmap-c2a5109589bd96438b5eb990ced21ba4709b53ac,eu_sanctions_map
9408542,,LING HONG,sanction,,https://www.opensanctions.org/entities/eu-sancmap-c3595e91a9ff4efc8511db8d59a57e211b0cc69d,eu_sanctions_map
9338905,,Pate (formerly Shaanxi),sanction,,https://www.opensanctions.org/entities/eu-sancmap-c393b7d61c118eca5f691bd68716c1c537f689a2,eu_sanctions_map
9292046,,NOVA CREST (formerly HASAN EAST),sanction,,https://www.opensanctions.org/entities/eu-sancmap-c39b6b711efb86df5c78384b128616254123eac9,eu_sanctions_map
9610808,,Anatoly Kolodkin,sanction,,https://www.opensanctions.org/entities/eu-sancmap-c3f0795a339ee8d98e421f4f07341561f87d1a7f,eu_sanctions_map
9346873,,ELODIE I,sanction,,https://www.opensanctions.org/entities/eu-sancmap-c452626c932b54fe70a05fd39efe672b71bcbbe8,eu_sanctions_map
9419151,,Wu Tai,sanction,,https://www.opensanctions.org/entities/eu-sancmap-c56d49803f35df43bd0db2b91ff6ac07701d93f0,eu_sanctions_map
9402471,,Apar (formerly Feng Shou; Andromeda Star),sanction,,https://www.opensanctions.org/entities/eu-sancmap-c69febbf32f473bd58194b8c8c72fe20cf18045f,eu_sanctions_map
9759915,,Shturman Skuratov,sanction,,https://www.opensanctions.org/entities/eu-sancmap-c6a2bca80c0ae853a2f61193dbf19e5754784ab2,eu_sanctions_map
9424651,,Manta,sanction,,https://www.opensanctions.org/entities/eu-sancmap-c6ad7b38dbb6844f3e200e723cd389fe39d60a5a,eu_sanctions_map
9004700,,XIN GUANG HAI,sanction,,https://www.opensanctions.org/entities/eu-sancmap-c74bce036246e488f6c1974561277750668be864,eu_sanctions_map
9329667,,Pacific,sanction,,https://www.opensanctions.org/entities/eu-sancmap-c754cebfd1fc0e4b30f58384b591b846ca7b8352,eu_sanctions_map
9284582,,Panda,sanction,,https://www.opensanctions.org/entities/eu-sancmap-c7b150b770fa5153e17634ee11615274f95e44d7,eu_sanctions_map
9419450,,JEWEL,sanction,,https://www.opensanctions.org/entities/eu-sancmap-c7e56f940ba0cadc5b2f5f6bd406dbd81ae69945,eu_sanctions_map
9249312,,Izola,sanction,,https://www.opensanctions.org/entities/eu-sancmap-c85bf585be854caee9e6a0797d7e0972d52e46bc,eu_sanctions_map
9259599,,AKKORD,sanction,,https://www.opensanctions.org/entities/eu-sancmap-c89463adc8fe59d4eebe11fec833055575d5f5d4,eu_sanctions_map
9400980,,OMNI,sanction,,https://www.opensanctions.org/entities/eu-sancmap-c8ce3bf02d1aca4a64efe93bcdbd6920b8ba71b8,eu_sanctions_map
9335094,,VARG,sanction,,https://www.opensanctions.org/entities/eu-sancmap-c8f04d5d05175c8b501fee707ebb624c57f87191,eu_sanctions_map
9621558,,KARAKUZ,sanction,,https://www.opensanctions.org/entities/eu-sancmap-c96621ebe316420016d7ec22a7701a85cc55ca96,eu_sanctions_map
9582776,,PERUN,sanction,,https://www.opensanctions.org/entities/eu-sancmap-c97464c603e51d1f3d451f0036158101a6d15617,eu_sanctions_map
9256078,,LITEYNY PROSPECT,sanction,,https://www.opensanctions.org/entities/eu-sancmap-c9d870839a8e623a3c4baace3267500c254dff40,eu_sanctions_map
9303869,,ABINSK,sanction,,https://www.opensanctions.org/entities/eu-sancmap-ca32066745198d1bab471f1957ea02a07f57e323,eu_sanctions_map
9953511,,North Mountain,sanction,,https://www.opensanctions.org/entities/eu-sancmap-ca35a2e313eabef93022593cb1bcd809814286c1,eu_sanctions_map
9412347,,Leo,sanction,,https://www.opensanctions.org/entities/eu-sancmap-ca62f38e6a7e3f3d39ec89babd13f672f2fdaeb7,eu_sanctions_map
9308170,,Ocean Jupiter,sanction,,https://www.opensanctions.org/entities/eu-sancmap-cad0a4c79ede9ffe2761c1c4f99734557e4fa5b1,eu_sanctions_map
9247883,,Hatti,sanction,,https://www.opensanctions.org/entities/eu-sancmap-cadde38623e6a85440c7f1185af032b3c9ea22c3,eu_sanctions_map
9290921,,Beast,sanction,,https://www.opensanctions.org/entities/eu-sancmap-cb18abcb9c329bde0d9dba5c54dbbc85a538b24a,eu_sanctions_map
9213313,,ALBEDO,sanction,,https://www.opensanctions.org/entities/eu-sancmap-cb54369a5d9241ae95e626a79df366d6f5e05dc7,eu_sanctions_map
9283241,,Dignity,sanction,,https://www.opensanctions.org/entities/eu-sancmap-cb6e827e0336289ea4ea8ad79d613eb57905a38f,eu_sanctions_map
8724793,,KORSAKOV,sanction,,https://www.opensanctions.org/entities/eu-sancmap-cb92925bd7445a895197ed0577e921bcd51f14f9,eu_sanctions_map
9511521,,Meridian (formerly Moskovsky Prospect),sanction,,https://www.opensanctions.org/entities/eu-sancmap-cc1cd14af71cfecf3ba07bff2b79908180e03e12,eu_sanctions_map
9306782,,Kareliya,sanction,,https://www.opensanctions.org/entities/eu-sancmap-cc4ba65f8a0c40e3ec889d46d98b54720a675f4b,eu_sanctions_map
9297149,,REVANCHE,sanction,,https://www.opensanctions.org/entities/eu-sancmap-cc77ae5bff7490e3d20e42f436b6c38175dc789a,eu_sanctions_map
9301421,,Victor Konetsky,sanction,,https://www.opensanctions.org/entities/eu-sancmap-cc9119e905bbf14e3b0ad6e77428b7a6e49dd2be,eu_sanctions_map
9252967,,GRACEP,sanction,,https://www.opensanctions.org/entities/eu-sancmap-ccac218ba9a08d3e9f2e5bfc0ad2e5cf143b198b,eu_sanctions_map
9637961,,Sergey Terskov,sanction,,https://www.opensanctions.org/entities/eu-sancmap-cd0ae5eecf4f0b04de33806dd55196c3e84f24ad,eu_sanctions_map
9327372,,Tyagaraja,sanction,,https://www.opensanctions.org/entities/eu-sancmap-cd40b9d101b9ec6016e8e04e94993144b23639b0,eu_sanctions_map
8691702,,YU SON,sanction,,https://www.opensanctions.org/entities/eu-sancmap-ce07de053dba3b0a83b21176649c69470bc77edd,eu_sanctions_map
9843560,,Voyager,sanction,,https://www.opensanctions.org/entities/eu-sancmap-ce591be6e83a4109355a1cbde4f59130ff6adafd,eu_sanctions_map
9258478,,GT HONOR,sanction,,https://www.opensanctions.org/entities/eu-sancmap-ce782492ab64d804a5b7e9fe550a95d9375831e5,eu_sanctions_map
9066978,,PAEK MA,sanction,,https://www.opensanctions.org/entities/eu-sancmap-ce9a36ba7a591fbbe5fbbe6541a36dfb5d90861c,eu_sanctions_map
9277735,,Beks Aqua,sanction,,https://www.opensanctions.org/entities/eu-sancmap-cee475f41abe80fa86ed459b2b4a5c5726f7fa7e,eu_sanctions_map
9640499,,IVAN KRAMSKOY,sanction,,https://www.opensanctions.org/entities/eu-sancmap-ceeee3c6ce7579b7461bb92b8f14327765f4ce17,eu_sanctions_map
9369617,,Nizami Ganjavi,sanction,,https://www.opensanctions.org/entities/eu-sancmap-cf903103f613c4fb6c1d8601619b3269f8a8c114,eu_sanctions_map
9037123,,AS CALCUTTA,sanction,,https://www.opensanctions.org/entities/eu-sancmap-cfabb13f98a8e5bd68abe6a940d595b9907cbe2f,eu_sanctions_map
9388792,,Unity,sanction,,https://www.opensanctions.org/entities/eu-sancmap-cff62c7a204eaf3aee4d206d9290ad1b98aa0b3b,eu_sanctions_map
9585924,,Kaluga,sanction,,https://www.opensanctions.org/entities/eu-sancmap-d05ce24be059800d6bd028147f467a20532e53c2,eu_sanctions_map
9224283,,Neer 1 (formerly Kapal Cantik),sanction,,https://www.opensanctions.org/entities/eu-sancmap-d061d4c5dcd818b36db517affb6ec4e7c3fb5c6e,eu_sanctions_map
9208124,,Sky Rider,sanction,,https://www.opensanctions.org/entities/eu-sancmap-d0a89d30f8d4612445212e09268e7b7081cad13a,eu_sanctions_map
9360130,,Zaliv Vostok,sanction,,https://www.opensanctions.org/entities/eu-sancmap-d1191bea1763447890641155c27fc47b3b859ce4,eu_sanctions_map
8122347,,NAM SAN 8,sanction,,https://www.opensanctions.org/entities/eu-sancmap-d1bd6801a09bac0e907a3c4963bc5e1b8e3810bc,eu_sanctions_map
9227443,,Arlan,sanction,,https://www.opensanctions.org/entities/eu-sancmap-d20dd1322ccbe654f595dc61f7f8a8559aebb5c0,eu_sanctions_map
9205067,,Raven,sanction,,https://www.opensanctions.org/entities/eu-sancmap-d2e84b1da22e92bba9977b0a4680ba265247fd75,eu_sanctions_map
8724779,,VANINO,sanction,,https://www.opensanctions.org/entities/eu-sancmap-d2e93dae869f3bd5bf1ed7c9c765abcfa73cb52f,eu_sanctions_map
9405057,,Tai Shan,sanction,,https://www.opensanctions.org/entities/eu-sancmap-d306fc308df83443fe8ce61b6b46eb7c58d9a950,eu_sanctions_map
9289520,,N Cerna (formerly Canis Power),sanction,,https://www.opensanctions.org/entities/eu-sancmap-d3564c22a1f0950247767a0d7fcfb131f1365c64,eu_sanctions_map
9419137,,Sikar,sanction,,https://www.opensanctions.org/entities/eu-sancmap-d3c0fea439b28986085b3595330f54ca0c280ca3,eu_sanctions_map
9290517,,Vayu 1,sanction,,https://www.opensanctions.org/entities/eu-sancmap-d3dc1a5bc821affe55a08b5d9adf92da7840e366,eu_sanctions_map
9394935,,Ozanno (formerly Ocean AMZ),sanction,,https://www.opensanctions.org/entities/eu-sancmap-d41f1aede7d35d198c31db7ed3a325154c7cc6e4,eu_sanctions_map
9864837,,Arctic Mulan,sanction,,https://www.opensanctions.org/entities/eu-sancmap-d4426657a4b467addfedc5c9b291fd60fe0b9d86,eu_sanctions_map
9256602,,Pioneer,sanction,,https://www.opensanctions.org/entities/eu-sancmap-d4977f5d7cd92072703c22277b0aab12ae731690,eu_sanctions_map
9319703,,Great Jacombo,sanction,,https://www.opensanctions.org/entities/eu-sancmap-d498550084c64fea5f4f2177a15387141014d53e,eu_sanctions_map
9271951,,Facca,sanction,,https://www.opensanctions.org/entities/eu-sancmap-d4b116ddb44215bd6376fa9197b32e256ab5447a,eu_sanctions_map
9832547,,Velmar (formerly Venture),sanction,,https://www.opensanctions.org/entities/eu-sancmap-d5a6b72bce4caf6ba6c87419e1581bfed911acae,eu_sanctions_map
9308443,,Ina,sanction,,https://www.opensanctions.org/entities/eu-sancmap-d5cb92fecd0b4b07257d7fbfa667ca1385fd1ab5,eu_sanctions_map
9339337,,Legacy (formerly NS Lotus),sanction,,https://www.opensanctions.org/entities/eu-sancmap-d5cba604ab94a82ca193e8c5d161190fef212145,eu_sanctions_map
9345623,,Ru Yi,sanction,,https://www.opensanctions.org/entities/eu-sancmap-d5de2af78a8e16c2fad43e4be6467bd08826102c,eu_sanctions_map
8414477,,FLANDRIA,sanction,,https://www.opensanctions.org/entities/eu-sancmap-d5ec5761fe7324c68dad7d538c7f45f6fa7d3780,eu_sanctions_map
9333436,,SCF Amur,sanction,,https://www.opensanctions.org/entities/eu-sancmap-d607d457d28c0a2868341112ccff174024ba8d09,eu_sanctions_map
9590137,,MEGION,sanction,,https://www.opensanctions.org/entities/eu-sancmap-d69be7e8535c9edea881508e1f12018555cba517,eu_sanctions_map
9235713,,Amber 6,sanction,,https://www.opensanctions.org/entities/eu-sancmap-d759d2772307318e728836cdb6290aabb8e0bff5,eu_sanctions_map
9339301,,NS Leader,sanction,,https://www.opensanctions.org/entities/eu-sancmap-d78e8ac8410a3e54b41f114385192b6f5035f6e0,eu_sanctions_map
9321706,,Mercury,sanction,,https://www.opensanctions.org/entities/eu-sancmap-d7a486018095b8dce2819f23a84a41ed6c209cce,eu_sanctions_map
9258002,,Kazan,sanction,,https://www.opensanctions.org/entities/eu-sancmap-d7d278c6f72b5389a94ab52d5f481aac453b8680,eu_sanctions_map
9408530,,Evita,sanction,,https://www.opensanctions.org/entities/eu-sancmap-d83c43603e9d82bdd068c6e59c9941e3215e8dbe,eu_sanctions_map
8517839,,M/V Maria,sanction,,https://www.opensanctions.org/entities/eu-sancmap-d8b575927c0834938b0cccd4ff9f1ed042f5c86d,eu_sanctions_map
9167930,,MURMANSK,sanction,,https://www.opensanctions.org/entities/eu-sancmap-d8fe875a8f18d449e2086a077ea83e49ee4d4f83,eu_sanctions_map
9380570,,KURDOS III,sanction,,https://www.opensanctions.org/entities/eu-sancmap-d9127bdbdc7b9196a868fe5b7f103dc7d699287a,eu_sanctions_map
9288708,,Auro (formerly Stratos Aurora),sanction,,https://www.opensanctions.org/entities/eu-sancmap-d96a75504102a77297bf7ddada96ef595839b7f6,eu_sanctions_map
9020534,,RUNG RA 2,sanction,,https://www.opensanctions.org/entities/eu-sancmap-d9d04a40a8d2623684f9f39984193aef0e4bf9b6,eu_sanctions_map
9284726,,Bonifacy,sanction,,https://www.opensanctions.org/entities/eu-sancmap-da1638d2f0cc940b21166dd5b6fc26fa6b4d87be,eu_sanctions_map
9687992,,ORENBURG,sanction,,https://www.opensanctions.org/entities/eu-sancmap-da560f7d3b32553b2979fe242c5bcd074f66defa,eu_sanctions_map
9550682,,XING CHEN,sanction,,https://www.opensanctions.org/entities/eu-sancmap-db440da049c5372b9359534ec883f6d78974dac9,eu_sanctions_map
9395379,,Pacific 01,sanction,,https://www.opensanctions.org/entities/eu-sancmap-db4a4a2788c207baf0b534caff2b588e233375cd,eu_sanctions_map
8920581,,MELITO CARRIER,sanction,,https://www.opensanctions.org/entities/eu-sancmap-dba50d48b43395032300d9faa22a2d43ccf03d82,eu_sanctions_map
9240885,,LONGEVITY 7,sanction,,https://www.opensanctions.org/entities/eu-sancmap-dbd1af0740fbbfaa751a0bd85d6bde8b03d5d845,eu_sanctions_map
9326718,,Fulger,sanction,,https://www.opensanctions.org/entities/eu-sancmap-dc74839a9be06992326eb19cd1954c1626095fb9,eu_sanctions_map
9336426,,Naxos,sanction,,https://www.opensanctions.org/entities/eu-sancmap-dc903329e130042daededde66cca8a0206eda532,eu_sanctions_map
8914934,,FAN KE,sanction,,https://www.opensanctions.org/entities/eu-sancmap-dd03ba813d7c14cc9570ed2f49627d639084189f,eu_sanctions_map
9271951,,Facca,sanction,,https://www.opensanctions.org/entities/eu-sancmap-dd123b0790ede20bc7335b95fc27ac32d142fa51,eu_sanctions_map
9638197,,Tong Yuan,sanction,,https://www.opensanctions.org/entities/eu-sancmap-dd54580946ae53ab9f1ec6fcb975b4a65c7d6c0b,eu_sanctions_map
9388780,,BAI LU,sanction,,https://www.opensanctions.org/entities/eu-sancmap-dd614f12a6f805306a7c73a7e274dd0736f1309b,eu_sanctions_map
9759939,,SHTURMAN KOSHELEV,sanction,,https://www.opensanctions.org/entities/eu-sancmap-dd842ef1c68000e2404b7e59c7207aeb5617f2cb,eu_sanctions_map
9327360,,Caria Ka,sanction,,https://www.opensanctions.org/entities/eu-sancmap-ddc7d5e6291eab59ae3a9d5d29dc5546bac8ec4e,eu_sanctions_map
9247431,,Wilma II,sanction,,https://www.opensanctions.org/entities/eu-sancmap-ddda5bb252b5cad2128211ead71b5b9d27af2f03,eu_sanctions_map
9334557,,Blue Talu,sanction,,https://www.opensanctions.org/entities/eu-sancmap-ddfc68473fbe894bd11ef44a4180b82d762c5d3d,eu_sanctions_map
9311751,,HITIT,sanction,,https://www.opensanctions.org/entities/eu-sancmap-df2e2437f0f2b07895d1d97903e70dd719f52e6e,eu_sanctions_map
9384447,,Ji Shun,sanction,,https://www.opensanctions.org/entities/eu-sancmap-df3123084afd1a51c2f4611077a3a1e6cce3e18e,eu_sanctions_map
9409467,,Pravasi,sanction,,https://www.opensanctions.org/entities/eu-sancmap-dfc01208e93caed8076816dd89748c1aa025ae76,eu_sanctions_map
9263693,,SINO STAR,sanction,,https://www.opensanctions.org/entities/eu-sancmap-dfdd78058be050adc9dd4a1b52d8dd23d8812d8b,eu_sanctions_map
9318553,,NS Spirit,sanction,,https://www.opensanctions.org/entities/eu-sancmap-e05ede3d3b17ce4695b1e5cdf6c97f7e93698d7d,eu_sanctions_map
9292060,,Talisman,sanction,,https://www.opensanctions.org/entities/eu-sancmap-e06a636286f7d150230a9322fc8abccc4d3109cd,eu_sanctions_map
9277747,,Elise,sanction,,https://www.opensanctions.org/entities/eu-sancmap-e08229fb842ab7b61a7465186761f822bb87529c,eu_sanctions_map
9258868,,Asher,sanction,,https://www.opensanctions.org/entities/eu-sancmap-e0e7cf367460cf36275fb4c967fb369e106ca15f,eu_sanctions_map
9293117,,Sun,sanction,,https://www.opensanctions.org/entities/eu-sancmap-e1a9b3f7f1de86ac25e83427e61aa49f00f87eac,eu_sanctions_map
9236743,,PRIMORYE,sanction,,https://www.opensanctions.org/entities/eu-sancmap-e1bbdc2975773de22c3dc7bdd75122f7562df580,eu_sanctions_map
9402469,,Freda,sanction,,https://www.opensanctions.org/entities/eu-sancmap-e1c31709c391076cf06738f11be78bff5e9ecd3c,eu_sanctions_map
9315446,,Spring,sanction,,https://www.opensanctions.org/entities/eu-sancmap-e1ceaf6ca46b037d35efd89f7b1ac90e2af875b2,eu_sanctions_map
9313589,,SANAR-14,sanction,,https://www.opensanctions.org/entities/eu-sancmap-e27d81d0877eddcc1fca24f3e6540ea8637612b6,eu_sanctions_map
9056571,,Immanuel,sanction,,https://www.opensanctions.org/entities/eu-sancmap-e2b977ed30d17d4ed36029a14d9f10230bc7b078,eu_sanctions_map
9284594,,Leopard,sanction,,https://www.opensanctions.org/entities/eu-sancmap-e348cc51bb1b1633e0965cdc81d7291c8f21b072,eu_sanctions_map
9418482,,Cetus,sanction,,https://www.opensanctions.org/entities/eu-sancmap-e3c6c80e88a38ead4affbbaad2e65cc9039a7a1a,eu_sanctions_map
9333400,,Noble,sanction,,https://www.opensanctions.org/entities/eu-sancmap-e3f1518ac71caf08b591223a8d4e95ed73f879b3,eu_sanctions_map
8821761,,Nimbus Spb,sanction,,https://www.opensanctions.org/entities/eu-sancmap-e50793247a1c12bb8169d64e98e38b155593e7e7,eu_sanctions_map
9763849,,Pugnax,sanction,,https://www.opensanctions.org/entities/eu-sancmap-e55a21da001f0c2a9b33063022351ef4de0e7e73,eu_sanctions_map
9322956,,Prosperity (formerly NS Pride),sanction,,https://www.opensanctions.org/entities/eu-sancmap-e5a33508d741267893d60f600ef2f3f4ad39004b,eu_sanctions_map
9417464,,ANIKA,sanction,,https://www.opensanctions.org/entities/eu-sancmap-e5acdc09e4e21ddaa5fab86f5b64821c5ed52259,eu_sanctions_map
9288693,,Andaman Skies,sanction,,https://www.opensanctions.org/entities/eu-sancmap-e5db21a4c3289a1f5d02a04a3958529431c1d4b8,eu_sanctions_map
9354636,,Flura,sanction,,https://www.opensanctions.org/entities/eu-sancmap-e5e0eb976b27d00786ec9a66686bf52248286704,eu_sanctions_map
9339325,,LEVEL,sanction,,https://www.opensanctions.org/entities/eu-sancmap-e647958af905aa5cd5876f25b9ae1b672fc6eb41,eu_sanctions_map
9166314,,ASTORIA,sanction,,https://www.opensanctions.org/entities/eu-sancmap-e64b9d02cdc387b8112f26c81c2ee244d65ae29f,eu_sanctions_map
9251743,,DAKAR,sanction,,https://www.opensanctions.org/entities/eu-sancmap-e658a8a11e43ebc634ecb99017611c6b19c363ec,eu_sanctions_map
9206671,,Rangler,sanction,,https://www.opensanctions.org/entities/eu-sancmap-e6fc958bd5186a5fdfe6431e3cf0fcd7621c9ad6,eu_sanctions_map
9224283,,Neer 1 (formerly Kapal Cantik),sanction,,https://www.opensanctions.org/entities/eu-sancmap-e767767836a683fe038b0501a6ce47352e72dcd8,eu_sanctions_map
9286281,,Samadha,sanction,,https://www.opensanctions.org/entities/eu-sancmap-e783d0d3c8421d504d1651d85a8389c4d8c0ba4f,eu_sanctions_map
9329655,,Proxima,sanction,,https://www.opensanctions.org/entities/eu-sancmap-e854769405ee56f3786a8b269101877c50f7c1bd,eu_sanctions_map
9339337,,NS Lotus,sanction,,https://www.opensanctions.org/entities/eu-sancmap-e89757d789337b7a7102202c7a3fd14fd6740d3d,eu_sanctions_map
9953523,,North Sky,sanction,,https://www.opensanctions.org/entities/eu-sancmap-e8ba4af908abfc6a2abaaa8596469a6fdecdacf0,eu_sanctions_map
9259185,,Hebe,sanction,,https://www.opensanctions.org/entities/eu-sancmap-e8bec09e9e90a659d8069fe6f8fbb32463427b37,eu_sanctions_map
9270555,,INTEGRITY RACER,sanction,,https://www.opensanctions.org/entities/eu-sancmap-e958115738a4af714dc3dae91e551c00b933e8a5,eu_sanctions_map
9292503,,Bull,sanction,,https://www.opensanctions.org/entities/eu-sancmap-e969f23a3afe8f04a363f1b5de0b9cb3bdf27edf,eu_sanctions_map
9331141,,Vela Rain,sanction,,https://www.opensanctions.org/entities/eu-sancmap-e97ffdcebe11156faf2ffcb2c47567e480241fef,eu_sanctions_map
9904546,,ALEKSEY KOSYGIN,sanction,,https://www.opensanctions.org/entities/eu-sancmap-e98a2327eb63d02cb421dee2aa90a281e7a0465c,eu_sanctions_map
9436941,,Yi Meng Shan (formerly Attica),sanction,,https://www.opensanctions.org/entities/eu-sancmap-e9a5978bffd37f6ca53c98662d0a210c6204acd0,eu_sanctions_map
9837547,,MIKHAIL LAZAREV,sanction,,https://www.opensanctions.org/entities/eu-sancmap-e9f84966fb929175948e7f77b3225e5b5072ed9a,eu_sanctions_map
9260823,,Fiesta,sanction,,https://www.opensanctions.org/entities/eu-sancmap-ea2dec77ec6b23a7620261f186139b5f20a78ba3,eu_sanctions_map
9266877,,Pierre,sanction,,https://www.opensanctions.org/entities/eu-sancmap-ea820e55de4f8e64e6299300e6e0a8459692fa3e,eu_sanctions_map
9288746,,Udaya,sanction,,https://www.opensanctions.org/entities/eu-sancmap-eaa0c700d3f086eb24dc71fb548e062589720ace,eu_sanctions_map
9953509,,North Air,sanction,,https://www.opensanctions.org/entities/eu-sancmap-eabe7d5914a7e18f90a44e885666ef3444629e35,eu_sanctions_map
9308065,,Eventin,sanction,,https://www.opensanctions.org/entities/eu-sancmap-eaddce49c39d6c0f2111f7c1b840aa1956928dfb,eu_sanctions_map
9422653,,GAZPROMNEFT NORDEAST,sanction,,https://www.opensanctions.org/entities/eu-sancmap-eb30edffa8a8c38373029de6c38e18611a01757d,eu_sanctions_map
9294331,,Lily (formerly Daban),sanction,,https://www.opensanctions.org/entities/eu-sancmap-eb8f77de7bd725a875c4aae5615c216e6ec430e7,eu_sanctions_map
9339301,,NS Leader,sanction,,https://www.opensanctions.org/entities/eu-sancmap-eb97555683f5245b0819eb355443e10d00e5d8ba,eu_sanctions_map
9388027,,MANASLU,sanction,,https://www.opensanctions.org/entities/eu-sancmap-ec7473b64c982625a87f16de0abe257421795f9f,eu_sanctions_map
9826902,,Galaxy,sanction,,https://www.opensanctions.org/entities/eu-sancmap-ecaf8c524ce87c67c0780e32de83b9edb603860e,eu_sanctions_map
9382798,,Trust,sanction,,https://www.opensanctions.org/entities/eu-sancmap-ed0abd60bf4886898a2f6befa969b6ea3f7470c0,eu_sanctions_map
9288722,,Azure Celeste,sanction,,https://www.opensanctions.org/entities/eu-sancmap-edff8b64230f5263b4f45a85320abcb38b6452a0,eu_sanctions_map
9341067,,Kaliningrad,sanction,,https://www.opensanctions.org/entities/eu-sancmap-ee086b37f396c4f19f9cd9a78d8714019a7b46f3,eu_sanctions_map
9524463,,Sakarya,sanction,,https://www.opensanctions.org/entities/eu-sancmap-ee4ee9681819b88d389fd08cf336ae0766385aeb,eu_sanctions_map
9382712,,DENVER,sanction,,https://www.opensanctions.org/entities/eu-sancmap-ee940b0e34b5b8295389ffcdb56f9590669004d8,eu_sanctions_map
9255268,,ANDREY PERVOZVANNIY,sanction,,https://www.opensanctions.org/entities/eu-sancmap-eeb62f453955b647a43865ee7fa0aa79d44f17a5,eu_sanctions_map
9300348,,SANAR-10,sanction,,https://www.opensanctions.org/entities/eu-sancmap-eecbb3867ff4c5398134dd9f1bf2c71040c51a38,eu_sanctions_map
9237228,,Thane,sanction,,https://www.opensanctions.org/entities/eu-sancmap-ef26c18266c3bc9854722ca3dc87928ced7fe5ac,eu_sanctions_map
9263643,,Frunze,sanction,,https://www.opensanctions.org/entities/eu-sancmap-ef3833a451d3d4aa072209a3961e4dfca37ce591,eu_sanctions_map
9299692,,Callisto,sanction,,https://www.opensanctions.org/entities/eu-sancmap-ef8d9d2ff5f460c6a7a6c6422d8aeebe28d91402,eu_sanctions_map
9323974,,Marble,sanction,,https://www.opensanctions.org/entities/eu-sancmap-efb8d1ba02fba724def3bcccbc6903a2e2a46ece,eu_sanctions_map
9216298,,East Energy,sanction,,https://www.opensanctions.org/entities/eu-sancmap-f00843e9c3ca81acd93d2121245607f697c53339,eu_sanctions_map
9333436,,Success (formerly SCF Amur),sanction,,https://www.opensanctions.org/entities/eu-sancmap-f01d0c4cfb2620be8c62ccc9fcfbd790b411edbd,eu_sanctions_map
9292981,,Sagar Violet,sanction,,https://www.opensanctions.org/entities/eu-sancmap-f06a53ee903841eff0f5d26f813b50e29f299ae6,eu_sanctions_map
9299161,,Kord Atlantic,sanction,,https://www.opensanctions.org/entities/eu-sancmap-f0e875df45494df2aed3c15f35866136b56a651e,eu_sanctions_map
9258882,,Carcharodon,sanction,,https://www.opensanctions.org/entities/eu-sancmap-f16b296b71ebec4a9d9182c0a0919dc6bf6358c9,eu_sanctions_map
9350654,,Surrey Quays,sanction,,https://www.opensanctions.org/entities/eu-sancmap-f19531805cf2fc8941a428f542b167a69f52914d,eu_sanctions_map
8937675,445539000,TONG SAN 2,sanction,,https://www.opensanctions.org/entities/eu-sancmap-f19cf43dd475a50ac0b6eb94fe005ed95ad2f762,eu_sanctions_map
9332171,,VIRENT,sanction,,https://www.opensanctions.org/entities/eu-sancmap-f1bd1a594e917a37706f2fee7c41ee8ea3cdb948,eu_sanctions_map
8898740,,JI SONG 6,sanction,,https://www.opensanctions.org/entities/eu-sancmap-f2703342dbf44da492d509665e7fd839ced83325,eu_sanctions_map
9306562,,RHEIN,sanction,,https://www.opensanctions.org/entities/eu-sancmap-f3528fd1ae87e53b9e46528518efd0a8c79a6eda,eu_sanctions_map
9842176,,Vladimir Monomakh,sanction,,https://www.opensanctions.org/entities/eu-sancmap-f35b8edf7280c6b636a3c49ad9b38c1c322d9f8c,eu_sanctions_map
9266750,,Seabass,sanction,,https://www.opensanctions.org/entities/eu-sancmap-f361282f25a29153bae2e228bb756fafd92bfb93,eu_sanctions_map
9280885,,APUS,sanction,,https://www.opensanctions.org/entities/eu-sancmap-f3da10e50d86381edbda664d2fefba0ab0d05e9f,eu_sanctions_map
9308065,,Eventin,sanction,,https://www.opensanctions.org/entities/eu-sancmap-f4120709cd60929866b669d85e907af3f4fd4b9e,eu_sanctions_map
9383869,,Saraswati,sanction,,https://www.opensanctions.org/entities/eu-sancmap-f478926bedc51b3d2c5032c5f15ac697264329cb,eu_sanctions_map
9511387,,Olympus,sanction,,https://www.opensanctions.org/entities/eu-sancmap-f48ef6455227fe6ba765b685a84ed4bad72e03b9,eu_sanctions_map
9737187,,Christophe de Margerie,sanction,,https://www.opensanctions.org/entities/eu-sancmap-f4df1b1a148a0a44021b526738159bbdb25bae0e,eu_sanctions_map
9273052,,Alissa,sanction,,https://www.opensanctions.org/entities/eu-sancmap-f554b50ea9f18a5438d588566dcc928a594ead17,eu_sanctions_map
9326720,,Hera,sanction,,https://www.opensanctions.org/entities/eu-sancmap-f5bf8ad82b375ee7b44c2bae31f6d6b562999518,eu_sanctions_map
9296781,,KRASNODAR,sanction,,https://www.opensanctions.org/entities/eu-sancmap-f5c60f23c5c278e4b8d297100ad17d52e05c73c3,eu_sanctions_map
9312884,,Kemerovo,sanction,,https://www.opensanctions.org/entities/eu-sancmap-f610d8229c4584c153a6801f7a3a74e21ac6d2b0,eu_sanctions_map
9372547,,VASILY DINKOV,sanction,,https://www.opensanctions.org/entities/eu-sancmap-f64b093a9c6033ba2cacdf384def7547dc61021f,eu_sanctions_map
9255830,,Sea Marine I,sanction,,https://www.opensanctions.org/entities/eu-sancmap-f6b975e1fee7a4312fbf1d8452d7568c8b5f03b4,eu_sanctions_map
9387279,,ETHERA,sanction,,https://www.opensanctions.org/entities/eu-sancmap-f6c77f1a586e4fddaa80bd45af4471d087322573,eu_sanctions_map
9610793,,Georgy Maslov,sanction,,https://www.opensanctions.org/entities/eu-sancmap-f73d476d530d45c08190520943dd528dbc2ebdee,eu_sanctions_map
9272931,,GARUDA,sanction,,https://www.opensanctions.org/entities/eu-sancmap-f74faa163950efed50fb0c4c862ef6bf4981d1fe,eu_sanctions_map
9253894,,Destamar,sanction,,https://www.opensanctions.org/entities/eu-sancmap-f7fd09a530a1bb6956a4580d1c88f4630fe9e3fc,eu_sanctions_map
9826902,,Galaxy,sanction,,https://www.opensanctions.org/entities/eu-sancmap-f8138b3b5338d0782fbdd0cf13fa7be50098cde0,eu_sanctions_map
9294123,,CHONGCHON,sanction,,https://www.opensanctions.org/entities/eu-sancmap-f815d582828cbc8d76d7a01e95860a9e8de40f91,eu_sanctions_map
9319870,,Maini,sanction,,https://www.opensanctions.org/entities/eu-sancmap-f8e9bbba83649d55c02134d296673ec31d1b9d8d,eu_sanctions_map
9330472,,Thorin,sanction,,https://www.opensanctions.org/entities/eu-sancmap-f90e16df566e95e1b4d8c912875e266f745ad98a,eu_sanctions_map
9599353,,VENUS III,sanction,,https://www.opensanctions.org/entities/eu-sancmap-f91af3f2fc21edfb08d6b5f23e5c5406ab4d24a2,eu_sanctions_map
9341093,,Kolomna,sanction,,https://www.opensanctions.org/entities/eu-sancmap-f951c9bf0ae229234cbe65663f17600b6960640d,eu_sanctions_map
9258026,,Ederra,sanction,,https://www.opensanctions.org/entities/eu-sancmap-f982bd4a4f25a95beb8edd5776db227c7b2a933f,eu_sanctions_map
7303803,,AN SAN 1,sanction,,https://www.opensanctions.org/entities/eu-sancmap-f9b7b5ac47e9757b360623cb55dae6977cbaad1a,eu_sanctions_map
9842188,,Vladimir Vinogradov,sanction,,https://www.opensanctions.org/entities/eu-sancmap-fa9fa74910ed3ae82b8b51db6313da19545e3317,eu_sanctions_map
9282041,,ABHRA,sanction,,https://www.opensanctions.org/entities/eu-sancmap-fb21b4cb3a71be7fa8f6c4913abf14d2eaf5ac89,eu_sanctions_map
9250050,,PALLADA,sanction,,https://www.opensanctions.org/entities/eu-sancmap-fb434c78681fe8c53e450eacc3d0325760a79772,eu_sanctions_map
9404948,,Chen Lu,sanction,,https://www.opensanctions.org/entities/eu-sancmap-fba5c9eaa232010bd37e0c977b8342213cb2298c,eu_sanctions_map
9256066,,Ligovsky Prospect,sanction,,https://www.opensanctions.org/entities/eu-sancmap-fbac309d48cb541ebced4e515ddb279c00db6271,eu_sanctions_map
9292058,,Tango,sanction,,https://www.opensanctions.org/entities/eu-sancmap-fc34ec1ae6dcf4a585b3462c50bf0671bc01845b,eu_sanctions_map
9412359,,Belgorod,sanction,,https://www.opensanctions.org/entities/eu-sancmap-fc37f38d48b234185c48b8f46405c4c6bff93a2d,eu_sanctions_map
9216298,,East Energy,sanction,,https://www.opensanctions.org/entities/eu-sancmap-fc548e240e71651accd7e2d54f052b0ab9dc3b61,eu_sanctions_map
9577082,,Premier,sanction,,https://www.opensanctions.org/entities/eu-sancmap-fc98c325585e66c065471f39578cf774ca5bba6e,eu_sanctions_map
9379301,,VERSA,sanction,,https://www.opensanctions.org/entities/eu-sancmap-fd03304ee52112340a5cdbdae2984190cf730348,eu_sanctions_map
9282493,,Fiora,sanction,,https://www.opensanctions.org/entities/eu-sancmap-fd035639af08dfd83e63cf770c7fdd728081da0c,eu_sanctions_map
9562233,620233000,PETREL 8,sanction,,https://www.opensanctions.org/entities/eu-sancmap-fd1013b334b2efa28ab2ceda6fc53fc6bc24ff6c,eu_sanctions_map
9332781,,Aqua Titan (formerly Lang Ya),sanction,,https://www.opensanctions.org/entities/eu-sancmap-fd1df82aa4a382cb68817276605216978835e54a,eu_sanctions_map
9289738,,Genji,sanction,,https://www.opensanctions.org/entities/eu-sancmap-fd3261cc52a9e46ed61a368fd6d5ababe8d29fff,eu_sanctions_map
9288693,,Andaman Skies,sanction,,https://www.opensanctions.org/entities/eu-sancmap-fd519c17d844babc17c9a27c919fdc8d1f7912d3,eu_sanctions_map
9530917,,Sakina,sanction,,https://www.opensanctions.org/entities/eu-sancmap-fd888bb4e033ec9d02e94afc6ede253384bf01a3,eu_sanctions_map
9683738,,LADY SEVDA,sanction,,https://www.opensanctions.org/entities/eu-sancmap-fd9326200529a2728c5cf66555b86f39fb8adde9,eu_sanctions_map
9419448,,Heng Tai,sanction,,https://www.opensanctions.org/entities/eu-sancmap-fe213b6cf3b1963ff33717b265fa7f0aaa8bf296,eu_sanctions_map
9368235,,Fu Hai Wan,sanction,,https://www.opensanctions.org/entities/eu-sancmap-fe42b634faa66da107a627b490f22df0f257e13d,eu_sanctions_map
9332781,,Lang Ya,sanction,,https://www.opensanctions.org/entities/eu-sancmap-fe620339b43167ca6626620b34feb421ee1f54a3,eu_sanctions_map
9331153,,Delvina (formerly Galian 2),sanction,,https://www.opensanctions.org/entities/eu-sancmap-feae4691ce046d23d8c3b29d7c9d2d8311d54b9a,eu_sanctions_map
7303803,,AN SAN 1,sanction,,https://www.opensanctions.org/entities/eu-sancmap-feb60d88b4a9c985444b47b0c297cba9ea4be27b,eu_sanctions_map
8518780,514569000,JIE SHUN,sanction,,https://www.opensanctions.org/entities/eu-sancmap-febf18c1754d6a3242b40757aabb5937ad06baeb,eu_sanctions_map
8628597,341985000,HAO FAN 6,sanction,,https://www.opensanctions.org/entities/eu-sancmap-ff4323cb641e12edb8e9abc82c007bebd8f5e499,eu_sanctions_map
9290397,,STORMBRINGER (ex KRITI VIGOR),sanction,,https://www.opensanctions.org/entities/eu-sancmap-ff7b3fa7cb75a465c290f6b6e28ecde8d2decbcc,eu_sanctions_map
7303803,,AN SAN 1,sanction,,https://www.opensanctions.org/entities/fr-ga-2205,fr_tresor_gels_avoir
8660313,,CHON MA SAN,sanction,,https://www.opensanctions.org/entities/fr-ga-2206,fr_tresor_gels_avoir
8712362,,CHON MYONG 1,sanction,,https://www.opensanctions.org/entities/fr-ga-2207,fr_tresor_gels_avoir
9066540,,HAP JANG GANG 6,sanction,,https://www.opensanctions.org/entities/fr-ga-2208,fr_tresor_gels_avoir
8898740,,JI SONG 6,sanction,,https://www.opensanctions.org/entities/fr-ga-2210,fr_tresor_gels_avoir
8503228,,JI SONG 8,sanction,,https://www.opensanctions.org/entities/fr-ga-2211,fr_tresor_gels_avoir
8122347,,NAM SAN 8,sanction,,https://www.opensanctions.org/entities/fr-ga-2212,fr_tresor_gels_avoir
8606173,,"Ocean Maritime Management Company, Limited - navire CHOL RYONG",sanction,,https://www.opensanctions.org/entities/fr-ga-2213,fr_tresor_gels_avoir
8909575,,"Ocean Maritime Management Company, Limited - navire CHONG BONG",sanction,,https://www.opensanctions.org/entities/fr-ga-2214,fr_tresor_gels_avoir
8916293,,"Ocean Maritime Management Company, Limited - navire CHONG RIM 2",sanction,,https://www.opensanctions.org/entities/fr-ga-2215,fr_tresor_gels_avoir
9041552,,"Ocean Maritime Management Company, Limited - navire HOE RYONG",sanction,,https://www.opensanctions.org/entities/fr-ga-2216,fr_tresor_gels_avoir
8330815,,"Ocean Maritime Management Company, Limited - navire HU CHANG",sanction,,https://www.opensanctions.org/entities/fr-ga-2217,fr_tresor_gels_avoir
8405270,,"Ocean Maritime Management Company, Limited - navire HUI CHON",sanction,,https://www.opensanctions.org/entities/fr-ga-2218,fr_tresor_gels_avoir
8018900,,"Ocean Maritime Management Company, Limited - navire JI HYE SAN",sanction,,https://www.opensanctions.org/entities/fr-ga-2219,fr_tresor_gels_avoir
8829593,,"Ocean Maritime Management Company, Limited - navire KANG GYE",sanction,,https://www.opensanctions.org/entities/fr-ga-2220,fr_tresor_gels_avoir
8713471,,"Ocean Maritime Management Company, Limited - navire MI RIM",sanction,,https://www.opensanctions.org/entities/fr-ga-2221,fr_tresor_gels_avoir
9361407,,"Ocean Maritime Management Company, Limited - navire MI RIM 2",sanction,,https://www.opensanctions.org/entities/fr-ga-2222,fr_tresor_gels_avoir
8829555,,"Ocean Maritime Management Company, Limited - navire O RANG",sanction,,https://www.opensanctions.org/entities/fr-ga-2223,fr_tresor_gels_avoir
8625545,,"Ocean Maritime Management Company, Limited - navire RA NAM 2",sanction,,https://www.opensanctions.org/entities/fr-ga-2225,fr_tresor_gels_avoir
9314650,,"Ocean Maritime Management Company, Limited - navire RA NAM 3",sanction,,https://www.opensanctions.org/entities/fr-ga-2226,fr_tresor_gels_avoir
8987333,,"Ocean Maritime Management Company, Limited - navire RYO MYONG",sanction,,https://www.opensanctions.org/entities/fr-ga-2227,fr_tresor_gels_avoir
8018912,,"Ocean Maritime Management Company, Limited - navire RYONG RIM",sanction,,https://www.opensanctions.org/entities/fr-ga-2229,fr_tresor_gels_avoir
8819017,,"Ocean Maritime Management Company, Limited - navire SE PHO",sanction,,https://www.opensanctions.org/entities/fr-ga-2230,fr_tresor_gels_avoir
8133530,,"Ocean Maritime Management Company, Limited - navire SONGJIN",sanction,,https://www.opensanctions.org/entities/fr-ga-2231,fr_tresor_gels_avoir
8412467,,"Ocean Maritime Management Company, Limited - navire SOUTH HILL 2",sanction,,https://www.opensanctions.org/entities/fr-ga-2232,fr_tresor_gels_avoir
7640378,,"Ocean Maritime Management Company, Limited - navire TAN CHON",sanction,,https://www.opensanctions.org/entities/fr-ga-2234,fr_tresor_gels_avoir
9009085,,"Ocean Maritime Management Company, Limited - navire THAE PYONG SAN",sanction,,https://www.opensanctions.org/entities/fr-ga-2236,fr_tresor_gels_avoir
8661575,,"Ocean Maritime Management Company, Limited - navire TONG HUNG 1",sanction,,https://www.opensanctions.org/entities/fr-ga-2238,fr_tresor_gels_avoir
7937317,,"Ocean Maritime Management Company, Limited - navire TONG HUNG SAN",sanction,,https://www.opensanctions.org/entities/fr-ga-2239,fr_tresor_gels_avoir
9066978,,PAEK MA,sanction,,https://www.opensanctions.org/entities/fr-ga-2240,fr_tresor_gels_avoir
8405311,,SAM JONG 1,sanction,,https://www.opensanctions.org/entities/fr-ga-2241,fr_tresor_gels_avoir
7408873,,SAM JONG 2,sanction,,https://www.opensanctions.org/entities/fr-ga-2242,fr_tresor_gels_avoir
8106496,,SAM MA 2,sanction,,https://www.opensanctions.org/entities/fr-ga-2243,fr_tresor_gels_avoir
8408595,,WOORY STAR,sanction,,https://www.opensanctions.org/entities/fr-ga-2244,fr_tresor_gels_avoir
8604917,,YU JONG 2,sanction,,https://www.opensanctions.org/entities/fr-ga-2245,fr_tresor_gels_avoir
8605026,,YU PHYONG 5,sanction,,https://www.opensanctions.org/entities/fr-ga-2246,fr_tresor_gels_avoir
8691702,,YU SON,sanction,,https://www.opensanctions.org/entities/fr-ga-2247,fr_tresor_gels_avoir
9036387,,New Konk,sanction,,https://www.opensanctions.org/entities/fr-ga-5143,fr_tresor_gels_avoir
8514306,,Unica,sanction,,https://www.opensanctions.org/entities/fr-ga-8940,fr_tresor_gels_avoir
9058713,,AVAX,sanction,cm,https://www.opensanctions.org/entities/fr-ga-9337,fr_tresor_gels_avoir
9562233,,Petrel 8,sanction,km,https://www.opensanctions.org/entities/gb-fcdo-dpr0075,gb_fcdo_sanctions
8628597,,Hao Fan 6,sanction,kn,https://www.opensanctions.org/entities/gb-fcdo-dpr0076,gb_fcdo_sanctions
8937675,,Tong San 2,sanction,kp,https://www.opensanctions.org/entities/gb-fcdo-dpr0077,gb_fcdo_sanctions
8518780,,Jie Shun,sanction,kh,https://www.opensanctions.org/entities/gb-fcdo-dpr0078,gb_fcdo_sanctions
9191773,,Billions No.18,sanction,pw,https://www.opensanctions.org/entities/gb-fcdo-dpr0092,gb_fcdo_sanctions
9114555,,Ul Ji Bong 6,sanction,kp,https://www.opensanctions.org/entities/gb-fcdo-dpr0093,gb_fcdo_sanctions
9020534,,Rung Ra 2,sanction,kp,https://www.opensanctions.org/entities/gb-fcdo-dpr0094,gb_fcdo_sanctions
7389704,,Rye Song Gang 1,sanction,kp,https://www.opensanctions.org/entities/gb-fcdo-dpr0095,gb_fcdo_sanctions
8712362,,Chon Myong 1,sanction,kp,https://www.opensanctions.org/entities/gb-fcdo-dpr0096,gb_fcdo_sanctions
7303803,,An San 1,sanction,kp,https://www.opensanctions.org/entities/gb-fcdo-dpr0097,gb_fcdo_sanctions
8605026,,Yu Phyong 5,sanction,kp,https://www.opensanctions.org/entities/gb-fcdo-dpr0098,gb_fcdo_sanctions
8405311,,Sam Jong 1,sanction,kp,https://www.opensanctions.org/entities/gb-fcdo-dpr0099,gb_fcdo_sanctions
7408873,,Sam Jong 2,sanction,kp,https://www.opensanctions.org/entities/gb-fcdo-dpr0100,gb_fcdo_sanctions
8106496,,Sam Ma 2,sanction,kp,https://www.opensanctions.org/entities/gb-fcdo-dpr0101,gb_fcdo_sanctions
8604917,,Yu Jong 2,sanction,kp,https://www.opensanctions.org/entities/gb-fcdo-dpr0102,gb_fcdo_sanctions
9066978,,Paek Ma,sanction,kp,https://www.opensanctions.org/entities/gb-fcdo-dpr0103,gb_fcdo_sanctions
8898740,,Ji Song 6,sanction,kp,https://www.opensanctions.org/entities/gb-fcdo-dpr0104,gb_fcdo_sanctions
8660313,,Chon Ma San,sanction,kp,https://www.opensanctions.org/entities/gb-fcdo-dpr0105,gb_fcdo_sanctions
8122347,,Nam San 8,sanction,kp,https://www.opensanctions.org/entities/gb-fcdo-dpr0106,gb_fcdo_sanctions
8691702,,Yu Son,sanction,kp,https://www.opensanctions.org/entities/gb-fcdo-dpr0107,gb_fcdo_sanctions
8408595,,Woory Star,sanction,kp,https://www.opensanctions.org/entities/gb-fcdo-dpr0108,gb_fcdo_sanctions
8503228,,Ji Song 8,sanction,kp,https://www.opensanctions.org/entities/gb-fcdo-dpr0109,gb_fcdo_sanctions
9066540,,Hap Jang Gang 6,sanction,kp,https://www.opensanctions.org/entities/gb-fcdo-dpr0110,gb_fcdo_sanctions
8916580,,Asia Bridge 1,sanction,bz,https://www.opensanctions.org/entities/gb-fcdo-dpr0111,gb_fcdo_sanctions
9004700,,Xin Guang Hai,sanction,tg,https://www.opensanctions.org/entities/gb-fcdo-dpr0112,gb_fcdo_sanctions
9020003,,Hua Fu,sanction,pa,https://www.opensanctions.org/entities/gb-fcdo-dpr0113,gb_fcdo_sanctions
9030591,,Yuk Tung,sanction,dm,https://www.opensanctions.org/entities/gb-fcdo-dpr0114,gb_fcdo_sanctions
9417115,,Koti,sanction,pa,https://www.opensanctions.org/entities/gb-fcdo-dpr0115,gb_fcdo_sanctions
8747604,,Hao Fan 2,sanction,kn,https://www.opensanctions.org/entities/gb-fcdo-dpr0116,gb_fcdo_sanctions
8518572,,Jin Hye,sanction,,https://www.opensanctions.org/entities/gb-fcdo-dpr0117,gb_fcdo_sanctions
8914934,,Fan Ke,sanction,,https://www.opensanctions.org/entities/gb-fcdo-dpr0118,gb_fcdo_sanctions
8791667,,Wan Heng 11,sanction,kp,https://www.opensanctions.org/entities/gb-fcdo-dpr0119,gb_fcdo_sanctions
8126070,,Shang Yuan Bao,sanction,pa,https://www.opensanctions.org/entities/gb-fcdo-dpr0121,gb_fcdo_sanctions
8312497,,New Regent,sanction,pa,https://www.opensanctions.org/entities/gb-fcdo-dpr0122,gb_fcdo_sanctions
8705539,,Kum Un San 3,sanction,,https://www.opensanctions.org/entities/gb-fcdo-dpr0123,gb_fcdo_sanctions
9008201,,Dong Feng 6,sanction,,https://www.opensanctions.org/entities/gb-fcdo-dpr0280,gb_fcdo_sanctions
9058713,,"IMO 9058713 (""AVAX"")",sanction,cm,https://www.opensanctions.org/entities/gb-fcdo-lib0079,gb_fcdo_sanctions
9826902,,KOROLEV PROSPECT,sanction,ga,https://www.opensanctions.org/entities/gb-fcdo-rus2176,gb_fcdo_sanctions
9511533,,PRIMORSKY PROSPECT,sanction,ga,https://www.opensanctions.org/entities/gb-fcdo-rus2177,gb_fcdo_sanctions
9288899,,ROCKY RUNNER,sanction,ck,https://www.opensanctions.org/entities/gb-fcdo-rus2178,gb_fcdo_sanctions
9286657,,DYNAMIK TRADER,sanction,ck,https://www.opensanctions.org/entities/gb-fcdo-rus2179,gb_fcdo_sanctions
9394935,,OCEAN AMZ,sanction,ck,https://www.opensanctions.org/entities/gb-fcdo-rus2180,gb_fcdo_sanctions
9289520,,CANIS POWER,sanction,ck,https://www.opensanctions.org/entities/gb-fcdo-rus2181,gb_fcdo_sanctions
9296391,,FIGHTER TWO,sanction,ck,https://www.opensanctions.org/entities/gb-fcdo-rus2182,gb_fcdo_sanctions
9179842,,ANGARA,sanction,ru,https://www.opensanctions.org/entities/gb-fcdo-rus2183,gb_fcdo_sanctions
9333436,,SCF AMUR,sanction,ga,https://www.opensanctions.org/entities/gb-fcdo-rus2184,gb_fcdo_sanctions
9161003,,LADY R,sanction,ru,https://www.opensanctions.org/entities/gb-fcdo-rus2185,gb_fcdo_sanctions
9333424,,SCF PECHORA,sanction,ga,https://www.opensanctions.org/entities/gb-fcdo-rus2186,gb_fcdo_sanctions
9144782,,BODHI,sanction,cm,https://www.opensanctions.org/entities/gb-fcdo-rus2187,gb_fcdo_sanctions
9354313,,ZALIV AMURSKIY,sanction,pa,https://www.opensanctions.org/entities/gb-fcdo-rus2188,gb_fcdo_sanctions
9339337,,NS LOTUS,sanction,ga,https://www.opensanctions.org/entities/gb-fcdo-rus2189,gb_fcdo_sanctions
9339325,,LIBERTY,sanction,bb,https://www.opensanctions.org/entities/gb-fcdo-rus2190,gb_fcdo_sanctions
9306794,,NS COMMANDER,sanction,ga,https://www.opensanctions.org/entities/gb-fcdo-rus2191,gb_fcdo_sanctions
9292204,,ADYGEYA,sanction,ga,https://www.opensanctions.org/entities/gb-fcdo-rus2192,gb_fcdo_sanctions
9610781,,NIKOLAY ZUYEV,sanction,ga,https://www.opensanctions.org/entities/gb-fcdo-rus2193,gb_fcdo_sanctions
9316127,,SCF Vankor,sanction,ga,https://www.opensanctions.org/entities/gb-fcdo-rus2198,gb_fcdo_sanctions
9311622,,Vladimir Tikhonov,sanction,ga,https://www.opensanctions.org/entities/gb-fcdo-rus2199,gb_fcdo_sanctions
9305568,,SCF Baltica,sanction,ga,https://www.opensanctions.org/entities/gb-fcdo-rus2200,gb_fcdo_sanctions
9413561,,NS ASIA,sanction,ga,https://www.opensanctions.org/entities/gb-fcdo-rus2201,gb_fcdo_sanctions
9412347,,LEONID LOZA,sanction,ga,https://www.opensanctions.org/entities/gb-fcdo-rus2202,gb_fcdo_sanctions
9511387,,OLYMPIYSKY PROSPECT,sanction,ga,https://www.opensanctions.org/entities/gb-fcdo-rus2203,gb_fcdo_sanctions
9418494,,ZALIV ANIVA,sanction,pa,https://www.opensanctions.org/entities/gb-fcdo-rus2204,gb_fcdo_sanctions
9341081,,NS CLIPPER,sanction,ga,https://www.opensanctions.org/entities/gb-fcdo-rus2205,gb_fcdo_sanctions
7612448,,BALTIYSKIY,sanction,,https://www.opensanctions.org/entities/gb-fcdo-rus2209,gb_fcdo_sanctions
8943210,,BEGEY,sanction,,https://www.opensanctions.org/entities/gb-fcdo-rus2210,gb_fcdo_sanctions
8846814,,MUSA JALIL,sanction,,https://www.opensanctions.org/entities/gb-fcdo-rus2211,gb_fcdo_sanctions
8889385,,OMSKIY-103,sanction,,https://www.opensanctions.org/entities/gb-fcdo-rus2212,gb_fcdo_sanctions
8858087,,SKIF-V,sanction,,https://www.opensanctions.org/entities/gb-fcdo-rus2213,gb_fcdo_sanctions
9341079,,NS CORONA,sanction,ga,https://www.opensanctions.org/entities/gb-fcdo-rus2214,gb_fcdo_sanctions
9216298,,ASYA ENERGY,sanction,pw,https://www.opensanctions.org/entities/gb-fcdo-rus2216,gb_fcdo_sanctions
9256602,,PIONEER,sanction,pw,https://www.opensanctions.org/entities/gb-fcdo-rus2217,gb_fcdo_sanctions
9953523,,NORTH SKY,sanction,pa,https://www.opensanctions.org/entities/gb-fcdo-rus2218,gb_fcdo_sanctions
9849887,,SCF LA PEROUSE,sanction,bb,https://www.opensanctions.org/entities/gb-fcdo-rus2219,gb_fcdo_sanctions
9324277,,NOVA ENERGY,sanction,pa,https://www.opensanctions.org/entities/gb-fcdo-rus2220,gb_fcdo_sanctions
9299733,,ANTAEUS,sanction,ga,https://www.opensanctions.org/entities/gb-fcdo-rus2223,gb_fcdo_sanctions
9317949,,ARTEMIS,sanction,ga,https://www.opensanctions.org/entities/gb-fcdo-rus2224,gb_fcdo_sanctions
9413573,,ATLAS,sanction,bb,https://www.opensanctions.org/entities/gb-fcdo-rus2225,gb_fcdo_sanctions
9288722,,AZURE CELESTE,sanction,ck,https://www.opensanctions.org/entities/gb-fcdo-rus2226,gb_fcdo_sanctions
9299692,,CALLISTO,sanction,bb,https://www.opensanctions.org/entities/gb-fcdo-rus2227,gb_fcdo_sanctions
9285859,,EASTERN PEARL,sanction,hn,https://www.opensanctions.org/entities/gb-fcdo-rus2228,gb_fcdo_sanctions
9288710,,KUDOS STARS,sanction,ck,https://www.opensanctions.org/entities/gb-fcdo-rus2229,gb_fcdo_sanctions
9511521,,MOSKOVSKY PROSPECT,sanction,ga,https://www.opensanctions.org/entities/gb-fcdo-rus2230,gb_fcdo_sanctions
9413547,,NS ARCTIC,sanction,ga,https://www.opensanctions.org/entities/gb-fcdo-rus2231,gb_fcdo_sanctions
9321691,,SAI BABA,sanction,ga,https://www.opensanctions.org/entities/gb-fcdo-rus2233,gb_fcdo_sanctions
9422457,,SCF BAIKAL,sanction,ga,https://www.opensanctions.org/entities/gb-fcdo-rus2234,gb_fcdo_sanctions
9421972,,SCF SAMOTLOR,sanction,ga,https://www.opensanctions.org/entities/gb-fcdo-rus2235,gb_fcdo_sanctions
9285835,,SEA FIDELITY,sanction,ck,https://www.opensanctions.org/entities/gb-fcdo-rus2236,gb_fcdo_sanctions
9288708,,STRATOS AURORA,sanction,hn,https://www.opensanctions.org/entities/gb-fcdo-rus2237,gb_fcdo_sanctions
9522324,,SUVOROVSKY PROSPECT,sanction,ga,https://www.opensanctions.org/entities/gb-fcdo-rus2238,gb_fcdo_sanctions
9299898,,TURBO VOYAGER,sanction,ck,https://www.opensanctions.org/entities/gb-fcdo-rus2239,gb_fcdo_sanctions
9332810,,VARUNA,sanction,ga,https://www.opensanctions.org/entities/gb-fcdo-rus2240,gb_fcdo_sanctions
9412335,,NS BORA,sanction,ga,https://www.opensanctions.org/entities/gb-fcdo-rus2242,gb_fcdo_sanctions
9243148,,EVEREST ENERGY,sanction,pw,https://www.opensanctions.org/entities/gb-fcdo-rus2243,gb_fcdo_sanctions
9778313,,MARSHAL VASILEVSKIY,sanction,ru,https://www.opensanctions.org/entities/gb-fcdo-rus2244,gb_fcdo_sanctions
9864837,,MULAN,sanction,pa,https://www.opensanctions.org/entities/gb-fcdo-rus2245,gb_fcdo_sanctions
9630004,,VELIKIY NOVGOROD,sanction,bb,https://www.opensanctions.org/entities/gb-fcdo-rus2246,gb_fcdo_sanctions
9481910,,PORT OLYA-3,sanction,ru,https://www.opensanctions.org/entities/gb-fcdo-rus2311,gb_fcdo_sanctions
9250892,,MIKATI,sanction,sl,https://www.opensanctions.org/entities/gb-fcdo-rus2321,gb_fcdo_sanctions
9250543,,NEOMI,sanction,pa,https://www.opensanctions.org/entities/gb-fcdo-rus2322,gb_fcdo_sanctions
9250531,,PYTHON,sanction,ck,https://www.opensanctions.org/entities/gb-fcdo-rus2323,gb_fcdo_sanctions
9249130,,CHILLI,sanction,ag,https://www.opensanctions.org/entities/gb-fcdo-rus2324,gb_fcdo_sanctions
9232888,,KSENA,sanction,pa,https://www.opensanctions.org/entities/gb-fcdo-rus2325,gb_fcdo_sanctions
9353096,,GURU,sanction,ga,https://www.opensanctions.org/entities/gb-fcdo-rus2326,gb_fcdo_sanctions
9289752,,ARIADNE,sanction,ga,https://www.opensanctions.org/entities/gb-fcdo-rus2327,gb_fcdo_sanctions
9319882,,ATALANTA,sanction,ga,https://www.opensanctions.org/entities/gb-fcdo-rus2328,gb_fcdo_sanctions
9297371,,SULEYMAN I,sanction,pa,https://www.opensanctions.org/entities/gb-fcdo-rus2329,gb_fcdo_sanctions
9274434,,NANDA DEVI,sanction,ga,https://www.opensanctions.org/entities/gb-fcdo-rus2330,gb_fcdo_sanctions
9610793,,GEORGY MASLOV,sanction,ru,https://www.opensanctions.org/entities/gb-fcdo-rus2331,gb_fcdo_sanctions
9259185,,DAKSHA,sanction,,https://www.opensanctions.org/entities/gb-fcdo-rus2334,gb_fcdo_sanctions
9312884,,KEMEROVO,sanction,ru,https://www.opensanctions.org/entities/gb-fcdo-rus2335,gb_fcdo_sanctions
9610808,,ANATOLY KOLODKIN,sanction,ru,https://www.opensanctions.org/entities/gb-fcdo-rus2336,gb_fcdo_sanctions
9341093,,KOLOMNA,sanction,ru,https://www.opensanctions.org/entities/gb-fcdo-rus2337,gb_fcdo_sanctions
9299721,,CEPHEUS,sanction,pa,https://www.opensanctions.org/entities/gb-fcdo-rus2341,gb_fcdo_sanctions
9290309,,THEA,sanction,pa,https://www.opensanctions.org/entities/gb-fcdo-rus2342,gb_fcdo_sanctions
9436941,,ATTICA,sanction,ga,https://www.opensanctions.org/entities/gb-fcdo-rus2343,gb_fcdo_sanctions
9412359,,BELGOROD,sanction,ru,https://www.opensanctions.org/entities/gb-fcdo-rus2345,gb_fcdo_sanctions
9331153,,DELVINA,sanction,bb,https://www.opensanctions.org/entities/gb-fcdo-rus2346,gb_fcdo_sanctions
9411020,,BRATSK,sanction,ru,https://www.opensanctions.org/entities/gb-fcdo-rus2347,gb_fcdo_sanctions
9410894,,VALOUR,sanction,gn,https://www.opensanctions.org/entities/gb-fcdo-rus2348,gb_fcdo_sanctions
9314167,,AGNES,sanction,pa,https://www.opensanctions.org/entities/gb-fcdo-rus2349,gb_fcdo_sanctions
9410870,,HS EVERETT,sanction,,https://www.opensanctions.org/entities/gb-fcdo-rus2350,gb_fcdo_sanctions
9413559,,ANTARKTIKA,sanction,ru,https://www.opensanctions.org/entities/gb-fcdo-rus2351,gb_fcdo_sanctions
9312896,,KRASNOYARSK,sanction,ru,https://www.opensanctions.org/entities/gb-fcdo-rus2352,gb_fcdo_sanctions
9610810,,VIKTOR BAKAEV,sanction,ru,https://www.opensanctions.org/entities/gb-fcdo-rus2353,gb_fcdo_sanctions
9402471,,FENG SHOU,sanction,pa,https://www.opensanctions.org/entities/gb-fcdo-rus2355,gb_fcdo_sanctions
9331141,,KELLY GRACE,sanction,bb,https://www.opensanctions.org/entities/gb-fcdo-rus2356,gb_fcdo_sanctions
9321847,,EMILY S,sanction,pa,https://www.opensanctions.org/entities/gb-fcdo-rus2357,gb_fcdo_sanctions
9293155,,JUNIA,sanction,pa,https://www.opensanctions.org/entities/gb-fcdo-rus2359,gb_fcdo_sanctions
9299666,,MIANZIMU,sanction,ga,https://www.opensanctions.org/entities/gb-fcdo-rus2360,gb_fcdo_sanctions
9292503,,BULL,sanction,ag,https://www.opensanctions.org/entities/gb-fcdo-rus2361,gb_fcdo_sanctions
9288746,,MARATHON,sanction,ga,https://www.opensanctions.org/entities/gb-fcdo-rus2362,gb_fcdo_sanctions
9255660,,PONTUS I,sanction,pa,https://www.opensanctions.org/entities/gb-fcdo-rus2364,gb_fcdo_sanctions
9323986,,GARASAN,sanction,ga,https://www.opensanctions.org/entities/gb-fcdo-rus2365,gb_fcdo_sanctions
9271951,,FACCA,sanction,pa,https://www.opensanctions.org/entities/gb-fcdo-rus2366,gb_fcdo_sanctions
9296822,,SAGITTA,sanction,pa,https://www.opensanctions.org/entities/gb-fcdo-rus2367,gb_fcdo_sanctions
9408205,,FAST KATHY,sanction,hn,https://www.opensanctions.org/entities/gb-fcdo-rus2368,gb_fcdo_sanctions
9248801,,MU DAN,sanction,pa,https://www.opensanctions.org/entities/gb-fcdo-rus2369,gb_fcdo_sanctions
9321689,,OCEAN FAYE,sanction,hn,https://www.opensanctions.org/entities/gb-fcdo-rus2370,gb_fcdo_sanctions
9318539,,SWIFTSEA RIDER,sanction,hn,https://www.opensanctions.org/entities/gb-fcdo-rus2371,gb_fcdo_sanctions
9282479,,MINERVA M,sanction,pa,https://www.opensanctions.org/entities/gb-fcdo-rus2372,gb_fcdo_sanctions
9288693,,ANDAMAN SKIES,sanction,hn,https://www.opensanctions.org/entities/gb-fcdo-rus2373,gb_fcdo_sanctions
9281011,,MOTI,sanction,dj,https://www.opensanctions.org/entities/gb-fcdo-rus2374,gb_fcdo_sanctions
9258868,,ASHER,sanction,vn,https://www.opensanctions.org/entities/gb-fcdo-rus2375,gb_fcdo_sanctions
9332781,,LANG YA,sanction,pa,https://www.opensanctions.org/entities/gb-fcdo-rus2376,gb_fcdo_sanctions
9257022,,LACONIA,sanction,ga,https://www.opensanctions.org/entities/gb-fcdo-rus2377,gb_fcdo_sanctions
9253325,,NURKEZ,sanction,pa,https://www.opensanctions.org/entities/gb-fcdo-rus2378,gb_fcdo_sanctions
9292981,,SAGAR VIOLET,sanction,pw,https://www.opensanctions.org/entities/gb-fcdo-rus2379,gb_fcdo_sanctions
9262924,,UTAKI,sanction,sl,https://www.opensanctions.org/entities/gb-fcdo-rus2454,gb_fcdo_sanctions
9332822,,NICHOLE,sanction,pa,https://www.opensanctions.org/entities/gb-fcdo-rus2456,gb_fcdo_sanctions
9327372,,OCEAN EMBRACE,sanction,dj,https://www.opensanctions.org/entities/gb-fcdo-rus2458,gb_fcdo_sanctions
9258026,,EDERRA,sanction,pw,https://www.opensanctions.org/entities/gb-fcdo-rus2460,gb_fcdo_sanctions
9209972,,TEMIRO,sanction,pw,https://www.opensanctions.org/entities/gb-fcdo-rus2461,gb_fcdo_sanctions
9333400,,NOBLE,sanction,bb,https://www.opensanctions.org/entities/gb-fcdo-rus2462,gb_fcdo_sanctions
9247431,,WILMA II,sanction,pa,https://www.opensanctions.org/entities/gb-fcdo-rus2463,gb_fcdo_sanctions
9409467,,PRAVASI,sanction,ga,https://www.opensanctions.org/entities/gb-fcdo-rus2464,gb_fcdo_sanctions
9301421,,VICTOR KONETSKY,sanction,pa,https://www.opensanctions.org/entities/gb-fcdo-rus2465,gb_fcdo_sanctions
9301419,,YURI SENKEVICH,sanction,pa,https://www.opensanctions.org/entities/gb-fcdo-rus2467,gb_fcdo_sanctions
9301407,,VIKTOR TITOV,sanction,pa,https://www.opensanctions.org/entities/gb-fcdo-rus2469,gb_fcdo_sanctions
9251274,,CRIUS,sanction,pa,https://www.opensanctions.org/entities/gb-fcdo-rus2471,gb_fcdo_sanctions
9404948,,CHEN LU,sanction,pa,https://www.opensanctions.org/entities/gb-fcdo-rus2472,gb_fcdo_sanctions
9322956,,PROSPERITY,sanction,bb,https://www.opensanctions.org/entities/gb-fcdo-rus2473,gb_fcdo_sanctions
9307815,,ELECTRA,sanction,ga,https://www.opensanctions.org/entities/gb-fcdo-rus2474,gb_fcdo_sanctions
9397559,,ARIA,sanction,bb,https://www.opensanctions.org/entities/gb-fcdo-rus2475,gb_fcdo_sanctions
9388792,,UNITY,sanction,ru,https://www.opensanctions.org/entities/gb-fcdo-rus2476,gb_fcdo_sanctions
9266475,,SAURI,sanction,pw,https://www.opensanctions.org/entities/gb-fcdo-rus2477,gb_fcdo_sanctions
9544281,,CORUM,sanction,pa,https://www.opensanctions.org/entities/gb-fcdo-rus2478,gb_fcdo_sanctions
9319674,,EASTERN GLORY,sanction,ga,https://www.opensanctions.org/entities/gb-fcdo-rus2480,gb_fcdo_sanctions
9310525,,IONIA,sanction,ga,https://www.opensanctions.org/entities/gb-fcdo-rus2481,gb_fcdo_sanctions
9290335,,JUMBO,sanction,ga,https://www.opensanctions.org/entities/gb-fcdo-rus2483,gb_fcdo_sanctions
9388780,,BAI LU,sanction,pa,https://www.opensanctions.org/entities/gb-fcdo-rus2484,gb_fcdo_sanctions
9901037,,NIKOLAY ZADORNOV,sanction,pa,https://www.opensanctions.org/entities/gb-fcdo-rus2485,gb_fcdo_sanctions
9368223,,ACHILLES,sanction,pa,https://www.opensanctions.org/entities/gb-fcdo-rus2486,gb_fcdo_sanctions
9319703,,GREAT JACOMBO,sanction,ga,https://www.opensanctions.org/entities/gb-fcdo-rus2487,gb_fcdo_sanctions
9353113,,JUN MA,sanction,tz,https://www.opensanctions.org/entities/gb-fcdo-rus2488,gb_fcdo_sanctions
9388742,,SURYA,sanction,dj,https://www.opensanctions.org/entities/gb-fcdo-rus2489,gb_fcdo_sanctions
9368235,,FU HAI WAN,sanction,pa,https://www.opensanctions.org/entities/gb-fcdo-rus2490,gb_fcdo_sanctions
9345623,,RU YI,sanction,pa,https://www.opensanctions.org/entities/gb-fcdo-rus2491,gb_fcdo_sanctions
9378620,,GANGA,sanction,dj,https://www.opensanctions.org/entities/gb-fcdo-rus2492,gb_fcdo_sanctions
9337901,,SAMUDRA,sanction,dj,https://www.opensanctions.org/entities/gb-fcdo-rus2494,gb_fcdo_sanctions
9332834,,WISDOMS DAUGHTER,sanction,ga,https://www.opensanctions.org/entities/gb-fcdo-rus2495,gb_fcdo_sanctions
9346720,,KIRA K,sanction,pa,https://www.opensanctions.org/entities/gb-fcdo-rus2496,gb_fcdo_sanctions
9384459,,JI XIANG,sanction,pa,https://www.opensanctions.org/entities/gb-fcdo-rus2497,gb_fcdo_sanctions
9304825,,JALDHARA,sanction,pa,https://www.opensanctions.org/entities/gb-fcdo-rus2498,gb_fcdo_sanctions
9274800,,YANGTZE,sanction,ga,https://www.opensanctions.org/entities/gb-fcdo-rus2499,gb_fcdo_sanctions
9388766,,DESTAN,sanction,pa,https://www.opensanctions.org/entities/gb-fcdo-rus2500,gb_fcdo_sanctions
9599341,,JUPITER I,sanction,ru,https://www.opensanctions.org/entities/gb-fcdo-rus2501,gb_fcdo_sanctions
9346744,,MA JIN,sanction,pa,https://www.opensanctions.org/entities/gb-fcdo-rus2502,gb_fcdo_sanctions
9261657,,C Viking,sanction,ck,https://www.opensanctions.org/entities/gb-fcdo-rus2503,gb_fcdo_sanctions
9299123,,SOFIA K,sanction,pa,https://www.opensanctions.org/entities/gb-fcdo-rus2504,gb_fcdo_sanctions
9263203,,SOUL,sanction,gw,https://www.opensanctions.org/entities/gb-fcdo-rus2505,gb_fcdo_sanctions
9248796,,SPRIT,sanction,bb,https://www.opensanctions.org/entities/gb-fcdo-rus2506,gb_fcdo_sanctions
9405057,,TAI SHAN,sanction,pa,https://www.opensanctions.org/entities/gb-fcdo-rus2507,gb_fcdo_sanctions
9299862,,TENDUA,sanction,pa,https://www.opensanctions.org/entities/gb-fcdo-rus2508,gb_fcdo_sanctions
9237228,,THANE,sanction,sm,https://www.opensanctions.org/entities/gb-fcdo-rus2509,gb_fcdo_sanctions
9264570,,THEMIS,sanction,pa,https://www.opensanctions.org/entities/gb-fcdo-rus2510,gb_fcdo_sanctions
9283289,,THYA,sanction,pa,https://www.opensanctions.org/entities/gb-fcdo-rus2511,gb_fcdo_sanctions
9283291,,TIBURON,sanction,bb,https://www.opensanctions.org/entities/gb-fcdo-rus2512,gb_fcdo_sanctions
9231509,,TREND,sanction,bb,https://www.opensanctions.org/entities/gb-fcdo-rus2513,gb_fcdo_sanctions
9222560,,CHEETAH II,sanction,pa,https://www.opensanctions.org/entities/gb-fcdo-rus2514,gb_fcdo_sanctions
9282792,,CLYDE NOBLE,sanction,pw,https://www.opensanctions.org/entities/gb-fcdo-rus2515,gb_fcdo_sanctions
9297888,,CORDELIA MOON,sanction,pa,https://www.opensanctions.org/entities/gb-fcdo-rus2516,gb_fcdo_sanctions
9251456,,DAPHNE I,sanction,pa,https://www.opensanctions.org/entities/gb-fcdo-rus2517,gb_fcdo_sanctions
9374868,,ELEPHANT,sanction,vn,https://www.opensanctions.org/entities/gb-fcdo-rus2518,gb_fcdo_sanctions
9277747,,ELISE,sanction,pw,https://www.opensanctions.org/entities/gb-fcdo-rus2519,gb_fcdo_sanctions
9333412,,ENIGMA,sanction,bb,https://www.opensanctions.org/entities/gb-fcdo-rus2520,gb_fcdo_sanctions
9326720,,HERA,sanction,vn,https://www.opensanctions.org/entities/gb-fcdo-rus2521,gb_fcdo_sanctions
9260823,,FIESTA,sanction,sl,https://www.opensanctions.org/entities/gb-fcdo-rus2522,gb_fcdo_sanctions
9319686,,HU PO,sanction,pa,https://www.opensanctions.org/entities/gb-fcdo-rus2523,gb_fcdo_sanctions
9293959,,FOTUO,sanction,lr,https://www.opensanctions.org/entities/gb-fcdo-rus2524,gb_fcdo_sanctions
9314894,,INDRAS,sanction,pa,https://www.opensanctions.org/entities/gb-fcdo-rus2525,gb_fcdo_sanctions
9360415,,INDUS 1,sanction,pa,https://www.opensanctions.org/entities/gb-fcdo-rus2526,gb_fcdo_sanctions
9293002,,ARGENT,sanction,gw,https://www.opensanctions.org/entities/gb-fcdo-rus2527,gb_fcdo_sanctions
9289738,,GENJI,sanction,ga,https://www.opensanctions.org/entities/gb-fcdo-rus2528,gb_fcdo_sanctions
9236353,,Blue,sanction,ag,https://www.opensanctions.org/entities/gb-fcdo-rus2533,gb_fcdo_sanctions
9334557,,Blue Talu,sanction,pa,https://www.opensanctions.org/entities/gb-fcdo-rus2536,gb_fcdo_sanctions
9235725,,Fuga Bluemarine,sanction,gm,https://www.opensanctions.org/entities/gb-fcdo-rus2538,gb_fcdo_sanctions
9284726,,Bonifacy,sanction,pw,https://www.opensanctions.org/entities/gb-fcdo-rus2540,gb_fcdo_sanctions
9437983,,Cai Yun,sanction,pa,https://www.opensanctions.org/entities/gb-fcdo-rus2542,gb_fcdo_sanctions
9290921,,Beast,sanction,pw,https://www.opensanctions.org/entities/gb-fcdo-rus2544,gb_fcdo_sanctions
9301524,,DENEB,sanction,sl,https://www.opensanctions.org/entities/gb-fcdo-rus2545,gb_fcdo_sanctions
9290828,,E MEI SHAN,sanction,pa,https://www.opensanctions.org/entities/gb-fcdo-rus2546,gb_fcdo_sanctions
9240885,,EAST 1,sanction,,https://www.opensanctions.org/entities/gb-fcdo-rus2547,gb_fcdo_sanctions
9270749,,GAURI,sanction,bb,https://www.opensanctions.org/entities/gb-fcdo-rus2548,gb_fcdo_sanctions
9253234,,GURUDEV,sanction,pa,https://www.opensanctions.org/entities/gb-fcdo-rus2549,gb_fcdo_sanctions
9247883,,HATTI,sanction,bb,https://www.opensanctions.org/entities/gb-fcdo-rus2550,gb_fcdo_sanctions
9290517,,VAYU 1,sanction,ga,https://www.opensanctions.org/entities/gb-fcdo-rus2551,gb_fcdo_sanctions
9599353,,VENUS III,sanction,ru,https://www.opensanctions.org/entities/gb-fcdo-rus2552,gb_fcdo_sanctions
9422988,,VOLANS,sanction,bb,https://www.opensanctions.org/entities/gb-fcdo-rus2553,gb_fcdo_sanctions
9335094,,WUDI,sanction,pa,https://www.opensanctions.org/entities/gb-fcdo-rus2555,gb_fcdo_sanctions
9194983,,DELIVER,sanction,,https://www.opensanctions.org/entities/gb-fcdo-rus2556,gb_fcdo_sanctions
9419151,,WU TAI,sanction,pa,https://www.opensanctions.org/entities/gb-fcdo-rus2558,gb_fcdo_sanctions
9282493,,FIORA,sanction,,https://www.opensanctions.org/entities/gb-fcdo-rus2559,gb_fcdo_sanctions
9550682,,XING CHEN,sanction,pa,https://www.opensanctions.org/entities/gb-fcdo-rus2560,gb_fcdo_sanctions
9428358,,XUE SONG,sanction,ga,https://www.opensanctions.org/entities/gb-fcdo-rus2561,gb_fcdo_sanctions
9259733,,YI TONG,sanction,pa,https://www.opensanctions.org/entities/gb-fcdo-rus2562,gb_fcdo_sanctions
9205067,,RAVEN,sanction,bb,https://www.opensanctions.org/entities/gb-fcdo-rus2563,gb_fcdo_sanctions
9253076,,REUS,sanction,sl,https://www.opensanctions.org/entities/gb-fcdo-rus2564,gb_fcdo_sanctions
9296406,,RIGEL,sanction,pa,https://www.opensanctions.org/entities/gb-fcdo-rus2565,gb_fcdo_sanctions
9402732,,SAATHI,sanction,pa,https://www.opensanctions.org/entities/gb-fcdo-rus2566,gb_fcdo_sanctions
9278064,,SOFOS,sanction,ck,https://www.opensanctions.org/entities/gb-fcdo-rus2567,gb_fcdo_sanctions
9314882,,HIMALAYA,sanction,pa,https://www.opensanctions.org/entities/gb-fcdo-rus2568,gb_fcdo_sanctions
9306627,,HUANG HE,sanction,pa,https://www.opensanctions.org/entities/gb-fcdo-rus2569,gb_fcdo_sanctions
9308443,,INA,sanction,ag,https://www.opensanctions.org/entities/gb-fcdo-rus2570,gb_fcdo_sanctions
9249312,,IZOLA,sanction,bb,https://www.opensanctions.org/entities/gb-fcdo-rus2571,gb_fcdo_sanctions
9384435,,JI LI I,sanction,pa,https://www.opensanctions.org/entities/gb-fcdo-rus2572,gb_fcdo_sanctions
9384447,,JI SHUN,sanction,pa,https://www.opensanctions.org/entities/gb-fcdo-rus2573,gb_fcdo_sanctions
9436018,,VENETIANS,sanction,pa,https://www.opensanctions.org/entities/gb-fcdo-rus2574,gb_fcdo_sanctions
9308833,,KUSTO,sanction,pa,https://www.opensanctions.org/entities/gb-fcdo-rus2575,gb_fcdo_sanctions
9247792,,LALIQUE,sanction,pa,https://www.opensanctions.org/entities/gb-fcdo-rus2576,gb_fcdo_sanctions
9277759,,LEA I,sanction,lr,https://www.opensanctions.org/entities/gb-fcdo-rus2577,gb_fcdo_sanctions
9348479,,LUCKY FAIRY,sanction,pa,https://www.opensanctions.org/entities/gb-fcdo-rus2578,gb_fcdo_sanctions
9258882,,CARCHARODON,sanction,pw,https://www.opensanctions.org/entities/gb-fcdo-rus2580,gb_fcdo_sanctions
9137648,,CARUZO,sanction,sl,https://www.opensanctions.org/entities/gb-fcdo-rus2581,gb_fcdo_sanctions
9353125,,CHANDRA,sanction,pa,https://www.opensanctions.org/entities/gb-fcdo-rus2582,gb_fcdo_sanctions
9227443,,ARLAN,sanction,sl,https://www.opensanctions.org/entities/gb-fcdo-rus2583,gb_fcdo_sanctions
9282986,,ATLANTICOS,sanction,ru,https://www.opensanctions.org/entities/gb-fcdo-rus2584,gb_fcdo_sanctions
9311531,,AFKADA,sanction,ga,https://www.opensanctions.org/entities/gb-fcdo-rus2585,gb_fcdo_sanctions
9258167,,AKAR WEST,sanction,bb,https://www.opensanctions.org/entities/gb-fcdo-rus2586,gb_fcdo_sanctions
9273052,,ALISSA,sanction,ga,https://www.opensanctions.org/entities/gb-fcdo-rus2587,gb_fcdo_sanctions
9346873,,AQUARIUS II,sanction,pa,https://www.opensanctions.org/entities/gb-fcdo-rus2588,gb_fcdo_sanctions
9288734,,ARABESCA,sanction,ck,https://www.opensanctions.org/entities/gb-fcdo-rus2589,gb_fcdo_sanctions
9263198,,SAINT,sanction,gw,https://www.opensanctions.org/entities/gb-fcdo-rus2590,gb_fcdo_sanctions
9352195,,SANDHYA,sanction,pa,https://www.opensanctions.org/entities/gb-fcdo-rus2591,gb_fcdo_sanctions
9655470,,SATURN I,sanction,pa,https://www.opensanctions.org/entities/gb-fcdo-rus2592,gb_fcdo_sanctions
9255830,,SEA MARINE 1,sanction,vn,https://www.opensanctions.org/entities/gb-fcdo-rus2593,gb_fcdo_sanctions
9265885,,SEA MAVERICK,sanction,sl,https://www.opensanctions.org/entities/gb-fcdo-rus2594,gb_fcdo_sanctions
9263186,,SEAL,sanction,gw,https://www.opensanctions.org/entities/gb-fcdo-rus2595,gb_fcdo_sanctions
9319870,,MAINI,sanction,,https://www.opensanctions.org/entities/gb-fcdo-rus2596,gb_fcdo_sanctions
9234501,,SEALION I,sanction,pa,https://www.opensanctions.org/entities/gb-fcdo-rus2597,gb_fcdo_sanctions
9289776,,MAISAN,sanction,,https://www.opensanctions.org/entities/gb-fcdo-rus2598,gb_fcdo_sanctions
9259991,,SEZAR,sanction,pa,https://www.opensanctions.org/entities/gb-fcdo-rus2599,gb_fcdo_sanctions
9338905,,SHAANXI,sanction,ga,https://www.opensanctions.org/entities/gb-fcdo-rus2600,gb_fcdo_sanctions
9232929,,MAISHA,sanction,,https://www.opensanctions.org/entities/gb-fcdo-rus2601,gb_fcdo_sanctions
9323376,,MARABELLA SUN,sanction,,https://www.opensanctions.org/entities/gb-fcdo-rus2602,gb_fcdo_sanctions
9323974,,MARBLE,sanction,,https://www.opensanctions.org/entities/gb-fcdo-rus2603,gb_fcdo_sanctions
9198290,,MD MIRANDA,sanction,,https://www.opensanctions.org/entities/gb-fcdo-rus2604,gb_fcdo_sanctions
9247443,,QUARTANUS,sanction,,https://www.opensanctions.org/entities/gb-fcdo-rus2606,gb_fcdo_sanctions
9330604,,NACHOS,sanction,,https://www.opensanctions.org/entities/gb-fcdo-rus2607,gb_fcdo_sanctions
9232931,,NARCISSUS,sanction,,https://www.opensanctions.org/entities/gb-fcdo-rus2608,gb_fcdo_sanctions
9336426,,NAXOS,sanction,,https://www.opensanctions.org/entities/gb-fcdo-rus2609,gb_fcdo_sanctions
9183295,,NEON,sanction,,https://www.opensanctions.org/entities/gb-fcdo-rus2610,gb_fcdo_sanctions
9265756,,OASIS,sanction,,https://www.opensanctions.org/entities/gb-fcdo-rus2611,gb_fcdo_sanctions
9229374,,ODUNE,sanction,,https://www.opensanctions.org/entities/gb-fcdo-rus2612,gb_fcdo_sanctions
9318034,,OLIVE,sanction,,https://www.opensanctions.org/entities/gb-fcdo-rus2613,gb_fcdo_sanctions
9288930,,PACIFICOS,sanction,,https://www.opensanctions.org/entities/gb-fcdo-rus2614,gb_fcdo_sanctions
9451642,,VENGERY,sanction,ru,https://www.opensanctions.org/entities/gb-fcdo-rus2615,gb_fcdo_sanctions
9291250,,CORTEX,sanction,km,https://www.opensanctions.org/entities/gb-fcdo-rus2642,gb_fcdo_sanctions
9387255,,MAIN,sanction,bb,https://www.opensanctions.org/entities/gb-fcdo-rus2648,gb_fcdo_sanctions
9299719,,OTLA,sanction,km,https://www.opensanctions.org/entities/gb-fcdo-rus2659,gb_fcdo_sanctions
9257802,,FURIA,sanction,,https://www.opensanctions.org/entities/gb-fcdo-rus2695,gb_fcdo_sanctions
9384095,,RAGNAR,sanction,pw,https://www.opensanctions.org/entities/gb-fcdo-rus2697,gb_fcdo_sanctions
9418482,,CETUS,sanction,,https://www.opensanctions.org/entities/gb-fcdo-rus2699,gb_fcdo_sanctions
9253313,,ARABELA,sanction,bb,https://www.opensanctions.org/entities/gb-fcdo-rus2704,gb_fcdo_sanctions
9434890,,NAUTILUS,sanction,bb,https://www.opensanctions.org/entities/gb-fcdo-rus2709,gb_fcdo_sanctions
9292577,,RICCA,sanction,pa,https://www.opensanctions.org/entities/gb-fcdo-rus2710,gb_fcdo_sanctions
9292589,,TEAM,sanction,pa,https://www.opensanctions.org/entities/gb-fcdo-rus2712,gb_fcdo_sanctions
8808525,,TORONTO,sanction,lr,https://www.opensanctions.org/entities/gb-fcdo-rus2713,gb_fcdo_sanctions
9286023,,NEXT,sanction,gw,https://www.opensanctions.org/entities/gb-fcdo-rus2714,gb_fcdo_sanctions
9284594,,LEOPARD,sanction,vn,https://www.opensanctions.org/entities/gb-fcdo-rus2715,gb_fcdo_sanctions
9386536,,SPRING FORTUNE,sanction,pa,https://www.opensanctions.org/entities/gb-fcdo-rus2716,gb_fcdo_sanctions
9266877,,PIERRE,sanction,sl,https://www.opensanctions.org/entities/gb-fcdo-rus2717,gb_fcdo_sanctions
9253909,,JAMES II,sanction,pw,https://www.opensanctions.org/entities/gb-fcdo-rus2719,gb_fcdo_sanctions
9389679,,LIETO,sanction,bb,https://www.opensanctions.org/entities/gb-fcdo-rus2720,gb_fcdo_sanctions
9296810,,MISSONI,sanction,pa,https://www.opensanctions.org/entities/gb-fcdo-rus2721,gb_fcdo_sanctions
9166314,,ASTORIA,sanction,ru,https://www.opensanctions.org/entities/gb-fcdo-rus2728,gb_fcdo_sanctions
9304629,,CHENG HE,sanction,pa,https://www.opensanctions.org/entities/gb-fcdo-rus2729,gb_fcdo_sanctions
9430210,,GOGLAND,sanction,pw,https://www.opensanctions.org/entities/gb-fcdo-rus2730,gb_fcdo_sanctions
9337327,,JAZZ,sanction,pa,https://www.opensanctions.org/entities/gb-fcdo-rus2731,gb_fcdo_sanctions
9189146,,KYLO,sanction,ck,https://www.opensanctions.org/entities/gb-fcdo-rus2732,gb_fcdo_sanctions
9255672,,LEBRE,sanction,bb,https://www.opensanctions.org/entities/gb-fcdo-rus2733,gb_fcdo_sanctions
9299771,,MIRES,sanction,sl,https://www.opensanctions.org/entities/gb-fcdo-rus2734,gb_fcdo_sanctions
9379052,,OCEAN AUTUMN,sanction,pa,https://www.opensanctions.org/entities/gb-fcdo-rus2735,gb_fcdo_sanctions
9306562,,PONE,sanction,gw,https://www.opensanctions.org/entities/gb-fcdo-rus2736,gb_fcdo_sanctions
9308132,,UNITE,sanction,gw,https://www.opensanctions.org/entities/gb-fcdo-rus2737,gb_fcdo_sanctions
9299874,,VIPER,sanction,pa,https://www.opensanctions.org/entities/gb-fcdo-rus2738,gb_fcdo_sanctions
9408530,,EVITA,sanction,bb,https://www.opensanctions.org/entities/gb-fcdo-rus2740,gb_fcdo_sanctions
9585924,,KALUGA,sanction,ru,https://www.opensanctions.org/entities/gb-fcdo-rus2756,gb_fcdo_sanctions
9585912,,MARLIN,sanction,ru,https://www.opensanctions.org/entities/gb-fcdo-rus2759,gb_fcdo_sanctions
9409259,,SPIRIT 2,sanction,pa,https://www.opensanctions.org/entities/gb-fcdo-rus2760,gb_fcdo_sanctions
9330472,,THORIN,sanction,pa,https://www.opensanctions.org/entities/gb-fcdo-rus2762,gb_fcdo_sanctions
9304356,,YODAN,sanction,bb,https://www.opensanctions.org/entities/gb-fcdo-rus2763,gb_fcdo_sanctions
9297553,,MONTE 1,sanction,pa,https://www.opensanctions.org/entities/gb-fcdo-rus2764,gb_fcdo_sanctions
9459242,,FELIKS,sanction,sl,https://www.opensanctions.org/entities/gb-fcdo-rus2765,gb_fcdo_sanctions
9298595,,JAVA,sanction,pa,https://www.opensanctions.org/entities/gb-fcdo-rus2766,gb_fcdo_sanctions
9224465,,OLAF 1,sanction,km,https://www.opensanctions.org/entities/gb-fcdo-rus2767,gb_fcdo_sanctions
9866380,,OKEANSKY PROSPECT,sanction,ru,https://www.opensanctions.org/entities/gb-fcdo-rus2768,gb_fcdo_sanctions
9142916,,OKEAN,sanction,ru,https://www.opensanctions.org/entities/gb-fcdo-rus2769,gb_fcdo_sanctions
9151890,,ODIN,sanction,ru,https://www.opensanctions.org/entities/gb-fcdo-rus2770,gb_fcdo_sanctions
9183831,,NP DUDINKA,sanction,ru,https://www.opensanctions.org/entities/gb-fcdo-rus2771,gb_fcdo_sanctions
8821761,,NIMBUS SPB,sanction,ru,https://www.opensanctions.org/entities/gb-fcdo-rus2772,gb_fcdo_sanctions
9266853,,NEW POWER,sanction,km,https://www.opensanctions.org/entities/gb-fcdo-rus2774,gb_fcdo_sanctions
9224283,,NEER 1,sanction,gm,https://www.opensanctions.org/entities/gb-fcdo-rus2775,gb_fcdo_sanctions
9329760,,EAGLE S,sanction,ck,https://www.opensanctions.org/entities/gb-fcdo-rus2778,gb_fcdo_sanctions
9276030,,ECHO,sanction,bb,https://www.opensanctions.org/entities/gb-fcdo-rus2779,gb_fcdo_sanctions
9288863,,VALENTE,sanction,gm,https://www.opensanctions.org/entities/gb-fcdo-rus2780,gb_fcdo_sanctions
9383950,,EMINENT,sanction,bb,https://www.opensanctions.org/entities/gb-fcdo-rus2781,gb_fcdo_sanctions
9259745,,ETERNAL PEACE,sanction,,https://www.opensanctions.org/entities/gb-fcdo-rus2784,gb_fcdo_sanctions
9206671,,RANGLER,sanction,cm,https://www.opensanctions.org/entities/gb-fcdo-rus2785,gb_fcdo_sanctions
9308065,,EVENTIN,sanction,,https://www.opensanctions.org/entities/gb-fcdo-rus2786,gb_fcdo_sanctions
9233741,,MITZEL,sanction,km,https://www.opensanctions.org/entities/gb-fcdo-rus2787,gb_fcdo_sanctions
9513139,,FEARLESS,sanction,km,https://www.opensanctions.org/entities/gb-fcdo-rus2788,gb_fcdo_sanctions
9402469,,FREDA,sanction,,https://www.opensanctions.org/entities/gb-fcdo-rus2789,gb_fcdo_sanctions
9263643,,FRUNZE,sanction,,https://www.opensanctions.org/entities/gb-fcdo-rus2790,gb_fcdo_sanctions
9326718,,FULGER,sanction,sl,https://www.opensanctions.org/entities/gb-fcdo-rus2791,gb_fcdo_sanctions
9288851,,GRINCH,sanction,km,https://www.opensanctions.org/entities/gb-fcdo-rus2792,gb_fcdo_sanctions
9236640,,ONYX,sanction,,https://www.opensanctions.org/entities/gb-fcdo-rus2793,gb_fcdo_sanctions
9087714,,OSTROV RUSSKIY,sanction,ru,https://www.opensanctions.org/entities/gb-fcdo-rus2794,gb_fcdo_sanctions
9329667,,PACIFIC,sanction,km,https://www.opensanctions.org/entities/gb-fcdo-rus2795,gb_fcdo_sanctions
9395379,,PACIFIC 01,sanction,pa,https://www.opensanctions.org/entities/gb-fcdo-rus2797,gb_fcdo_sanctions
9284582,,PANDA,sanction,,https://www.opensanctions.org/entities/gb-fcdo-rus2798,gb_fcdo_sanctions
8700096,,PARTIZANSK,sanction,ru,https://www.opensanctions.org/entities/gb-fcdo-rus2799,gb_fcdo_sanctions
9577094,,PATHFINDER,sanction,bb,https://www.opensanctions.org/entities/gb-fcdo-rus2801,gb_fcdo_sanctions
9301380,,PAVEL CHERNYSH,sanction,ru,https://www.opensanctions.org/entities/gb-fcdo-rus2802,gb_fcdo_sanctions
9273442,,PIER,sanction,bb,https://www.opensanctions.org/entities/gb-fcdo-rus2803,gb_fcdo_sanctions
9318553,,SAGA,sanction,bb,https://www.opensanctions.org/entities/gb-fcdo-rus2804,gb_fcdo_sanctions
9577082,,PREMIER,sanction,km,https://www.opensanctions.org/entities/gb-fcdo-rus2805,gb_fcdo_sanctions
9530917,,SAKINA,sanction,km,https://www.opensanctions.org/entities/gb-fcdo-rus2806,gb_fcdo_sanctions
9436006,,SAMIRA,sanction,km,https://www.opensanctions.org/entities/gb-fcdo-rus2807,gb_fcdo_sanctions
9309576,,SAPPHIRE,sanction,bb,https://www.opensanctions.org/entities/gb-fcdo-rus2808,gb_fcdo_sanctions
9524463,,SAKARYA,sanction,km,https://www.opensanctions.org/entities/gb-fcdo-rus2809,gb_fcdo_sanctions
9318541,,SERENADE,sanction,km,https://www.opensanctions.org/entities/gb-fcdo-rus2810,gb_fcdo_sanctions
9421960,,PRIMORYE,sanction,ru,https://www.opensanctions.org/entities/gb-fcdo-rus2811,gb_fcdo_sanctions
9276561,,PRS OCEAN,sanction,gm,https://www.opensanctions.org/entities/gb-fcdo-rus2812,gb_fcdo_sanctions
9752084,,SHTURMAN ALBANOV,sanction,ru,https://www.opensanctions.org/entities/gb-fcdo-rus2813,gb_fcdo_sanctions
9759915,,SHTURMAN SKURATOV,sanction,ru,https://www.opensanctions.org/entities/gb-fcdo-rus2814,gb_fcdo_sanctions
9378618,,SI HE,sanction,,https://www.opensanctions.org/entities/gb-fcdo-rus2815,gb_fcdo_sanctions
9419137,,SIKAR,sanction,km,https://www.opensanctions.org/entities/gb-fcdo-rus2816,gb_fcdo_sanctions
9283306,,BUDDHA,sanction,ag,https://www.opensanctions.org/entities/gb-fcdo-rus2817,gb_fcdo_sanctions
9411331,,CANARA,sanction,km,https://www.opensanctions.org/entities/gb-fcdo-rus2818,gb_fcdo_sanctions
9299680,,CANGJIE,sanction,in,https://www.opensanctions.org/entities/gb-fcdo-rus2819,gb_fcdo_sanctions
9301392,,KAPITAN KOSTICHEV,sanction,ru,https://www.opensanctions.org/entities/gb-fcdo-rus2820,gb_fcdo_sanctions
9327360,,ARIA,sanction,,https://www.opensanctions.org/entities/gb-fcdo-rus2821,gb_fcdo_sanctions
9380673,,CENTURION,sanction,sl,https://www.opensanctions.org/entities/gb-fcdo-rus2822,gb_fcdo_sanctions
9171175,,CILICIA,sanction,ru,https://www.opensanctions.org/entities/gb-fcdo-rus2823,gb_fcdo_sanctions
9270517,,CINDY,sanction,bb,https://www.opensanctions.org/entities/gb-fcdo-rus2824,gb_fcdo_sanctions
9589750,,DANSHUI,sanction,km,https://www.opensanctions.org/entities/gb-fcdo-rus2825,gb_fcdo_sanctions
9253894,,DESTAMAR,sanction,ag,https://www.opensanctions.org/entities/gb-fcdo-rus2826,gb_fcdo_sanctions
9299903,,DEYNA,sanction,,https://www.opensanctions.org/entities/gb-fcdo-rus2827,gb_fcdo_sanctions
9683726,,DMITRY POKROVSKY,sanction,ru,https://www.opensanctions.org/entities/gb-fcdo-rus2828,gb_fcdo_sanctions
9236004,,KATIUSKA,sanction,pa,https://www.opensanctions.org/entities/gb-fcdo-rus2829,gb_fcdo_sanctions
9258002,,KAZAN,sanction,ru,https://www.opensanctions.org/entities/gb-fcdo-rus2830,gb_fcdo_sanctions
9199127,,KOEN,sanction,,https://www.opensanctions.org/entities/gb-fcdo-rus2831,gb_fcdo_sanctions
9299161,,KORD ATLANTIC,sanction,ru,https://www.opensanctions.org/entities/gb-fcdo-rus2832,gb_fcdo_sanctions
9271585,,PRUDENCE,sanction,km,https://www.opensanctions.org/entities/gb-fcdo-rus2833,gb_fcdo_sanctions
9412995,,KRUGER,sanction,,https://www.opensanctions.org/entities/gb-fcdo-rus2834,gb_fcdo_sanctions
9270529,,KRYMSK,sanction,ru,https://www.opensanctions.org/entities/gb-fcdo-rus2835,gb_fcdo_sanctions
9749154,,KUPAVA,sanction,ru,https://www.opensanctions.org/entities/gb-fcdo-rus2836,gb_fcdo_sanctions
9256066,,LIGOVSKY PROSPECT,sanction,ru,https://www.opensanctions.org/entities/gb-fcdo-rus2837,gb_fcdo_sanctions
9294331,,LILY,sanction,pa,https://www.opensanctions.org/entities/gb-fcdo-rus2838,gb_fcdo_sanctions
9339301,,NS LEADER,sanction,ru,https://www.opensanctions.org/entities/gb-fcdo-rus2839,gb_fcdo_sanctions
9388754,,LONG BAI,sanction,,https://www.opensanctions.org/entities/gb-fcdo-rus2840,gb_fcdo_sanctions
9277735,,LUNAR TIDE,sanction,,https://www.opensanctions.org/entities/gb-fcdo-rus2841,gb_fcdo_sanctions
9314088,,LYRA,sanction,,https://www.opensanctions.org/entities/gb-fcdo-rus2842,gb_fcdo_sanctions
9266750,,SEABASS,sanction,bb,https://www.opensanctions.org/entities/gb-fcdo-rus2843,gb_fcdo_sanctions
9314105,,MAKALU,sanction,km,https://www.opensanctions.org/entities/gb-fcdo-rus2844,gb_fcdo_sanctions
9378632,,MALAK,sanction,km,https://www.opensanctions.org/entities/gb-fcdo-rus2845,gb_fcdo_sanctions
9424651,,MANTA,sanction,sl,https://www.opensanctions.org/entities/gb-fcdo-rus2846,gb_fcdo_sanctions
9321706,,MERCURY,sanction,ga,https://www.opensanctions.org/entities/gb-fcdo-rus2847,gb_fcdo_sanctions
9231212,,XANTHOS EOS,sanction,,https://www.opensanctions.org/entities/gb-fcdo-rus2848,gb_fcdo_sanctions
9281891,,MEROPE,sanction,,https://www.opensanctions.org/entities/gb-fcdo-rus2849,gb_fcdo_sanctions
9187227,,MERU,sanction,km,https://www.opensanctions.org/entities/gb-fcdo-rus2850,gb_fcdo_sanctions
9257137,,MIN HANG,sanction,,https://www.opensanctions.org/entities/gb-fcdo-rus2851,gb_fcdo_sanctions
9337389,,AGNI,sanction,km,https://www.opensanctions.org/entities/gb-fcdo-rus2852,gb_fcdo_sanctions
9842190,,AKADEMIC GUBKIN,sanction,,https://www.opensanctions.org/entities/gb-fcdo-rus2853,gb_fcdo_sanctions
9385142,,ALMOND,sanction,km,https://www.opensanctions.org/entities/gb-fcdo-rus2854,gb_fcdo_sanctions
9235713,,AMBER 6,sanction,,https://www.opensanctions.org/entities/gb-fcdo-rus2855,gb_fcdo_sanctions
9299769,,AQUATICA,sanction,km,https://www.opensanctions.org/entities/gb-fcdo-rus2856,gb_fcdo_sanctions
9397547,,ARIADNE,sanction,bb,https://www.opensanctions.org/entities/gb-fcdo-rus2857,gb_fcdo_sanctions
9163764,,ARNO BABAJANYAN,sanction,ru,https://www.opensanctions.org/entities/gb-fcdo-rus2858,gb_fcdo_sanctions
9164512,,AVIOR,sanction,ru,https://www.opensanctions.org/entities/gb-fcdo-rus2859,gb_fcdo_sanctions
9308821,,BERRA,sanction,pa,https://www.opensanctions.org/entities/gb-fcdo-rus2860,gb_fcdo_sanctions
9495832,,BLACKSEA EAGLE,sanction,pa,https://www.opensanctions.org/entities/gb-fcdo-rus2861,gb_fcdo_sanctions
9255244,,BOLOGNIA FALCON,sanction,pa,https://www.opensanctions.org/entities/gb-fcdo-rus2862,gb_fcdo_sanctions
9261619,,HANNAH,sanction,pa,https://www.opensanctions.org/entities/gb-fcdo-rus2863,gb_fcdo_sanctions
9321976,,HEIDI A,sanction,,https://www.opensanctions.org/entities/gb-fcdo-rus2864,gb_fcdo_sanctions
9419448,,HENG TAI,sanction,,https://www.opensanctions.org/entities/gb-fcdo-rus2865,gb_fcdo_sanctions
9392822,,LOTUS,sanction,,https://www.opensanctions.org/entities/gb-fcdo-rus2866,gb_fcdo_sanctions
9312872,,HUIHAI ATLANTIC,sanction,,https://www.opensanctions.org/entities/gb-fcdo-rus2867,gb_fcdo_sanctions
9346732,,HUIHAI PACIFIC,sanction,,https://www.opensanctions.org/entities/gb-fcdo-rus2868,gb_fcdo_sanctions
9322968,,HYPERION,sanction,km,https://www.opensanctions.org/entities/gb-fcdo-rus2869,gb_fcdo_sanctions
9056571,,IMMANUEL,sanction,ru,https://www.opensanctions.org/entities/gb-fcdo-rus2870,gb_fcdo_sanctions
9435375,,IRTYSH RIVER,sanction,ru,https://www.opensanctions.org/entities/gb-fcdo-rus2871,gb_fcdo_sanctions
9354301,,JAGUAR,sanction,bb,https://www.opensanctions.org/entities/gb-fcdo-rus2872,gb_fcdo_sanctions
9341067,,KALININGRAD,sanction,ru,https://www.opensanctions.org/entities/gb-fcdo-rus2873,gb_fcdo_sanctions
9306782,,KARELIYA,sanction,ru,https://www.opensanctions.org/entities/gb-fcdo-rus2874,gb_fcdo_sanctions
9248849,,SILVERA,sanction,sl,https://www.opensanctions.org/entities/gb-fcdo-rus2877,gb_fcdo_sanctions
9422445,,SIRIUS,sanction,km,https://www.opensanctions.org/entities/gb-fcdo-rus2878,gb_fcdo_sanctions
9208124,,SKY RIDER,sanction,pw,https://www.opensanctions.org/entities/gb-fcdo-rus2879,gb_fcdo_sanctions
9315446,,SPRING,sanction,,https://www.opensanctions.org/entities/gb-fcdo-rus2880,gb_fcdo_sanctions
9208069,,STELLAR BEVERLY,sanction,pa,https://www.opensanctions.org/entities/gb-fcdo-rus2881,gb_fcdo_sanctions
9293117,,SUN,sanction,ag,https://www.opensanctions.org/entities/gb-fcdo-rus2882,gb_fcdo_sanctions
9350654,,RUBY CROSS,sanction,km,https://www.opensanctions.org/entities/gb-fcdo-rus2883,gb_fcdo_sanctions
9309588,,SYMPHONY,sanction,km,https://www.opensanctions.org/entities/gb-fcdo-rus2884,gb_fcdo_sanctions
9105140,,TAIMYR,sanction,ru,https://www.opensanctions.org/entities/gb-fcdo-rus2885,gb_fcdo_sanctions
9292060,,TALISMAN,sanction,km,https://www.opensanctions.org/entities/gb-fcdo-rus2886,gb_fcdo_sanctions
9259197,,THALIA III,sanction,,https://www.opensanctions.org/entities/gb-fcdo-rus2887,gb_fcdo_sanctions
9257814,,TOREX,sanction,vu,https://www.opensanctions.org/entities/gb-fcdo-rus2888,gb_fcdo_sanctions
9344033,,TRIUMPH,sanction,,https://www.opensanctions.org/entities/gb-fcdo-rus2889,gb_fcdo_sanctions
9382798,,TRUST,sanction,km,https://www.opensanctions.org/entities/gb-fcdo-rus2890,gb_fcdo_sanctions
9247780,,TURACO,sanction,,https://www.opensanctions.org/entities/gb-fcdo-rus2891,gb_fcdo_sanctions
9384306,,UNIVERSAL,sanction,km,https://www.opensanctions.org/entities/gb-fcdo-rus2892,gb_fcdo_sanctions
9310707,,VAULT,sanction,pa,https://www.opensanctions.org/entities/gb-fcdo-rus2893,gb_fcdo_sanctions
9299173,,VELES,sanction,ru,https://www.opensanctions.org/entities/gb-fcdo-rus2894,gb_fcdo_sanctions
9832547,,VELMAR,sanction,bb,https://www.opensanctions.org/entities/gb-fcdo-rus2895,gb_fcdo_sanctions
9233349,,VESNA,sanction,,https://www.opensanctions.org/entities/gb-fcdo-rus2896,gb_fcdo_sanctions
9640516,,VF TANKER-3,sanction,ru,https://www.opensanctions.org/entities/gb-fcdo-rus2897,gb_fcdo_sanctions
9640528,,VF TANKER-4,sanction,ru,https://www.opensanctions.org/entities/gb-fcdo-rus2898,gb_fcdo_sanctions
9271327,,VIEW,sanction,,https://www.opensanctions.org/entities/gb-fcdo-rus2900,gb_fcdo_sanctions
9901025,,VLADIMIR ARSENYEV,sanction,km,https://www.opensanctions.org/entities/gb-fcdo-rus2901,gb_fcdo_sanctions
9842176,,VLADIMIR MONOMAKH,sanction,ru,https://www.opensanctions.org/entities/gb-fcdo-rus2902,gb_fcdo_sanctions
9842188,,VLADIMIR VINOGRADOV,sanction,ru,https://www.opensanctions.org/entities/gb-fcdo-rus2903,gb_fcdo_sanctions
9435363,,VOLGA RIVER,sanction,ru,https://www.opensanctions.org/entities/gb-fcdo-rus2904,gb_fcdo_sanctions
9866392,,VOSTOCHNY PROSPECT,sanction,ru,https://www.opensanctions.org/entities/gb-fcdo-rus2905,gb_fcdo_sanctions
9843560,,VOYAGER,sanction,km,https://www.opensanctions.org/entities/gb-fcdo-rus2906,gb_fcdo_sanctions
9299886,,WALL,sanction,pa,https://www.opensanctions.org/entities/gb-fcdo-rus2907,gb_fcdo_sanctions
9360128,,ZALIV BAIKAL,sanction,km,https://www.opensanctions.org/entities/gb-fcdo-rus2908,gb_fcdo_sanctions
9360130,,ZALIV VOSTOK,sanction,bb,https://www.opensanctions.org/entities/gb-fcdo-rus2909,gb_fcdo_sanctions
9175078,,ZAMBRA,sanction,pa,https://www.opensanctions.org/entities/gb-fcdo-rus2910,gb_fcdo_sanctions
9168946,,ZEVS,sanction,cm,https://www.opensanctions.org/entities/gb-fcdo-rus2911,gb_fcdo_sanctions
9283241,,DIGNITY,sanction,ru,https://www.opensanctions.org/entities/gb-fcdo-rus2928,gb_fcdo_sanctions
9238052,,FREYA,sanction,,https://www.opensanctions.org/entities/gb-fcdo-rus2929,gb_fcdo_sanctions
9422653,,GAZPROMNEFT NORDEAST,sanction,ru,https://www.opensanctions.org/entities/gb-fcdo-rus2930,gb_fcdo_sanctions
9537109,,GAZPROMNEFT ZUID EAST,sanction,ru,https://www.opensanctions.org/entities/gb-fcdo-rus2931,gb_fcdo_sanctions
9249087,,HS GLORY,sanction,,https://www.opensanctions.org/entities/gb-fcdo-rus2932,gb_fcdo_sanctions
9256858,,INDA,sanction,,https://www.opensanctions.org/entities/gb-fcdo-rus2933,gb_fcdo_sanctions
9876359,,IVAN AIVAZOVSKIY,sanction,ru,https://www.opensanctions.org/entities/gb-fcdo-rus2934,gb_fcdo_sanctions
9337133,,IVY,sanction,vn,https://www.opensanctions.org/entities/gb-fcdo-rus2935,gb_fcdo_sanctions
9323338,,BETTLE,sanction,,https://www.opensanctions.org/entities/gb-fcdo-rus2937,gb_fcdo_sanctions
9313589,,SANAR-14,sanction,ru,https://www.opensanctions.org/entities/gb-fcdo-rus2949,gb_fcdo_sanctions
9777670,,SANAR-15,sanction,ru,https://www.opensanctions.org/entities/gb-fcdo-rus2950,gb_fcdo_sanctions
9300350,,SANAR-9,sanction,ru,https://www.opensanctions.org/entities/gb-fcdo-rus2951,gb_fcdo_sanctions
9301615,,SARA II,sanction,,https://www.opensanctions.org/entities/gb-fcdo-rus2952,gb_fcdo_sanctions
9296585,,SENSUS,sanction,,https://www.opensanctions.org/entities/gb-fcdo-rus2953,gb_fcdo_sanctions
9759939,,SHTURMAN KOSHELEV,sanction,ru,https://www.opensanctions.org/entities/gb-fcdo-rus2954,gb_fcdo_sanctions
9752096,,SHTURMAN MALYGIN,sanction,ru,https://www.opensanctions.org/entities/gb-fcdo-rus2955,gb_fcdo_sanctions
9752101,,SHTURMAN OVTSYN,sanction,ru,https://www.opensanctions.org/entities/gb-fcdo-rus2956,gb_fcdo_sanctions
9759927,,SHTURMAN SHCHERBININ,sanction,ru,https://www.opensanctions.org/entities/gb-fcdo-rus2957,gb_fcdo_sanctions
9285847,,SIRIUS 1,sanction,,https://www.opensanctions.org/entities/gb-fcdo-rus2958,gb_fcdo_sanctions
9268112,,OLIA,sanction,gm,https://www.opensanctions.org/entities/gb-fcdo-rus2961,gb_fcdo_sanctions
9418509,,OMSK,sanction,ru,https://www.opensanctions.org/entities/gb-fcdo-rus2962,gb_fcdo_sanctions
9397535,,JUPITER,sanction,ru,https://www.opensanctions.org/entities/gb-fcdo-rus2965,gb_fcdo_sanctions
9224805,,OXIS,sanction,cm,https://www.opensanctions.org/entities/gb-fcdo-rus2967,gb_fcdo_sanctions
9276028,,PEGASUS,sanction,km,https://www.opensanctions.org/entities/gb-fcdo-rus2969,gb_fcdo_sanctions
9322827,,PICTOR,sanction,,https://www.opensanctions.org/entities/gb-fcdo-rus2970,gb_fcdo_sanctions
9329655,,PROXIMA,sanction,ru,https://www.opensanctions.org/entities/gb-fcdo-rus2971,gb_fcdo_sanctions
9650016,,RN SAKHALIN,sanction,ru,https://www.opensanctions.org/entities/gb-fcdo-rus2972,gb_fcdo_sanctions
9524451,,SABINA,sanction,,https://www.opensanctions.org/entities/gb-fcdo-rus2973,gb_fcdo_sanctions
9322267,,SAHARA,sanction,,https://www.opensanctions.org/entities/gb-fcdo-rus2975,gb_fcdo_sanctions
9300348,,SANAR-10,sanction,ru,https://www.opensanctions.org/entities/gb-fcdo-rus2976,gb_fcdo_sanctions
9297357,,YANHU,sanction,ru,https://www.opensanctions.org/entities/gb-fcdo-rus2977,gb_fcdo_sanctions
9832559,,VIRAT,sanction,,https://www.opensanctions.org/entities/gb-fcdo-rus2978,gb_fcdo_sanctions
9621601,,VASILY LANOVOY,sanction,ru,https://www.opensanctions.org/entities/gb-fcdo-rus2979,gb_fcdo_sanctions
9372547,,VASILY DINKOV,sanction,ru,https://www.opensanctions.org/entities/gb-fcdo-rus2980,gb_fcdo_sanctions
9885879,,VALENTIN PIKUL,sanction,ru,https://www.opensanctions.org/entities/gb-fcdo-rus2981,gb_fcdo_sanctions
9242223,,ADONIA,sanction,,https://www.opensanctions.org/entities/gb-fcdo-rus2997,gb_fcdo_sanctions
9257993,,AMELL,sanction,,https://www.opensanctions.org/entities/gb-fcdo-rus2998,gb_fcdo_sanctions
9381744,,ANTILA,sanction,,https://www.opensanctions.org/entities/gb-fcdo-rus2999,gb_fcdo_sanctions
9280885,,APUS,sanction,,https://www.opensanctions.org/entities/gb-fcdo-rus3000,gb_fcdo_sanctions
9299745,,APUS,sanction,,https://www.opensanctions.org/entities/gb-fcdo-rus3001,gb_fcdo_sanctions
9281152,,AQUILA II,sanction,,https://www.opensanctions.org/entities/gb-fcdo-rus3002,gb_fcdo_sanctions
9381732,,AUGA,sanction,,https://www.opensanctions.org/entities/gb-fcdo-rus3004,gb_fcdo_sanctions
9322839,,AVRIL,sanction,,https://www.opensanctions.org/entities/gb-fcdo-rus3005,gb_fcdo_sanctions
9233765,,AULIS,sanction,,https://www.opensanctions.org/entities/gb-fcdo-rus3006,gb_fcdo_sanctions
9372559,,KAPITAN GOTSKY,sanction,ru,https://www.opensanctions.org/entities/gb-fcdo-rus3007,gb_fcdo_sanctions
9327413,,KAROL,sanction,,https://www.opensanctions.org/entities/gb-fcdo-rus3008,gb_fcdo_sanctions
9333682,,KIRILL LAVROV,sanction,ru,https://www.opensanctions.org/entities/gb-fcdo-rus3009,gb_fcdo_sanctions
9339313,,LADOGA,sanction,ru,https://www.opensanctions.org/entities/gb-fcdo-rus3011,gb_fcdo_sanctions
9683740,,LADY LEILA,sanction,ru,https://www.opensanctions.org/entities/gb-fcdo-rus3012,gb_fcdo_sanctions
9784893,,LADY RANIA,sanction,ru,https://www.opensanctions.org/entities/gb-fcdo-rus3013,gb_fcdo_sanctions
9683738,,LADY SEVDA,sanction,ru,https://www.opensanctions.org/entities/gb-fcdo-rus3014,gb_fcdo_sanctions
9258521,,LAUREN II,sanction,,https://www.opensanctions.org/entities/gb-fcdo-rus3015,gb_fcdo_sanctions
9259599,,LAURYN,sanction,,https://www.opensanctions.org/entities/gb-fcdo-rus3016,gb_fcdo_sanctions
9256078,,LITEYNY PROSPECT,sanction,ru,https://www.opensanctions.org/entities/gb-fcdo-rus3017,gb_fcdo_sanctions
9289477,,M SOPHIA,sanction,,https://www.opensanctions.org/entities/gb-fcdo-rus3018,gb_fcdo_sanctions
9198783,,MARIA,sanction,ru,https://www.opensanctions.org/entities/gb-fcdo-rus3019,gb_fcdo_sanctions
9590137,,MEGION,sanction,ru,https://www.opensanctions.org/entities/gb-fcdo-rus3020,gb_fcdo_sanctions
9837547,,MIKHAIL LAZAREV,sanction,ru,https://www.opensanctions.org/entities/gb-fcdo-rus3021,gb_fcdo_sanctions
9292034,,TOPAZ,sanction,km,https://www.opensanctions.org/entities/gb-fcdo-rus3022,gb_fcdo_sanctions
9372561,,TIMOFEY GUZHENKO,sanction,ru,https://www.opensanctions.org/entities/gb-fcdo-rus3023,gb_fcdo_sanctions
9292058,,TANGO,sanction,km,https://www.opensanctions.org/entities/gb-fcdo-rus3024,gb_fcdo_sanctions
9274446,,SORION,sanction,,https://www.opensanctions.org/entities/gb-fcdo-rus3025,gb_fcdo_sanctions
9211999,,SOFIA,sanction,ru,https://www.opensanctions.org/entities/gb-fcdo-rus3026,gb_fcdo_sanctions
9333670,,MIKHAIL ULYANOV,sanction,ru,https://www.opensanctions.org/entities/gb-fcdo-rus3027,gb_fcdo_sanctions
9314818,,MILEY,sanction,,https://www.opensanctions.org/entities/gb-fcdo-rus3028,gb_fcdo_sanctions
9167930,,MURMANSK,sanction,ru,https://www.opensanctions.org/entities/gb-fcdo-rus3029,gb_fcdo_sanctions
9256054,,NEVSKIY PROSPECT,sanction,ru,https://www.opensanctions.org/entities/gb-fcdo-rus3030,gb_fcdo_sanctions
9255270,,NP DIKSON,sanction,ru,https://www.opensanctions.org/entities/gb-fcdo-rus3031,gb_fcdo_sanctions
9286463,,OLANGA,sanction,ru,https://www.opensanctions.org/entities/gb-fcdo-rus3032,gb_fcdo_sanctions
9621560,,BAVLY,sanction,ru,https://www.opensanctions.org/entities/gb-fcdo-rus3048,gb_fcdo_sanctions
9621558,,KARAKUZ,sanction,ru,https://www.opensanctions.org/entities/gb-fcdo-rus3049,gb_fcdo_sanctions
9347308,,AURA MARIS,sanction,pa,https://www.opensanctions.org/entities/gb-fcdo-rus3097,gb_fcdo_sanctions
9311751,,HITIT,sanction,tr,https://www.opensanctions.org/entities/gb-fcdo-rus3098,gb_fcdo_sanctions
9321172,,SEA OWL I,sanction,km,https://www.opensanctions.org/entities/gb-fcdo-rus3099,gb_fcdo_sanctions
9435337,,AKHTY,sanction,ru,https://www.opensanctions.org/entities/gb-fcdo-rus3100,gb_fcdo_sanctions
9292838,,LISTIGA,sanction,,https://www.opensanctions.org/entities/gb-fcdo-rus3101,gb_fcdo_sanctions
9655456,,CLEAN VISION,sanction,,https://www.opensanctions.org/entities/gb-fcdo-rus3103,gb_fcdo_sanctions
9131357,,ORION,sanction,cm,https://www.opensanctions.org/entities/gb-fcdo-rus3104,gb_fcdo_sanctions
9293997,,KHALASI,sanction,ga,https://www.opensanctions.org/entities/gb-fcdo-rus3105,gb_fcdo_sanctions
9255684,,FIORA,sanction,,https://www.opensanctions.org/entities/gb-fcdo-rus3106,gb_fcdo_sanctions
9389071,,TANGO 2,sanction,pa,https://www.opensanctions.org/entities/gb-fcdo-rus3107,gb_fcdo_sanctions
9377779,,MONARCH I,sanction,pa,https://www.opensanctions.org/entities/gb-fcdo-rus3108,gb_fcdo_sanctions
9953509,,BURAN,sanction,,https://www.opensanctions.org/entities/gb-fcdo-rus3109,gb_fcdo_sanctions
9281009,,JI HANG,sanction,pa,https://www.opensanctions.org/entities/gb-fcdo-rus3110,gb_fcdo_sanctions
9265873,,KAMELOT,sanction,sl,https://www.opensanctions.org/entities/gb-fcdo-rus3111,gb_fcdo_sanctions
9323364,,SINAR G,sanction,pa,https://www.opensanctions.org/entities/gb-fcdo-rus3112,gb_fcdo_sanctions
9233777,,OCEAN II,sanction,ag,https://www.opensanctions.org/entities/gb-fcdo-rus3113,gb_fcdo_sanctions
9313498,,JACKLYN,sanction,,https://www.opensanctions.org/entities/gb-fcdo-rus3114,gb_fcdo_sanctions
9113276,,MT KONSTANTINOVSK,sanction,ru,https://www.opensanctions.org/entities/gb-fcdo-rus3115,gb_fcdo_sanctions
9953535,,ZARYA,sanction,,https://www.opensanctions.org/entities/gb-fcdo-rus3116,gb_fcdo_sanctions
9308857,,RYMO,sanction,sl,https://www.opensanctions.org/entities/gb-fcdo-rus3117,gb_fcdo_sanctions
9953511,,VOSKHOD,sanction,ru,https://www.opensanctions.org/entities/gb-fcdo-rus3118,gb_fcdo_sanctions
9185528,,GELOR,sanction,pa,https://www.opensanctions.org/entities/gb-fcdo-rus3119,gb_fcdo_sanctions
9261401,,QUARTZ,sanction,pw,https://www.opensanctions.org/entities/gb-fcdo-rus3120,gb_fcdo_sanctions
9299135,,MANDALA,sanction,lr,https://www.opensanctions.org/entities/gb-fcdo-rus3121,gb_fcdo_sanctions
9389095,,MINION,sanction,pa,https://www.opensanctions.org/entities/gb-fcdo-rus3123,gb_fcdo_sanctions
9236016,,VISION,sanction,ag,https://www.opensanctions.org/entities/gb-fcdo-rus3124,gb_fcdo_sanctions
9224441,,FIRN,sanction,pa,https://www.opensanctions.org/entities/gb-fcdo-rus3125,gb_fcdo_sanctions
9236743,,PRIMORYE,sanction,ru,https://www.opensanctions.org/entities/gb-fcdo-rus3126,gb_fcdo_sanctions
9266865,,BIVOLA,sanction,sl,https://www.opensanctions.org/entities/gb-fcdo-rus3127,gb_fcdo_sanctions
9436020,,CENTURION I,sanction,,https://www.opensanctions.org/entities/gb-fcdo-rus3128,gb_fcdo_sanctions
9314820,,OSCAR I,sanction,,https://www.opensanctions.org/entities/gb-fcdo-rus3129,gb_fcdo_sanctions
9377042,,ARMADA EXPLORER,sanction,,https://www.opensanctions.org/entities/gb-fcdo-rus3130,gb_fcdo_sanctions
9247376,,MARIEL,sanction,,https://www.opensanctions.org/entities/gb-fcdo-rus3131,gb_fcdo_sanctions
9384992,,MARS 6,sanction,pa,https://www.opensanctions.org/entities/gb-fcdo-rus3132,gb_fcdo_sanctions
9389100,,SMYRTOS,sanction,,https://www.opensanctions.org/entities/gb-fcdo-rus3133,gb_fcdo_sanctions
9207027,,VERNAL,sanction,,https://www.opensanctions.org/entities/gb-fcdo-rus3134,gb_fcdo_sanctions
9637507,,CLEAN PLANET,sanction,mh,https://www.opensanctions.org/entities/gb-fcdo-rus3135,gb_fcdo_sanctions
9389083,,TIGER 6,sanction,pa,https://www.opensanctions.org/entities/gb-fcdo-rus3136,gb_fcdo_sanctions
9260275,,KATRAN,sanction,,https://www.opensanctions.org/entities/gb-fcdo-rus3137,gb_fcdo_sanctions
9286281,,SAMADHA,sanction,sl,https://www.opensanctions.org/entities/gb-fcdo-rus3138,gb_fcdo_sanctions
9737187,,CHRISTOPHE DE MARGERIE,sanction,,https://www.opensanctions.org/entities/gb-fcdo-rus3139,gb_fcdo_sanctions
9323340,,TRANQUIL SEA,sanction,hn,https://www.opensanctions.org/entities/gb-fcdo-rus3140,gb_fcdo_sanctions
9384069,,LION 1,sanction,pa,https://www.opensanctions.org/entities/gb-fcdo-rus3141,gb_fcdo_sanctions
9308950,,SEASONS I,sanction,pa,https://www.opensanctions.org/entities/gb-fcdo-rus3142,gb_fcdo_sanctions
9311610,,TORX,sanction,pa,https://www.opensanctions.org/entities/gb-fcdo-rus3143,gb_fcdo_sanctions
9385831,,LERUO,sanction,,https://www.opensanctions.org/entities/gb-fcdo-rus3144,gb_fcdo_sanctions
9315745,,MARQUISE,sanction,bb,https://www.opensanctions.org/entities/gb-fcdo-rus3145,gb_fcdo_sanctions
9315654,,SEA HONOR,sanction,,https://www.opensanctions.org/entities/gb-fcdo-rus3146,gb_fcdo_sanctions
9637492,,CLEAN OCEAN,sanction,mh,https://www.opensanctions.org/entities/gb-fcdo-rus3147,gb_fcdo_sanctions
9382073,,EVERDINE,sanction,,https://www.opensanctions.org/entities/gb-fcdo-rus3334,gb_fcdo_sanctions
9400980,,EVALI,sanction,,https://www.opensanctions.org/entities/gb-fcdo-rus3335,gb_fcdo_sanctions
9387279,,ETHERA,sanction,,https://www.opensanctions.org/entities/gb-fcdo-rus3336,gb_fcdo_sanctions
9308170,,ESTELLA,sanction,,https://www.opensanctions.org/entities/gb-fcdo-rus3337,gb_fcdo_sanctions
9382712,,DENVER,sanction,,https://www.opensanctions.org/entities/gb-fcdo-rus3338,gb_fcdo_sanctions
9294123,,CHONGCHON,sanction,,https://www.opensanctions.org/entities/gb-fcdo-rus3339,gb_fcdo_sanctions
9252400,,CELINE,sanction,,https://www.opensanctions.org/entities/gb-fcdo-rus3340,gb_fcdo_sanctions
9224439,,CAROLINE BEZENGI,sanction,cm,https://www.opensanctions.org/entities/gb-fcdo-rus3341,gb_fcdo_sanctions
9252955,,BRIONT,sanction,,https://www.opensanctions.org/entities/gb-fcdo-rus3342,gb_fcdo_sanctions
9247778,,BREEZ,sanction,,https://www.opensanctions.org/entities/gb-fcdo-rus3343,gb_fcdo_sanctions
9439539,,BOLU,sanction,kh,https://www.opensanctions.org/entities/gb-fcdo-rus3344,gb_fcdo_sanctions
9272931,,GARUDA,sanction,sl,https://www.opensanctions.org/entities/gb-fcdo-rus3349,gb_fcdo_sanctions
9503304,,GENERAL SKOBELEV,sanction,ru,https://www.opensanctions.org/entities/gb-fcdo-rus3350,gb_fcdo_sanctions
9332028,,GRIF,sanction,,https://www.opensanctions.org/entities/gb-fcdo-rus3351,gb_fcdo_sanctions
9299707,,GUANYIN,sanction,,https://www.opensanctions.org/entities/gb-fcdo-rus3380,gb_fcdo_sanctions
9247429,,INDRI,sanction,sl,https://www.opensanctions.org/entities/gb-fcdo-rus3381,gb_fcdo_sanctions
9323326,,KATY,sanction,,https://www.opensanctions.org/entities/gb-fcdo-rus3382,gb_fcdo_sanctions
9330599,,LUMIN,sanction,cm,https://www.opensanctions.org/entities/gb-fcdo-rus3383,gb_fcdo_sanctions
9236248,,FENGHUANG,sanction,,https://www.opensanctions.org/entities/gb-fcdo-rus3384,gb_fcdo_sanctions
9388027,,MANASLU,sanction,,https://www.opensanctions.org/entities/gb-fcdo-rus3385,gb_fcdo_sanctions
9321562,,MAVERICK,sanction,,https://www.opensanctions.org/entities/gb-fcdo-rus3386,gb_fcdo_sanctions
9336490,,MYRA,sanction,,https://www.opensanctions.org/entities/gb-fcdo-rus3387,gb_fcdo_sanctions
9439541,,NEMRUT,sanction,,https://www.opensanctions.org/entities/gb-fcdo-rus3388,gb_fcdo_sanctions
9412452,,NILANGA,sanction,sl,https://www.opensanctions.org/entities/gb-fcdo-rus3389,gb_fcdo_sanctions
9336517,,URIEL,sanction,sl,https://www.opensanctions.org/entities/gb-fcdo-rus3391,gb_fcdo_sanctions
9290373,,VELORA,sanction,sl,https://www.opensanctions.org/entities/gb-fcdo-rus3392,gb_fcdo_sanctions
9037123,,AS CALCUTTA,sanction,pa,https://www.opensanctions.org/entities/gb-fcdo-rus3394,gb_fcdo_sanctions
9237412,,HANSON,sanction,,https://www.opensanctions.org/entities/gb-fcdo-rus3395,gb_fcdo_sanctions
9306809,,INNOVATOR,sanction,cn,https://www.opensanctions.org/entities/gb-fcdo-rus3396,gb_fcdo_sanctions
9419450,,JEWEL,sanction,pa,https://www.opensanctions.org/entities/gb-fcdo-rus3402,gb_fcdo_sanctions
9430272,,JIN HUI,sanction,pa,https://www.opensanctions.org/entities/gb-fcdo-rus3403,gb_fcdo_sanctions
9308077,,TYCHE 1,sanction,pa,https://www.opensanctions.org/entities/gb-fcdo-rus3404,gb_fcdo_sanctions
9323314,,ADITYA,sanction,cm,https://www.opensanctions.org/entities/gb-fcdo-rus3424,gb_fcdo_sanctions
9292199,,ALTURA,sanction,sl,https://www.opensanctions.org/entities/gb-fcdo-rus3425,gb_fcdo_sanctions
9433016,,APATE,sanction,,https://www.opensanctions.org/entities/gb-fcdo-rus3426,gb_fcdo_sanctions
9472634,,AURA 1,sanction,pa,https://www.opensanctions.org/entities/gb-fcdo-rus3436,gb_fcdo_sanctions
9251810,,BLUEBELL,sanction,mz,https://www.opensanctions.org/entities/gb-fcdo-rus3437,gb_fcdo_sanctions
9292046,,NOVA CREST,sanction,bb,https://www.opensanctions.org/entities/gb-fcdo-rus3460,gb_fcdo_sanctions
9321718,,ORVI,sanction,,https://www.opensanctions.org/entities/gb-fcdo-rus3463,gb_fcdo_sanctions
9299678,,PRISMA,sanction,sl,https://www.opensanctions.org/entities/gb-fcdo-rus3465,gb_fcdo_sanctions
9296597,,PROMETEI,sanction,sl,https://www.opensanctions.org/entities/gb-fcdo-rus3468,gb_fcdo_sanctions
9408190,,SAMOS,sanction,bb,https://www.opensanctions.org/entities/gb-fcdo-rus3469,gb_fcdo_sanctions
9307205,,LNG SOARS,sanction,,https://www.opensanctions.org/entities/gb-fcdo-rus3470,gb_fcdo_sanctions
9247194,,KUNPENG,sanction,pa,https://www.opensanctions.org/entities/gb-fcdo-rus3474,gb_fcdo_sanctions
9383869,,SARASWATI,sanction,cm,https://www.opensanctions.org/entities/gb-fcdo-rus3477,gb_fcdo_sanctions
9256028,,SEGINUS,sanction,cm,https://www.opensanctions.org/entities/gb-fcdo-rus3478,gb_fcdo_sanctions
9230971,,SKADI,sanction,,https://www.opensanctions.org/entities/gb-fcdo-rus3479,gb_fcdo_sanctions
9621596,,STANISLAV GOVORUKHIN,sanction,ru,https://www.opensanctions.org/entities/gb-fcdo-rus3480,gb_fcdo_sanctions
9282481,,TAGOR,sanction,,https://www.opensanctions.org/entities/gb-fcdo-rus3482,gb_fcdo_sanctions
9408695,,TASSOS,sanction,,https://www.opensanctions.org/entities/gb-fcdo-rus3483,gb_fcdo_sanctions
9296377,,"IMO 9296377 (""MARJORIE"")",sanction,,https://www.opensanctions.org/entities/gb-fcdo-rus3661,gb_fcdo_sanctions
9305556,,"IMO 9305556 (""MARVEN"")",sanction,cm,https://www.opensanctions.org/entities/gb-fcdo-rus3662,gb_fcdo_sanctions
9390587,,"IMO 9390587 (""ONEIROI"")",sanction,,https://www.opensanctions.org/entities/gb-fcdo-rus3663,gb_fcdo_sanctions
9333785,,"IMO 9333785 (""SEADAR"")",sanction,bb,https://www.opensanctions.org/entities/gb-fcdo-rus3664,gb_fcdo_sanctions
9291262,,"IMO 9291262 (""SILVAR"")",sanction,cm,https://www.opensanctions.org/entities/gb-fcdo-rus3665,gb_fcdo_sanctions
9290397,,"IMO 9290397 (""STORMBRINGER"")",sanction,,https://www.opensanctions.org/entities/gb-fcdo-rus3666,gb_fcdo_sanctions
9417464,,"IMO 9417464 (""TANI"")",sanction,,https://www.opensanctions.org/entities/gb-fcdo-rus3667,gb_fcdo_sanctions
9298492,,"IMO 9298492 (""TOA PAYOH"")",sanction,,https://www.opensanctions.org/entities/gb-fcdo-rus3668,gb_fcdo_sanctions
9290385,,"IMO 9290385 (""ELBUS"")",sanction,,https://www.opensanctions.org/entities/gb-fcdo-rus3669,gb_fcdo_sanctions
9270555,,"IMO 9270555 (""INTEGRITY RACER"")",sanction,,https://www.opensanctions.org/entities/gb-fcdo-rus3670,gb_fcdo_sanctions
9380570,,"IMO 9380570 (""KURDOS III"")",sanction,,https://www.opensanctions.org/entities/gb-fcdo-rus3671,gb_fcdo_sanctions
9249128,,"IMO 9249128 (""SAKHALIN"")",sanction,ru,https://www.opensanctions.org/entities/gb-fcdo-rus3672,gb_fcdo_sanctions
9408542,,"IMO 9408542 (""LING HONG"")",sanction,pa,https://www.opensanctions.org/entities/gb-fcdo-rus3673,gb_fcdo_sanctions
9294264,,"IMO 9294264 (""ORION"")",sanction,ru,https://www.opensanctions.org/entities/gb-fcdo-rus3674,gb_fcdo_sanctions
9326689,,"IMO 9326689 (""MERKURIY"")",sanction,ru,https://www.opensanctions.org/entities/gb-fcdo-rus3675,gb_fcdo_sanctions
9300817,,"IMO 9300817 (""KOSMOS"")",sanction,ru,https://www.opensanctions.org/entities/gb-fcdo-rus3676,gb_fcdo_sanctions
9317315,,"IMO 9317315 (""LUCH"")",sanction,ru,https://www.opensanctions.org/entities/gb-fcdo-rus3677,gb_fcdo_sanctions
9328170,,"IMO 9328170 (""AETHER"")",sanction,,https://www.opensanctions.org/entities/gb-fcdo-rus3678,gb_fcdo_sanctions
9337418,,"IMO 9337418 (""ATMOS"")",sanction,,https://www.opensanctions.org/entities/gb-fcdo-rus3679,gb_fcdo_sanctions
9439383,,"IMO 9439383 (""BHILVA"")",sanction,,https://www.opensanctions.org/entities/gb-fcdo-rus3680,gb_fcdo_sanctions
9297541,,"IMO 9297541 (""DOVE"")",sanction,pa,https://www.opensanctions.org/entities/gb-fcdo-rus3681,gb_fcdo_sanctions
9198082,,"IMO 9198082 (""GLOBAL STAR"")",sanction,,https://www.opensanctions.org/entities/gb-fcdo-rus3682,gb_fcdo_sanctions
9408554,,"IMO 9408554 (""HE BO"")",sanction,vc,https://www.opensanctions.org/entities/gb-fcdo-rus3683,gb_fcdo_sanctions
9413004,,"IMO 9413004 (""HORAE"")",sanction,,https://www.opensanctions.org/entities/gb-fcdo-rus3684,gb_fcdo_sanctions
9282041,,"IMO 9282041 (""KAVIZ"")",sanction,,https://www.opensanctions.org/entities/gb-fcdo-rus3685,gb_fcdo_sanctions
9274082,,"IMO 9274082 (""TM HAI HA 568"")",sanction,vn,https://www.opensanctions.org/entities/gb-fcdo-rus3686,gb_fcdo_sanctions
9379301,,"IMO 9379301 (""VERSA"")",sanction,,https://www.opensanctions.org/entities/gb-fcdo-rus3687,gb_fcdo_sanctions
9333591,,"IMO 9333591 (""ARCTIC EXPRESS"")",sanction,ru,https://www.opensanctions.org/entities/gb-fcdo-rus3702,gb_fcdo_sanctions
9326811,,"IMO 9326811 (""PERSEAS"")",sanction,sm,https://www.opensanctions.org/entities/gb-fcdo-rus3715,gb_fcdo_sanctions
9470131,,"IMO 9470131 (""TORVIAN"")",sanction,bb,https://www.opensanctions.org/entities/gb-fcdo-rus3716,gb_fcdo_sanctions
9402263,,"IMO 9402263 (""ASTERAS"")",sanction,pw,https://www.opensanctions.org/entities/gb-fcdo-rus3717,gb_fcdo_sanctions
9378864,,"IMO 9378864 (""VISUND"")",sanction,pw,https://www.opensanctions.org/entities/gb-fcdo-rus3718,gb_fcdo_sanctions
9346885,,"IMO 9346885 (""ZENTURO"")",sanction,bb,https://www.opensanctions.org/entities/gb-fcdo-rus3719,gb_fcdo_sanctions
1031537,677099900,LADY JASMINE,mare.shadow;poi,tz,https://www.opensanctions.org/entities/imo-vsl-1031537,ua_war_sanctions
1064493,677087400,OCEAN FORTUNE 18,mare.shadow;poi,tz,https://www.opensanctions.org/entities/imo-vsl-1064493,ua_war_sanctions
6603177,273438290,MEE,mare.shadow;poi,ru,https://www.opensanctions.org/entities/imo-vsl-6603177,ua_war_sanctions
7808401,271000936,BEBEK-E,mare.shadow;poi,tr,https://www.opensanctions.org/entities/imo-vsl-7808401,ua_war_sanctions
8230663,273436920,VOLGONEFT-111,mare.shadow;poi,ru,https://www.opensanctions.org/entities/imo-vsl-8230663,ua_war_sanctions
8231057,273349500,VOLGONEFT-251,mare.shadow;poi,ru,https://www.opensanctions.org/entities/imo-vsl-8231057,ua_war_sanctions
8700096,273336730,PARTIZANSK,mare.shadow;poi,ru,https://www.opensanctions.org/entities/imo-vsl-8700096,ua_war_sanctions
8724779,273331620,VANINO,mare.shadow;poi,ru,https://www.opensanctions.org/entities/imo-vsl-8724779,ua_war_sanctions
8724793,273353940,KORSAKOV,mare.shadow;poi,ru,https://www.opensanctions.org/entities/imo-vsl-8724793,ua_war_sanctions
8727915,273311170,VOLGONEFT-105,mare.shadow;poi,ru,https://www.opensanctions.org/entities/imo-vsl-8727915,ua_war_sanctions
8727941,273344600,KAPITAN PSHENITSIN,mare.shadow;poi,ru,https://www.opensanctions.org/entities/imo-vsl-8727941,ua_war_sanctions
8802806,273355740,ZALIV ANIVA,mare.shadow;poi,ru,https://www.opensanctions.org/entities/imo-vsl-8802806,ua_war_sanctions
8808525,,BRONCO,mare.shadow;poi,,https://www.opensanctions.org/entities/imo-vsl-8808525,ua_war_sanctions
8821761,273350170,NIMBUS SPB,mare.shadow;poi,ru,https://www.opensanctions.org/entities/imo-vsl-8821761,ua_war_sanctions
8867129,273341100,VOLGONEFT-160,mare.shadow;poi,ru,https://www.opensanctions.org/entities/imo-vsl-8867129,ua_war_sanctions
8881369,273451910,OLEG PERVAK,mare.shadow;poi,ru,https://www.opensanctions.org/entities/imo-vsl-8881369,ua_war_sanctions
8892007,273270200,IGOR ORLOV,mare.shadow;poi,ru,https://www.opensanctions.org/entities/imo-vsl-8892007,ua_war_sanctions
8894536,273554300,AGINSKOYE,mare.shadow;poi,ru,https://www.opensanctions.org/entities/imo-vsl-8894536,ua_war_sanctions
8925414,273310170,VOLGONEFT-217,mare.shadow;poi,ru,https://www.opensanctions.org/entities/imo-vsl-8925414,ua_war_sanctions
8925426,273437920,VOLGONEFT-117,mare.shadow;poi,ru,https://www.opensanctions.org/entities/imo-vsl-8925426,ua_war_sanctions
8984848,271010693,BILAL BEY,mare.shadow;poi,tr,https://www.opensanctions.org/entities/imo-vsl-8984848,ua_war_sanctions
9005338,,AVENGER BOW,mare.shadow;poi,,https://www.opensanctions.org/entities/imo-vsl-9005338,ua_war_sanctions
9012886,,FOGAS,mare.shadow;poi,,https://www.opensanctions.org/entities/imo-vsl-9012886,ua_war_sanctions
9035541,273351980,MILLEROVO,mare.shadow;poi,ru,https://www.opensanctions.org/entities/imo-vsl-9035541,ua_war_sanctions
9036272,273386120,KORD ARCTIC,mare.shadow;poi,ru,https://www.opensanctions.org/entities/imo-vsl-9036272,ua_war_sanctions
9037123,613471041,SC CUTTA,mare.shadow;poi,cm,https://www.opensanctions.org/entities/imo-vsl-9037123,ua_war_sanctions
9041655,,ZIRAN,mare.shadow;poi,,https://www.opensanctions.org/entities/imo-vsl-9041655,ua_war_sanctions
9056571,273378220,IMMANUEL,mare.shadow;poi,ru,https://www.opensanctions.org/entities/imo-vsl-9056571,ua_war_sanctions
9070072,,CAMELIA,mare.shadow;poi,,https://www.opensanctions.org/entities/imo-vsl-9070072,ua_war_sanctions
9087714,273610060,OSTROV RUSSKIY,mare.shadow;poi,ru,https://www.opensanctions.org/entities/imo-vsl-9087714,ua_war_sanctions
9102277,,ITAUGUA,mare.shadow;poi,,https://www.opensanctions.org/entities/imo-vsl-9102277,ua_war_sanctions
9105114,613709612,NOBEL,mare.shadow;poi,cm,https://www.opensanctions.org/entities/imo-vsl-9105114,ua_war_sanctions
9105140,273432830,TAIMYR,mare.shadow;poi,ru,https://www.opensanctions.org/entities/imo-vsl-9105140,ua_war_sanctions
9113094,,SIMBA V,mare.shadow;poi,,https://www.opensanctions.org/entities/imo-vsl-9113094,ua_war_sanctions
9113276,273454260,MT KONSTANTINOVSK,mare.shadow;poi,ru,https://www.opensanctions.org/entities/imo-vsl-9113276,ua_war_sanctions
9127667,,TONDA SOURCE,mare.shadow;poi,,https://www.opensanctions.org/entities/imo-vsl-9127667,ua_war_sanctions
9131357,613003807,ORION,mare.shadow;poi,cm,https://www.opensanctions.org/entities/imo-vsl-9131357,ua_war_sanctions
9137648,667002403,CARUZO,mare.shadow;poi,sl,https://www.opensanctions.org/entities/imo-vsl-9137648,ua_war_sanctions
9142916,273378580,OKEAN,mare.shadow;poi,ru,https://www.opensanctions.org/entities/imo-vsl-9142916,ua_war_sanctions
9144782,,BODHI,mare.shadow;poi,cm,https://www.opensanctions.org/entities/imo-vsl-9144782,ua_war_sanctions
9147447,613938500,TAVIAN,mare.shadow;poi,cm,https://www.opensanctions.org/entities/imo-vsl-9147447,ua_war_sanctions
9151890,273426280,ODIN,mare.shadow;poi,ru,https://www.opensanctions.org/entities/imo-vsl-9151890,ua_war_sanctions
9153525,,SOKOLO,mare.shadow;poi,ru,https://www.opensanctions.org/entities/imo-vsl-9153525,ua_war_sanctions
9154000,,THEMIR,mare.shadow;poi,,https://www.opensanctions.org/entities/imo-vsl-9154000,ua_war_sanctions
9156981,273217520,G.ROSSINI,mare.shadow;poi,ru,https://www.opensanctions.org/entities/imo-vsl-9156981,ua_war_sanctions
9156993,273216520,G. PUCCINI,mare.shadow;poi,ru,https://www.opensanctions.org/entities/imo-vsl-9156993,ua_war_sanctions
9157002,273270820,ERIDAN,mare.shadow;poi,ru,https://www.opensanctions.org/entities/imo-vsl-9157002,ua_war_sanctions
9157014,273291710,SOLSTRAUM,mare.shadow;poi,ru,https://www.opensanctions.org/entities/imo-vsl-9157014,ua_war_sanctions
9161871,352003191,VICTORY LIGHT,mare.shadow;poi,pa,https://www.opensanctions.org/entities/imo-vsl-9161871,ua_war_sanctions
9163269,,NEREIDA,mare.shadow;poi,,https://www.opensanctions.org/entities/imo-vsl-9163269,ua_war_sanctions
9163752,273611640,ARAM KHACHATURIAN,mare.shadow;poi,ru,https://www.opensanctions.org/entities/imo-vsl-9163752,ua_war_sanctions
9163764,273210470,ARNO BABAJANYAN,mare.shadow;poi,ru,https://www.opensanctions.org/entities/imo-vsl-9163764,ua_war_sanctions
9163776,273365690,PEGAS,mare.shadow;poi,ru,https://www.opensanctions.org/entities/imo-vsl-9163776,ua_war_sanctions
9164512,273415140,AVIOR,mare.shadow;poi,ru,https://www.opensanctions.org/entities/imo-vsl-9164512,ua_war_sanctions
9164718,273253080,THOTH,mare.shadow;poi,ru,https://www.opensanctions.org/entities/imo-vsl-9164718,ua_war_sanctions
9166314,273453790,ASTORIA,mare.shadow;poi,ru,https://www.opensanctions.org/entities/imo-vsl-9166314,ua_war_sanctions
9166675,334017000,FT ISLAND,mare.shadow;poi,hn,https://www.opensanctions.org/entities/imo-vsl-9166675,ua_war_sanctions
9168946,613833000,ZEVS,mare.shadow;poi,cm,https://www.opensanctions.org/entities/imo-vsl-9168946,ua_war_sanctions
9169421,422169700,MASAL,mare.shadow;poi,ir,https://www.opensanctions.org/entities/imo-vsl-9169421,ua_war_sanctions
9171175,273436640,CILICIA,mare.shadow;poi,ru,https://www.opensanctions.org/entities/imo-vsl-9171175,ua_war_sanctions
9171345,,PIONЕ,mare.shadow;poi,kn,https://www.opensanctions.org/entities/imo-vsl-9171345,ua_war_sanctions
9171357,,MAYA,mare.shadow;poi,,https://www.opensanctions.org/entities/imo-vsl-9171357,ua_war_sanctions
9171448,,IMPALAS,mare.shadow;poi,,https://www.opensanctions.org/entities/imo-vsl-9171448,ua_war_sanctions
9171498,,CHILTERN,mare.shadow;poi,,https://www.opensanctions.org/entities/imo-vsl-9171498,ua_war_sanctions
9174220,,PUYANG,mare.shadow;poi,,https://www.opensanctions.org/entities/imo-vsl-9174220,ua_war_sanctions
9174397,,ARES,mare.shadow;poi,,https://www.opensanctions.org/entities/imo-vsl-9174397,ua_war_sanctions
9175078,613004200,ZAMBRA,mare.shadow;poi,cm,https://www.opensanctions.org/entities/imo-vsl-9175078,ua_war_sanctions
9178068,,KATSUYA,mare.shadow;poi,,https://www.opensanctions.org/entities/imo-vsl-9178068,ua_war_sanctions
9181194,,ASTERIX,mare.shadow;poi,,https://www.opensanctions.org/entities/imo-vsl-9181194,ua_war_sanctions
9182291,,LUMEN,mare.shadow;poi,,https://www.opensanctions.org/entities/imo-vsl-9182291,ua_war_sanctions
9183271,,ION,mare.shadow;poi,kn,https://www.opensanctions.org/entities/imo-vsl-9183271,ua_war_sanctions
9183295,667002409,NEON,mare.shadow;poi,sl,https://www.opensanctions.org/entities/imo-vsl-9183295,ua_war_sanctions
9183843,629009576,YORIK,mare.shadow;poi,gm,https://www.opensanctions.org/entities/imo-vsl-9183843,ua_war_sanctions
9185528,613081409,GELOR,mare.shadow;poi,cm,https://www.opensanctions.org/entities/imo-vsl-9185528,ua_war_sanctions
9185530,,SANAR,mare.shadow;poi,,https://www.opensanctions.org/entities/imo-vsl-9185530,ua_war_sanctions
9186625,,STAR MM,mare.shadow;poi,,https://www.opensanctions.org/entities/imo-vsl-9186625,ua_war_sanctions
9187227,631010101,MERU,mare.shadow;poi,gq,https://www.opensanctions.org/entities/imo-vsl-9187227,ua_war_sanctions
9189146,,KYLO,mare.shadow;poi,,https://www.opensanctions.org/entities/imo-vsl-9189146,ua_war_sanctions
9190078,,GLOBAL ACE,mare.shadow;poi,,https://www.opensanctions.org/entities/imo-vsl-9190078,ua_war_sanctions
9191553,,YATEEKA,mare.shadow;poi,,https://www.opensanctions.org/entities/imo-vsl-9191553,ua_war_sanctions
9194983,613471908,DELIVER,mare.shadow;poi,cm,https://www.opensanctions.org/entities/imo-vsl-9194983,ua_war_sanctions
9194995,630001207,SKAGE,mare.shadow;poi,gw,https://www.opensanctions.org/entities/imo-vsl-9194995,ua_war_sanctions
9196644,629009392,ELVA,mare.shadow;poi,gm,https://www.opensanctions.org/entities/imo-vsl-9196644,ua_war_sanctions
9197844,,HORNET,mare.shadow;poi,,https://www.opensanctions.org/entities/imo-vsl-9197844,ua_war_sanctions
9198082,,GLOBAL STAR,mare.shadow;poi,,https://www.opensanctions.org/entities/imo-vsl-9198082,ua_war_sanctions
9198094,,BATUMI,mare.shadow;poi,,https://www.opensanctions.org/entities/imo-vsl-9198094,ua_war_sanctions
9198290,,MD MIRANDA,mare.shadow;poi,,https://www.opensanctions.org/entities/imo-vsl-9198290,ua_war_sanctions
9198317,,PHONIX,mare.shadow;poi,,https://www.opensanctions.org/entities/imo-vsl-9198317,ua_war_sanctions
9198783,273610900,MARIA,mare.shadow;poi,ru,https://www.opensanctions.org/entities/imo-vsl-9198783,ua_war_sanctions
9199127,,KOEN,mare.shadow;poi,,https://www.opensanctions.org/entities/imo-vsl-9199127,ua_war_sanctions
9200861,,TRUGEN,mare.shadow;poi,,https://www.opensanctions.org/entities/imo-vsl-9200861,ua_war_sanctions
9203265,,VORAS,mare.shadow;poi,,https://www.opensanctions.org/entities/imo-vsl-9203265,ua_war_sanctions
9203277,,LEXI,mare.shadow;poi,,https://www.opensanctions.org/entities/imo-vsl-9203277,ua_war_sanctions
9204764,,SEATURBO,mare.shadow;poi,,https://www.opensanctions.org/entities/imo-vsl-9204764,ua_war_sanctions
9205067,613429702,VIKRAM,mare.shadow;poi,cm,https://www.opensanctions.org/entities/imo-vsl-9205067,ua_war_sanctions
9206671,631010124,BRISK,mare.shadow;poi,gq,https://www.opensanctions.org/entities/imo-vsl-9206671,ua_war_sanctions
9207027,667002362,VERNAL,mare.shadow;poi,sl,https://www.opensanctions.org/entities/imo-vsl-9207027,ua_war_sanctions
9208069,613471902,STELLAR BEVERLY,mare.shadow;poi,cm,https://www.opensanctions.org/entities/imo-vsl-9208069,ua_war_sanctions
9208124,613712400,SKY RIDER,mare.shadow;poi,cm,https://www.opensanctions.org/entities/imo-vsl-9208124,ua_war_sanctions
9208215,,HONG LU,mare.shadow;poi,,https://www.opensanctions.org/entities/imo-vsl-9208215,ua_war_sanctions
9209972,613579000,TEMIRO,mare.shadow;poi,cm,https://www.opensanctions.org/entities/imo-vsl-9209972,ua_war_sanctions
9211896,,ZAL PARS 3,mare.shadow;poi,ir,https://www.opensanctions.org/entities/imo-vsl-9211896,ua_war_sanctions
9211999,273615700,SOFIA,mare.shadow;poi,ru,https://www.opensanctions.org/entities/imo-vsl-9211999,ua_war_sanctions
9212008,273619700,VICTORIA,mare.shadow;poi,ru,https://www.opensanctions.org/entities/imo-vsl-9212008,ua_war_sanctions
9212400,,ELPIS,mare.shadow;poi,,https://www.opensanctions.org/entities/imo-vsl-9212400,ua_war_sanctions
9213296,511101917,TELESTO,mare.shadow;poi,pw,https://www.opensanctions.org/entities/imo-vsl-9213296,ua_war_sanctions
9213313,,ALBEDO,mare.shadow;poi,,https://www.opensanctions.org/entities/imo-vsl-9213313,ua_war_sanctions
9218181,,ATLANTIS MZ,mare.shadow;poi,,https://www.opensanctions.org/entities/imo-vsl-9218181,ua_war_sanctions
9220914,,BENTLEY,mare.shadow;poi,,https://www.opensanctions.org/entities/imo-vsl-9220914,ua_war_sanctions
9220926,311001527,BERNICE,mare.shadow;poi,bs,https://www.opensanctions.org/entities/imo-vsl-9220926,ua_war_sanctions
9220938,,MODESTE,mare.shadow;poi,,https://www.opensanctions.org/entities/imo-vsl-9220938,ua_war_sanctions
9221267,,OCEANA KAI,mare.shadow;poi,,https://www.opensanctions.org/entities/imo-vsl-9221267,ua_war_sanctions
9221671,,ELZA,mare.shadow;poi,,https://www.opensanctions.org/entities/imo-vsl-9221671,ua_war_sanctions
9222443,668116375,VOY,mare.shadow;poi,st,https://www.opensanctions.org/entities/imo-vsl-9222443,ua_war_sanctions
9222560,613139804,CELERIX,mare.shadow;poi,cm,https://www.opensanctions.org/entities/imo-vsl-9222560,ua_war_sanctions
9223540,,RAINE,mare.shadow;poi,,https://www.opensanctions.org/entities/imo-vsl-9223540,ua_war_sanctions
9224271,,NICHOLA,mare.shadow;poi,,https://www.opensanctions.org/entities/imo-vsl-9224271,ua_war_sanctions
9224283,629009466,NEER 1,mare.shadow;poi,gm,https://www.opensanctions.org/entities/imo-vsl-9224283,ua_war_sanctions
9224295,,OCTANS,mare.shadow;poi,,https://www.opensanctions.org/entities/imo-vsl-9224295,ua_war_sanctions
9224439,,CAROLINE BEZENGI,mare.shadow;poi,,https://www.opensanctions.org/entities/imo-vsl-9224439,ua_war_sanctions
9224441,613424630,GRUS I,mare.shadow;poi,cm,https://www.opensanctions.org/entities/imo-vsl-9224441,ua_war_sanctions
9224453,268263502,TRACOS,mare.shadow;poi,sm,https://www.opensanctions.org/entities/imo-vsl-9224453,ua_war_sanctions
9224465,,OLAF 1,mare.shadow;poi,,https://www.opensanctions.org/entities/imo-vsl-9224465,ua_war_sanctions
9224805,,OXIS,mare.shadow;poi,,https://www.opensanctions.org/entities/imo-vsl-9224805,ua_war_sanctions
9227443,667002314,ARLAN,mare.shadow;poi,sl,https://www.opensanctions.org/entities/imo-vsl-9227443,ua_war_sanctions
9227479,477714500,DELLA,mare.shadow;poi,hk,https://www.opensanctions.org/entities/imo-vsl-9227479,ua_war_sanctions
9228784,,NEW GATE,mare.shadow;poi,,https://www.opensanctions.org/entities/imo-vsl-9228784,ua_war_sanctions
9229374,667002337,ODUNE,mare.shadow;poi,sl,https://www.opensanctions.org/entities/imo-vsl-9229374,ua_war_sanctions
9229439,,CERES I,mare.shadow;poi,,https://www.opensanctions.org/entities/imo-vsl-9229439,ua_war_sanctions
9230880,273276460,MARINERA,mare.shadow;poi,ru,https://www.opensanctions.org/entities/imo-vsl-9230880,ua_war_sanctions
9230971,,SKADI,mare.shadow;poi,,https://www.opensanctions.org/entities/imo-vsl-9230971,ua_war_sanctions
9231212,,XANTHOS EOS,mare.shadow;poi,,https://www.opensanctions.org/entities/imo-vsl-9231212,ua_war_sanctions
9231509,613007420,CHIOS,mare.shadow;poi,cm,https://www.opensanctions.org/entities/imo-vsl-9231509,ua_war_sanctions
9231767,,ADALYNN,mare.shadow;poi,ag,https://www.opensanctions.org/entities/imo-vsl-9231767,ua_war_sanctions
9231901,,PING SHUN,mare.shadow;poi,,https://www.opensanctions.org/entities/imo-vsl-9231901,ua_war_sanctions
9232450,,AR MZ,mare.shadow;poi,,https://www.opensanctions.org/entities/imo-vsl-9232450,ua_war_sanctions
9232876,,VERNON,mare.shadow;poi,,https://www.opensanctions.org/entities/imo-vsl-9232876,ua_war_sanctions
9232888,667002025,AILANA,mare.shadow;poi,sl,https://www.opensanctions.org/entities/imo-vsl-9232888,ua_war_sanctions
9232929,631010092,MAISHA,mare.shadow;poi,gq,https://www.opensanctions.org/entities/imo-vsl-9232929,ua_war_sanctions
9232931,273128810,MONOLIT,mare.shadow;poi,ru,https://www.opensanctions.org/entities/imo-vsl-9232931,ua_war_sanctions
9233349,,VESNA,mare.shadow;poi,,https://www.opensanctions.org/entities/imo-vsl-9233349,ua_war_sanctions
9233741,,MITZEL,mare.shadow;poi,,https://www.opensanctions.org/entities/imo-vsl-9233741,ua_war_sanctions
9233765,,AULIS,mare.shadow;poi,,https://www.opensanctions.org/entities/imo-vsl-9233765,ua_war_sanctions
9233777,667001764,RAINIER GLACIER,mare.shadow;poi,sl,https://www.opensanctions.org/entities/imo-vsl-9233777,ua_war_sanctions
9234501,,STABILLIS I,mare.shadow;poi,,https://www.opensanctions.org/entities/imo-vsl-9234501,ua_war_sanctions
9234642,,KOALA,mare.shadow;poi,,https://www.opensanctions.org/entities/imo-vsl-9234642,ua_war_sanctions
9234666,,ADELINE G,mare.shadow;poi,,https://www.opensanctions.org/entities/imo-vsl-9234666,ua_war_sanctions
9234680,525007403,SILVER TIGER,mare.shadow;poi,id,https://www.opensanctions.org/entities/imo-vsl-9234680,ua_war_sanctions
9235000,613404611,COATLICUE,mare.shadow;poi,cm,https://www.opensanctions.org/entities/imo-vsl-9235000,ua_war_sanctions
9235244,,TAVARIS CASSEL,mare.shadow;poi,,https://www.opensanctions.org/entities/imo-vsl-9235244,ua_war_sanctions
9235713,,AMBER 6,mare.shadow;poi,,https://www.opensanctions.org/entities/imo-vsl-9235713,ua_war_sanctions
9235725,,FUGA BLUEMARINE,mare.shadow;poi,,https://www.opensanctions.org/entities/imo-vsl-9235725,ua_war_sanctions
9235737,,YURI,mare.shadow;poi,,https://www.opensanctions.org/entities/imo-vsl-9235737,ua_war_sanctions
9235892,304993000,IN,mare.shadow;poi,ag,https://www.opensanctions.org/entities/imo-vsl-9235892,ua_war_sanctions
9236004,,KAIROS,mare.shadow;poi,,https://www.opensanctions.org/entities/imo-vsl-9236004,ua_war_sanctions
9236016,,VISION,mare.shadow;poi,,https://www.opensanctions.org/entities/imo-vsl-9236016,ua_war_sanctions
9236248,,FENGHUANG,mare.shadow;poi,,https://www.opensanctions.org/entities/imo-vsl-9236248,ua_war_sanctions
9236353,613414602,BLUE,mare.shadow;poi,cm,https://www.opensanctions.org/entities/imo-vsl-9236353,ua_war_sanctions
9236640,273275070,AZALEA,mare.shadow;poi,ru,https://www.opensanctions.org/entities/imo-vsl-9236640,ua_war_sanctions
9236743,273210220,PRIMORYE,mare.shadow;poi,ru,https://www.opensanctions.org/entities/imo-vsl-9236743,ua_war_sanctions
9236755,,MACKEREL,mare.shadow;poi,,https://www.opensanctions.org/entities/imo-vsl-9236755,ua_war_sanctions
9236975,357263000,SREDINA,mare.shadow;poi,pa,https://www.opensanctions.org/entities/imo-vsl-9236975,ua_war_sanctions
9237008,,ROBERTA,mare.shadow;poi,,https://www.opensanctions.org/entities/imo-vsl-9237008,ua_war_sanctions
9237228,,SHANGHAI,mare.shadow;poi,,https://www.opensanctions.org/entities/imo-vsl-9237228,ua_war_sanctions
9237412,,HANSON,mare.shadow;poi,,https://www.opensanctions.org/entities/imo-vsl-9237412,ua_war_sanctions
9237632,,STAR FOREST,mare.shadow;poi,,https://www.opensanctions.org/entities/imo-vsl-9237632,ua_war_sanctions
9237797,,TIMA,mare.shadow;poi,,https://www.opensanctions.org/entities/imo-vsl-9237797,ua_war_sanctions
9238052,,FREYA,mare.shadow;poi,,https://www.opensanctions.org/entities/imo-vsl-9238052,ua_war_sanctions
9238868,477722100,MACHO QUEEN,mare.shadow;poi,hk,https://www.opensanctions.org/entities/imo-vsl-9238868,ua_war_sanctions
9240512,,CARINA,mare.shadow;poi,,https://www.opensanctions.org/entities/imo-vsl-9240512,ua_war_sanctions
9240885,,LONGEVITY 7,mare.shadow;poi,,https://www.opensanctions.org/entities/imo-vsl-9240885,ua_war_sanctions
9242118,,MARIGOLD,mare.shadow;poi,,https://www.opensanctions.org/entities/imo-vsl-9242118,ua_war_sanctions
9242120,,TIANMA,mare.shadow;poi,,https://www.opensanctions.org/entities/imo-vsl-9242120,ua_war_sanctions
9242223,,RENS,mare.shadow;poi,,https://www.opensanctions.org/entities/imo-vsl-9242223,ua_war_sanctions
9243320,314001154,YEHOPE,mare.shadow;poi,bb,https://www.opensanctions.org/entities/imo-vsl-9243320,ua_war_sanctions
9244635,,AMAK,mare.shadow;poi,,https://www.opensanctions.org/entities/imo-vsl-9244635,ua_war_sanctions
9247376,667002425,MARIEL,mare.shadow;poi,sl,https://www.opensanctions.org/entities/imo-vsl-9247376,ua_war_sanctions
9247390,352002704,TYCHE I,mare.shadow;poi,pa,https://www.opensanctions.org/entities/imo-vsl-9247390,ua_war_sanctions
9247429,667002491,INDRI,mare.shadow;poi,sl,https://www.opensanctions.org/entities/imo-vsl-9247429,ua_war_sanctions
9247431,613447808,REGAL I,mare.shadow;poi,cm,https://www.opensanctions.org/entities/imo-vsl-9247431,ua_war_sanctions
9247443,613471210,SKIRON,mare.shadow;poi,cm,https://www.opensanctions.org/entities/imo-vsl-9247443,ua_war_sanctions
9247778,,BREEZ,mare.shadow;poi,,https://www.opensanctions.org/entities/imo-vsl-9247778,ua_war_sanctions
9247780,,TAWANNA,mare.shadow;poi,,https://www.opensanctions.org/entities/imo-vsl-9247780,ua_war_sanctions
9247792,667002037,CECILA,mare.shadow;poi,sl,https://www.opensanctions.org/entities/imo-vsl-9247792,ua_war_sanctions
9247883,667002270,SAPNA,mare.shadow;poi,sl,https://www.opensanctions.org/entities/imo-vsl-9247883,ua_war_sanctions
9247986,620999909,AVA 10,mare.shadow;poi,km,https://www.opensanctions.org/entities/imo-vsl-9247986,ua_war_sanctions
9248409,538012621,ELANOS,mare.shadow;poi,mh,https://www.opensanctions.org/entities/imo-vsl-9248409,ua_war_sanctions
9248447,352002351,BIRUNI,mare.shadow;poi,pa,https://www.opensanctions.org/entities/imo-vsl-9248447,ua_war_sanctions
9248461,314783000,WAN HE,mare.shadow;poi,bb,https://www.opensanctions.org/entities/imo-vsl-9248461,ua_war_sanctions
9248485,,URANUS,mare.shadow;poi,tz,https://www.opensanctions.org/entities/imo-vsl-9248485,ua_war_sanctions
9248796,613271330,IRON WAVE,mare.shadow;poi,cm,https://www.opensanctions.org/entities/imo-vsl-9248796,ua_war_sanctions
9248801,613419802,ASCENDANT,mare.shadow;poi,cm,https://www.opensanctions.org/entities/imo-vsl-9248801,ua_war_sanctions
9248813,477957300,ARINA,mare.shadow;poi,hk,https://www.opensanctions.org/entities/imo-vsl-9248813,ua_war_sanctions
9248849,667002338,SILVERA,mare.shadow;poi,sl,https://www.opensanctions.org/entities/imo-vsl-9248849,ua_war_sanctions
9249087,,DRACO,mare.shadow;poi,,https://www.opensanctions.org/entities/imo-vsl-9249087,ua_war_sanctions
9249128,273259630,SAKHALIN,mare.shadow;poi,ru,https://www.opensanctions.org/entities/imo-vsl-9249128,ua_war_sanctions
9249130,613404910,PEACE,mare.shadow;poi,cm,https://www.opensanctions.org/entities/imo-vsl-9249130,ua_war_sanctions
9249178,525121002,NUSA MERDEKA,mare.shadow;poi,id,https://www.opensanctions.org/entities/imo-vsl-9249178,ua_war_sanctions
9249312,667001624,IZOLA,mare.shadow;poi,sl,https://www.opensanctions.org/entities/imo-vsl-9249312,ua_war_sanctions
9249324,,IZUMO,mare.shadow;poi,,https://www.opensanctions.org/entities/imo-vsl-9249324,ua_war_sanctions
9250050,273250360,PALLADA,mare.shadow;poi,ru,https://www.opensanctions.org/entities/imo-vsl-9250050,ua_war_sanctions
9250531,631010090,ROZMARINE,mare.shadow;poi,gq,https://www.opensanctions.org/entities/imo-vsl-9250531,ua_war_sanctions
9250543,613510201,INVICTA,mare.shadow;poi,cm,https://www.opensanctions.org/entities/imo-vsl-9250543,ua_war_sanctions
9250737,314001139,AVERO,mare.shadow;poi,bb,https://www.opensanctions.org/entities/imo-vsl-9250737,ua_war_sanctions
9250892,667002308,MIKATI,mare.shadow;poi,sl,https://www.opensanctions.org/entities/imo-vsl-9250892,ua_war_sanctions
9250907,,RANI,mare.shadow;poi,,https://www.opensanctions.org/entities/imo-vsl-9250907,ua_war_sanctions
9251274,352002070,CRIUS,mare.shadow;poi,pa,https://www.opensanctions.org/entities/imo-vsl-9251274,ua_war_sanctions
9251456,,BOLTARIS,mare.shadow;poi,,https://www.opensanctions.org/entities/imo-vsl-9251456,ua_war_sanctions
9251640,,SEABASS,mare.shadow;poi,,https://www.opensanctions.org/entities/imo-vsl-9251640,ua_war_sanctions
9251676,352001672,CENTAR,mare.shadow;poi,pa,https://www.opensanctions.org/entities/imo-vsl-9251676,ua_war_sanctions
9251743,,DAKAR,mare.shadow;poi,,https://www.opensanctions.org/entities/imo-vsl-9251743,ua_war_sanctions
9251810,631010084,BLUEBELL,mare.shadow;poi,gq,https://www.opensanctions.org/entities/imo-vsl-9251810,ua_war_sanctions
9251822,,RIESCO,mare.shadow;poi,,https://www.opensanctions.org/entities/imo-vsl-9251822,ua_war_sanctions
9252333,613007203,VASLATI,mare.shadow;poi,cm,https://www.opensanctions.org/entities/imo-vsl-9252333,ua_war_sanctions
9252371,314898000,FENOR,mare.shadow;poi,bb,https://www.opensanctions.org/entities/imo-vsl-9252371,ua_war_sanctions
9252400,,CELINE,mare.shadow;poi,,https://www.opensanctions.org/entities/imo-vsl-9252400,ua_war_sanctions
9252448,477134300,IVY PEARL,mare.shadow;poi,hk,https://www.opensanctions.org/entities/imo-vsl-9252448,ua_war_sanctions
9252955,,BRIONT,mare.shadow;poi,,https://www.opensanctions.org/entities/imo-vsl-9252955,ua_war_sanctions
9252967,667002372,YVIKA,mare.shadow;poi,sl,https://www.opensanctions.org/entities/imo-vsl-9252967,ua_war_sanctions
9253076,667002335,REUS,mare.shadow;poi,sl,https://www.opensanctions.org/entities/imo-vsl-9253076,ua_war_sanctions
9253234,613814700,SATNA,mare.shadow;poi,cm,https://www.opensanctions.org/entities/imo-vsl-9253234,ua_war_sanctions
9253246,314001156,CH ELIXIR,mare.shadow;poi,bb,https://www.opensanctions.org/entities/imo-vsl-9253246,ua_war_sanctions
9253313,667001281,MATARI,mare.shadow;poi,sl,https://www.opensanctions.org/entities/imo-vsl-9253313,ua_war_sanctions
9253325,,ROSALIN,mare.shadow;poi,,https://www.opensanctions.org/entities/imo-vsl-9253325,ua_war_sanctions
9253894,613271813,DESTAMAR,mare.shadow;poi,cm,https://www.opensanctions.org/entities/imo-vsl-9253894,ua_war_sanctions
9253909,,JAMES II,mare.shadow;poi,,https://www.opensanctions.org/entities/imo-vsl-9253909,ua_war_sanctions
9254850,,CAMILLA,mare.shadow;poi,,https://www.opensanctions.org/entities/imo-vsl-9254850,ua_war_sanctions
9254862,,ADENA,mare.shadow;poi,,https://www.opensanctions.org/entities/imo-vsl-9254862,ua_war_sanctions
9255244,613445620,WHITE CONDOR I,mare.shadow;poi,cm,https://www.opensanctions.org/entities/imo-vsl-9255244,ua_war_sanctions
9255268,273414670,ANDREY PERVOZVANNIY,mare.shadow;poi,ru,https://www.opensanctions.org/entities/imo-vsl-9255268,ua_war_sanctions
9255282,273254770,PIONEER,mare.shadow;poi,ru,https://www.opensanctions.org/entities/imo-vsl-9255282,ua_war_sanctions
9255488,,SEAHAKER,mare.shadow;poi,,https://www.opensanctions.org/entities/imo-vsl-9255488,ua_war_sanctions
9255660,613471602,SERENA,mare.shadow;poi,cm,https://www.opensanctions.org/entities/imo-vsl-9255660,ua_war_sanctions
9255672,667001242,LEBRE,mare.shadow;poi,sl,https://www.opensanctions.org/entities/imo-vsl-9255672,ua_war_sanctions
9255684,,GOLDEN EAGLE,mare.shadow;poi,,https://www.opensanctions.org/entities/imo-vsl-9255684,ua_war_sanctions
9255830,574322000,SEA MARINE 1,mare.shadow;poi,vn,https://www.opensanctions.org/entities/imo-vsl-9255830,ua_war_sanctions
9255842,352002560,MAGNI ALEXA,mare.shadow;poi,pa,https://www.opensanctions.org/entities/imo-vsl-9255842,ua_war_sanctions
9256028,613426604,SEGINUS,mare.shadow;poi,cm,https://www.opensanctions.org/entities/imo-vsl-9256028,ua_war_sanctions
9256054,273258030,NEVSKIY PROSPECT,mare.shadow;poi,ru,https://www.opensanctions.org/entities/imo-vsl-9256054,ua_war_sanctions
9256066,273251810,LIGOVSKY PROSPECT,mare.shadow;poi,ru,https://www.opensanctions.org/entities/imo-vsl-9256066,ua_war_sanctions
9256078,273254130,LITEYNY PROSPECT,mare.shadow;poi,ru,https://www.opensanctions.org/entities/imo-vsl-9256078,ua_war_sanctions
9256248,,DELFINA,mare.shadow;poi,,https://www.opensanctions.org/entities/imo-vsl-9256248,ua_war_sanctions
9256858,,INDA,mare.shadow;poi,,https://www.opensanctions.org/entities/imo-vsl-9256858,ua_war_sanctions
9256860,,GALLILEO,mare.shadow;poi,ru,https://www.opensanctions.org/entities/imo-vsl-9256860,ua_war_sanctions
9256913,,ELMO,mare.shadow;poi,,https://www.opensanctions.org/entities/imo-vsl-9256913,ua_war_sanctions
9256975,,CLS,mare.shadow;poi,,https://www.opensanctions.org/entities/imo-vsl-9256975,ua_war_sanctions
9256987,,STAR TWINKLE 6,mare.shadow;poi,,https://www.opensanctions.org/entities/imo-vsl-9256987,ua_war_sanctions
9257022,631010103,STARLIT,mare.shadow;poi,gq,https://www.opensanctions.org/entities/imo-vsl-9257022,ua_war_sanctions
9257137,,MIN HANG,mare.shadow;poi,,https://www.opensanctions.org/entities/imo-vsl-9257137,ua_war_sanctions
9257149,,NESO,mare.shadow;poi,,https://www.opensanctions.org/entities/imo-vsl-9257149,ua_war_sanctions
9257802,667001248,FURIA,mare.shadow;poi,sl,https://www.opensanctions.org/entities/imo-vsl-9257802,ua_war_sanctions
9257814,667002283,AKTROS,mare.shadow;poi,sl,https://www.opensanctions.org/entities/imo-vsl-9257814,ua_war_sanctions
9257993,,AMELL,mare.shadow;poi,,https://www.opensanctions.org/entities/imo-vsl-9257993,ua_war_sanctions
9258002,273259910,KAZAN,mare.shadow;poi,ru,https://www.opensanctions.org/entities/imo-vsl-9258002,ua_war_sanctions
9258026,613914210,EDERRA,mare.shadow;poi,cm,https://www.opensanctions.org/entities/imo-vsl-9258026,ua_war_sanctions
9258167,613612000,AKAR WEST,mare.shadow;poi,cm,https://www.opensanctions.org/entities/imo-vsl-9258167,ua_war_sanctions
9258351,668116291,AURORA,mare.shadow;poi,st,https://www.opensanctions.org/entities/imo-vsl-9258351,ua_war_sanctions
9258478,613606500,FOYA,mare.shadow;poi,cm,https://www.opensanctions.org/entities/imo-vsl-9258478,ua_war_sanctions
9258521,,LAUREN II,mare.shadow;poi,,https://www.opensanctions.org/entities/imo-vsl-9258521,ua_war_sanctions
9258868,613003614,NOCTIS,mare.shadow;poi,cm,https://www.opensanctions.org/entities/imo-vsl-9258868,ua_war_sanctions
9258870,,UMA,mare.shadow;poi,,https://www.opensanctions.org/entities/imo-vsl-9258870,ua_war_sanctions
9258882,613007700,CARCHARODON,mare.shadow;poi,cm,https://www.opensanctions.org/entities/imo-vsl-9258882,ua_war_sanctions
9259185,,BEIJING,mare.shadow;poi,,https://www.opensanctions.org/entities/imo-vsl-9259185,ua_war_sanctions
9259197,,THALIA III,mare.shadow;poi,,https://www.opensanctions.org/entities/imo-vsl-9259197,ua_war_sanctions
9259367,,DAVINA,mare.shadow;poi,,https://www.opensanctions.org/entities/imo-vsl-9259367,ua_war_sanctions
9259599,273271560,AKKORD,mare.shadow;poi,ru,https://www.opensanctions.org/entities/imo-vsl-9259599,ua_war_sanctions
9259733,352002051,YI TONG,mare.shadow;poi,pa,https://www.opensanctions.org/entities/imo-vsl-9259733,ua_war_sanctions
9259745,,ETERNAL PEACE,mare.shadow;poi,,https://www.opensanctions.org/entities/imo-vsl-9259745,ua_war_sanctions
9259927,,BIANCA,mare.shadow;poi,,https://www.opensanctions.org/entities/imo-vsl-9259927,ua_war_sanctions
9259991,613472030,PERIDOT,mare.shadow;poi,cm,https://www.opensanctions.org/entities/imo-vsl-9259991,ua_war_sanctions
9260055,,DORIN,mare.shadow;poi,,https://www.opensanctions.org/entities/imo-vsl-9260055,ua_war_sanctions
9260067,,OSTRIA,mare.shadow;poi,,https://www.opensanctions.org/entities/imo-vsl-9260067,ua_war_sanctions
9260275,667002357,KATRAN,mare.shadow;poi,sl,https://www.opensanctions.org/entities/imo-vsl-9260275,ua_war_sanctions
9260483,273448000,ARMADA LEADER,mare.shadow;poi,ru,https://www.opensanctions.org/entities/imo-vsl-9260483,ua_war_sanctions
9260823,667002321,FIESTA,mare.shadow;poi,sl,https://www.opensanctions.org/entities/imo-vsl-9260823,ua_war_sanctions
9261401,613271504,QUARTZ,mare.shadow;poi,cm,https://www.opensanctions.org/entities/imo-vsl-9261401,ua_war_sanctions
9261619,613511201,HANNAH,mare.shadow;poi,cm,https://www.opensanctions.org/entities/imo-vsl-9261619,ua_war_sanctions
9261657,667002414,C VIKING,mare.shadow;poi,sl,https://www.opensanctions.org/entities/imo-vsl-9261657,ua_war_sanctions
9262168,,BERG 1,mare.shadow;poi,,https://www.opensanctions.org/entities/imo-vsl-9262168,ua_war_sanctions
9262766,351073000,FIONA II,mare.shadow;poi,pa,https://www.opensanctions.org/entities/imo-vsl-9262766,ua_war_sanctions
9262924,667002334,UTAKI,mare.shadow;poi,sl,https://www.opensanctions.org/entities/imo-vsl-9262924,ua_war_sanctions
9263186,630001103,SOUTH STAR,mare.shadow;poi,gq,https://www.opensanctions.org/entities/imo-vsl-9263186,ua_war_sanctions
9263198,613425603,FEI YUN HE,mare.shadow;poi,cm,https://www.opensanctions.org/entities/imo-vsl-9263198,ua_war_sanctions
9263203,613271887,STORM PEARL,mare.shadow;poi,cm,https://www.opensanctions.org/entities/imo-vsl-9263203,ua_war_sanctions
9263215,,BIG MAG,mare.shadow;poi,,https://www.opensanctions.org/entities/imo-vsl-9263215,ua_war_sanctions
9263643,,FRUNZE,mare.shadow;poi,,https://www.opensanctions.org/entities/imo-vsl-9263643,ua_war_sanctions
9263693,667002309,HALCYON,mare.shadow;poi,sl,https://www.opensanctions.org/entities/imo-vsl-9263693,ua_war_sanctions
9264271,667002453,KOLENTE,mare.shadow;poi,sl,https://www.opensanctions.org/entities/imo-vsl-9264271,ua_war_sanctions
9264283,667002454,MELANIA,mare.shadow;poi,sl,https://www.opensanctions.org/entities/imo-vsl-9264283,ua_war_sanctions
9264570,,NAYARA,mare.shadow;poi,,https://www.opensanctions.org/entities/imo-vsl-9264570,ua_war_sanctions
9264881,,OMRA,mare.shadow;poi,,https://www.opensanctions.org/entities/imo-vsl-9264881,ua_war_sanctions
9265744,613464706,RESTON,mare.shadow;poi,cm,https://www.opensanctions.org/entities/imo-vsl-9265744,ua_war_sanctions
9265756,667002293,ALTIS,mare.shadow;poi,sl,https://www.opensanctions.org/entities/imo-vsl-9265756,ua_war_sanctions
9265873,667002405,KAMELOT,mare.shadow;poi,sl,https://www.opensanctions.org/entities/imo-vsl-9265873,ua_war_sanctions
9265885,667002316,SEA MAVERICK,mare.shadow;poi,sl,https://www.opensanctions.org/entities/imo-vsl-9265885,ua_war_sanctions
9266475,613003808,SAURI,mare.shadow;poi,cm,https://www.opensanctions.org/entities/imo-vsl-9266475,ua_war_sanctions
9266750,613541600,SEAHORSE,mare.shadow;poi,cm,https://www.opensanctions.org/entities/imo-vsl-9266750,ua_war_sanctions
9266762,255916308,SEA RAKER,mare.shadow;poi,pt,https://www.opensanctions.org/entities/imo-vsl-9266762,ua_war_sanctions
9266853,,NEW POWER,mare.shadow;poi,,https://www.opensanctions.org/entities/imo-vsl-9266853,ua_war_sanctions
9266865,667001237,BIVOLA,mare.shadow;poi,sl,https://www.opensanctions.org/entities/imo-vsl-9266865,ua_war_sanctions
9266877,667002336,PIERRE,mare.shadow;poi,sl,https://www.opensanctions.org/entities/imo-vsl-9266877,ua_war_sanctions
9267027,525107008,CAPIBARA,mare.shadow;poi,id,https://www.opensanctions.org/entities/imo-vsl-9267027,ua_war_sanctions
9268112,,ALBA,mare.shadow;poi,,https://www.opensanctions.org/entities/imo-vsl-9268112,ua_war_sanctions
9268186,,SONDOS,mare.shadow;poi,,https://www.opensanctions.org/entities/imo-vsl-9268186,ua_war_sanctions
9269245,352001515,BLUE STAR II,mare.shadow;poi,pa,https://www.opensanctions.org/entities/imo-vsl-9269245,ua_war_sanctions
9269403,,MURLIKISHAN,mare.shadow;poi,,https://www.opensanctions.org/entities/imo-vsl-9269403,ua_war_sanctions
9270517,613327400,CINDY,mare.shadow;poi,cm,https://www.opensanctions.org/entities/imo-vsl-9270517,ua_war_sanctions
9270529,273259230,KRYMSK,mare.shadow;poi,ru,https://www.opensanctions.org/entities/imo-vsl-9270529,ua_war_sanctions
9270555,,INTEGRITY RACER,mare.shadow;poi,,https://www.opensanctions.org/entities/imo-vsl-9270555,ua_war_sanctions
9270749,613407300,IRA,mare.shadow;poi,cm,https://www.opensanctions.org/entities/imo-vsl-9270749,ua_war_sanctions
9271327,,VIEW,mare.shadow;poi,,https://www.opensanctions.org/entities/imo-vsl-9271327,ua_war_sanctions
9271406,,LBS,mare.shadow;poi,,https://www.opensanctions.org/entities/imo-vsl-9271406,ua_war_sanctions
9271573,667002574,VIXENA,mare.shadow;poi,sl,https://www.opensanctions.org/entities/imo-vsl-9271573,ua_war_sanctions
9271585,273274930,KOMANDER,mare.shadow;poi,ru,https://www.opensanctions.org/entities/imo-vsl-9271585,ua_war_sanctions
9271951,613271309,MOCHA,mare.shadow;poi,cm,https://www.opensanctions.org/entities/imo-vsl-9271951,ua_war_sanctions
9272694,422546600,POLARIS 1,mare.shadow;poi,ir,https://www.opensanctions.org/entities/imo-vsl-9272694,ua_war_sanctions
9272931,273126230,GERAN,mare.shadow;poi,ru,https://www.opensanctions.org/entities/imo-vsl-9272931,ua_war_sanctions
9273052,,SOUFIA 1,mare.shadow;poi,,https://www.opensanctions.org/entities/imo-vsl-9273052,ua_war_sanctions
9273246,352004620,STARWAY,mare.shadow;poi,pa,https://www.opensanctions.org/entities/imo-vsl-9273246,ua_war_sanctions
9273260,,ALEXANDRA,mare.shadow;poi,,https://www.opensanctions.org/entities/imo-vsl-9273260,ua_war_sanctions
9273337,,TIFANI,mare.shadow;poi,,https://www.opensanctions.org/entities/imo-vsl-9273337,ua_war_sanctions
9273387,574005470,ASTRA,mare.shadow;poi,vn,https://www.opensanctions.org/entities/imo-vsl-9273387,ua_war_sanctions
9273442,668116394,BLUE EMBER,mare.shadow;poi,st,https://www.opensanctions.org/entities/imo-vsl-9273442,ua_war_sanctions
9274082,574004200,TM HAI HA 568,mare.shadow;poi,vn,https://www.opensanctions.org/entities/imo-vsl-9274082,ua_war_sanctions
9274434,273271360,SUVEREN,mare.shadow;poi,ru,https://www.opensanctions.org/entities/imo-vsl-9274434,ua_war_sanctions
9274446,273271860,ADMIRAL,mare.shadow;poi,ru,https://www.opensanctions.org/entities/imo-vsl-9274446,ua_war_sanctions
9274525,352002251,LXH,mare.shadow;poi,pa,https://www.opensanctions.org/entities/imo-vsl-9274525,ua_war_sanctions
9274616,,APEKS,mare.shadow;poi,ru,https://www.opensanctions.org/entities/imo-vsl-9274616,ua_war_sanctions
9274800,667001270,ASTRAL,mare.shadow;poi,sl,https://www.opensanctions.org/entities/imo-vsl-9274800,ua_war_sanctions
9275660,,AEGIS,mare.shadow;poi,,https://www.opensanctions.org/entities/imo-vsl-9275660,ua_war_sanctions
9275763,,BLAGE,mare.shadow;poi,vu,https://www.opensanctions.org/entities/imo-vsl-9275763,ua_war_sanctions
9275995,,STARLIGHT,mare.shadow;poi,,https://www.opensanctions.org/entities/imo-vsl-9275995,ua_war_sanctions
9276028,273276060,PEGASUS,mare.shadow;poi,ru,https://www.opensanctions.org/entities/imo-vsl-9276028,ua_war_sanctions
9276030,613400212,ECHO,mare.shadow;poi,cm,https://www.opensanctions.org/entities/imo-vsl-9276030,ua_war_sanctions
9276561,,PETRA,mare.shadow;poi,,https://www.opensanctions.org/entities/imo-vsl-9276561,ua_war_sanctions
9276573,,FABULE,mare.shadow;poi,,https://www.opensanctions.org/entities/imo-vsl-9276573,ua_war_sanctions
9276585,,YFABULOUS,mare.shadow;poi,,https://www.opensanctions.org/entities/imo-vsl-9276585,ua_war_sanctions
9277735,,ROSALIND,mare.shadow;poi,,https://www.opensanctions.org/entities/imo-vsl-9277735,ua_war_sanctions
9277747,613447509,ELISE,mare.shadow;poi,cm,https://www.opensanctions.org/entities/imo-vsl-9277747,ua_war_sanctions
9277759,613003408,LARK,mare.shadow;poi,cm,https://www.opensanctions.org/entities/imo-vsl-9277759,ua_war_sanctions
9278064,667002413,SOFOS,mare.shadow;poi,sl,https://www.opensanctions.org/entities/imo-vsl-9278064,ua_war_sanctions
9278698,518999378,DAKUSH,mare.shadow;poi,ck,https://www.opensanctions.org/entities/imo-vsl-9278698,ua_war_sanctions
9279719,304201000,SUNRISE,mare.shadow;poi,ag,https://www.opensanctions.org/entities/imo-vsl-9279719,ua_war_sanctions
9280366,,DING XIANG,mare.shadow;poi,,https://www.opensanctions.org/entities/imo-vsl-9280366,ua_war_sanctions
9280873,,FURY,mare.shadow;poi,,https://www.opensanctions.org/entities/imo-vsl-9280873,ua_war_sanctions
9280885,,APUS,mare.shadow;poi,,https://www.opensanctions.org/entities/imo-vsl-9280885,ua_war_sanctions
9281009,613829601,JI HANG,mare.shadow;poi,cm,https://www.opensanctions.org/entities/imo-vsl-9281009,ua_war_sanctions
9281011,273279360,EKSPANDER,mare.shadow;poi,ru,https://www.opensanctions.org/entities/imo-vsl-9281011,ua_war_sanctions
9281152,,AQUILA II,mare.shadow;poi,,https://www.opensanctions.org/entities/imo-vsl-9281152,ua_war_sanctions
9281683,,SIRI,mare.shadow;poi,,https://www.opensanctions.org/entities/imo-vsl-9281683,ua_war_sanctions
9281891,,MEROPE,mare.shadow;poi,,https://www.opensanctions.org/entities/imo-vsl-9281891,ua_war_sanctions
9282041,,KAVIZ,mare.shadow;poi,,https://www.opensanctions.org/entities/imo-vsl-9282041,ua_war_sanctions
9282106,,SIONA,mare.shadow;poi,,https://www.opensanctions.org/entities/imo-vsl-9282106,ua_war_sanctions
9282479,,OLINA,mare.shadow;poi,,https://www.opensanctions.org/entities/imo-vsl-9282479,ua_war_sanctions
9282481,,TAGOR,mare.shadow;poi,,https://www.opensanctions.org/entities/imo-vsl-9282481,ua_war_sanctions
9282493,,ASTERI,mare.shadow;poi,,https://www.opensanctions.org/entities/imo-vsl-9282493,ua_war_sanctions
9282508,613271440,CAUVERI,mare.shadow;poi,cm,https://www.opensanctions.org/entities/imo-vsl-9282508,ua_war_sanctions
9282522,,KUSH,mare.shadow;poi,,https://www.opensanctions.org/entities/imo-vsl-9282522,ua_war_sanctions
9282558,352003819,REVOLINER,mare.shadow;poi,pa,https://www.opensanctions.org/entities/imo-vsl-9282558,ua_war_sanctions
9282792,613445621,AQUA LIVE,mare.shadow;poi,cm,https://www.opensanctions.org/entities/imo-vsl-9282792,ua_war_sanctions
9282986,273617650,ATLANTICOS,mare.shadow;poi,ru,https://www.opensanctions.org/entities/imo-vsl-9282986,ua_war_sanctions
9283241,273253500,DIGNITY,mare.shadow;poi,ru,https://www.opensanctions.org/entities/imo-vsl-9283241,ua_war_sanctions
9283289,667001258,JASKEL,mare.shadow;poi,sl,https://www.opensanctions.org/entities/imo-vsl-9283289,ua_war_sanctions
9283291,667001287,TIBURON,mare.shadow;poi,sl,https://www.opensanctions.org/entities/imo-vsl-9283291,ua_war_sanctions
9283306,631010088,FINA A,mare.shadow;poi,gq,https://www.opensanctions.org/entities/imo-vsl-9283306,ua_war_sanctions
9283801,,NOVA,mare.shadow;poi,,https://www.opensanctions.org/entities/imo-vsl-9283801,ua_war_sanctions
9284582,,PANDA,mare.shadow;poi,,https://www.opensanctions.org/entities/imo-vsl-9284582,ua_war_sanctions
9284594,,OCEAN RIVER,mare.shadow;poi,,https://www.opensanctions.org/entities/imo-vsl-9284594,ua_war_sanctions
9284726,613003743,BONIFACY,mare.shadow;poi,cm,https://www.opensanctions.org/entities/imo-vsl-9284726,ua_war_sanctions
9285744,,NIL 308,mare.shadow;poi,,https://www.opensanctions.org/entities/imo-vsl-9285744,ua_war_sanctions
9285756,,BILI,mare.shadow;poi,,https://www.opensanctions.org/entities/imo-vsl-9285756,ua_war_sanctions
9285823,268268900,KIARA M,mare.shadow;poi,sm,https://www.opensanctions.org/entities/imo-vsl-9285823,ua_war_sanctions
9285835,667002070,KOUSAI,mare.shadow;poi,sl,https://www.opensanctions.org/entities/imo-vsl-9285835,ua_war_sanctions
9285847,,SIRIUS 1,mare.shadow;poi,,https://www.opensanctions.org/entities/imo-vsl-9285847,ua_war_sanctions
9285859,667002468,AZORIN,mare.shadow;poi,sl,https://www.opensanctions.org/entities/imo-vsl-9285859,ua_war_sanctions
9286023,613472100,OPAL,mare.shadow;poi,cm,https://www.opensanctions.org/entities/imo-vsl-9286023,ua_war_sanctions
9286073,613902500,RCELEBRA,mare.shadow;poi,cm,https://www.opensanctions.org/entities/imo-vsl-9286073,ua_war_sanctions
9286229,,RIEVERIA I,mare.shadow;poi,,https://www.opensanctions.org/entities/imo-vsl-9286229,ua_war_sanctions
9286281,667002428,SAMADHA,mare.shadow;poi,sl,https://www.opensanctions.org/entities/imo-vsl-9286281,ua_war_sanctions
9286657,667002259,JUNDAR,mare.shadow;poi,sl,https://www.opensanctions.org/entities/imo-vsl-9286657,ua_war_sanctions
9288019,,MARINE SPIRIT,mare.shadow;poi,,https://www.opensanctions.org/entities/imo-vsl-9288019,ua_war_sanctions
9288095,,WEN YAO,mare.shadow;poi,,https://www.opensanctions.org/entities/imo-vsl-9288095,ua_war_sanctions
9288265,,TWENTY ONE,mare.shadow;poi,,https://www.opensanctions.org/entities/imo-vsl-9288265,ua_war_sanctions
9288356,314845000,ROCK,mare.shadow;poi,bb,https://www.opensanctions.org/entities/imo-vsl-9288356,ua_war_sanctions
9288368,636023192,ANNA MARIA P,mare.shadow;poi,lr,https://www.opensanctions.org/entities/imo-vsl-9288368,ua_war_sanctions
9288693,613667000,MIRADOR,mare.shadow;poi,cm,https://www.opensanctions.org/entities/imo-vsl-9288693,ua_war_sanctions
9288708,620999725,AURO,mare.shadow;poi,km,https://www.opensanctions.org/entities/imo-vsl-9288708,ua_war_sanctions
9288710,613710000,MELITE,mare.shadow;poi,cm,https://www.opensanctions.org/entities/imo-vsl-9288710,ua_war_sanctions
9288722,613469620,RORA,mare.shadow;poi,cm,https://www.opensanctions.org/entities/imo-vsl-9288722,ua_war_sanctions
9288734,667001321,ARABESCA,mare.shadow;poi,sl,https://www.opensanctions.org/entities/imo-vsl-9288734,ua_war_sanctions
9288746,273271850,PLUTON,mare.shadow;poi,ru,https://www.opensanctions.org/entities/imo-vsl-9288746,ua_war_sanctions
9288851,273278480,TRANSFORMER,mare.shadow;poi,ru,https://www.opensanctions.org/entities/imo-vsl-9288851,ua_war_sanctions
9288863,,VALENTE,mare.shadow;poi,,https://www.opensanctions.org/entities/imo-vsl-9288863,ua_war_sanctions
9288875,,YUG,mare.shadow;poi,,https://www.opensanctions.org/entities/imo-vsl-9288875,ua_war_sanctions
9288899,667002027,NORELLA,mare.shadow;poi,sl,https://www.opensanctions.org/entities/imo-vsl-9288899,ua_war_sanctions
9288930,273616650,PACIFICOS,mare.shadow;poi,ru,https://www.opensanctions.org/entities/imo-vsl-9288930,ua_war_sanctions
9288954,215817000,D BAYERO,mare.shadow;poi,mt,https://www.opensanctions.org/entities/imo-vsl-9288954,ua_war_sanctions
9288992,273444330,SUZDAL,mare.shadow;poi,ru,https://www.opensanctions.org/entities/imo-vsl-9288992,ua_war_sanctions
9289477,,M SOPHIA,mare.shadow;poi,,https://www.opensanctions.org/entities/imo-vsl-9289477,ua_war_sanctions
9289491,,BELMA,mare.shadow;poi,,https://www.opensanctions.org/entities/imo-vsl-9289491,ua_war_sanctions
9289518,314001078,PASIPHAE,mare.shadow;poi,bb,https://www.opensanctions.org/entities/imo-vsl-9289518,ua_war_sanctions
9289520,,DHEZI,mare.shadow;poi,,https://www.opensanctions.org/entities/imo-vsl-9289520,ua_war_sanctions
9289532,314001077,URSUS,mare.shadow;poi,bb,https://www.opensanctions.org/entities/imo-vsl-9289532,ua_war_sanctions
9289738,273128910,LAVANDA,mare.shadow;poi,ru,https://www.opensanctions.org/entities/imo-vsl-9289738,ua_war_sanctions
9289752,667002039,SAVITRI,mare.shadow;poi,sl,https://www.opensanctions.org/entities/imo-vsl-9289752,ua_war_sanctions
9289776,,MAISAN,mare.shadow;poi,,https://www.opensanctions.org/entities/imo-vsl-9289776,ua_war_sanctions
9290309,613223700,ROSITA,mare.shadow;poi,cm,https://www.opensanctions.org/entities/imo-vsl-9290309,ua_war_sanctions
9290323,352003797,LOUISE 1,mare.shadow;poi,pa,https://www.opensanctions.org/entities/imo-vsl-9290323,ua_war_sanctions
9290335,667002023,JUMBO,mare.shadow;poi,sl,https://www.opensanctions.org/entities/imo-vsl-9290335,ua_war_sanctions
9290359,,SHAN HU,mare.shadow;poi,,https://www.opensanctions.org/entities/imo-vsl-9290359,ua_war_sanctions
9290361,352005520,KAI 1,mare.shadow;poi,pa,https://www.opensanctions.org/entities/imo-vsl-9290361,ua_war_sanctions
9290373,667001274,VELORA,mare.shadow;poi,sl,https://www.opensanctions.org/entities/imo-vsl-9290373,ua_war_sanctions
9290385,,ELBUS,mare.shadow;poi,,https://www.opensanctions.org/entities/imo-vsl-9290385,ua_war_sanctions
9290397,,STORMBRINGER,mare.shadow;poi,,https://www.opensanctions.org/entities/imo-vsl-9290397,ua_war_sanctions
9290517,273125820,UNZHA,mare.shadow;poi,ru,https://www.opensanctions.org/entities/imo-vsl-9290517,ua_war_sanctions
9290646,314001015,DERIN,mare.shadow;poi,bb,https://www.opensanctions.org/entities/imo-vsl-9290646,ua_war_sanctions
9290828,613414203,DORIN,mare.shadow;poi,cm,https://www.opensanctions.org/entities/imo-vsl-9290828,ua_war_sanctions
9290919,,VICTORY ARI,mare.shadow;poi,,https://www.opensanctions.org/entities/imo-vsl-9290919,ua_war_sanctions
9290921,667001236,BEAST,mare.shadow;poi,sl,https://www.opensanctions.org/entities/imo-vsl-9290921,ua_war_sanctions
9291250,667002271,STILGAR,mare.shadow;poi,sl,https://www.opensanctions.org/entities/imo-vsl-9291250,ua_war_sanctions
9291262,613414707,SILVAR,mare.shadow;poi,cm,https://www.opensanctions.org/entities/imo-vsl-9291262,ua_war_sanctions
9292034,273276750,TOPAZ,mare.shadow;poi,ru,https://www.opensanctions.org/entities/imo-vsl-9292034,ua_war_sanctions
9292046,,NOVA CREST,mare.shadow;poi,,https://www.opensanctions.org/entities/imo-vsl-9292046,ua_war_sanctions
9292058,273270950,TANGO,mare.shadow;poi,ru,https://www.opensanctions.org/entities/imo-vsl-9292058,ua_war_sanctions
9292060,273275060,TALISMAN,mare.shadow;poi,ru,https://www.opensanctions.org/entities/imo-vsl-9292060,ua_war_sanctions
9292163,,BERTHA,mare.shadow;poi,,https://www.opensanctions.org/entities/imo-vsl-9292163,ua_war_sanctions
9292187,667002478,LUNA LUSTER,mare.shadow;poi,sl,https://www.opensanctions.org/entities/imo-vsl-9292187,ua_war_sanctions
9292199,667001275,ALTURA,mare.shadow;poi,sl,https://www.opensanctions.org/entities/imo-vsl-9292199,ua_war_sanctions
9292204,461000219,AMAZON,mare.shadow;poi,om,https://www.opensanctions.org/entities/imo-vsl-9292204,ua_war_sanctions
9292228,352001298,CRYSTAL ROSE,mare.shadow;poi,pa,https://www.opensanctions.org/entities/imo-vsl-9292228,ua_war_sanctions
9292503,613471903,TORERO M,mare.shadow;poi,cm,https://www.opensanctions.org/entities/imo-vsl-9292503,ua_war_sanctions
9292515,352004997,PELAGOS,mare.shadow;poi,pa,https://www.opensanctions.org/entities/imo-vsl-9292515,ua_war_sanctions
9292577,667001300,KUBERA,mare.shadow;poi,sl,https://www.opensanctions.org/entities/imo-vsl-9292577,ua_war_sanctions
9292589,613271827,LOGANO,mare.shadow;poi,cm,https://www.opensanctions.org/entities/imo-vsl-9292589,ua_war_sanctions
9292838,667002323,LISTIGA,mare.shadow;poi,sl,https://www.opensanctions.org/entities/imo-vsl-9292838,ua_war_sanctions
9292979,352002775,SAI,mare.shadow;poi,pa,https://www.opensanctions.org/entities/imo-vsl-9292979,ua_war_sanctions
9292981,,NOBLE WALKER,mare.shadow;poi,,https://www.opensanctions.org/entities/imo-vsl-9292981,ua_war_sanctions
9293002,273279840,NASLEDIE,mare.shadow;poi,ru,https://www.opensanctions.org/entities/imo-vsl-9293002,ua_war_sanctions
9293117,,SUN,mare.shadow;poi,,https://www.opensanctions.org/entities/imo-vsl-9293117,ua_war_sanctions
9293155,613003709,BENEDICT,mare.shadow;poi,cm,https://www.opensanctions.org/entities/imo-vsl-9293155,ua_war_sanctions
9293337,305007000,SATURN A,mare.shadow;poi,ag,https://www.opensanctions.org/entities/imo-vsl-9293337,ua_war_sanctions
9293959,613902601,DUOS,mare.shadow;poi,cm,https://www.opensanctions.org/entities/imo-vsl-9293959,ua_war_sanctions
9293997,273274370,MAGNOLIYA,mare.shadow;poi,ru,https://www.opensanctions.org/entities/imo-vsl-9293997,ua_war_sanctions
9294123,631010095,CHONGCHON,mare.shadow;poi,gq,https://www.opensanctions.org/entities/imo-vsl-9294123,ua_war_sanctions
9294240,,GALE,mare.shadow;poi,,https://www.opensanctions.org/entities/imo-vsl-9294240,ua_war_sanctions
9294331,,LILY,mare.shadow;poi,,https://www.opensanctions.org/entities/imo-vsl-9294331,ua_war_sanctions
9295048,667002501,HANUMAN,mare.shadow;poi,sl,https://www.opensanctions.org/entities/imo-vsl-9295048,ua_war_sanctions
9296195,354290000,PAROS,mare.shadow;poi,pa,https://www.opensanctions.org/entities/imo-vsl-9296195,ua_war_sanctions
9296377,667001954,MARJORIE,mare.shadow;poi,sl,https://www.opensanctions.org/entities/imo-vsl-9296377,ua_war_sanctions
9296389,538012619,VALTHERA,mare.shadow;poi,mh,https://www.opensanctions.org/entities/imo-vsl-9296389,ua_war_sanctions
9296391,273123910,KOLOSS,mare.shadow;poi,ru,https://www.opensanctions.org/entities/imo-vsl-9296391,ua_war_sanctions
9296406,613572604,RIGEL,mare.shadow;poi,cm,https://www.opensanctions.org/entities/imo-vsl-9296406,ua_war_sanctions
9296418,636022121,SUEZ ICE SUPREME,mare.shadow;poi,lr,https://www.opensanctions.org/entities/imo-vsl-9296418,ua_war_sanctions
9296585,273271460,ASTRA,mare.shadow;poi,ru,https://www.opensanctions.org/entities/imo-vsl-9296585,ua_war_sanctions
9296597,667001378,PROMETEI,mare.shadow;poi,sl,https://www.opensanctions.org/entities/imo-vsl-9296597,ua_war_sanctions
9296810,613902604,NAVISTAR,mare.shadow;poi,cm,https://www.opensanctions.org/entities/imo-vsl-9296810,ua_war_sanctions
9296822,,SAGITTA,mare.shadow;poi,,https://www.opensanctions.org/entities/imo-vsl-9296822,ua_war_sanctions
9297199,273440780,ASLAN KHADARCEV,mare.shadow;poi,ru,https://www.opensanctions.org/entities/imo-vsl-9297199,ua_war_sanctions
9297319,,SALVIA,mare.shadow;poi,,https://www.opensanctions.org/entities/imo-vsl-9297319,ua_war_sanctions
9297345,636022406,URSUS MARITIMUS,mare.shadow;poi,lr,https://www.opensanctions.org/entities/imo-vsl-9297345,ua_war_sanctions
9297357,273272530,NOVATOR,mare.shadow;poi,ru,https://www.opensanctions.org/entities/imo-vsl-9297357,ua_war_sanctions
9297369,636022405,URSUS ARCTOS,mare.shadow;poi,lr,https://www.opensanctions.org/entities/imo-vsl-9297369,ua_war_sanctions
9297371,273279660,VULKAN,mare.shadow;poi,ru,https://www.opensanctions.org/entities/imo-vsl-9297371,ua_war_sanctions
9297541,352005301,DOVE,mare.shadow;poi,pa,https://www.opensanctions.org/entities/imo-vsl-9297541,ua_war_sanctions
9297553,613661400,MONTE 1,mare.shadow;poi,cm,https://www.opensanctions.org/entities/imo-vsl-9297553,ua_war_sanctions
9297888,613419901,WALRUS,mare.shadow;poi,cm,https://www.opensanctions.org/entities/imo-vsl-9297888,ua_war_sanctions
9297905,,LILIANA,mare.shadow;poi,,https://www.opensanctions.org/entities/imo-vsl-9297905,ua_war_sanctions
9298272,,VALENTE,mare.shadow;poi,,https://www.opensanctions.org/entities/imo-vsl-9298272,ua_war_sanctions
9298492,,TOA PAYOH,mare.shadow;poi,,https://www.opensanctions.org/entities/imo-vsl-9298492,ua_war_sanctions
9298595,613271707,DORRY,mare.shadow;poi,cm,https://www.opensanctions.org/entities/imo-vsl-9298595,ua_war_sanctions
9299123,352002667,SOFIA K,mare.shadow;poi,pa,https://www.opensanctions.org/entities/imo-vsl-9299123,ua_war_sanctions
9299135,613411304,MANDALA,mare.shadow;poi,cm,https://www.opensanctions.org/entities/imo-vsl-9299135,ua_war_sanctions
9299161,273454890,KORD ATLANTIC,mare.shadow;poi,ru,https://www.opensanctions.org/entities/imo-vsl-9299161,ua_war_sanctions
9299173,273337270,VELES,mare.shadow;poi,ru,https://www.opensanctions.org/entities/imo-vsl-9299173,ua_war_sanctions
9299446,,BELLAGIO,mare.shadow;poi,,https://www.opensanctions.org/entities/imo-vsl-9299446,ua_war_sanctions
9299458,,PAOLA,mare.shadow;poi,,https://www.opensanctions.org/entities/imo-vsl-9299458,ua_war_sanctions
9299496,525103018,PHOENIX CROWN,mare.shadow;poi,id,https://www.opensanctions.org/entities/imo-vsl-9299496,ua_war_sanctions
9299666,,DASHAN,mare.shadow;poi,,https://www.opensanctions.org/entities/imo-vsl-9299666,ua_war_sanctions
9299678,667001243,PRISMA,mare.shadow;poi,sl,https://www.opensanctions.org/entities/imo-vsl-9299678,ua_war_sanctions
9299680,419001990,CANGJIE,mare.shadow;poi,in,https://www.opensanctions.org/entities/imo-vsl-9299680,ua_war_sanctions
9299692,461000233,CELT,mare.shadow;poi,om,https://www.opensanctions.org/entities/imo-vsl-9299692,ua_war_sanctions
9299707,,GUANYIN,mare.shadow;poi,,https://www.opensanctions.org/entities/imo-vsl-9299707,ua_war_sanctions
9299719,,OTLA,mare.shadow;poi,,https://www.opensanctions.org/entities/imo-vsl-9299719,ua_war_sanctions
9299721,,LEONA,mare.shadow;poi,,https://www.opensanctions.org/entities/imo-vsl-9299721,ua_war_sanctions
9299733,667002024,NAGARJUNA,mare.shadow;poi,sl,https://www.opensanctions.org/entities/imo-vsl-9299733,ua_war_sanctions
9299745,,ALGORITM,mare.shadow;poi,ru,https://www.opensanctions.org/entities/imo-vsl-9299745,ua_war_sanctions
9299769,631010100,AQUATICA,mare.shadow;poi,gq,https://www.opensanctions.org/entities/imo-vsl-9299769,ua_war_sanctions
9299771,667002360,MIRES,mare.shadow;poi,sl,https://www.opensanctions.org/entities/imo-vsl-9299771,ua_war_sanctions
9299862,667002199,TENDUA,mare.shadow;poi,sl,https://www.opensanctions.org/entities/imo-vsl-9299862,ua_war_sanctions
9299874,613271506,VIREL,mare.shadow;poi,cm,https://www.opensanctions.org/entities/imo-vsl-9299874,ua_war_sanctions
9299886,577376000,JASPER,mare.shadow;poi,vu,https://www.opensanctions.org/entities/imo-vsl-9299886,ua_war_sanctions
9299898,667002277,PALARA,mare.shadow;poi,sl,https://www.opensanctions.org/entities/imo-vsl-9299898,ua_war_sanctions
9299903,,DEYNA,mare.shadow;poi,,https://www.opensanctions.org/entities/imo-vsl-9299903,ua_war_sanctions
9301380,273264760,PAVEL CHERNYSH,mare.shadow;poi,ru,https://www.opensanctions.org/entities/imo-vsl-9301380,ua_war_sanctions
9301392,273264590,KAPITAN KOSTICHEV,mare.shadow;poi,ru,https://www.opensanctions.org/entities/imo-vsl-9301392,ua_war_sanctions
9301407,273276660,VIKTOR TITOV,mare.shadow;poi,ru,https://www.opensanctions.org/entities/imo-vsl-9301407,ua_war_sanctions
9301419,273275850,YURI SENKEVICH,mare.shadow;poi,ru,https://www.opensanctions.org/entities/imo-vsl-9301419,ua_war_sanctions
9301421,273278850,VICTOR KONETSKY,mare.shadow;poi,ru,https://www.opensanctions.org/entities/imo-vsl-9301421,ua_war_sanctions
9301524,667002369,DENEB,mare.shadow;poi,sl,https://www.opensanctions.org/entities/imo-vsl-9301524,ua_war_sanctions
9301615,,SIRTIC,mare.shadow;poi,,https://www.opensanctions.org/entities/imo-vsl-9301615,ua_war_sanctions
9302970,352002786,SAGAR1,mare.shadow;poi,pa,https://www.opensanctions.org/entities/imo-vsl-9302970,ua_war_sanctions
9304356,613569715,YODAN,mare.shadow;poi,cm,https://www.opensanctions.org/entities/imo-vsl-9304356,ua_war_sanctions
9304590,477215800,OPTIMAL ACE,mare.shadow;poi,hk,https://www.opensanctions.org/entities/imo-vsl-9304590,ua_war_sanctions
9304629,613471907,CHENG HE,mare.shadow;poi,cm,https://www.opensanctions.org/entities/imo-vsl-9304629,ua_war_sanctions
9304655,,VERA,mare.shadow;poi,,https://www.opensanctions.org/entities/imo-vsl-9304655,ua_war_sanctions
9304667,,SKIPPER,mare.shadow;poi,,https://www.opensanctions.org/entities/imo-vsl-9304667,ua_war_sanctions
9304825,667001708,JALDHARA,mare.shadow;poi,sl,https://www.opensanctions.org/entities/imo-vsl-9304825,ua_war_sanctions
9305556,613881500,MARVEN,mare.shadow;poi,cm,https://www.opensanctions.org/entities/imo-vsl-9305556,ua_war_sanctions
9305568,273126530,BREEZE,mare.shadow;poi,ru,https://www.opensanctions.org/entities/imo-vsl-9305568,ua_war_sanctions
9305609,,ANIKA,mare.shadow;poi,,https://www.opensanctions.org/entities/imo-vsl-9305609,ua_war_sanctions
9306562,613271814,RHEIN,mare.shadow;poi,cm,https://www.opensanctions.org/entities/imo-vsl-9306562,ua_war_sanctions
9306627,273278840,PROGRESS,mare.shadow;poi,ru,https://www.opensanctions.org/entities/imo-vsl-9306627,ua_war_sanctions
9306639,525121061,SAVIR LION,mare.shadow;poi,id,https://www.opensanctions.org/entities/imo-vsl-9306639,ua_war_sanctions
9306782,273257910,KARELIYA,mare.shadow;poi,ru,https://www.opensanctions.org/entities/imo-vsl-9306782,ua_war_sanctions
9306794,461000235,CAVALIER,mare.shadow;poi,om,https://www.opensanctions.org/entities/imo-vsl-9306794,ua_war_sanctions
9306809,613414703,LAYLA,mare.shadow;poi,cm,https://www.opensanctions.org/entities/imo-vsl-9306809,ua_war_sanctions
9307152,371499000,SEAZEN,mare.shadow;poi,pa,https://www.opensanctions.org/entities/imo-vsl-9307152,ua_war_sanctions
9307815,667001302,FLORA 1,mare.shadow;poi,sl,https://www.opensanctions.org/entities/imo-vsl-9307815,ua_war_sanctions
9307932,,TONIL,mare.shadow;poi,,https://www.opensanctions.org/entities/imo-vsl-9307932,ua_war_sanctions
9308065,,EVENTIN,mare.shadow;poi,,https://www.opensanctions.org/entities/imo-vsl-9308065,ua_war_sanctions
9308077,,TYCHE 1,mare.shadow;poi,,https://www.opensanctions.org/entities/imo-vsl-9308077,ua_war_sanctions
9308132,,TEMPEST DREAM,mare.shadow;poi,,https://www.opensanctions.org/entities/imo-vsl-9308132,ua_war_sanctions
9308170,613447024,ESTELLA,mare.shadow;poi,cm,https://www.opensanctions.org/entities/imo-vsl-9308170,ua_war_sanctions
9308443,,INA,mare.shadow;poi,,https://www.opensanctions.org/entities/imo-vsl-9308443,ua_war_sanctions
9308778,,AMIL,mare.shadow;poi,,https://www.opensanctions.org/entities/imo-vsl-9308778,ua_war_sanctions
9308821,667001451,BERRA,mare.shadow;poi,sl,https://www.opensanctions.org/entities/imo-vsl-9308821,ua_war_sanctions
9308833,667001256,KUSTO,mare.shadow;poi,sl,https://www.opensanctions.org/entities/imo-vsl-9308833,ua_war_sanctions
9308857,667001997,RYMO,mare.shadow;poi,sl,https://www.opensanctions.org/entities/imo-vsl-9308857,ua_war_sanctions
9308950,613511209,SEASONS I,mare.shadow;poi,cm,https://www.opensanctions.org/entities/imo-vsl-9308950,ua_war_sanctions
9309227,,ELIAH,mare.shadow;poi,,https://www.opensanctions.org/entities/imo-vsl-9309227,ua_war_sanctions
9309576,,SILVER,mare.shadow;poi,,https://www.opensanctions.org/entities/imo-vsl-9309576,ua_war_sanctions
9309588,273273750,SYMPHONY,mare.shadow;poi,ru,https://www.opensanctions.org/entities/imo-vsl-9309588,ua_war_sanctions
9309980,636022648,MERENGUE,mare.shadow;poi,lr,https://www.opensanctions.org/entities/imo-vsl-9309980,ua_war_sanctions
9310525,,QENDIL,mare.shadow;poi,gq,https://www.opensanctions.org/entities/imo-vsl-9310525,ua_war_sanctions
9310707,,AGATE,mare.shadow;poi,,https://www.opensanctions.org/entities/imo-vsl-9310707,ua_war_sanctions
9311309,,GLOBAL ANGEL,mare.shadow;poi,,https://www.opensanctions.org/entities/imo-vsl-9311309,ua_war_sanctions
9311531,613411300,LINDOR,mare.shadow;poi,cm,https://www.opensanctions.org/entities/imo-vsl-9311531,ua_war_sanctions
9311610,352005255,TORX,mare.shadow;poi,pa,https://www.opensanctions.org/entities/imo-vsl-9311610,ua_war_sanctions
9311622,461000242,DINASTY,mare.shadow;poi,om,https://www.opensanctions.org/entities/imo-vsl-9311622,ua_war_sanctions
9312872,273272770,PROVIDER,mare.shadow;poi,ru,https://www.opensanctions.org/entities/imo-vsl-9312872,ua_war_sanctions
9312884,273250830,KEMEROVO,mare.shadow;poi,ru,https://www.opensanctions.org/entities/imo-vsl-9312884,ua_war_sanctions
9312896,273257030,KRASNOYARSK,mare.shadow;poi,ru,https://www.opensanctions.org/entities/imo-vsl-9312896,ua_war_sanctions
9313149,,TASCA,mare.shadow;poi,,https://www.opensanctions.org/entities/imo-vsl-9313149,ua_war_sanctions
9313462,314001020,TULU,mare.shadow;poi,bb,https://www.opensanctions.org/entities/imo-vsl-9313462,ua_war_sanctions
9313498,613321501,JACKLYN,mare.shadow;poi,cm,https://www.opensanctions.org/entities/imo-vsl-9313498,ua_war_sanctions
9314088,,LYRA,mare.shadow;poi,,https://www.opensanctions.org/entities/imo-vsl-9314088,ua_war_sanctions
9314105,631010102,MAKALU,mare.shadow;poi,gq,https://www.opensanctions.org/entities/imo-vsl-9314105,ua_war_sanctions
9314167,273123620,CYCLONE,mare.shadow;poi,ru,https://www.opensanctions.org/entities/imo-vsl-9314167,ua_war_sanctions
9314179,630001226,FLINT WIND,mare.shadow;poi,gw,https://www.opensanctions.org/entities/imo-vsl-9314179,ua_war_sanctions
9314818,273273770,ALYSSUM,mare.shadow;poi,ru,https://www.opensanctions.org/entities/imo-vsl-9314818,ua_war_sanctions
9314820,667001665,OSAR,mare.shadow;poi,sl,https://www.opensanctions.org/entities/imo-vsl-9314820,ua_war_sanctions
9314882,613411500,RUNA,mare.shadow;poi,cm,https://www.opensanctions.org/entities/imo-vsl-9314882,ua_war_sanctions
9314894,667001223,INDRAS,mare.shadow;poi,sl,https://www.opensanctions.org/entities/imo-vsl-9314894,ua_war_sanctions
9315446,,SPRING,mare.shadow;poi,,https://www.opensanctions.org/entities/imo-vsl-9315446,ua_war_sanctions
9315642,477186300,TAMIA,mare.shadow;poi,hk,https://www.opensanctions.org/entities/imo-vsl-9315642,ua_war_sanctions
9315654,,SEA HONOR,mare.shadow;poi,,https://www.opensanctions.org/entities/imo-vsl-9315654,ua_war_sanctions
9315745,,MARQUISE,mare.shadow;poi,,https://www.opensanctions.org/entities/imo-vsl-9315745,ua_war_sanctions
9315769,636022654,THE SAUCE,mare.shadow;poi,lr,https://www.opensanctions.org/entities/imo-vsl-9315769,ua_war_sanctions
9316127,461000239,DISCOVERY,mare.shadow;poi,om,https://www.opensanctions.org/entities/imo-vsl-9316127,ua_war_sanctions
9317949,273120020,BASTION,mare.shadow;poi,ru,https://www.opensanctions.org/entities/imo-vsl-9317949,ua_war_sanctions
9318022,620800063,CHARMINAR,mare.shadow;poi,km,https://www.opensanctions.org/entities/imo-vsl-9318022,ua_war_sanctions
9318034,613003744,SARD,mare.shadow;poi,cm,https://www.opensanctions.org/entities/imo-vsl-9318034,ua_war_sanctions
9318084,636021924,SUEZ ENCHANTED,mare.shadow;poi,lr,https://www.opensanctions.org/entities/imo-vsl-9318084,ua_war_sanctions
9318096,314001147,COSMO SAIL,mare.shadow;poi,bb,https://www.opensanctions.org/entities/imo-vsl-9318096,ua_war_sanctions
9318539,613741301,NOSU,mare.shadow;poi,cm,https://www.opensanctions.org/entities/imo-vsl-9318539,ua_war_sanctions
9318541,273271160,SERENADE,mare.shadow;poi,ru,https://www.opensanctions.org/entities/imo-vsl-9318541,ua_war_sanctions
9318553,273277750,SAGA,mare.shadow;poi,ru,https://www.opensanctions.org/entities/imo-vsl-9318553,ua_war_sanctions
9319674,667001672,NIGHT GLORY,mare.shadow;poi,sl,https://www.opensanctions.org/entities/imo-vsl-9319674,ua_war_sanctions
9319686,273120330,GAGAT,mare.shadow;poi,ru,https://www.opensanctions.org/entities/imo-vsl-9319686,ua_war_sanctions
9319703,461000285,SIRAJ,mare.shadow;poi,om,https://www.opensanctions.org/entities/imo-vsl-9319703,ua_war_sanctions
9319870,273126730,IZUMRUD,mare.shadow;poi,ru,https://www.opensanctions.org/entities/imo-vsl-9319870,ua_war_sanctions
9319882,273272850,GEFEST,mare.shadow;poi,ru,https://www.opensanctions.org/entities/imo-vsl-9319882,ua_war_sanctions
9320843,,LAMD,mare.shadow;poi,,https://www.opensanctions.org/entities/imo-vsl-9320843,ua_war_sanctions
9321172,620800094,SEA OWL I,mare.shadow;poi,km,https://www.opensanctions.org/entities/imo-vsl-9321172,ua_war_sanctions
9321421,,EMMA,mare.shadow;poi,,https://www.opensanctions.org/entities/imo-vsl-9321421,ua_war_sanctions
9321562,273125020,MUSSON,mare.shadow;poi,ru,https://www.opensanctions.org/entities/imo-vsl-9321562,ua_war_sanctions
9321677,,DAPHNE V,mare.shadow;poi,,https://www.opensanctions.org/entities/imo-vsl-9321677,ua_war_sanctions
9321689,667002284,GLACIA,mare.shadow;poi,sl,https://www.opensanctions.org/entities/imo-vsl-9321689,ua_war_sanctions
9321691,461000284,BARQ,mare.shadow;poi,om,https://www.opensanctions.org/entities/imo-vsl-9321691,ua_war_sanctions
9321706,273273450,LIDER,mare.shadow;poi,ru,https://www.opensanctions.org/entities/imo-vsl-9321706,ua_war_sanctions
9321718,,ORVI,mare.shadow;poi,,https://www.opensanctions.org/entities/imo-vsl-9321718,ua_war_sanctions
9321847,,AREIA,mare.shadow;poi,,https://www.opensanctions.org/entities/imo-vsl-9321847,ua_war_sanctions
9321976,,SYNDRA,mare.shadow;poi,,https://www.opensanctions.org/entities/imo-vsl-9321976,ua_war_sanctions
9322267,273279670,ASGARD,mare.shadow;poi,ru,https://www.opensanctions.org/entities/imo-vsl-9322267,ua_war_sanctions
9322827,273271070,ANTARES,mare.shadow;poi,ru,https://www.opensanctions.org/entities/imo-vsl-9322827,ua_war_sanctions
9322839,,AVANGARD,mare.shadow;poi,ru,https://www.opensanctions.org/entities/imo-vsl-9322839,ua_war_sanctions
9322956,273266690,PROSPERITY,mare.shadow;poi,ru,https://www.opensanctions.org/entities/imo-vsl-9322956,ua_war_sanctions
9322968,,HYPERION,mare.shadow;poi,ru,https://www.opensanctions.org/entities/imo-vsl-9322968,ua_war_sanctions
9323314,613448500,ADITYA,mare.shadow;poi,cm,https://www.opensanctions.org/entities/imo-vsl-9323314,ua_war_sanctions
9323326,273279370,MELISSA,mare.shadow;poi,ru,https://www.opensanctions.org/entities/imo-vsl-9323326,ua_war_sanctions
9323338,273276070,ANEMON,mare.shadow;poi,ru,https://www.opensanctions.org/entities/imo-vsl-9323338,ua_war_sanctions
9323340,613471021,TRANQUIL SEA,mare.shadow;poi,cm,https://www.opensanctions.org/entities/imo-vsl-9323340,ua_war_sanctions
9323364,613271812,SILVER ICE,mare.shadow;poi,cm,https://www.opensanctions.org/entities/imo-vsl-9323364,ua_war_sanctions
9323376,613472080,CHARIOT TIDE,mare.shadow;poi,cm,https://www.opensanctions.org/entities/imo-vsl-9323376,ua_war_sanctions
9323429,,WHITE CRANE,mare.shadow;poi,,https://www.opensanctions.org/entities/imo-vsl-9323429,ua_war_sanctions
9323596,,NORD STAR,mare.shadow;poi,,https://www.opensanctions.org/entities/imo-vsl-9323596,ua_war_sanctions
9323974,613277612,MARBLE,mare.shadow;poi,cm,https://www.opensanctions.org/entities/imo-vsl-9323974,ua_war_sanctions
9323986,667002004,GARASAN,mare.shadow;poi,sl,https://www.opensanctions.org/entities/imo-vsl-9323986,ua_war_sanctions
9326055,,VERONICA III,mare.shadow;poi,,https://www.opensanctions.org/entities/imo-vsl-9326055,ua_war_sanctions
9326718,667002327,FULGER,mare.shadow;poi,sl,https://www.opensanctions.org/entities/imo-vsl-9326718,ua_war_sanctions
9326720,574005330,HERA,mare.shadow;poi,vn,https://www.opensanctions.org/entities/imo-vsl-9326720,ua_war_sanctions
9326811,273128630,TSITADEL,mare.shadow;poi,ru,https://www.opensanctions.org/entities/imo-vsl-9326811,ua_war_sanctions
9326861,636020980,DUKE OF PEACE,mare.shadow;poi,lr,https://www.opensanctions.org/entities/imo-vsl-9326861,ua_war_sanctions
9326885,,ANAYA,mare.shadow;poi,,https://www.opensanctions.org/entities/imo-vsl-9326885,ua_war_sanctions
9327360,273275160,CROCO,mare.shadow;poi,ru,https://www.opensanctions.org/entities/imo-vsl-9327360,ua_war_sanctions
9327372,273120300,SOYANA,mare.shadow;poi,ru,https://www.opensanctions.org/entities/imo-vsl-9327372,ua_war_sanctions
9327396,636023657,BALTIC STAR,mare.shadow;poi,lr,https://www.opensanctions.org/entities/imo-vsl-9327396,ua_war_sanctions
9327413,,KAROL,mare.shadow;poi,,https://www.opensanctions.org/entities/imo-vsl-9327413,ua_war_sanctions
9327425,636023490,WONDER STAR,mare.shadow;poi,lr,https://www.opensanctions.org/entities/imo-vsl-9327425,ua_war_sanctions
9328170,,AETHER,mare.shadow;poi,,https://www.opensanctions.org/entities/imo-vsl-9328170,ua_war_sanctions
9328716,,SKYWAVE,mare.shadow;poi,,https://www.opensanctions.org/entities/imo-vsl-9328716,ua_war_sanctions
9329655,273264690,PROXIMA,mare.shadow;poi,ru,https://www.opensanctions.org/entities/imo-vsl-9329655,ua_war_sanctions
9329667,667002016,PACIFIC,mare.shadow;poi,sl,https://www.opensanctions.org/entities/imo-vsl-9329667,ua_war_sanctions
9329758,314001149,SEA 1,mare.shadow;poi,bb,https://www.opensanctions.org/entities/imo-vsl-9329758,ua_war_sanctions
9329760,,EAGLE S,mare.shadow;poi,,https://www.opensanctions.org/entities/imo-vsl-9329760,ua_war_sanctions
9330472,667001235,THORIN,mare.shadow;poi,sl,https://www.opensanctions.org/entities/imo-vsl-9330472,ua_war_sanctions
9330599,613321600,LUMIN,mare.shadow;poi,cm,https://www.opensanctions.org/entities/imo-vsl-9330599,ua_war_sanctions
9330604,667002359,NACHOS,mare.shadow;poi,sl,https://www.opensanctions.org/entities/imo-vsl-9330604,ua_war_sanctions
9331141,667002061,RIZVEL,mare.shadow;poi,sl,https://www.opensanctions.org/entities/imo-vsl-9331141,ua_war_sanctions
9331153,667001249,MAYLO,mare.shadow;poi,sl,https://www.opensanctions.org/entities/imo-vsl-9331153,ua_war_sanctions
9332028,,GRIF,mare.shadow;poi,,https://www.opensanctions.org/entities/imo-vsl-9332028,ua_war_sanctions
9332171,352002167,VIRENT,mare.shadow;poi,pa,https://www.opensanctions.org/entities/imo-vsl-9332171,ua_war_sanctions
9332315,,MISHELL,mare.shadow;poi,,https://www.opensanctions.org/entities/imo-vsl-9332315,ua_war_sanctions
9332614,,BELLARIS,mare.shadow;poi,,https://www.opensanctions.org/entities/imo-vsl-9332614,ua_war_sanctions
9332781,613961020,AQUA TITAN,mare.shadow;poi,cm,https://www.opensanctions.org/entities/imo-vsl-9332781,ua_war_sanctions
9332810,273270560,PHOENIX,mare.shadow;poi,ru,https://www.opensanctions.org/entities/imo-vsl-9332810,ua_war_sanctions
9332822,613741201,NICHOLE,mare.shadow;poi,cm,https://www.opensanctions.org/entities/imo-vsl-9332822,ua_war_sanctions
9332834,667001245,MYSTERY,mare.shadow;poi,sl,https://www.opensanctions.org/entities/imo-vsl-9332834,ua_war_sanctions
9333400,613004110,NOBLE,mare.shadow;poi,cm,https://www.opensanctions.org/entities/imo-vsl-9333400,ua_war_sanctions
9333412,613007100,ENIGMA,mare.shadow;poi,cm,https://www.opensanctions.org/entities/imo-vsl-9333412,ua_war_sanctions
9333424,613004300,PHOTON,mare.shadow;poi,cm,https://www.opensanctions.org/entities/imo-vsl-9333424,ua_war_sanctions
9333436,461000248,SOLARIS,mare.shadow;poi,om,https://www.opensanctions.org/entities/imo-vsl-9333436,ua_war_sanctions
9333785,667001496,SEADAR,mare.shadow;poi,sl,https://www.opensanctions.org/entities/imo-vsl-9333785,ua_war_sanctions
9334296,626455000,NEMBUS,mare.shadow;poi,ga,https://www.opensanctions.org/entities/imo-vsl-9334296,ua_war_sanctions
9334557,613427200,BLUE TALU,mare.shadow;poi,cm,https://www.opensanctions.org/entities/imo-vsl-9334557,ua_war_sanctions
9334569,538004215,CHRYSTAL SKY,mare.shadow;poi,mh,https://www.opensanctions.org/entities/imo-vsl-9334569,ua_war_sanctions
9334789,636022668,HORIZZON,mare.shadow;poi,lr,https://www.opensanctions.org/entities/imo-vsl-9334789,ua_war_sanctions
9335094,506021500,VARG,mare.shadow;poi,mm,https://www.opensanctions.org/entities/imo-vsl-9335094,ua_war_sanctions
9336414,538012620,ORFEOS,mare.shadow;poi,mh,https://www.opensanctions.org/entities/imo-vsl-9336414,ua_war_sanctions
9336426,461000187,SELVA,mare.shadow;poi,om,https://www.opensanctions.org/entities/imo-vsl-9336426,ua_war_sanctions
9336490,,MYRA,mare.shadow;poi,,https://www.opensanctions.org/entities/imo-vsl-9336490,ua_war_sanctions
9336517,667001645,URIEL,mare.shadow;poi,sl,https://www.opensanctions.org/entities/imo-vsl-9336517,ua_war_sanctions
9337133,574005380,IVY,mare.shadow;poi,vn,https://www.opensanctions.org/entities/imo-vsl-9337133,ua_war_sanctions
9337195,,LOLITE,mare.shadow;poi,,https://www.opensanctions.org/entities/imo-vsl-9337195,ua_war_sanctions
9337327,630001238,WEST HORIZON,mare.shadow;poi,gw,https://www.opensanctions.org/entities/imo-vsl-9337327,ua_war_sanctions
9337341,352005769,OCEANID,mare.shadow;poi,pa,https://www.opensanctions.org/entities/imo-vsl-9337341,ua_war_sanctions
9337389,,AGNI,mare.shadow;poi,,https://www.opensanctions.org/entities/imo-vsl-9337389,ua_war_sanctions
9337418,613009690,ATMOS,mare.shadow;poi,cm,https://www.opensanctions.org/entities/imo-vsl-9337418,ua_war_sanctions
9337901,613511600,RIMMA,mare.shadow;poi,cm,https://www.opensanctions.org/entities/imo-vsl-9337901,ua_war_sanctions
9338905,273120220,KRONOS,mare.shadow;poi,ru,https://www.opensanctions.org/entities/imo-vsl-9338905,ua_war_sanctions
9339301,273255820,LIPETSK,mare.shadow;poi,ru,https://www.opensanctions.org/entities/imo-vsl-9339301,ua_war_sanctions
9339313,273259430,LADOGA,mare.shadow;poi,ru,https://www.opensanctions.org/entities/imo-vsl-9339313,ua_war_sanctions
9339325,461000246,LEVEL,mare.shadow;poi,om,https://www.opensanctions.org/entities/imo-vsl-9339325,ua_war_sanctions
9339337,461000249,LAVENDER,mare.shadow;poi,om,https://www.opensanctions.org/entities/imo-vsl-9339337,ua_war_sanctions
9340116,636013337,CHEM HELEN,mare.shadow;poi,lr,https://www.opensanctions.org/entities/imo-vsl-9340116,ua_war_sanctions
9341067,,DF PEAK,mare.shadow;poi,,https://www.opensanctions.org/entities/imo-vsl-9341067,ua_war_sanctions
9341079,461000253,CAMEL,mare.shadow;poi,om,https://www.opensanctions.org/entities/imo-vsl-9341079,ua_war_sanctions
9341081,461000252,CARMA,mare.shadow;poi,om,https://www.opensanctions.org/entities/imo-vsl-9341081,ua_war_sanctions
9341093,273250930,KOLOMNA,mare.shadow;poi,ru,https://www.opensanctions.org/entities/imo-vsl-9341093,ua_war_sanctions
9341512,,LADY LUCY,mare.shadow;poi,,https://www.opensanctions.org/entities/imo-vsl-9341512,ua_war_sanctions
9343986,,CAPELLA MB,mare.shadow;poi,,https://www.opensanctions.org/entities/imo-vsl-9343986,ua_war_sanctions
9344033,,TRIUM,mare.shadow;poi,,https://www.opensanctions.org/entities/imo-vsl-9344033,ua_war_sanctions
9345623,461000370,ELYTE,mare.shadow;poi,om,https://www.opensanctions.org/entities/imo-vsl-9345623,ua_war_sanctions
9346720,352002809,KIRA K,mare.shadow;poi,pa,https://www.opensanctions.org/entities/imo-vsl-9346720,ua_war_sanctions
9346732,273277290,PRODUCER,mare.shadow;poi,ru,https://www.opensanctions.org/entities/imo-vsl-9346732,ua_war_sanctions
9346744,667002086,MA JIN,mare.shadow;poi,sl,https://www.opensanctions.org/entities/imo-vsl-9346744,ua_war_sanctions
9346859,352005425,ANLAN,mare.shadow;poi,pa,https://www.opensanctions.org/entities/imo-vsl-9346859,ua_war_sanctions
9346873,613541500,ELODIE I,mare.shadow;poi,cm,https://www.opensanctions.org/entities/imo-vsl-9346873,ua_war_sanctions
9346885,314001093,ZENTURO,mare.shadow;poi,bb,https://www.opensanctions.org/entities/imo-vsl-9346885,ua_war_sanctions
9347308,,AURA MARIS,mare.shadow;poi,cm,https://www.opensanctions.org/entities/imo-vsl-9347308,ua_war_sanctions
9348479,613277600,LUCKY FAIRY,mare.shadow;poi,cm,https://www.opensanctions.org/entities/imo-vsl-9348479,ua_war_sanctions
9350654,,RUBY CROSS,mare.shadow;poi,,https://www.opensanctions.org/entities/imo-vsl-9350654,ua_war_sanctions
9352195,273124310,VYCHEGDA,mare.shadow;poi,ru,https://www.opensanctions.org/entities/imo-vsl-9352195,ua_war_sanctions
9353096,613419900,GURU,mare.shadow;poi,cm,https://www.opensanctions.org/entities/imo-vsl-9353096,ua_war_sanctions
9353113,613812500,JUN MA,mare.shadow;poi,cm,https://www.opensanctions.org/entities/imo-vsl-9353113,ua_war_sanctions
9353125,273127310,MEZEN,mare.shadow;poi,ru,https://www.opensanctions.org/entities/imo-vsl-9353125,ua_war_sanctions
9353137,511101981,ANTEY,mare.shadow;poi,pw,https://www.opensanctions.org/entities/imo-vsl-9353137,ua_war_sanctions
9354301,273277060,JAGGER,mare.shadow;poi,ru,https://www.opensanctions.org/entities/imo-vsl-9354301,ua_war_sanctions
9354313,461000258,JASMINE,mare.shadow;poi,om,https://www.opensanctions.org/entities/imo-vsl-9354313,ua_war_sanctions
9354521,,ANHONA,mare.shadow;poi,,https://www.opensanctions.org/entities/imo-vsl-9354521,ua_war_sanctions
9354636,273318520,FLURA,mare.shadow;poi,ru,https://www.opensanctions.org/entities/imo-vsl-9354636,ua_war_sanctions
9356610,273295660,ALEXANDER NEVSKIY,mare.shadow;poi,ru,https://www.opensanctions.org/entities/imo-vsl-9356610,ua_war_sanctions
9358412,352005654,TIGER WINGS,mare.shadow;poi,pa,https://www.opensanctions.org/entities/imo-vsl-9358412,ua_war_sanctions
9360128,,ZALIV BAIKAL,mare.shadow;poi,om,https://www.opensanctions.org/entities/imo-vsl-9360128,ua_war_sanctions
9360130,461000260,ZALIV VOSTOK,mare.shadow;poi,om,https://www.opensanctions.org/entities/imo-vsl-9360130,ua_war_sanctions
9360415,631010099,INDUS 1,mare.shadow;poi,gq,https://www.opensanctions.org/entities/imo-vsl-9360415,ua_war_sanctions
9365752,,FLORA,mare.shadow;poi,,https://www.opensanctions.org/entities/imo-vsl-9365752,ua_war_sanctions
9365764,,AMEN,mare.shadow;poi,,https://www.opensanctions.org/entities/imo-vsl-9365764,ua_war_sanctions
9365776,,AZELIA,mare.shadow;poi,,https://www.opensanctions.org/entities/imo-vsl-9365776,ua_war_sanctions
9368223,461000320,ACHILLES,mare.shadow;poi,om,https://www.opensanctions.org/entities/imo-vsl-9368223,ua_war_sanctions
9368235,613881404,NEVAH,mare.shadow;poi,cm,https://www.opensanctions.org/entities/imo-vsl-9368235,ua_war_sanctions
9369617,273314230,NIZAMI GANJAVI,mare.shadow;poi,ru,https://www.opensanctions.org/entities/imo-vsl-9369617,ua_war_sanctions
9371608,,NECLEUS,mare.shadow;poi,,https://www.opensanctions.org/entities/imo-vsl-9371608,ua_war_sanctions
9374416,636013409,CHEM NICHOLAS,mare.shadow;poi,lr,https://www.opensanctions.org/entities/imo-vsl-9374416,ua_war_sanctions
9374868,574005510,NERO,mare.shadow;poi,vn,https://www.opensanctions.org/entities/imo-vsl-9374868,ua_war_sanctions
9375575,352002931,SINO FAITH,mare.shadow;poi,pa,https://www.opensanctions.org/entities/imo-vsl-9375575,ua_war_sanctions
9377042,273311240,ARMADA EXPLORER,mare.shadow;poi,ru,https://www.opensanctions.org/entities/imo-vsl-9377042,ua_war_sanctions
9377779,273270940,VOZROZHDENIYE,mare.shadow;poi,ru,https://www.opensanctions.org/entities/imo-vsl-9377779,ua_war_sanctions
9378618,273271320,PIONER 1,mare.shadow;poi,ru,https://www.opensanctions.org/entities/imo-vsl-9378618,ua_war_sanctions
9378620,613271403,DALVA,mare.shadow;poi,cm,https://www.opensanctions.org/entities/imo-vsl-9378620,ua_war_sanctions
9378632,,SINTEZ,mare.shadow;poi,ru,https://www.opensanctions.org/entities/imo-vsl-9378632,ua_war_sanctions
9378864,,VISUND,mare.shadow;poi,,https://www.opensanctions.org/entities/imo-vsl-9378864,ua_war_sanctions
9378876,667002511,GREGAL,mare.shadow;poi,sl,https://www.opensanctions.org/entities/imo-vsl-9378876,ua_war_sanctions
9379052,,NOVA,mare.shadow;poi,,https://www.opensanctions.org/entities/imo-vsl-9379052,ua_war_sanctions
9379301,,VERSA,mare.shadow;poi,,https://www.opensanctions.org/entities/imo-vsl-9379301,ua_war_sanctions
9379698,,WENDY,mare.shadow;poi,,https://www.opensanctions.org/entities/imo-vsl-9379698,ua_war_sanctions
9379703,,CUME,mare.shadow;poi,,https://www.opensanctions.org/entities/imo-vsl-9379703,ua_war_sanctions
9380051,352005663,GRACE LEON,mare.shadow;poi,pa,https://www.opensanctions.org/entities/imo-vsl-9380051,ua_war_sanctions
9380570,,BINARY STAR,mare.shadow;poi,,https://www.opensanctions.org/entities/imo-vsl-9380570,ua_war_sanctions
9380673,667001255,CENTURION,mare.shadow;poi,sl,https://www.opensanctions.org/entities/imo-vsl-9380673,ua_war_sanctions
9381732,273273460,AKCENT,mare.shadow;poi,ru,https://www.opensanctions.org/entities/imo-vsl-9381732,ua_war_sanctions
9381744,273274460,ARKHITEKTOR,mare.shadow;poi,ru,https://www.opensanctions.org/entities/imo-vsl-9381744,ua_war_sanctions
9382073,,EVERDINE,mare.shadow;poi,,https://www.opensanctions.org/entities/imo-vsl-9382073,ua_war_sanctions
9382712,667001964,DENVER,mare.shadow;poi,sl,https://www.opensanctions.org/entities/imo-vsl-9382712,ua_war_sanctions
9382798,273271950,TRUST,mare.shadow;poi,ru,https://www.opensanctions.org/entities/imo-vsl-9382798,ua_war_sanctions
9383869,613411502,SARASWATI,mare.shadow;poi,cm,https://www.opensanctions.org/entities/imo-vsl-9383869,ua_war_sanctions
9383950,273271660,SALUT,mare.shadow;poi,ru,https://www.opensanctions.org/entities/imo-vsl-9383950,ua_war_sanctions
9384069,273129220,LAZURIT,mare.shadow;poi,ru,https://www.opensanctions.org/entities/imo-vsl-9384069,ua_war_sanctions
9384095,667001303,RAGNAR,mare.shadow;poi,sl,https://www.opensanctions.org/entities/imo-vsl-9384095,ua_war_sanctions
9384306,273271630,UNIVERSAL,mare.shadow;poi,ru,https://www.opensanctions.org/entities/imo-vsl-9384306,ua_war_sanctions
9384435,273272930,BELOMOR,mare.shadow;poi,ru,https://www.opensanctions.org/entities/imo-vsl-9384435,ua_war_sanctions
9384447,273279830,BARENTS,mare.shadow;poi,ru,https://www.opensanctions.org/entities/imo-vsl-9384447,ua_war_sanctions
9384459,273273930,ONEGA,mare.shadow;poi,ru,https://www.opensanctions.org/entities/imo-vsl-9384459,ua_war_sanctions
9384564,314001157,SEARUN,mare.shadow;poi,bb,https://www.opensanctions.org/entities/imo-vsl-9384564,ua_war_sanctions
9384992,667002211,MARS 6,mare.shadow;poi,sl,https://www.opensanctions.org/entities/imo-vsl-9384992,ua_war_sanctions
9385142,273276930,ALMOND,mare.shadow;poi,ru,https://www.opensanctions.org/entities/imo-vsl-9385142,ua_war_sanctions
9385831,667002320,LERUO,mare.shadow;poi,sl,https://www.opensanctions.org/entities/imo-vsl-9385831,ua_war_sanctions
9386536,273277180,SOGLASIYE,mare.shadow;poi,ru,https://www.opensanctions.org/entities/imo-vsl-9386536,ua_war_sanctions
9387255,613445605,VEXIA,mare.shadow;poi,cm,https://www.opensanctions.org/entities/imo-vsl-9387255,ua_war_sanctions
9387279,,ETHERA,mare.shadow;poi,,https://www.opensanctions.org/entities/imo-vsl-9387279,ua_war_sanctions
9388027,,MANASLU,mare.shadow;poi,,https://www.opensanctions.org/entities/imo-vsl-9388027,ua_war_sanctions
9388730,525121076,SAVIR TIGER,mare.shadow;poi,id,https://www.opensanctions.org/entities/imo-vsl-9388730,ua_war_sanctions
9388742,667001627,FONDEYA,mare.shadow;poi,sl,https://www.opensanctions.org/entities/imo-vsl-9388742,ua_war_sanctions
9388754,273270320,TRADER,mare.shadow;poi,ru,https://www.opensanctions.org/entities/imo-vsl-9388754,ua_war_sanctions
9388766,461000321,DESTAN,mare.shadow;poi,om,https://www.opensanctions.org/entities/imo-vsl-9388766,ua_war_sanctions
9388780,667001611,BAI LU,mare.shadow;poi,sl,https://www.opensanctions.org/entities/imo-vsl-9388780,ua_war_sanctions
9388792,,UNITY,mare.shadow;poi,,https://www.opensanctions.org/entities/imo-vsl-9388792,ua_war_sanctions
9389071,352005354,TANGO 2,mare.shadow;poi,pa,https://www.opensanctions.org/entities/imo-vsl-9389071,ua_war_sanctions
9389083,352005486,TIGER 6,mare.shadow;poi,pa,https://www.opensanctions.org/entities/imo-vsl-9389083,ua_war_sanctions
9389095,273277840,TRIUMF,mare.shadow;poi,ru,https://www.opensanctions.org/entities/imo-vsl-9389095,ua_war_sanctions
9389100,613411302,SMYRTOS,mare.shadow;poi,cm,https://www.opensanctions.org/entities/imo-vsl-9389100,ua_war_sanctions
9389679,667002240,BULLAR,mare.shadow;poi,sl,https://www.opensanctions.org/entities/imo-vsl-9389679,ua_war_sanctions
9390587,,ONEIROI,mare.shadow;poi,,https://www.opensanctions.org/entities/imo-vsl-9390587,ua_war_sanctions
9391402,352004840,MESTRAL,mare.shadow;poi,pa,https://www.opensanctions.org/entities/imo-vsl-9391402,ua_war_sanctions
9392822,,LOTUS,mare.shadow;poi,,https://www.opensanctions.org/entities/imo-vsl-9392822,ua_war_sanctions
9393668,352002874,WALER,mare.shadow;poi,pa,https://www.opensanctions.org/entities/imo-vsl-9393668,ua_war_sanctions
9394935,667002072,OSANA,mare.shadow;poi,sl,https://www.opensanctions.org/entities/imo-vsl-9394935,ua_war_sanctions
9395379,613702110,FORTIS,mare.shadow;poi,cm,https://www.opensanctions.org/entities/imo-vsl-9395379,ua_war_sanctions
9397456,352004563,HANNA,mare.shadow;poi,pa,https://www.opensanctions.org/entities/imo-vsl-9397456,ua_war_sanctions
9397535,273265590,JUPITER,mare.shadow;poi,ru,https://www.opensanctions.org/entities/imo-vsl-9397535,ua_war_sanctions
9397547,273268690,ARIADNE,mare.shadow;poi,ru,https://www.opensanctions.org/entities/imo-vsl-9397547,ua_war_sanctions
9397559,273267690,ARIA,mare.shadow;poi,ru,https://www.opensanctions.org/entities/imo-vsl-9397559,ua_war_sanctions
9397676,423046100,NASIMI,mare.shadow;poi,az,https://www.opensanctions.org/entities/imo-vsl-9397676,ua_war_sanctions
9399480,352004616,LLEVANT,mare.shadow;poi,pa,https://www.opensanctions.org/entities/imo-vsl-9399480,ua_war_sanctions
9400980,,EVALI,mare.shadow;poi,,https://www.opensanctions.org/entities/imo-vsl-9400980,ua_war_sanctions
9402263,,ASTERAS,mare.shadow;poi,,https://www.opensanctions.org/entities/imo-vsl-9402263,ua_war_sanctions
9402328,667002520,SARA SKY,mare.shadow;poi,sl,https://www.opensanctions.org/entities/imo-vsl-9402328,ua_war_sanctions
9402469,,FREDA,mare.shadow;poi,,https://www.opensanctions.org/entities/imo-vsl-9402469,ua_war_sanctions
9402471,461000282,QASR,mare.shadow;poi,om,https://www.opensanctions.org/entities/imo-vsl-9402471,ua_war_sanctions
9402732,273278570,URAN,mare.shadow;poi,ru,https://www.opensanctions.org/entities/imo-vsl-9402732,ua_war_sanctions
9404948,613271404,THRON,mare.shadow;poi,cm,https://www.opensanctions.org/entities/imo-vsl-9404948,ua_war_sanctions
9405057,613522701,JUN TONG,mare.shadow;poi,cm,https://www.opensanctions.org/entities/imo-vsl-9405057,ua_war_sanctions
9408190,,SAMOS,mare.shadow;poi,,https://www.opensanctions.org/entities/imo-vsl-9408190,ua_war_sanctions
9408205,613741800,NELSA,mare.shadow;poi,cm,https://www.opensanctions.org/entities/imo-vsl-9408205,ua_war_sanctions
9408530,613322700,EVITA,mare.shadow;poi,cm,https://www.opensanctions.org/entities/imo-vsl-9408530,ua_war_sanctions
9408542,352005116,LING HONG,mare.shadow;poi,pa,https://www.opensanctions.org/entities/imo-vsl-9408542,ua_war_sanctions
9408554,376989000,HE BO,mare.shadow;poi,vc,https://www.opensanctions.org/entities/imo-vsl-9408554,ua_war_sanctions
9408683,,ZHUO YUAN,mare.shadow;poi,,https://www.opensanctions.org/entities/imo-vsl-9408683,ua_war_sanctions
9408695,,TASSOS,mare.shadow;poi,,https://www.opensanctions.org/entities/imo-vsl-9408695,ua_war_sanctions
9409247,477206500,VALIANT,mare.shadow;poi,hk,https://www.opensanctions.org/entities/imo-vsl-9409247,ua_war_sanctions
9409259,667001617,SPIRIT 2,mare.shadow;poi,sl,https://www.opensanctions.org/entities/imo-vsl-9409259,ua_war_sanctions
9409467,,PRAVASI,mare.shadow;poi,,https://www.opensanctions.org/entities/imo-vsl-9409467,ua_war_sanctions
9410387,,JAYA,mare.shadow;poi,,https://www.opensanctions.org/entities/imo-vsl-9410387,ua_war_sanctions
9410870,273273670,AKHILL,mare.shadow;poi,ru,https://www.opensanctions.org/entities/imo-vsl-9410870,ua_war_sanctions
9410894,273273360,AKSEL,mare.shadow;poi,ru,https://www.opensanctions.org/entities/imo-vsl-9410894,ua_war_sanctions
9411020,273250630,BRATSK,mare.shadow;poi,ru,https://www.opensanctions.org/entities/imo-vsl-9411020,ua_war_sanctions
9411331,273277260,KLEVER,mare.shadow;poi,ru,https://www.opensanctions.org/entities/imo-vsl-9411331,ua_war_sanctions
9412000,249566000,CONGA,mare.shadow;poi,mt,https://www.opensanctions.org/entities/imo-vsl-9412000,ua_war_sanctions
9412335,461000240,BOND,mare.shadow;poi,om,https://www.opensanctions.org/entities/imo-vsl-9412335,ua_war_sanctions
9412347,461000241,LYNX,mare.shadow;poi,om,https://www.opensanctions.org/entities/imo-vsl-9412347,ua_war_sanctions
9412359,273259530,BELGOROD,mare.shadow;poi,ru,https://www.opensanctions.org/entities/imo-vsl-9412359,ua_war_sanctions
9412452,273127920,TSOIZIT,mare.shadow;poi,ru,https://www.opensanctions.org/entities/imo-vsl-9412452,ua_war_sanctions
9412995,273274080,ATLANT,mare.shadow;poi,ru,https://www.opensanctions.org/entities/imo-vsl-9412995,ua_war_sanctions
9413004,,HORAE,mare.shadow;poi,,https://www.opensanctions.org/entities/imo-vsl-9413004,ua_war_sanctions
9413547,461000238,AMULET,mare.shadow;poi,om,https://www.opensanctions.org/entities/imo-vsl-9413547,ua_war_sanctions
9413559,273251530,ANTARKTIKA,mare.shadow;poi,ru,https://www.opensanctions.org/entities/imo-vsl-9413559,ua_war_sanctions
9413561,461000236,ARROW,mare.shadow;poi,om,https://www.opensanctions.org/entities/imo-vsl-9413561,ua_war_sanctions
9413573,461000247,ARCADIA,mare.shadow;poi,om,https://www.opensanctions.org/entities/imo-vsl-9413573,ua_war_sanctions
9416422,352003620,OCEAN THUNDER,mare.shadow;poi,pa,https://www.opensanctions.org/entities/imo-vsl-9416422,ua_war_sanctions
9417464,,TANI,mare.shadow;poi,,https://www.opensanctions.org/entities/imo-vsl-9417464,ua_war_sanctions
9418482,667002291,CETUS,mare.shadow;poi,sl,https://www.opensanctions.org/entities/imo-vsl-9418482,ua_war_sanctions
9418494,461000231,ZALIV ANIVA,mare.shadow;poi,om,https://www.opensanctions.org/entities/imo-vsl-9418494,ua_war_sanctions
9419137,273275260,SKIF,mare.shadow;poi,ru,https://www.opensanctions.org/entities/imo-vsl-9419137,ua_war_sanctions
9419151,667001252,WU TAI,mare.shadow;poi,sl,https://www.opensanctions.org/entities/imo-vsl-9419151,ua_war_sanctions
9419448,273270180,FORWARDER,mare.shadow;poi,ru,https://www.opensanctions.org/entities/imo-vsl-9419448,ua_war_sanctions
9419450,273121430,MORGANIT,mare.shadow;poi,ru,https://www.opensanctions.org/entities/imo-vsl-9419450,ua_war_sanctions
9421960,273255610,PRIMORYE,mare.shadow;poi,ru,https://www.opensanctions.org/entities/imo-vsl-9421960,ua_war_sanctions
9421972,461000232,SPARTAN,mare.shadow;poi,om,https://www.opensanctions.org/entities/imo-vsl-9421972,ua_war_sanctions
9422445,461000221,RESPECT,mare.shadow;poi,om,https://www.opensanctions.org/entities/imo-vsl-9422445,ua_war_sanctions
9422457,461000234,BOBCAT,mare.shadow;poi,om,https://www.opensanctions.org/entities/imo-vsl-9422457,ua_war_sanctions
9422964,273368990,ABRAU,mare.shadow;poi,ru,https://www.opensanctions.org/entities/imo-vsl-9422964,ua_war_sanctions
9422988,,VOLANS,mare.shadow;poi,,https://www.opensanctions.org/entities/imo-vsl-9422988,ua_war_sanctions
9424651,667001259,MANTA,mare.shadow;poi,sl,https://www.opensanctions.org/entities/imo-vsl-9424651,ua_war_sanctions
9428358,667001318,SONA,mare.shadow;poi,sl,https://www.opensanctions.org/entities/imo-vsl-9428358,ua_war_sanctions
9430210,613511200,GOGLAND,mare.shadow;poi,cm,https://www.opensanctions.org/entities/imo-vsl-9430210,ua_war_sanctions
9430272,,JIN HUI,mare.shadow;poi,,https://www.opensanctions.org/entities/imo-vsl-9430272,ua_war_sanctions
9433016,,APATE,mare.shadow;poi,,https://www.opensanctions.org/entities/imo-vsl-9433016,ua_war_sanctions
9434890,667002021,VOKKI,mare.shadow;poi,sl,https://www.opensanctions.org/entities/imo-vsl-9434890,ua_war_sanctions
9435337,273338920,AKHTY,mare.shadow;poi,ru,https://www.opensanctions.org/entities/imo-vsl-9435337,ua_war_sanctions
9435363,273339920,VOLGA RIVER,mare.shadow;poi,ru,https://www.opensanctions.org/entities/imo-vsl-9435363,ua_war_sanctions
9435375,273332530,IRTYSH RIVER,mare.shadow;poi,ru,https://www.opensanctions.org/entities/imo-vsl-9435375,ua_war_sanctions
9436006,273272260,GUSTAV,mare.shadow;poi,ru,https://www.opensanctions.org/entities/imo-vsl-9436006,ua_war_sanctions
9436018,613503100,DG HONG KONG,mare.shadow;poi,cm,https://www.opensanctions.org/entities/imo-vsl-9436018,ua_war_sanctions
9436020,352005238,CENTURION I,mare.shadow;poi,pa,https://www.opensanctions.org/entities/imo-vsl-9436020,ua_war_sanctions
9436941,273275360,INTEGRATOR,mare.shadow;poi,ru,https://www.opensanctions.org/entities/imo-vsl-9436941,ua_war_sanctions
9437983,667001407,CAI YUN,mare.shadow;poi,sl,https://www.opensanctions.org/entities/imo-vsl-9437983,ua_war_sanctions
9439383,,BHILVA,mare.shadow;poi,,https://www.opensanctions.org/entities/imo-vsl-9439383,ua_war_sanctions
9439400,314001132,BRAVIS,mare.shadow;poi,bb,https://www.opensanctions.org/entities/imo-vsl-9439400,ua_war_sanctions
9439539,613271610,BOLU,mare.shadow;poi,cm,https://www.opensanctions.org/entities/imo-vsl-9439539,ua_war_sanctions
9439541,,NEMRUT,mare.shadow;poi,,https://www.opensanctions.org/entities/imo-vsl-9439541,ua_war_sanctions
9441958,626459000,MARKAB,mare.shadow;poi,ga,https://www.opensanctions.org/entities/imo-vsl-9441958,ua_war_sanctions
9448968,273335620,YURI KORCHAGIN,mare.shadow;poi,ru,https://www.opensanctions.org/entities/imo-vsl-9448968,ua_war_sanctions
9459242,667002315,FELIKS,mare.shadow;poi,sl,https://www.opensanctions.org/entities/imo-vsl-9459242,ua_war_sanctions
9460564,352005437,BALU 6,mare.shadow;poi,pa,https://www.opensanctions.org/entities/imo-vsl-9460564,ua_war_sanctions
9470131,314001155,TORVIAN,mare.shadow;poi,bb,https://www.opensanctions.org/entities/imo-vsl-9470131,ua_war_sanctions
9472634,352005472,AURA 1,mare.shadow;poi,pa,https://www.opensanctions.org/entities/imo-vsl-9472634,ua_war_sanctions
9486805,,ZEAL,mare.shadow;poi,,https://www.opensanctions.org/entities/imo-vsl-9486805,ua_war_sanctions
9495832,,PAXMARIS,mare.shadow;poi,,https://www.opensanctions.org/entities/imo-vsl-9495832,ua_war_sanctions
9503304,273335920,GENERAL SKOBELEV,mare.shadow;poi,ru,https://www.opensanctions.org/entities/imo-vsl-9503304,ua_war_sanctions
9511387,461000237,OASIS,mare.shadow;poi,om,https://www.opensanctions.org/entities/imo-vsl-9511387,ua_war_sanctions
9511521,461000255,MIRABEL,mare.shadow;poi,om,https://www.opensanctions.org/entities/imo-vsl-9511521,ua_war_sanctions
9511533,461000256,PRIMAVERA,mare.shadow;poi,om,https://www.opensanctions.org/entities/imo-vsl-9511533,ua_war_sanctions
9513139,273278260,ZODIAK,mare.shadow;poi,ru,https://www.opensanctions.org/entities/imo-vsl-9513139,ua_war_sanctions
9522324,613007200,SIERRA,mare.shadow;poi,cm,https://www.opensanctions.org/entities/imo-vsl-9522324,ua_war_sanctions
9524451,273271260,BELUGA,mare.shadow;poi,ru,https://www.opensanctions.org/entities/imo-vsl-9524451,ua_war_sanctions
9524463,273279060,SONATA,mare.shadow;poi,ru,https://www.opensanctions.org/entities/imo-vsl-9524463,ua_war_sanctions
9530917,273276260,VESNA,mare.shadow;poi,ru,https://www.opensanctions.org/entities/imo-vsl-9530917,ua_war_sanctions
9531375,,MOLLY,mare.shadow;poi,,https://www.opensanctions.org/entities/imo-vsl-9531375,ua_war_sanctions
9531387,,FOURACE,mare.shadow;poi,,https://www.opensanctions.org/entities/imo-vsl-9531387,ua_war_sanctions
9544281,273273160,PERSEY,mare.shadow;poi,ru,https://www.opensanctions.org/entities/imo-vsl-9544281,ua_war_sanctions
9550682,613511601,XING CHEN,mare.shadow;poi,cm,https://www.opensanctions.org/entities/imo-vsl-9550682,ua_war_sanctions
9553957,,COURAGE 7,mare.shadow;poi,,https://www.opensanctions.org/entities/imo-vsl-9553957,ua_war_sanctions
9554822,,VELIX,mare.shadow;poi,,https://www.opensanctions.org/entities/imo-vsl-9554822,ua_war_sanctions
9554834,,XARON,mare.shadow;poi,,https://www.opensanctions.org/entities/imo-vsl-9554834,ua_war_sanctions
9571052,,MAHADEV,mare.shadow;poi,,https://www.opensanctions.org/entities/imo-vsl-9571052,ua_war_sanctions
9577082,273278950,PREMIER,mare.shadow;poi,ru,https://www.opensanctions.org/entities/imo-vsl-9577082,ua_war_sanctions
9577094,461000264,GARNET,mare.shadow;poi,om,https://www.opensanctions.org/entities/imo-vsl-9577094,ua_war_sanctions
9585912,273452590,MARLIN,mare.shadow;poi,ru,https://www.opensanctions.org/entities/imo-vsl-9585912,ua_war_sanctions
9585924,273298630,KALUGA,mare.shadow;poi,ru,https://www.opensanctions.org/entities/imo-vsl-9585924,ua_war_sanctions
9587831,511101398,ZAPHIRA,mare.shadow;poi,pw,https://www.opensanctions.org/entities/imo-vsl-9587831,ua_war_sanctions
9589750,273277650,STRATEG,mare.shadow;poi,ru,https://www.opensanctions.org/entities/imo-vsl-9589750,ua_war_sanctions
9599341,273253180,JUPITER I,mare.shadow;poi,ru,https://www.opensanctions.org/entities/imo-vsl-9599341,ua_war_sanctions
9599353,273255980,VENUS III,mare.shadow;poi,ru,https://www.opensanctions.org/entities/imo-vsl-9599353,ua_war_sanctions
9610781,461000254,NOMAD,mare.shadow;poi,om,https://www.opensanctions.org/entities/imo-vsl-9610781,ua_war_sanctions
9610793,273259730,GEORGY MASLOV,mare.shadow;poi,ru,https://www.opensanctions.org/entities/imo-vsl-9610793,ua_war_sanctions
9610808,273253130,ANATOLY KOLODKIN,mare.shadow;poi,ru,https://www.opensanctions.org/entities/imo-vsl-9610808,ua_war_sanctions
9610810,273258810,VIKTOR BAKAEV,mare.shadow;poi,ru,https://www.opensanctions.org/entities/imo-vsl-9610810,ua_war_sanctions
9612923,273351260,YULIY MAKARENKOV,mare.shadow;poi,ru,https://www.opensanctions.org/entities/imo-vsl-9612923,ua_war_sanctions
9621558,273359180,KARAKUZ,mare.shadow;poi,ru,https://www.opensanctions.org/entities/imo-vsl-9621558,ua_war_sanctions
9621560,273358180,BAVLY,mare.shadow;poi,ru,https://www.opensanctions.org/entities/imo-vsl-9621560,ua_war_sanctions
9624316,273355480,AURA,mare.shadow;poi,ru,https://www.opensanctions.org/entities/imo-vsl-9624316,ua_war_sanctions
9637961,273387430,SERGEY TERSKOV,mare.shadow;poi,ru,https://www.opensanctions.org/entities/imo-vsl-9637961,ua_war_sanctions
9640516,273353450,VELES,mare.shadow;poi,ru,https://www.opensanctions.org/entities/imo-vsl-9640516,ua_war_sanctions
9640528,273354450,POSEIDON S,mare.shadow;poi,ru,https://www.opensanctions.org/entities/imo-vsl-9640528,ua_war_sanctions
9640530,273355450,BM FLOT-1,mare.shadow;poi,ru,https://www.opensanctions.org/entities/imo-vsl-9640530,ua_war_sanctions
9645011,273358170,SANAR-18,mare.shadow;poi,ru,https://www.opensanctions.org/entities/imo-vsl-9645011,ua_war_sanctions
9645023,273359170,VASILY SURIKOV,mare.shadow;poi,ru,https://www.opensanctions.org/entities/imo-vsl-9645023,ua_war_sanctions
9645982,273331440,LIBERTY,mare.shadow;poi,ru,https://www.opensanctions.org/entities/imo-vsl-9645982,ua_war_sanctions
9655468,273333570,LOYALTY,mare.shadow;poi,ru,https://www.opensanctions.org/entities/imo-vsl-9655468,ua_war_sanctions
9655470,273259970,SATURN I,mare.shadow;poi,ru,https://www.opensanctions.org/entities/imo-vsl-9655470,ua_war_sanctions
9667928,,AIGAIO PELAGOS,mare.shadow;poi,lr,https://www.opensanctions.org/entities/imo-vsl-9667928,ua_war_sanctions
9676230,273359580,TRUVOR,mare.shadow;poi,ru,https://www.opensanctions.org/entities/imo-vsl-9676230,ua_war_sanctions
9683726,273332580,DMITRY POKROVSKY,mare.shadow;poi,ru,https://www.opensanctions.org/entities/imo-vsl-9683726,ua_war_sanctions
9735141,273374820,MIDVOLGA-3,mare.shadow;poi,ru,https://www.opensanctions.org/entities/imo-vsl-9735141,ua_war_sanctions
9749130,511101480,LADA,mare.shadow;poi,pw,https://www.opensanctions.org/entities/imo-vsl-9749130,ua_war_sanctions
9749154,273380170,KUPAVA,mare.shadow;poi,ru,https://www.opensanctions.org/entities/imo-vsl-9749154,ua_war_sanctions
9766073,511101517,NIKOLAY GAMAYUNOV,mare.shadow;poi,pw,https://www.opensanctions.org/entities/imo-vsl-9766073,ua_war_sanctions
9766085,273427090,NIKOLAY VELIKIY,mare.shadow;poi,ru,https://www.opensanctions.org/entities/imo-vsl-9766085,ua_war_sanctions
9809538,417222444,KUMANA,mare.shadow;poi,lk,https://www.opensanctions.org/entities/imo-vsl-9809538,ua_war_sanctions
9820776,352003039,GALIASGAR KAMAL,mare.shadow;poi,pa,https://www.opensanctions.org/entities/imo-vsl-9820776,ua_war_sanctions
9826720,636018682,ALIMEDON,mare.shadow;poi,lr,https://www.opensanctions.org/entities/imo-vsl-9826720,ua_war_sanctions
9826902,461000329,GALAXY,mare.shadow;poi,om,https://www.opensanctions.org/entities/imo-vsl-9826902,ua_war_sanctions
9832547,273278060,STRIZH,mare.shadow;poi,ru,https://www.opensanctions.org/entities/imo-vsl-9832547,ua_war_sanctions
9832559,273270850,PROMETEY,mare.shadow;poi,ru,https://www.opensanctions.org/entities/imo-vsl-9832559,ua_war_sanctions
9842176,273211040,VLADIMIR MONOMAKH,mare.shadow;poi,ru,https://www.opensanctions.org/entities/imo-vsl-9842176,ua_war_sanctions
9842188,273295230,VLADIMIR VINOGRADOV,mare.shadow;poi,ru,https://www.opensanctions.org/entities/imo-vsl-9842188,ua_war_sanctions
9842190,273616040,AKADEMIK GUBKIN,mare.shadow;poi,ru,https://www.opensanctions.org/entities/imo-vsl-9842190,ua_war_sanctions
9843560,461000326,VOYAGER,mare.shadow;poi,om,https://www.opensanctions.org/entities/imo-vsl-9843560,ua_war_sanctions
9866380,273618730,OKEANSKY PROSPECT,mare.shadow;poi,ru,https://www.opensanctions.org/entities/imo-vsl-9866380,ua_war_sanctions
9866392,273611590,VOSTOCHNY PROSPECT,mare.shadow;poi,ru,https://www.opensanctions.org/entities/imo-vsl-9866392,ua_war_sanctions
9901025,273277960,VLADIMIR ARSENYEV,mare.shadow;poi,ru,https://www.opensanctions.org/entities/imo-vsl-9901025,ua_war_sanctions
9901037,273276850,NIKOLAY ZADORNOV,mare.shadow;poi,ru,https://www.opensanctions.org/entities/imo-vsl-9901037,ua_war_sanctions
9187629,572469210,ABADAN,sanction,ir,https://www.opensanctions.org/entities/ofac-15036,us_ofac_sdn;us_trade_csl
9187655,,ARK III,sanction,ir,https://www.opensanctions.org/entities/ofac-15037,us_ofac_sdn;us_trade_csl
9187667,,ARGO I,sanction,ir,https://www.opensanctions.org/entities/ofac-15038,us_ofac_sdn;us_trade_csl
9187643,572467210,SEAPRIDE,sanction,ir,https://www.opensanctions.org/entities/ofac-15039,us_ofac_sdn;us_trade_csl
9187631,256845000,APAMA,sanction,ir,https://www.opensanctions.org/entities/ofac-15040,us_ofac_sdn;us_trade_csl
8508462,422141000,BANEH,sanction,ir,https://www.opensanctions.org/entities/ofac-15041,us_ofac_sdn;us_trade_csl
9218478,256865000,DAMAVAND,sanction,ir,https://www.opensanctions.org/entities/ofac-15042,us_ofac_sdn;us_trade_csl
9356593,677049200,DANESH,sanction,ir,https://www.opensanctions.org/entities/ofac-15043,us_ofac_sdn;us_trade_csl
9218492,256862000,DARAB,sanction,ir,https://www.opensanctions.org/entities/ofac-15044,us_ofac_sdn;us_trade_csl
9357717,677049300,DAVAR,sanction,ir,https://www.opensanctions.org/entities/ofac-15045,us_ofac_sdn;us_trade_csl
9218466,256872000,DAYLAM,sanction,ir,https://www.opensanctions.org/entities/ofac-15046,us_ofac_sdn;us_trade_csl
9218454,256864000,DELVAR,sanction,,https://www.opensanctions.org/entities/ofac-15047,us_ofac_sdn;us_trade_csl
9218480,256861000,DENA,sanction,ir,https://www.opensanctions.org/entities/ofac-15048,us_ofac_sdn;us_trade_csl
9283760,572438210,FAEZ,sanction,ir,https://www.opensanctions.org/entities/ofac-15049,us_ofac_sdn;us_trade_csl
9362073,572459210,HERO II,sanction,ir,https://www.opensanctions.org/entities/ofac-15050,us_ofac_sdn;us_trade_csl
9212929,572465210,LENA,sanction,ir,https://www.opensanctions.org/entities/ofac-15051,us_ofac_sdn;us_trade_csl
9357406,677049700,AMBER,sanction,ir,https://www.opensanctions.org/entities/ofac-15052,us_ofac_sdn;us_trade_csl
9212917,677050000,HASNA,sanction,ir,https://www.opensanctions.org/entities/ofac-15053,us_ofac_sdn;us_trade_csl
9357183,212256000,HATEF,sanction,ir,https://www.opensanctions.org/entities/ofac-15054,us_ofac_sdn;us_trade_csl
9212905,256875000,HAPPINESS,sanction,ir,https://www.opensanctions.org/entities/ofac-15055,us_ofac_sdn;us_trade_csl
9357391,572450210,HELM,sanction,ir,https://www.opensanctions.org/entities/ofac-15056,us_ofac_sdn;us_trade_csl
9362059,572458210,HODA,sanction,ir,https://www.opensanctions.org/entities/ofac-15057,us_ofac_sdn;us_trade_csl
9357389,677049600,HOMA,sanction,ir,https://www.opensanctions.org/entities/ofac-15058,us_ofac_sdn;us_trade_csl
9362061,,HONAR,sanction,ir,https://www.opensanctions.org/entities/ofac-15059,us_ofac_sdn;us_trade_csl
9212890,256870000,HORIZON,sanction,ir,https://www.opensanctions.org/entities/ofac-15060,us_ofac_sdn;us_trade_csl
9212888,256869000,HEDY,sanction,ir,https://www.opensanctions.org/entities/ofac-15061,us_ofac_sdn;us_trade_csl
9404546,,IMICO NEKA 455,sanction,ir,https://www.opensanctions.org/entities/ofac-15062,us_ofac_sdn;us_trade_csl
9283746,422303000,FORTUNE,sanction,ir,https://www.opensanctions.org/entities/ofac-15068,us_ofac_sdn;us_trade_csl
8517243,422143000,MARIVAN,sanction,ir,https://www.opensanctions.org/entities/ofac-15070,us_ofac_sdn;us_trade_csl
9079107,,NASHA,sanction,ir,https://www.opensanctions.org/entities/ofac-15073,us_ofac_sdn;us_trade_csl
9079078,572441210,NOAH,sanction,ir,https://www.opensanctions.org/entities/ofac-15074,us_ofac_sdn;us_trade_csl
9079066,,Naroon,sanction,ir,https://www.opensanctions.org/entities/ofac-15075,us_ofac_sdn;us_trade_csl
9569205,,SEASTAR III,sanction,ir,https://www.opensanctions.org/entities/ofac-15076,us_ofac_sdn;us_trade_csl
9172040,677049100,SANANDAJ,sanction,pa,https://www.opensanctions.org/entities/ofac-15077,us_ofac_sdn;us_trade_csl
8517231,422142000,SARDASHT,sanction,ir,https://www.opensanctions.org/entities/ofac-15078,us_ofac_sdn;us_trade_csl
9357377,249257000,SALINA,sanction,ir,https://www.opensanctions.org/entities/ofac-15079,us_ofac_sdn;us_trade_csl
9172052,,SABRINA,sanction,ir,https://www.opensanctions.org/entities/ofac-15080,us_ofac_sdn;us_trade_csl
9171462,,SAVEH,sanction,ir,https://www.opensanctions.org/entities/ofac-15081,us_ofac_sdn;us_trade_csl
9171450,,SPARROW,sanction,ir,https://www.opensanctions.org/entities/ofac-15082,us_ofac_sdn;us_trade_csl
9357353,,SIMA,sanction,ir,https://www.opensanctions.org/entities/ofac-15084,us_ofac_sdn;us_trade_csl
9357365,,SINA,sanction,ir,https://www.opensanctions.org/entities/ofac-15085,us_ofac_sdn;us_trade_csl
9569657,,SEA CLIFF,sanction,ir,https://www.opensanctions.org/entities/ofac-15086,us_ofac_sdn;us_trade_csl
9569633,,SONATA,sanction,ir,https://www.opensanctions.org/entities/ofac-15087,us_ofac_sdn;us_trade_csl
9569645,,SONGBIRD,sanction,ir,https://www.opensanctions.org/entities/ofac-15088,us_ofac_sdn;us_trade_csl
9569619,,SNOW,sanction,pa,https://www.opensanctions.org/entities/ofac-15089,us_ofac_sdn;us_trade_csl
9172038,677048400,SUSANGIRD,sanction,ir,https://www.opensanctions.org/entities/ofac-15090,us_ofac_sdn;us_trade_csl
8318178,,TOLOU,sanction,ir,https://www.opensanctions.org/entities/ofac-15091,us_ofac_sdn;us_trade_csl
8400103,,VALFAJR2,sanction,ir,https://www.opensanctions.org/entities/ofac-15092,us_ofac_sdn;us_trade_csl
8316168,422150000,YAGHOUB,sanction,ir,https://www.opensanctions.org/entities/ofac-15093,us_ofac_sdn;us_trade_csl
8316106,422144000,YOUSEF,sanction,ir,https://www.opensanctions.org/entities/ofac-15095,us_ofac_sdn;us_trade_csl
9177155,,DESTINY,sanction,ir,https://www.opensanctions.org/entities/ofac-15725,us_ofac_sdn;us_trade_csl
9183934,,FELICITY,sanction,ir,https://www.opensanctions.org/entities/ofac-15727,us_ofac_sdn;us_trade_csl
9180281,,HUMANITY,sanction,ir,https://www.opensanctions.org/entities/ofac-15729,us_ofac_sdn;us_trade_csl
8407345,,BADR,sanction,ir,https://www.opensanctions.org/entities/ofac-15859,us_ofac_sdn;us_trade_csl
9569621,,ATLANTIS,sanction,ir,https://www.opensanctions.org/entities/ofac-15902,us_ofac_sdn;us_trade_csl
9569683,,DANIEL,sanction,ir,https://www.opensanctions.org/entities/ofac-15903,us_ofac_sdn;us_trade_csl
9569671,,DINO I,sanction,ir,https://www.opensanctions.org/entities/ofac-15904,us_ofac_sdn;us_trade_csl
9615092,,MARIA III,sanction,pa,https://www.opensanctions.org/entities/ofac-15905,us_ofac_sdn;us_trade_csl
9569669,,DORENA,sanction,ir,https://www.opensanctions.org/entities/ofac-15906,us_ofac_sdn;us_trade_csl
8212465,,YOUNES,sanction,ir,https://www.opensanctions.org/entities/ofac-15907,us_ofac_sdn;us_trade_csl
9357729,,DAN,sanction,ir,https://www.opensanctions.org/entities/ofac-15908,us_ofac_sdn;us_trade_csl
7937317,,Chong Chon Gang,sanction,kp,https://www.opensanctions.org/entities/ofac-17069,us_ofac_sdn;us_trade_csl
8132835,,AP ROK GANG,sanction,kp,https://www.opensanctions.org/entities/ofac-17084,us_ofac_sdn;us_trade_csl
7944683,,BAEK MA KANG,sanction,kp,https://www.opensanctions.org/entities/ofac-17085,us_ofac_sdn;us_trade_csl
7944695,,Dai Hong Dan,sanction,kp,https://www.opensanctions.org/entities/ofac-17086,us_ofac_sdn;us_trade_csl
8405270,,Hwang Gum San 2,sanction,kp,https://www.opensanctions.org/entities/ofac-17087,us_ofac_sdn;us_trade_csl
8018900,,HYOK SIN 2,sanction,kp,https://www.opensanctions.org/entities/ofac-17088,us_ofac_sdn;us_trade_csl
8133530,,JANG JA SAN CHONG NYON HO,sanction,kp,https://www.opensanctions.org/entities/ofac-17089,us_ofac_sdn;us_trade_csl
8018912,,JON JIN 2,sanction,kp,https://www.opensanctions.org/entities/ofac-17090,us_ofac_sdn;us_trade_csl
7411260,,DOK CHON,sanction,kp,https://www.opensanctions.org/entities/ofac-17091,us_ofac_sdn;us_trade_csl
8328197,,MU DU BONG,sanction,kp,https://www.opensanctions.org/entities/ofac-17092,us_ofac_sdn;us_trade_csl
8330815,,O UN CHONG NYON HO,sanction,kp,https://www.opensanctions.org/entities/ofac-17093,us_ofac_sdn;us_trade_csl
8829555,,PO Thong Gang,sanction,kp,https://www.opensanctions.org/entities/ofac-17094,us_ofac_sdn;us_trade_csl
7632955,,PHO THAE,sanction,kp,https://www.opensanctions.org/entities/ofac-17095,us_ofac_sdn;us_trade_csl
8829593,,Pi Ruy Gang,sanction,kp,https://www.opensanctions.org/entities/ofac-17096,us_ofac_sdn;us_trade_csl
8819017,,RAK WON 2,sanction,kp,https://www.opensanctions.org/entities/ofac-17102,us_ofac_sdn;us_trade_csl
7640378,,Ryong Gang 2,sanction,kp,https://www.opensanctions.org/entities/ofac-17103,us_ofac_sdn;us_trade_csl
8606173,,Ryong Gun Bong,sanction,kp,https://www.opensanctions.org/entities/ofac-17104,us_ofac_sdn;us_trade_csl
7738656,,Tae Dong Gang,sanction,kp,https://www.opensanctions.org/entities/ofac-17105,us_ofac_sdn;us_trade_csl
9110236,,Dawnlight,sanction,mn,https://www.opensanctions.org/entities/ofac-18346,us_ofac_sdn;us_trade_csl
8914934,,EVER BRIGHT 88,sanction,sl,https://www.opensanctions.org/entities/ofac-19570,us_ofac_sdn;us_trade_csl
8405402,,GOLD STAR 3,sanction,kh,https://www.opensanctions.org/entities/ofac-19572,us_ofac_sdn;us_trade_csl
8602531,,JH 86,sanction,kh,https://www.opensanctions.org/entities/ofac-19573,us_ofac_sdn;us_trade_csl
9163154,,JIN TAI,sanction,sl,https://www.opensanctions.org/entities/ofac-19575,us_ofac_sdn;us_trade_csl
9163166,,JIN TENG,sanction,sl,https://www.opensanctions.org/entities/ofac-19577,us_ofac_sdn;us_trade_csl
9333589,,ORION STAR,sanction,,https://www.opensanctions.org/entities/ofac-19578,us_ofac_sdn;us_trade_csl
8412467,,SOUTH HILL 2,sanction,sl,https://www.opensanctions.org/entities/ofac-19582,us_ofac_sdn;us_trade_csl
9138680,,SOUTH HILL 5,sanction,pw,https://www.opensanctions.org/entities/ofac-19584,us_ofac_sdn;us_trade_csl
8511823,,GRAND KARO,sanction,kh,https://www.opensanctions.org/entities/ofac-19585,us_ofac_sdn;us_trade_csl
8909575,,Chong Bong,sanction,kp,https://www.opensanctions.org/entities/ofac-19588,us_ofac_sdn;us_trade_csl
8916293,,Chong Rim 2,sanction,kp,https://www.opensanctions.org/entities/ofac-19589,us_ofac_sdn;us_trade_csl
8312227,,Victory 2,sanction,mn,https://www.opensanctions.org/entities/ofac-19590,us_ofac_sdn;us_trade_csl
9041552,,HOE RYONG,sanction,kp,https://www.opensanctions.org/entities/ofac-19591,us_ofac_sdn;us_trade_csl
8713471,,MI RIM,sanction,kp,https://www.opensanctions.org/entities/ofac-19592,us_ofac_sdn;us_trade_csl
9361407,,MI RIM 2,sanction,kp,https://www.opensanctions.org/entities/ofac-19593,us_ofac_sdn;us_trade_csl
8625545,,RA NAM 2,sanction,kp,https://www.opensanctions.org/entities/ofac-19594,us_ofac_sdn;us_trade_csl
9314650,,RA NAM 3,sanction,kp,https://www.opensanctions.org/entities/ofac-19595,us_ofac_sdn;us_trade_csl
8987333,,RYO MYONG,sanction,kp,https://www.opensanctions.org/entities/ofac-19596,us_ofac_sdn;us_trade_csl
9009085,,THAE PYONG SAN,sanction,kp,https://www.opensanctions.org/entities/ofac-19597,us_ofac_sdn;us_trade_csl
8661575,,TONG HUNG 1,sanction,kp,https://www.opensanctions.org/entities/ofac-19598,us_ofac_sdn;us_trade_csl
9690224,,Marshal Zhukov,sanction,ru,https://www.opensanctions.org/entities/ofac-21115,us_ofac_sdn;us_trade_csl
9690212,,Stalingrad,sanction,ru,https://www.opensanctions.org/entities/ofac-21118,us_ofac_sdn;us_trade_csl
9159787,,WON SAN 2,sanction,kp,https://www.opensanctions.org/entities/ofac-23150,us_ofac_sdn;us_trade_csl
8898738,,ZA RYOK 2,sanction,kp,https://www.opensanctions.org/entities/ofac-23155,us_ofac_sdn;us_trade_csl
8898831,,7-28,sanction,kp,https://www.opensanctions.org/entities/ofac-23156,us_ofac_sdn;us_trade_csl
9096791,,YU SONG 12,sanction,kp,https://www.opensanctions.org/entities/ofac-23157,us_ofac_sdn;us_trade_csl
8400854,,YU SONG 7,sanction,kp,https://www.opensanctions.org/entities/ofac-23158,us_ofac_sdn;us_trade_csl
8203933,,JANG GYONG,sanction,kp,https://www.opensanctions.org/entities/ofac-23159,us_ofac_sdn;us_trade_csl
8661850,,KUM SONG 3,sanction,kp,https://www.opensanctions.org/entities/ofac-23160,us_ofac_sdn;us_trade_csl
8661719,,KUM SONG 5,sanction,kp,https://www.opensanctions.org/entities/ofac-23161,us_ofac_sdn;us_trade_csl
8739396,,KUM SONG 7,sanction,kp,https://www.opensanctions.org/entities/ofac-23162,us_ofac_sdn;us_trade_csl
8705539,,KUM UN SAN 3,sanction,kp,https://www.opensanctions.org/entities/ofac-23163,us_ofac_sdn;us_trade_csl
7506118,,RAK RANG,sanction,kp,https://www.opensanctions.org/entities/ofac-23164,us_ofac_sdn;us_trade_csl
8703933,,PU HUNG 1,sanction,kp,https://www.opensanctions.org/entities/ofac-23165,us_ofac_sdn;us_trade_csl
8989795,,RUNG RA DO,sanction,kp,https://www.opensanctions.org/entities/ofac-23166,us_ofac_sdn;us_trade_csl
6401828,,YANG GAK DO,sanction,kp,https://www.opensanctions.org/entities/ofac-23167,us_ofac_sdn;us_trade_csl
8713457,,RUNG RA 1,sanction,kp,https://www.opensanctions.org/entities/ofac-23168,us_ofac_sdn;us_trade_csl
9020534,,RUNG RA 2,sanction,kp,https://www.opensanctions.org/entities/ofac-23169,us_ofac_sdn;us_trade_csl
6908096,,Kang Song 1,sanction,kp,https://www.opensanctions.org/entities/ofac-23184,us_ofac_sdn;us_trade_csl
8983404,,Ku Bong Ryong,sanction,kp,https://www.opensanctions.org/entities/ofac-23185,us_ofac_sdn;us_trade_csl
7389704,,Rye Song Gang 1,sanction,kp,https://www.opensanctions.org/entities/ofac-23186,us_ofac_sdn;us_trade_csl
8658267,,So Baek San,sanction,kp,https://www.opensanctions.org/entities/ofac-23187,us_ofac_sdn;us_trade_csl
6421660,,Theodoros,sanction,,https://www.opensanctions.org/entities/ofac-23422,us_ofac_sdn;us_trade_csl
8023670,,Ozel 2,sanction,mt,https://www.opensanctions.org/entities/ofac-23423,us_ofac_sdn;us_trade_csl
8688171,249000882,Marie De Lourdes,sanction,mt,https://www.opensanctions.org/entities/ofac-23425,us_ofac_sdn;us_trade_csl
8688183,248000368,Marie De Lourdes I,sanction,mt,https://www.opensanctions.org/entities/ofac-23426,us_ofac_sdn;us_trade_csl
9809277,215000818,MDL 5,sanction,mt,https://www.opensanctions.org/entities/ofac-23427,us_ofac_sdn;us_trade_csl
8799619,,Zeus,sanction,mt,https://www.opensanctions.org/entities/ofac-23428,us_ofac_sdn;us_trade_csl
8201870,,Goo Ryong,sanction,kp,https://www.opensanctions.org/entities/ofac-23511,us_ofac_sdn;us_trade_csl
8217685,,Hwa Song,sanction,kp,https://www.opensanctions.org/entities/ofac-23514,us_ofac_sdn;us_trade_csl
8720436,,Kum Un San,sanction,kp,https://www.opensanctions.org/entities/ofac-23517,us_ofac_sdn;us_trade_csl
8514409,,Un Ryul,sanction,kp,https://www.opensanctions.org/entities/ofac-23521,us_ofac_sdn;us_trade_csl
8909915,,Ever Glory,sanction,kp,https://www.opensanctions.org/entities/ofac-23522,us_ofac_sdn;us_trade_csl
9114555,,Ul Ji Bong 6,sanction,kp,https://www.opensanctions.org/entities/ofac-23525,us_ofac_sdn;us_trade_csl
8712362,,Chon Myong 1,sanction,kp,https://www.opensanctions.org/entities/ofac-23726,us_ofac_sdn;us_trade_csl
8122347,,Nam San 8,sanction,kp,https://www.opensanctions.org/entities/ofac-23727,us_ofac_sdn;us_trade_csl
9066540,,Hap Jang Gang 6,sanction,kp,https://www.opensanctions.org/entities/ofac-23728,us_ofac_sdn;us_trade_csl
8660313,,Chon Ma San,sanction,kp,https://www.opensanctions.org/entities/ofac-23729,us_ofac_sdn;us_trade_csl
7303803,,An San 1,sanction,kp,https://www.opensanctions.org/entities/ofac-23730,us_ofac_sdn;us_trade_csl
8966535,,Kum Gang 3,sanction,kp,https://www.opensanctions.org/entities/ofac-23731,us_ofac_sdn;us_trade_csl
8605026,,Yu Phyong 5,sanction,kp,https://www.opensanctions.org/entities/ofac-23732,us_ofac_sdn;us_trade_csl
8405311,,Sam Jong 1,sanction,kp,https://www.opensanctions.org/entities/ofac-23733,us_ofac_sdn;us_trade_csl
7408873,,Sam Jong 2,sanction,kp,https://www.opensanctions.org/entities/ofac-23734,us_ofac_sdn;us_trade_csl
8106496,,Sam Ma 2,sanction,kp,https://www.opensanctions.org/entities/ofac-23735,us_ofac_sdn;us_trade_csl
8604917,,Yu Jong 2,sanction,kp,https://www.opensanctions.org/entities/ofac-23736,us_ofac_sdn;us_trade_csl
9066978,,Paek Ma,sanction,kp,https://www.opensanctions.org/entities/ofac-23737,us_ofac_sdn;us_trade_csl
8898740,,Ji Song 6,sanction,kp,https://www.opensanctions.org/entities/ofac-23738,us_ofac_sdn;us_trade_csl
8503228,,Ji Song 8,sanction,kp,https://www.opensanctions.org/entities/ofac-23739,us_ofac_sdn;us_trade_csl
8408595,,Woory Star,sanction,kp,https://www.opensanctions.org/entities/ofac-23740,us_ofac_sdn;us_trade_csl
8848276,,Po Chon,sanction,kp,https://www.opensanctions.org/entities/ofac-23741,us_ofac_sdn;us_trade_csl
8613360,,Song Won,sanction,kp,https://www.opensanctions.org/entities/ofac-23742,us_ofac_sdn;us_trade_csl
8151415,,tong hung 5,sanction,kp,https://www.opensanctions.org/entities/ofac-23743,us_ofac_sdn;us_trade_csl
8691702,,Yu Son,sanction,kp,https://www.opensanctions.org/entities/ofac-23744,us_ofac_sdn;us_trade_csl
9020003,,Hua Fu,sanction,pa,https://www.opensanctions.org/entities/ofac-23764,us_ofac_sdn;us_trade_csl
9115028,,Oriental Treasure,sanction,km,https://www.opensanctions.org/entities/ofac-23766,us_ofac_sdn;us_trade_csl
8747604,,Hao Fan 2,sanction,,https://www.opensanctions.org/entities/ofac-23770,us_ofac_sdn;us_trade_csl
8628597,,Hao Fan 6,sanction,,https://www.opensanctions.org/entities/ofac-23771,us_ofac_sdn;us_trade_csl
9004700,,Xin Guang Hai,sanction,,https://www.opensanctions.org/entities/ofac-23776,us_ofac_sdn;us_trade_csl
8916580,,Asia Bridge 1,sanction,,https://www.opensanctions.org/entities/ofac-23778,us_ofac_sdn;us_trade_csl
9008201,,Dong Feng 6,sanction,tz,https://www.opensanctions.org/entities/ofac-23780,us_ofac_sdn;us_trade_csl
9417115,,Koti,sanction,pa,https://www.opensanctions.org/entities/ofac-23786,us_ofac_sdn;us_trade_csl
9030591,,Yuk Tung,sanction,,https://www.opensanctions.org/entities/ofac-23788,us_ofac_sdn;us_trade_csl
9003550,,Patriot,sanction,ru,https://www.opensanctions.org/entities/ofac-24508,us_ofac_sdn;us_trade_csl
8404991,,Neptun,sanction,ru,https://www.opensanctions.org/entities/ofac-24509,us_ofac_sdn;us_trade_csl
8808264,,Bella,sanction,ru,https://www.opensanctions.org/entities/ofac-24510,us_ofac_sdn;us_trade_csl
9085730,,Bogatyr,sanction,ru,https://www.opensanctions.org/entities/ofac-24511,us_ofac_sdn;us_trade_csl
9113020,,Partizan,sanction,ru,https://www.opensanctions.org/entities/ofac-24512,us_ofac_sdn;us_trade_csl
9235127,,Sevastopol,sanction,ru,https://www.opensanctions.org/entities/ofac-24513,us_ofac_sdn;us_trade_csl
8605234,,DORITA,sanction,ir,https://www.opensanctions.org/entities/ofac-25257,us_ofac_sdn;us_trade_csl
9367982,,GILDA,sanction,ir,https://www.opensanctions.org/entities/ofac-25258,us_ofac_sdn;us_trade_csl
9137258,,KADOS,sanction,ir,https://www.opensanctions.org/entities/ofac-25259,us_ofac_sdn;us_trade_csl
8721351,,KASMA,sanction,ir,https://www.opensanctions.org/entities/ofac-25260,us_ofac_sdn;us_trade_csl
9137246,,NARDIS,sanction,ir,https://www.opensanctions.org/entities/ofac-25261,us_ofac_sdn;us_trade_csl
9118551,,PARAND,sanction,ir,https://www.opensanctions.org/entities/ofac-25262,us_ofac_sdn;us_trade_csl
9076478,,PARIN,sanction,ir,https://www.opensanctions.org/entities/ofac-25263,us_ofac_sdn;us_trade_csl
9245316,,PARMIS,sanction,ir,https://www.opensanctions.org/entities/ofac-25264,us_ofac_sdn;us_trade_csl
9137210,,PATRIS,sanction,ir,https://www.opensanctions.org/entities/ofac-25265,us_ofac_sdn;us_trade_csl
8215742,,SABRINA,sanction,ir,https://www.opensanctions.org/entities/ofac-25266,us_ofac_sdn;us_trade_csl
9367994,,SANIA,sanction,ir,https://www.opensanctions.org/entities/ofac-25267,us_ofac_sdn;us_trade_csl
8203608,,SARINA,sanction,ir,https://www.opensanctions.org/entities/ofac-25268,us_ofac_sdn;us_trade_csl
9368003,,SARIR,sanction,ir,https://www.opensanctions.org/entities/ofac-25269,us_ofac_sdn;us_trade_csl
9368015,,SOMIA,sanction,ir,https://www.opensanctions.org/entities/ofac-25270,us_ofac_sdn;us_trade_csl
9245304,,TARADIS,sanction,ir,https://www.opensanctions.org/entities/ofac-25271,us_ofac_sdn;us_trade_csl
9010723,,VIANA,sanction,ir,https://www.opensanctions.org/entities/ofac-25272,us_ofac_sdn;us_trade_csl
9010711,,VISTA,sanction,ir,https://www.opensanctions.org/entities/ofac-25273,us_ofac_sdn;us_trade_csl
8984484,,AAJ,sanction,ir,https://www.opensanctions.org/entities/ofac-25277,us_ofac_sdn;us_trade_csl
9683570,,AYNAZ,sanction,ir,https://www.opensanctions.org/entities/ofac-25278,us_ofac_sdn;us_trade_csl
9138056,,BRELYAN,sanction,ir,https://www.opensanctions.org/entities/ofac-25279,us_ofac_sdn;us_trade_csl
9103099,,FIROUZEH,sanction,ir,https://www.opensanctions.org/entities/ofac-25280,us_ofac_sdn;us_trade_csl
8422072,,HAYAN,sanction,ir,https://www.opensanctions.org/entities/ofac-25281,us_ofac_sdn;us_trade_csl
7904580,,HORMUZ 2,sanction,ir,https://www.opensanctions.org/entities/ofac-25282,us_ofac_sdn;us_trade_csl
9005596,,IRAN HORMOZ 12,sanction,ir,https://www.opensanctions.org/entities/ofac-25283,us_ofac_sdn;us_trade_csl
9020778,,IRAN HORMOZ 14,sanction,ir,https://www.opensanctions.org/entities/ofac-25284,us_ofac_sdn;us_trade_csl
9184691,,IRAN SHAHED,sanction,ir,https://www.opensanctions.org/entities/ofac-25285,us_ofac_sdn;us_trade_csl
9071519,,NEGEEN,sanction,ir,https://www.opensanctions.org/entities/ofac-25286,us_ofac_sdn;us_trade_csl
8820925,,IR.SHALAMCHE,sanction,ir,https://www.opensanctions.org/entities/ofac-25287,us_ofac_sdn;us_trade_csl
9420368,,TABAN 1,sanction,ir,https://www.opensanctions.org/entities/ofac-25288,us_ofac_sdn;us_trade_csl
9420356,,SHAYAN 1,sanction,ir,https://www.opensanctions.org/entities/ofac-25289,us_ofac_sdn;us_trade_csl
9420370,,YARAN,sanction,ir,https://www.opensanctions.org/entities/ofac-25290,us_ofac_sdn;us_trade_csl
9138044,,ZOMOROUD,sanction,ir,https://www.opensanctions.org/entities/ofac-25291,us_ofac_sdn;us_trade_csl
9165798,,ALVAN,sanction,ir,https://www.opensanctions.org/entities/ofac-25292,us_ofac_sdn;us_trade_csl
9369722,,ARIES,sanction,ir,https://www.opensanctions.org/entities/ofac-25293,us_ofac_sdn;us_trade_csl
9283007,,ARTABAZ,sanction,ir,https://www.opensanctions.org/entities/ofac-25294,us_ofac_sdn;us_trade_csl
9284154,,ARTAM,sanction,ir,https://www.opensanctions.org/entities/ofac-25295,us_ofac_sdn;us_trade_csl
9283021,,ARTENOS,sanction,ir,https://www.opensanctions.org/entities/ofac-25296,us_ofac_sdn;us_trade_csl
9305221,,ARTIN,sanction,ir,https://www.opensanctions.org/entities/ofac-25297,us_ofac_sdn;us_trade_csl
9284142,,ARZIN,sanction,ir,https://www.opensanctions.org/entities/ofac-25298,us_ofac_sdn;us_trade_csl
9165803,,AYSAN,sanction,ir,https://www.opensanctions.org/entities/ofac-25299,us_ofac_sdn;us_trade_csl
9283019,,AZARGOUN,sanction,ir,https://www.opensanctions.org/entities/ofac-25300,us_ofac_sdn;us_trade_csl
9346536,,BASHT,sanction,ir,https://www.opensanctions.org/entities/ofac-25301,us_ofac_sdn;us_trade_csl
9051636,,BEHDAD,sanction,ir,https://www.opensanctions.org/entities/ofac-25302,us_ofac_sdn;us_trade_csl
9346548,,BEHNAVAZ,sanction,ir,https://www.opensanctions.org/entities/ofac-25303,us_ofac_sdn;us_trade_csl
9165827,,ELYANA,sanction,ir,https://www.opensanctions.org/entities/ofac-25304,us_ofac_sdn;us_trade_csl
9323833,,GOLAFRUZ,sanction,ir,https://www.opensanctions.org/entities/ofac-25305,us_ofac_sdn;us_trade_csl
9165815,,GOLSAN,sanction,ir,https://www.opensanctions.org/entities/ofac-25306,us_ofac_sdn;us_trade_csl
9193185,,GOLSAR,sanction,ir,https://www.opensanctions.org/entities/ofac-25307,us_ofac_sdn;us_trade_csl
9167291,,JAIRAN,sanction,ir,https://www.opensanctions.org/entities/ofac-25309,us_ofac_sdn;us_trade_csl
9213387,,MAHNAM,sanction,ir,https://www.opensanctions.org/entities/ofac-25310,us_ofac_sdn;us_trade_csl
9167277,,NESHAT,sanction,ir,https://www.opensanctions.org/entities/ofac-25311,us_ofac_sdn;us_trade_csl
9167265,,PARNIA,sanction,ir,https://www.opensanctions.org/entities/ofac-25312,us_ofac_sdn;us_trade_csl
9346524,,SHABGOUN,sanction,ir,https://www.opensanctions.org/entities/ofac-25313,us_ofac_sdn;us_trade_csl
9270684,,SHAHR E KORD,sanction,ir,https://www.opensanctions.org/entities/ofac-25314,us_ofac_sdn;us_trade_csl
9328900,,TOUSKA,sanction,ir,https://www.opensanctions.org/entities/ofac-25315,us_ofac_sdn;us_trade_csl
9036052,,HAMD,sanction,ir,https://www.opensanctions.org/entities/ofac-25316,us_ofac_sdn;us_trade_csl
9820271,,CANREACH,sanction,hk,https://www.opensanctions.org/entities/ofac-25317,us_ofac_sdn;us_trade_csl
9820312,,HYUNDAI MIPO 2655,sanction,ir,https://www.opensanctions.org/entities/ofac-25319,us_ofac_sdn;us_trade_csl
9820324,,HYUNDAI MIPO 2656,sanction,ir,https://www.opensanctions.org/entities/ofac-25320,us_ofac_sdn;us_trade_csl
9820336,,HYUNDAI MIPO 2657,sanction,ir,https://www.opensanctions.org/entities/ofac-25322,us_ofac_sdn;us_trade_csl
8322076,,IRAN CHARAK,sanction,ir,https://www.opensanctions.org/entities/ofac-25323,us_ofac_sdn;us_trade_csl
8314275,,IRAN HORMUZ 22,sanction,ir,https://www.opensanctions.org/entities/ofac-25335,us_ofac_sdn;us_trade_csl
8322064,,IRAN PARAK,sanction,ir,https://www.opensanctions.org/entities/ofac-25336,us_ofac_sdn;us_trade_csl
8319940,,IRAN SHALAK,sanction,ir,https://www.opensanctions.org/entities/ofac-25337,us_ofac_sdn;us_trade_csl
8319952,,IRAN YOUSHAT,sanction,ir,https://www.opensanctions.org/entities/ofac-25338,us_ofac_sdn;us_trade_csl
9270696,,KASHAN,sanction,ir,https://www.opensanctions.org/entities/ofac-25339,us_ofac_sdn;us_trade_csl
9036935,,SOBHAN,sanction,ir,https://www.opensanctions.org/entities/ofac-25340,us_ofac_sdn;us_trade_csl
9051624,,ABBA,sanction,ir,https://www.opensanctions.org/entities/ofac-25341,us_ofac_sdn;us_trade_csl
9379636,,ABTIN 1,sanction,ir,https://www.opensanctions.org/entities/ofac-25342,us_ofac_sdn;us_trade_csl
9349667,,ABYAN,sanction,ir,https://www.opensanctions.org/entities/ofac-25343,us_ofac_sdn;us_trade_csl
9193197,,ANDIA,sanction,ir,https://www.opensanctions.org/entities/ofac-25344,us_ofac_sdn;us_trade_csl
9465863,,ARDAVAN,sanction,ir,https://www.opensanctions.org/entities/ofac-25345,us_ofac_sdn;us_trade_csl
9193214,,ARTAVAND,sanction,ir,https://www.opensanctions.org/entities/ofac-25346,us_ofac_sdn;us_trade_csl
9193202,,ARVIN,sanction,ir,https://www.opensanctions.org/entities/ofac-25347,us_ofac_sdn;us_trade_csl
9405954,,BAHJAT,sanction,ir,https://www.opensanctions.org/entities/ofac-25349,us_ofac_sdn;us_trade_csl
9820269,,BARZIN,sanction,hk,https://www.opensanctions.org/entities/ofac-25350,us_ofac_sdn;us_trade_csl
9465760,,BATIS,sanction,ir,https://www.opensanctions.org/entities/ofac-25351,us_ofac_sdn;us_trade_csl
9405978,,BEHDOKHT,sanction,ir,https://www.opensanctions.org/entities/ofac-25352,us_ofac_sdn;us_trade_csl
9283033,,GOLBON,sanction,ir,https://www.opensanctions.org/entities/ofac-25353,us_ofac_sdn;us_trade_csl
9226956,,HAMGAM,sanction,ir,https://www.opensanctions.org/entities/ofac-25354,us_ofac_sdn;us_trade_csl
9032666,,KHURAN,sanction,tg,https://www.opensanctions.org/entities/ofac-25355,us_ofac_sdn;us_trade_csl
9274941,,MIAMI PRIDE,sanction,tg,https://www.opensanctions.org/entities/ofac-25356,us_ofac_sdn;us_trade_csl
9387815,,OURA,sanction,ir,https://www.opensanctions.org/entities/ofac-25357,us_ofac_sdn;us_trade_csl
9820257,,GOODREACH,sanction,hk,https://www.opensanctions.org/entities/ofac-25358,us_ofac_sdn;us_trade_csl
9820245,,RAYEN,sanction,hk,https://www.opensanctions.org/entities/ofac-25359,us_ofac_sdn;us_trade_csl
9405966,,ROSHAK,sanction,ir,https://www.opensanctions.org/entities/ofac-25360,us_ofac_sdn;us_trade_csl
9270658,,SHAMIM,sanction,ir,https://www.opensanctions.org/entities/ofac-25361,us_ofac_sdn;us_trade_csl
9270646,,SHIBA,sanction,ir,https://www.opensanctions.org/entities/ofac-25362,us_ofac_sdn;us_trade_csl
9305192,,AMINA,sanction,ir,https://www.opensanctions.org/entities/ofac-25363,us_ofac_sdn;us_trade_csl
9165786,,AREZOO,sanction,ir,https://www.opensanctions.org/entities/ofac-25364,us_ofac_sdn;us_trade_csl
9386500,,ARSHAM,sanction,ir,https://www.opensanctions.org/entities/ofac-25365,us_ofac_sdn;us_trade_csl
9226944,,ARTARIA,sanction,ir,https://www.opensanctions.org/entities/ofac-25366,us_ofac_sdn;us_trade_csl
9405930,,ARTMAN,sanction,ir,https://www.opensanctions.org/entities/ofac-25367,us_ofac_sdn;us_trade_csl
9465746,,AVANG,sanction,ir,https://www.opensanctions.org/entities/ofac-25368,us_ofac_sdn;us_trade_csl
9405942,,BASKAR,sanction,ir,https://www.opensanctions.org/entities/ofac-25369,us_ofac_sdn;us_trade_csl
9387798,,BAVAND,sanction,ir,https://www.opensanctions.org/entities/ofac-25370,us_ofac_sdn;us_trade_csl
9167289,,BEHSHAD,sanction,ir,https://www.opensanctions.org/entities/ofac-25371,us_ofac_sdn;us_trade_csl
9349590,,BEHTA,sanction,ir,https://www.opensanctions.org/entities/ofac-25372,us_ofac_sdn;us_trade_csl
9125126,,CASPIA,sanction,ir,https://www.opensanctions.org/entities/ofac-25373,us_ofac_sdn;us_trade_csl
9369710,,DARYABAR,sanction,ir,https://www.opensanctions.org/entities/ofac-25374,us_ofac_sdn;us_trade_csl
9125138,,DELICE,sanction,ir,https://www.opensanctions.org/entities/ofac-25375,us_ofac_sdn;us_trade_csl
9387803,,DELNAVAZ,sanction,ir,https://www.opensanctions.org/entities/ofac-25376,us_ofac_sdn;us_trade_csl
9305207,,DELRUBA,sanction,ir,https://www.opensanctions.org/entities/ofac-25377,us_ofac_sdn;us_trade_csl
9120994,,DEVREZ,sanction,ir,https://www.opensanctions.org/entities/ofac-25378,us_ofac_sdn;us_trade_csl
9305219,,GANJ,sanction,ir,https://www.opensanctions.org/entities/ofac-25379,us_ofac_sdn;us_trade_csl
9465758,,KIAZAND,sanction,ir,https://www.opensanctions.org/entities/ofac-25380,us_ofac_sdn;us_trade_csl
8909472,,MENA,sanction,tg,https://www.opensanctions.org/entities/ofac-25381,us_ofac_sdn;us_trade_csl
9165839,,NEGAR,sanction,ir,https://www.opensanctions.org/entities/ofac-25382,us_ofac_sdn;us_trade_csl
9506320,,NOOR 1,sanction,ir,https://www.opensanctions.org/entities/ofac-25383,us_ofac_sdn;us_trade_csl
9465851,,PARISAN,sanction,ir,https://www.opensanctions.org/entities/ofac-25384,us_ofac_sdn;us_trade_csl
9387786,,PARSHAD,sanction,ir,https://www.opensanctions.org/entities/ofac-25385,us_ofac_sdn;us_trade_csl
9051648,,PARSHAN,sanction,ir,https://www.opensanctions.org/entities/ofac-25386,us_ofac_sdn;us_trade_csl
9209350,,PERARIN,sanction,ir,https://www.opensanctions.org/entities/ofac-25387,us_ofac_sdn;us_trade_csl
9209348,,SARVIN,sanction,ir,https://www.opensanctions.org/entities/ofac-25388,us_ofac_sdn;us_trade_csl
9167253,,SAVIZ,sanction,ir,https://www.opensanctions.org/entities/ofac-25389,us_ofac_sdn;us_trade_csl
9349588,,SHABDIS,sanction,ir,https://www.opensanctions.org/entities/ofac-25390,us_ofac_sdn;us_trade_csl
9349576,,SHAHRAZ,sanction,ir,https://www.opensanctions.org/entities/ofac-25391,us_ofac_sdn;us_trade_csl
8917467,,TABUK,sanction,tg,https://www.opensanctions.org/entities/ofac-25392,us_ofac_sdn;us_trade_csl
9213399,,TERMEH,sanction,ir,https://www.opensanctions.org/entities/ofac-25393,us_ofac_sdn;us_trade_csl
9465849,,WARTA,sanction,ir,https://www.opensanctions.org/entities/ofac-25394,us_ofac_sdn;us_trade_csl
9349679,,ZARDIS,sanction,ir,https://www.opensanctions.org/entities/ofac-25395,us_ofac_sdn;us_trade_csl
9078191,,Nymex Star,sanction,sg,https://www.opensanctions.org/entities/ofac-25689,us_ofac_sdn;us_trade_csl
9283758,,FAXON,sanction,pa,https://www.opensanctions.org/entities/ofac-25708,us_ofac_sdn;us_trade_csl
9569700,,DERYA,sanction,ir,https://www.opensanctions.org/entities/ofac-25714,us_ofac_sdn;us_trade_csl
9569695,,DIONA,sanction,ir,https://www.opensanctions.org/entities/ofac-25729,us_ofac_sdn;us_trade_csl
9569712,,DUNE,sanction,ir,https://www.opensanctions.org/entities/ofac-25736,us_ofac_sdn;us_trade_csl
7912111,,URDANETA,sanction,ve,https://www.opensanctions.org/entities/ofac-26623,us_ofac_sdn;us_trade_csl
8767953,,GP-21,sanction,ve,https://www.opensanctions.org/entities/ofac-26624,us_ofac_sdn;us_trade_csl
9513270,,BICENTENARIO XIV,sanction,ve,https://www.opensanctions.org/entities/ofac-26625,us_ofac_sdn;us_trade_csl
8767977,,GP-23,sanction,ve,https://www.opensanctions.org/entities/ofac-26626,us_ofac_sdn;us_trade_csl
9513282,,BICENTENARIO XII,sanction,ve,https://www.opensanctions.org/entities/ofac-26627,us_ofac_sdn;us_trade_csl
8772049,,L-409,sanction,ve,https://www.opensanctions.org/entities/ofac-26628,us_ofac_sdn;us_trade_csl
9513294,,BICENTENARIO XIII,sanction,ve,https://www.opensanctions.org/entities/ofac-26629,us_ofac_sdn;us_trade_csl
9513309,,BICENTENARIO XVI,sanction,ve,https://www.opensanctions.org/entities/ofac-26630,us_ofac_sdn;us_trade_csl
9432658,,Amuay,sanction,ve,https://www.opensanctions.org/entities/ofac-26631,us_ofac_sdn;us_trade_csl
9513311,,BICENTENARIO XI,sanction,ve,https://www.opensanctions.org/entities/ofac-26632,us_ofac_sdn;us_trade_csl
9513323,,BICENTENARIO II,sanction,ve,https://www.opensanctions.org/entities/ofac-26633,us_ofac_sdn;us_trade_csl
9542518,,BICENTENARIO V,sanction,ve,https://www.opensanctions.org/entities/ofac-26636,us_ofac_sdn;us_trade_csl
9556947,,BICENTENARIO IV,sanction,ve,https://www.opensanctions.org/entities/ofac-26637,us_ofac_sdn;us_trade_csl
9557549,,BICENTENARIO VI,sanction,ve,https://www.opensanctions.org/entities/ofac-26638,us_ofac_sdn;us_trade_csl
9557915,,BICENTENARIO IX,sanction,ve,https://www.opensanctions.org/entities/ofac-26639,us_ofac_sdn;us_trade_csl
9432660,,PDVSA Cardon,sanction,ve,https://www.opensanctions.org/entities/ofac-26640,us_ofac_sdn;us_trade_csl
9540883,,CUMANAGOTO,sanction,ve,https://www.opensanctions.org/entities/ofac-26641,us_ofac_sdn;us_trade_csl
9540895,,CARIBE,sanction,ve,https://www.opensanctions.org/entities/ofac-26642,us_ofac_sdn;us_trade_csl
9662643,,JAZMIN,sanction,ve,https://www.opensanctions.org/entities/ofac-26643,us_ofac_sdn;us_trade_csl
9667813,,SABANETA,sanction,ve,https://www.opensanctions.org/entities/ofac-26644,us_ofac_sdn;us_trade_csl
9670987,,MANAURE,sanction,ve,https://www.opensanctions.org/entities/ofac-26645,us_ofac_sdn;us_trade_csl
9670999,,MARA,sanction,ve,https://www.opensanctions.org/entities/ofac-26646,us_ofac_sdn;us_trade_csl
9671668,,MARGARITA 1,sanction,ve,https://www.opensanctions.org/entities/ofac-26647,us_ofac_sdn;us_trade_csl
9688790,,YORACO,sanction,ve,https://www.opensanctions.org/entities/ofac-26649,us_ofac_sdn;us_trade_csl
9688805,,CAYAURIMA,sanction,ve,https://www.opensanctions.org/entities/ofac-26650,us_ofac_sdn;us_trade_csl
9693240,,TRIBILIN,sanction,ve,https://www.opensanctions.org/entities/ofac-26651,us_ofac_sdn;us_trade_csl
9717357,,AMAPOLA 1,sanction,ve,https://www.opensanctions.org/entities/ofac-26652,us_ofac_sdn;us_trade_csl
9739898,,GARDENIA,sanction,pa,https://www.opensanctions.org/entities/ofac-26653,us_ofac_sdn;us_trade_csl
9564126,,BICENTENARIO X,sanction,ve,https://www.opensanctions.org/entities/ofac-26655,us_ofac_sdn;us_trade_csl
9564695,,BICENTENARIO VIII,sanction,ve,https://www.opensanctions.org/entities/ofac-26657,us_ofac_sdn;us_trade_csl
9584762,,BICENTENARIO I,sanction,ve,https://www.opensanctions.org/entities/ofac-26659,us_ofac_sdn;us_trade_csl
9513268,,BICENTENARIO XV,sanction,ve,https://www.opensanctions.org/entities/ofac-26660,us_ofac_sdn;us_trade_csl
9585819,,BICENTENARIO III,sanction,ve,https://www.opensanctions.org/entities/ofac-26661,us_ofac_sdn;us_trade_csl
9588990,,BICENTENARIO VII,sanction,ve,https://www.opensanctions.org/entities/ofac-26662,us_ofac_sdn;us_trade_csl
9216547,,S-TROTTER,sanction,pa,https://www.opensanctions.org/entities/ofac-26688,us_ofac_sdn;us_trade_csl
9289166,,ESPERANZA,sanction,cu,https://www.opensanctions.org/entities/ofac-26704,us_ofac_sdn;us_trade_csl
8126070,,Shang Yuan Bao,sanction,pa,https://www.opensanctions.org/entities/ofac-26933,us_ofac_sdn;us_trade_csl
9735323,,YAZ,sanction,ru,https://www.opensanctions.org/entities/ofac-27147,us_ofac_sdn;us_trade_csl
9735335,,SIG,sanction,ru,https://www.opensanctions.org/entities/ofac-27148,us_ofac_sdn;us_trade_csl
8943155,,SUDAK,sanction,ru,https://www.opensanctions.org/entities/ofac-27149,us_ofac_sdn;us_trade_csl
8523242,,PASSAT,sanction,ru,https://www.opensanctions.org/entities/ofac-27151,us_ofac_sdn;us_trade_csl
9025778,,OT-2077,sanction,ru,https://www.opensanctions.org/entities/ofac-27152,us_ofac_sdn;us_trade_csl
,375311000,St. Vitamin,sanction,vc,https://www.opensanctions.org/entities/ofac-27200,us_ofac_sdn;us_trade_csl
9226968,,Rise Destiny,sanction,ir,https://www.opensanctions.org/entities/ofac-27279,us_ofac_sdn;us_trade_csl
9221970,,Rise Dignity,sanction,ir,https://www.opensanctions.org/entities/ofac-27280,us_ofac_sdn;us_trade_csl
9364112,,Tour 2,sanction,pa,https://www.opensanctions.org/entities/ofac-27282,us_ofac_sdn;us_trade_csl
9116412,,Adrian Darya 1,sanction,ir,https://www.opensanctions.org/entities/ofac-27304,us_ofac_sdn;us_trade_csl
9010022,,ASIA BRIDGE,sanction,,https://www.opensanctions.org/entities/ofac-27408,us_ofac_sdn;us_trade_csl
9259692,,GIRALT,sanction,pa,https://www.opensanctions.org/entities/ofac-27425,us_ofac_sdn;us_trade_csl
9502453,,Carlota C,sanction,pa,https://www.opensanctions.org/entities/ofac-27431,us_ofac_sdn;us_trade_csl
9441178,,Sandino,sanction,pa,https://www.opensanctions.org/entities/ofac-27432,us_ofac_sdn;us_trade_csl
9295098,,Petion,sanction,pa,https://www.opensanctions.org/entities/ofac-27433,us_ofac_sdn;us_trade_csl
9015278,,LUCKY STAR,sanction,,https://www.opensanctions.org/entities/ofac-27528,us_ofac_sdn;us_trade_csl
8318867,,CALM BRIDGE,sanction,,https://www.opensanctions.org/entities/ofac-27529,us_ofac_sdn;us_trade_csl
9038842,,ICARO,sanction,pa,https://www.opensanctions.org/entities/ofac-28012,us_ofac_sdn;us_trade_csl
9117478,,LUISA CACERES DE ARISMENDI,sanction,ve,https://www.opensanctions.org/entities/ofac-28013,us_ofac_sdn;us_trade_csl
9117492,,MANUELA SAENZ,sanction,ve,https://www.opensanctions.org/entities/ofac-28014,us_ofac_sdn;us_trade_csl
9543512,,PARAMACONI,sanction,ve,https://www.opensanctions.org/entities/ofac-28015,us_ofac_sdn;us_trade_csl
9552496,,TEREPAIMA,sanction,ve,https://www.opensanctions.org/entities/ofac-28016,us_ofac_sdn;us_trade_csl
9543500,,YARE,sanction,ve,https://www.opensanctions.org/entities/ofac-28017,us_ofac_sdn;us_trade_csl
9776523,,Genava 12,sanction,ir,https://www.opensanctions.org/entities/ofac-28105,us_ofac_sdn;us_trade_csl
9804617,,Genava 11,sanction,ir,https://www.opensanctions.org/entities/ofac-28106,us_ofac_sdn;us_trade_csl
7514517,,Maraya,sanction,ws,https://www.opensanctions.org/entities/ofac-28301,us_ofac_sdn;us_trade_csl
9588885,636016459,Hong Xun,sanction,lr,https://www.opensanctions.org/entities/ofac-28323,us_ofac_sdn;us_trade_csl
9020015,,Sam 5,sanction,vn,https://www.opensanctions.org/entities/ofac-28716,us_ofac_sdn;us_trade_csl
9176773,,ANGLIA,sanction,cm,https://www.opensanctions.org/entities/ofac-29483,us_ofac_sdn;us_trade_csl
9041057,,serenity,sanction,gy,https://www.opensanctions.org/entities/ofac-29484,us_ofac_sdn;us_trade_csl
9590008,,MAKSIM GORKY,sanction,ru,https://www.opensanctions.org/entities/ofac-29486,us_ofac_sdn;us_trade_csl
9147447,,SIENNA,sanction,ru,https://www.opensanctions.org/entities/ofac-29487,us_ofac_sdn;us_trade_csl
9237539,,Gulf Glory,sanction,hn,https://www.opensanctions.org/entities/ofac-29790,us_ofac_sdn;us_trade_csl
9102239,,Wu Xian,sanction,pa,https://www.opensanctions.org/entities/ofac-29791,us_ofac_sdn;us_trade_csl
9188752,,Bosco Gilan,sanction,ir,https://www.opensanctions.org/entities/ofac-30395,us_ofac_sdn;us_trade_csl
8674156,,Fiona,sanction,ru,https://www.opensanctions.org/entities/ofac-30823,us_ofac_sdn;us_trade_csl
9192258,,BALIAR,sanction,lr,https://www.opensanctions.org/entities/ofac-30862,us_ofac_sdn;us_trade_csl
9338230,,Hermes,sanction,ru,https://www.opensanctions.org/entities/ofac-31794,us_ofac_sdn;us_trade_csl
9310018,,Antey,sanction,ru,https://www.opensanctions.org/entities/ofac-31795,us_ofac_sdn;us_trade_csl
8770261,,Akademik Chersky,sanction,ru,https://www.opensanctions.org/entities/ofac-31920,us_ofac_sdn;us_trade_csl
9572020,,BALTIYSKIY ISSLEDOVATEL,sanction,ru,https://www.opensanctions.org/entities/ofac-31930,us_ofac_sdn;us_trade_csl
9171620,,UMKA,sanction,ru,https://www.opensanctions.org/entities/ofac-31931,us_ofac_sdn;us_trade_csl
9747194,,ARTEMIS OFFSHORE,sanction,ru,https://www.opensanctions.org/entities/ofac-31932,us_ofac_sdn;us_trade_csl
9272412,,FINVAL,sanction,ru,https://www.opensanctions.org/entities/ofac-31934,us_ofac_sdn;us_trade_csl
9171876,,NARVAL,sanction,ru,https://www.opensanctions.org/entities/ofac-31935,us_ofac_sdn;us_trade_csl
9157820,,SIVUCH,sanction,ru,https://www.opensanctions.org/entities/ofac-31936,us_ofac_sdn;us_trade_csl
8724080,,Captain Beklemishev,sanction,ru,https://www.opensanctions.org/entities/ofac-31938,us_ofac_sdn;us_trade_csl
9497531,,SPASATEL KAREV,sanction,ru,https://www.opensanctions.org/entities/ofac-31940,us_ofac_sdn;us_trade_csl
9797577,,BAKHTEMIR,sanction,ru,https://www.opensanctions.org/entities/ofac-31943,us_ofac_sdn;us_trade_csl
9682423,,MURMAN,sanction,ru,https://www.opensanctions.org/entities/ofac-31944,us_ofac_sdn;us_trade_csl
9167148,,Triple Success,sanction,ga,https://www.opensanctions.org/entities/ofac-32173,us_ofac_sdn;us_trade_csl
9624225,,Ostap Sheremeta,sanction,ru,https://www.opensanctions.org/entities/ofac-32971,us_ofac_sdn;us_trade_csl
9624213,,Ivan Sidorenko,sanction,ru,https://www.opensanctions.org/entities/ofac-32972,us_ofac_sdn;us_trade_csl
8537097,,FU YUAN YU 7876,sanction,cn,https://www.opensanctions.org/entities/ofac-33681,us_ofac_sdn;us_trade_csl
8537102,,FU YUAN YU 7877,sanction,cn,https://www.opensanctions.org/entities/ofac-33682,us_ofac_sdn;us_trade_csl
9828663,,FU YUAN YU 7861,sanction,cn,https://www.opensanctions.org/entities/ofac-33683,us_ofac_sdn;us_trade_csl
9828675,,FU YUAN YU 7862,sanction,cn,https://www.opensanctions.org/entities/ofac-33684,us_ofac_sdn;us_trade_csl
9828687,,FU YUAN YU 7864,sanction,cn,https://www.opensanctions.org/entities/ofac-33685,us_ofac_sdn;us_trade_csl
9828699,,FU YUAN YU 7863,sanction,cn,https://www.opensanctions.org/entities/ofac-33686,us_ofac_sdn;us_trade_csl
9828754,,FU YUAN YU 7882,sanction,cn,https://www.opensanctions.org/entities/ofac-33687,us_ofac_sdn;us_trade_csl
9828766,,FU YUAN YU 7883,sanction,cn,https://www.opensanctions.org/entities/ofac-33688,us_ofac_sdn;us_trade_csl
9842293,,FU YUAN YU 7886,sanction,cn,https://www.opensanctions.org/entities/ofac-33689,us_ofac_sdn;us_trade_csl
9842308,,FU YUAN YU 7887,sanction,cn,https://www.opensanctions.org/entities/ofac-33690,us_ofac_sdn;us_trade_csl
7815246,,FU YUAN YU 005,sanction,cn,https://www.opensanctions.org/entities/ofac-33691,us_ofac_sdn;us_trade_csl
8403698,,FU YUAN YU 008,sanction,cn,https://www.opensanctions.org/entities/ofac-33692,us_ofac_sdn;us_trade_csl
8414295,,FU YUAN YU F91,sanction,cn,https://www.opensanctions.org/entities/ofac-33693,us_ofac_sdn;us_trade_csl
9869291,,FU YUAN YU 8672,sanction,cn,https://www.opensanctions.org/entities/ofac-33694,us_ofac_sdn;us_trade_csl
9869473,,FU YUAN YU 8673,sanction,cn,https://www.opensanctions.org/entities/ofac-33695,us_ofac_sdn;us_trade_csl
9869485,,FU YUAN YU 8674,sanction,cn,https://www.opensanctions.org/entities/ofac-33696,us_ofac_sdn;us_trade_csl
8820509,,FU YUAN YU 557,sanction,cn,https://www.opensanctions.org/entities/ofac-33697,us_ofac_sdn;us_trade_csl
9869497,,FU YUAN YU 8675,sanction,cn,https://www.opensanctions.org/entities/ofac-33698,us_ofac_sdn;us_trade_csl
8994013,,MIN FUZHOU YU F009,sanction,cn,https://www.opensanctions.org/entities/ofac-33699,us_ofac_sdn;us_trade_csl
9870123,,FU YUAN YU 8676,sanction,cn,https://www.opensanctions.org/entities/ofac-33700,us_ofac_sdn;us_trade_csl
9016571,,FU YUAN YU 559,sanction,cn,https://www.opensanctions.org/entities/ofac-33701,us_ofac_sdn;us_trade_csl
9031947,,FU YUAN YU 558,sanction,cn,https://www.opensanctions.org/entities/ofac-33702,us_ofac_sdn;us_trade_csl
9096507,,FU YUAN YU F30,sanction,cn,https://www.opensanctions.org/entities/ofac-33703,us_ofac_sdn;us_trade_csl
9870238,,FU YUAN YU 8677,sanction,cn,https://www.opensanctions.org/entities/ofac-33704,us_ofac_sdn;us_trade_csl
9756573,,HONG FENG 1 HAO,sanction,cn,https://www.opensanctions.org/entities/ofac-33705,us_ofac_sdn;us_trade_csl
9870240,,FU YUAN YU 8678,sanction,cn,https://www.opensanctions.org/entities/ofac-33706,us_ofac_sdn;us_trade_csl
9828704,,FU YUAN YU 7865,sanction,cn,https://www.opensanctions.org/entities/ofac-33707,us_ofac_sdn;us_trade_csl
9828716,,FU YUAN YU 7866,sanction,cn,https://www.opensanctions.org/entities/ofac-33708,us_ofac_sdn;us_trade_csl
9842279,,FU YUAN YU 7884,sanction,cn,https://www.opensanctions.org/entities/ofac-33709,us_ofac_sdn;us_trade_csl
9842281,,FU YUAN YU 7885,sanction,cn,https://www.opensanctions.org/entities/ofac-33710,us_ofac_sdn;us_trade_csl
9870111,,FU YUAN YU 8660,sanction,cn,https://www.opensanctions.org/entities/ofac-33711,us_ofac_sdn;us_trade_csl
9870587,,FU YUAN YU 8661,sanction,cn,https://www.opensanctions.org/entities/ofac-33712,us_ofac_sdn;us_trade_csl
9871232,,FU YUAN YU 7894,sanction,cn,https://www.opensanctions.org/entities/ofac-33713,us_ofac_sdn;us_trade_csl
9870599,,FU YUAN YU 8662,sanction,cn,https://www.opensanctions.org/entities/ofac-33714,us_ofac_sdn;us_trade_csl
9872561,,FU YUAN YU 7888,sanction,cn,https://www.opensanctions.org/entities/ofac-33715,us_ofac_sdn;us_trade_csl
9872573,,FU YUAN YU 7889,sanction,cn,https://www.opensanctions.org/entities/ofac-33716,us_ofac_sdn;us_trade_csl
9871244,,FU YUAN YU 7895,sanction,cn,https://www.opensanctions.org/entities/ofac-33717,us_ofac_sdn;us_trade_csl
9888273,,FU YUAN YU 7900,sanction,cn,https://www.opensanctions.org/entities/ofac-33718,us_ofac_sdn;us_trade_csl
9888285,,FU YUAN YU 7901,sanction,cn,https://www.opensanctions.org/entities/ofac-33719,us_ofac_sdn;us_trade_csl
9872224,,FU YUAN YU 7896,sanction,cn,https://www.opensanctions.org/entities/ofac-33720,us_ofac_sdn;us_trade_csl
9888297,,FU YUAN YU 7902,sanction,cn,https://www.opensanctions.org/entities/ofac-33721,us_ofac_sdn;us_trade_csl
9897066,,FU YUAN YU YUN 993,sanction,cn,https://www.opensanctions.org/entities/ofac-33722,us_ofac_sdn;us_trade_csl
9916654,,FU YUAN YU 8696,sanction,cn,https://www.opensanctions.org/entities/ofac-33723,us_ofac_sdn;us_trade_csl
9872262,,FU YUAN YU 7897,sanction,cn,https://www.opensanctions.org/entities/ofac-33724,us_ofac_sdn;us_trade_csl
9916692,,FU YUAN YU 8695,sanction,cn,https://www.opensanctions.org/entities/ofac-33725,us_ofac_sdn;us_trade_csl
9916707,,FU YUAN YU 8697,sanction,cn,https://www.opensanctions.org/entities/ofac-33726,us_ofac_sdn;us_trade_csl
9916721,,FU YUAN YU 8698,sanction,cn,https://www.opensanctions.org/entities/ofac-33727,us_ofac_sdn;us_trade_csl
9920954,,FU YUAN YU YUN 991,sanction,cn,https://www.opensanctions.org/entities/ofac-33728,us_ofac_sdn;us_trade_csl
9933717,,FU YUAN YU 8636,sanction,cn,https://www.opensanctions.org/entities/ofac-33729,us_ofac_sdn;us_trade_csl
9872274,,FU YUAN YU 7898,sanction,cn,https://www.opensanctions.org/entities/ofac-33730,us_ofac_sdn;us_trade_csl
9933729,,FU YUAN YU 8637,sanction,cn,https://www.opensanctions.org/entities/ofac-33731,us_ofac_sdn;us_trade_csl
9933731,,FU YUAN YU 8638,sanction,cn,https://www.opensanctions.org/entities/ofac-33732,us_ofac_sdn;us_trade_csl
9872286,,FU YUAN YU 7899,sanction,cn,https://www.opensanctions.org/entities/ofac-33733,us_ofac_sdn;us_trade_csl
9934503,,FU YUAN YU 8635,sanction,cn,https://www.opensanctions.org/entities/ofac-33734,us_ofac_sdn;us_trade_csl
9872585,,FU YUAN YU 7868,sanction,cn,https://www.opensanctions.org/entities/ofac-33735,us_ofac_sdn;us_trade_csl
9934515,,FU YUAN YU 8639,sanction,cn,https://www.opensanctions.org/entities/ofac-33736,us_ofac_sdn;us_trade_csl
9934527,,FU YUAN YU 8640,sanction,cn,https://www.opensanctions.org/entities/ofac-33737,us_ofac_sdn;us_trade_csl
9934539,,FU YUAN YU 8641,sanction,cn,https://www.opensanctions.org/entities/ofac-33738,us_ofac_sdn;us_trade_csl
9934541,,FU YUAN YU 8642,sanction,cn,https://www.opensanctions.org/entities/ofac-33739,us_ofac_sdn;us_trade_csl
9872602,,FU YUAN YU 7869,sanction,cn,https://www.opensanctions.org/entities/ofac-33740,us_ofac_sdn;us_trade_csl
9934553,,FU YUAN YU 8643,sanction,cn,https://www.opensanctions.org/entities/ofac-33741,us_ofac_sdn;us_trade_csl
9874064,,FU YUAN YU 7872,sanction,cn,https://www.opensanctions.org/entities/ofac-33742,us_ofac_sdn;us_trade_csl
9934565,,FU YUAN YU 8644,sanction,cn,https://www.opensanctions.org/entities/ofac-33743,us_ofac_sdn;us_trade_csl
9874131,,FU YUAN YU 7870,sanction,cn,https://www.opensanctions.org/entities/ofac-33744,us_ofac_sdn;us_trade_csl
9934577,,FU YUAN YU 8645,sanction,cn,https://www.opensanctions.org/entities/ofac-33745,us_ofac_sdn;us_trade_csl
9874155,,FU YUAN YU 7871,sanction,cn,https://www.opensanctions.org/entities/ofac-33746,us_ofac_sdn;us_trade_csl
9934589,,FU YUAN YU 8646,sanction,cn,https://www.opensanctions.org/entities/ofac-33747,us_ofac_sdn;us_trade_csl
9874167,,FU YUAN YU 7873,sanction,cn,https://www.opensanctions.org/entities/ofac-33748,us_ofac_sdn;us_trade_csl
9878761,,FU YUAN YU 7890,sanction,cn,https://www.opensanctions.org/entities/ofac-33749,us_ofac_sdn;us_trade_csl
9940497,,FU YUAN YU 8647,sanction,cn,https://www.opensanctions.org/entities/ofac-33750,us_ofac_sdn;us_trade_csl
9878773,,FU YUAN YU 7891,sanction,cn,https://www.opensanctions.org/entities/ofac-33751,us_ofac_sdn;us_trade_csl
9878785,,FU YUAN YU 7893,sanction,cn,https://www.opensanctions.org/entities/ofac-33752,us_ofac_sdn;us_trade_csl
9879686,,FU YUAN YU 7892,sanction,cn,https://www.opensanctions.org/entities/ofac-33753,us_ofac_sdn;us_trade_csl
9879715,,FU YUAN YU 7874,sanction,cn,https://www.opensanctions.org/entities/ofac-33754,us_ofac_sdn;us_trade_csl
9940538,,FU YUAN YU 8648,sanction,cn,https://www.opensanctions.org/entities/ofac-33755,us_ofac_sdn;us_trade_csl
9879727,,FU YUAN YU 7875,sanction,cn,https://www.opensanctions.org/entities/ofac-33756,us_ofac_sdn;us_trade_csl
9940540,,FU YUAN YU 8649,sanction,cn,https://www.opensanctions.org/entities/ofac-33757,us_ofac_sdn;us_trade_csl
9887152,,FU YUAN YU YUN 995,sanction,cn,https://www.opensanctions.org/entities/ofac-33758,us_ofac_sdn;us_trade_csl
9940552,,FU YUAN YU 8650,sanction,cn,https://www.opensanctions.org/entities/ofac-33759,us_ofac_sdn;us_trade_csl
9940576,,FU YUAN YU 8651,sanction,cn,https://www.opensanctions.org/entities/ofac-33760,us_ofac_sdn;us_trade_csl
9940590,,FU YUAN YU 8652,sanction,cn,https://www.opensanctions.org/entities/ofac-33761,us_ofac_sdn;us_trade_csl
9940617,,FU YUAN YU 8653,sanction,cn,https://www.opensanctions.org/entities/ofac-33762,us_ofac_sdn;us_trade_csl
9940629,,FU YUAN YU 8654,sanction,cn,https://www.opensanctions.org/entities/ofac-33763,us_ofac_sdn;us_trade_csl
9887853,,FU YUAN YU YUN 997,sanction,cn,https://www.opensanctions.org/entities/ofac-33764,us_ofac_sdn;us_trade_csl
9891476,,FU YUAN YU 7601,sanction,cn,https://www.opensanctions.org/entities/ofac-33765,us_ofac_sdn;us_trade_csl
9891488,,FU YUAN YU 7602,sanction,cn,https://www.opensanctions.org/entities/ofac-33766,us_ofac_sdn;us_trade_csl
9891490,,FU YUAN YU 7603,sanction,cn,https://www.opensanctions.org/entities/ofac-33767,us_ofac_sdn;us_trade_csl
9891505,,FU YUAN YU 7604,sanction,cn,https://www.opensanctions.org/entities/ofac-33769,us_ofac_sdn;us_trade_csl
8828329,,LONG XING 601,sanction,cn,https://www.opensanctions.org/entities/ofac-33771,us_ofac_sdn;us_trade_csl
8011055,,LONG XING 602,sanction,cn,https://www.opensanctions.org/entities/ofac-33772,us_ofac_sdn;us_trade_csl
7416349,,LONG XING 603,sanction,cn,https://www.opensanctions.org/entities/ofac-33773,us_ofac_sdn;us_trade_csl
8682490,,LONG XING 605,sanction,cn,https://www.opensanctions.org/entities/ofac-33774,us_ofac_sdn;us_trade_csl
8682505,,LONG XING 606,sanction,cn,https://www.opensanctions.org/entities/ofac-33775,us_ofac_sdn;us_trade_csl
8682517,,LONG XING 607,sanction,cn,https://www.opensanctions.org/entities/ofac-33776,us_ofac_sdn;us_trade_csl
8682529,,LONG XING 608,sanction,cn,https://www.opensanctions.org/entities/ofac-33777,us_ofac_sdn;us_trade_csl
9004449,,LONG XING 609,sanction,cn,https://www.opensanctions.org/entities/ofac-33778,us_ofac_sdn;us_trade_csl
8713421,,LONG XING 610,sanction,cn,https://www.opensanctions.org/entities/ofac-33779,us_ofac_sdn;us_trade_csl
9037678,,LONG XING 611,sanction,cn,https://www.opensanctions.org/entities/ofac-33780,us_ofac_sdn;us_trade_csl
9038294,,LONG XING 612,sanction,cn,https://www.opensanctions.org/entities/ofac-33781,us_ofac_sdn;us_trade_csl
8909769,,LONG XING 621,sanction,cn,https://www.opensanctions.org/entities/ofac-33782,us_ofac_sdn;us_trade_csl
8915158,,LONG XING 622,sanction,cn,https://www.opensanctions.org/entities/ofac-33783,us_ofac_sdn;us_trade_csl
8910976,,LONG XING 623,sanction,cn,https://www.opensanctions.org/entities/ofac-33784,us_ofac_sdn;us_trade_csl
9036777,,LONG XING 625,sanction,cn,https://www.opensanctions.org/entities/ofac-33785,us_ofac_sdn;us_trade_csl
9031935,,LONG XING 626,sanction,cn,https://www.opensanctions.org/entities/ofac-33786,us_ofac_sdn;us_trade_csl
9016258,,LONG XING 627,sanction,cn,https://www.opensanctions.org/entities/ofac-33787,us_ofac_sdn;us_trade_csl
9016246,,LONG XING 628,sanction,cn,https://www.opensanctions.org/entities/ofac-33788,us_ofac_sdn;us_trade_csl
8687268,,LONG XING 629,sanction,cn,https://www.opensanctions.org/entities/ofac-33789,us_ofac_sdn;us_trade_csl
8687270,,LONG XING 630,sanction,cn,https://www.opensanctions.org/entities/ofac-33790,us_ofac_sdn;us_trade_csl
8648145,,LONG XING 635,sanction,cn,https://www.opensanctions.org/entities/ofac-33791,us_ofac_sdn;us_trade_csl
9891608,,FU YUAN YU 7605,sanction,cn,https://www.opensanctions.org/entities/ofac-33792,us_ofac_sdn;us_trade_csl
8648157,,LONG XING 636,sanction,cn,https://www.opensanctions.org/entities/ofac-33793,us_ofac_sdn;us_trade_csl
9891610,,FU YUAN YU 7606,sanction,cn,https://www.opensanctions.org/entities/ofac-33794,us_ofac_sdn;us_trade_csl
8648169,,LONG XING 637,sanction,cn,https://www.opensanctions.org/entities/ofac-33795,us_ofac_sdn;us_trade_csl
8648171,,LONG XING 638,sanction,cn,https://www.opensanctions.org/entities/ofac-33796,us_ofac_sdn;us_trade_csl
8529442,,LONG XING 801,sanction,cn,https://www.opensanctions.org/entities/ofac-33797,us_ofac_sdn;us_trade_csl
9892365,,FU YUAN YU 8679,sanction,cn,https://www.opensanctions.org/entities/ofac-33798,us_ofac_sdn;us_trade_csl
8529428,,LONG XING 802,sanction,cn,https://www.opensanctions.org/entities/ofac-33799,us_ofac_sdn;us_trade_csl
8407802,,TIAN XIANG 7,sanction,cn,https://www.opensanctions.org/entities/ofac-33800,us_ofac_sdn;us_trade_csl
8430562,,TIAN XIANG 8,sanction,cn,https://www.opensanctions.org/entities/ofac-33801,us_ofac_sdn;us_trade_csl
8947553,,TIAN XIANG 16,sanction,cn,https://www.opensanctions.org/entities/ofac-33802,us_ofac_sdn;us_trade_csl
9892377,,FU YUAN YU 8680,sanction,cn,https://www.opensanctions.org/entities/ofac-33803,us_ofac_sdn;us_trade_csl
8603690,,TIAN XIANG 18,sanction,cn,https://www.opensanctions.org/entities/ofac-33804,us_ofac_sdn;us_trade_csl
9893137,,FU YUAN YU 8681,sanction,cn,https://www.opensanctions.org/entities/ofac-33805,us_ofac_sdn;us_trade_csl
8651283,,TIAN YU 7,sanction,cn,https://www.opensanctions.org/entities/ofac-33806,us_ofac_sdn;us_trade_csl
8651295,,TIAN YU 8,sanction,cn,https://www.opensanctions.org/entities/ofac-33807,us_ofac_sdn;us_trade_csl
9893149,,FU YUAN YU 8682,sanction,cn,https://www.opensanctions.org/entities/ofac-33808,us_ofac_sdn;us_trade_csl
9894387,,FU YUAN YU 8683,sanction,cn,https://www.opensanctions.org/entities/ofac-33809,us_ofac_sdn;us_trade_csl
9894399,,FU YUAN YU 8686,sanction,cn,https://www.opensanctions.org/entities/ofac-33810,us_ofac_sdn;us_trade_csl
9894492,,FU YUAN YU 8684,sanction,cn,https://www.opensanctions.org/entities/ofac-33811,us_ofac_sdn;us_trade_csl
9894507,,FU YUAN YU 8685,sanction,cn,https://www.opensanctions.org/entities/ofac-33812,us_ofac_sdn;us_trade_csl
9894519,,FU YUAN YU 8687,sanction,cn,https://www.opensanctions.org/entities/ofac-33813,us_ofac_sdn;us_trade_csl
9896294,,FU YUAN YU 7611,sanction,cn,https://www.opensanctions.org/entities/ofac-33814,us_ofac_sdn;us_trade_csl
9896309,,FU YUAN YU 7612,sanction,cn,https://www.opensanctions.org/entities/ofac-33815,us_ofac_sdn;us_trade_csl
9896323,,FU YUAN YU 7613,sanction,cn,https://www.opensanctions.org/entities/ofac-33816,us_ofac_sdn;us_trade_csl
9896335,,FU YUAN YU 7614,sanction,cn,https://www.opensanctions.org/entities/ofac-33817,us_ofac_sdn;us_trade_csl
9896347,,FU YUAN YU 7615,sanction,cn,https://www.opensanctions.org/entities/ofac-33818,us_ofac_sdn;us_trade_csl
9896361,,FU YUAN YU 7616,sanction,cn,https://www.opensanctions.org/entities/ofac-33819,us_ofac_sdn;us_trade_csl
9896373,,FU YUAN YU 7617,sanction,cn,https://www.opensanctions.org/entities/ofac-33820,us_ofac_sdn;us_trade_csl
9896397,,FU YUAN YU 7618,sanction,cn,https://www.opensanctions.org/entities/ofac-33821,us_ofac_sdn;us_trade_csl
9914785,,FU YUAN YU 7630,sanction,cn,https://www.opensanctions.org/entities/ofac-33822,us_ofac_sdn;us_trade_csl
9914761,,FU YUAN YU 7629,sanction,cn,https://www.opensanctions.org/entities/ofac-33823,us_ofac_sdn;us_trade_csl
9896402,,FU YUAN YU 7619,sanction,cn,https://www.opensanctions.org/entities/ofac-33824,us_ofac_sdn;us_trade_csl
9914759,,FU YUAN YU 7628,sanction,cn,https://www.opensanctions.org/entities/ofac-33825,us_ofac_sdn;us_trade_csl
9899052,,FU YUAN YU 8688,sanction,cn,https://www.opensanctions.org/entities/ofac-33826,us_ofac_sdn;us_trade_csl
9914747,,FU YUAN YU 7627,sanction,cn,https://www.opensanctions.org/entities/ofac-33827,us_ofac_sdn;us_trade_csl
9899064,,FU YUAN YU 8689,sanction,cn,https://www.opensanctions.org/entities/ofac-33828,us_ofac_sdn;us_trade_csl
9914735,,FU YUAN YU 7626,sanction,cn,https://www.opensanctions.org/entities/ofac-33829,us_ofac_sdn;us_trade_csl
9899076,,FU YUAN YU 8690,sanction,cn,https://www.opensanctions.org/entities/ofac-33830,us_ofac_sdn;us_trade_csl
9914723,,FU YUAN YU 7625,sanction,cn,https://www.opensanctions.org/entities/ofac-33831,us_ofac_sdn;us_trade_csl
9914606,,FU YUAN YU 7624,sanction,cn,https://www.opensanctions.org/entities/ofac-33832,us_ofac_sdn;us_trade_csl
9899088,,FU YUAN YU 8691,sanction,cn,https://www.opensanctions.org/entities/ofac-33833,us_ofac_sdn;us_trade_csl
9914591,,FU YUAN YU 7622,sanction,cn,https://www.opensanctions.org/entities/ofac-33834,us_ofac_sdn;us_trade_csl
9914589,,FU YUAN YU 7621,sanction,cn,https://www.opensanctions.org/entities/ofac-33835,us_ofac_sdn;us_trade_csl
9914577,,FU YUAN YU 7620,sanction,cn,https://www.opensanctions.org/entities/ofac-33836,us_ofac_sdn;us_trade_csl
9899105,,FU YUAN YU 8692,sanction,cn,https://www.opensanctions.org/entities/ofac-33837,us_ofac_sdn;us_trade_csl
9899117,,FU YUAN YU 8693,sanction,cn,https://www.opensanctions.org/entities/ofac-33838,us_ofac_sdn;us_trade_csl
9910909,,FU YUAN YU YUN 992,sanction,cn,https://www.opensanctions.org/entities/ofac-33839,us_ofac_sdn;us_trade_csl
9396854,,LAMANTIN,sanction,ru,https://www.opensanctions.org/entities/ofac-33917,us_ofac_sdn;us_trade_csl
9220639,,Baltic Leader,sanction,ru,https://www.opensanctions.org/entities/ofac-34940,us_ofac_sdn;us_trade_csl
9256860,,Pegas,sanction,ru,https://www.opensanctions.org/entities/ofac-34942,us_ofac_sdn;us_trade_csl
9109550,,Light Moon,sanction,kn,https://www.opensanctions.org/entities/ofac-34977,us_ofac_sdn;us_trade_csl
9661792,,Dilbar,sanction,ky,https://www.opensanctions.org/entities/ofac-35301,us_ofac_sdn;us_trade_csl
1010703,518100626,TANGO,sanction,ck,https://www.opensanctions.org/entities/ofac-35740,us_ofac_sdn;us_trade_csl
9594339,,Lena,sanction,vg,https://www.opensanctions.org/entities/ofac-35963,us_ofac_sdn;us_trade_csl
9102198,,Eagle Pride,sanction,gy,https://www.opensanctions.org/entities/ofac-36072,us_ofac_sdn;us_trade_csl
1010648,538071180,Sea Rhapsody,sanction,mh,https://www.opensanctions.org/entities/ofac-36276,us_ofac_sdn;us_trade_csl
9683740,273340060,Lady Leila,sanction,ru,https://www.opensanctions.org/entities/ofac-36399,us_ofac_sdn;us_trade_csl
9784893,273382620,Lady Rania,sanction,ru,https://www.opensanctions.org/entities/ofac-36400,us_ofac_sdn;us_trade_csl
9683738,273342180,Lady Sevda,sanction,ru,https://www.opensanctions.org/entities/ofac-36401,us_ofac_sdn;us_trade_csl
9203710,273450880,Sv Konstantin,sanction,ru,https://www.opensanctions.org/entities/ofac-36402,us_ofac_sdn;us_trade_csl
9160994,,Sparta II,sanction,ru,https://www.opensanctions.org/entities/ofac-36696,us_ofac_sdn;us_trade_csl
8807416,,Ambal,sanction,ru,https://www.opensanctions.org/entities/ofac-36697,us_ofac_sdn;us_trade_csl
9617923,,Maria,sanction,tg,https://www.opensanctions.org/entities/ofac-36716,us_ofac_sdn;us_trade_csl
8814354,,Pizhma,sanction,ru,https://www.opensanctions.org/entities/ofac-37026,us_ofac_sdn;us_trade_csl
9268710,,Sparta,sanction,ru,https://www.opensanctions.org/entities/ofac-37027,us_ofac_sdn;us_trade_csl
9538892,,Sparta III,sanction,ru,https://www.opensanctions.org/entities/ofac-37028,us_ofac_sdn;us_trade_csl
9743033,,Sparta IV,sanction,ru,https://www.opensanctions.org/entities/ofac-37029,us_ofac_sdn;us_trade_csl
8305781,,Belomorskiy,sanction,ru,https://www.opensanctions.org/entities/ofac-37031,us_ofac_sdn;us_trade_csl
8730455,,Chizhovka,sanction,ru,https://www.opensanctions.org/entities/ofac-37032,us_ofac_sdn;us_trade_csl
8922486,,Dvinskiy Zaliv,sanction,ru,https://www.opensanctions.org/entities/ofac-37033,us_ofac_sdn;us_trade_csl
8502080,,Inzhener Trubin,sanction,ru,https://www.opensanctions.org/entities/ofac-37034,us_ofac_sdn;us_trade_csl
8502107,,Inzhener Veshnyakov,sanction,ru,https://www.opensanctions.org/entities/ofac-37035,us_ofac_sdn;us_trade_csl
8603406,,Iohann Mahmastal,sanction,ru,https://www.opensanctions.org/entities/ofac-37037,us_ofac_sdn;us_trade_csl
9279422,,Kapitan Kokovin,sanction,ru,https://www.opensanctions.org/entities/ofac-37038,us_ofac_sdn;us_trade_csl
8618073,,Kapitan Ryntsyn,sanction,ru,https://www.opensanctions.org/entities/ofac-37039,us_ofac_sdn;us_trade_csl
9279434,,Kapitan Sakharov,sanction,ru,https://www.opensanctions.org/entities/ofac-37040,us_ofac_sdn;us_trade_csl
9109081,,Kholmogory,sanction,ru,https://www.opensanctions.org/entities/ofac-37041,us_ofac_sdn;us_trade_csl
8928143,,Lapominka,sanction,ru,https://www.opensanctions.org/entities/ofac-37042,us_ofac_sdn;us_trade_csl
8904408,,Mekhanik Brilin,sanction,ru,https://www.opensanctions.org/entities/ofac-37043,us_ofac_sdn;us_trade_csl
8904410,,Mekhanik Kottsov,sanction,ru,https://www.opensanctions.org/entities/ofac-37044,us_ofac_sdn;us_trade_csl
8904458,,Mekhanik Kraskovskiy,sanction,ru,https://www.opensanctions.org/entities/ofac-37045,us_ofac_sdn;us_trade_csl
8904379,,Mekhanik Makarin,sanction,ru,https://www.opensanctions.org/entities/ofac-37046,us_ofac_sdn;us_trade_csl
8904422,,Mekhanik Pustoshnyy,sanction,ru,https://www.opensanctions.org/entities/ofac-37047,us_ofac_sdn;us_trade_csl
8904434,,Mekhanik Pyatlin,sanction,ru,https://www.opensanctions.org/entities/ofac-37048,us_ofac_sdn;us_trade_csl
8904367,,Mekhanik Yartsev,sanction,ru,https://www.opensanctions.org/entities/ofac-37050,us_ofac_sdn;us_trade_csl
9216482,,Mikhail Lomonosov,sanction,ru,https://www.opensanctions.org/entities/ofac-37051,us_ofac_sdn;us_trade_csl
9210359,,S. Kuznetsov,sanction,ru,https://www.opensanctions.org/entities/ofac-37052,us_ofac_sdn;us_trade_csl
9250385,,Siyanie Severa,sanction,ru,https://www.opensanctions.org/entities/ofac-37053,us_ofac_sdn;us_trade_csl
9240550,,SMP Arkhangelsk,sanction,ru,https://www.opensanctions.org/entities/ofac-37054,us_ofac_sdn;us_trade_csl
9398046,,SMP Novodvinsk,sanction,ru,https://www.opensanctions.org/entities/ofac-37055,us_ofac_sdn;us_trade_csl
9376440,,SMP Severodvinsk,sanction,ru,https://www.opensanctions.org/entities/ofac-37056,us_ofac_sdn;us_trade_csl
9179854,,Adler,sanction,ru,https://www.opensanctions.org/entities/ofac-37057,us_ofac_sdn;us_trade_csl
8931748,273913200,Teriberka,sanction,ru,https://www.opensanctions.org/entities/ofac-37058,us_ofac_sdn;us_trade_csl
9179842,,Angara,sanction,ru,https://www.opensanctions.org/entities/ofac-37059,us_ofac_sdn;us_trade_csl
9198226,,Ascalon,sanction,ru,https://www.opensanctions.org/entities/ofac-37060,us_ofac_sdn;us_trade_csl
9116632,,Polar Rock,sanction,ru,https://www.opensanctions.org/entities/ofac-37061,us_ofac_sdn;us_trade_csl
9079169,,ENISEY,sanction,ru,https://www.opensanctions.org/entities/ofac-37063,us_ofac_sdn;us_trade_csl
9255270,,NP DIKSON,sanction,ru,https://www.opensanctions.org/entities/ofac-37064,us_ofac_sdn;us_trade_csl
9349291,,Anastasiia,sanction,ru,https://www.opensanctions.org/entities/ofac-37067,us_ofac_sdn;us_trade_csl
9082142,,Askar-sarydzha,sanction,ru,https://www.opensanctions.org/entities/ofac-37068,us_ofac_sdn;us_trade_csl
8700010,273355400,Etim Emin,sanction,ru,https://www.opensanctions.org/entities/ofac-37069,us_ofac_sdn;us_trade_csl
9083330,,Gasret Aliev,sanction,ru,https://www.opensanctions.org/entities/ofac-37071,us_ofac_sdn;us_trade_csl
9183831,,NP DUDINKA,sanction,ru,https://www.opensanctions.org/entities/ofac-37072,us_ofac_sdn;us_trade_csl
8711289,,RZK CONSTANTA,sanction,ru,https://www.opensanctions.org/entities/ofac-37073,us_ofac_sdn;us_trade_csl
9202053,,SEVERNIY PROECT,sanction,ru,https://www.opensanctions.org/entities/ofac-37074,us_ofac_sdn;us_trade_csl
7236141,,Triton,sanction,ru,https://www.opensanctions.org/entities/ofac-37075,us_ofac_sdn;us_trade_csl
9083196,,Genrikh Gasanov,sanction,ru,https://www.opensanctions.org/entities/ofac-37076,us_ofac_sdn;us_trade_csl
9210256,,Viktor Zabelin,sanction,ru,https://www.opensanctions.org/entities/ofac-37077,us_ofac_sdn;us_trade_csl
9239458,,SIBERIA,sanction,ru,https://www.opensanctions.org/entities/ofac-37078,us_ofac_sdn;us_trade_csl
9086253,,TAIBOLA,sanction,ru,https://www.opensanctions.org/entities/ofac-37080,us_ofac_sdn;us_trade_csl
8606628,,Kompozitor Gasanov,sanction,ru,https://www.opensanctions.org/entities/ofac-37081,us_ofac_sdn;us_trade_csl
8821797,,TAIMYR,sanction,ru,https://www.opensanctions.org/entities/ofac-37082,us_ofac_sdn;us_trade_csl
9014872,,TAMBEY,sanction,ru,https://www.opensanctions.org/entities/ofac-37083,us_ofac_sdn;us_trade_csl
9349289,,Lady D,sanction,ru,https://www.opensanctions.org/entities/ofac-37085,us_ofac_sdn;us_trade_csl
9081368,,TERSKIY BEREG,sanction,ru,https://www.opensanctions.org/entities/ofac-37086,us_ofac_sdn;us_trade_csl
8821802,,TIKSY,sanction,ru,https://www.opensanctions.org/entities/ofac-37088,us_ofac_sdn;us_trade_csl
9220641,,Lady Mariia,sanction,ru,https://www.opensanctions.org/entities/ofac-37089,us_ofac_sdn;us_trade_csl
9081332,,TURUKHAN,sanction,ru,https://www.opensanctions.org/entities/ofac-37091,us_ofac_sdn;us_trade_csl
9161003,,Lady R,sanction,ru,https://www.opensanctions.org/entities/ofac-37095,us_ofac_sdn;us_trade_csl
9358010,,Maia-1,sanction,ru,https://www.opensanctions.org/entities/ofac-37098,us_ofac_sdn;us_trade_csl
8700046,,Olga,sanction,ru,https://www.opensanctions.org/entities/ofac-37100,us_ofac_sdn;us_trade_csl
9347059,,UTRENNIY,sanction,ru,https://www.opensanctions.org/entities/ofac-37101,us_ofac_sdn;us_trade_csl
9347061,,SABETTA,sanction,ru,https://www.opensanctions.org/entities/ofac-37102,us_ofac_sdn;us_trade_csl
9481922,,Port Olya-1,sanction,ru,https://www.opensanctions.org/entities/ofac-37103,us_ofac_sdn;us_trade_csl
9481881,,Port Olya-2,sanction,ru,https://www.opensanctions.org/entities/ofac-37104,us_ofac_sdn;us_trade_csl
8861058,,Rasul Gamzatov,sanction,ru,https://www.opensanctions.org/entities/ofac-37105,us_ofac_sdn;us_trade_csl
8700060,,Sona,sanction,ru,https://www.opensanctions.org/entities/ofac-37106,us_ofac_sdn;us_trade_csl
8866591,,Valentin Emirov,sanction,ru,https://www.opensanctions.org/entities/ofac-37107,us_ofac_sdn;us_trade_csl
9081291,273211090,Teriberka,sanction,ru,https://www.opensanctions.org/entities/ofac-37136,us_ofac_sdn;us_trade_csl
1011551,,Graceful,sanction,ru,https://www.opensanctions.org/entities/ofac-37444,us_ofac_sdn;us_trade_csl
1006960,319766000,Olympia,sanction,ky,https://www.opensanctions.org/entities/ofac-37445,us_ofac_sdn;us_trade_csl
1011331,,Madame Gu,sanction,ky,https://www.opensanctions.org/entities/ofac-37454,us_ofac_sdn;us_trade_csl
,273385420,SHELLEST,sanction,ru,https://www.opensanctions.org/entities/ofac-37479,us_ofac_sdn;us_trade_csl
,273337970,NEGA,sanction,ru,https://www.opensanctions.org/entities/ofac-37482,us_ofac_sdn;us_trade_csl
9204805,356746000,Everrich 5,sanction,pa,https://www.opensanctions.org/entities/ofac-37932,us_ofac_sdn;us_trade_csl
9294795,626061000,BS BRAVO,sanction,ga,https://www.opensanctions.org/entities/ofac-37933,us_ofac_sdn;us_trade_csl
1011202,,Nirvana,sanction,ky,https://www.opensanctions.org/entities/ofac-38245,us_ofac_sdn;us_trade_csl
9143506,356978000,GLORY HARVEST,sanction,pa,https://www.opensanctions.org/entities/ofac-38418,us_ofac_sdn;us_trade_csl
9142150,352898800,AKOYA GAS,sanction,tz,https://www.opensanctions.org/entities/ofac-39276,us_ofac_sdn;us_trade_csl
9256016,621819076,B Luminosa,sanction,dj,https://www.opensanctions.org/entities/ofac-39685,us_ofac_sdn;us_trade_csl
9255880,511100663,ZEPHYR I,sanction,pa,https://www.opensanctions.org/entities/ofac-39686,us_ofac_sdn;us_trade_csl
9267132,621819060,Boceanica,sanction,dj,https://www.opensanctions.org/entities/ofac-39687,us_ofac_sdn;us_trade_csl
9233208,518998461,Rain Drop,sanction,ck,https://www.opensanctions.org/entities/ofac-39688,us_ofac_sdn;us_trade_csl
9304667,353024000,Adisa,sanction,pa,https://www.opensanctions.org/entities/ofac-39692,us_ofac_sdn;us_trade_csl
9194127,750514000,SAINT LIGHT,sanction,gy,https://www.opensanctions.org/entities/ofac-39693,us_ofac_sdn;us_trade_csl
1011159,319025900,Anatta,sanction,ky,https://www.opensanctions.org/entities/ofac-40560,us_ofac_sdn;us_trade_csl
9486910,,IRIS MAKRAN,sanction,ir,https://www.opensanctions.org/entities/ofac-40716,us_ofac_sdn;us_trade_csl
4743313,,Dena,sanction,ir,https://www.opensanctions.org/entities/ofac-40717,us_ofac_sdn;us_trade_csl
9052331,668116145,Dolphin,sanction,st,https://www.opensanctions.org/entities/ofac-40885,us_ofac_sdn;us_trade_csl
9249685,572330220,Lauren,sanction,tv,https://www.opensanctions.org/entities/ofac-40886,us_ofac_sdn;us_trade_csl
9218301,357648000,Golden Bridge,sanction,pa,https://www.opensanctions.org/entities/ofac-40888,us_ofac_sdn;us_trade_csl
9224790,374811000,Golden Phoenix,sanction,pa,https://www.opensanctions.org/entities/ofac-40890,us_ofac_sdn;us_trade_csl
9230098,574004860,Jamaica,sanction,vn,https://www.opensanctions.org/entities/ofac-40892,us_ofac_sdn;us_trade_csl
9445057,574004770,Golden Light 09,sanction,vn,https://www.opensanctions.org/entities/ofac-40894,us_ofac_sdn;us_trade_csl
9250505,352448000,Gas Cathar,sanction,pa,https://www.opensanctions.org/entities/ofac-40895,us_ofac_sdn;us_trade_csl
8744107,412437840,Yong Xiang 29,sanction,cn,https://www.opensanctions.org/entities/ofac-40897,us_ofac_sdn;us_trade_csl
9203928,477232400,Forever Rich,sanction,hk,https://www.opensanctions.org/entities/ofac-40899,us_ofac_sdn;us_trade_csl
9203930,477237100,Yong Xin,sanction,hk,https://www.opensanctions.org/entities/ofac-40900,us_ofac_sdn;us_trade_csl
9526693,477978800,Liang Sheng,sanction,hk,https://www.opensanctions.org/entities/ofac-40902,us_ofac_sdn;us_trade_csl
9773301,477948300,Full Star,sanction,hk,https://www.opensanctions.org/entities/ofac-40904,us_ofac_sdn;us_trade_csl
9342786,574004850,Amias,sanction,vn,https://www.opensanctions.org/entities/ofac-40905,us_ofac_sdn;us_trade_csl
9888792,,POLA HARITA,sanction,,https://www.opensanctions.org/entities/ofac-41041,us_ofac_sdn;us_trade_csl
9190107,,POLA DUDINKA,sanction,,https://www.opensanctions.org/entities/ofac-41085,us_ofac_sdn;us_trade_csl
9691785,,POLA SEVASTIANA,sanction,,https://www.opensanctions.org/entities/ofac-41086,us_ofac_sdn;us_trade_csl
9849423,,POLA MAKARIA,sanction,,https://www.opensanctions.org/entities/ofac-41087,us_ofac_sdn;us_trade_csl
9849435,,POLA FILOFEIA,sanction,,https://www.opensanctions.org/entities/ofac-41088,us_ofac_sdn;us_trade_csl
9849459,,POLA SOFIA,sanction,,https://www.opensanctions.org/entities/ofac-41089,us_ofac_sdn;us_trade_csl
9849461,,POLA FEODOSIA,sanction,,https://www.opensanctions.org/entities/ofac-41090,us_ofac_sdn;us_trade_csl
9849473,,POLA FIVA,sanction,,https://www.opensanctions.org/entities/ofac-41091,us_ofac_sdn;us_trade_csl
9851103,,POLA ANATOLIA,sanction,,https://www.opensanctions.org/entities/ofac-41092,us_ofac_sdn;us_trade_csl
9851115,,POLA ANFISA,sanction,,https://www.opensanctions.org/entities/ofac-41093,us_ofac_sdn;us_trade_csl
9851127,,POLA GALI,sanction,,https://www.opensanctions.org/entities/ofac-41094,us_ofac_sdn;us_trade_csl
9903877,,POLA MIROPIA,sanction,,https://www.opensanctions.org/entities/ofac-41099,us_ofac_sdn;us_trade_csl
9906544,,ASTROL-1,sanction,,https://www.opensanctions.org/entities/ofac-41100,us_ofac_sdn;us_trade_csl
9888807,,POLA PELAGIA,sanction,,https://www.opensanctions.org/entities/ofac-41131,us_ofac_sdn;us_trade_csl
9889198,,ALEKSANDR SOKOLOV,sanction,,https://www.opensanctions.org/entities/ofac-41132,us_ofac_sdn;us_trade_csl
9897690,,POLA ANASTASIA,sanction,,https://www.opensanctions.org/entities/ofac-41133,us_ofac_sdn;us_trade_csl
9897705,,POLA MARIA,sanction,,https://www.opensanctions.org/entities/ofac-41135,us_ofac_sdn;us_trade_csl
9903827,,POLA YAROSLAVA,sanction,,https://www.opensanctions.org/entities/ofac-41136,us_ofac_sdn;us_trade_csl
9903839,,POLA VARVARA,sanction,,https://www.opensanctions.org/entities/ofac-41138,us_ofac_sdn;us_trade_csl
9903841,,POLA AGATA,sanction,,https://www.opensanctions.org/entities/ofac-41139,us_ofac_sdn;us_trade_csl
9903853,,POLA ALEXIA,sanction,,https://www.opensanctions.org/entities/ofac-41140,us_ofac_sdn;us_trade_csl
9903865,,POLA MARINA,sanction,,https://www.opensanctions.org/entities/ofac-41141,us_ofac_sdn;us_trade_csl
8318130,,BALTIYSK,sanction,ru,https://www.opensanctions.org/entities/ofac-42137,us_ofac_sdn;us_trade_csl
9300348,,Avrora Altair,sanction,ru,https://www.opensanctions.org/entities/ofac-42138,us_ofac_sdn;us_trade_csl
9300350,,Avrora Regul,sanction,ru,https://www.opensanctions.org/entities/ofac-42140,us_ofac_sdn;us_trade_csl
9313589,,Avrora Sirius,sanction,ru,https://www.opensanctions.org/entities/ofac-42180,us_ofac_sdn;us_trade_csl
9868807,,Navis 6,sanction,ru,https://www.opensanctions.org/entities/ofac-42181,us_ofac_sdn;us_trade_csl
9900514,,Petrotrans 5902,sanction,ru,https://www.opensanctions.org/entities/ofac-42182,us_ofac_sdn;us_trade_csl
9921996,,Vladimir Latyshev,sanction,ru,https://www.opensanctions.org/entities/ofac-42183,us_ofac_sdn;us_trade_csl
9922110,,Victor Andryukhin,sanction,ru,https://www.opensanctions.org/entities/ofac-42185,us_ofac_sdn;us_trade_csl
9922122,,Leonid Pestrikov,sanction,ru,https://www.opensanctions.org/entities/ofac-42187,us_ofac_sdn;us_trade_csl
9922134,,Nikolai Leonov,sanction,ru,https://www.opensanctions.org/entities/ofac-42189,us_ofac_sdn;us_trade_csl
9924340,,Alpha Helios,sanction,ru,https://www.opensanctions.org/entities/ofac-42190,us_ofac_sdn;us_trade_csl
9924352,,Alpha Hermes,sanction,ru,https://www.opensanctions.org/entities/ofac-42192,us_ofac_sdn;us_trade_csl
9940186,,Alexandr Deev,sanction,ru,https://www.opensanctions.org/entities/ofac-42199,us_ofac_sdn;us_trade_csl
9942392,,Nikolay Anishchenkov,sanction,ru,https://www.opensanctions.org/entities/ofac-42202,us_ofac_sdn;us_trade_csl
9741724,,Alara,sanction,tr,https://www.opensanctions.org/entities/ofac-42208,us_ofac_sdn;us_trade_csl
9759666,,Ipsala,sanction,tr,https://www.opensanctions.org/entities/ofac-42210,us_ofac_sdn;us_trade_csl
9780940,,Ula,sanction,tr,https://www.opensanctions.org/entities/ofac-42214,us_ofac_sdn;us_trade_csl
7406784,,ANA I,sanction,pa,https://www.opensanctions.org/entities/ofac-4243,us_ofac_sdn;us_trade_csl
7206512,,TIFON,sanction,cu,https://www.opensanctions.org/entities/ofac-4249,us_ofac_sdn;us_trade_csl
7423275,,Ivan Kireev,sanction,ru,https://www.opensanctions.org/entities/ofac-43258,us_ofac_sdn;us_trade_csl
8909329,,Aleksey Maryshev,sanction,ru,https://www.opensanctions.org/entities/ofac-43259,us_ofac_sdn;us_trade_csl
8909331,,Grigoriy Mikheyev,sanction,ru,https://www.opensanctions.org/entities/ofac-43260,us_ofac_sdn;us_trade_csl
9912696,,Yuri Babaev,sanction,ru,https://www.opensanctions.org/entities/ofac-43261,us_ofac_sdn;us_trade_csl
8315499,,Pawell,sanction,sy,https://www.opensanctions.org/entities/ofac-43285,us_ofac_sdn;us_trade_csl
9358034,,SASCO ALDAN,sanction,ru,https://www.opensanctions.org/entities/ofac-44212,us_ofac_sdn;us_trade_csl
9246140,,SASCO AVACHA,sanction,ru,https://www.opensanctions.org/entities/ofac-44214,us_ofac_sdn;us_trade_csl
9242986,,SASCO Angara,sanction,ru,https://www.opensanctions.org/entities/ofac-44245,us_ofac_sdn;us_trade_csl
9255402,,SASCO ANIVA,sanction,ru,https://www.opensanctions.org/entities/ofac-44246,us_ofac_sdn;us_trade_csl
9159921,,Patria,sanction,ru,https://www.opensanctions.org/entities/ofac-44248,us_ofac_sdn;us_trade_csl
9118355,,ZEYA,sanction,ru,https://www.opensanctions.org/entities/ofac-44250,us_ofac_sdn;us_trade_csl
9142588,,KUNASHIR,sanction,ru,https://www.opensanctions.org/entities/ofac-44251,us_ofac_sdn;us_trade_csl
9190286,,PARAMUSHIR,sanction,ru,https://www.opensanctions.org/entities/ofac-44253,us_ofac_sdn;us_trade_csl
8714657,,SELENGA,sanction,ru,https://www.opensanctions.org/entities/ofac-44255,us_ofac_sdn;us_trade_csl
9190274,,SHANTAR,sanction,ru,https://www.opensanctions.org/entities/ofac-44256,us_ofac_sdn;us_trade_csl
9179385,,Simushir,sanction,ru,https://www.opensanctions.org/entities/ofac-44273,us_ofac_sdn;us_trade_csl
8330516,,Sakhalin 8,sanction,ru,https://www.opensanctions.org/entities/ofac-44276,us_ofac_sdn;us_trade_csl
8728543,,Sakhalin 9,sanction,ru,https://www.opensanctions.org/entities/ofac-44278,us_ofac_sdn;us_trade_csl
8857667,,Sakhalin 10,sanction,ru,https://www.opensanctions.org/entities/ofac-44279,us_ofac_sdn;us_trade_csl
9915105,,Koryak FSU,sanction,pa,https://www.opensanctions.org/entities/ofac-45007,us_ofac_sdn;us_trade_csl
9915090,,SAAM FSU,sanction,pa,https://www.opensanctions.org/entities/ofac-45034,us_ofac_sdn;us_trade_csl
9258002,636011916,Kazan,sanction,lr,https://www.opensanctions.org/entities/ofac-45330,us_ofac_sdn;us_trade_csl
9421960,636014308,SCF Primorye,sanction,lr,https://www.opensanctions.org/entities/ofac-45555,us_ofac_sdn;us_trade_csl
9256066,636011641,Ligovsky Prospect,sanction,lr,https://www.opensanctions.org/entities/ofac-46288,us_ofac_sdn;us_trade_csl
9306782,636012853,NS Century,sanction,lr,https://www.opensanctions.org/entities/ofac-46290,us_ofac_sdn;us_trade_csl
9299719,636012384,NS Champion,sanction,lr,https://www.opensanctions.org/entities/ofac-46610,us_ofac_sdn;us_trade_csl
9610810,636015565,Viktor Bakaev,sanction,lr,https://www.opensanctions.org/entities/ofac-46611,us_ofac_sdn;us_trade_csl
9322839,636022401,HS Atlantica,sanction,lr,https://www.opensanctions.org/entities/ofac-46613,us_ofac_sdn;us_trade_csl
8318740,,CAPTAIN YAKUBOVICH,sanction,ru,https://www.opensanctions.org/entities/ofac-46771,us_ofac_sdn;us_trade_csl
8517839,,MARIA,sanction,ru,https://www.opensanctions.org/entities/ofac-46773,us_ofac_sdn;us_trade_csl
8714695,,ARKADIY CHERNYSHEV,sanction,ru,https://www.opensanctions.org/entities/ofac-46775,us_ofac_sdn;us_trade_csl
9610808,352003372,ANATOLY KOLODKIN,sanction,pa,https://www.opensanctions.org/entities/ofac-46957,us_ofac_sdn;us_trade_csl
9413559,626372000,NS ANTARCTIC,sanction,ga,https://www.opensanctions.org/entities/ofac-46972,us_ofac_sdn;us_trade_csl
9339313,626393000,NS LION,sanction,ga,https://www.opensanctions.org/entities/ofac-46976,us_ofac_sdn;us_trade_csl
9610793,626362000,GEORGY MASLOV,sanction,ga,https://www.opensanctions.org/entities/ofac-46991,us_ofac_sdn;us_trade_csl
9341093,626388000,NS CONSUL,sanction,ga,https://www.opensanctions.org/entities/ofac-47003,us_ofac_sdn;us_trade_csl
9411020,626378000,NS BURGAS,sanction,ga,https://www.opensanctions.org/entities/ofac-47006,us_ofac_sdn;us_trade_csl
9341067,626379000,NS CAPTAIN,sanction,ga,https://www.opensanctions.org/entities/ofac-47007,us_ofac_sdn;us_trade_csl
9312884,626382000,NS COLUMBUS,sanction,ga,https://www.opensanctions.org/entities/ofac-47009,us_ofac_sdn;us_trade_csl
9249128,352002202,SAKHALIN ISLAND,sanction,pa,https://www.opensanctions.org/entities/ofac-47015,us_ofac_sdn;us_trade_csl
9256054,626369000,NEVSKIY PROSPECT,sanction,ga,https://www.opensanctions.org/entities/ofac-47022,us_ofac_sdn;us_trade_csl
9256078,626367000,LITEYNY PROSPECT,sanction,ga,https://www.opensanctions.org/entities/ofac-47034,us_ofac_sdn;us_trade_csl
9270529,626364000,Krymsk,sanction,ga,https://www.opensanctions.org/entities/ofac-47037,us_ofac_sdn;us_trade_csl
9777670,273375360,SANAR 15,sanction,ru,https://www.opensanctions.org/entities/ofac-47041,us_ofac_sdn;us_trade_csl
9312896,626390000,NS Creation,sanction,ga,https://www.opensanctions.org/entities/ofac-47046,us_ofac_sdn;us_trade_csl
9412359,626377000,NS Bravo,sanction,ga,https://www.opensanctions.org/entities/ofac-47053,us_ofac_sdn;us_trade_csl
9191711,352002537,Mehle,sanction,pa,https://www.opensanctions.org/entities/ofac-47190,us_ofac_sdn;us_trade_csl
9226011,352002984,SINCERE 02,sanction,ki,https://www.opensanctions.org/entities/ofac-47191,us_ofac_sdn;us_trade_csl
9327413,636022549,Aristo,sanction,lr,https://www.opensanctions.org/entities/ofac-47213,us_ofac_sdn;us_trade_csl
9259599,636016693,Hai II,sanction,lr,https://www.opensanctions.org/entities/ofac-47214,us_ofac_sdn;us_trade_csl
9299745,636022360,HS Arge,sanction,lr,https://www.opensanctions.org/entities/ofac-47215,us_ofac_sdn;us_trade_csl
9381732,636022364,HS Buraq,sanction,lr,https://www.opensanctions.org/entities/ofac-47216,us_ofac_sdn;us_trade_csl
9410894,636022386,HS Esberg,sanction,lr,https://www.opensanctions.org/entities/ofac-47217,us_ofac_sdn;us_trade_csl
9410870,636022403,HS Everett,sanction,lr,https://www.opensanctions.org/entities/ofac-47218,us_ofac_sdn;us_trade_csl
9249087,636018127,HS Glory,sanction,lr,https://www.opensanctions.org/entities/ofac-47219,us_ofac_sdn;us_trade_csl
9274446,636018885,HS Star,sanction,lr,https://www.opensanctions.org/entities/ofac-47220,us_ofac_sdn;us_trade_csl
9274616,636022251,La Pride,sanction,lr,https://www.opensanctions.org/entities/ofac-47221,us_ofac_sdn;us_trade_csl
9314818,636022424,Mona,sanction,lr,https://www.opensanctions.org/entities/ofac-47222,us_ofac_sdn;us_trade_csl
9322267,636022550,Nellis,sanction,lr,https://www.opensanctions.org/entities/ofac-47223,us_ofac_sdn;us_trade_csl
9412995,636022098,Osperous,sanction,lr,https://www.opensanctions.org/entities/ofac-47224,us_ofac_sdn;us_trade_csl
9322827,636022479,Peria,sanction,lr,https://www.opensanctions.org/entities/ofac-47225,us_ofac_sdn;us_trade_csl
9301615,636022546,Sara II,sanction,lr,https://www.opensanctions.org/entities/ofac-47226,us_ofac_sdn;us_trade_csl
9296585,636022146,Sensus,sanction,lr,https://www.opensanctions.org/entities/ofac-47227,us_ofac_sdn;us_trade_csl
9323338,636022072,Uze,sanction,lr,https://www.opensanctions.org/entities/ofac-47228,us_ofac_sdn;us_trade_csl
9381744,636022362,HS Legend,sanction,lr,https://www.opensanctions.org/entities/ofac-47233,us_ofac_sdn;us_trade_csl
9289491,314925000,BENDIGO,sanction,bb,https://www.opensanctions.org/entities/ofac-47305,us_ofac_sdn;us_trade_csl
9257503,314642000,Parine,sanction,bb,https://www.opensanctions.org/entities/ofac-47309,us_ofac_sdn;us_trade_csl
9229362,314641000,Road,sanction,bb,https://www.opensanctions.org/entities/ofac-47310,us_ofac_sdn;us_trade_csl
9216559,357776000,Berenice Pride,sanction,pa,https://www.opensanctions.org/entities/ofac-47311,us_ofac_sdn;us_trade_csl
8400945,,Harmony,sanction,km,https://www.opensanctions.org/entities/ofac-47312,us_ofac_sdn;us_trade_csl
9309239,341729000,Euro Viking,sanction,kn,https://www.opensanctions.org/entities/ofac-47314,us_ofac_sdn;us_trade_csl
9281554,341675000,Euro Fortune,sanction,kn,https://www.opensanctions.org/entities/ofac-47315,us_ofac_sdn;us_trade_csl
9417490,352001565,Arabian Energy,sanction,pa,https://www.opensanctions.org/entities/ofac-47316,us_ofac_sdn;us_trade_csl
9162928,626152000,Astra,sanction,ga,https://www.opensanctions.org/entities/ofac-47319,us_ofac_sdn;us_trade_csl
9263382,352004038,Baltic Horizon,sanction,pa,https://www.opensanctions.org/entities/ofac-47321,us_ofac_sdn;us_trade_csl
9411288,518999154,Lia,sanction,ck,https://www.opensanctions.org/entities/ofac-47322,us_ofac_sdn;us_trade_csl
9572111,518999152,Argo,sanction,ck,https://www.opensanctions.org/entities/ofac-47323,us_ofac_sdn;us_trade_csl
9339301,636013272,NS Leader,sanction,ga,https://www.opensanctions.org/entities/ofac-47371,us_ofac_sdn;us_trade_csl
9212759,750788000,LADY SOFIA,sanction,gy,https://www.opensanctions.org/entities/ofac-47661,us_ofac_sdn;us_trade_csl
9150365,750177000,OHAR,sanction,sx,https://www.opensanctions.org/entities/ofac-47705,us_ofac_sdn;us_trade_csl
6703769,,ALIREZA 1,sanction,ru,https://www.opensanctions.org/entities/ofac-47714,us_ofac_sdn;us_trade_csl
7612448,,BALTIYSKIY-111,sanction,ru,https://www.opensanctions.org/entities/ofac-47716,us_ofac_sdn;us_trade_csl
8858087,,SKIF-V,sanction,ru,https://www.opensanctions.org/entities/ofac-47719,us_ofac_sdn;us_trade_csl
8227238,,AKADEMIK ALEKSANDR KARPINSKIY,sanction,ru,https://www.opensanctions.org/entities/ofac-47864,us_ofac_sdn;us_trade_csl
8834691,,PROFESSOR LOGACHEV,sanction,ru,https://www.opensanctions.org/entities/ofac-47868,us_ofac_sdn;us_trade_csl
9187514,,AKADEMIK PRIMAKOV,sanction,ru,https://www.opensanctions.org/entities/ofac-47871,us_ofac_sdn;us_trade_csl
8408985,,AKADEMIK LAZEREV,sanction,ru,https://www.opensanctions.org/entities/ofac-47874,us_ofac_sdn;us_trade_csl
8409032,,AKADEMIK NEMCHINOV,sanction,ru,https://www.opensanctions.org/entities/ofac-47876,us_ofac_sdn;us_trade_csl
8504923,,PROFESSOR RYABINKIN,sanction,ru,https://www.opensanctions.org/entities/ofac-47879,us_ofac_sdn;us_trade_csl
8406573,,BAVENIT,sanction,ru,https://www.opensanctions.org/entities/ofac-48031,us_ofac_sdn;us_trade_csl
8826230,,GELENDZHIK,sanction,ru,https://www.opensanctions.org/entities/ofac-48034,us_ofac_sdn;us_trade_csl
8724482,,YUZHMORGEOLOGIYA,sanction,ru,https://www.opensanctions.org/entities/ofac-48037,us_ofac_sdn;us_trade_csl
9254082,352002176,KOHANA,sanction,pa,https://www.opensanctions.org/entities/ofac-48141,us_ofac_sdn;us_trade_csl
9232450,511100508,RENEEZ,sanction,pw,https://www.opensanctions.org/entities/ofac-48183,us_ofac_sdn;us_trade_csl
9230907,750269000,ETERNAL FORTUNE,sanction,gy,https://www.opensanctions.org/entities/ofac-48200,us_ofac_sdn;us_trade_csl
9185530,374100000,Akin I,sanction,pa,https://www.opensanctions.org/entities/ofac-48298,us_ofac_sdn;us_trade_csl
9233753,620999379,HECATE,sanction,km,https://www.opensanctions.org/entities/ofac-48405,us_ofac_sdn;us_trade_csl
9281683,620999315,ANTHEA,sanction,km,https://www.opensanctions.org/entities/ofac-48406,us_ofac_sdn;us_trade_csl
9248497,620999316,BOREAS,sanction,km,https://www.opensanctions.org/entities/ofac-48407,us_ofac_sdn;us_trade_csl
9002491,620739000,CAPE GAS,sanction,km,https://www.opensanctions.org/entities/ofac-48409,us_ofac_sdn;us_trade_csl
9131101,304563000,calypso gas,sanction,ag,https://www.opensanctions.org/entities/ofac-48410,us_ofac_sdn;us_trade_csl
9194139,304552000,meraki,sanction,ag,https://www.opensanctions.org/entities/ofac-48411,us_ofac_sdn;us_trade_csl
9256468,312038000,elsa,sanction,bz,https://www.opensanctions.org/entities/ofac-48412,us_ofac_sdn;us_trade_csl
9258674,370921000,demeter,sanction,pa,https://www.opensanctions.org/entities/ofac-48414,us_ofac_sdn;us_trade_csl
9259185,620999378,hebe,sanction,km,https://www.opensanctions.org/entities/ofac-48415,us_ofac_sdn;us_trade_csl
9282522,312513000,baxter,sanction,bz,https://www.opensanctions.org/entities/ofac-48416,us_ofac_sdn;us_trade_csl
9337389,620999422,glaucus,sanction,km,https://www.opensanctions.org/entities/ofac-48417,us_ofac_sdn;us_trade_csl
9350422,518999021,ourea,sanction,ck,https://www.opensanctions.org/entities/ofac-48418,us_ofac_sdn;us_trade_csl
9397080,620999373,oceanus gas,sanction,km,https://www.opensanctions.org/entities/ofac-48419,us_ofac_sdn;us_trade_csl
9174660,677070800,ELITE,sanction,tz,https://www.opensanctions.org/entities/ofac-48695,us_ofac_sdn;us_trade_csl
9240914,518998388,CHEM,sanction,ck,https://www.opensanctions.org/entities/ofac-48713,us_ofac_sdn;us_trade_csl
9158161,511100350,DANCY DYNAMIC,sanction,pw,https://www.opensanctions.org/entities/ofac-48714,us_ofac_sdn;us_trade_csl
9234616,518998425,K M A,sanction,ck,https://www.opensanctions.org/entities/ofac-48715,us_ofac_sdn;us_trade_csl
9546722,518998562,CONRAD,sanction,ck,https://www.opensanctions.org/entities/ofac-48716,us_ofac_sdn;us_trade_csl
9763837,,AUDAX,sanction,sg,https://www.opensanctions.org/entities/ofac-48804,us_ofac_sdn;us_trade_csl
9763849,,PUGNAX,sanction,sg,https://www.opensanctions.org/entities/ofac-48806,us_ofac_sdn;us_trade_csl
9228980,,ARCTICA 1,sanction,ru,https://www.opensanctions.org/entities/ofac-48816,us_ofac_sdn;us_trade_csl
9366110,,MYS ZHELANIYA,sanction,ru,https://www.opensanctions.org/entities/ofac-48818,us_ofac_sdn;us_trade_csl
9621601,,VASILY LANOVOY,sanction,ru,https://www.opensanctions.org/entities/ofac-48819,us_ofac_sdn;us_trade_csl
9830769,,Hunter Star,sanction,pa,https://www.opensanctions.org/entities/ofac-48853,us_ofac_sdn;us_trade_csl
9934498,,Nan Feng Zhi Xing,sanction,pa,https://www.opensanctions.org/entities/ofac-48856,us_ofac_sdn;us_trade_csl
9243801,,ARCTICA 2,sanction,ru,https://www.opensanctions.org/entities/ofac-48886,us_ofac_sdn;us_trade_csl
9267297,,BERING,sanction,ru,https://www.opensanctions.org/entities/ofac-48888,us_ofac_sdn;us_trade_csl
9433286,,MYS FLORA,sanction,ru,https://www.opensanctions.org/entities/ofac-48890,us_ofac_sdn;us_trade_csl
9368340,,MYS DEZHNEVA,sanction,ru,https://www.opensanctions.org/entities/ofac-48892,us_ofac_sdn;us_trade_csl
9278600,,BARENTS,sanction,ru,https://www.opensanctions.org/entities/ofac-48894,us_ofac_sdn;us_trade_csl
8711306,,ANDREY OSIPOV,sanction,ru,https://www.opensanctions.org/entities/ofac-48895,us_ofac_sdn;us_trade_csl
9081370,,MIKHAIL BRITNEV,sanction,ru,https://www.opensanctions.org/entities/ofac-48896,us_ofac_sdn;us_trade_csl
9243825,,MYS SHMIDTA,sanction,ru,https://www.opensanctions.org/entities/ofac-48897,us_ofac_sdn;us_trade_csl
7741108,,MANGAZEYA,sanction,ru,https://www.opensanctions.org/entities/ofac-48898,us_ofac_sdn;us_trade_csl
9220952,352003341,JANET,sanction,pa,https://www.opensanctions.org/entities/ofac-49238,us_ofac_sdn;us_trade_csl
9230880,352002277,BELLA 1,sanction,pa,https://www.opensanctions.org/entities/ofac-49248,us_ofac_sdn;us_trade_csl
9904687,,Sergei Witte,sanction,ru,https://www.opensanctions.org/entities/ofac-49313,us_ofac_sdn;us_trade_csl
9904546,,Alexey Kosygin,sanction,ru,https://www.opensanctions.org/entities/ofac-49321,us_ofac_sdn;us_trade_csl
9904675,,Pyotr Stolypin,sanction,ru,https://www.opensanctions.org/entities/ofac-49322,us_ofac_sdn;us_trade_csl
9904699,,Zvezda 044,sanction,ru,https://www.opensanctions.org/entities/ofac-49323,us_ofac_sdn;us_trade_csl
9918781,,Yard No. 9918781 Zvezda-Dsme,sanction,ru,https://www.opensanctions.org/entities/ofac-49324,us_ofac_sdn;us_trade_csl
9918779,,Yard No. 9918779 Zvezda-Dsme,sanction,ru,https://www.opensanctions.org/entities/ofac-49325,us_ofac_sdn;us_trade_csl
9904704,,Zvezda 045,sanction,ru,https://www.opensanctions.org/entities/ofac-49326,us_ofac_sdn;us_trade_csl
9215103,351309000,Wanji,sanction,pa,https://www.opensanctions.org/entities/ofac-49840,us_ofac_sdn;us_trade_csl
9275995,477274300,Oceanic II,sanction,hk,https://www.opensanctions.org/entities/ofac-49841,us_ofac_sdn;us_trade_csl
9203772,352002811,Tirex,sanction,pa,https://www.opensanctions.org/entities/ofac-49842,us_ofac_sdn;us_trade_csl
9237618,,Gulf Knot,sanction,,https://www.opensanctions.org/entities/ofac-49845,us_ofac_sdn;us_trade_csl
9293143,352002776,Kasper,sanction,pa,https://www.opensanctions.org/entities/ofac-49850,us_ofac_sdn;us_trade_csl
8818219,511101405,Raha Gas,sanction,pw,https://www.opensanctions.org/entities/ofac-50092,us_ofac_sdn;us_trade_csl
9171357,511101150,DIVINE POWER,sanction,pw,https://www.opensanctions.org/entities/ofac-50101,us_ofac_sdn;us_trade_csl
9160475,511101151,LPG OM,sanction,pw,https://www.opensanctions.org/entities/ofac-50103,us_ofac_sdn;us_trade_csl
9969821,352003638,TINOS I,sanction,pa,https://www.opensanctions.org/entities/ofac-50107,us_ofac_sdn;us_trade_csl
9953523,,North Sky,sanction,pa,https://www.opensanctions.org/entities/ofac-50331,us_ofac_sdn;us_trade_csl
9953509,,North Air,sanction,pa,https://www.opensanctions.org/entities/ofac-50334,us_ofac_sdn;us_trade_csl
9953511,,North Mountain,sanction,pa,https://www.opensanctions.org/entities/ofac-50337,us_ofac_sdn;us_trade_csl
9953535,,North Way,sanction,pa,https://www.opensanctions.org/entities/ofac-50339,us_ofac_sdn;us_trade_csl
9007386,374350000,FENGSHUN,sanction,sz,https://www.opensanctions.org/entities/ofac-50453,us_ofac_sdn;us_trade_csl
9113379,668116259,VICTORIA,sanction,st,https://www.opensanctions.org/entities/ofac-50454,us_ofac_sdn;us_trade_csl
9005065,668116262,LADY LIBERTY,sanction,st,https://www.opensanctions.org/entities/ofac-50455,us_ofac_sdn;us_trade_csl
8519966,352002268,PARVATI,sanction,pa,https://www.opensanctions.org/entities/ofac-50456,us_ofac_sdn;us_trade_csl
8817693,677067100,Alpha Gas,sanction,tz,https://www.opensanctions.org/entities/ofac-50523,us_ofac_sdn;us_trade_csl
9256602,,Pioneer,sanction,pw,https://www.opensanctions.org/entities/ofac-50525,us_ofac_sdn;us_trade_csl
9005493,677054300,Gemgaz,sanction,tz,https://www.opensanctions.org/entities/ofac-50526,us_ofac_sdn;us_trade_csl
9216298,,Asya Energy,sanction,pw,https://www.opensanctions.org/entities/ofac-50527,us_ofac_sdn;us_trade_csl
9243148,,Everest Energy,sanction,pw,https://www.opensanctions.org/entities/ofac-50528,us_ofac_sdn;us_trade_csl
9103817,273191000,boris kustodiev,sanction,ru,https://www.opensanctions.org/entities/ofac-50583,us_ofac_sdn;us_trade_csl
9481934,273390550,PORT olya-4,sanction,ru,https://www.opensanctions.org/entities/ofac-50584,us_ofac_sdn;us_trade_csl
9481910,273371920,port olya-3,sanction,ru,https://www.opensanctions.org/entities/ofac-50585,us_ofac_sdn;us_trade_csl
8606616,273452650,kompozitor rakhmaninov,sanction,ru,https://www.opensanctions.org/entities/ofac-50586,us_ofac_sdn;us_trade_csl
8422670,,VAFA,sanction,ru,https://www.opensanctions.org/entities/ofac-50590,us_ofac_sdn;us_trade_csl
8422682,,VAFA-1,sanction,ru,https://www.opensanctions.org/entities/ofac-50591,us_ofac_sdn;us_trade_csl
8889385,,omskiy-103,sanction,ru,https://www.opensanctions.org/entities/ofac-50593,us_ofac_sdn;us_trade_csl
8926913,,Omskiy-119,sanction,ru,https://www.opensanctions.org/entities/ofac-50594,us_ofac_sdn;us_trade_csl
8951413,,Zakamsk,sanction,ru,https://www.opensanctions.org/entities/ofac-50595,us_ofac_sdn;us_trade_csl
9324277,,NEW ENERGY,sanction,pw,https://www.opensanctions.org/entities/ofac-50628,us_ofac_sdn;us_trade_csl
9864837,,MULAN,sanction,pw,https://www.opensanctions.org/entities/ofac-50629,us_ofac_sdn;us_trade_csl
9307633,352002970,ETERNAL SUCCESS,sanction,pa,https://www.opensanctions.org/entities/ofac-50842,us_ofac_sdn;us_trade_csl
9259745,352002158,ETERNAL PEACE,sanction,pa,https://www.opensanctions.org/entities/ofac-50843,us_ofac_sdn;us_trade_csl
9232448,352001640,ETERNAL 8,sanction,pa,https://www.opensanctions.org/entities/ofac-50844,us_ofac_sdn;us_trade_csl
9178044,357747000,Confidence P,sanction,pa,https://www.opensanctions.org/entities/ofac-50848,us_ofac_sdn;us_trade_csl
9231224,422471300,Emerald,sanction,,https://www.opensanctions.org/entities/ofac-50850,us_ofac_sdn;us_trade_csl
9197832,374483000,Serene I,sanction,pa,https://www.opensanctions.org/entities/ofac-50851,us_ofac_sdn;us_trade_csl
9141259,668116245,Nova,sanction,st,https://www.opensanctions.org/entities/ofac-50852,us_ofac_sdn;us_trade_csl
9117818,370859000,Rival,sanction,pa,https://www.opensanctions.org/entities/ofac-50854,us_ofac_sdn;us_trade_csl
9248473,352002635,Feng Tai,sanction,pa,https://www.opensanctions.org/entities/ofac-50855,us_ofac_sdn;us_trade_csl
9249324,626466000,Cathay Phoenix,sanction,ga,https://www.opensanctions.org/entities/ofac-50971,us_ofac_sdn;us_trade_csl
9263643,518998343,Frunze,sanction,ck,https://www.opensanctions.org/entities/ofac-50972,us_ofac_sdn;us_trade_csl
9292228,352001298,Crystal Rose,sanction,pa,https://www.opensanctions.org/entities/ofac-51031,us_ofac_sdn;us_trade_csl
9174220,352001994,LUNA PRIME,sanction,pa,https://www.opensanctions.org/entities/ofac-51032,us_ofac_sdn;us_trade_csl
9240512,314872000,Carina,sanction,bb,https://www.opensanctions.org/entities/ofac-51033,us_ofac_sdn;us_trade_csl
9221671,636018950,ELZA,sanction,lr,https://www.opensanctions.org/entities/ofac-51036,us_ofac_sdn;us_trade_csl
9297319,268240702,Salvia,sanction,sm,https://www.opensanctions.org/entities/ofac-51039,us_ofac_sdn;us_trade_csl
9304655,314926000,Carnatic,sanction,bb,https://www.opensanctions.org/entities/ofac-51040,us_ofac_sdn;us_trade_csl
9308778,352002316,Satina,sanction,pa,https://www.opensanctions.org/entities/ofac-51047,us_ofac_sdn;us_trade_csl
9280873,352898820,Aventus I,sanction,pa,https://www.opensanctions.org/entities/ofac-51048,us_ofac_sdn;us_trade_csl
9208215,268249801,Dimitra II,sanction,sm,https://www.opensanctions.org/entities/ofac-51052,us_ofac_sdn;us_trade_csl
9259367,511101471,Davina,sanction,pw,https://www.opensanctions.org/entities/ofac-51053,us_ofac_sdn;us_trade_csl
9224271,352003872,MARIA GRACE,sanction,pa,https://www.opensanctions.org/entities/ofac-51054,us_ofac_sdn;us_trade_csl
9247390,352002704,Tyche I,sanction,pa,https://www.opensanctions.org/entities/ofac-51055,us_ofac_sdn;us_trade_csl
9251810,352002860,Cross Ocean,sanction,pa,https://www.opensanctions.org/entities/ofac-51057,us_ofac_sdn;us_trade_csl
9379703,518999041,GOODWIN,sanction,ck,https://www.opensanctions.org/entities/ofac-51058,us_ofac_sdn;us_trade_csl
9354521,312171000,ANHONA,sanction,bz,https://www.opensanctions.org/entities/ofac-51059,us_ofac_sdn;us_trade_csl
9288095,518999208,WEN YAO,sanction,ck,https://www.opensanctions.org/entities/ofac-51061,us_ofac_sdn;us_trade_csl
9262168,,Berg 1,sanction,pa,https://www.opensanctions.org/entities/ofac-51064,us_ofac_sdn;us_trade_csl
9203265,613916701,Voras,sanction,cm,https://www.opensanctions.org/entities/ofac-51066,us_ofac_sdn;us_trade_csl
9197844,,Hornet,sanction,sz,https://www.opensanctions.org/entities/ofac-51071,us_ofac_sdn;us_trade_csl
9242118,533132105,Shanaye Queen,sanction,my,https://www.opensanctions.org/entities/ofac-51074,us_ofac_sdn;us_trade_csl
9070072,341575000,Carol,sanction,kn,https://www.opensanctions.org/entities/ofac-51077,us_ofac_sdn;us_trade_csl
9224295,,Octans,sanction,st,https://www.opensanctions.org/entities/ofac-51082,us_ofac_sdn;us_trade_csl
9220938,518998494,Marbel,sanction,ck,https://www.opensanctions.org/entities/ofac-51312,us_ofac_sdn;us_trade_csl
9247388,314823000,Kukki,sanction,bb,https://www.opensanctions.org/entities/ofac-51314,us_ofac_sdn;us_trade_csl
9220940,518998535,Trinity,sanction,ck,https://www.opensanctions.org/entities/ofac-51315,us_ofac_sdn;us_trade_csl
9252400,518998663,Onyx,sanction,ck,https://www.opensanctions.org/entities/ofac-51316,us_ofac_sdn;us_trade_csl
9260055,511101304,Gratia,sanction,pw,https://www.opensanctions.org/entities/ofac-51317,us_ofac_sdn;us_trade_csl
9260067,511101307,Juvenis,sanction,pw,https://www.opensanctions.org/entities/ofac-51318,us_ofac_sdn;us_trade_csl
9315654,352003068,Kapok,sanction,pa,https://www.opensanctions.org/entities/ofac-51323,us_ofac_sdn;us_trade_csl
9307932,352002482,PARAGON DAWN,sanction,pa,https://www.opensanctions.org/entities/ofac-51349,us_ofac_sdn;us_trade_csl
9229439,668116233,CERES I,sanction,st,https://www.opensanctions.org/entities/ofac-51350,us_ofac_sdn;us_trade_csl
9262766,351073000,FIONA II,sanction,pa,https://www.opensanctions.org/entities/ofac-51352,us_ofac_sdn;us_trade_csl
9235737,518999249,SOMERSET,sanction,ck,https://www.opensanctions.org/entities/ofac-51353,us_ofac_sdn;us_trade_csl
9341512,636022783,DELPHI,sanction,lr,https://www.opensanctions.org/entities/ofac-51360,us_ofac_sdn;us_trade_csl
9196644,668116202,ELVA,sanction,st,https://www.opensanctions.org/entities/ofac-51361,us_ofac_sdn;us_trade_csl
9410387,538010982,JAYA,sanction,mh,https://www.opensanctions.org/entities/ofac-51365,us_ofac_sdn;us_trade_csl
9169421,422169700,MASAL,sanction,ir,https://www.opensanctions.org/entities/ofac-51367,us_ofac_sdn;us_trade_csl
9166675,334017000,FT ISLAND,sanction,hn,https://www.opensanctions.org/entities/ofac-51368,us_ofac_sdn;us_trade_csl
9198317,750308000,PHONIX,sanction,gy,https://www.opensanctions.org/entities/ofac-51372,us_ofac_sdn;us_trade_csl
9321421,374740000,LARA II,sanction,pa,https://www.opensanctions.org/entities/ofac-51374,us_ofac_sdn;us_trade_csl
9256913,518998389,RIO NAPO,sanction,ck,https://www.opensanctions.org/entities/ofac-51375,us_ofac_sdn;us_trade_csl
9288265,518999290,BLUE NIL,sanction,ck,https://www.opensanctions.org/entities/ofac-51376,us_ofac_sdn;us_trade_csl
9285756,372988000,BLACK PANTHER,sanction,pa,https://www.opensanctions.org/entities/ofac-51378,us_ofac_sdn;us_trade_csl
9285744,353722000,LIONESS,sanction,pa,https://www.opensanctions.org/entities/ofac-51379,us_ofac_sdn;us_trade_csl
9292163,518999103,BERTHA,sanction,ck,https://www.opensanctions.org/entities/ofac-51382,us_ofac_sdn;us_trade_csl
9257137,518999094,MIN HANG,sanction,ck,https://www.opensanctions.org/entities/ofac-51384,us_ofac_sdn;us_trade_csl
9233349,312242000,VESNA,sanction,bz,https://www.opensanctions.org/entities/ofac-51385,us_ofac_sdn;us_trade_csl
9281891,352002495,MEROPE,sanction,pa,https://www.opensanctions.org/entities/ofac-51387,us_ofac_sdn;us_trade_csl
9326055,352002475,VERONICA III,sanction,pa,https://www.opensanctions.org/entities/ofac-51389,us_ofac_sdn;us_trade_csl
9301392,352002205,Captain Kostichev,sanction,pa,https://www.opensanctions.org/entities/ofac-51479,us_ofac_sdn;us_trade_csl
9372559,273335010,Kapitan Gotsky,sanction,ru,https://www.opensanctions.org/entities/ofac-51480,us_ofac_sdn;us_trade_csl
9333682,273345750,Kirill Lavrov,sanction,ru,https://www.opensanctions.org/entities/ofac-51481,us_ofac_sdn;us_trade_csl
9837547,273212310,Mikhail Lazarev,sanction,ru,https://www.opensanctions.org/entities/ofac-51482,us_ofac_sdn;us_trade_csl
9333670,273328440,Mikhail Ulyanov,sanction,ru,https://www.opensanctions.org/entities/ofac-51483,us_ofac_sdn;us_trade_csl
9901037,352002208,Nikolay Zadornov,sanction,pa,https://www.opensanctions.org/entities/ofac-51484,us_ofac_sdn;us_trade_csl
9866380,273618730,Okeansky Prospect,sanction,ru,https://www.opensanctions.org/entities/ofac-51485,us_ofac_sdn;us_trade_csl
9577094,314976000,Pathfinder,sanction,bb,https://www.opensanctions.org/entities/ofac-51486,us_ofac_sdn;us_trade_csl
9301380,352002195,Pavel Chernysh,sanction,pa,https://www.opensanctions.org/entities/ofac-51487,us_ofac_sdn;us_trade_csl
9422445,314988000,Sirius,sanction,bb,https://www.opensanctions.org/entities/ofac-51488,us_ofac_sdn;us_trade_csl
9752084,273397870,Shturman Albanov,sanction,ru,https://www.opensanctions.org/entities/ofac-51489,us_ofac_sdn;us_trade_csl
9752101,273391790,Shturman Ovtsyn,sanction,ru,https://www.opensanctions.org/entities/ofac-51490,us_ofac_sdn;us_trade_csl
9752096,273398780,Shturman Malygin,sanction,ru,https://www.opensanctions.org/entities/ofac-51491,us_ofac_sdn;us_trade_csl
9372561,273330620,Timofey Guzhenko,sanction,ru,https://www.opensanctions.org/entities/ofac-51492,us_ofac_sdn;us_trade_csl
9372547,273345020,Vasily Dinkov,sanction,ru,https://www.opensanctions.org/entities/ofac-51493,us_ofac_sdn;us_trade_csl
9301421,352002197,Victor Konetsky,sanction,pa,https://www.opensanctions.org/entities/ofac-51494,us_ofac_sdn;us_trade_csl
9301407,352002204,Viktor Titov,sanction,pa,https://www.opensanctions.org/entities/ofac-51495,us_ofac_sdn;us_trade_csl
9354301,352003366,Zaliv Amerika,sanction,pa,https://www.opensanctions.org/entities/ofac-51496,us_ofac_sdn;us_trade_csl
9360128,352002194,Zaliv Baikal,sanction,pa,https://www.opensanctions.org/entities/ofac-51497,us_ofac_sdn;us_trade_csl
9360130,352002196,Zaliv Vostok,sanction,pa,https://www.opensanctions.org/entities/ofac-51498,us_ofac_sdn;us_trade_csl
9198783,273610900,Boray,sanction,ru,https://www.opensanctions.org/entities/ofac-51500,us_ofac_sdn;us_trade_csl
9211999,273615700,Sanar 7,sanction,ru,https://www.opensanctions.org/entities/ofac-51501,us_ofac_sdn;us_trade_csl
9212008,273619700,Sanar 8,sanction,ru,https://www.opensanctions.org/entities/ofac-51502,us_ofac_sdn;us_trade_csl
9283241,273253500,Dignity,sanction,ru,https://www.opensanctions.org/entities/ofac-51504,us_ofac_sdn;us_trade_csl
9196620,273387920,UMBA,sanction,ru,https://www.opensanctions.org/entities/ofac-51525,us_ofac_sdn;us_trade_csl
9201994,273318480,BUK,sanction,ru,https://www.opensanctions.org/entities/ofac-51528,us_ofac_sdn;us_trade_csl
9804057,273418480,VYAZ,sanction,ru,https://www.opensanctions.org/entities/ofac-51530,us_ofac_sdn;us_trade_csl
9817779,273396740,TIS,sanction,ru,https://www.opensanctions.org/entities/ofac-51532,us_ofac_sdn;us_trade_csl
9217979,273414140,KOLA,sanction,ru,https://www.opensanctions.org/entities/ofac-51534,us_ofac_sdn;us_trade_csl
9284582,574005540,Panda,sanction,gy,https://www.opensanctions.org/entities/ofac-51548,us_ofac_sdn;us_trade_csl
9337133,574005380,Ivy,sanction,vn,https://www.opensanctions.org/entities/ofac-51549,us_ofac_sdn;us_trade_csl
9284594,574005550,Leopard,sanction,vn,https://www.opensanctions.org/entities/ofac-51550,us_ofac_sdn;us_trade_csl
9223540,373482000,Owens,sanction,pa,https://www.opensanctions.org/entities/ofac-51553,us_ofac_sdn;us_trade_csl
9876373,,Alexander Beggrov,sanction,ru,https://www.opensanctions.org/entities/ofac-51555,us_ofac_sdn;us_trade_csl
9876361,,Alexey Bogolyubov,sanction,ru,https://www.opensanctions.org/entities/ofac-51564,us_ofac_sdn;us_trade_csl
9397547,314948000,Ariadne,sanction,bb,https://www.opensanctions.org/entities/ofac-51565,us_ofac_sdn;us_trade_csl
9385142,314946000,Diamond,sanction,bb,https://www.opensanctions.org/entities/ofac-51566,us_ofac_sdn;us_trade_csl
9876359,,Ivan Aivazovsky,sanction,ru,https://www.opensanctions.org/entities/ofac-51568,us_ofac_sdn;us_trade_csl
9397535,314931000,Jupiter,sanction,bb,https://www.opensanctions.org/entities/ofac-51569,us_ofac_sdn;us_trade_csl
9322956,626399000,NS Pride,sanction,ga,https://www.opensanctions.org/entities/ofac-51571,us_ofac_sdn;us_trade_csl
9371608,268241802,BLISSFUL SEA,sanction,sm,https://www.opensanctions.org/entities/ofac-51572,us_ofac_sdn;us_trade_csl
9309576,352003367,NS Silver,sanction,pa,https://www.opensanctions.org/entities/ofac-51573,us_ofac_sdn;us_trade_csl
9577082,314945000,Premier,sanction,bb,https://www.opensanctions.org/entities/ofac-51574,us_ofac_sdn;us_trade_csl
9397559,314987000,Aria,sanction,bb,https://www.opensanctions.org/entities/ofac-51575,us_ofac_sdn;us_trade_csl
9292058,314944000,Tango,sanction,bb,https://www.opensanctions.org/entities/ofac-51578,us_ofac_sdn;us_trade_csl
9513139,352001925,Fjord Seal,sanction,pa,https://www.opensanctions.org/entities/ofac-51580,us_ofac_sdn;us_trade_csl
9292060,314956000,Talisman,sanction,bb,https://www.opensanctions.org/entities/ofac-51581,us_ofac_sdn;us_trade_csl
9544281,352002588,Corum,sanction,pa,https://www.opensanctions.org/entities/ofac-51582,us_ofac_sdn;us_trade_csl
9292034,314959000,Topaz,sanction,bb,https://www.opensanctions.org/entities/ofac-51583,us_ofac_sdn;us_trade_csl
9530917,352002280,Salty Wolf,sanction,pa,https://www.opensanctions.org/entities/ofac-51584,us_ofac_sdn;us_trade_csl
9524463,352002168,Sakarya,sanction,pa,https://www.opensanctions.org/entities/ofac-51586,us_ofac_sdn;us_trade_csl
9382798,314953000,Trust,sanction,bb,https://www.opensanctions.org/entities/ofac-51587,us_ofac_sdn;us_trade_csl
9524451,352002179,Sable,sanction,pa,https://www.opensanctions.org/entities/ofac-51588,us_ofac_sdn;us_trade_csl
9344033,314943000,Triumph,sanction,bb,https://www.opensanctions.org/entities/ofac-51589,us_ofac_sdn;us_trade_csl
9411331,352002456,Cankiri,sanction,pa,https://www.opensanctions.org/entities/ofac-51591,us_ofac_sdn;us_trade_csl
9383950,352002791,Elegance,sanction,pa,https://www.opensanctions.org/entities/ofac-51592,us_ofac_sdn;us_trade_csl
9384306,314954000,Universal,sanction,bb,https://www.opensanctions.org/entities/ofac-51594,us_ofac_sdn;us_trade_csl
9832547,352003251,Venture,sanction,pa,https://www.opensanctions.org/entities/ofac-51596,us_ofac_sdn;us_trade_csl
9832559,352003207,Valour,sanction,pa,https://www.opensanctions.org/entities/ofac-51597,us_ofac_sdn;us_trade_csl
9436006,352002486,Samsun,sanction,pa,https://www.opensanctions.org/entities/ofac-51600,us_ofac_sdn;us_trade_csl
9419137,352002488,Sivas,sanction,pa,https://www.opensanctions.org/entities/ofac-51603,us_ofac_sdn;us_trade_csl
9673202,352002707,Orient Vision,sanction,pa,https://www.opensanctions.org/entities/ofac-51605,us_ofac_sdn;us_trade_csl
9299903,352003718,DEYNA,sanction,pa,https://www.opensanctions.org/entities/ofac-51609,us_ofac_sdn;us_trade_csl
9620633,352002708,Orient Harmony,sanction,pa,https://www.opensanctions.org/entities/ofac-51610,us_ofac_sdn;us_trade_csl
9285847,352003720,SIRIUS 1,sanction,pa,https://www.opensanctions.org/entities/ofac-51611,us_ofac_sdn;us_trade_csl
9247780,352002942,TURACO,sanction,pa,https://www.opensanctions.org/entities/ofac-51612,us_ofac_sdn;us_trade_csl
9537109,273353580,GAZPROMNEFT ZUID EAST,sanction,ru,https://www.opensanctions.org/entities/ofac-51614,us_ofac_sdn;us_trade_csl
9418509,273371330,OMSK,sanction,ru,https://www.opensanctions.org/entities/ofac-51615,us_ofac_sdn;us_trade_csl
9422653,273334570,TYMEN,sanction,ru,https://www.opensanctions.org/entities/ofac-51616,us_ofac_sdn;us_trade_csl
9286463,273355340,OLANGA,sanction,ru,https://www.opensanctions.org/entities/ofac-51617,us_ofac_sdn;us_trade_csl
9167930,273430430,MURMANSK,sanction,ru,https://www.opensanctions.org/entities/ofac-51618,us_ofac_sdn;us_trade_csl
9888182,273296810,DMITRY MENDELEEV,sanction,ru,https://www.opensanctions.org/entities/ofac-51619,us_ofac_sdn;us_trade_csl
9759939,273391160,SHTURMAN KOSHELEV,sanction,ru,https://www.opensanctions.org/entities/ofac-51620,us_ofac_sdn;us_trade_csl
9759927,273385570,SHTURMAN SHCHERBININ,sanction,ru,https://www.opensanctions.org/entities/ofac-51621,us_ofac_sdn;us_trade_csl
9759915,273392990,SHTURMAN SKURATOV,sanction,ru,https://www.opensanctions.org/entities/ofac-51622,us_ofac_sdn;us_trade_csl
9590137,273355640,GAZPROMNEFT NORDWEST,sanction,ru,https://www.opensanctions.org/entities/ofac-51623,us_ofac_sdn;us_trade_csl
9299692,314942000,Callisto,sanction,bb,https://www.opensanctions.org/entities/ofac-51624,us_ofac_sdn;us_trade_csl
9737187,352002442,Christophe De Margerie,sanction,pa,https://www.opensanctions.org/entities/ofac-51625,us_ofac_sdn;us_trade_csl
9412347,314965000,Leo,sanction,bb,https://www.opensanctions.org/entities/ofac-51627,us_ofac_sdn;us_trade_csl
9339325,314889000,Liberty,sanction,bb,https://www.opensanctions.org/entities/ofac-51632,us_ofac_sdn;us_trade_csl
9266853,352003763,Nereus Sophia,sanction,pa,https://www.opensanctions.org/entities/ofac-51633,us_ofac_sdn;us_trade_csl
9511521,626368000,Moskovsky Prospect,sanction,ga,https://www.opensanctions.org/entities/ofac-51638,us_ofac_sdn;us_trade_csl
9253325,352002470,Nurkez,sanction,pa,https://www.opensanctions.org/entities/ofac-51639,us_ofac_sdn;us_trade_csl
9268112,626450000,Olia,sanction,,https://www.opensanctions.org/entities/ofac-51647,us_ofac_sdn;us_trade_csl
9412335,314984000,Bolero,sanction,bb,https://www.opensanctions.org/entities/ofac-51653,us_ofac_sdn;us_trade_csl
9630028,314930000,Pskov,sanction,bb,https://www.opensanctions.org/entities/ofac-51657,us_ofac_sdn;us_trade_csl
9511533,314919000,Rigel,sanction,bb,https://www.opensanctions.org/entities/ofac-51660,us_ofac_sdn;us_trade_csl
9318553,314894000,SAGA,sanction,bb,https://www.opensanctions.org/entities/ofac-51661,us_ofac_sdn;us_trade_csl
9235713,352001387,AMBER 6,sanction,pa,https://www.opensanctions.org/entities/ofac-51674,us_ofac_sdn;us_trade_csl
9233741,667002317,Olivia,sanction,sl,https://www.opensanctions.org/entities/ofac-51676,us_ofac_sdn;us_trade_csl
9250531,314993000,Python,sanction,bb,https://www.opensanctions.org/entities/ofac-51682,us_ofac_sdn;us_trade_csl
9299769,352004367,AQUATICA,sanction,pa,https://www.opensanctions.org/entities/ofac-51689,us_ofac_sdn;us_trade_csl
9280885,352001692,APUS,sanction,pa,https://www.opensanctions.org/entities/ofac-51690,us_ofac_sdn;us_trade_csl
9281152,352001694,AQUILA II,sanction,pa,https://www.opensanctions.org/entities/ofac-51691,us_ofac_sdn;us_trade_csl
9318541,314897000,Serenade,sanction,bb,https://www.opensanctions.org/entities/ofac-51692,us_ofac_sdn;us_trade_csl
9321847,352001452,EMILY S,sanction,pa,https://www.opensanctions.org/entities/ofac-51697,us_ofac_sdn;us_trade_csl
9436941,626278000,ATTICA,sanction,ga,https://www.opensanctions.org/entities/ofac-51699,us_ofac_sdn;us_trade_csl
9321976,352001510,HEIDI A,sanction,pa,https://www.opensanctions.org/entities/ofac-51700,us_ofac_sdn;us_trade_csl
9333436,314893000,Success,sanction,bb,https://www.opensanctions.org/entities/ofac-51702,us_ofac_sdn;us_trade_csl
9258521,355070000,LAUREN II,sanction,pa,https://www.opensanctions.org/entities/ofac-51705,us_ofac_sdn;us_trade_csl
9289477,374933000,M SOPHIA,sanction,pa,https://www.opensanctions.org/entities/ofac-51707,us_ofac_sdn;us_trade_csl
9282479,352001530,MINERVA M,sanction,pa,https://www.opensanctions.org/entities/ofac-51709,us_ofac_sdn;us_trade_csl
9296822,352001616,SAGITTA,sanction,pa,https://www.opensanctions.org/entities/ofac-51710,us_ofac_sdn;us_trade_csl
9630004,314928000,Velikiy Novgorod,sanction,bb,https://www.opensanctions.org/entities/ofac-51711,us_ofac_sdn;us_trade_csl
9313149,,TASCA,sanction,,https://www.opensanctions.org/entities/ofac-51712,us_ofac_sdn;us_trade_csl
9199127,352001461,BOREY G,sanction,pa,https://www.opensanctions.org/entities/ofac-51713,us_ofac_sdn;us_trade_csl
9866392,273611590,Vostochny Prospect,sanction,ru,https://www.opensanctions.org/entities/ofac-51720,us_ofac_sdn;us_trade_csl
9288851,314975000,CARL,sanction,bb,https://www.opensanctions.org/entities/ofac-51723,us_ofac_sdn;us_trade_csl
9418494,352002209,Zaliv Aniva,sanction,pa,https://www.opensanctions.org/entities/ofac-51724,us_ofac_sdn;us_trade_csl
9219056,372979000,REX 1,sanction,pa,https://www.opensanctions.org/entities/ofac-51725,us_ofac_sdn;us_trade_csl
9610781,314950000,Zenith,sanction,bb,https://www.opensanctions.org/entities/ofac-51726,us_ofac_sdn;us_trade_csl
9322968,314958000,Hyperion,sanction,bb,https://www.opensanctions.org/entities/ofac-51730,us_ofac_sdn;us_trade_csl
9276028,314951000,Pegasus,sanction,bb,https://www.opensanctions.org/entities/ofac-51732,us_ofac_sdn;us_trade_csl
9299721,352001911,CEPHEUS,sanction,pa,https://www.opensanctions.org/entities/ofac-51735,us_ofac_sdn;us_trade_csl
9309588,314947000,Symphony,sanction,bb,https://www.opensanctions.org/entities/ofac-51742,us_ofac_sdn;us_trade_csl
9329655,314971000,Proxima,sanction,bb,https://www.opensanctions.org/entities/ofac-51747,us_ofac_sdn;us_trade_csl
9238052,352001855,CLIO,sanction,pa,https://www.opensanctions.org/entities/ofac-51752,us_ofac_sdn;us_trade_csl
9413573,314895000,Atlas,sanction,bb,https://www.opensanctions.org/entities/ofac-51758,us_ofac_sdn;us_trade_csl
9251274,352002070,CRIUS,sanction,pa,https://www.opensanctions.org/entities/ofac-51761,us_ofac_sdn;us_trade_csl
9271327,304768000,CUP,sanction,ag,https://www.opensanctions.org/entities/ofac-51763,us_ofac_sdn;us_trade_csl
9341079,314949000,Capella,sanction,bb,https://www.opensanctions.org/entities/ofac-51765,us_ofac_sdn;us_trade_csl
9341081,314964000,Cassiopeia,sanction,bb,https://www.opensanctions.org/entities/ofac-51769,us_ofac_sdn;us_trade_csl
9826902,314905000,Galaxy,sanction,bb,https://www.opensanctions.org/entities/ofac-51771,us_ofac_sdn;us_trade_csl
9339337,314892000,Legacy,sanction,bb,https://www.opensanctions.org/entities/ofac-51780,us_ofac_sdn;us_trade_csl
9378618,352002948,SI HE,sanction,pa,https://www.opensanctions.org/entities/ofac-51786,us_ofac_sdn;us_trade_csl
9402469,352003485,FREDA,sanction,pa,https://www.opensanctions.org/entities/ofac-51787,us_ofac_sdn;us_trade_csl
9311622,314967000,Vanguard,sanction,bb,https://www.opensanctions.org/entities/ofac-51790,us_ofac_sdn;us_trade_csl
9901025,352002203,Vladimir Arsenyev,sanction,pa,https://www.opensanctions.org/entities/ofac-51795,us_ofac_sdn;us_trade_csl
9843560,314906000,Voyager,sanction,bb,https://www.opensanctions.org/entities/ofac-51800,us_ofac_sdn;us_trade_csl
9301419,352002198,Yuri Senkevich,sanction,pa,https://www.opensanctions.org/entities/ofac-51803,us_ofac_sdn;us_trade_csl
9350654,352002589,SURREY QUAYS,sanction,pa,https://www.opensanctions.org/entities/ofac-51805,us_ofac_sdn;us_trade_csl
9419448,352003963,HENG TAI,sanction,pa,https://www.opensanctions.org/entities/ofac-51807,us_ofac_sdn;us_trade_csl
9259197,352002137,THALIA III,sanction,pa,https://www.opensanctions.org/entities/ofac-51810,us_ofac_sdn;us_trade_csl
9258870,314861000,LELIA,sanction,bb,https://www.opensanctions.org/entities/ofac-51813,us_ofac_sdn;us_trade_csl
9613551,273369290,Aleksey Chirikov,sanction,ru,https://www.opensanctions.org/entities/ofac-51815,us_ofac_sdn;us_trade_csl
9742120,273396990,Gennadiy Nevelskoy,sanction,ru,https://www.opensanctions.org/entities/ofac-51818,us_ofac_sdn;us_trade_csl
9335678,273312540,SCF Endeavour,sanction,ru,https://www.opensanctions.org/entities/ofac-51822,us_ofac_sdn;us_trade_csl
9271585,352004581,KRISHNA 1,sanction,pa,https://www.opensanctions.org/entities/ofac-51826,us_ofac_sdn;us_trade_csl
9388754,352002820,WEI FENG,sanction,pa,https://www.opensanctions.org/entities/ofac-51827,us_ofac_sdn;us_trade_csl
9292486,314856000,ELINE,sanction,bb,https://www.opensanctions.org/entities/ofac-51834,us_ofac_sdn;us_trade_csl
9305609,352001369,celine,sanction,pa,https://www.opensanctions.org/entities/ofac-51837,us_ofac_sdn;us_trade_csl
9335680,273314650,SCF Endurance,sanction,ru,https://www.opensanctions.org/entities/ofac-51838,us_ofac_sdn;us_trade_csl
9335692,273312060,SCF Enterprise,sanction,ru,https://www.opensanctions.org/entities/ofac-51841,us_ofac_sdn;us_trade_csl
9392822,352002872,Himalayan,sanction,pa,https://www.opensanctions.org/entities/ofac-51847,us_ofac_sdn;us_trade_csl
9198094,511101321,Joel,sanction,pw,https://www.opensanctions.org/entities/ofac-51849,us_ofac_sdn;us_trade_csl
9173745,750656000,CHLOE,sanction,gy,https://www.opensanctions.org/entities/ofac-51850,us_ofac_sdn;us_trade_csl
9312872,352002139,Hui Hai Atlantic,sanction,pa,https://www.opensanctions.org/entities/ofac-51854,us_ofac_sdn;us_trade_csl
9842190,273616040,AKADEMIK GUBKIN,sanction,ru,https://www.opensanctions.org/entities/ofac-51856,us_ofac_sdn;us_trade_csl
9307724,273318120,SCF Sakhalin,sanction,ru,https://www.opensanctions.org/entities/ofac-51858,us_ofac_sdn;us_trade_csl
9346732,352002122,Huihai Pacific,sanction,pa,https://www.opensanctions.org/entities/ofac-51860,us_ofac_sdn;us_trade_csl
9114608,422278900,ROMINA,sanction,ir,https://www.opensanctions.org/entities/ofac-51866,us_ofac_sdn;us_trade_csl
8730077,273449240,DOBRYNYA,sanction,ru,https://www.opensanctions.org/entities/ofac-51871,us_ofac_sdn;us_trade_csl
9753727,273392530,Stepan Makarov,sanction,ru,https://www.opensanctions.org/entities/ofac-51873,us_ofac_sdn;us_trade_csl
9842217,,NURSULTAN NAZARBAYEV,sanction,ru,https://www.opensanctions.org/entities/ofac-51877,us_ofac_sdn;us_trade_csl
9203784,422300300,LOTUS,sanction,ir,https://www.opensanctions.org/entities/ofac-51878,us_ofac_sdn;us_trade_csl
9589750,352002861,Li Bai,sanction,pa,https://www.opensanctions.org/entities/ofac-51879,us_ofac_sdn;us_trade_csl
9538115,273350140,Vyacheslav Tikhonov,sanction,ru,https://www.opensanctions.org/entities/ofac-51880,us_ofac_sdn;us_trade_csl
9898254,,OKEANSKY PROSPECT,sanction,ru,https://www.opensanctions.org/entities/ofac-51882,us_ofac_sdn;us_trade_csl
9753741,273412440,Yevgeny Primakov,sanction,ru,https://www.opensanctions.org/entities/ofac-51884,us_ofac_sdn;us_trade_csl
9653068,273333470,RN AMUR,sanction,ru,https://www.opensanctions.org/entities/ofac-51885,us_ofac_sdn;us_trade_csl
9314088,352001732,Lyra,sanction,pa,https://www.opensanctions.org/entities/ofac-51886,us_ofac_sdn;us_trade_csl
9354313,352003364,Zaliv Amurskiy,sanction,pa,https://www.opensanctions.org/entities/ofac-51888,us_ofac_sdn;us_trade_csl
9650016,273399390,RN SAKHALIN,sanction,ru,https://www.opensanctions.org/entities/ofac-51889,us_ofac_sdn;us_trade_csl
9314105,314001002,Makalu,sanction,bb,https://www.opensanctions.org/entities/ofac-51891,us_ofac_sdn;us_trade_csl
9653070,273320710,RN USSURI,sanction,ru,https://www.opensanctions.org/entities/ofac-51893,us_ofac_sdn;us_trade_csl
9678238,273393630,SVYATOY KNYAZ VLADIMIR,sanction,ru,https://www.opensanctions.org/entities/ofac-51896,us_ofac_sdn;us_trade_csl
9231212,352978243,Mermar,sanction,pa,https://www.opensanctions.org/entities/ofac-51899,us_ofac_sdn;us_trade_csl
9885879,273259920,VALENTIN PIKUL,sanction,ru,https://www.opensanctions.org/entities/ofac-51903,us_ofac_sdn;us_trade_csl
9842176,273211040,VLADIMIR MONOMAKH,sanction,ru,https://www.opensanctions.org/entities/ofac-51905,us_ofac_sdn;us_trade_csl
9080493,667001798,DARAN,sanction,gy,https://www.opensanctions.org/entities/ofac-51907,us_ofac_sdn;us_trade_csl
9187227,667002333,Meru,sanction,sl,https://www.opensanctions.org/entities/ofac-51908,us_ofac_sdn;us_trade_csl
9842188,273295230,VLADIMIR VINOGRADOV,sanction,ru,https://www.opensanctions.org/entities/ofac-51910,us_ofac_sdn;us_trade_csl
9842205,,YARD NO.131040 ZVEZDA-DSME,sanction,ru,https://www.opensanctions.org/entities/ofac-51918,us_ofac_sdn;us_trade_csl
9908994,,YARD NO.131080 ZVEZDA-DSME,sanction,ru,https://www.opensanctions.org/entities/ofac-51920,us_ofac_sdn;us_trade_csl
9315446,305026000,Mum,sanction,ag,https://www.opensanctions.org/entities/ofac-51924,us_ofac_sdn;us_trade_csl
9233222,750925000,RAMONA I,sanction,gy,https://www.opensanctions.org/entities/ofac-51928,us_ofac_sdn;us_trade_csl
9753739,273396260,FEDOR USHAKOV,sanction,ru,https://www.opensanctions.org/entities/ofac-51931,us_ofac_sdn;us_trade_csl
9613549,273358680,VITUS BERING,sanction,ru,https://www.opensanctions.org/entities/ofac-51934,us_ofac_sdn;us_trade_csl
9150377,422362100,STAR 5,sanction,ir,https://www.opensanctions.org/entities/ofac-51935,us_ofac_sdn;us_trade_csl
9236640,,Onyx,sanction,ga,https://www.opensanctions.org/entities/ofac-51976,us_ofac_sdn;us_trade_csl
9409467,,Pravasi,sanction,ga,https://www.opensanctions.org/entities/ofac-51978,us_ofac_sdn;us_trade_csl
9224805,613612000,OXIS,sanction,cm,https://www.opensanctions.org/entities/ofac-52034,us_ofac_sdn;us_trade_csl
1021570,,Ocean 28,sanction,pa,https://www.opensanctions.org/entities/ofac-52251,us_ofac_sdn;us_trade_csl
9251951,621819078,KOHO I,sanction,dj,https://www.opensanctions.org/entities/ofac-52271,us_ofac_sdn;us_trade_csl
9262156,356605000,VIGOR,sanction,pa,https://www.opensanctions.org/entities/ofac-52275,us_ofac_sdn;us_trade_csl
9246281,268241201,Gather View,sanction,sm,https://www.opensanctions.org/entities/ofac-52285,us_ofac_sdn;us_trade_csl
9302023,374128000,MS MELENIA,sanction,pa,https://www.opensanctions.org/entities/ofac-52287,us_ofac_sdn;us_trade_csl
9273052,626248000,ALISSA,sanction,ga,https://www.opensanctions.org/entities/ofac-52310,us_ofac_sdn;us_trade_csl
9297357,352002801,ARJUN,sanction,pa,https://www.opensanctions.org/entities/ofac-52313,us_ofac_sdn;us_trade_csl
9233765,352003752,AULIS,sanction,pa,https://www.opensanctions.org/entities/ofac-52315,us_ofac_sdn;us_trade_csl
9299680,518999083,CANGJIE,sanction,ck,https://www.opensanctions.org/entities/ofac-52319,us_ofac_sdn;us_trade_csl
9316701,314939000,PROGRESS V,sanction,bb,https://www.opensanctions.org/entities/ofac-52326,us_ofac_sdn;us_trade_csl
9264893,314934000,SCORPIUS,sanction,bb,https://www.opensanctions.org/entities/ofac-52328,us_ofac_sdn;us_trade_csl
9418078,352002497,ELIZA II,sanction,pa,https://www.opensanctions.org/entities/ofac-52329,us_ofac_sdn;us_trade_csl
9246279,613924409,AVITAL,sanction,cm,https://www.opensanctions.org/entities/ofac-52331,us_ofac_sdn;us_trade_csl
9242223,636022303,SHUN TAI,sanction,lr,https://www.opensanctions.org/entities/ofac-52334,us_ofac_sdn;us_trade_csl
9224283,518998787,KAPAL CANTIK,sanction,ck,https://www.opensanctions.org/entities/ofac-52337,us_ofac_sdn;us_trade_csl
9321706,626315000,MERCURY,sanction,ga,https://www.opensanctions.org/entities/ofac-52339,us_ofac_sdn;us_trade_csl
9281011,621819067,MOTI,sanction,dj,https://www.opensanctions.org/entities/ofac-52341,us_ofac_sdn;us_trade_csl
9274434,626279000,NANDA DEVI,sanction,ga,https://www.opensanctions.org/entities/ofac-52343,us_ofac_sdn;us_trade_csl
9224465,352003222,NEVE,sanction,pa,https://www.opensanctions.org/entities/ofac-52345,us_ofac_sdn;us_trade_csl
9378632,352002898,PING AN,sanction,pa,https://www.opensanctions.org/entities/ofac-52347,us_ofac_sdn;us_trade_csl
9257993,268249200,MISTRAL 1,sanction,sm,https://www.opensanctions.org/entities/ofac-52379,us_ofac_sdn;us_trade_csl
9276585,352003955,CH BILLION,sanction,pa,https://www.opensanctions.org/entities/ofac-52543,us_ofac_sdn;us_trade_csl
9191553,626246000,YATEEKA,sanction,ga,https://www.opensanctions.org/entities/ofac-52588,us_ofac_sdn;us_trade_csl
9231901,370207000,URGANE I,sanction,pa,https://www.opensanctions.org/entities/ofac-52589,us_ofac_sdn;us_trade_csl
9244635,669542000,Amak,sanction,sz,https://www.opensanctions.org/entities/ofac-52685,us_ofac_sdn;us_trade_csl
9271406,352898783,Meng Xin,sanction,pa,https://www.opensanctions.org/entities/ofac-52686,us_ofac_sdn;us_trade_csl
9236248,518999317,Phoenix I,sanction,ck,https://www.opensanctions.org/entities/ofac-52687,us_ofac_sdn;us_trade_csl
9198082,352980833,gioiosa,sanction,pa,https://www.opensanctions.org/entities/ofac-52818,us_ofac_sdn;us_trade_csl
9237632,477949100,STAR FOREST,sanction,hk,https://www.opensanctions.org/entities/ofac-52854,us_ofac_sdn;us_trade_csl
9280366,314001045,CASINOVA,sanction,bb,https://www.opensanctions.org/entities/ofac-52937,us_ofac_sdn;us_trade_csl
9365776,352002042,LYDIA II,sanction,pa,https://www.opensanctions.org/entities/ofac-52945,us_ofac_sdn;us_trade_csl
9365764,352002097,AYDEN,sanction,pa,https://www.opensanctions.org/entities/ofac-52948,us_ofac_sdn;us_trade_csl
9365752,352002219,FIONA,sanction,pa,https://www.opensanctions.org/entities/ofac-52951,us_ofac_sdn;us_trade_csl
9181194,629009370,ASTERIX,sanction,gm,https://www.opensanctions.org/entities/ofac-52968,us_ofac_sdn;us_trade_csl
9154000,352900000,VIOLET 1,sanction,pa,https://www.opensanctions.org/entities/ofac-52970,us_ofac_sdn;us_trade_csl
9212400,357964000,CHAMTANG,sanction,pa,https://www.opensanctions.org/entities/ofac-52971,us_ofac_sdn;us_trade_csl
9163269,352900000,PETERPAUL,sanction,pa,https://www.opensanctions.org/entities/ofac-52972,us_ofac_sdn;us_trade_csl
9203277,613806561,LEXI,sanction,cm,https://www.opensanctions.org/entities/ofac-53096,us_ofac_sdn;us_trade_csl
9153525,511100863,LYDYA N,sanction,pw,https://www.opensanctions.org/entities/ofac-53098,us_ofac_sdn;us_trade_csl
9272694,422546600,POLARIS 1,sanction,ir,https://www.opensanctions.org/entities/ofac-53101,us_ofac_sdn;us_trade_csl
9288019,477738400,PEACE HILL,sanction,hk,https://www.opensanctions.org/entities/ofac-53135,us_ofac_sdn;us_trade_csl
9237412,268242902,Seasky,sanction,sm,https://www.opensanctions.org/entities/ofac-53137,us_ofac_sdn;us_trade_csl
9257149,352003483,NESO,sanction,pa,https://www.opensanctions.org/entities/ofac-53140,us_ofac_sdn;us_trade_csl
9237797,314903000,Shannon II,sanction,bb,https://www.opensanctions.org/entities/ofac-53141,us_ofac_sdn;us_trade_csl
9102277,620999528,ITAUGUA,sanction,km,https://www.opensanctions.org/entities/ofac-53145,us_ofac_sdn;us_trade_csl
9328716,511101436,BLUE GULF,sanction,pw,https://www.opensanctions.org/entities/ofac-53148,us_ofac_sdn;us_trade_csl
9276573,352003958,Corona Fun,sanction,pa,https://www.opensanctions.org/entities/ofac-53150,us_ofac_sdn;us_trade_csl
8106109,525010379,MARINA VISION,sanction,id,https://www.opensanctions.org/entities/ofac-53154,us_ofac_sdn;us_trade_csl
8710730,525018077,CELEBES,sanction,id,https://www.opensanctions.org/entities/ofac-53155,us_ofac_sdn;us_trade_csl
9179921,525018442,MALILI,sanction,id,https://www.opensanctions.org/entities/ofac-53156,us_ofac_sdn;us_trade_csl
9281695,268240502,Montrose,sanction,sm,https://www.opensanctions.org/entities/ofac-53322,us_ofac_sdn;us_trade_csl
9422988,314679000,NEW MILOS,sanction,bb,https://www.opensanctions.org/entities/ofac-53327,us_ofac_sdn;us_trade_csl
9293741,,TITAN,sanction,,https://www.opensanctions.org/entities/ofac-53329,us_ofac_sdn;us_trade_csl
9720263,273254900,AM THESEUS,sanction,ru,https://www.opensanctions.org/entities/ofac-53333,us_ofac_sdn;us_trade_csl
9310147,620999608,Natalina 7,sanction,km,https://www.opensanctions.org/entities/ofac-53361,us_ofac_sdn;us_trade_csl
9310159,352001485,CATALINA 7,sanction,pa,https://www.opensanctions.org/entities/ofac-53379,us_ofac_sdn;us_trade_csl
9232876,314867000,BRAVA LAKE,sanction,bb,https://www.opensanctions.org/entities/ofac-53571,us_ofac_sdn;us_trade_csl
9254915,354951000,VIOLA,sanction,pa,https://www.opensanctions.org/entities/ofac-53607,us_ofac_sdn;us_trade_csl
9181649,356024000,AURORA RILEY,sanction,pa,https://www.opensanctions.org/entities/ofac-53611,us_ofac_sdn;us_trade_csl
9265744,613464706,RESTON,sanction,cm,https://www.opensanctions.org/entities/ofac-53821,us_ofac_sdn;us_trade_csl
9182291,613884000,AMOR,sanction,cm,https://www.opensanctions.org/entities/ofac-53878,us_ofac_sdn;us_trade_csl
9236250,629009436,Virgo,sanction,gm,https://www.opensanctions.org/entities/ofac-53883,us_ofac_sdn;us_trade_csl
9232955,518998409,GLOBAL ELEGANCE,sanction,,https://www.opensanctions.org/entities/ofac-53885,us_ofac_sdn;us_trade_csl
8982888,352001105,GLOBAL EMERALD,sanction,pa,https://www.opensanctions.org/entities/ofac-53886,us_ofac_sdn;us_trade_csl
9125712,354117000,GLOBAL PEAK,sanction,pa,https://www.opensanctions.org/entities/ofac-53887,us_ofac_sdn;us_trade_csl
9136113,511101535,GLOBAL RANI,sanction,pw,https://www.opensanctions.org/entities/ofac-53888,us_ofac_sdn;us_trade_csl
9164500,354068000,GLOBAL STAR,sanction,pa,https://www.opensanctions.org/entities/ofac-53889,us_ofac_sdn;us_trade_csl
9190078,374808000,GLOBAL ACE,sanction,pa,https://www.opensanctions.org/entities/ofac-53890,us_ofac_sdn;us_trade_csl
9125724,352995000,GLOBAL EVEREST,sanction,pa,https://www.opensanctions.org/entities/ofac-53891,us_ofac_sdn;us_trade_csl
9311309,353283000,GLOBAL ANGEL,sanction,pa,https://www.opensanctions.org/entities/ofac-53892,us_ofac_sdn;us_trade_csl
9399167,511101536,GLOBAL FALCON,sanction,pw,https://www.opensanctions.org/entities/ofac-53893,us_ofac_sdn;us_trade_csl
9221267,352004530,GLOBAL BEAUTY,sanction,pa,https://www.opensanctions.org/entities/ofac-53894,us_ofac_sdn;us_trade_csl
9546708,314932000,GLOBAL MAHARANI,sanction,bb,https://www.opensanctions.org/entities/ofac-53895,us_ofac_sdn;us_trade_csl
9309227,352898795,GLOBAL DIGNITY,sanction,pa,https://www.opensanctions.org/entities/ofac-53896,us_ofac_sdn;us_trade_csl
9463528,352002878,GLORY STAR I,sanction,pa,https://www.opensanctions.org/entities/ofac-53897,us_ofac_sdn;us_trade_csl
9397030,314825000,HARMONY,sanction,bb,https://www.opensanctions.org/entities/ofac-53898,us_ofac_sdn;us_trade_csl
9422847,620999538,GLOBAL EAGLE,sanction,km,https://www.opensanctions.org/entities/ofac-53899,us_ofac_sdn;us_trade_csl
9422859,518100966,GLOBAL HAWK,sanction,,https://www.opensanctions.org/entities/ofac-53900,us_ofac_sdn;us_trade_csl
8413306,373094000,OCEAN PRINCESS 1,sanction,pa,https://www.opensanctions.org/entities/ofac-53901,us_ofac_sdn;us_trade_csl
9555199,518100969,GLOBAL PEACE,sanction,ck,https://www.opensanctions.org/entities/ofac-53902,us_ofac_sdn;us_trade_csl
9171498,629009268,CHIL 1,sanction,gm,https://www.opensanctions.org/entities/ofac-53903,us_ofac_sdn;us_trade_csl
9113094,372463000,GLOBAL CREST,sanction,pa,https://www.opensanctions.org/entities/ofac-53904,us_ofac_sdn;us_trade_csl
9005338,354816424,GLOBAL ASPHALT,sanction,pa,https://www.opensanctions.org/entities/ofac-53905,us_ofac_sdn;us_trade_csl
9672301,305290000,GLOBAL DOMINANCE,sanction,ag,https://www.opensanctions.org/entities/ofac-53906,us_ofac_sdn;us_trade_csl
9254422,314963000,MIRAGE,sanction,bb,https://www.opensanctions.org/entities/ofac-53907,us_ofac_sdn;us_trade_csl
9451501,518100860,GLOBAL GENESIS,sanction,,https://www.opensanctions.org/entities/ofac-53908,us_ofac_sdn;us_trade_csl
9372705,357029000,LUANDA 1,sanction,pa,https://www.opensanctions.org/entities/ofac-53909,us_ofac_sdn;us_trade_csl
9118745,352001151,NADIYA,sanction,pa,https://www.opensanctions.org/entities/ofac-53910,us_ofac_sdn;us_trade_csl
9176656,629000928,PURNA,sanction,gm,https://www.opensanctions.org/entities/ofac-53911,us_ofac_sdn;us_trade_csl
9136644,356762000,SIMRAN,sanction,pa,https://www.opensanctions.org/entities/ofac-53916,us_ofac_sdn;us_trade_csl
9295593,352003044,BESTLA,sanction,pa,https://www.opensanctions.org/entities/ofac-53924,us_ofac_sdn;us_trade_csl
9283801,352001512,EGRET,sanction,pa,https://www.opensanctions.org/entities/ofac-53925,us_ofac_sdn;us_trade_csl
9250907,354907000,RANI,sanction,pa,https://www.opensanctions.org/entities/ofac-53928,us_ofac_sdn;us_trade_csl
9242120,352002259,NYANTARA,sanction,pa,https://www.opensanctions.org/entities/ofac-53931,us_ofac_sdn;us_trade_csl
9230426,374932000,White Whale,sanction,pa,https://www.opensanctions.org/entities/ofac-54020,us_ofac_sdn;us_trade_csl
9014420,620800004,SARAH,sanction,,https://www.opensanctions.org/entities/ofac-54033,us_ofac_sdn;us_trade_csl
9289776,352002675,Maisan,sanction,pa,https://www.opensanctions.org/entities/ofac-54042,us_ofac_sdn;us_trade_csl
9233234,626143000,Eloise,sanction,ga,https://www.opensanctions.org/entities/ofac-54050,us_ofac_sdn;us_trade_csl
9237228,268246702,Thane,sanction,sm,https://www.opensanctions.org/entities/ofac-54118,us_ofac_sdn;us_trade_csl
9171448,668116257,Impalas,sanction,st,https://www.opensanctions.org/entities/ofac-54120,us_ofac_sdn;us_trade_csl
9256987,352003519,STAR TWINKLE 6,sanction,pa,https://www.opensanctions.org/entities/ofac-54144,us_ofac_sdn;us_trade_csl
9320843,352003859,LAMD,sanction,pa,https://www.opensanctions.org/entities/ofac-54145,us_ofac_sdn;us_trade_csl
9230971,352421000,SKADI,sanction,pa,https://www.opensanctions.org/entities/ofac-54146,us_ofac_sdn;us_trade_csl
9263215,356336000,BIG MAG,sanction,pa,https://www.opensanctions.org/entities/ofac-54147,us_ofac_sdn;us_trade_csl
9235244,613469620,BALU,sanction,cm,https://www.opensanctions.org/entities/ofac-54177,us_ofac_sdn;us_trade_csl
9275660,352004455,ROC,sanction,pa,https://www.opensanctions.org/entities/ofac-54179,us_ofac_sdn;us_trade_csl
9264570,353744000,THEMIS,sanction,pa,https://www.opensanctions.org/entities/ofac-54276,us_ofac_sdn;us_trade_csl
9306548,620999948,FOTIS,sanction,km,https://www.opensanctions.org/entities/ofac-54295,us_ofac_sdn;us_trade_csl
9197909,613742000,VIZURI,sanction,cm,https://www.opensanctions.org/entities/ofac-54318,us_ofac_sdn;us_trade_csl
9187368,352003792,Honestar,sanction,,https://www.opensanctions.org/entities/ofac-54320,us_ofac_sdn;us_trade_csl
9196632,352001069,Bianca Joysel,sanction,pa,https://www.opensanctions.org/entities/ofac-54336,us_ofac_sdn;us_trade_csl
9174397,518100992,Ares,sanction,ck,https://www.opensanctions.org/entities/ofac-54341,us_ofac_sdn;us_trade_csl
9238868,477722100,GIANT,sanction,hk,https://www.opensanctions.org/entities/ofac-54342,us_ofac_sdn;us_trade_csl
9256975,353529000,KONGM,sanction,pa,https://www.opensanctions.org/entities/ofac-54343,us_ofac_sdn;us_trade_csl
9234666,352002297,ADELINE G,sanction,pa,https://www.opensanctions.org/entities/ofac-54344,us_ofac_sdn;us_trade_csl
9108099,511101457,GAS MARYAM,sanction,pw,https://www.opensanctions.org/entities/ofac-54403,us_ofac_sdn;us_trade_csl
9262754,613769400,ATILA,sanction,cm,https://www.opensanctions.org/entities/ofac-54405,us_ofac_sdn;us_trade_csl
9216717,613001301,ELIZABET,sanction,cm,https://www.opensanctions.org/entities/ofac-54408,us_ofac_sdn;us_trade_csl
9829629,538008147,DIJILAH,sanction,mh,https://www.opensanctions.org/entities/ofac-54410,us_ofac_sdn;us_trade_csl
9286229,268245201,RIEVERIA I,sanction,sm,https://www.opensanctions.org/entities/ofac-54419,us_ofac_sdn;us_trade_csl
9045807,352980786,BATELEUR,sanction,pa,https://www.opensanctions.org/entities/ofac-54423,us_ofac_sdn;us_trade_csl
9157478,352002246,NEEL,sanction,pa,https://www.opensanctions.org/entities/ofac-54424,us_ofac_sdn;us_trade_csl
9102241,334983000,ARTEMIS III,sanction,hn,https://www.opensanctions.org/entities/ofac-54425,us_ofac_sdn;us_trade_csl
9298272,511100949,Valente,sanction,pw,https://www.opensanctions.org/entities/ofac-54507,us_ofac_sdn;us_trade_csl
9218181,620800003,Atlantis MZ,sanction,,https://www.opensanctions.org/entities/ofac-54542,us_ofac_sdn;us_trade_csl
9041655,613003596,TRIS GAS,sanction,cm,https://www.opensanctions.org/entities/ofac-54785,us_ofac_sdn;us_trade_csl
9554834,352001745,XANTE,sanction,pa,https://www.opensanctions.org/entities/ofac-54791,us_ofac_sdn;us_trade_csl
9288875,620999317,MUR,sanction,km,https://www.opensanctions.org/entities/ofac-54795,us_ofac_sdn;us_trade_csl
9321718,352001929,IKARA,sanction,pa,https://www.opensanctions.org/entities/ofac-54796,us_ofac_sdn;us_trade_csl
9248485,636014160,NECLEUS,sanction,tz,https://www.opensanctions.org/entities/ofac-54799,us_ofac_sdn;us_trade_csl
9282481,352002249,TAGOR,sanction,pa,https://www.opensanctions.org/entities/ofac-54801,us_ofac_sdn;us_trade_csl
9282041,352001312,Abhra,sanction,pa,https://www.opensanctions.org/entities/ofac-54804,us_ofac_sdn;us_trade_csl
9433016,352002102,APATE,sanction,pa,https://www.opensanctions.org/entities/ofac-54805,us_ofac_sdn;us_trade_csl
9439541,636022766,NEMRUT,sanction,lr,https://www.opensanctions.org/entities/ofac-54806,us_ofac_sdn;us_trade_csl
9400980,352001876,ABHA,sanction,pa,https://www.opensanctions.org/entities/ofac-54807,us_ofac_sdn;us_trade_csl
9328170,352002230,AETHER,sanction,pa,https://www.opensanctions.org/entities/ofac-54808,us_ofac_sdn;us_trade_csl
9298492,352002149,TOA PAYOH,sanction,pa,https://www.opensanctions.org/entities/ofac-54809,us_ofac_sdn;us_trade_csl
9252955,352002147,BRIONT,sanction,pa,https://www.opensanctions.org/entities/ofac-54811,us_ofac_sdn;us_trade_csl
9388027,352002116,MANASLU,sanction,pa,https://www.opensanctions.org/entities/ofac-54813,us_ofac_sdn;us_trade_csl
9408695,636022764,TASSOS,sanction,lr,https://www.opensanctions.org/entities/ofac-54815,us_ofac_sdn;us_trade_csl
9318022,352002261,CHARMINAR,sanction,pa,https://www.opensanctions.org/entities/ofac-54817,us_ofac_sdn;us_trade_csl
9308065,,EVENTIN,sanction,,https://www.opensanctions.org/entities/ofac-54820,us_ofac_sdn;us_trade_csl
9719862,636021266,SIMBA,sanction,lr,https://www.opensanctions.org/entities/ofac-54823,us_ofac_sdn;us_trade_csl
9436484,636020787,STAR,sanction,lr,https://www.opensanctions.org/entities/ofac-54825,us_ofac_sdn;us_trade_csl
9246322,636021547,TEX,sanction,lr,https://www.opensanctions.org/entities/ofac-54827,us_ofac_sdn;us_trade_csl
9415844,636021306,TIMON,sanction,lr,https://www.opensanctions.org/entities/ofac-54828,us_ofac_sdn;us_trade_csl
9307009,636020609,YOGI,sanction,lr,https://www.opensanctions.org/entities/ofac-54830,us_ofac_sdn;us_trade_csl
9313242,636020813,ZAGOR,sanction,lr,https://www.opensanctions.org/entities/ofac-54831,us_ofac_sdn;us_trade_csl
9264881,268246102,NEREIDES,sanction,sm,https://www.opensanctions.org/entities/ofac-54837,us_ofac_sdn;us_trade_csl
9012886,511100419,Elke,sanction,pw,https://www.opensanctions.org/entities/ofac-54844,us_ofac_sdn;us_trade_csl
9122473,341652000,DHANU,sanction,kn,https://www.opensanctions.org/entities/ofac-54865,us_ofac_sdn;us_trade_csl
9088524,636020878,AEOLUS,sanction,lr,https://www.opensanctions.org/entities/ofac-54866,us_ofac_sdn;us_trade_csl
9259408,341988000,CERUS,sanction,kn,https://www.opensanctions.org/entities/ofac-54868,us_ofac_sdn;us_trade_csl
9228538,376846000,ACE,sanction,vc,https://www.opensanctions.org/entities/ofac-54869,us_ofac_sdn;us_trade_csl
9236652,636019341,ROB,sanction,lr,https://www.opensanctions.org/entities/ofac-54871,us_ofac_sdn;us_trade_csl
9348493,372818000,GAUJA,sanction,pa,https://www.opensanctions.org/entities/ofac-54873,us_ofac_sdn;us_trade_csl
9237084,636023677,TB ANPING,sanction,lr,https://www.opensanctions.org/entities/ofac-54876,us_ofac_sdn;us_trade_csl
9247778,511100321,IRIS,sanction,pw,https://www.opensanctions.org/entities/ofac-54889,us_ofac_sdn;us_trade_csl
9304356,577006000,HERA 1,sanction,vu,https://www.opensanctions.org/entities/ofac-54891,us_ofac_sdn;us_trade_csl
9387279,352002120,ETHERA,sanction,pa,https://www.opensanctions.org/entities/ofac-54900,us_ofac_sdn;us_trade_csl
9332315,352002151,MISHELL,sanction,pa,https://www.opensanctions.org/entities/ofac-54904,us_ofac_sdn;us_trade_csl
9336490,352002021,MYRA,sanction,pa,https://www.opensanctions.org/entities/ofac-54905,us_ofac_sdn;us_trade_csl
9307047,636020524,BIGLI,sanction,lr,https://www.opensanctions.org/entities/ofac-54906,us_ofac_sdn;us_trade_csl
9241487,636020758,BERTIE,sanction,lr,https://www.opensanctions.org/entities/ofac-54907,us_ofac_sdn;us_trade_csl
9382073,636022596,ANTARES I,sanction,lr,https://www.opensanctions.org/entities/ofac-54908,us_ofac_sdn;us_trade_csl
9299707,636012383,GUANYIN,sanction,lr,https://www.opensanctions.org/entities/ofac-54912,us_ofac_sdn;us_trade_csl
9554822,352001780,IANTHE,sanction,pa,https://www.opensanctions.org/entities/ofac-54913,us_ofac_sdn;us_trade_csl
9282106,268243502,KANTI,sanction,sm,https://www.opensanctions.org/entities/ofac-54914,us_ofac_sdn;us_trade_csl
9571052,511101519,KAILASH,sanction,pw,https://www.opensanctions.org/entities/ofac-54915,us_ofac_sdn;us_trade_csl
9189146,620800028,KYLO,sanction,km,https://www.opensanctions.org/entities/ofac-54916,us_ofac_sdn;us_trade_csl
9303754,636016895,ALE,sanction,lr,https://www.opensanctions.org/entities/ofac-54927,us_ofac_sdn;us_trade_csl
9354167,636021002,Hakuna Matata,sanction,lr,https://www.opensanctions.org/entities/ofac-54931,us_ofac_sdn;us_trade_csl
9330501,636017505,Lidia,sanction,lr,https://www.opensanctions.org/entities/ofac-54932,us_ofac_sdn;us_trade_csl
9292151,636021323,Moana,sanction,lr,https://www.opensanctions.org/entities/ofac-54933,us_ofac_sdn;us_trade_csl
9400112,636020659,Pinocchio,sanction,lr,https://www.opensanctions.org/entities/ofac-54934,us_ofac_sdn;us_trade_csl
9302566,636021329,Pumba,sanction,lr,https://www.opensanctions.org/entities/ofac-54935,us_ofac_sdn;us_trade_csl
9307023,636021101,Rantanplan,sanction,lr,https://www.opensanctions.org/entities/ofac-54936,us_ofac_sdn;us_trade_csl
9204764,620834000,SEATURBO,sanction,km,https://www.opensanctions.org/entities/ofac-54980,us_ofac_sdn;us_trade_csl
9200861,616999482,TRUGEN,sanction,km,https://www.opensanctions.org/entities/ofac-54981,us_ofac_sdn;us_trade_csl
9251640,620847000,SEABASS,sanction,km,https://www.opensanctions.org/entities/ofac-54982,us_ofac_sdn;us_trade_csl
9255488,620999405,SEAHAKER,sanction,km,https://www.opensanctions.org/entities/ofac-54983,us_ofac_sdn;us_trade_csl
9486805,626017000,ZEAL,sanction,ga,https://www.opensanctions.org/entities/ofac-54984,us_ofac_sdn;us_trade_csl
9531375,620693000,MOLLY,sanction,km,https://www.opensanctions.org/entities/ofac-54985,us_ofac_sdn;us_trade_csl
9531387,620525000,SOFIA,sanction,km,https://www.opensanctions.org/entities/ofac-54986,us_ofac_sdn;us_trade_csl
9553957,626046000,COURAGE 7,sanction,ga,https://www.opensanctions.org/entities/ofac-54987,us_ofac_sdn;us_trade_csl
9273337,511101651,TIFANI,sanction,pw,https://www.opensanctions.org/entities/ofac-54990,us_ofac_sdn;us_trade_csl
9127667,371997000,TONDA SOURCE,sanction,pa,https://www.opensanctions.org/entities/ofac-54994,us_ofac_sdn;us_trade_csl
9254862,636020606,Adena,sanction,lr,https://www.opensanctions.org/entities/ofac-55084,us_ofac_sdn;us_trade_csl
9297905,636024578,Liliana,sanction,lr,https://www.opensanctions.org/entities/ofac-55086,us_ofac_sdn;us_trade_csl
9254850,636020658,Camilla,sanction,lr,https://www.opensanctions.org/entities/ofac-55090,us_ofac_sdn;us_trade_csl
9256248,636022667,Delfina,sanction,lr,https://www.opensanctions.org/entities/ofac-55092,us_ofac_sdn;us_trade_csl
9259927,636023688,Bianca,sanction,lr,https://www.opensanctions.org/entities/ofac-55094,us_ofac_sdn;us_trade_csl
9237008,636023554,Roberta,sanction,lr,https://www.opensanctions.org/entities/ofac-55096,us_ofac_sdn;us_trade_csl
9273260,636023078,Alexandra,sanction,lr,https://www.opensanctions.org/entities/ofac-55097,us_ofac_sdn;us_trade_csl
9299446,636024318,Bellagio,sanction,lr,https://www.opensanctions.org/entities/ofac-55098,us_ofac_sdn;us_trade_csl
9299458,636024577,Paola,sanction,lr,https://www.opensanctions.org/entities/ofac-55100,us_ofac_sdn;us_trade_csl
9178068,629009490,KATSUYA,sanction,gm,https://www.opensanctions.org/entities/ofac-55211,us_ofac_sdn;us_trade_csl
9290919,305049000,VICTORY ARI,sanction,ag,https://www.opensanctions.org/entities/ofac-55212,us_ofac_sdn;us_trade_csl
9268186,305263000,SONDOS,sanction,ag,https://www.opensanctions.org/entities/ofac-55213,us_ofac_sdn;us_trade_csl
9379698,668116369,LAFIT,sanction,st,https://www.opensanctions.org/entities/ofac-55215,us_ofac_sdn;us_trade_csl
9186625,305077000,STAR MM,sanction,ag,https://www.opensanctions.org/entities/ofac-55385,us_ofac_sdn;us_trade_csl
9228784,314001017,NOBEL M,sanction,bb,https://www.opensanctions.org/entities/ofac-55386,us_ofac_sdn;us_trade_csl
9179347,304135000,SHRIA,sanction,ag,https://www.opensanctions.org/entities/ofac-55387,us_ofac_sdn;us_trade_csl
9196448,352986196,BLACK ROCK,sanction,pa,https://www.opensanctions.org/entities/ofac-55388,us_ofac_sdn;us_trade_csl
9360001,565649000,APS 9,sanction,sg,https://www.opensanctions.org/entities/ofac-55617,us_ofac_sdn;us_trade_csl
9222443,668116375,VOY,sanction,st,https://www.opensanctions.org/entities/ofac-55619,us_ofac_sdn;us_trade_csl
9289726,352004484,Madestar,sanction,pa,https://www.opensanctions.org/entities/ofac-55623,us_ofac_sdn;us_trade_csl
9340934,457133000,Pioneer 92,sanction,mn,https://www.opensanctions.org/entities/ofac-55626,us_ofac_sdn;us_trade_csl
9275658,477965400,Purdue Stellar,sanction,hk,https://www.opensanctions.org/entities/ofac-55629,us_ofac_sdn;us_trade_csl
9000883,613490000,SEA OPERA,sanction,cm,https://www.opensanctions.org/entities/ofac-55631,us_ofac_sdn;us_trade_csl
8912558,613467106,TULIP,sanction,cm,https://www.opensanctions.org/entities/ofac-55632,us_ofac_sdn;us_trade_csl
9307748,511101638,GAS MARTA,sanction,pw,https://www.opensanctions.org/entities/ofac-55634,us_ofac_sdn;us_trade_csl
9008108,,ADA,sanction,km,https://www.opensanctions.org/entities/ofac-55635,us_ofac_sdn;us_trade_csl
9031519,511101504,SEA HERMES,sanction,pw,https://www.opensanctions.org/entities/ofac-55636,us_ofac_sdn;us_trade_csl
9114581,629009290,GAS LEADER,sanction,gm,https://www.opensanctions.org/entities/ofac-55637,us_ofac_sdn;us_trade_csl
9115303,629009412,GAS VISION,sanction,gm,https://www.opensanctions.org/entities/ofac-55638,us_ofac_sdn;us_trade_csl
9208239,620999947,PAMIR,sanction,km,https://www.opensanctions.org/entities/ofac-55664,us_ofac_sdn;us_trade_csl
9320738,352005205,SAPPHIRE GAS,sanction,pa,https://www.opensanctions.org/entities/ofac-55667,us_ofac_sdn;us_trade_csl
9013701,620999910,LPG VENUS,sanction,km,https://www.opensanctions.org/entities/ofac-55669,us_ofac_sdn;us_trade_csl
8818843,629009292,GAS ZEINA,sanction,gm,https://www.opensanctions.org/entities/ofac-55671,us_ofac_sdn;us_trade_csl
9337195,477945800,SIREN II,sanction,hk,https://www.opensanctions.org/entities/ofac-55674,us_ofac_sdn;us_trade_csl
9005053,629009408,SONA,sanction,gm,https://www.opensanctions.org/entities/ofac-55677,us_ofac_sdn;us_trade_csl
9180152,306400000,SULLANA,sanction,km,https://www.opensanctions.org/entities/ofac-55699,us_ofac_sdn;us_trade_csl
9241114,352439000,VITA I,sanction,pa,https://www.opensanctions.org/entities/ofac-55700,us_ofac_sdn;us_trade_csl
9294240,477957100,GALE,sanction,gm,https://www.opensanctions.org/entities/ofac-55701,us_ofac_sdn;us_trade_csl
9379404,352002012,GAS DIOR,sanction,pa,https://www.opensanctions.org/entities/ofac-55727,us_ofac_sdn;us_trade_csl
9134165,511101486,MAX STAR,sanction,pw,https://www.opensanctions.org/entities/ofac-55733,us_ofac_sdn;us_trade_csl
9235464,518999023,PK MARIT,sanction,ck,https://www.opensanctions.org/entities/ofac-55877,us_ofac_sdn;us_trade_csl
9252072,518999269,TRIMA,sanction,ck,https://www.opensanctions.org/entities/ofac-55879,us_ofac_sdn;us_trade_csl
9326902,371176000,PK PHOENIX,sanction,pa,https://www.opensanctions.org/entities/ofac-55881,us_ofac_sdn;us_trade_csl
9312353,356717000,HAI LONG BRAVO,sanction,pa,https://www.opensanctions.org/entities/ofac-55882,us_ofac_sdn;us_trade_csl
9251884,511101678,LOANNA,sanction,pw,https://www.opensanctions.org/entities/ofac-55884,us_ofac_sdn;us_trade_csl
9289740,356027000,WORLD COURAGE,sanction,pa,https://www.opensanctions.org/entities/ofac-55885,us_ofac_sdn;us_trade_csl
9300996,518999494,WORLD PROGRESS,sanction,ck,https://www.opensanctions.org/entities/ofac-55889,us_ofac_sdn;us_trade_csl
9301005,518999058,WORLD PERFORMANCE,sanction,ck,https://www.opensanctions.org/entities/ofac-55891,us_ofac_sdn;us_trade_csl
9251896,511101677,TETHIS 7,sanction,pw,https://www.opensanctions.org/entities/ofac-55892,us_ofac_sdn;us_trade_csl
9239989,511101698,THANASIS,sanction,pw,https://www.opensanctions.org/entities/ofac-55893,us_ofac_sdn;us_trade_csl
9323429,352003199,White Crane,sanction,pa,https://www.opensanctions.org/entities/ofac-56244,us_ofac_sdn;us_trade_csl
9232620,511100620,PIONEER SAM,sanction,pw,https://www.opensanctions.org/entities/ofac-56342,us_ofac_sdn;us_trade_csl
8912546,629009404,Tower Rise,sanction,gm,https://www.opensanctions.org/entities/ofac-56348,us_ofac_sdn;us_trade_csl
9014456,629009304,Nexo,sanction,gm,https://www.opensanctions.org/entities/ofac-56349,us_ofac_sdn;us_trade_csl
9038763,374043000,Kaisa I,sanction,pa,https://www.opensanctions.org/entities/ofac-56350,us_ofac_sdn;us_trade_csl
9267950,374041000,Gas Athena,sanction,pa,https://www.opensanctions.org/entities/ofac-56356,us_ofac_sdn;us_trade_csl
9312509,352005939,Al Siddeeq,sanction,pa,https://www.opensanctions.org/entities/ofac-56391,us_ofac_sdn;us_trade_csl
9247986,620999909,Ava 10,sanction,km,https://www.opensanctions.org/entities/ofac-56395,us_ofac_sdn;us_trade_csl
9144782,613003728,Bodhi,sanction,cm,https://www.opensanctions.org/entities/ofac-56401,us_ofac_sdn;us_trade_csl
9251822,352003040,Aquaris,sanction,pa,https://www.opensanctions.org/entities/ofac-56417,us_ofac_sdn;us_trade_csl
9255684,341313001,GOLDEN EAGLE,sanction,,https://www.opensanctions.org/entities/ofac-56547,us_ofac_sdn;us_trade_csl
9236731,511101920,Kurdos,sanction,pw,https://www.opensanctions.org/entities/ofac-56549,us_ofac_sdn;us_trade_csl
9409986,352001708,KASSIA,sanction,pa,https://www.opensanctions.org/entities/ofac-56550,us_ofac_sdn;us_trade_csl
9430715,,MAJESTY,sanction,ck,https://www.opensanctions.org/entities/ofac-56551,us_ofac_sdn;us_trade_csl
9453729,511101194,Kurdos II,sanction,pw,https://www.opensanctions.org/entities/ofac-56552,us_ofac_sdn;us_trade_csl
9380570,511101819,Kurdos III,sanction,pw,https://www.opensanctions.org/entities/ofac-56553,us_ofac_sdn;us_trade_csl
9242443,352004062,NOMIKI,sanction,pa,https://www.opensanctions.org/entities/ofac-56556,us_ofac_sdn;us_trade_csl
9546710,518998458,MARUTI,sanction,ck,https://www.opensanctions.org/entities/ofac-56557,us_ofac_sdn;us_trade_csl
9330020,511101102,SKYLIGHT,sanction,pw,https://www.opensanctions.org/entities/ofac-56562,us_ofac_sdn;us_trade_csl
9321469,511100904,KHADIGA,sanction,pw,https://www.opensanctions.org/entities/ofac-56563,us_ofac_sdn;us_trade_csl
9269403,518998516,M K A,sanction,ck,https://www.opensanctions.org/entities/ofac-56564,us_ofac_sdn;us_trade_csl
9262912,352001225,Auroura,sanction,pa,https://www.opensanctions.org/entities/ofac-56567,us_ofac_sdn;us_trade_csl
9237773,352002009,H. CONSTANCE,sanction,pa,https://www.opensanctions.org/entities/ofac-56586,us_ofac_sdn;us_trade_csl
9245794,,LATTAFA,sanction,pa,https://www.opensanctions.org/entities/ofac-56588,us_ofac_sdn;us_trade_csl
9315642,477186300,TAMIA,sanction,hk,https://www.opensanctions.org/entities/ofac-56590,us_ofac_sdn;us_trade_csl
9311270,518999141,MONIQUE,sanction,ck,https://www.opensanctions.org/entities/ofac-56592,us_ofac_sdn;us_trade_csl
9277371,511101256,AETHER SAIL,sanction,pw,https://www.opensanctions.org/entities/ofac-56597,us_ofac_sdn;us_trade_csl
9233973,511101749,NEBULA DRIFT,sanction,pw,https://www.opensanctions.org/entities/ofac-56598,us_ofac_sdn;us_trade_csl
9271896,352004496,VOYAGER HAVEN,sanction,pa,https://www.opensanctions.org/entities/ofac-56599,us_ofac_sdn;us_trade_csl
9297101,352004719,TIDAL RHYTHM,sanction,pa,https://www.opensanctions.org/entities/ofac-56601,us_ofac_sdn;us_trade_csl
9464156,511100268,ARIHANT,sanction,pw,https://www.opensanctions.org/entities/ofac-56602,us_ofac_sdn;us_trade_csl
9363182,314001076,RAMYA,sanction,bb,https://www.opensanctions.org/entities/ofac-56606,us_ofac_sdn;us_trade_csl
9404572,352001366,FOSHAN,sanction,pa,https://www.opensanctions.org/entities/ofac-56607,us_ofac_sdn;us_trade_csl
9263954,511101408,HEMERA,sanction,pw,https://www.opensanctions.org/entities/ofac-56608,us_ofac_sdn;us_trade_csl
9207273,511101409,SEA CITRINE VI,sanction,pw,https://www.opensanctions.org/entities/ofac-56638,us_ofac_sdn;us_trade_csl
9224570,511100774,SEA WISE,sanction,pw,https://www.opensanctions.org/entities/ofac-56639,us_ofac_sdn;us_trade_csl
9204776,511100317,SEAMULL,sanction,pw,https://www.opensanctions.org/entities/ofac-56640,us_ofac_sdn;us_trade_csl
9140451,,SEA ROCK,sanction,,https://www.opensanctions.org/entities/ofac-56641,us_ofac_sdn;us_trade_csl
9258595,314001081,FLORA DOLCE,sanction,bb,https://www.opensanctions.org/entities/ofac-56643,us_ofac_sdn;us_trade_csl
9255945,339000161,DIANA,sanction,jm,https://www.opensanctions.org/entities/ofac-56644,us_ofac_sdn;us_trade_csl
9246487,518998202,J M A,sanction,ck,https://www.opensanctions.org/entities/ofac-56645,us_ofac_sdn;us_trade_csl
9273002,518100962,S M A,sanction,ck,https://www.opensanctions.org/entities/ofac-56646,us_ofac_sdn;us_trade_csl
9358802,511101645,INTAN PREMIER,sanction,pw,https://www.opensanctions.org/entities/ofac-56655,us_ofac_sdn;us_trade_csl
9323596,352003296,Nord Star,sanction,pa,https://www.opensanctions.org/entities/ofac-56706,us_ofac_sdn;us_trade_csl
9252943,620800006,Albarraq Z,sanction,,https://www.opensanctions.org/entities/ofac-56711,us_ofac_sdn;us_trade_csl
9227479,477714500,Della,sanction,hk,https://www.opensanctions.org/entities/ofac-56721,us_ofac_sdn;us_trade_csl
9409247,477206500,Valiant,sanction,hk,https://www.opensanctions.org/entities/ofac-56722,us_ofac_sdn;us_trade_csl
9277735,,Lunar Tide,sanction,gn,https://www.opensanctions.org/entities/ofac-56724,us_ofac_sdn;us_trade_csl
9088536,511101458,SEA BIRD,sanction,pw,https://www.opensanctions.org/entities/ofac-56837,us_ofac_sdn;us_trade_csl
9034705,620800259,AVON,sanction,km,https://www.opensanctions.org/entities/ofac-56838,us_ofac_sdn;us_trade_csl
9053816,511100397,AL DIAB II,sanction,pw,https://www.opensanctions.org/entities/ofac-56839,us_ofac_sdn;us_trade_csl
9046784,511101558,NIBA,sanction,pw,https://www.opensanctions.org/entities/ofac-56852,us_ofac_sdn;us_trade_csl
9034690,577277000,Luma,sanction,vu,https://www.opensanctions.org/entities/ofac-56853,us_ofac_sdn;us_trade_csl
9251602,511101849,CESARIA,sanction,pw,https://www.opensanctions.org/entities/ofac-56856,us_ofac_sdn;us_trade_csl
9240885,,LONGEVITY 7,sanction,,https://www.opensanctions.org/entities/ofac-56857,us_ofac_sdn;us_trade_csl
9353905,511101182,EASTERN HERO,sanction,pw,https://www.opensanctions.org/entities/ofac-56858,us_ofac_sdn;us_trade_csl
9197727,352001226,AQUA SPIRIT,sanction,pa,https://www.opensanctions.org/entities/ofac-56859,us_ofac_sdn;us_trade_csl
9306665,620827000,CHIRON 5,sanction,km,https://www.opensanctions.org/entities/ofac-56860,us_ofac_sdn;us_trade_csl
9176929,620800174,KEEL,sanction,km,https://www.opensanctions.org/entities/ofac-56861,us_ofac_sdn;us_trade_csl
9318618,352003562,GAZ CRYSTAL,sanction,pa,https://www.opensanctions.org/entities/ofac-56897,us_ofac_sdn;us_trade_csl
9369760,352002355,GAS RIVER,sanction,pa,https://www.opensanctions.org/entities/ofac-56900,us_ofac_sdn;us_trade_csl
9282792,307031000,AQUA LIVE,sanction,aw,https://www.opensanctions.org/entities/ofac-56902,us_ofac_sdn;us_trade_csl
9471123,352002555,FORTUNE GAS,sanction,pa,https://www.opensanctions.org/entities/ofac-56905,us_ofac_sdn;us_trade_csl
9234472,314001129,YONGHENG OCEAN,sanction,bb,https://www.opensanctions.org/entities/ofac-56909,us_ofac_sdn;us_trade_csl
9290775,314857000,GLOBAL HARVEST,sanction,bb,https://www.opensanctions.org/entities/ofac-56913,us_ofac_sdn;us_trade_csl
9168946,613833000,ZEVS,sanction,cm,https://www.opensanctions.org/entities/ofac-56915,us_ofac_sdn;us_trade_csl
9267948,352004037,OCEAN GUARDIAN,sanction,pa,https://www.opensanctions.org/entities/ofac-56917,us_ofac_sdn;us_trade_csl
9155626,268257103,WHITE SHARK,sanction,sm,https://www.opensanctions.org/entities/ofac-56918,us_ofac_sdn;us_trade_csl
9222649,352978129,AL SAFA,sanction,pa,https://www.opensanctions.org/entities/ofac-56920,us_ofac_sdn;us_trade_csl
9233739,613699000,VETER,sanction,cm,https://www.opensanctions.org/entities/ofac-56921,us_ofac_sdn;us_trade_csl
9312494,314146000,BENLAI,sanction,bb,https://www.opensanctions.org/entities/ofac-56924,us_ofac_sdn;us_trade_csl
9133109,511101365,RAYYAN GAS,sanction,pw,https://www.opensanctions.org/entities/ofac-56925,us_ofac_sdn;us_trade_csl
9293155,613003709,BENEDICT,sanction,cm,https://www.opensanctions.org/entities/ofac-56927,us_ofac_sdn;us_trade_csl
9221475,,LARA,sanction,kn,https://www.opensanctions.org/entities/ofac-56934,us_ofac_sdn;us_trade_csl
9450715,,BRILLIANCE,sanction,pa,https://www.opensanctions.org/entities/ofac-56935,us_ofac_sdn;us_trade_csl
9291262,613414707,SILVAR,sanction,cm,https://www.opensanctions.org/entities/ofac-56951,us_ofac_sdn;us_trade_csl
9321677,352002063,DAPHNE V,sanction,pa,https://www.opensanctions.org/entities/ofac-56952,us_ofac_sdn;us_trade_csl
9326885,352001906,ANAYA,sanction,pa,https://www.opensanctions.org/entities/ofac-56953,us_ofac_sdn;us_trade_csl
9379301,352001907,VERSA,sanction,pa,https://www.opensanctions.org/entities/ofac-56954,us_ofac_sdn;us_trade_csl
9413004,352179000,HORAE,sanction,pa,https://www.opensanctions.org/entities/ofac-56955,us_ofac_sdn;us_trade_csl
9274563,650000181,AURA,sanction,mz,https://www.opensanctions.org/entities/ofac-56957,us_ofac_sdn;us_trade_csl
9282508,613271440,CAUVERI,sanction,cm,https://www.opensanctions.org/entities/ofac-56959,us_ofac_sdn;us_trade_csl
9548990,422044800,ATEELA 1,sanction,ir,https://www.opensanctions.org/entities/ofac-56998,us_ofac_sdn;us_trade_csl
9549009,422044900,ATEELA 2,sanction,ir,https://www.opensanctions.org/entities/ofac-56999,us_ofac_sdn;us_trade_csl
9267962,371686000,HOOT,sanction,pa,https://www.opensanctions.org/entities/ofac-57005,us_ofac_sdn;us_trade_csl
9223344,352005545,REMIZ,sanction,pa,https://www.opensanctions.org/entities/ofac-57006,us_ofac_sdn;us_trade_csl
9193721,511101556,DANUTA I,sanction,pw,https://www.opensanctions.org/entities/ofac-57007,us_ofac_sdn;us_trade_csl
9155341,511101662,ALAA,sanction,pw,https://www.opensanctions.org/entities/ofac-57008,us_ofac_sdn;us_trade_csl
9147394,352004577,GAS FATE,sanction,pa,https://www.opensanctions.org/entities/ofac-57009,us_ofac_sdn;us_trade_csl
9255933,314001038,OCEAN KOI,sanction,bb,https://www.opensanctions.org/entities/ofac-57014,us_ofac_sdn;us_trade_csl
9299563,314109000,NORTH STAR,sanction,bb,https://www.opensanctions.org/entities/ofac-57015,us_ofac_sdn;us_trade_csl
9167162,620999032,FELICITA,sanction,km,https://www.opensanctions.org/entities/ofac-57016,us_ofac_sdn;us_trade_csl
9332614,352001849,BELLARIS,sanction,pa,https://www.opensanctions.org/entities/ofac-57032,us_ofac_sdn;us_trade_csl
9417464,352002243,ANIKA,sanction,pa,https://www.opensanctions.org/entities/ofac-57033,us_ofac_sdn;us_trade_csl
9242481,620800322,Chintamani,sanction,km,https://www.opensanctions.org/entities/ofac-57126,us_ofac_sdn;us_trade_csl
9308998,314189000,Bangus,sanction,bb,https://www.opensanctions.org/entities/ofac-57127,us_ofac_sdn;us_trade_csl
9387762,352002602,Galvin,sanction,pa,https://www.opensanctions.org/entities/ofac-57128,us_ofac_sdn;us_trade_csl
9534614,352255000,HH Glory,sanction,pa,https://www.opensanctions.org/entities/ofac-57130,us_ofac_sdn;us_trade_csl
9240158,305697000,Lin 9,sanction,ag,https://www.opensanctions.org/entities/ofac-57132,us_ofac_sdn;us_trade_csl
9257711,353534000,LISBOA,sanction,pa,https://www.opensanctions.org/entities/ofac-57398,us_ofac_sdn;us_trade_csl
9177806,352001983,LPG Sevan,sanction,pa,https://www.opensanctions.org/entities/ofac-57400,us_ofac_sdn;us_trade_csl
9352559,477156400,Lynn,sanction,hk,https://www.opensanctions.org/entities/ofac-57402,us_ofac_sdn;us_trade_csl
9002908,373502000,Global Vivian,sanction,pa,https://www.opensanctions.org/entities/ofac-57404,us_ofac_sdn;us_trade_csl
9253117,,An Shun II,sanction,pa,https://www.opensanctions.org/entities/ofac-57437,us_ofac_sdn;us_trade_csl
9290086,371386000,SMD World,sanction,pa,https://www.opensanctions.org/entities/ofac-57438,us_ofac_sdn;us_trade_csl
9259317,538011855,EDOR,sanction,mh,https://www.opensanctions.org/entities/ofac-57439,us_ofac_sdn;us_trade_csl
9220914,518999247,Bentley,sanction,ck,https://www.opensanctions.org/entities/ofac-57440,us_ofac_sdn;us_trade_csl
9263227,351165000,Covenio,sanction,pa,https://www.opensanctions.org/entities/ofac-57442,us_ofac_sdn;us_trade_csl
9183362,620800080,Golden Sunrise,sanction,km,https://www.opensanctions.org/entities/ofac-57444,us_ofac_sdn;us_trade_csl
9290359,314100000,Zhen Zhu,sanction,bb,https://www.opensanctions.org/entities/ofac-57446,us_ofac_sdn;us_trade_csl
9258519,477401400,MAGNOLIA,sanction,hk,https://www.opensanctions.org/entities/ofac-57451,us_ofac_sdn;us_trade_csl
9208069,,STELLAR BEVERLY,sanction,mz,https://www.opensanctions.org/entities/ofac-57452,us_ofac_sdn;us_trade_csl
9294329,,SEEKER 8,sanction,vu,https://www.opensanctions.org/entities/ofac-57453,us_ofac_sdn;us_trade_csl
9277723,352003203,NEW FUSION,sanction,pa,https://www.opensanctions.org/entities/ofac-57467,us_ofac_sdn;us_trade_csl
9322279,577697000,FEADSHIP,sanction,vu,https://www.opensanctions.org/entities/ofac-57667,us_ofac_sdn;us_trade_csl
9252333,,VASLATI,sanction,cm,https://www.opensanctions.org/entities/ofac-57669,us_ofac_sdn;us_trade_csl
9278698,518999378,DAKUSH,sanction,ck,https://www.opensanctions.org/entities/ofac-57672,us_ofac_sdn;us_trade_csl
9126015,477524600,Gala Rose,sanction,hk,https://www.opensanctions.org/entities/ofac-57673,us_ofac_sdn;us_trade_csl
9326067,352002323,TEJAS,sanction,pa,https://www.opensanctions.org/entities/ofac-57675,us_ofac_sdn;us_trade_csl
9177583,314001124,Great Sail,sanction,bb,https://www.opensanctions.org/entities/ofac-57676,us_ofac_sdn;us_trade_csl
9387152,511101945,Ocean Wave,sanction,pw,https://www.opensanctions.org/entities/ofac-57677,us_ofac_sdn;us_trade_csl
9292187,667002478,Luna Luster,sanction,sl,https://www.opensanctions.org/entities/ofac-57678,us_ofac_sdn;us_trade_csl
9246803,374176000,SWIFT FALCON,sanction,pa,https://www.opensanctions.org/entities/ofac-57680,us_ofac_sdn;us_trade_csl
9206396,477227800,MIGHTY NAVIGATOR,sanction,hk,https://www.opensanctions.org/entities/ofac-57682,us_ofac_sdn;us_trade_csl
9266841,352006683,MIDAS,sanction,pa,https://www.opensanctions.org/entities/ofac-57688,us_ofac_sdn;us_trade_csl
9240419,626480000,GAS ENDURANCE,sanction,ga,https://www.opensanctions.org/entities/ofac-57691,us_ofac_sdn;us_trade_csl
9194969,511101444,Ocean Radiance,sanction,pw,https://www.opensanctions.org/entities/ofac-57692,us_ofac_sdn;us_trade_csl
9225342,352003912,Quantum Star,sanction,pa,https://www.opensanctions.org/entities/ofac-57693,us_ofac_sdn;us_trade_csl
9172636,626457000,Gas Strength,sanction,ga,https://www.opensanctions.org/entities/ofac-57694,us_ofac_sdn;us_trade_csl
9171503,374670000,Bright Gold,sanction,pa,https://www.opensanctions.org/entities/ofac-57705,us_ofac_sdn;us_trade_csl
8917807,268252804,Double In,sanction,sm,https://www.opensanctions.org/entities/ofac-57706,us_ofac_sdn;us_trade_csl
9408358,613913606,Narsis,sanction,cm,https://www.opensanctions.org/entities/ofac-57707,us_ofac_sdn;us_trade_csl
9131096,620999798,G JADES,sanction,km,https://www.opensanctions.org/entities/ofac-57708,us_ofac_sdn;us_trade_csl
9133082,511101961,MAYMEI,sanction,pw,https://www.opensanctions.org/entities/ofac-57763,us_ofac_sdn;us_trade_csl
9133070,538006405,FLORA,sanction,mh,https://www.opensanctions.org/entities/ofac-57764,us_ofac_sdn;us_trade_csl
9298284,352005622,THEA,sanction,pa,https://www.opensanctions.org/entities/ofac-57766,us_ofac_sdn;us_trade_csl
9294305,352005534,ILL GAP,sanction,pa,https://www.opensanctions.org/entities/ofac-57774,us_ofac_sdn;us_trade_csl
9288758,373336000,YONGAN OCEAN,sanction,pa,https://www.opensanctions.org/entities/ofac-57777,us_ofac_sdn;us_trade_csl
9180164,620999556,HAUNCAYO,sanction,km,https://www.opensanctions.org/entities/ofac-57780,us_ofac_sdn;us_trade_csl
8813116,268245700,GAS NORA,sanction,sm,https://www.opensanctions.org/entities/ofac-57782,us_ofac_sdn;us_trade_csl
9286073,613902500,RCELEBRA,sanction,cm,https://www.opensanctions.org/entities/ofac-57784,us_ofac_sdn;us_trade_csl
9158240,511101848,MD 23,sanction,pw,https://www.opensanctions.org/entities/ofac-57883,us_ofac_sdn;us_trade_csl
9139945,356634000,GLENDALE,sanction,pa,https://www.opensanctions.org/entities/ofac-57885,us_ofac_sdn;us_trade_csl
9167409,314550001,AMIR GAS,sanction,kn,https://www.opensanctions.org/entities/ofac-57887,us_ofac_sdn;us_trade_csl
9386304,352002989,GAS LAGOON,sanction,pa,https://www.opensanctions.org/entities/ofac-57888,us_ofac_sdn;us_trade_csl
8910897,352002974,MILE,sanction,pa,https://www.opensanctions.org/entities/ofac-57892,us_ofac_sdn;us_trade_csl
9131539,352002853,GAZ GMS,sanction,pa,https://www.opensanctions.org/entities/ofac-57894,us_ofac_sdn;us_trade_csl
9110535,422058200,SEPEHR PAYAM,sanction,ir,https://www.opensanctions.org/entities/ofac-58096,us_ofac_sdn;us_trade_csl
8721454,422049900,ERIKA,sanction,ir,https://www.opensanctions.org/entities/ofac-58097,us_ofac_sdn;us_trade_csl
8727848,422075700,ARKANOOR 2,sanction,ir,https://www.opensanctions.org/entities/ofac-58098,us_ofac_sdn;us_trade_csl
8832083,422077300,ARKANOOR 3,sanction,ir,https://www.opensanctions.org/entities/ofac-58099,us_ofac_sdn;us_trade_csl
8729963,,SEA CRUISER,sanction,,https://www.opensanctions.org/entities/ofac-58100,us_ofac_sdn;us_trade_csl
8891572,,SEA CASTLE,sanction,,https://www.opensanctions.org/entities/ofac-58101,us_ofac_sdn;us_trade_csl
8858099,,SEA ANCHOR,sanction,,https://www.opensanctions.org/entities/ofac-58102,us_ofac_sdn;us_trade_csl
9192442,305007400,CICCIO,sanction,ag,https://www.opensanctions.org/entities/ofac-58106,us_ofac_sdn;us_trade_csl
9146314,352005129,SHENTON WAY,sanction,pa,https://www.opensanctions.org/entities/ofac-58107,us_ofac_sdn;us_trade_csl
9404508,352006054,TANJONG PAGAR 1,sanction,pa,https://www.opensanctions.org/entities/ofac-58109,us_ofac_sdn;us_trade_csl
9332171,352002167,VIRENT,sanction,pa,https://www.opensanctions.org/entities/ofac-58110,us_ofac_sdn;us_trade_csl
9514339,305008400,HOPE 1,sanction,ag,https://www.opensanctions.org/entities/ofac-58117,us_ofac_sdn;us_trade_csl
9418999,305005400,JADE,sanction,ag,https://www.opensanctions.org/entities/ofac-58118,us_ofac_sdn;us_trade_csl
9467158,305006400,OPAL,sanction,ag,https://www.opensanctions.org/entities/ofac-58119,us_ofac_sdn;us_trade_csl
9606015,314159000,CORN,sanction,bb,https://www.opensanctions.org/entities/ofac-58120,us_ofac_sdn;us_trade_csl
9506693,352005381,DARIKA,sanction,pa,https://www.opensanctions.org/entities/ofac-58121,us_ofac_sdn;us_trade_csl
9509097,511873000,GEMMA,sanction,pw,https://www.opensanctions.org/entities/ofac-58153,us_ofac_sdn;us_trade_csl
9122461,341765000,NADIA,sanction,kn,https://www.opensanctions.org/entities/ofac-58155,us_ofac_sdn;us_trade_csl
8843666,,SEA GALLEON,sanction,,https://www.opensanctions.org/entities/ofac-58158,us_ofac_sdn;us_trade_csl
9134232,305003400,PAYA LEBAR,sanction,ag,https://www.opensanctions.org/entities/ofac-58159,us_ofac_sdn;us_trade_csl
9321938,538012177,WELL SAIL,sanction,mh,https://www.opensanctions.org/entities/ofac-58190,us_ofac_sdn;us_trade_csl
9331244,314231000,NATSUMI,sanction,bb,https://www.opensanctions.org/entities/ofac-58218,us_ofac_sdn;us_trade_csl
9237785,577715000,NIRETA,sanction,vu,https://www.opensanctions.org/entities/ofac-58219,us_ofac_sdn;us_trade_csl
9223887,577706000,CRYSTAL,sanction,vu,https://www.opensanctions.org/entities/ofac-58220,us_ofac_sdn;us_trade_csl
9243320,314001154,YEHOPE,sanction,bb,https://www.opensanctions.org/entities/ofac-58221,us_ofac_sdn;us_trade_csl
9294331,353502000,DANYA,sanction,mz,https://www.opensanctions.org/entities/ofac-58227,us_ofac_sdn;us_trade_csl
9298296,,Al Salmi,sanction,,https://www.opensanctions.org/entities/ofac-58232,us_ofac_sdn;us_trade_csl
9259355,314887000,Breeze V,sanction,bb,https://www.opensanctions.org/entities/ofac-58236,us_ofac_sdn;us_trade_csl
9185346,,SIFRA,sanction,bw,https://www.opensanctions.org/entities/ofac-58311,us_ofac_sdn;us_trade_csl
9139696,,G SILVER,sanction,cm,https://www.opensanctions.org/entities/ofac-58313,us_ofac_sdn;us_trade_csl
9233650,577708000,QUANTUM HOPE,sanction,vu,https://www.opensanctions.org/entities/ofac-58320,us_ofac_sdn;us_trade_csl
9286138,629009052,VOYAGE ELITE,sanction,gm,https://www.opensanctions.org/entities/ofac-58321,us_ofac_sdn;us_trade_csl
9189110,629009824,TELA,sanction,gm,https://www.opensanctions.org/entities/ofac-58323,us_ofac_sdn;us_trade_csl
,735058319,Mi Narcisa de Jesus,sanction,ec,https://www.opensanctions.org/entities/ofac-58353,us_ofac_sdn;us_trade_csl
,735058087,ARCA DE NOE III,sanction,ec,https://www.opensanctions.org/entities/ofac-58354,us_ofac_sdn;us_trade_csl
8456035,735059969,ARCA DE NOE III JR,sanction,ec,https://www.opensanctions.org/entities/ofac-58355,us_ofac_sdn;us_trade_csl
,735058088,ARCA DE NOE IV,sanction,ec,https://www.opensanctions.org/entities/ofac-58356,us_ofac_sdn;us_trade_csl
,735058089,ARCA DE NOE V,sanction,ec,https://www.opensanctions.org/entities/ofac-58357,us_ofac_sdn;us_trade_csl
,735058725,REY DE ARCA,sanction,ec,https://www.opensanctions.org/entities/ofac-58358,us_ofac_sdn;us_trade_csl
8555518,735058993,SIEMPRE MI ARCA,sanction,ec,https://www.opensanctions.org/entities/ofac-58363,us_ofac_sdn;us_trade_csl
,735058723,CONQUISTA,sanction,ec,https://www.opensanctions.org/entities/ofac-58367,us_ofac_sdn;us_trade_csl
,735059710,SOLO ES MEJOR,sanction,ec,https://www.opensanctions.org/entities/ofac-58370,us_ofac_sdn;us_trade_csl
,735057861,COSTA MARLIN,sanction,ec,https://www.opensanctions.org/entities/ofac-58371,us_ofac_sdn;us_trade_csl
9389019,314001143,STAR PIONE,sanction,bb,https://www.opensanctions.org/entities/ofac-58438,us_ofac_sdn;us_trade_csl
7937317,445114000,Chong Chon Gang,sanction,kp,https://www.opensanctions.org/entities/un-1718-04603a763ae5514e727bba04f30040c7dedc1836,un_1718_vessels
8713471,445043000,Mi Rim,sanction,kp,https://www.opensanctions.org/entities/un-1718-0d84d3afd5e5b690a952729ef9ded6c7dd2eb965,un_1718_vessels
8914934,,FAN KE,sanction,,https://www.opensanctions.org/entities/un-1718-10de4d62f89eec2c73fb19ba21f64d6c48ca75b0,un_1718_vessels
8747604,,HAO FAN 2,sanction,,https://www.opensanctions.org/entities/un-1718-11a882367dff52eeeacc9d7333fb3e5f01897c30,un_1718_vessels
9066978,,PAEK MA,sanction,,https://www.opensanctions.org/entities/un-1718-12307bb21e6ddaf0c18024326b2f8c833e4ee291,un_1718_vessels
8916580,,ASIA BRIDGE 1,sanction,,https://www.opensanctions.org/entities/un-1718-12f081485af21205de6ad1e6b93a847a215e238e,un_1718_vessels
8518780,514569000,JIE SHUN,sanction,,https://www.opensanctions.org/entities/un-1718-1722740bc1d13b61528a048ac255c7de6d86616f,un_1718_vessels
9191773,,BILLIONS NO. 18,sanction,,https://www.opensanctions.org/entities/un-1718-17c0d920bd93f43d9284ad76c363ab1b56ba5e7a,un_1718_vessels
7389704,,RYE SONG GANG 1,sanction,,https://www.opensanctions.org/entities/un-1718-1c82dbd4c1e1b0f9b6e06d2b165585788b5ea1b6,un_1718_vessels
8791667,,WAN HENG 11,sanction,,https://www.opensanctions.org/entities/un-1718-1e153f768f88fd67876e707357edf7cd5b2fd829,un_1718_vessels
9009085,445527000,Petrel 1,sanction,,https://www.opensanctions.org/entities/un-1718-1ef773e5c192bb4c91b51a61e106e7c4d03aa652,un_1718_vessels
7408873,,SAM JONG 2,sanction,,https://www.opensanctions.org/entities/un-1718-2081ef24212ee3dd0533eaa05cf1ae6234a9bc25,un_1718_vessels
8126070,,SHANG YUAN BAO,sanction,,https://www.opensanctions.org/entities/un-1718-20896956cc7c7fcfee70f51929fee92c6576bb38,un_1718_vessels
9562233,620233000,PETREL 8,sanction,,https://www.opensanctions.org/entities/un-1718-2742a4dd5737c7d0401f8371bcef90e3fe37c386,un_1718_vessels
8122347,,NAM SAN 8,sanction,,https://www.opensanctions.org/entities/un-1718-3329817626b0c8a5038f52089e8bfcba0f6621f0,un_1718_vessels
8605026,,YU PHYONG 5,sanction,,https://www.opensanctions.org/entities/un-1718-3345c7c4a068e4741554dd72b8423f56af963ea3,un_1718_vessels
9114555,,UL JI BONG 6,sanction,,https://www.opensanctions.org/entities/un-1718-3375d880c4635543d214bc5255e58f9163c30abb,un_1718_vessels
8312497,,NEW REGENT,sanction,,https://www.opensanctions.org/entities/un-1718-3497c00243ba1d2569d9d2a9370d6777ae55ac0e,un_1718_vessels
8625545,445470000,Ra Nam 2,sanction,kp,https://www.opensanctions.org/entities/un-1718-45885294d8c4146a90c6304aad9b08fe907d0eea,un_1718_vessels
9041552,445039000,Hoe Ryong,sanction,kp,https://www.opensanctions.org/entities/un-1718-4629c4757dcbe540d881a3543e47915de137a6cb,un_1718_vessels
8405311,,SAM JONG 1,sanction,,https://www.opensanctions.org/entities/un-1718-50e1c5d0d8db583c0b1d182030b4fadc0c61af4b,un_1718_vessels
7640378,445135000,Ryong Gang 2,sanction,kp,https://www.opensanctions.org/entities/un-1718-5167069398c53fd21a953f75eb961975132e26d4,un_1718_vessels
9417115,,KOTI,sanction,,https://www.opensanctions.org/entities/un-1718-5a96f5d72d79ccca2e42eccfe35ced3fc81a481c,un_1718_vessels
8987333,445023000,Ryo Myong,sanction,kp,https://www.opensanctions.org/entities/un-1718-5bad5c7a8dd06090de3eab0bf7dafb58046bf44f,un_1718_vessels
8705539,,KUM UN SAN 3,sanction,,https://www.opensanctions.org/entities/un-1718-5f8b816a7dd7ebbbfb38f078d46fa2b77c0a75c2,un_1718_vessels
9020534,,RUNG RA 2,sanction,,https://www.opensanctions.org/entities/un-1718-5ffb91fd4d63b6f6af927b9a4c54d120f8a527e9,un_1718_vessels
9030591,,YUK TUNG,sanction,,https://www.opensanctions.org/entities/un-1718-6546a0ef53f735afef1d97b0d0049b427e942442,un_1718_vessels
8405270,445113000,Song Phyong 7,sanction,kp,https://www.opensanctions.org/entities/un-1718-6902721f5cfe5f3d413e3707c51a8581d5af44f4,un_1718_vessels
9066540,,HAP JANG GANG 6,sanction,,https://www.opensanctions.org/entities/un-1718-69d24e31d153095af08917d0900a914401cd54ce,un_1718_vessels
8916293,445134000,Chong Rim 2,sanction,kp,https://www.opensanctions.org/entities/un-1718-6c2b154ce1e76a7e3365b09b03aa2fdd3ca0d615,un_1718_vessels
9020003,,HUA FU,sanction,,https://www.opensanctions.org/entities/un-1718-6c8ad8d6fd6f6cae75e84e0a7a545acb64b86cf1,un_1718_vessels
8018912,445110000,Jon Jin 2,sanction,kp,https://www.opensanctions.org/entities/un-1718-728c8ab0204563774857f7ebb885a770f3c80383,un_1718_vessels
8829593,445106000,Kang Gye,sanction,kp,https://www.opensanctions.org/entities/un-1718-7a5d759aa3488e2d0534c28e3de767a7c4eccd64,un_1718_vessels
8503228,,JI SONG 8,sanction,,https://www.opensanctions.org/entities/un-1718-838870e5c555f8fb284bebc94a05f5f051cd1ca8,un_1718_vessels
8691702,,YU SON,sanction,,https://www.opensanctions.org/entities/un-1718-8d236b98231606d91d70d317d1432d7e5867b4cf,un_1718_vessels
8106496,,SAM MA 2,sanction,,https://www.opensanctions.org/entities/un-1718-8e5679713b9b97cdf01538884032df4fda3fc6b8,un_1718_vessels
8898740,,JI SONG 6,sanction,,https://www.opensanctions.org/entities/un-1718-8f643d625310bb68a94dc3b46ac9a3392d2b2a60,un_1718_vessels
8819017,445100000,Rak Won 2,sanction,kp,https://www.opensanctions.org/entities/un-1718-94d472c2fd1a33608085974c2b1ec1e34849a29a,un_1718_vessels
8937675,445539000,TONG SAN 2,sanction,,https://www.opensanctions.org/entities/un-1718-97ded6849c72776f3e8e99547a39602cc70ef629,un_1718_vessels
9004700,,XIN GUANG HAI,sanction,,https://www.opensanctions.org/entities/un-1718-a078b82e5ee656df23c21a56be21b7b07e9de197,un_1718_vessels
8606173,445144000,Chol Ryong,sanction,kp,https://www.opensanctions.org/entities/un-1718-a420e90d45cf80a72c40a9b45dace1dd5674271a,un_1718_vessels
8018900,445128000,Ji Hye San,sanction,kp,https://www.opensanctions.org/entities/un-1718-a9550fd64c27e2b4255ffeb33b6d5a4c9434f5cf,un_1718_vessels
8660313,,CHON MA SAN,sanction,,https://www.opensanctions.org/entities/un-1718-ae144a3c46af02ce8b954649c1c31780b440d2a7,un_1718_vessels
8604917,,YU JONG 2,sanction,,https://www.opensanctions.org/entities/un-1718-af509b5a5c8468fb253e27ad7759b7183172b683,un_1718_vessels
8408595,,WOORY STAR,sanction,,https://www.opensanctions.org/entities/un-1718-b412ebfd29d3f2301c2294d2d542a4ea4c73a269,un_1718_vessels
8133530,445121000,Songjin,sanction,kp,https://www.opensanctions.org/entities/un-1718-b8f268634ac17bdb29dff842312c67ad8a6bd1d3,un_1718_vessels
7303803,,AN SAN 1,sanction,,https://www.opensanctions.org/entities/un-1718-c677844d992e830ed14506279b373d65bd9b3e22,un_1718_vessels
8628597,341985000,HAO FAN 6,sanction,,https://www.opensanctions.org/entities/un-1718-caa9c00d000068ff8fdf6aa7758ca11bca853d03,un_1718_vessels
8330815,445112000,Hu Chang,sanction,kp,https://www.opensanctions.org/entities/un-1718-cb61e0d809af09cc50a4dd0709a5e64bdb10f9b6,un_1718_vessels
8518572,,JIN HYE,sanction,,https://www.opensanctions.org/entities/un-1718-d10aee6a4621c09798b0f22d2618a1a2dfe93c51,un_1718_vessels
8829555,445127000,O Rang,sanction,kp,https://www.opensanctions.org/entities/un-1718-d570fe206f4b986f5e3eeddd2c1ac465ecfe4a73,un_1718_vessels
8412467,667003342,South Hill 2,sanction,sl,https://www.opensanctions.org/entities/un-1718-dad72f6b24b72c43bcc32049334a5dcf8f01b140,un_1718_vessels
8661575,445141000,Tong Hung 1,sanction,kp,https://www.opensanctions.org/entities/un-1718-dde9b6116ddf96622078bdd8a7e58eaf35e01ace,un_1718_vessels
9361407,,Mi Rim 2,sanction,kp,https://www.opensanctions.org/entities/un-1718-df3b71b3d5efc70cb629e535ebb5d5408334741b,un_1718_vessels
9314650,445024000,Ra Nam 3,sanction,kp,https://www.opensanctions.org/entities/un-1718-e1c688512d37258653c962df67eb5c4cba3318a9,un_1718_vessels
8909575,445114000,Blue Nouvelle,sanction,kh;ki;kp,https://www.opensanctions.org/entities/un-1718-e66b680b23b3cf8d1c55b2b89d17bd3d7c29d908,un_1718_vessels
8712362,,CHON MYONG 1,sanction,,https://www.opensanctions.org/entities/un-1718-f5497098e27ed23a030914ff03aeca751258034f,un_1718_vessels
9008201,,DONG FENG 6,sanction,,https://www.opensanctions.org/entities/un-1718-f63806bb0ad4c75d3347907c5684a669fc4f636e,un_1718_vessels
