{
"type": "FeatureCollection",
"name": "eez",
"features": [
{ "type": "Feature", "properties": { "mrgid": 33181, "geoname": "Norwegian Exclusive Economic Zone (Svalbard)", "mrgid_ter1": 5334, "pol_type": "200NM", "mrgid_sov1": 2252, "territory1": "Svalbard", "iso_ter1": "SJM", "sovereign1": "Norway", "mrgid_ter2": null, "mrgid_sov2": null, "territory2": null, "iso_ter2": null, "sovereign2": null, "mrgid_ter3": null, "mrgid_sov3": null, "territory3": null, "iso_ter3": null, "sovereign3": null, "x_1": 18.30277, "y_1": 78.7136, "mrgid_eez": 33181, "area_km2": 796819, "iso_sov1": "NOR", "iso_sov2": null, "iso_sov3": null, "un_sov1": 578.0, "un_sov2": null, "un_sov3": null, "un_ter1": 744.0, "un_ter2": null, "un_ter3": null }, "geometry": { "type": "Polygon", "coordinates": [ [ [ 10.3309559, 72.1921427 ], [ 10.3624192, 72.2072625 ], [ 10.3942006, 72.2223249 ], [ 10.4262996, 72.2373296 ], [ 10.4587158, 72.2522758 ], [ 10.4914487, 72.267163 ], [ 10.5244978, 72.2819906 ], [ 10.5578627, 72.2967581 ], [ 10.5915429, 72.3114649 ], [ 10.6255376, 72.3261104 ], [ 10.6598466, 72.340694 ], [ 10.694469, 72.3552152 ], [ 10.7294044, 72.3696733 ], [ 10.7646521, 72.3840679 ], [ 10.8002115, 72.3983983 ], [ 10.8360819, 72.412664 ], [ 10.8722626, 72.4268644 ], [ 10.908753, 72.4409989 ], [ 10.9455523, 72.455067 ], [ 10.9826597, 72.4690681 ], [ 11.0200746, 72.4830016 ], [ 11.0577961, 72.496867 ], [ 11.0958234, 72.5106637 ], [ 11.1341558, 72.5243912 ], [ 11.1727923, 72.5380489 ], [ 11.2117321, 72.5516363 ], [ 11.2509743, 72.5651527 ], [ 11.2905181, 72.5785977 ], [ 11.3303624, 72.5919706 ], [ 11.3705064, 72.605271 ], [ 11.410949, 72.6184983 ], [ 11.4516894, 72.6316519 ], [ 11.4927263, 72.6447313 ], [ 11.5340589, 72.6577359 ], [ 11.5756861, 72.6706653 ], [ 11.6176069, 72.6835188 ], [ 11.6598199, 72.6962959 ], [ 11.7023243, 72.7089962 ], [ 11.7451189, 72.721619 ], [ 11.7882024, 72.7341638 ], [ 11.8315737, 72.7466301 ], [ 11.8752315, 72.7590174 ], [ 11.9191748, 72.7713251 ], [ 11.9634021, 72.7835527 ], [ 12.0079123, 72.7956998 ], [ 12.052704, 72.8077657 ], [ 12.0977759, 72.8197499 ], [ 12.1431267, 72.831652 ], [ 12.1887551, 72.8434714 ], [ 12.2346595, 72.8552077 ], [ 12.2808387, 72.8668603 ], [ 12.3272912, 72.8784286 ], [ 12.3740155, 72.8899123 ], [ 12.4210103, 72.9013107 ], [ 12.4682739, 72.9126235 ], [ 12.5158048, 72.9238501 ], [ 12.5636016, 72.93499 ], [ 12.6116627, 72.9460428 ], [ 12.6599864, 72.9570078 ], [ 12.7085713, 72.9678848 ], [ 12.7574156, 72.9786731 ], [ 12.8065176, 72.9893723 ], [ 12.8558758, 72.9999819 ], [ 12.9054885, 73.0105015 ], [ 12.9553538, 73.0209306 ], [ 13.0054702, 73.0312686 ], [ 13.0558357, 73.0415153 ], [ 13.1064487, 73.05167 ], [ 13.1573074, 73.0617324 ], [ 13.2015919, 73.07038 ], [ 13.6819926, 73.1625821 ], [ 13.733844, 73.172353 ], [ 13.7859348, 73.1820296 ], [ 13.8382631, 73.1916115 ], [ 13.8908268, 73.2010983 ], [ 13.943624, 73.2104894 ], [ 13.9966528, 73.2197846 ], [ 14.049911, 73.2289833 ], [ 14.1033968, 73.2380852 ], [ 14.1571079, 73.2470898 ], [ 14.2110424, 73.2559966 ], [ 14.2651982, 73.2648054 ], [ 14.3195731, 73.2735157 ], [ 14.374165, 73.282127 ], [ 14.4289717, 73.2906391 ], [ 14.4839911, 73.2990514 ], [ 14.5392209, 73.3073636 ], [ 14.594659, 73.3155753 ], [ 14.6503031, 73.3236862 ], [ 14.6887458, 73.3292136 ], [ 15.2501812, 73.4083797 ], [ 15.6348557, 73.4613576 ], [ 15.6435203, 73.4625379 ], [ 16.2138556, 73.539029 ], [ 16.608293, 73.5906518 ], [ 17.1080527, 73.7015231 ], [ 17.6143608, 73.8112285 ], [ 17.7413604, 73.8383405 ], [ 17.7926238, 73.8491777 ], [ 17.8441632, 73.8599254 ], [ 17.8959768, 73.8705831 ], [ 17.9480629, 73.8811503 ], [ 18.0004196, 73.8916266 ], [ 18.0530451, 73.9020114 ], [ 18.1059376, 73.9123043 ], [ 18.1590951, 73.9225049 ], [ 18.2125158, 73.9326126 ], [ 18.2661976, 73.942627 ], [ 18.3201388, 73.9525477 ], [ 18.3743373, 73.9623741 ], [ 18.4287911, 73.9721058 ], [ 18.4834981, 73.9817424 ], [ 18.5384564, 73.9912834 ], [ 18.561108, 73.9951755 ], [ 18.5703891, 73.996765 ], [ 18.6257088, 74.0061681 ], [ 18.6812747, 74.0154745 ], [ 18.7370846, 74.0246838 ], [ 18.7931364, 74.0337956 ], [ 18.8494278, 74.0428094 ], [ 18.9059568, 74.0517248 ], [ 18.962721, 74.0605414 ], [ 19.0197182, 74.0692589 ], [ 19.0769462, 74.0778766 ], [ 19.1344026, 74.0863944 ], [ 19.1920851, 74.0948117 ], [ 19.2499915, 74.1031281 ], [ 19.3081193, 74.1113433 ], [ 19.3664661, 74.1194569 ], [ 19.4250295, 74.1274684 ], [ 19.4838072, 74.1353775 ], [ 19.5427966, 74.1431839 ], [ 19.6019953, 74.1508871 ], [ 19.6614008, 74.1584867 ], [ 19.7210106, 74.1659824 ], [ 19.7808221, 74.1733739 ], [ 19.8408328, 74.1806608 ], [ 19.9010402, 74.1878426 ], [ 19.9614415, 74.1949192 ], [ 20.0220342, 74.20189 ], [ 20.0828157, 74.2087549 ], [ 20.1437832, 74.2155134 ], [ 20.2049342, 74.2221653 ], [ 20.2662659, 74.2287101 ], [ 20.3277756, 74.2351477 ], [ 20.3894606, 74.2414776 ], [ 20.451318, 74.2476995 ], [ 20.5133452, 74.2538132 ], [ 20.5755394, 74.2598184 ], [ 20.6378976, 74.2657146 ], [ 20.7004172, 74.2715018 ], [ 20.7630952, 74.2771795 ], [ 20.8259288, 74.2827475 ], [ 20.8889152, 74.2882056 ], [ 20.9520513, 74.2935533 ], [ 21.0153343, 74.2987906 ], [ 21.0787614, 74.3039171 ], [ 21.1423294, 74.3089325 ], [ 21.2060355, 74.3138366 ], [ 21.2698767, 74.3186293 ], [ 21.3338499, 74.3233101 ], [ 21.3979523, 74.3278789 ], [ 21.4621808, 74.3323355 ], [ 21.5265322, 74.3366797 ], [ 21.5910037, 74.3409111 ], [ 21.6555921, 74.3450297 ], [ 21.7202942, 74.3490352 ], [ 21.7851072, 74.3529274 ], [ 21.8500279, 74.3567061 ], [ 21.915053, 74.3603711 ], [ 21.9801796, 74.3639223 ], [ 21.9834826, 74.3640992 ], [ 22.0843613, 74.3694735 ], [ 22.149634, 74.3728755 ], [ 22.2150009, 74.3761632 ], [ 22.2804588, 74.3793364 ], [ 22.3460046, 74.3823951 ], [ 22.411635, 74.385339 ], [ 22.4773469, 74.388168 ], [ 22.543137, 74.3908819 ], [ 22.6090023, 74.3934806 ], [ 22.6749393, 74.3959641 ], [ 22.740945, 74.398332 ], [ 22.807016, 74.4005844 ], [ 22.8731492, 74.4027211 ], [ 22.917117, 74.4040766 ], [ 23.0662305, 74.4146454 ], [ 23.1307757, 74.4191351 ], [ 23.1954457, 74.4235124 ], [ 23.2602374, 74.4277769 ], [ 23.3251479, 74.4319285 ], [ 23.3901739, 74.4359669 ], [ 23.4553124, 74.439892 ], [ 23.5205602, 74.4437036 ], [ 23.5859142, 74.4474013 ], [ 23.6513713, 74.4509852 ], [ 23.7169282, 74.454455 ], [ 23.7825819, 74.4578104 ], [ 23.8483291, 74.4610515 ], [ 23.9141667, 74.4641779 ], [ 23.9800914, 74.4671895 ], [ 24.0461001, 74.4700862 ], [ 24.1121895, 74.4728678 ], [ 24.1783563, 74.4755342 ], [ 24.2445974, 74.4780852 ], [ 24.3109095, 74.4805208 ], [ 24.3772893, 74.4828408 ], [ 24.4437336, 74.485045 ], [ 24.510239, 74.4871334 ], [ 24.5768024, 74.4891058 ], [ 24.6434204, 74.4909622 ], [ 24.7100897, 74.4927024 ], [ 24.776807, 74.4943264 ], [ 24.8435691, 74.4958341 ], [ 24.9103725, 74.4972254 ], [ 24.9772141, 74.4985003 ], [ 25.0440904, 74.4996586 ], [ 25.1109981, 74.5007004 ], [ 25.177934, 74.5016255 ], [ 25.2448947, 74.5024339 ], [ 25.3118768, 74.5031256 ], [ 25.3788771, 74.5037005 ], [ 25.4458921, 74.5041586 ], [ 25.5129186, 74.5044999 ], [ 25.5799531, 74.5047244 ], [ 25.6469924, 74.504832 ], [ 25.7140331, 74.5048228 ], [ 25.7810719, 74.5046967 ], [ 25.8481054, 74.5044538 ], [ 25.9151303, 74.5040941 ], [ 25.9821432, 74.5036175 ], [ 26.0491408, 74.5030241 ], [ 26.1161198, 74.502314 ], [ 26.1830768, 74.5014872 ], [ 26.2500084, 74.5005437 ], [ 26.3169114, 74.4994836 ], [ 26.3837825, 74.4983068 ], [ 26.4506182, 74.4970136 ], [ 26.4696815, 74.4966232 ], [ 27.1371385, 74.4817897 ], [ 27.8032809, 74.4649869 ], [ 28.4679501, 74.4462213 ], [ 28.8523223, 74.4344532 ], [ 28.9185829, 74.4323076 ], [ 28.9847809, 74.4300464 ], [ 29.0509132, 74.4276695 ], [ 29.1169764, 74.4251771 ], [ 29.1829673, 74.4225694 ], [ 29.2488828, 74.4198465 ], [ 29.3147194, 74.4170085 ], [ 29.3804742, 74.4140556 ], [ 29.4461439, 74.4109878 ], [ 29.5117251, 74.4078054 ], [ 29.5772149, 74.4045086 ], [ 29.64261, 74.4010974 ], [ 29.7079072, 74.3975722 ], [ 29.7731034, 74.3939329 ], [ 29.8381955, 74.3901799 ], [ 29.9031803, 74.3863133 ], [ 29.9381061, 74.3841856 ], [ 30.5584182, 74.3451363 ], [ 30.6229173, 74.3409167 ], [ 30.6872966, 74.3365843 ], [ 30.7515532, 74.3321395 ], [ 30.815684, 74.3275824 ], [ 30.879686, 74.3229132 ], [ 30.9160033, 74.3202097 ], [ 30.9371643, 74.3186218 ], [ 31.0009457, 74.3137714 ], [ 31.0645904, 74.3088096 ], [ 31.1280954, 74.3037366 ], [ 31.1914579, 74.2985527 ], [ 31.2546749, 74.2932582 ], [ 31.3177434, 74.2878533 ], [ 31.3806606, 74.2823383 ], [ 31.4434236, 74.2767134 ], [ 31.5060294, 74.2709789 ], [ 31.5684753, 74.2651352 ], [ 31.6307583, 74.2591825 ], [ 31.6928758, 74.2531211 ], [ 31.7548248, 74.2469512 ], [ 31.8166026, 74.2406733 ], [ 31.8782065, 74.2342876 ], [ 31.9396336, 74.2277944 ], [ 32.0008813, 74.2211941 ], [ 32.0619468, 74.2144869 ], [ 32.1228275, 74.2076732 ], [ 32.1835207, 74.2007533 ], [ 32.2440237, 74.1937276 ], [ 32.3043339, 74.1865964 ], [ 32.3644488, 74.1793601 ], [ 32.4243656, 74.172019 ], [ 32.4840819, 74.1645734 ], [ 32.5435951, 74.1570238 ], [ 32.6029027, 74.1493704 ], [ 32.6620021, 74.1416137 ], [ 32.720891, 74.133754 ], [ 32.7795667, 74.1257917 ], [ 32.8380269, 74.1177272 ], [ 32.8962693, 74.1095609 ], [ 32.9542913, 74.1012931 ], [ 33.0120905, 74.0929243 ], [ 33.0696647, 74.0844549 ], [ 33.1270116, 74.0758852 ], [ 33.1841288, 74.0672157 ], [ 33.2410139, 74.0584468 ], [ 33.2976649, 74.0495788 ], [ 33.3540794, 74.0406122 ], [ 33.4102552, 74.0315476 ], [ 33.4661901, 74.0223851 ], [ 33.5218821, 74.0131254 ], [ 33.5773288, 74.0037688 ], [ 33.6325282, 73.9943157 ], [ 33.6874783, 73.9847667 ], [ 33.7065942, 73.9813989 ], [ 33.7421768, 73.9751221 ], [ 33.7477616, 73.974123 ], [ 33.7877074, 73.982771 ], [ 33.8373181, 73.9936011 ], [ 33.885895, 74.004296 ], [ 33.9347748, 74.0151462 ], [ 33.9833646, 74.0260217 ], [ 34.0299455, 74.0365307 ], [ 34.0595835, 74.0432598 ], [ 34.1045344, 74.0537084 ], [ 34.1923789, 74.07457 ], [ 34.2359114, 74.085128 ], [ 34.3471484, 74.1125762 ], [ 34.3695843, 74.1177877 ], [ 34.3968004, 74.1241834 ], [ 34.4457749, 74.1357963 ], [ 34.4820963, 74.1444933 ], [ 34.5140267, 74.1521789 ], [ 34.5492926, 74.1607023 ], [ 34.5860296, 74.169619 ], [ 34.6236126, 74.1787833 ], [ 34.6584228, 74.1873085 ], [ 34.6926814, 74.1957341 ], [ 34.7536584, 74.2109228 ], [ 34.7795076, 74.2174494 ], [ 34.8722268, 74.2411319 ], [ 34.8890661, 74.2454623 ], [ 34.9309946, 74.2563519 ], [ 34.9549032, 74.2626379 ], [ 34.9848058, 74.270524 ], [ 35.020052, 74.2798587 ], [ 35.0448605, 74.2864806 ], [ 35.0866689, 74.2977419 ], [ 35.1296021, 74.3094313 ], [ 35.1764831, 74.3223419 ], [ 35.2145834, 74.3329408 ], [ 35.248611, 74.3424584 ], [ 35.2824058, 74.3519504 ], [ 35.3166145, 74.3615989 ], [ 35.3522887, 74.371716 ], [ 35.3936777, 74.3836094 ], [ 35.4616202, 74.4034007 ], [ 35.5039672, 74.4159114 ], [ 35.5453792, 74.4283205 ], [ 35.58371, 74.4399039 ], [ 35.6138363, 74.4490557 ], [ 35.6313932, 74.4544082 ], [ 35.6862798, 74.4701731 ], [ 35.7239061, 74.4811932 ], [ 35.8020187, 74.504542 ], [ 35.8403385, 74.5162388 ], [ 35.8667973, 74.5244987 ], [ 35.9069426, 74.5371126 ], [ 35.94788, 74.5500756 ], [ 35.9862491, 74.5623199 ], [ 36.0249212, 74.5747609 ], [ 36.0718428, 74.5899884 ], [ 36.1214799, 74.6062523 ], [ 36.1717342, 74.6228932 ], [ 36.2271616, 74.6414413 ], [ 36.2722705, 74.6566916 ], [ 36.314621, 74.6711457 ], [ 36.3563386, 74.6855123 ], [ 36.3978137, 74.6999234 ], [ 36.4390557, 74.7143823 ], [ 36.4799157, 74.7288359 ], [ 36.5200939, 74.7431755 ], [ 36.5614576, 74.7580739 ], [ 36.6018368, 74.7727508 ], [ 36.6419622, 74.787469 ], [ 36.6639433, 74.7955878 ], [ 36.7180853, 74.813346 ], [ 36.7701919, 74.8306176 ], [ 36.8088732, 74.8435627 ], [ 36.8508932, 74.8577483 ], [ 36.8932162, 74.8721565 ], [ 36.9361654, 74.8869139 ], [ 36.9885334, 74.9050896 ], [ 37.0, 74.9091097 ], [ 37.0, 74.9377056 ], [ 37.0, 75.1947222 ], [ 37.1205984, 75.2706372 ], [ 37.2424175, 75.3464886 ], [ 37.3654753, 75.4222755 ], [ 37.4274745, 75.4601444 ], [ 37.4897903, 75.4979967 ], [ 37.552425, 75.5358325 ], [ 37.615381, 75.5736514 ], [ 37.6786607, 75.6114535 ], [ 37.7422665, 75.6492385 ], [ 37.8062009, 75.6870064 ], [ 37.8704663, 75.7247569 ], [ 37.9350652, 75.76249 ], [ 38.0, 75.8002056 ], [ 38.0, 77.2126093 ], [ 38.0, 78.6248611 ], [ 37.8226027, 78.6669425 ], [ 37.6439025, 78.7089172 ], [ 37.4638881, 78.750784 ], [ 37.2825483, 78.7925415 ], [ 37.0998716, 78.8341888 ], [ 36.9158466, 78.8757243 ], [ 36.730462, 78.9171471 ], [ 36.543706, 78.9584557 ], [ 36.3555672, 78.9996488 ], [ 36.1660339, 79.0407253 ], [ 35.9750943, 79.0816837 ], [ 35.7827367, 79.1225228 ], [ 35.5889493, 79.1632412 ], [ 35.3937201, 79.2038375 ], [ 35.1970373, 79.2443103 ], [ 34.9988889, 79.2846583 ], [ 34.9993462, 81.3184102 ], [ 35.0000806, 83.3519444 ], [ 34.9263642, 83.3941151 ], [ 34.8517051, 83.4362746 ], [ 34.7760852, 83.4784229 ], [ 34.699486, 83.5205598 ], [ 34.6218885, 83.5626849 ], [ 34.5432733, 83.6047981 ], [ 34.4636204, 83.6468991 ], [ 34.3829095, 83.6889877 ], [ 34.3011194, 83.7310637 ], [ 34.2753621, 83.7441343 ], [ 34.0525374, 83.7557787 ], [ 33.889864, 83.7638746 ], [ 33.805611, 83.7678791 ], [ 33.7723361, 83.7694429 ], [ 33.7393972, 83.7709711 ], [ 33.6554967, 83.7752796 ], [ 33.5166173, 83.7821223 ], [ 33.427427, 83.7863458 ], [ 33.3974301, 83.7877648 ], [ 33.3764693, 83.7888091 ], [ 33.3391881, 83.7906535 ], [ 33.2566675, 83.7946958 ], [ 33.2195591, 83.7964943 ], [ 33.1734367, 83.798711 ], [ 33.1243824, 83.8010551 ], [ 33.0748684, 83.8034079 ], [ 33.0252956, 83.8057501 ], [ 32.9756751, 83.8080812 ], [ 32.9260069, 83.8104012 ], [ 32.8762912, 83.81271 ], [ 32.8265279, 83.8150078 ], [ 32.7767203, 83.8172944 ], [ 32.7269944, 83.819564 ], [ 32.6791688, 83.8217346 ], [ 32.6415828, 83.8234315 ], [ 32.6017246, 83.8252161 ], [ 32.5359417, 83.8281335 ], [ 32.495202, 83.829923 ], [ 32.465319, 83.8312251 ], [ 32.4182539, 83.8332463 ], [ 32.3238764, 83.8372347 ], [ 32.2765789, 83.8392014 ], [ 32.086746, 83.8469447 ], [ 32.0389769, 83.8488556 ], [ 31.9431801, 83.8526234 ], [ 31.8948792, 83.8544907 ], [ 31.8542941, 83.856035 ], [ 31.8027792, 83.8579834 ], [ 31.7509894, 83.8599289 ], [ 31.6991677, 83.8618625 ], [ 31.6473068, 83.8637843 ], [ 31.5954061, 83.8656944 ], [ 31.5434659, 83.8675928 ], [ 31.4914858, 83.8694796 ], [ 31.439466, 83.8713547 ], [ 31.3874185, 83.8732177 ], [ 31.3355059, 83.8750629 ], [ 31.2844657, 83.8768643 ], [ 31.2492564, 83.8780974 ], [ 31.2082867, 83.8795224 ], [ 31.1790391, 83.8805286 ], [ 31.1215809, 83.882483 ], [ 31.0928237, 83.8834503 ], [ 30.9775839, 83.8872754 ], [ 30.9487381, 83.8882202 ], [ 30.890962, 83.8900907 ], [ 30.8620411, 83.8910162 ], [ 30.8321359, 83.8919622 ], [ 30.7993534, 83.8929907 ], [ 30.7446117, 83.8946915 ], [ 30.7114094, 83.8957129 ], [ 30.6819586, 83.8966111 ], [ 30.650448, 83.8975675 ], [ 30.6235733, 83.8983796 ], [ 30.5931581, 83.8992949 ], [ 30.5557965, 83.9004133 ], [ 30.5090953, 83.9018018 ], [ 30.4705425, 83.9029357 ], [ 30.4069855, 83.9047825 ], [ 30.3688538, 83.9058773 ], [ 30.333545, 83.9068806 ], [ 30.2970859, 83.9079005 ], [ 30.2240706, 83.9099098 ], [ 30.1875264, 83.9108988 ], [ 30.0412158, 83.9093043 ], [ 30.0015844, 83.9111821 ], [ 29.9556986, 83.9121297 ], [ 29.921978, 83.9136812 ], [ 29.8820359, 83.9146014 ], [ 29.8349423, 83.9160563 ], [ 29.7933031, 83.9173382 ], [ 29.7536337, 83.919684 ], [ 29.7182517, 83.92069 ], [ 29.6885323, 83.9215303 ], [ 29.6444433, 83.922772 ], [ 29.6004827, 83.9240066 ], [ 29.5706738, 83.9248418 ], [ 29.5431956, 83.9256082 ], [ 29.5176995, 83.9257395 ], [ 29.4935354, 83.926931 ], [ 29.4619681, 83.9281459 ], [ 29.4287681, 83.9291217 ], [ 29.4070814, 83.9299067 ], [ 29.3798463, 83.9307743 ], [ 29.3568933, 83.9316236 ], [ 29.3241878, 83.932557 ], [ 29.2919936, 83.93377 ], [ 29.2698456, 83.9342584 ], [ 29.242408, 83.9351146 ], [ 29.214, 83.936849 ], [ 29.1894195, 83.9367254 ], [ 29.1605726, 83.9376388 ], [ 29.1331769, 83.939687 ], [ 29.1089969, 83.9405231 ], [ 29.0794798, 83.9400704 ], [ 29.0471776, 83.9427138 ], [ 29.0062744, 83.9432357 ], [ 28.9787107, 83.9458067 ], [ 28.9570267, 83.9517932 ], [ 28.886806, 83.9551126 ], [ 28.8106777, 83.9586735 ], [ 28.7477818, 83.961586 ], [ 28.7143377, 83.9631234 ], [ 28.6668422, 83.9652932 ], [ 28.6352494, 83.966728 ], [ 28.5877966, 83.9688704 ], [ 28.5561293, 83.9702916 ], [ 28.5085655, 83.9724136 ], [ 28.4770567, 83.9738109 ], [ 28.4375621, 83.9755529 ], [ 28.3804863, 83.9780288 ], [ 28.3620558, 83.978812 ], [ 28.2113394, 83.9851575 ], [ 28.1356899, 83.9882632 ], [ 27.8315173, 84.0003799 ], [ 27.7551344, 84.0033304 ], [ 27.6017503, 84.0090984 ], [ 27.5248137, 84.0119135 ], [ 26.9052797, 84.0336386 ], [ 26.8040874, 84.0370099 ], [ 26.6007591, 84.0435241 ], [ 26.4941361, 84.0467999 ], [ 26.3150326, 84.052069 ], [ 26.260664, 84.0538018 ], [ 26.2354802, 84.0545958 ], [ 26.1395433, 84.0575861 ], [ 26.1155382, 84.058326 ], [ 26.0674698, 84.0597934 ], [ 26.0434168, 84.0605205 ], [ 25.9789494, 84.0624487 ], [ 25.945797, 84.0634305 ], [ 25.8904803, 84.0650526 ], [ 25.8572692, 84.0660168 ], [ 25.7562764, 84.0689142 ], [ 25.736113, 84.0694869 ], [ 25.710098, 84.0702315 ], [ 25.635045, 84.072354 ], [ 25.5974774, 84.0733995 ], [ 25.4501399, 84.0774227 ], [ 25.4132579, 84.0784108 ], [ 25.3393816, 84.0803577 ], [ 25.3024032, 84.081316 ], [ 25.2116198, 84.0836272 ], [ 25.1801439, 84.084419 ], [ 25.1274427, 84.0857308 ], [ 25.0947276, 84.0865361 ], [ 24.9584258, 84.0898423 ], [ 24.9060124, 84.0910922 ], [ 24.8839178, 84.0916129 ], [ 24.8091825, 84.0933528 ], [ 24.7904955, 84.0937832 ], [ 24.7530912, 84.0946365 ], [ 24.7343888, 84.0950591 ], [ 24.5846084, 84.0983953 ], [ 24.5658831, 84.0988063 ], [ 24.5283928, 84.0996212 ], [ 24.509643, 84.1000247 ], [ 24.4345553, 84.101622 ], [ 24.4157771, 84.1020167 ], [ 24.3781917, 84.1027988 ], [ 24.3577238, 84.1032201 ], [ 24.3211663, 84.1039635 ], [ 24.2674454, 84.1050409 ], [ 24.1846462, 84.1066721 ], [ 24.1301725, 84.1077257 ], [ 24.0858115, 84.1085704 ], [ 24.0558282, 84.1091336 ], [ 24.0071105, 84.110037 ], [ 23.9778739, 84.1105722 ], [ 23.8900783, 84.1121555 ], [ 23.860805, 84.1126755 ], [ 23.8119767, 84.1135313 ], [ 23.7826672, 84.1140381 ], [ 23.746172, 84.1146604 ], [ 23.7007156, 84.1154215 ], [ 23.6324794, 84.1165406 ], [ 23.1758731, 84.1221079 ], [ 22.9751149, 84.1229201 ], [ 22.8522164, 84.1244973 ], [ 22.7912438, 84.1247571 ], [ 22.4156786, 84.1286733 ], [ 22.3892991, 84.1288565 ], [ 22.1006083, 84.1318224 ], [ 22.0787661, 84.1319746 ], [ 22.057808, 84.132123 ], [ 21.9957514, 84.1325272 ], [ 21.9621316, 84.1327265 ], [ 21.9394539, 84.1328575 ], [ 21.9122911, 84.1330142 ], [ 21.8640795, 84.1336618 ], [ 21.7338707, 84.1347569 ], [ 21.4856954, 84.1311683 ], [ 21.4199147, 84.1325258 ], [ 21.347066, 84.1327468 ], [ 21.2023544, 84.1340436 ], [ 20.9515968, 84.1354365 ], [ 20.9003419, 84.1359741 ], [ 20.8796842, 84.1361489 ], [ 20.8562628, 84.1363076 ], [ 20.8179358, 84.1367593 ], [ 20.7866106, 84.1371286 ], [ 20.5017997, 84.1390577 ], [ 20.4736736, 84.139201 ], [ 20.2148948, 84.14019 ], [ 20.1666347, 84.1400897 ], [ 20.1379002, 84.140022 ], [ 20.0225791, 84.1396778 ], [ 19.9748976, 84.1395104 ], [ 19.9042534, 84.1394349 ], [ 19.8552899, 84.1393486 ], [ 19.7647122, 84.1388747 ], [ 19.6822293, 84.1383861 ], [ 19.6539837, 84.1382501 ], [ 19.5666395, 84.137392 ], [ 19.535779, 84.137083 ], [ 19.4042577, 84.1357406 ], [ 19.3767539, 84.135455 ], [ 19.2973568, 84.134618 ], [ 19.2030793, 84.1335816 ], [ 19.093513, 84.1323172 ], [ 18.9128825, 84.1294965 ], [ 18.7552076, 84.1328089 ], [ 18.6440442, 84.1315585 ], [ 18.5793529, 84.1307048 ], [ 18.5269305, 84.1301412 ], [ 18.1520593, 84.1288599 ], [ 17.7645963, 84.1248741 ], [ 17.5952127, 84.1225177 ], [ 17.3934357, 84.1193089 ], [ 16.9916696, 84.1120253 ], [ 16.9027546, 84.1103061 ], [ 16.8416881, 84.1088602 ], [ 16.7521647, 84.1076262 ], [ 16.2313842, 84.0960037 ], [ 16.0929912, 84.0944194 ], [ 16.051347, 84.0939102 ], [ 15.8170809, 84.0898643 ], [ 15.7899162, 84.089388 ], [ 15.6116026, 84.0860887 ], [ 15.4952049, 84.083828 ], [ 15.4759019, 84.0833721 ], [ 15.4081986, 84.0817463 ], [ 15.3364075, 84.0799962 ], [ 15.317642, 84.0795363 ], [ 15.2801244, 84.0786128 ], [ 15.2603224, 84.078123 ], [ 15.2269762, 84.0772943 ], [ 15.1627445, 84.0756781 ], [ 15.0964824, 84.0737944 ], [ 15.0478493, 84.072397 ], [ 14.9932907, 84.0708213 ], [ 14.9311813, 84.0690174 ], [ 14.8688973, 84.0671974 ], [ 14.7982778, 84.0651203 ], [ 14.7377611, 84.0631194 ], [ 14.7015623, 84.0619008 ], [ 14.6396582, 84.0598081 ], [ 14.5809523, 84.0578135 ], [ 14.5323749, 84.0561557 ], [ 14.4891883, 84.054676 ], [ 14.4407061, 84.0530087 ], [ 14.4227991, 84.0523907 ], [ 14.3939067, 84.0512473 ], [ 14.3505056, 84.049524 ], [ 14.3085132, 84.0478514 ], [ 14.266787, 84.0461843 ], [ 14.2251095, 84.0445141 ], [ 14.1834678, 84.0428402 ], [ 14.1418671, 84.0421327 ], [ 14.1003203, 84.0401803 ], [ 14.0588007, 84.0383641 ], [ 14.0173829, 84.037158 ], [ 13.9760777, 84.0351974 ], [ 13.9340962, 84.0386652 ], [ 13.8926972, 84.0372643 ], [ 13.8513361, 84.0358544 ], [ 13.810013, 84.0344357 ], [ 13.7687284, 84.033008 ], [ 13.7274821, 84.0315714 ], [ 13.6862745, 84.0301258 ], [ 13.6451058, 84.0286714 ], [ 13.6039762, 84.0272081 ], [ 13.5628859, 84.025736 ], [ 13.5218352, 84.0242549 ], [ 13.4808242, 84.022765 ], [ 13.4398535, 84.0212663 ], [ 13.3989226, 84.0197587 ], [ 13.3580321, 84.0182423 ], [ 13.3171821, 84.0167171 ], [ 13.276373, 84.015183 ], [ 13.2356048, 84.0136402 ], [ 13.1948778, 84.0120885 ], [ 13.1541922, 84.0105281 ], [ 13.1135484, 84.0089589 ], [ 13.0729461, 84.007381 ], [ 13.0323491, 84.0057928 ], [ 12.9911303, 84.0041696 ], [ 12.9459851, 84.0023791 ], [ 12.8873933, 84.0000358 ], [ 12.8276299, 83.9976239 ], [ 12.7940589, 83.996259 ], [ 12.7456331, 83.9942772 ], [ 12.7134625, 83.9929523 ], [ 12.665251, 83.9909541 ], [ 12.6331505, 83.9896153 ], [ 12.5850446, 83.9875964 ], [ 12.553015, 83.9862437 ], [ 12.5044511, 83.9841801 ], [ 12.4730572, 83.9828377 ], [ 12.4251655, 83.9807774 ], [ 12.3932791, 83.9793973 ], [ 12.3454957, 83.9773164 ], [ 12.3136818, 83.9759225 ], [ 12.2660077, 83.9738211 ], [ 12.2342669, 83.9724136 ], [ 12.1867031, 83.9702916 ], [ 12.1550358, 83.9688704 ], [ 12.107583, 83.966728 ], [ 12.0759903, 83.9652932 ], [ 12.0284947, 83.9631234 ], [ 11.9950506, 83.961586 ], [ 11.9321547, 83.9586735 ], [ 11.8560265, 83.9551126 ], [ 11.7858058, 83.9517932 ], [ 11.7644475, 83.9507764 ], [ 11.6986129, 83.947622 ], [ 11.6212567, 83.9438771 ], [ 11.5435087, 83.9400706 ], [ 11.465957, 83.9362308 ], [ 11.3886027, 83.9323577 ], [ 11.3114472, 83.9284514 ], [ 11.2345654, 83.9245158 ], [ 11.1592034, 83.920616 ], [ 11.0933136, 83.9171729 ], [ 11.0629999, 83.9155775 ], [ 11.0028136, 83.9123887 ], [ 10.9285976, 83.9084199 ], [ 10.8527629, 83.9043219 ], [ 10.7770353, 83.9001859 ], [ 10.7015166, 83.8960175 ], [ 10.6262081, 83.8918168 ], [ 10.5511109, 83.8875839 ], [ 10.4762261, 83.8833188 ], [ 10.401555, 83.8790216 ], [ 10.3276569, 83.8747253 ], [ 10.2687961, 83.8712722 ], [ 10.1227863, 83.8623811 ], [ 9.8365222, 83.8442026 ], [ 9.6468842, 83.8315109 ], [ 9.6272527, 83.8301052 ], [ 9.6005297, 83.8284399 ], [ 9.5488514, 83.8252061 ], [ 9.4951051, 83.8218265 ], [ 9.4412829, 83.818425 ], [ 9.388861, 83.8150956 ], [ 9.3416828, 83.8120864 ], [ 9.2724789, 83.8075928 ], [ 9.135123, 83.7984947 ], [ 9.0668751, 83.793884 ], [ 9.0166622, 83.7904299 ], [ 8.9665443, 83.7869513 ], [ 8.9111892, 83.7830735 ], [ 8.8592924, 83.7794189 ], [ 8.8074114, 83.7757481 ], [ 8.7556987, 83.772072 ], [ 8.7041179, 83.7683876 ], [ 8.6742085, 83.7662381 ], [ 8.6278797, 83.7628889 ], [ 8.5587738, 83.7578031 ], [ 8.4215401, 83.7475023 ], [ 8.3534189, 83.7422879 ], [ 8.3085076, 83.7387897 ], [ 8.2839182, 83.7368647 ], [ 8.2345654, 83.7329808 ], [ 8.1848792, 83.7290533 ], [ 8.1355081, 83.7251335 ], [ 8.0856025, 83.7211536 ], [ 8.0361819, 83.717195 ], [ 7.9915166, 83.7136023 ], [ 7.9750046, 83.7122662 ], [ 7.6297667, 83.5565944 ], [ 5.8559417, 82.348625 ], [ 4.5680583, 82.0196444 ], [ 2.2059861, 81.2837056 ], [ -1.6373972, 79.8822167 ], [ -2.3553139, 79.2325667 ], [ -2.5378139, 79.0899972 ], [ -3.343875, 78.3333333 ], [ -3.2146556, 77.6102444 ], [ -2.9156444, 77.1833889 ], [ -2.7914907, 76.9178004 ], [ -2.7387567, 76.8996728 ], [ -2.7075313, 76.8892879 ], [ -2.6703212, 76.8769582 ], [ -2.6308451, 76.8639353 ], [ -2.5932259, 76.8515957 ], [ -2.5728016, 76.8449734 ], [ -2.5377592, 76.8337387 ], [ -2.5192545, 76.8278645 ], [ -2.4821376, 76.816204 ], [ -2.445491, 76.8047726 ], [ -2.4200491, 76.7969478 ], [ -2.3703027, 76.7818472 ], [ -2.3443899, 76.7740836 ], [ -2.3055944, 76.7626221 ], [ -2.259893, 76.749206 ], [ -2.2083578, 76.733883 ], [ -2.1834023, 76.7265408 ], [ -2.0707756, 76.6919399 ], [ -2.006223, 76.672695 ], [ -1.9675107, 76.6615545 ], [ -1.9202688, 76.6480559 ], [ -1.8765257, 76.6356505 ], [ -1.8358737, 76.6242027 ], [ -1.7997863, 76.614105 ], [ -1.7615266, 76.6034698 ], [ -1.7190599, 76.5917449 ], [ -1.6766274, 76.5801103 ], [ -1.6383225, 76.5696784 ], [ -1.5938618, 76.5576535 ], [ -1.5436284, 76.5441694 ], [ -1.4935673, 76.5308388 ], [ -1.4482684, 76.5188637 ], [ -1.4100488, 76.5088283 ], [ -1.375654, 76.4998515 ], [ -1.3415505, 76.4909994 ], [ -1.304386, 76.4814085 ], [ -1.2580553, 76.4695302 ], [ -1.2055138, 76.4561617 ], [ -1.1526842, 76.4428289 ], [ -1.0998755, 76.4296103 ], [ -1.0469111, 76.4164606 ], [ -0.9937459, 76.4033682 ], [ -0.9404884, 76.3903592 ], [ -0.888313, 76.3777163 ], [ -0.8331024, 76.3644472 ], [ -0.7790791, 76.3515696 ], [ -0.724918, 76.3387639 ], [ -0.6705619, 76.3260161 ], [ -0.6160124, 76.3133266 ], [ -0.5613315, 76.3007093 ], [ -0.5076174, 76.2884133 ], [ -0.4627062, 76.2782044 ], [ -0.4386842, 76.2727737 ], [ -0.3945657, 76.2628528 ], [ -0.3403475, 76.2507454 ], [ -0.2847295, 76.2384238 ], [ -0.2288811, 76.2261514 ], [ -0.1731907, 76.2140124 ], [ -0.1197852, 76.2024617 ], [ -0.0745891, 76.1927557 ], [ -0.028621, 76.1829527 ], [ 0.0250466, 76.1715899 ], [ 0.0781774, 76.1604234 ], [ 0.1214583, 76.1513879 ], [ 0.155446, 76.1443334 ], [ 0.1867446, 76.1378692 ], [ 0.2083488, 76.1326942 ], [ 0.261494, 76.1198457 ], [ 0.3148338, 76.1070552 ], [ 0.3683666, 76.094323 ], [ 0.422079, 76.0816521 ], [ 0.4758199, 76.0690774 ], [ 0.5295931, 76.0565968 ], [ 0.5844545, 76.0439688 ], [ 0.6388827, 76.0315425 ], [ 0.6935406, 76.0191654 ], [ 0.7483863, 76.0068471 ], [ 0.803392, 75.9945936 ], [ 0.8581424, 75.9824958 ], [ 0.9100259, 75.9711198 ], [ 0.935918, 75.9652478 ], [ 0.9515843, 75.9591637 ], [ 0.9795184, 75.9484297 ], [ 1.0064689, 75.9381213 ], [ 1.0321808, 75.9283289 ], [ 1.0580643, 75.9185106 ], [ 1.084714, 75.9084425 ], [ 1.1052861, 75.9007045 ], [ 1.1231972, 75.8933818 ], [ 1.1625196, 75.8774669 ], [ 1.2159541, 75.8561928 ], [ 1.2971145, 75.8244106 ], [ 1.3521299, 75.8032296 ], [ 1.3927668, 75.7878207 ], [ 1.4344784, 75.7760734 ], [ 1.4761894, 75.7594034 ], [ 1.5395317, 75.7341716 ], [ 1.5807343, 75.7188314 ], [ 1.6154063, 75.7062316 ], [ 1.6509979, 75.6939364 ], [ 1.7068869, 75.6747913 ], [ 1.7438549, 75.6627359 ], [ 1.7875566, 75.6488135 ], [ 1.8367669, 75.6333308 ], [ 1.8926407, 75.6104617 ], [ 1.9443438, 75.5931516 ], [ 1.9825089, 75.5804707 ], [ 2.01002, 75.5714217 ], [ 2.0544754, 75.5569407 ], [ 2.0812068, 75.5483141 ], [ 2.1589427, 75.5234329 ], [ 2.1812303, 75.5163461 ], [ 2.2119624, 75.5066442 ], [ 2.2768888, 75.4860358 ], [ 2.2941262, 75.4806101 ], [ 2.3190803, 75.4728279 ], [ 2.3447748, 75.4642859 ], [ 2.3883109, 75.4499233 ], [ 2.4321894, 75.435574 ], [ 2.4762795, 75.4212811 ], [ 2.5203227, 75.4071267 ], [ 2.5626981, 75.3936212 ], [ 2.6009095, 75.3815357 ], [ 2.6411454, 75.3689105 ], [ 2.6878616, 75.3543766 ], [ 2.7335287, 75.3402874 ], [ 2.7733456, 75.3281014 ], [ 2.8136756, 75.3158545 ], [ 2.8578268, 75.3025531 ], [ 2.8990764, 75.2902188 ], [ 2.9363481, 75.279158 ], [ 2.978575, 75.2667209 ], [ 3.022612, 75.2538488 ], [ 3.0678342, 75.2407384 ], [ 3.1097821, 75.2286711 ], [ 3.1470376, 75.2180279 ], [ 3.1807238, 75.2084663 ], [ 3.2169163, 75.1982579 ], [ 3.2598326, 75.1862384 ], [ 3.3071063, 75.173103 ], [ 3.35516, 75.1598613 ], [ 3.4034694, 75.1466605 ], [ 3.4519317, 75.1335287 ], [ 3.5007327, 75.1204148 ], [ 3.5496255, 75.1073881 ], [ 3.5986607, 75.0944317 ], [ 3.6479378, 75.0815199 ], [ 3.697404, 75.0686667 ], [ 3.7470567, 75.0558727 ], [ 3.7968371, 75.0431527 ], [ 3.8463389, 75.0306067 ], [ 3.8832179, 75.0213257 ], [ 3.9100149, 75.0144964 ], [ 3.9586809, 75.0021382 ], [ 4.0080393, 74.989706 ], [ 4.0581211, 74.9771955 ], [ 4.1085709, 74.9646979 ], [ 4.159199, 74.9522609 ], [ 4.2096944, 74.9399593 ], [ 4.2581022, 74.9282604 ], [ 4.2989442, 74.9184615 ], [ 4.3399336, 74.9086973 ], [ 4.3898012, 74.8969065 ], [ 4.4399937, 74.8851319 ], [ 4.4830372, 74.8751088 ], [ 4.517344, 74.8671719 ], [ 4.5524023, 74.8591073 ], [ 4.5881738, 74.8509253 ], [ 4.6229828, 74.8430098 ], [ 4.659604, 74.8347316 ], [ 4.7011212, 74.8254054 ], [ 4.7455516, 74.8154925 ], [ 4.7598934, 74.8121831 ], [ 4.7754053, 74.8078766 ], [ 4.8194715, 74.7955655 ], [ 4.8671007, 74.7823683 ], [ 4.9135326, 74.7696103 ], [ 4.9625961, 74.7562437 ], [ 5.0106453, 74.7432644 ], [ 5.058834, 74.730357 ], [ 5.1095337, 74.7168946 ], [ 5.1474844, 74.7050493 ], [ 5.1934245, 74.6906062 ], [ 5.2202608, 74.6822874 ], [ 5.2459598, 74.6740869 ], [ 5.2801709, 74.6632869 ], [ 5.3954483, 74.6272646 ], [ 5.4255525, 74.6179384 ], [ 5.4760272, 74.6024617 ], [ 5.5068899, 74.5930968 ], [ 5.5514718, 74.5797202 ], [ 5.5902103, 74.5682085 ], [ 5.6589583, 74.5479771 ], [ 5.7027674, 74.5352159 ], [ 5.7455101, 74.5228941 ], [ 5.7813307, 74.512646 ], [ 5.8162174, 74.50272 ], [ 5.842455, 74.4952892 ], [ 5.8609866, 74.4900738 ], [ 5.9023462, 74.4785242 ], [ 5.973786, 74.4587678 ], [ 6.022579, 74.4454212 ], [ 6.0659465, 74.433694 ], [ 6.11693, 74.4200362 ], [ 6.1654572, 74.4071502 ], [ 6.2143709, 74.3942653 ], [ 6.252004, 74.3844349 ], [ 6.2824433, 74.3759058 ], [ 6.3241469, 74.3643032 ], [ 6.3659657, 74.3527565 ], [ 6.4051344, 74.3420205 ], [ 6.4221859, 74.3133183 ], [ 6.4423877, 74.2789568 ], [ 6.466065, 74.241187 ], [ 6.4899282, 74.2053471 ], [ 6.513777, 74.1714816 ], [ 6.5396456, 74.1366219 ], [ 6.5685026, 74.0996077 ], [ 6.598988, 74.0624063 ], [ 6.6290531, 74.0273823 ], [ 6.6597702, 73.993106 ], [ 6.6915021, 73.9590917 ], [ 6.7262058, 73.9233492 ], [ 6.7615518, 73.8883254 ], [ 6.7990141, 73.8525595 ], [ 6.833415, 73.8208181 ], [ 6.8655872, 73.7919972 ], [ 6.8971051, 73.7645418 ], [ 6.9318471, 73.7351199 ], [ 6.9751757, 73.6995162 ], [ 7.0204902, 73.6634265 ], [ 7.0672876, 73.6273164 ], [ 7.1100399, 73.5952559 ], [ 7.1444493, 73.5700746 ], [ 7.1777591, 73.5462058 ], [ 7.2112215, 73.5226786 ], [ 7.2449122, 73.4994344 ], [ 7.2815683, 73.4746231 ], [ 7.326131, 73.4450977 ], [ 7.3772186, 73.4120417 ], [ 7.4286988, 73.3795516 ], [ 7.4818825, 73.3467859 ], [ 7.5359966, 73.3142333 ], [ 7.5906749, 73.2820995 ], [ 7.6477897, 73.2493087 ], [ 7.7037128, 73.217909 ], [ 7.753834, 73.1903335 ], [ 7.7926132, 73.1693503 ], [ 7.8737455, 73.1285378 ], [ 7.912854, 73.1072574 ], [ 7.9308833, 73.0974926 ], [ 7.9655618, 73.0793687 ], [ 8.0075403, 73.0581796 ], [ 8.044861, 73.0396056 ], [ 8.0788016, 73.0228446 ], [ 8.1022628, 73.0115387 ], [ 8.1581286, 72.9815775 ], [ 8.1964841, 72.9629055 ], [ 8.2390543, 72.9424461 ], [ 8.2807976, 72.922646 ], [ 8.3237937, 72.9025211 ], [ 8.3666645, 72.8827121 ], [ 8.4099452, 72.8629689 ], [ 8.4535354, 72.8433362 ], [ 8.4970488, 72.8239811 ], [ 8.539566, 72.8052993 ], [ 8.5774535, 72.7888333 ], [ 8.6155746, 72.7724485 ], [ 8.6619218, 72.7527604 ], [ 8.7075064, 72.7336238 ], [ 8.744456, 72.7182819 ], [ 8.781102, 72.7032164 ], [ 8.818902, 72.6878318 ], [ 8.8647555, 72.669373 ], [ 8.9164032, 72.6488276 ], [ 8.9591559, 72.63202 ], [ 8.9987454, 72.6166206 ], [ 9.0312333, 72.6040942 ], [ 9.0640603, 72.5915416 ], [ 9.1000888, 72.5778826 ], [ 9.1372666, 72.5639132 ], [ 9.1800796, 72.5479814 ], [ 9.2311888, 72.5291671 ], [ 9.2747376, 72.5133098 ], [ 9.310294, 72.5004858 ], [ 9.3449462, 72.488093 ], [ 9.3825118, 72.4747683 ], [ 9.4214251, 72.4610846 ], [ 9.4606964, 72.4473974 ], [ 9.5001637, 72.4337639 ], [ 9.5402109, 72.4200522 ], [ 9.5796549, 72.4066688 ], [ 9.6196764, 72.3932077 ], [ 9.6598806, 72.3798045 ], [ 9.7002657, 72.3664597 ], [ 9.740791, 72.3531863 ], [ 9.7815849, 72.3399416 ], [ 9.8225387, 72.3267638 ], [ 9.8635954, 72.3136681 ], [ 9.9046482, 72.3006877 ], [ 9.9434502, 72.2885018 ], [ 9.9552258, 72.2847251 ], [ 9.9922628, 72.2728816 ], [ 10.0334438, 72.2598225 ], [ 10.0747739, 72.2468313 ], [ 10.1160971, 72.2339555 ], [ 10.1563333, 72.2215244 ], [ 10.1751365, 72.2156862 ], [ 10.2184212, 72.2020336 ], [ 10.2596402, 72.1891489 ], [ 10.2994811, 72.1768034 ], [ 10.2998112, 72.1769664 ], [ 10.3309559, 72.1921427 ] ], [ [ 19.2087005, 74.3613365 ], [ 19.2030725, 74.3596262 ], [ 19.2020297, 74.3597285 ], [ 19.1974927, 74.3604956 ], [ 19.1970841, 74.3610562 ], [ 19.1958295, 74.3683035 ], [ 19.2049751, 74.3671584 ], [ 19.2085586, 74.3654304 ], [ 19.2090831, 74.3650866 ], [ 19.2087005, 74.3613365 ] ], [ [ 19.2749767, 74.4616749 ], [ 19.2798284, 74.4553304 ], [ 19.2731302, 74.4508306 ], [ 19.2740893, 74.4409561 ], [ 19.2664109, 74.43042 ], [ 19.2204864, 74.4090691 ], [ 19.2091337, 74.406473 ], [ 19.1963465, 74.4061105 ], [ 19.2043554, 74.3972827 ], [ 19.1868246, 74.3863178 ], [ 19.1909058, 74.3798666 ], [ 19.1840484, 74.3779762 ], [ 19.1885914, 74.3766741 ], [ 19.1971099, 74.3770123 ], [ 19.1937826, 74.3707432 ], [ 19.1875575, 74.3699481 ], [ 19.1789761, 74.3722057 ], [ 19.1710478, 74.3726655 ], [ 19.1704118, 74.3661869 ], [ 19.1748403, 74.3604469 ], [ 19.168417, 74.358727 ], [ 19.145924, 74.3569307 ], [ 19.130619, 74.3575286 ], [ 19.1174262, 74.3554688 ], [ 19.1146225, 74.3517045 ], [ 19.1201667, 74.3460977 ], [ 19.1118627, 74.3445141 ], [ 19.0983405, 74.3443948 ], [ 19.0687805, 74.3417135 ], [ 19.0676279, 74.3417358 ], [ 19.058772, 74.3437957 ], [ 19.0501304, 74.3508672 ], [ 19.0446259, 74.3533401 ], [ 19.0440818, 74.3534884 ], [ 19.0310612, 74.3553829 ], [ 19.0266613, 74.3631355 ], [ 19.0134366, 74.3670254 ], [ 19.0076947, 74.3713024 ], [ 18.9836527, 74.3799959 ], [ 18.9788663, 74.3851689 ], [ 18.9712774, 74.3867311 ], [ 18.9472343, 74.3872039 ], [ 18.9369119, 74.3891084 ], [ 18.9325765, 74.3927544 ], [ 18.9388098, 74.3947824 ], [ 18.9378995, 74.3972682 ], [ 18.929926, 74.4001257 ], [ 18.9207835, 74.4001116 ], [ 18.914892, 74.401388 ], [ 18.9123355, 74.4031047 ], [ 18.9154499, 74.4066944 ], [ 18.8848541, 74.4094563 ], [ 18.8747833, 74.419292 ], [ 18.8283495, 74.4303945 ], [ 18.8279163, 74.4306279 ], [ 18.8265904, 74.4403553 ], [ 18.8114485, 74.4488103 ], [ 18.800522, 74.4622051 ], [ 18.7868102, 74.4646453 ], [ 18.7909797, 74.4727134 ], [ 18.7848858, 74.4740866 ], [ 18.7746222, 74.4739151 ], [ 18.7685282, 74.477005 ], [ 18.7874517, 74.47855 ], [ 18.7854261, 74.4834138 ], [ 18.7859817, 74.4842259 ], [ 18.7943732, 74.4881392 ], [ 18.7954702, 74.4890213 ], [ 18.7952609, 74.493143 ], [ 18.7984293, 74.4952967 ], [ 18.8026624, 74.4971153 ], [ 18.8078896, 74.4985249 ], [ 18.8277683, 74.5022835 ], [ 18.8299313, 74.5024611 ], [ 18.9194695, 74.5042768 ], [ 18.9335752, 74.5101357 ], [ 18.9403243, 74.5111656 ], [ 18.9425739, 74.5112514 ], [ 18.9493229, 74.5104789 ], [ 18.9552065, 74.5078419 ], [ 18.9650089, 74.5073279 ], [ 18.9817823, 74.5082473 ], [ 18.999402, 74.5113806 ], [ 19.0062065, 74.5090905 ], [ 19.0194629, 74.5092748 ], [ 19.0362757, 74.5134481 ], [ 19.067908, 74.5134577 ], [ 19.0789824, 74.5150954 ], [ 19.0915416, 74.5194381 ], [ 19.092231, 74.5195034 ], [ 19.1358906, 74.5162296 ], [ 19.1387784, 74.5158863 ], [ 19.1478198, 74.5130277 ], [ 19.1484514, 74.5128551 ], [ 19.1686217, 74.5099639 ], [ 19.1852452, 74.4961674 ], [ 19.2023859, 74.4910488 ], [ 19.2325367, 74.4859095 ], [ 19.2491571, 74.4787073 ], [ 19.271847, 74.4749449 ], [ 19.2841278, 74.466049 ], [ 19.2851986, 74.4632946 ], [ 19.2844934, 74.4629356 ], [ 19.2749767, 74.4616749 ] ], [ [ 19.65645, 78.5109957 ], [ 19.6534162, 78.5091096 ], [ 19.6240408, 78.504885 ], [ 19.6224536, 78.5028012 ], [ 19.6209466, 78.5027868 ], [ 19.6184545, 78.5039694 ], [ 19.619118, 78.5044864 ], [ 19.6259695, 78.5066096 ], [ 19.6235431, 78.5089571 ], [ 19.6438146, 78.5119978 ], [ 19.6449183, 78.5119649 ], [ 19.6549737, 78.5113463 ], [ 19.65645, 78.5109957 ] ], [ [ 19.0074582, 78.5285687 ], [ 19.0047413, 78.5277436 ], [ 19.003058, 78.5276806 ], [ 18.9984459, 78.5281541 ], [ 19.0002646, 78.5286624 ], [ 19.0074582, 78.5285687 ] ], [ [ 20.7677743, 77.5522065 ], [ 20.7723418, 77.5510581 ], [ 20.7690867, 77.5511677 ], [ 20.7677743, 77.5522065 ] ], [ [ 20.6876152, 77.5989308 ], [ 20.6877851, 77.5992079 ], [ 20.6887987, 77.5995659 ], [ 20.6915159, 77.5991474 ], [ 20.6909519, 77.5989289 ], [ 20.6899021, 77.5987912 ], [ 20.6884738, 77.5987867 ], [ 20.6876152, 77.5989308 ] ], [ [ 20.4194251, 78.1856086 ], [ 20.4225256, 78.1855727 ], [ 20.4227976, 78.1853766 ], [ 20.4190346, 78.1822361 ], [ 20.4175651, 78.1821966 ], [ 20.4155462, 78.1835516 ], [ 20.4194251, 78.1856086 ] ], [ [ 20.4326417, 78.1935976 ], [ 20.4372836, 78.1934754 ], [ 20.4372483, 78.1915596 ], [ 20.4368705, 78.1911805 ], [ 20.4282829, 78.1905783 ], [ 20.424149, 78.1941395 ], [ 20.427245, 78.1979171 ], [ 20.4313318, 78.2015628 ], [ 20.4410518, 78.2032409 ], [ 20.4437174, 78.2009218 ], [ 20.4365377, 78.1995147 ], [ 20.4330803, 78.1972357 ], [ 20.4326417, 78.1935976 ] ], [ [ 20.6199992, 78.2044303 ], [ 20.6256829, 78.2027173 ], [ 20.6206532, 78.2069247 ], [ 20.6283926, 78.2077792 ], [ 20.6540923, 78.2068533 ], [ 20.68815, 78.2026104 ], [ 20.6971147, 78.2032961 ], [ 20.7044719, 78.2052175 ], [ 20.7054083, 78.213394 ], [ 20.6995015, 78.2219709 ], [ 20.7047493, 78.2231359 ], [ 20.7168015, 78.2227997 ], [ 20.7283232, 78.2172825 ], [ 20.7262673, 78.2090349 ], [ 20.7326124, 78.2078707 ], [ 20.7254225, 78.206658 ], [ 20.7254298, 78.2035599 ], [ 20.7247241, 78.2030593 ], [ 20.7152271, 78.1985807 ], [ 20.7016912, 78.1973357 ], [ 20.6874077, 78.1974301 ], [ 20.6728086, 78.2000772 ], [ 20.6631259, 78.1995544 ], [ 20.625615, 78.2016885 ], [ 20.6213973, 78.20035 ], [ 20.6174091, 78.2015916 ], [ 20.6199992, 78.2044303 ] ], [ [ 20.4545636, 78.2037208 ], [ 20.4397184, 78.204407 ], [ 20.4381815, 78.2045919 ], [ 20.4369479, 78.2060744 ], [ 20.4421947, 78.2079515 ], [ 20.4441175, 78.2083299 ], [ 20.4474685, 78.2083654 ], [ 20.4469491, 78.2068108 ], [ 20.4559557, 78.2084579 ], [ 20.4534639, 78.2127579 ], [ 20.4635127, 78.218466 ], [ 20.4760332, 78.2163534 ], [ 20.4771945, 78.2162868 ], [ 20.4925876, 78.217783 ], [ 20.50422, 78.2160325 ], [ 20.502021, 78.2135313 ], [ 20.4678975, 78.2118442 ], [ 20.4605289, 78.2099704 ], [ 20.4594109, 78.2044736 ], [ 20.4562877, 78.2038507 ], [ 20.4545636, 78.2037208 ] ], [ [ 20.6388164, 78.2973583 ], [ 20.6328274, 78.2986974 ], [ 20.6318274, 78.299684 ], [ 20.6329925, 78.3018941 ], [ 20.6352676, 78.3018667 ], [ 20.6414483, 78.2997895 ], [ 20.641908, 78.29927 ], [ 20.6395419, 78.2975895 ], [ 20.6388164, 78.2973583 ] ], [ [ 20.6358726, 78.3028563 ], [ 20.6337504, 78.3028409 ], [ 20.6323682, 78.3030806 ], [ 20.6322634, 78.3033922 ], [ 20.6327192, 78.3036664 ], [ 20.6333523, 78.3038853 ], [ 20.6379302, 78.3039027 ], [ 20.6381114, 78.3035531 ], [ 20.6375486, 78.3031512 ], [ 20.6358726, 78.3028563 ] ], [ [ 20.7266095, 78.3245934 ], [ 20.7268234, 78.3240966 ], [ 20.7268379, 78.3235044 ], [ 20.7262836, 78.3231468 ], [ 20.7253571, 78.3230757 ], [ 20.7244966, 78.3232061 ], [ 20.7238075, 78.3234864 ], [ 20.7233818, 78.3239336 ], [ 20.72396, 78.324578 ], [ 20.7257143, 78.3253039 ], [ 20.7271327, 78.3252238 ], [ 20.7268085, 78.3249412 ], [ 20.7266095, 78.3245934 ] ], [ [ 20.7412102, 78.3262811 ], [ 20.7396792, 78.3263322 ], [ 20.7380692, 78.3264579 ], [ 20.7374933, 78.3266617 ], [ 20.7380645, 78.3269531 ], [ 20.7417407, 78.3270313 ], [ 20.7421108, 78.3267242 ], [ 20.7420324, 78.3264207 ], [ 20.7412102, 78.3262811 ] ], [ [ 20.4784725, 78.4450753 ], [ 20.4774498, 78.4450707 ], [ 20.4759918, 78.4451971 ], [ 20.474708, 78.4453334 ], [ 20.4739968, 78.4454939 ], [ 20.4739378, 78.4456887 ], [ 20.4743005, 78.4458795 ], [ 20.4767731, 78.4457442 ], [ 20.4783003, 78.4453057 ], [ 20.4784725, 78.4450753 ] ], [ [ 20.1715735, 78.5477262 ], [ 20.1700978, 78.5477616 ], [ 20.16242, 78.5486536 ], [ 20.1622927, 78.5489717 ], [ 20.1666781, 78.5496575 ], [ 20.1683133, 78.5494729 ], [ 20.173351, 78.5487945 ], [ 20.1740339, 78.548417 ], [ 20.1715735, 78.5477262 ] ], [ [ 21.6841249, 76.8754212 ], [ 21.6949368, 76.8749068 ], [ 21.6961343, 76.8750807 ], [ 21.7106657, 76.8786271 ], [ 21.7206579, 76.8768333 ], [ 21.7171406, 76.8760489 ], [ 21.7086622, 76.8734829 ], [ 21.6996413, 76.8734469 ], [ 21.6982862, 76.8730078 ], [ 21.699825, 76.87099 ], [ 21.6957335, 76.8695801 ], [ 21.6917762, 76.8726568 ], [ 21.6818854, 76.8742748 ], [ 21.6818697, 76.8749568 ], [ 21.6841249, 76.8754212 ] ], [ [ 21.6608707, 76.8765419 ], [ 21.6611047, 76.876924 ], [ 21.6641021, 76.8769237 ], [ 21.6657861, 76.8767453 ], [ 21.6675409, 76.8766021 ], [ 21.6690593, 76.8764575 ], [ 21.6703573, 76.8763263 ], [ 21.6715852, 76.8761873 ], [ 21.6728261, 76.8760664 ], [ 21.6740602, 76.8759341 ], [ 21.6751328, 76.87577 ], [ 21.6757854, 76.8754642 ], [ 21.6758372, 76.8750407 ], [ 21.6751637, 76.8747972 ], [ 21.6736346, 76.8748431 ], [ 21.6712801, 76.8750857 ], [ 21.6686912, 76.8753082 ], [ 21.6666394, 76.8755007 ], [ 21.6648833, 76.875699 ], [ 21.6630923, 76.8759577 ], [ 21.6616151, 76.8762155 ], [ 21.6608707, 76.8765419 ] ], [ [ 21.6563762, 76.8766795 ], [ 21.6549953, 76.8767017 ], [ 21.6540666, 76.8769046 ], [ 21.653883, 76.8772315 ], [ 21.6541682, 76.8775426 ], [ 21.65611, 76.8774688 ], [ 21.6570681, 76.8771075 ], [ 21.657218, 76.8768258 ], [ 21.6563762, 76.8766795 ] ], [ [ 21.6586289, 76.8797727 ], [ 21.657726, 76.8799018 ], [ 21.657553, 76.8801047 ], [ 21.6578406, 76.8803098 ], [ 21.6607735, 76.8803098 ], [ 21.661061, 76.8801047 ], [ 21.660888, 76.8799018 ], [ 21.6599849, 76.8797727 ], [ 21.6586289, 76.8797727 ] ], [ [ 21.8210315, 77.0020759 ], [ 21.8270277, 77.0044398 ], [ 21.8322932, 77.0044318 ], [ 21.8352346, 77.003993 ], [ 21.8352355, 77.0038143 ], [ 21.8309844, 77.0033216 ], [ 21.821931, 77.0017703 ], [ 21.8210315, 77.0020759 ] ], [ [ 21.8609734, 77.0047363 ], [ 21.8489649, 77.0049257 ], [ 21.8570039, 77.0055472 ], [ 21.8587101, 77.0053853 ], [ 21.8609734, 77.0047363 ] ], [ [ 21.8444488, 77.0096191 ], [ 21.8670424, 77.0119909 ], [ 21.8774567, 77.0098329 ], [ 21.8806713, 77.008745 ], [ 21.8780748, 77.0082889 ], [ 21.8535233, 77.0077463 ], [ 21.8419886, 77.0067856 ], [ 21.8444488, 77.0096191 ] ], [ [ 21.4647768, 77.1501389 ], [ 21.4629769, 77.1503072 ], [ 21.4628989, 77.1505986 ], [ 21.4705209, 77.1506789 ], [ 21.470812, 77.150472 ], [ 21.4702632, 77.1502658 ], [ 21.4680882, 77.1501328 ], [ 21.4647768, 77.1501389 ] ], [ [ 21.5629643, 77.2617034 ], [ 21.5668898, 77.2646976 ], [ 21.5668889, 77.2637885 ], [ 21.5644729, 77.261916 ], [ 21.5629643, 77.2617034 ] ], [ [ 21.3745663, 77.2776521 ], [ 21.37396, 77.2777812 ], [ 21.3738712, 77.2779841 ], [ 21.3741614, 77.2781893 ], [ 21.3758385, 77.2781893 ], [ 21.3761287, 77.2779841 ], [ 21.3760399, 77.2777812 ], [ 21.3754336, 77.2776521 ], [ 21.3745663, 77.2776521 ] ], [ [ 21.5569295, 77.2773449 ], [ 21.5560652, 77.277562 ], [ 21.5562191, 77.2779706 ], [ 21.5572028, 77.2784408 ], [ 21.5591967, 77.2785145 ], [ 21.5594894, 77.2780946 ], [ 21.559301, 77.2776408 ], [ 21.5583473, 77.2773669 ], [ 21.5569295, 77.2773449 ] ], [ [ 21.6607612, 77.2749223 ], [ 21.6558623, 77.2746874 ], [ 21.6426262, 77.2771772 ], [ 21.6536791, 77.2789183 ], [ 21.6479855, 77.2802664 ], [ 21.6499246, 77.2805831 ], [ 21.6606445, 77.28125 ], [ 21.6637834, 77.2805525 ], [ 21.6660612, 77.2760828 ], [ 21.6607612, 77.2749223 ] ], [ [ 21.3681443, 77.2784638 ], [ 21.3661205, 77.277589 ], [ 21.3693134, 77.2768279 ], [ 21.3606731, 77.2776787 ], [ 21.3603606, 77.2793927 ], [ 21.3625494, 77.2780603 ], [ 21.3629454, 77.2777408 ], [ 21.3681443, 77.2784638 ] ], [ [ 21.3688071, 77.2797477 ], [ 21.3670839, 77.2801327 ], [ 21.3588045, 77.2828826 ], [ 21.3605673, 77.2842324 ], [ 21.3788394, 77.283443 ], [ 21.3964318, 77.2811483 ], [ 21.4104431, 77.2820215 ], [ 21.4233267, 77.2794662 ], [ 21.4232945, 77.2787771 ], [ 21.4155709, 77.2775521 ], [ 21.4118576, 77.2772797 ], [ 21.3945366, 77.276727 ], [ 21.3856766, 77.2765077 ], [ 21.3688071, 77.2797477 ] ], [ [ 21.5515772, 77.2814085 ], [ 21.5466704, 77.2821608 ], [ 21.5469965, 77.2832295 ], [ 21.5521494, 77.2816787 ], [ 21.5515772, 77.2814085 ] ], [ [ 21.5345165, 77.283752 ], [ 21.5412571, 77.2840925 ], [ 21.5456669, 77.2858443 ], [ 21.5481817, 77.2859929 ], [ 21.5489943, 77.2850507 ], [ 21.5441372, 77.2842568 ], [ 21.5416831, 77.2835546 ], [ 21.5345165, 77.283752 ] ], [ [ 21.313122, 77.2876449 ], [ 21.3131638, 77.2873809 ], [ 21.3140244, 77.2858936 ], [ 21.3131324, 77.2853217 ], [ 21.308008, 77.2843506 ], [ 21.307676, 77.2864891 ], [ 21.3014768, 77.2878873 ], [ 21.3019487, 77.2884403 ], [ 21.3100973, 77.2901183 ], [ 21.3117605, 77.2901227 ], [ 21.3187985, 77.2882076 ], [ 21.3183044, 77.2876971 ], [ 21.313122, 77.2876449 ] ], [ [ 21.2954717, 77.290054 ], [ 21.2957174, 77.2893208 ], [ 21.2917299, 77.2866822 ], [ 21.2784216, 77.2881342 ], [ 21.2782365, 77.2883099 ], [ 21.2954717, 77.290054 ] ], [ [ 20.7973711, 77.5549477 ], [ 20.7992457, 77.5549477 ], [ 20.799197, 77.5548129 ], [ 20.7986979, 77.5547204 ], [ 20.797919, 77.5547204 ], [ 20.79742, 77.5548129 ], [ 20.7973711, 77.5549477 ] ], [ [ 20.8812302, 77.5744789 ], [ 20.8831044, 77.5744789 ], [ 20.8830559, 77.5743442 ], [ 20.8825569, 77.5742517 ], [ 20.881778, 77.5742517 ], [ 20.8812789, 77.5743442 ], [ 20.8812302, 77.5744789 ] ], [ [ 20.8363069, 77.5746493 ], [ 20.837064, 77.5756134 ], [ 20.8403151, 77.5755901 ], [ 20.8427348, 77.5752823 ], [ 20.8434237, 77.5747625 ], [ 20.841536, 77.5743682 ], [ 20.8377416, 77.5743315 ], [ 20.8363069, 77.5746493 ] ], [ [ 20.8615763, 77.5786356 ], [ 20.8630348, 77.5755013 ], [ 20.8694566, 77.5766474 ], [ 20.8726431, 77.5725681 ], [ 20.8663499, 77.5725501 ], [ 20.8628733, 77.5731866 ], [ 20.8520879, 77.576001 ], [ 20.8542891, 77.5771296 ], [ 20.8592014, 77.5786278 ], [ 20.8615763, 77.5786356 ] ], [ [ 20.8778601, 77.5830563 ], [ 20.8903306, 77.5842988 ], [ 20.8911408, 77.5824723 ], [ 20.8851641, 77.5813692 ], [ 20.8823864, 77.5811374 ], [ 20.876609, 77.5824915 ], [ 20.8778601, 77.5830563 ] ], [ [ 20.8614548, 77.5837348 ], [ 20.8605022, 77.5838639 ], [ 20.8603197, 77.5840667 ], [ 20.8606231, 77.5842719 ], [ 20.8637176, 77.5842719 ], [ 20.8640208, 77.5840667 ], [ 20.8638383, 77.5838639 ], [ 20.8628855, 77.5837348 ], [ 20.8614548, 77.5837348 ] ], [ [ 21.335031, 77.2832341 ], [ 21.3175852, 77.2861574 ], [ 21.330331, 77.2882175 ], [ 21.3486493, 77.2858005 ], [ 21.3477222, 77.2841649 ], [ 21.3454777, 77.2829937 ], [ 21.3400856, 77.2827947 ], [ 21.335031, 77.2832341 ] ], [ [ 21.5969485, 77.2875224 ], [ 21.5941069, 77.2871627 ], [ 21.592985, 77.28716 ], [ 21.592639, 77.2879753 ], [ 21.5941973, 77.2879089 ], [ 21.5969485, 77.2875224 ] ], [ [ 21.6223639, 77.2889895 ], [ 21.6248716, 77.2885731 ], [ 21.6307857, 77.2874354 ], [ 21.6335415, 77.2835867 ], [ 21.6179605, 77.2881929 ], [ 21.6157066, 77.2853314 ], [ 21.6067395, 77.2854975 ], [ 21.6077039, 77.2891932 ], [ 21.606093, 77.2918932 ], [ 21.6242028, 77.2901266 ], [ 21.6223639, 77.2889895 ] ], [ [ 21.7207989, 78.262134 ], [ 21.7265589, 78.2628279 ], [ 21.7294285, 78.2623248 ], [ 21.730646, 78.2618062 ], [ 21.729439, 78.2615634 ], [ 21.7207386, 78.2618117 ], [ 21.7207989, 78.262134 ] ], [ [ 20.8537396, 77.5810806 ], [ 20.8519934, 77.5809463 ], [ 20.8474425, 77.5815608 ], [ 20.8476042, 77.5844098 ], [ 20.8387395, 77.5853525 ], [ 20.8372277, 77.5864303 ], [ 20.8415483, 77.587607 ], [ 20.8466955, 77.5876704 ], [ 20.8567945, 77.584299 ], [ 20.8537396, 77.5810806 ] ], [ [ 20.8342524, 77.5880024 ], [ 20.8344436, 77.5884001 ], [ 20.8372223, 77.5879776 ], [ 20.8367937, 77.5877552 ], [ 20.8360188, 77.5876364 ], [ 20.8349586, 77.5877115 ], [ 20.8342524, 77.5880024 ] ], [ [ 20.8226321, 77.5891036 ], [ 20.8218944, 77.5882679 ], [ 20.8142093, 77.5868099 ], [ 20.8127993, 77.5868717 ], [ 20.8040144, 77.5894367 ], [ 20.8053913, 77.5913016 ], [ 20.8091412, 77.5910546 ], [ 20.817119, 77.5909334 ], [ 20.8184057, 77.5907844 ], [ 20.8219993, 77.5895997 ], [ 20.8226321, 77.5891036 ] ], [ [ 20.7995656, 78.0810641 ], [ 20.7966561, 78.081111 ], [ 20.7908725, 78.0833815 ], [ 20.798709, 78.0821238 ], [ 20.7995656, 78.0810641 ] ], [ [ 20.8028998, 78.150039 ], [ 20.7978221, 78.1519665 ], [ 20.7873855, 78.1515319 ], [ 20.7873617, 78.1530939 ], [ 20.7803267, 78.1542271 ], [ 20.7669157, 78.1536227 ], [ 20.7601182, 78.1551116 ], [ 20.748672, 78.1534737 ], [ 20.7394671, 78.1568601 ], [ 20.7512761, 78.155178 ], [ 20.7520934, 78.1551327 ], [ 20.7642097, 78.1567618 ], [ 20.7788852, 78.1561733 ], [ 20.7913502, 78.1553375 ], [ 20.7994117, 78.1527076 ], [ 20.8112977, 78.1525542 ], [ 20.8133963, 78.1521943 ], [ 20.8144389, 78.1506122 ], [ 20.8028998, 78.150039 ] ], [ [ 20.7732373, 78.1645228 ], [ 20.7709124, 78.1666442 ], [ 20.7799704, 78.1654506 ], [ 20.7815753, 78.1648775 ], [ 20.7799346, 78.163972 ], [ 20.7755556, 78.1641288 ], [ 20.7732373, 78.1645228 ] ], [ [ 20.7670116, 78.1776946 ], [ 20.7655092, 78.1824032 ], [ 20.767042, 78.1847351 ], [ 20.7696896, 78.1847028 ], [ 20.779774, 78.1834084 ], [ 20.7848333, 78.1809533 ], [ 20.7803988, 78.1788383 ], [ 20.7683235, 78.1778148 ], [ 20.7670116, 78.1776946 ] ], [ [ 20.9853419, 78.2163035 ], [ 20.984957, 78.2163833 ], [ 20.9851975, 78.2164729 ], [ 20.9857748, 78.2163534 ], [ 20.9853419, 78.2163035 ] ], [ [ 21.3619899, 78.6114124 ], [ 21.3591661, 78.6093419 ], [ 21.3674552, 78.6016035 ], [ 21.3980536, 78.594276 ], [ 21.4102743, 78.5814385 ], [ 21.4418592, 78.5746132 ], [ 21.475771, 78.564769 ], [ 21.520859, 78.5592777 ], [ 21.5374609, 78.5516645 ], [ 21.5500832, 78.5502049 ], [ 21.5703183, 78.5505267 ], [ 21.5890923, 78.5450845 ], [ 21.5939569, 78.54487 ], [ 21.6071903, 78.5473226 ], [ 21.6145408, 78.5572314 ], [ 21.6212276, 78.5586816 ], [ 21.6318682, 78.5671451 ], [ 21.6995004, 78.5694619 ], [ 21.7118136, 78.5708874 ], [ 21.7242637, 78.5658448 ], [ 21.7223693, 78.5617679 ], [ 21.7321126, 78.5614997 ], [ 21.7394204, 78.5640746 ], [ 21.7534945, 78.5642354 ], [ 21.755389, 78.5657376 ], [ 21.7285943, 78.5706728 ], [ 21.7280669, 78.5737553 ], [ 21.7220985, 78.5746425 ], [ 21.7436728, 78.5864218 ], [ 21.7274811, 78.5861219 ], [ 21.7239819, 78.5845044 ], [ 21.7210156, 78.585595 ], [ 21.7397645, 78.5878559 ], [ 21.7488651, 78.5904973 ], [ 21.7778842, 78.5908473 ], [ 21.808919, 78.5814222 ], [ 21.834378, 78.5798057 ], [ 21.859013, 78.5803345 ], [ 21.8967046, 78.5838426 ], [ 21.940564, 78.5823789 ], [ 21.9518672, 78.5800116 ], [ 21.9668207, 78.5709205 ], [ 21.975636, 78.5605839 ], [ 22.0091201, 78.5458128 ], [ 22.0120106, 78.5212811 ], [ 22.0631119, 78.4972599 ], [ 22.1015533, 78.4852313 ], [ 22.1350927, 78.4709885 ], [ 22.1394753, 78.465131 ], [ 22.1396321, 78.4573693 ], [ 22.1345524, 78.4553821 ], [ 22.1392527, 78.4521903 ], [ 22.1371229, 78.4273037 ], [ 22.1468127, 78.4189634 ], [ 22.1842318, 78.398357 ], [ 22.2057902, 78.3764662 ], [ 22.1966965, 78.3627603 ], [ 22.1930079, 78.3410404 ], [ 22.1852468, 78.3302259 ], [ 22.1682438, 78.3182495 ], [ 22.1571717, 78.2970392 ], [ 22.138151, 78.2877368 ], [ 22.1359059, 78.2771018 ], [ 22.121873, 78.2725455 ], [ 22.1114078, 78.274146 ], [ 22.0993418, 78.2722799 ], [ 22.0705136, 78.2620522 ], [ 22.0553044, 78.2586823 ], [ 22.0383025, 78.2572457 ], [ 22.0208715, 78.2577612 ], [ 21.9386978, 78.2628886 ], [ 21.8864492, 78.2614399 ], [ 21.8538078, 78.2651075 ], [ 21.8471751, 78.2647368 ], [ 21.8133069, 78.2675846 ], [ 21.804316, 78.2699224 ], [ 21.7721701, 78.267095 ], [ 21.7306194, 78.2667434 ], [ 21.7277849, 78.2656888 ], [ 21.7371298, 78.2646973 ], [ 21.7246346, 78.2650368 ], [ 21.7287874, 78.2633175 ], [ 21.7213261, 78.2649863 ], [ 21.7131099, 78.2600462 ], [ 21.6950905, 78.2591208 ], [ 21.6935616, 78.2566378 ], [ 21.6533597, 78.2609341 ], [ 21.6256829, 78.2616088 ], [ 21.5773754, 78.2567714 ], [ 21.5464379, 78.2489452 ], [ 21.5403531, 78.2497445 ], [ 21.5408025, 78.2482634 ], [ 21.502811, 78.2479788 ], [ 21.4082015, 78.2414064 ], [ 21.3885058, 78.2383331 ], [ 21.3336544, 78.2378917 ], [ 21.2206846, 78.2303472 ], [ 21.1746767, 78.2237548 ], [ 21.1598651, 78.2160143 ], [ 21.1526, 78.2145125 ], [ 21.1165338, 78.2123103 ], [ 21.0914468, 78.2119915 ], [ 21.0781308, 78.2087942 ], [ 21.0737578, 78.2034041 ], [ 21.0613418, 78.2025431 ], [ 21.0497791, 78.2031724 ], [ 21.0473691, 78.202327 ], [ 21.0383394, 78.204722 ], [ 21.0328048, 78.2037572 ], [ 20.9994307, 78.2061687 ], [ 20.9881969, 78.2090605 ], [ 20.9801309, 78.2132263 ], [ 20.9903513, 78.2164527 ], [ 20.9881567, 78.2178599 ], [ 21.0003353, 78.219552 ], [ 20.99433, 78.2225757 ], [ 20.9697154, 78.2257953 ], [ 20.9122881, 78.230617 ], [ 20.8242682, 78.2329376 ], [ 20.7641453, 78.2309169 ], [ 20.7249594, 78.227107 ], [ 20.7183399, 78.2242115 ], [ 20.6977865, 78.2263975 ], [ 20.7083044, 78.2295064 ], [ 20.7004213, 78.2293576 ], [ 20.6869653, 78.234441 ], [ 20.7117797, 78.2359397 ], [ 20.7298722, 78.2397681 ], [ 20.737244, 78.2431724 ], [ 20.7318177, 78.2447321 ], [ 20.7304145, 78.2496213 ], [ 20.7164336, 78.2527097 ], [ 20.7119612, 78.2589675 ], [ 20.7161717, 78.2592762 ], [ 20.7263277, 78.2569447 ], [ 20.7429218, 78.2583247 ], [ 20.7722498, 78.266519 ], [ 20.7803097, 78.2762563 ], [ 20.7728525, 78.2855175 ], [ 20.7844549, 78.2926013 ], [ 20.7701097, 78.2976043 ], [ 20.7377299, 78.3045589 ], [ 20.7029904, 78.3081791 ], [ 20.6415318, 78.3111486 ], [ 20.6266897, 78.309586 ], [ 20.6326149, 78.306127 ], [ 20.6255033, 78.3054914 ], [ 20.6277701, 78.3068907 ], [ 20.6239382, 78.3072073 ], [ 20.6146913, 78.3057568 ], [ 20.6147683, 78.3095281 ], [ 20.631186, 78.3113962 ], [ 20.6344959, 78.3137465 ], [ 20.6269422, 78.3155186 ], [ 20.6075166, 78.3142726 ], [ 20.5970356, 78.318428 ], [ 20.6800669, 78.3180844 ], [ 20.7156978, 78.3215308 ], [ 20.7623512, 78.3208224 ], [ 20.7757261, 78.3219877 ], [ 20.7670944, 78.3232154 ], [ 20.7757118, 78.3245198 ], [ 20.778845, 78.3269209 ], [ 20.7866737, 78.3266608 ], [ 20.7905256, 78.3283612 ], [ 20.7982559, 78.3283249 ], [ 20.8068019, 78.330465 ], [ 20.7932174, 78.3335547 ], [ 20.7901095, 78.338008 ], [ 20.7790495, 78.3363506 ], [ 20.7638437, 78.335816 ], [ 20.7529283, 78.3382173 ], [ 20.750761, 78.3405578 ], [ 20.715718, 78.3407136 ], [ 20.7194449, 78.3390954 ], [ 20.7308844, 78.338896 ], [ 20.7224578, 78.3382967 ], [ 20.6969916, 78.3443578 ], [ 20.6427859, 78.3470116 ], [ 20.647885, 78.348599 ], [ 20.6587903, 78.3491538 ], [ 20.6695977, 78.3535823 ], [ 20.6607695, 78.3582797 ], [ 20.6592227, 78.3649924 ], [ 20.6684017, 78.3686637 ], [ 20.6662416, 78.3811709 ], [ 20.672805, 78.3890681 ], [ 20.6505882, 78.400822 ], [ 20.6062402, 78.4124172 ], [ 20.6153738, 78.4163212 ], [ 20.6048445, 78.4234843 ], [ 20.6125069, 78.4267852 ], [ 20.6001042, 78.4336268 ], [ 20.5538996, 78.4440132 ], [ 20.5112107, 78.4480788 ], [ 20.4762551, 78.4481471 ], [ 20.4821656, 78.450236 ], [ 20.4765948, 78.452127 ], [ 20.4527833, 78.4547246 ], [ 20.4145426, 78.4611543 ], [ 20.3425924, 78.4666709 ], [ 20.3343524, 78.4654123 ], [ 20.3334293, 78.4677526 ], [ 20.2958528, 78.4694561 ], [ 20.285084, 78.467604 ], [ 20.2810512, 78.4697464 ], [ 20.2475095, 78.4738081 ], [ 20.2127293, 78.4770051 ], [ 20.2043879, 78.476947 ], [ 20.2055568, 78.4756804 ], [ 20.1856554, 78.4772787 ], [ 20.1545238, 78.4824997 ], [ 20.1586583, 78.4835579 ], [ 20.1670597, 78.4822674 ], [ 20.1753716, 78.482841 ], [ 20.1826372, 78.4844508 ], [ 20.190357, 78.4877554 ], [ 20.1882187, 78.4925334 ], [ 20.1935695, 78.4980781 ], [ 20.2054195, 78.5026236 ], [ 20.2213488, 78.5060369 ], [ 20.2742825, 78.513552 ], [ 20.3862103, 78.5208164 ], [ 20.4221067, 78.5217118 ], [ 20.4351211, 78.5232636 ], [ 20.436393, 78.525544 ], [ 20.4568402, 78.5231488 ], [ 20.5109246, 78.5242232 ], [ 20.5236742, 78.5260094 ], [ 20.5348023, 78.5299544 ], [ 20.5413769, 78.5288041 ], [ 20.5539693, 78.5291872 ], [ 20.5564723, 78.5302286 ], [ 20.5773065, 78.5315368 ], [ 20.5865911, 78.5340509 ], [ 20.5969913, 78.5343114 ], [ 20.6047611, 78.5363024 ], [ 20.6162523, 78.5351263 ], [ 20.6398755, 78.5373572 ], [ 20.6505045, 78.5398442 ], [ 20.653196, 78.5447561 ], [ 20.6604673, 78.5451109 ], [ 20.6732498, 78.5429291 ], [ 20.6862164, 78.5446714 ], [ 20.6948611, 78.5427783 ], [ 20.7034975, 78.5431447 ], [ 20.7170722, 78.5413156 ], [ 20.7358878, 78.5416964 ], [ 20.796662, 78.547177 ], [ 20.8228393, 78.5548083 ], [ 20.8295584, 78.55432 ], [ 20.8340091, 78.5516729 ], [ 20.8494167, 78.5531197 ], [ 20.8533884, 78.5512098 ], [ 20.8616081, 78.5510449 ], [ 20.8691802, 78.5520962 ], [ 20.8640053, 78.5546751 ], [ 20.8687096, 78.5561841 ], [ 20.8744193, 78.5560573 ], [ 20.8741837, 78.5549994 ], [ 20.8879504, 78.5549796 ], [ 20.9476457, 78.5581365 ], [ 20.9583631, 78.5561271 ], [ 20.9625378, 78.5572004 ], [ 20.9651221, 78.5557079 ], [ 20.9875822, 78.5529332 ], [ 21.0082492, 78.5532573 ], [ 21.0309098, 78.5552399 ], [ 21.0632375, 78.5640122 ], [ 21.0744025, 78.5694122 ], [ 21.0832813, 78.570314 ], [ 21.1025866, 78.5764853 ], [ 21.1174361, 78.583828 ], [ 21.1217753, 78.5891352 ], [ 21.1191419, 78.5935811 ], [ 21.1082522, 78.5946893 ], [ 21.1012229, 78.5984069 ], [ 21.1006531, 78.5998338 ], [ 21.1053731, 78.607797 ], [ 21.0974514, 78.6155407 ], [ 21.0987962, 78.616662 ], [ 21.105298, 78.6189322 ], [ 21.1092561, 78.6199074 ], [ 21.1264566, 78.6212054 ], [ 21.1565295, 78.6257654 ], [ 21.1594245, 78.6279033 ], [ 21.1548743, 78.6305701 ], [ 21.1770608, 78.6315242 ], [ 21.1851974, 78.6344857 ], [ 21.1812472, 78.6387457 ], [ 21.1833178, 78.6391813 ], [ 21.1885465, 78.6387872 ], [ 21.2077212, 78.6380023 ], [ 21.2291837, 78.6356947 ], [ 21.2332414, 78.6341542 ], [ 21.2651767, 78.6315306 ], [ 21.2706335, 78.6322211 ], [ 21.2723417, 78.6319261 ], [ 21.3411407, 78.6287932 ], [ 21.3255842, 78.6239734 ], [ 21.3268445, 78.6220639 ], [ 21.3473738, 78.6183463 ], [ 21.3489103, 78.6152682 ], [ 21.3619899, 78.6114124 ] ], [ [ 20.980374, 78.5560708 ], [ 20.9823534, 78.556078 ], [ 20.9826554, 78.5558718 ], [ 20.982519, 78.5556988 ], [ 20.9817981, 78.5556755 ], [ 20.9808787, 78.555845 ], [ 20.980374, 78.5560708 ] ], [ [ 20.9628227, 78.5575652 ], [ 20.9595847, 78.55764 ], [ 20.9557797, 78.5576417 ], [ 20.9531962, 78.5575922 ], [ 20.9522516, 78.5576674 ], [ 20.9526273, 78.5579119 ], [ 20.9538792, 78.5582603 ], [ 20.9596297, 78.5582408 ], [ 20.962079, 78.5581316 ], [ 20.9648529, 78.5581384 ], [ 20.9674507, 78.5582144 ], [ 20.9697366, 78.5581777 ], [ 20.9709485, 78.5579913 ], [ 20.9702343, 78.5578029 ], [ 20.9679801, 78.557663 ], [ 20.9654906, 78.5575603 ], [ 20.9628227, 78.5575652 ] ], [ [ 20.8466378, 78.5596799 ], [ 20.8460175, 78.559486 ], [ 20.8448132, 78.5593801 ], [ 20.8436089, 78.559486 ], [ 20.8429884, 78.5596799 ], [ 20.8466378, 78.5596799 ] ], [ [ 21.7309935, 78.2636724 ], [ 21.7304738, 78.2640696 ], [ 21.73118, 78.264497 ], [ 21.7341231, 78.2640743 ], [ 21.7343912, 78.2637523 ], [ 21.7341645, 78.2634822 ], [ 21.732744, 78.2634106 ], [ 21.7309935, 78.2636724 ] ], [ [ 21.5184054, 78.9182438 ], [ 21.5174545, 78.9185702 ], [ 21.5174154, 78.9188467 ], [ 21.5214614, 78.9187622 ], [ 21.5223964, 78.9183673 ], [ 21.5221335, 78.9180663 ], [ 21.520436, 78.9179934 ], [ 21.5184054, 78.9182438 ] ], [ [ 21.6156743, 78.9247153 ], [ 21.6101803, 78.9253579 ], [ 21.6101856, 78.9257812 ], [ 21.6121249, 78.9265276 ], [ 21.6156306, 78.9265455 ], [ 21.6226778, 78.9259231 ], [ 21.62481, 78.9250811 ], [ 21.6220732, 78.9248474 ], [ 21.6156743, 78.9247153 ] ], [ [ 21.4743671, 78.9257812 ], [ 21.4732136, 78.9265084 ], [ 21.4736998, 78.9268211 ], [ 21.4781203, 78.9271396 ], [ 21.4796385, 78.9270343 ], [ 21.4885988, 78.9260288 ], [ 21.4905745, 78.9252659 ], [ 21.4743671, 78.9257812 ] ], [ [ 20.8128383, 78.5639666 ], [ 20.8036655, 78.5653892 ], [ 20.8068, 78.5666996 ], [ 20.8299741, 78.5694661 ], [ 20.8308063, 78.5694475 ], [ 20.8314027, 78.5664865 ], [ 20.8255537, 78.5653991 ], [ 20.8146526, 78.5640314 ], [ 20.8128383, 78.5639666 ] ], [ [ 21.266941, 78.6332887 ], [ 21.2644047, 78.6348453 ], [ 21.2818605, 78.6383928 ], [ 21.2846794, 78.6383194 ], [ 21.3283544, 78.6350442 ], [ 21.3346426, 78.6327425 ], [ 21.3181574, 78.6317734 ], [ 21.266941, 78.6332887 ] ], [ [ 21.2641286, 78.6373901 ], [ 21.2698005, 78.6383342 ], [ 21.2719821, 78.6383342 ], [ 21.2737274, 78.6379051 ], [ 21.2667465, 78.6366175 ], [ 21.2641286, 78.6368752 ], [ 21.2641286, 78.6373901 ] ], [ [ 21.2003524, 78.6414915 ], [ 21.1996721, 78.6416206 ], [ 21.1995724, 78.6418235 ], [ 21.1998981, 78.6420285 ], [ 21.2017802, 78.6420285 ], [ 21.2021059, 78.6418235 ], [ 21.2020062, 78.6416206 ], [ 21.2013258, 78.6414915 ], [ 21.2003524, 78.6414915 ] ], [ [ 21.8933088, 76.9552495 ], [ 21.902709, 76.9597185 ], [ 21.9255458, 76.960324 ], [ 21.9283479, 76.9574711 ], [ 21.9284064, 76.9568048 ], [ 21.927301, 76.9565957 ], [ 21.9209311, 76.9571294 ], [ 21.9182541, 76.9563329 ], [ 21.903735, 76.9548841 ], [ 21.8861141, 76.9514076 ], [ 21.8808033, 76.9521263 ], [ 21.884146, 76.9548922 ], [ 21.8933088, 76.9552495 ] ], [ [ 21.9319164, 76.9640911 ], [ 21.9329619, 76.9645394 ], [ 21.9358288, 76.9644531 ], [ 21.9361548, 76.9642299 ], [ 21.9362363, 76.963616 ], [ 21.9302719, 76.9619673 ], [ 21.92849, 76.9621859 ], [ 21.9276592, 76.9625331 ], [ 21.9281275, 76.96294 ], [ 21.9289072, 76.9632431 ], [ 21.9297167, 76.9634 ], [ 21.9305347, 76.9635026 ], [ 21.9312105, 76.9637119 ], [ 21.9319164, 76.9640911 ] ], [ [ 21.9417021, 76.9703131 ], [ 21.9424117, 76.9695708 ], [ 21.9438126, 76.9670708 ], [ 21.940732, 76.9658358 ], [ 21.9392082, 76.9655923 ], [ 21.9353901, 76.9691679 ], [ 21.9417021, 76.9703131 ] ], [ [ 22.0643059, 76.9775755 ], [ 22.0831662, 76.9795775 ], [ 22.0820897, 76.9768794 ], [ 22.0802003, 76.9764674 ], [ 22.0714844, 76.9754951 ], [ 22.0643494, 76.9758027 ], [ 22.0643059, 76.9775755 ] ], [ [ 21.9437445, 76.980816 ], [ 21.9440106, 76.9810221 ], [ 21.945756, 76.9810148 ], [ 21.945311, 76.9807891 ], [ 21.9445004, 76.9806195 ], [ 21.9438648, 76.980643 ], [ 21.9437445, 76.980816 ] ], [ [ 21.9344192, 76.9823998 ], [ 21.93817, 76.9813623 ], [ 21.9264854, 76.9822388 ], [ 21.9344192, 76.9823998 ] ], [ [ 21.9488329, 76.9811218 ], [ 21.9494426, 76.9816434 ], [ 21.9844859, 76.9901983 ], [ 21.9846646, 76.9884496 ], [ 21.9627906, 76.9806194 ], [ 21.9526457, 76.9795856 ], [ 21.9514203, 76.9793715 ], [ 21.9488329, 76.9811218 ] ], [ [ 21.9425507, 76.9866821 ], [ 21.9428231, 76.9868894 ], [ 21.9437114, 76.9866868 ], [ 21.9433928, 76.9864898 ], [ 21.9429537, 76.9864051 ], [ 21.9425845, 76.9864894 ], [ 21.9425507, 76.9866821 ] ], [ [ 22.198149, 76.9888386 ], [ 22.1942185, 76.9867578 ], [ 22.1911983, 76.9866894 ], [ 22.1898684, 76.9870203 ], [ 22.1857126, 76.9911534 ], [ 22.198149, 76.9888386 ] ], [ [ 22.1776732, 76.9964765 ], [ 22.1835566, 76.9975709 ], [ 22.1944563, 76.9958248 ], [ 22.206817, 76.9957809 ], [ 22.2140028, 76.9943922 ], [ 22.2151043, 76.9939972 ], [ 22.2144943, 76.9933944 ], [ 22.2131842, 76.9933519 ], [ 22.2053899, 76.9942644 ], [ 22.2026591, 76.9929065 ], [ 22.1974205, 76.9921875 ], [ 22.1790977, 76.9946156 ], [ 22.1766388, 76.9957883 ], [ 22.1776732, 76.9964765 ] ], [ [ 21.984283, 76.9937456 ], [ 21.9972332, 76.9992568 ], [ 22.0028574, 76.9977908 ], [ 21.9991374, 76.9927685 ], [ 21.9990079, 76.9921875 ], [ 21.9894639, 76.99114 ], [ 21.9860398, 76.9911371 ], [ 21.984283, 76.9937456 ] ], [ [ 22.2514704, 76.9964108 ], [ 22.2510948, 76.9956148 ], [ 22.2560461, 76.9919643 ], [ 22.2361817, 76.9962536 ], [ 22.2362961, 76.996574 ], [ 22.2452024, 76.9968795 ], [ 22.250199, 76.9984717 ], [ 22.2569411, 76.9985489 ], [ 22.261669, 76.998986 ], [ 22.2611626, 76.998655 ], [ 22.2514704, 76.9964108 ] ], [ [ 22.2694731, 76.9960992 ], [ 22.2680728, 76.9961212 ], [ 22.267131, 76.9963241 ], [ 22.2669448, 76.9966512 ], [ 22.267234, 76.9969621 ], [ 22.2692033, 76.9968885 ], [ 22.2701749, 76.996527 ], [ 22.2703269, 76.9962453 ], [ 22.2694731, 76.9960992 ] ], [ [ 21.9024049, 77.000725 ], [ 21.9064984, 77.0054632 ], [ 21.9210207, 77.0046699 ], [ 21.928894, 77.004575 ], [ 21.9470947, 77.0018916 ], [ 21.9593064, 77.0021942 ], [ 21.9539149, 76.9991328 ], [ 21.9545869, 76.9982498 ], [ 21.9659961, 76.9965863 ], [ 21.9579211, 76.9917409 ], [ 21.9528511, 76.9956481 ], [ 21.9387969, 76.9957269 ], [ 21.9024049, 77.000725 ] ], [ [ 22.3594182, 77.013092 ], [ 22.3564388, 77.0126328 ], [ 22.3555135, 77.0129786 ], [ 22.3555889, 77.0135208 ], [ 22.3602581, 77.015895 ], [ 22.3706648, 77.0158572 ], [ 22.3745887, 77.0147951 ], [ 22.3716578, 77.0135564 ], [ 22.3694808, 77.01329 ], [ 22.3594182, 77.013092 ] ], [ [ 22.3894637, 77.0161538 ], [ 22.3888332, 77.0160176 ], [ 22.3877727, 77.0160728 ], [ 22.3867124, 77.0161926 ], [ 22.3860818, 77.0163568 ], [ 22.3860151, 77.016557 ], [ 22.3863266, 77.0167514 ], [ 22.389219, 77.016763 ], [ 22.3895307, 77.0164561 ], [ 22.3894637, 77.0161538 ] ], [ [ 22.2142384, 77.0286551 ], [ 22.2148907, 77.0289472 ], [ 22.216188, 77.0288337 ], [ 22.2157639, 77.028614 ], [ 22.2150933, 77.0284786 ], [ 22.214376, 77.0284857 ], [ 22.2142384, 77.0286551 ] ], [ [ 22.5577245, 77.0450835 ], [ 22.5526276, 77.043277 ], [ 22.5514013, 77.043246 ], [ 22.5542911, 77.0453995 ], [ 22.557067, 77.0455024 ], [ 22.5577245, 77.0450835 ] ], [ [ 22.5177361, 77.0665485 ], [ 22.5188195, 77.0680543 ], [ 22.5209883, 77.0679988 ], [ 22.525411, 77.0671352 ], [ 22.5245665, 77.0651062 ], [ 22.518732, 77.0659825 ], [ 22.5177361, 77.0665485 ] ], [ [ 22.493873, 77.0665036 ], [ 22.4903264, 77.0666879 ], [ 22.492951, 77.0686556 ], [ 22.4955968, 77.0669065 ], [ 22.493873, 77.0665036 ] ], [ [ 22.4901134, 77.0694895 ], [ 22.4956597, 77.0708705 ], [ 22.4954998, 77.0697582 ], [ 22.4941405, 77.0695672 ], [ 22.4901134, 77.0694895 ] ], [ [ 22.4714257, 77.0670927 ], [ 22.4638051, 77.0662947 ], [ 22.4631876, 77.0661767 ], [ 22.4517626, 77.0666683 ], [ 22.4550838, 77.0709944 ], [ 22.4509503, 77.0721194 ], [ 22.456966, 77.0750362 ], [ 22.4634004, 77.0750455 ], [ 22.4833674, 77.0715879 ], [ 22.4784367, 77.067973 ], [ 22.4714257, 77.0670927 ] ], [ [ 22.0662982, 77.1061189 ], [ 22.0649621, 77.1083673 ], [ 22.073958, 77.1091053 ], [ 22.0768363, 77.1115221 ], [ 22.0889781, 77.1114739 ], [ 22.0879145, 77.1083778 ], [ 22.0713176, 77.1058589 ], [ 22.0662982, 77.1061189 ] ], [ [ 22.0911132, 77.116747 ], [ 22.0911264, 77.1170659 ], [ 22.1025356, 77.1185791 ], [ 22.1039295, 77.1183949 ], [ 22.106685, 77.1174123 ], [ 22.1037449, 77.1161621 ], [ 22.1017109, 77.1159523 ], [ 22.0911132, 77.116747 ] ], [ [ 22.5910397, 77.0851058 ], [ 22.5899076, 77.0850174 ], [ 22.5885103, 77.0850135 ], [ 22.5873489, 77.0851942 ], [ 22.5869495, 77.085447 ], [ 22.5871177, 77.0856802 ], [ 22.588762, 77.0856223 ], [ 22.5900363, 77.0854566 ], [ 22.5910745, 77.0853372 ], [ 22.59149, 77.0852222 ], [ 22.5910397, 77.0851058 ] ], [ [ 22.8097347, 77.1370383 ], [ 22.809404, 77.1365525 ], [ 22.8036546, 77.1364003 ], [ 22.7995636, 77.1375436 ], [ 22.8088266, 77.1375561 ], [ 22.8097347, 77.1370383 ] ], [ [ 22.7723891, 77.1406544 ], [ 22.7717903, 77.1407835 ], [ 22.7717026, 77.1409864 ], [ 22.7719893, 77.1411914 ], [ 22.7736456, 77.1411914 ], [ 22.7739323, 77.1409864 ], [ 22.7738445, 77.1407835 ], [ 22.7732458, 77.1406544 ], [ 22.7723891, 77.1406544 ] ], [ [ 22.7720878, 77.1525332 ], [ 22.7729839, 77.1528832 ], [ 22.7776253, 77.1528453 ], [ 22.7808731, 77.1519113 ], [ 22.7804554, 77.1508133 ], [ 22.777866, 77.1503015 ], [ 22.7734891, 77.1502395 ], [ 22.7720878, 77.1525332 ] ], [ [ 22.7282224, 77.1575129 ], [ 22.7295974, 77.1587837 ], [ 22.7429723, 77.1560597 ], [ 22.7398511, 77.1551299 ], [ 22.7407697, 77.1541516 ], [ 22.7490962, 77.1534512 ], [ 22.7474613, 77.1501156 ], [ 22.7240562, 77.1544476 ], [ 22.7258658, 77.1530752 ], [ 22.7182149, 77.1540316 ], [ 22.7262226, 77.1553704 ], [ 22.7351812, 77.1550035 ], [ 22.7282224, 77.1575129 ] ], [ [ 22.8101985, 77.1525986 ], [ 22.8320204, 77.1544238 ], [ 22.8224277, 77.1566939 ], [ 22.8319541, 77.1583338 ], [ 22.8216559, 77.160623 ], [ 22.8226388, 77.163739 ], [ 22.8234603, 77.1640259 ], [ 22.8267713, 77.1643229 ], [ 22.8294941, 77.1643337 ], [ 22.8312352, 77.1619983 ], [ 22.8431019, 77.1602894 ], [ 22.8468339, 77.1583025 ], [ 22.8474948, 77.1579514 ], [ 22.860265, 77.1579707 ], [ 22.8681284, 77.1554551 ], [ 22.8667603, 77.1505054 ], [ 22.8495405, 77.1499341 ], [ 22.8184001, 77.1501497 ], [ 22.8103994, 77.1513245 ], [ 22.8090436, 77.1519229 ], [ 22.8101985, 77.1525986 ] ], [ [ 22.9210138, 77.1579629 ], [ 22.9222935, 77.1566796 ], [ 22.9208685, 77.1563686 ], [ 22.9172314, 77.1566077 ], [ 22.913236, 77.1575177 ], [ 22.9210138, 77.1579629 ] ], [ [ 22.9123983, 77.156773 ], [ 22.9129809, 77.1565905 ], [ 22.9098126, 77.1560925 ], [ 22.9040745, 77.1563158 ], [ 22.902193, 77.1582509 ], [ 22.9123983, 77.156773 ] ], [ [ 25.0949805, 76.5491294 ], [ 25.130398, 76.5546227 ], [ 25.2071359, 76.577282 ], [ 25.2218931, 76.5882682 ], [ 25.266165, 76.6013145 ], [ 25.2809222, 76.6116142 ], [ 25.3133881, 76.6205406 ], [ 25.3429025, 76.6418266 ], [ 25.4137371, 76.6651725 ], [ 25.4196399, 76.6747856 ], [ 25.4550571, 76.6919518 ], [ 25.5465517, 76.7111779 ], [ 25.5613089, 76.7043114 ], [ 25.4432517, 76.6569328 ], [ 25.4166886, 76.6370201 ], [ 25.4137372, 76.6301537 ], [ 25.3960286, 76.6226006 ], [ 25.3665142, 76.6171073 ], [ 25.3547084, 76.6129875 ], [ 25.3340483, 76.6109275 ], [ 25.2779707, 76.5937614 ], [ 25.2691165, 76.5827751 ], [ 25.2514077, 76.5779685 ], [ 25.2189416, 76.5628623 ], [ 25.2248446, 76.5587425 ], [ 25.2100874, 76.5456963 ], [ 25.1274465, 76.5147972 ], [ 25.092029, 76.5072441 ], [ 25.0713688, 76.499691 ], [ 25.0595628, 76.485958 ], [ 25.0300481, 76.4763449 ], [ 25.0182422, 76.4598655 ], [ 25.024145, 76.4550591 ], [ 25.0359508, 76.4516258 ], [ 25.0329993, 76.4481925 ], [ 25.0005332, 76.4392662 ], [ 24.9887273, 76.4385796 ], [ 24.9651155, 76.4385796 ], [ 24.9533097, 76.447506 ], [ 24.9533098, 76.4571191 ], [ 24.9946305, 76.4790916 ], [ 24.9975821, 76.4948844 ], [ 25.0359513, 76.5058708 ], [ 25.0359513, 76.5175437 ], [ 25.065466, 76.5305901 ], [ 25.0949805, 76.5491294 ] ], [ [ 25.1083205, 77.7979182 ], [ 25.0934602, 77.8007432 ], [ 25.0944834, 77.8030939 ], [ 25.1460803, 77.7963352 ], [ 25.1493284, 77.7956914 ], [ 25.1515614, 77.7930737 ], [ 25.1507494, 77.7914857 ], [ 25.1361657, 77.7921903 ], [ 25.136614, 77.7910701 ], [ 25.1326565, 77.7897615 ], [ 25.1257793, 77.7894258 ], [ 25.119486, 77.7899408 ], [ 25.116773, 77.7905027 ], [ 25.1078815, 77.7956787 ], [ 25.1083205, 77.7979182 ] ], [ [ 25.1034131, 77.8083246 ], [ 25.0907317, 77.8084259 ], [ 25.0532928, 77.8137469 ], [ 25.0465649, 77.817965 ], [ 25.0538191, 77.8183507 ], [ 25.0729249, 77.8167629 ], [ 25.1005299, 77.8113209 ], [ 25.1052182, 77.8101553 ], [ 25.1034131, 77.8083246 ] ], [ [ 25.1401984, 77.8119564 ], [ 25.1141862, 77.8161191 ], [ 25.1125606, 77.8200244 ], [ 25.11947, 77.8201103 ], [ 25.1215022, 77.8195953 ], [ 25.122315, 77.817149 ], [ 25.1450756, 77.8119134 ], [ 25.1401984, 77.8119564 ] ], [ [ 22.9352003, 77.1624177 ], [ 22.9342846, 77.1625469 ], [ 22.934109, 77.1627498 ], [ 22.9344006, 77.1629549 ], [ 22.9373749, 77.1629549 ], [ 22.9376667, 77.1627498 ], [ 22.9374911, 77.1625469 ], [ 22.9365754, 77.1624177 ], [ 22.9352003, 77.1624177 ] ], [ [ 22.9415305, 77.1766477 ], [ 22.9409244, 77.1767768 ], [ 22.9408354, 77.1769797 ], [ 22.9411258, 77.1771848 ], [ 22.9428027, 77.1771848 ], [ 22.9430929, 77.1769797 ], [ 22.9430043, 77.1767768 ], [ 22.942398, 77.1766477 ], [ 22.9415305, 77.1766477 ] ], [ [ 23.1810653, 77.2529025 ], [ 23.1795775, 77.2542614 ], [ 23.1829571, 77.2541877 ], [ 23.1837425, 77.253194 ], [ 23.1810653, 77.2529025 ] ], [ [ 23.1622083, 77.2559787 ], [ 23.1762192, 77.2577739 ], [ 23.1806403, 77.2577739 ], [ 23.1807148, 77.2573903 ], [ 23.1725672, 77.2545807 ], [ 23.1619709, 77.2554914 ], [ 23.1622083, 77.2559787 ] ], [ [ 23.108795, 77.2593251 ], [ 23.1080809, 77.2579886 ], [ 23.1027585, 77.2575299 ], [ 23.0990961, 77.2585927 ], [ 23.1000986, 77.2588964 ], [ 23.108795, 77.2593251 ] ], [ [ 23.1608484, 77.2610093 ], [ 23.145771, 77.2601752 ], [ 23.1356494, 77.2628866 ], [ 23.1608484, 77.2610093 ] ], [ [ 23.1793431, 77.2666624 ], [ 23.1815367, 77.2667444 ], [ 23.1809773, 77.2664959 ], [ 23.1799169, 77.2662756 ], [ 23.1789172, 77.266222 ], [ 23.178689, 77.2663717 ], [ 23.1793431, 77.2666624 ] ], [ [ 23.2591584, 77.286741 ], [ 23.2123342, 77.2803248 ], [ 23.2101789, 77.2760037 ], [ 23.1874872, 77.2741441 ], [ 23.1848851, 77.2715665 ], [ 23.1695063, 77.2710965 ], [ 23.1673901, 77.2708243 ], [ 23.1509259, 77.2665359 ], [ 23.1197568, 77.2636039 ], [ 23.1212369, 77.2616049 ], [ 23.1124843, 77.260205 ], [ 23.0989995, 77.2609754 ], [ 23.0925105, 77.2585123 ], [ 23.094191, 77.2573854 ], [ 23.0897361, 77.2559952 ], [ 23.0891293, 77.2560204 ], [ 23.0911798, 77.2587841 ], [ 23.0852526, 77.2578934 ], [ 23.0890626, 77.2602596 ], [ 23.0810238, 77.258512 ], [ 23.080549, 77.2608435 ], [ 23.0718753, 77.2585415 ], [ 23.0653415, 77.2590951 ], [ 23.0629512, 77.2607938 ], [ 23.0568734, 77.2598459 ], [ 23.0455533, 77.2600538 ], [ 23.0377116, 77.2634974 ], [ 23.0318002, 77.264032 ], [ 23.0319664, 77.2648174 ], [ 23.0369827, 77.2663904 ], [ 23.0390909, 77.2665462 ], [ 23.0506126, 77.2651246 ], [ 23.0580468, 77.2663367 ], [ 23.0491195, 77.2677768 ], [ 23.0489383, 77.2681888 ], [ 23.0561473, 77.2719595 ], [ 23.0526481, 77.2726809 ], [ 23.0534604, 77.2738914 ], [ 23.0548937, 77.2741565 ], [ 23.1234521, 77.2803307 ], [ 23.1348723, 77.2791252 ], [ 23.1462578, 77.280363 ], [ 23.1613311, 77.2803134 ], [ 23.1729739, 77.2820042 ], [ 23.1866097, 77.2818689 ], [ 23.189249, 77.2812268 ], [ 23.1801521, 77.2806947 ], [ 23.1773854, 77.2787685 ], [ 23.1971788, 77.2792398 ], [ 23.2339756, 77.2875963 ], [ 23.2283473, 77.290154 ], [ 23.2329046, 77.2932883 ], [ 23.230428, 77.2945936 ], [ 23.2367277, 77.295109 ], [ 23.2337162, 77.2989726 ], [ 23.2642719, 77.3001099 ], [ 23.2615314, 77.2956969 ], [ 23.2533745, 77.2937827 ], [ 23.2534426, 77.2935125 ], [ 23.2633877, 77.2940722 ], [ 23.2559233, 77.2922142 ], [ 23.2559773, 77.2897588 ], [ 23.2635185, 77.291276 ], [ 23.2691028, 77.2906414 ], [ 23.2686332, 77.2901407 ], [ 23.2611943, 77.2871178 ], [ 23.2591584, 77.286741 ] ], [ [ 23.2252893, 77.2922428 ], [ 23.224647, 77.2923086 ], [ 23.224575, 77.292488 ], [ 23.2248877, 77.2926892 ], [ 23.2279195, 77.2926847 ], [ 23.2279001, 77.2925497 ], [ 23.2273715, 77.2924247 ], [ 23.2263522, 77.292316 ], [ 23.2252893, 77.2922428 ] ], [ [ 23.1988668, 77.3510767 ], [ 23.1991546, 77.3506823 ], [ 23.1985894, 77.3504823 ], [ 23.1974316, 77.3504852 ], [ 23.1960804, 77.3506052 ], [ 23.1949226, 77.3507339 ], [ 23.1943576, 77.3509073 ], [ 23.1946452, 77.3511755 ], [ 23.1956753, 77.3515193 ], [ 23.1978369, 77.3515394 ], [ 23.1988668, 77.3510767 ] ], [ [ 23.187292, 77.3536381 ], [ 23.1871949, 77.3516995 ], [ 23.1856204, 77.3515865 ], [ 23.1764984, 77.3528779 ], [ 23.1768221, 77.3531239 ], [ 23.187292, 77.3536381 ] ], [ [ 23.203125, 77.3708146 ], [ 23.2049083, 77.3701171 ], [ 23.200748, 77.3698406 ], [ 23.1926436, 77.3729553 ], [ 23.1930941, 77.3731658 ], [ 23.2164491, 77.3712314 ], [ 23.2132416, 77.3703001 ], [ 23.203125, 77.3708146 ] ], [ [ 22.8746927, 77.1549929 ], [ 22.8621726, 77.157485 ], [ 22.8611701, 77.1581373 ], [ 22.8652942, 77.1605045 ], [ 22.8676131, 77.1604646 ], [ 22.8765432, 77.158486 ], [ 22.8784652, 77.1554909 ], [ 22.8769159, 77.1550509 ], [ 22.8746927, 77.1549929 ] ], [ [ 22.7993326, 77.159974 ], [ 22.7981702, 77.1602197 ], [ 22.7980824, 77.1605749 ], [ 22.7989329, 77.1609722 ], [ 22.8012655, 77.1609722 ], [ 22.8021159, 77.1605749 ], [ 22.8020281, 77.1602197 ], [ 22.8008657, 77.159974 ], [ 22.7993326, 77.159974 ] ], [ [ 22.8113921, 77.1616195 ], [ 22.811662, 77.1618257 ], [ 22.813432, 77.1618186 ], [ 22.8129808, 77.1615927 ], [ 22.8121587, 77.1614232 ], [ 22.8115141, 77.1614466 ], [ 22.8113921, 77.1616195 ] ], [ [ 22.9166812, 77.1639481 ], [ 22.9071003, 77.1670918 ], [ 22.9092261, 77.1679688 ], [ 22.9163721, 77.1673477 ], [ 22.923508, 77.1653233 ], [ 22.9193466, 77.1641887 ], [ 22.9197927, 77.1640745 ], [ 22.9256402, 77.1634541 ], [ 22.9303973, 77.1630028 ], [ 22.9303083, 77.162817 ], [ 22.9203275, 77.1634308 ], [ 22.9227191, 77.1622006 ], [ 22.917406, 77.1610935 ], [ 22.9145656, 77.1611069 ], [ 22.9047372, 77.162577 ], [ 22.9041117, 77.1629463 ], [ 22.9166812, 77.1639481 ] ], [ [ 22.8928622, 77.1717855 ], [ 22.8778222, 77.1746132 ], [ 22.878107, 77.1765954 ], [ 22.8971337, 77.1748701 ], [ 22.908717, 77.1716498 ], [ 22.9130063, 77.1702899 ], [ 22.9113274, 77.1697798 ], [ 22.9067853, 77.1697525 ], [ 22.8942388, 77.1713799 ], [ 22.8856782, 77.1708643 ], [ 22.8847049, 77.1694802 ], [ 22.8812022, 77.1682667 ], [ 22.8778957, 77.171613 ], [ 22.8928622, 77.1717855 ] ], [ [ 22.9220172, 77.1800233 ], [ 22.9382367, 77.1775289 ], [ 22.9245805, 77.1766841 ], [ 22.9291619, 77.173448 ], [ 22.9212182, 77.172827 ], [ 22.9159162, 77.1761907 ], [ 22.9220172, 77.1800233 ] ], [ [ 22.9302191, 77.1799699 ], [ 22.9294904, 77.1801097 ], [ 22.9290398, 77.1803632 ], [ 22.9289674, 77.1806864 ], [ 22.9295653, 77.1810557 ], [ 22.93209, 77.1805683 ], [ 22.9317222, 77.1801983 ], [ 22.931079, 77.1799887 ], [ 22.9302191, 77.1799699 ] ], [ [ 22.579482, 77.3851308 ], [ 22.5779513, 77.3857164 ], [ 22.5763021, 77.3896608 ], [ 22.5936512, 77.3937176 ], [ 22.5938433, 77.3908008 ], [ 22.593913, 77.3896155 ], [ 22.5877492, 77.3869011 ], [ 22.5822216, 77.385131 ], [ 22.579482, 77.3851308 ] ], [ [ 21.9681423, 77.2197917 ], [ 21.971198, 77.2223771 ], [ 21.967225, 77.2240456 ], [ 21.9688059, 77.2244112 ], [ 21.992345, 77.2242686 ], [ 22.0129023, 77.2275414 ], [ 22.0282322, 77.2269096 ], [ 22.0300806, 77.2267745 ], [ 22.0511246, 77.2241468 ], [ 22.0516289, 77.2237473 ], [ 22.0425183, 77.2207857 ], [ 22.0303636, 77.2203531 ], [ 22.0113279, 77.2180114 ], [ 22.0024894, 77.2176749 ], [ 21.9891988, 77.2193828 ], [ 21.9833995, 77.2179428 ], [ 21.9681423, 77.2197917 ] ], [ [ 22.4941684, 77.3747028 ], [ 22.4939126, 77.3752477 ], [ 22.5, 77.3766741 ], [ 22.5, 77.3769531 ], [ 22.5012038, 77.375151 ], [ 22.5, 77.3741629 ], [ 22.4993938, 77.3740751 ], [ 22.4941684, 77.3747028 ] ], [ [ 22.5498247, 77.3825411 ], [ 22.5524467, 77.3831803 ], [ 22.563274, 77.3842644 ], [ 22.5635082, 77.3839577 ], [ 22.5596451, 77.3815755 ], [ 22.5503787, 77.3820281 ], [ 22.5498247, 77.3825411 ] ], [ [ 22.5085201, 77.3814381 ], [ 22.5028412, 77.3823988 ], [ 22.5125304, 77.3854973 ], [ 22.5063776, 77.3864166 ], [ 22.5, 77.3864396 ], [ 22.5, 77.3861607 ], [ 22.4862465, 77.3826427 ], [ 22.4840822, 77.3825424 ], [ 22.4582592, 77.3827761 ], [ 22.460481, 77.3856484 ], [ 22.4530789, 77.3857629 ], [ 22.451964, 77.3861634 ], [ 22.452563, 77.3868024 ], [ 22.4551733, 77.3873264 ], [ 22.4650832, 77.3873779 ], [ 22.4778537, 77.3917931 ], [ 22.4797817, 77.3921086 ], [ 22.4903229, 77.3910537 ], [ 22.4955785, 77.3891189 ], [ 22.5, 77.3889509 ], [ 22.5160375, 77.3882129 ], [ 22.5428355, 77.38353 ], [ 22.529537, 77.3806583 ], [ 22.5293611, 77.3779817 ], [ 22.521228, 77.3767883 ], [ 22.5120395, 77.37668 ], [ 22.507905, 77.3775517 ], [ 22.5118712, 77.3783174 ], [ 22.5051183, 77.3800536 ], [ 22.5085201, 77.3814381 ] ], [ [ 22.6164119, 77.3915907 ], [ 22.617263, 77.3919857 ], [ 22.6200387, 77.391542 ], [ 22.6190435, 77.3912627 ], [ 22.6176713, 77.3911229 ], [ 22.6165175, 77.3912683 ], [ 22.6164119, 77.3915907 ] ], [ [ 22.9214293, 77.5703419 ], [ 22.9208064, 77.570471 ], [ 22.920715, 77.5706739 ], [ 22.9210134, 77.5708789 ], [ 22.9227365, 77.5708789 ], [ 22.9230349, 77.5706739 ], [ 22.9229435, 77.570471 ], [ 22.9223206, 77.5703419 ], [ 22.9214293, 77.5703419 ] ], [ [ 22.8975154, 77.5714521 ], [ 22.8975437, 77.5719475 ], [ 22.9005789, 77.5736938 ], [ 22.9031667, 77.5736953 ], [ 22.9056205, 77.5721062 ], [ 22.9046465, 77.5717815 ], [ 22.900545, 77.571251 ], [ 22.8975154, 77.5714521 ] ], [ [ 22.9263892, 77.5723913 ], [ 22.9259126, 77.5728025 ], [ 22.9260536, 77.5731575 ], [ 22.9286013, 77.5729928 ], [ 22.9294897, 77.5724349 ], [ 22.9290086, 77.5720869 ], [ 22.9276639, 77.5720857 ], [ 22.9263892, 77.5723913 ] ], [ [ 22.526932, 77.386605 ], [ 22.5268723, 77.386803 ], [ 22.5271813, 77.3870049 ], [ 22.52933, 77.3865343 ], [ 22.5284081, 77.3864667 ], [ 22.527504, 77.3864797 ], [ 22.526932, 77.386605 ] ], [ [ 22.3830366, 77.378998 ], [ 22.3758579, 77.379491 ], [ 22.3665354, 77.3825833 ], [ 22.3669935, 77.3829536 ], [ 22.385411, 77.3882375 ], [ 22.4010514, 77.3890439 ], [ 22.4027793, 77.389311 ], [ 22.4097081, 77.393923 ], [ 22.4187636, 77.3954722 ], [ 22.4195114, 77.3980772 ], [ 22.4106125, 77.3999418 ], [ 22.4104943, 77.4016753 ], [ 22.4211289, 77.4027729 ], [ 22.4296128, 77.4002113 ], [ 22.4313623, 77.4000056 ], [ 22.4496814, 77.3992238 ], [ 22.4502639, 77.3990794 ], [ 22.4509954, 77.394106 ], [ 22.4440796, 77.3915406 ], [ 22.4471679, 77.3880227 ], [ 22.4462059, 77.3876663 ], [ 22.4359356, 77.3866783 ], [ 22.4307185, 77.3819668 ], [ 22.4265447, 77.3806366 ], [ 22.4175448, 77.379086 ], [ 22.4126663, 77.3796504 ], [ 22.4031504, 77.3778663 ], [ 22.4011768, 77.3779824 ], [ 22.3930808, 77.3791184 ], [ 22.3916225, 77.3812975 ], [ 22.3864197, 77.3790888 ], [ 22.3830366, 77.378998 ] ], [ [ 22.0358382, 77.5392082 ], [ 22.038518, 77.5407546 ], [ 22.040711, 77.5403181 ], [ 22.0407445, 77.537762 ], [ 22.0389847, 77.5377005 ], [ 22.0358669, 77.5388982 ], [ 22.0358382, 77.5392082 ] ], [ [ 22.3993474, 77.5975704 ], [ 22.4016343, 77.5976738 ], [ 22.4017305, 77.5974278 ], [ 22.4012398, 77.5971763 ], [ 22.4001042, 77.5970523 ], [ 22.3992549, 77.597223 ], [ 22.3993474, 77.5975704 ] ], [ [ 22.8357493, 77.5729779 ], [ 22.8355362, 77.5731843 ], [ 22.835817, 77.573391 ], [ 22.8380129, 77.5733107 ], [ 22.838527, 77.5730193 ], [ 22.8380167, 77.5728509 ], [ 22.8367116, 77.5728449 ], [ 22.8357493, 77.5729779 ] ], [ [ 22.8543422, 77.5739691 ], [ 22.8537192, 77.5740983 ], [ 22.853628, 77.5743012 ], [ 22.8539263, 77.5745062 ], [ 22.8556494, 77.5745062 ], [ 22.8559477, 77.5743012 ], [ 22.8558564, 77.5740983 ], [ 22.8552334, 77.5739691 ], [ 22.8543422, 77.5739691 ] ], [ [ 22.7268254, 77.579825 ], [ 22.7262269, 77.5795575 ], [ 22.7254407, 77.579523 ], [ 22.7250124, 77.5796686 ], [ 22.7249588, 77.5799217 ], [ 22.7247607, 77.5802025 ], [ 22.7247165, 77.5804555 ], [ 22.724951, 77.5806648 ], [ 22.726635, 77.5806891 ], [ 22.7269226, 77.5802729 ], [ 22.7268254, 77.579825 ] ], [ [ 22.6404918, 77.5918024 ], [ 22.6396036, 77.5919485 ], [ 22.6397618, 77.5922302 ], [ 22.6407725, 77.5925916 ], [ 22.6428213, 77.5926653 ], [ 22.6431221, 77.5923544 ], [ 22.6429284, 77.5920273 ], [ 22.6419486, 77.5918244 ], [ 22.6404918, 77.5918024 ] ], [ [ 22.6391985, 77.5997775 ], [ 22.6262167, 77.5919544 ], [ 22.6224566, 77.5906932 ], [ 22.6139965, 77.5899827 ], [ 22.6088076, 77.5900244 ], [ 22.6076314, 77.5902196 ], [ 22.5884631, 77.5955586 ], [ 22.6079336, 77.6002054 ], [ 22.6112744, 77.6040924 ], [ 22.6323926, 77.6051849 ], [ 22.6391999, 77.6025167 ], [ 22.6391985, 77.5997775 ] ], [ [ 22.5899678, 77.6017113 ], [ 22.5837564, 77.600136 ], [ 22.571941, 77.6008139 ], [ 22.5634428, 77.6049306 ], [ 22.5639938, 77.605468 ], [ 22.5841901, 77.6068847 ], [ 22.5895032, 77.6063621 ], [ 22.5956898, 77.6051054 ], [ 22.5965143, 77.6048306 ], [ 22.5899678, 77.6017113 ] ], [ [ 22.6202028, 77.6054071 ], [ 22.6200951, 77.6057386 ], [ 22.6204019, 77.6060576 ], [ 22.6225585, 77.6059774 ], [ 22.622734, 77.6055737 ], [ 22.6220012, 77.6052802 ], [ 22.6209168, 77.6052228 ], [ 22.6202028, 77.6054071 ] ], [ [ 22.6356337, 77.6109676 ], [ 22.6379946, 77.6117889 ], [ 22.6421617, 77.6115206 ], [ 22.6431144, 77.6110758 ], [ 22.6421365, 77.6100014 ], [ 22.6395893, 77.6100811 ], [ 22.6356337, 77.6109676 ] ], [ [ 22.5909698, 77.6132724 ], [ 22.5942271, 77.6120402 ], [ 22.5933321, 77.6119285 ], [ 22.5878372, 77.612709 ], [ 22.5881612, 77.6133128 ], [ 22.5909698, 77.6132724 ] ], [ [ 22.5617537, 77.6080363 ], [ 22.5446461, 77.6131411 ], [ 22.5623441, 77.6153309 ], [ 22.5777252, 77.6185755 ], [ 22.5896378, 77.6228164 ], [ 22.5909545, 77.6227678 ], [ 22.6063287, 77.6190373 ], [ 22.606263, 77.6144198 ], [ 22.6057205, 77.6138314 ], [ 22.5997291, 77.6130543 ], [ 22.5987782, 77.613065 ], [ 22.5844376, 77.6143754 ], [ 22.582916, 77.6141692 ], [ 22.5874296, 77.6098099 ], [ 22.5669291, 77.6095783 ], [ 22.5639287, 77.6093659 ], [ 22.5617537, 77.6080363 ] ], [ [ 22.6118944, 77.6162781 ], [ 22.6112796, 77.6156116 ], [ 22.6107392, 77.6153024 ], [ 22.6102375, 77.6152691 ], [ 22.6099361, 77.615527 ], [ 22.6100676, 77.6160182 ], [ 22.6103868, 77.6165332 ], [ 22.6102041, 77.6170535 ], [ 22.6096972, 77.6175652 ], [ 22.6097873, 77.6180465 ], [ 22.6123697, 77.617347 ], [ 22.6118944, 77.6162781 ] ], [ [ 22.6713505, 77.6213428 ], [ 22.6707735, 77.6211489 ], [ 22.6696531, 77.6210428 ], [ 22.6685327, 77.6211489 ], [ 22.6679555, 77.6213428 ], [ 22.6713505, 77.6213428 ] ], [ [ 23.2504435, 77.3822418 ], [ 23.2553045, 77.3823001 ], [ 23.256193, 77.3815833 ], [ 23.2545797, 77.3804113 ], [ 23.2524987, 77.3803844 ], [ 23.2492076, 77.3815404 ], [ 23.2504435, 77.3822418 ] ], [ [ 23.3106725, 77.3971273 ], [ 23.3117728, 77.3975765 ], [ 23.3135612, 77.3973722 ], [ 23.3145375, 77.397301 ], [ 23.3150191, 77.3971347 ], [ 23.3146347, 77.3968211 ], [ 23.3134863, 77.3964051 ], [ 23.3122463, 77.396036 ], [ 23.3108336, 77.3958203 ], [ 23.3094352, 77.3958266 ], [ 23.3082963, 77.3959358 ], [ 23.307676, 77.3961005 ], [ 23.307703, 77.3962823 ], [ 23.3083006, 77.3964145 ], [ 23.3091571, 77.3965255 ], [ 23.3099092, 77.3967441 ], [ 23.3106725, 77.3971273 ] ], [ [ 23.002708, 77.5354604 ], [ 23.002085, 77.5356605 ], [ 23.0019937, 77.5359902 ], [ 23.002292, 77.5363039 ], [ 23.0040152, 77.5363039 ], [ 23.0043135, 77.5359902 ], [ 23.0042222, 77.5356605 ], [ 23.0035992, 77.5354604 ], [ 23.002708, 77.5354604 ] ], [ [ 22.9749202, 77.5612901 ], [ 22.9762594, 77.5618972 ], [ 22.9799731, 77.5618671 ], [ 22.9823602, 77.5607812 ], [ 22.9818789, 77.560568 ], [ 22.9754648, 77.5611296 ], [ 22.9749202, 77.5612901 ] ], [ [ 23.0113552, 77.5645912 ], [ 23.0123633, 77.5649546 ], [ 23.0136802, 77.5648341 ], [ 23.0128182, 77.5645235 ], [ 23.011764, 77.5643109 ], [ 23.0111263, 77.5643414 ], [ 23.0113552, 77.5645912 ] ], [ [ 22.982832, 77.5691845 ], [ 22.9846733, 77.5691916 ], [ 22.9849542, 77.5689857 ], [ 22.9848272, 77.5688127 ], [ 22.9841566, 77.5687892 ], [ 22.9833014, 77.5689588 ], [ 22.982832, 77.5691845 ] ], [ [ 22.9428616, 77.573783 ], [ 22.941861, 77.573965 ], [ 22.941982, 77.5741508 ], [ 22.9429805, 77.5742995 ], [ 22.9443148, 77.5744723 ], [ 22.9462695, 77.573965 ], [ 22.9444464, 77.5737795 ], [ 22.9428616, 77.573783 ] ], [ [ 22.9621478, 77.5759221 ], [ 22.9619997, 77.5763421 ], [ 22.9622788, 77.5767682 ], [ 22.9641033, 77.5767766 ], [ 22.9642282, 77.576418 ], [ 22.9638289, 77.5760235 ], [ 22.9628834, 77.5757892 ], [ 22.9621478, 77.5759221 ] ], [ [ 22.9775, 77.5778478 ], [ 22.9770212, 77.577522 ], [ 22.976354, 77.5774401 ], [ 22.9758669, 77.5776689 ], [ 22.976142, 77.5780534 ], [ 22.9775, 77.5778478 ] ], [ [ 24.1543385, 77.6962441 ], [ 24.1516604, 77.696485 ], [ 24.1535621, 77.6974728 ], [ 24.1566768, 77.6970458 ], [ 24.1543385, 77.6962441 ] ], [ [ 24.1570153, 77.6973304 ], [ 24.1566412, 77.6974101 ], [ 24.156875, 77.6974998 ], [ 24.1574363, 77.6973801 ], [ 24.1570153, 77.6973304 ] ], [ [ 24.1581602, 77.6984448 ], [ 24.1578339, 77.6986135 ], [ 24.1581573, 77.6990044 ], [ 24.1591773, 77.699472 ], [ 24.1603975, 77.6993583 ], [ 24.1599169, 77.6990573 ], [ 24.159288, 77.6987634 ], [ 24.1587164, 77.6985248 ], [ 24.1581602, 77.6984448 ] ], [ [ 24.1801515, 77.7131751 ], [ 24.1789155, 77.7133213 ], [ 24.1789833, 77.713603 ], [ 24.1800143, 77.7139643 ], [ 24.1834852, 77.7140381 ], [ 24.1837958, 77.7137271 ], [ 24.1835066, 77.7134001 ], [ 24.1821775, 77.7131972 ], [ 24.1801515, 77.7131751 ] ], [ [ 24.1944793, 77.7179878 ], [ 24.1947709, 77.7181953 ], [ 24.1957221, 77.7179925 ], [ 24.195381, 77.7177957 ], [ 24.1949108, 77.7177109 ], [ 24.1945155, 77.7177951 ], [ 24.1944793, 77.7179878 ] ], [ [ 24.1942667, 77.7192357 ], [ 24.1937093, 77.719357 ], [ 24.193217, 77.7196023 ], [ 24.1949737, 77.7193892 ], [ 24.1964015, 77.7194442 ], [ 24.1977659, 77.7193843 ], [ 24.1987696, 77.71926 ], [ 24.1988685, 77.7190833 ], [ 24.1978447, 77.7189332 ], [ 24.1963373, 77.7189573 ], [ 24.1948386, 77.719111 ], [ 24.1942667, 77.7192357 ] ], [ [ 24.1963536, 77.7214565 ], [ 24.1970423, 77.7217485 ], [ 24.1984122, 77.7216351 ], [ 24.1979644, 77.7214154 ], [ 24.1972563, 77.7212799 ], [ 24.1964991, 77.721287 ], [ 24.1963536, 77.7214565 ] ], [ [ 22.4159288, 77.6083164 ], [ 22.4163564, 77.6086237 ], [ 22.4183272, 77.60922 ], [ 22.4199085, 77.6097058 ], [ 22.4209456, 77.6100289 ], [ 22.4217685, 77.6097606 ], [ 22.4197932, 77.609055 ], [ 22.4173868, 77.6084756 ], [ 22.4159288, 77.6083164 ] ], [ [ 22.5608215, 77.62098 ], [ 22.560761, 77.621178 ], [ 22.561074, 77.6213799 ], [ 22.5632503, 77.6209093 ], [ 22.5623165, 77.6208417 ], [ 22.5614008, 77.6208547 ], [ 22.5608215, 77.62098 ] ], [ [ 22.4728369, 77.6333998 ], [ 22.4718843, 77.6335291 ], [ 22.4717016, 77.633732 ], [ 22.472005, 77.633937 ], [ 22.4750994, 77.633937 ], [ 22.4754027, 77.633732 ], [ 22.4752202, 77.6335291 ], [ 22.4742674, 77.6333998 ], [ 22.4728369, 77.6333998 ] ], [ [ 22.4595602, 77.6412123 ], [ 22.458937, 77.6413416 ], [ 22.4588459, 77.6415445 ], [ 22.4591441, 77.6417495 ], [ 22.4608672, 77.6417495 ], [ 22.4611655, 77.6415445 ], [ 22.4610742, 77.6413416 ], [ 22.4604512, 77.6412123 ], [ 22.4595602, 77.6412123 ] ], [ [ 22.6504676, 77.6241027 ], [ 22.6520441, 77.6246495 ], [ 22.6546571, 77.6247172 ], [ 22.654705, 77.6235436 ], [ 22.6534595, 77.6233475 ], [ 22.650295, 77.6236722 ], [ 22.6504676, 77.6241027 ] ], [ [ 22.6782027, 77.6250246 ], [ 22.6787676, 77.6245661 ], [ 22.6779017, 77.6240638 ], [ 22.6753987, 77.6235735 ], [ 22.672947, 77.6233922 ], [ 22.6716934, 77.6235439 ], [ 22.6716028, 77.6238552 ], [ 22.6722564, 77.6240826 ], [ 22.673174, 77.6242073 ], [ 22.6739556, 77.6243581 ], [ 22.6747307, 77.6246138 ], [ 22.675842, 77.6249529 ], [ 22.6782027, 77.6250246 ] ], [ [ 22.7054302, 77.6297272 ], [ 22.7037271, 77.6293662 ], [ 22.7021585, 77.6292481 ], [ 22.7013283, 77.6294116 ], [ 22.701305, 77.6297216 ], [ 22.7019693, 77.6299602 ], [ 22.7031009, 77.6301155 ], [ 22.7044126, 77.6302807 ], [ 22.7062011, 77.6303554 ], [ 22.7062035, 77.6300822 ], [ 22.7054302, 77.6297272 ] ], [ [ 22.708563, 77.6395516 ], [ 22.708378, 77.6397069 ], [ 22.7090884, 77.6399922 ], [ 22.71255, 77.6400626 ], [ 22.7125508, 77.639932 ], [ 22.7120138, 77.6398084 ], [ 22.7109022, 77.6396857 ], [ 22.709583, 77.6395634 ], [ 22.708563, 77.6395516 ] ], [ [ 22.7264386, 77.6449612 ], [ 22.72595, 77.6453331 ], [ 22.7260802, 77.6456859 ], [ 22.7293382, 77.6456859 ], [ 22.7294685, 77.6453331 ], [ 22.7289798, 77.6449612 ], [ 22.7277092, 77.6447806 ], [ 22.7264386, 77.6449612 ] ], [ [ 22.7149665, 77.646082 ], [ 22.711239, 77.6462239 ], [ 22.7065073, 77.6481359 ], [ 22.7139719, 77.6466277 ], [ 22.7149665, 77.646082 ] ], [ [ 22.7536258, 77.6550266 ], [ 22.7520174, 77.6540354 ], [ 22.7511361, 77.6540354 ], [ 22.7495279, 77.6550266 ], [ 22.7504729, 77.6553891 ], [ 22.7536258, 77.6550266 ] ], [ [ 22.6992466, 77.6593935 ], [ 22.6992306, 77.6597365 ], [ 22.7000881, 77.6601307 ], [ 22.7024338, 77.6597079 ], [ 22.701635, 77.6594194 ], [ 22.7009472, 77.6592034 ], [ 22.7000883, 77.6591773 ], [ 22.6992466, 77.6593935 ] ], [ [ 22.7945805, 77.6605854 ], [ 22.7956398, 77.6609488 ], [ 22.7978162, 77.6604782 ], [ 22.7961359, 77.6602489 ], [ 22.7948505, 77.6601821 ], [ 22.7942712, 77.6603074 ], [ 22.7945805, 77.6605854 ] ], [ [ 22.7143685, 77.6782829 ], [ 22.7185529, 77.676113 ], [ 22.7167917, 77.674408 ], [ 22.7138016, 77.6732755 ], [ 22.711941, 77.6732565 ], [ 22.7035671, 77.6754415 ], [ 22.7143685, 77.6782829 ] ], [ [ 22.7132257, 77.6832958 ], [ 22.7151001, 77.6832958 ], [ 22.7150512, 77.6831611 ], [ 22.7145522, 77.6830686 ], [ 22.7137733, 77.6830686 ], [ 22.7132742, 77.6831611 ], [ 22.7132257, 77.6832958 ] ], [ [ 22.7191873, 77.6870229 ], [ 22.7140979, 77.6900403 ], [ 22.706585, 77.6902019 ], [ 22.7091708, 77.6924974 ], [ 22.7188313, 77.6907266 ], [ 22.7223089, 77.6904511 ], [ 22.7194558, 77.6878132 ], [ 22.724223, 77.6883944 ], [ 22.7280986, 77.685384 ], [ 22.7176851, 77.6861156 ], [ 22.7233695, 77.6828953 ], [ 22.7189553, 77.6819324 ], [ 22.7131624, 77.6857556 ], [ 22.7145705, 77.6870748 ], [ 22.7191873, 77.6870229 ] ], [ [ 22.7294619, 77.6886576 ], [ 22.7290438, 77.6899154 ], [ 22.7180333, 77.6918247 ], [ 22.7186784, 77.6919641 ], [ 22.7262433, 77.6913682 ], [ 22.7269775, 77.6912055 ], [ 22.7344491, 77.6891562 ], [ 22.7316037, 77.6887764 ], [ 22.7294619, 77.6886576 ] ], [ [ 22.7298588, 77.6907196 ], [ 22.7301185, 77.6910027 ], [ 22.7311265, 77.6913645 ], [ 22.7324101, 77.6911714 ], [ 22.7319951, 77.6907998 ], [ 22.7312858, 77.6905885 ], [ 22.7303925, 77.6905698 ], [ 22.7298588, 77.6907196 ] ], [ [ 22.7101519, 77.6955355 ], [ 22.7108066, 77.6953125 ], [ 22.7102925, 77.6953125 ], [ 22.710016, 77.695138 ], [ 22.709463, 77.6950684 ], [ 22.7085415, 77.6950684 ], [ 22.7079886, 77.695138 ], [ 22.7077121, 77.6953125 ], [ 22.7068785, 77.6953125 ], [ 22.7075331, 77.6955355 ], [ 22.7088425, 77.6957031 ], [ 22.7101519, 77.6955355 ] ], [ [ 22.7483701, 77.739526 ], [ 22.7461342, 77.7405691 ], [ 22.7465516, 77.7396868 ], [ 22.7440499, 77.7356752 ], [ 22.7390928, 77.7338607 ], [ 22.7263798, 77.7321932 ], [ 22.7244695, 77.73145 ], [ 22.7238487, 77.72965 ], [ 22.7408268, 77.7257529 ], [ 22.7405126, 77.7249455 ], [ 22.7398074, 77.7240843 ], [ 22.7188644, 77.7180504 ], [ 22.7091808, 77.7117727 ], [ 22.7144958, 77.7116045 ], [ 22.7044681, 77.7079999 ], [ 22.7115383, 77.7077972 ], [ 22.7071878, 77.7053071 ], [ 22.7184131, 77.7018127 ], [ 22.7183917, 77.7014166 ], [ 22.7144798, 77.698911 ], [ 22.7079298, 77.6971439 ], [ 22.7023822, 77.6965488 ], [ 22.6968482, 77.6971188 ], [ 22.7042865, 77.6937921 ], [ 22.7031921, 77.6903231 ], [ 22.7096487, 77.6884825 ], [ 22.7022618, 77.6823549 ], [ 22.7100573, 77.6782889 ], [ 22.6961519, 77.6753103 ], [ 22.7017294, 77.6708863 ], [ 22.6958336, 77.6700991 ], [ 22.6874431, 77.6622664 ], [ 22.6848943, 77.6531312 ], [ 22.6902276, 77.6478924 ], [ 22.6993747, 77.6451467 ], [ 22.700747, 77.638741 ], [ 22.7077307, 77.6345421 ], [ 22.6904114, 77.6335638 ], [ 22.6823306, 77.6312346 ], [ 22.6727929, 77.6316503 ], [ 22.6677014, 77.6303499 ], [ 22.6440614, 77.6286027 ], [ 22.6234185, 77.6234487 ], [ 22.6215014, 77.620788 ], [ 22.6140816, 77.6198643 ], [ 22.5937454, 77.622492 ], [ 22.5910589, 77.6245151 ], [ 22.5868576, 77.6240729 ], [ 22.5870152, 77.6264482 ], [ 22.5980201, 77.6289427 ], [ 22.5945019, 77.6288865 ], [ 22.5965101, 77.6299679 ], [ 22.5841054, 77.6286348 ], [ 22.5778362, 77.6256051 ], [ 22.5724385, 77.625949 ], [ 22.5685793, 77.6245635 ], [ 22.5716037, 77.6222653 ], [ 22.5622731, 77.6234639 ], [ 22.5564082, 77.6204007 ], [ 22.5351558, 77.6158649 ], [ 22.5196452, 77.6179863 ], [ 22.5114994, 77.616978 ], [ 22.5035654, 77.6170747 ], [ 22.5, 77.6180245 ], [ 22.5, 77.6177455 ], [ 22.4896841, 77.6197021 ], [ 22.4742317, 77.6202493 ], [ 22.4852231, 77.6256846 ], [ 22.4764845, 77.6284465 ], [ 22.4816211, 77.6330267 ], [ 22.4782941, 77.6345932 ], [ 22.4817446, 77.6348835 ], [ 22.4758732, 77.637255 ], [ 22.470631, 77.6360276 ], [ 22.4607241, 77.6423527 ], [ 22.4521447, 77.6432331 ], [ 22.4433051, 77.6465605 ], [ 22.4450762, 77.6483651 ], [ 22.4430139, 77.6488153 ], [ 22.4366513, 77.6488482 ], [ 22.4417824, 77.6481057 ], [ 22.4398891, 77.645816 ], [ 22.4526461, 77.642435 ], [ 22.450107, 77.6410443 ], [ 22.4598126, 77.6390634 ], [ 22.4558347, 77.6365811 ], [ 22.453908, 77.6390938 ], [ 22.4459524, 77.6371399 ], [ 22.450649, 77.6354944 ], [ 22.4477119, 77.6335486 ], [ 22.4577622, 77.6335425 ], [ 22.4739865, 77.6235873 ], [ 22.4720714, 77.6225157 ], [ 22.4691371, 77.6230119 ], [ 22.4676396, 77.6201441 ], [ 22.4558352, 77.6181983 ], [ 22.4409946, 77.6179919 ], [ 22.4425311, 77.6207193 ], [ 22.4331483, 77.6231797 ], [ 22.4324654, 77.615821 ], [ 22.4259444, 77.6142535 ], [ 22.4144539, 77.6197321 ], [ 22.4180183, 77.6142222 ], [ 22.4081, 77.6156654 ], [ 22.4064733, 77.6141189 ], [ 22.3961868, 77.6141973 ], [ 22.4002577, 77.6156541 ], [ 22.3933967, 77.6166586 ], [ 22.3633772, 77.6125326 ], [ 22.4082444, 77.6128225 ], [ 22.4080843, 77.6085913 ], [ 22.4119929, 77.6077586 ], [ 22.3979995, 77.6062517 ], [ 22.3985192, 77.604014 ], [ 22.4054813, 77.6040626 ], [ 22.38784, 77.59712 ], [ 22.3513231, 77.6002717 ], [ 22.3137527, 77.6008801 ], [ 22.2908585, 77.6029015 ], [ 22.3176707, 77.5999534 ], [ 22.3522794, 77.5992382 ], [ 22.3830105, 77.5967326 ], [ 22.3861752, 77.595059 ], [ 22.380742, 77.5904886 ], [ 22.3736145, 77.5906949 ], [ 22.3659614, 77.5885397 ], [ 22.3734589, 77.5881729 ], [ 22.3238734, 77.5840138 ], [ 22.2780045, 77.5819993 ], [ 22.2439091, 77.5736889 ], [ 22.1846313, 77.5655969 ], [ 22.0982271, 77.5497164 ], [ 22.0365509, 77.5432651 ], [ 22.0211416, 77.5389692 ], [ 22.0166463, 77.5346959 ], [ 22.0071872, 77.5332775 ], [ 22.0173723, 77.5329852 ], [ 22.020869, 77.53158 ], [ 22.0136011, 77.5323603 ], [ 22.0083445, 77.5304991 ], [ 22.0114729, 77.5289965 ], [ 22.0237371, 77.5305331 ], [ 22.0167387, 77.5249251 ], [ 22.0334274, 77.5285892 ], [ 22.0305349, 77.5332547 ], [ 22.0380163, 77.5328712 ], [ 22.0397528, 77.535447 ], [ 22.0418633, 77.5313776 ], [ 22.0468709, 77.5303435 ], [ 22.0472844, 77.5295963 ], [ 22.0450042, 77.5272039 ], [ 22.0384089, 77.5249004 ], [ 22.0160908, 77.519111 ], [ 21.9898616, 77.5158467 ], [ 21.8974468, 77.5088878 ], [ 21.8506891, 77.5047047 ], [ 21.8256373, 77.5011584 ], [ 21.8161747, 77.5011957 ], [ 21.815312, 77.5000274 ], [ 21.796875, 77.4988838 ], [ 21.754896, 77.4986966 ], [ 21.5824809, 77.5028034 ], [ 21.5214127, 77.5010608 ], [ 21.4762212, 77.4954631 ], [ 21.4262012, 77.4844812 ], [ 21.3532667, 77.4790066 ], [ 21.337592, 77.4776115 ], [ 21.2955425, 77.4731858 ], [ 21.2591856, 77.4686148 ], [ 21.2435197, 77.4650447 ], [ 21.2010047, 77.4596394 ], [ 21.1760882, 77.4530739 ], [ 21.1051619, 77.4462082 ], [ 21.0775508, 77.4457521 ], [ 21.0630424, 77.4435712 ], [ 21.0610136, 77.4433779 ], [ 21.0507011, 77.4431539 ], [ 21.0474983, 77.443271 ], [ 20.9772439, 77.4479632 ], [ 20.9143294, 77.4466279 ], [ 20.8828939, 77.4420464 ], [ 20.8662815, 77.4431096 ], [ 20.848775, 77.4464496 ], [ 20.846848, 77.4471215 ], [ 20.840403, 77.4513628 ], [ 20.8389946, 77.4552175 ], [ 20.8393919, 77.4695926 ], [ 20.8398716, 77.4704939 ], [ 20.8489404, 77.4806001 ], [ 20.8549983, 77.4830697 ], [ 20.8674123, 77.4846798 ], [ 20.8645166, 77.4872776 ], [ 20.8757023, 77.4897475 ], [ 20.872439, 77.494101 ], [ 20.8796184, 77.5081489 ], [ 20.8762445, 77.5150188 ], [ 20.8682914, 77.5195313 ], [ 20.8443534, 77.5257397 ], [ 20.8219321, 77.5285813 ], [ 20.8140877, 77.5319834 ], [ 20.8229041, 77.5342824 ], [ 20.8586727, 77.5359263 ], [ 20.872241, 77.5352505 ], [ 20.8753597, 77.5380347 ], [ 20.8672333, 77.540713 ], [ 20.8439854, 77.5379766 ], [ 20.8209208, 77.5380085 ], [ 20.8017195, 77.5398049 ], [ 20.7971762, 77.5409578 ], [ 20.7972794, 77.5413471 ], [ 20.8010861, 77.5437065 ], [ 20.8110784, 77.5449721 ], [ 20.8172745, 77.5448945 ], [ 20.8230942, 77.542576 ], [ 20.8297035, 77.5447314 ], [ 20.8422002, 77.5459274 ], [ 20.8752031, 77.5451438 ], [ 20.8918501, 77.5481253 ], [ 20.8936297, 77.5494225 ], [ 20.882776, 77.5535047 ], [ 20.8871309, 77.5556126 ], [ 20.8797084, 77.5566908 ], [ 20.879343, 77.5627726 ], [ 20.8726028, 77.5685555 ], [ 20.8598388, 77.5691425 ], [ 20.8741384, 77.5715487 ], [ 20.8822101, 77.5716767 ], [ 20.8865592, 77.569963 ], [ 20.8933578, 77.5698168 ], [ 20.9038727, 77.5716931 ], [ 20.8957853, 77.5753154 ], [ 20.9019033, 77.5758674 ], [ 20.9123281, 77.5748934 ], [ 20.9144748, 77.5804716 ], [ 20.9278806, 77.5829045 ], [ 20.9282577, 77.5841314 ], [ 20.9189264, 77.5851976 ], [ 20.9020394, 77.5824229 ], [ 20.8997626, 77.5852606 ], [ 20.9063997, 77.5876268 ], [ 20.94157, 77.5922658 ], [ 20.9556725, 77.5919108 ], [ 20.9442172, 77.5860167 ], [ 20.9546736, 77.5860058 ], [ 20.9642395, 77.5902224 ], [ 20.9842494, 77.5916085 ], [ 20.9978034, 77.5912081 ], [ 21.0070772, 77.5885041 ], [ 21.0193326, 77.5885417 ], [ 21.0371475, 77.5903592 ], [ 21.0466433, 77.5897202 ], [ 21.0478754, 77.5914196 ], [ 21.0916755, 77.5970362 ], [ 21.0974005, 77.5964062 ], [ 21.0992177, 77.5981003 ], [ 21.1204737, 77.60028 ], [ 21.119049, 77.6012481 ], [ 21.1355643, 77.6043975 ], [ 21.1521997, 77.610916 ], [ 21.1659456, 77.6266911 ], [ 21.166839, 77.636499 ], [ 21.1610183, 77.6428802 ], [ 21.166627, 77.6411259 ], [ 21.1655951, 77.6442745 ], [ 21.1760042, 77.6455103 ], [ 21.1694334, 77.6456863 ], [ 21.1691353, 77.6473212 ], [ 21.1623818, 77.6471472 ], [ 21.1889079, 77.6580895 ], [ 21.1927577, 77.6636291 ], [ 21.1738966, 77.6856287 ], [ 21.1876214, 77.7074418 ], [ 21.1882033, 77.7155219 ], [ 21.2046176, 77.7286899 ], [ 21.2074006, 77.7379463 ], [ 21.2381623, 77.7543257 ], [ 21.2507219, 77.757373 ], [ 21.2807281, 77.7694799 ], [ 21.3010123, 77.7867349 ], [ 21.3122637, 77.7903889 ], [ 21.3146286, 77.7973068 ], [ 21.3371326, 77.8062238 ], [ 21.3611168, 77.8215674 ], [ 21.3806326, 77.8282856 ], [ 21.4550298, 77.8451418 ], [ 21.488214, 77.861201 ], [ 21.4913682, 77.8692919 ], [ 21.4824286, 77.8851671 ], [ 21.4865196, 77.8832248 ], [ 21.4886847, 77.8848811 ], [ 21.4945092, 77.8843417 ], [ 21.504499, 77.8853656 ], [ 21.4889978, 77.8868098 ], [ 21.4878759, 77.8909593 ], [ 21.5033762, 77.8997598 ], [ 21.5194947, 77.9027224 ], [ 21.5368252, 77.9082546 ], [ 21.5475636, 77.9189748 ], [ 21.5487461, 77.9249651 ], [ 21.5432678, 77.9278833 ], [ 21.5134501, 77.9365518 ], [ 21.5171309, 77.9371339 ], [ 21.5250233, 77.9350525 ], [ 21.5400925, 77.9360024 ], [ 21.5457966, 77.9412373 ], [ 21.5628124, 77.9441456 ], [ 21.5628231, 77.9442981 ], [ 21.5486737, 77.9420021 ], [ 21.5439087, 77.9429179 ], [ 21.5303906, 77.942516 ], [ 21.5242662, 77.9401791 ], [ 21.5182855, 77.9403721 ], [ 21.5115488, 77.9385004 ], [ 21.4950525, 77.9439915 ], [ 21.4402841, 77.9538944 ], [ 21.3789653, 77.9609081 ], [ 21.2765307, 77.9676775 ], [ 21.2747343, 77.9678514 ], [ 21.2379636, 77.9729353 ], [ 21.2172348, 77.9770796 ], [ 21.197699, 77.9833999 ], [ 21.1970705, 77.9836955 ], [ 21.17452, 77.9986817 ], [ 21.1666805, 78.0023443 ], [ 21.1412494, 78.0105088 ], [ 21.09375, 78.0220423 ], [ 21.0704858, 78.0261962 ], [ 20.9661314, 78.0406191 ], [ 20.9487138, 78.0483069 ], [ 20.9323004, 78.0527956 ], [ 20.9118351, 78.0654113 ], [ 20.8570913, 78.0741792 ], [ 20.817916, 78.078808 ], [ 20.824016, 78.0800464 ], [ 20.8092778, 78.0814732 ], [ 20.808248, 78.0819793 ], [ 20.8214747, 78.0841151 ], [ 20.8289747, 78.0871562 ], [ 20.8234229, 78.1030445 ], [ 20.830946, 78.1097862 ], [ 20.8313798, 78.115972 ], [ 20.8329968, 78.1165379 ], [ 20.9328281, 78.1313567 ], [ 20.9433097, 78.1313403 ], [ 20.9678187, 78.1336789 ], [ 21.0035293, 78.1400005 ], [ 21.0413227, 78.1490846 ], [ 21.0862457, 78.155475 ], [ 21.0903921, 78.1559412 ], [ 21.1368532, 78.1583344 ], [ 21.1671221, 78.162395 ], [ 21.1867367, 78.1629092 ], [ 21.2372577, 78.1670088 ], [ 21.3271925, 78.1772105 ], [ 21.3809829, 78.1858779 ], [ 21.4150124, 78.1866953 ], [ 21.4744766, 78.1903197 ], [ 21.4942474, 78.1949381 ], [ 21.5057127, 78.1946651 ], [ 21.4988791, 78.1966212 ], [ 21.5181324, 78.1974818 ], [ 21.5522588, 78.1952822 ], [ 21.5831676, 78.1960021 ], [ 21.5862476, 78.1962743 ], [ 21.6012244, 78.2003393 ], [ 21.6514254, 78.2065883 ], [ 21.7032703, 78.212697 ], [ 21.7490824, 78.2161778 ], [ 21.7944889, 78.2153059 ], [ 21.9539096, 78.2055507 ], [ 21.979074, 78.2052807 ], [ 22.0267889, 78.2000403 ], [ 22.0587662, 78.1984729 ], [ 22.1009963, 78.1970829 ], [ 22.1693813, 78.1979053 ], [ 22.197625, 78.2002276 ], [ 22.2133307, 78.2031718 ], [ 22.2581835, 78.2061287 ], [ 22.2651587, 78.2074817 ], [ 22.271317, 78.2046607 ], [ 22.282276, 78.2049208 ], [ 22.2753839, 78.2065938 ], [ 22.2759882, 78.2085469 ], [ 22.3024892, 78.2104647 ], [ 22.3330467, 78.2096382 ], [ 22.3363409, 78.2089554 ], [ 22.3269678, 78.2093374 ], [ 22.3527609, 78.2074887 ], [ 22.3511899, 78.2056068 ], [ 22.3862718, 78.2080142 ], [ 22.3966585, 78.2092888 ], [ 22.4075323, 78.2111259 ], [ 22.4216198, 78.2169126 ], [ 22.417834, 78.2226563 ], [ 22.440145, 78.2322838 ], [ 22.4418114, 78.2368302 ], [ 22.4433048, 78.2370796 ], [ 22.4706914, 78.2381942 ], [ 22.4954925, 78.2363575 ], [ 22.5, 78.2363281 ], [ 22.5139074, 78.2365885 ], [ 22.5222604, 78.2339156 ], [ 22.5289876, 78.2336837 ], [ 22.5565032, 78.236683 ], [ 22.5923388, 78.2383778 ], [ 22.6172416, 78.2424408 ], [ 22.6745938, 78.2482892 ], [ 22.7296259, 78.2494828 ], [ 22.7554026, 78.2524455 ], [ 22.8085749, 78.2556322 ], [ 22.8168747, 78.2577784 ], [ 22.8180048, 78.2577775 ], [ 22.8336927, 78.2562532 ], [ 22.8451025, 78.253159 ], [ 22.8600472, 78.250737 ], [ 22.8719177, 78.2492594 ], [ 22.9005796, 78.2434602 ], [ 22.9266735, 78.2357275 ], [ 23.0012236, 78.2211576 ], [ 23.0371168, 78.2179849 ], [ 23.0596747, 78.2184407 ], [ 23.1100502, 78.2117006 ], [ 23.1330082, 78.1902483 ], [ 23.1677734, 78.1744009 ], [ 23.1771845, 78.1627618 ], [ 23.162573, 78.1452287 ], [ 23.1464053, 78.137394 ], [ 23.1219279, 78.1332426 ], [ 23.1066039, 78.1243095 ], [ 23.098482, 78.1167262 ], [ 23.0982084, 78.1083097 ], [ 23.120656, 78.0798796 ], [ 23.1427389, 78.0689303 ], [ 23.1477817, 78.0688717 ], [ 23.1883082, 78.046875 ], [ 23.2129039, 78.0400754 ], [ 23.2125542, 78.0369149 ], [ 23.20184, 78.0350631 ], [ 23.2100267, 78.0328677 ], [ 23.2087683, 78.0315995 ], [ 23.2125196, 78.0318174 ], [ 23.2080677, 78.0352535 ], [ 23.2142316, 78.0366673 ], [ 23.2225887, 78.0350482 ], [ 23.219435, 78.038793 ], [ 23.2440968, 78.0285017 ], [ 23.2951308, 78.0004029 ], [ 23.2911766, 77.9995887 ], [ 23.2972265, 77.9962922 ], [ 23.2937068, 77.9957052 ], [ 23.290192, 77.9967324 ], [ 23.2904469, 77.9923199 ], [ 23.2835557, 77.9992082 ], [ 23.2778211, 77.9971691 ], [ 23.3037277, 77.9823883 ], [ 23.3017946, 77.9812288 ], [ 23.3062233, 77.9801629 ], [ 23.3298438, 77.9822402 ], [ 23.3530606, 77.9818083 ], [ 23.3864753, 77.971199 ], [ 23.4047009, 77.9689202 ], [ 23.3986979, 77.9685816 ], [ 23.4011662, 77.9673336 ], [ 23.4068775, 77.967374 ], [ 23.4150071, 77.9658999 ], [ 23.4209059, 77.9640201 ], [ 23.4421777, 77.9565763 ], [ 23.5108215, 77.9311321 ], [ 23.5158281, 77.9291012 ], [ 23.5161709, 77.9286556 ], [ 23.5079696, 77.9289281 ], [ 23.5143396, 77.9267699 ], [ 23.5151104, 77.9266145 ], [ 23.5214036, 77.9283578 ], [ 23.5645849, 77.920719 ], [ 23.6207623, 77.9159402 ], [ 23.6377155, 77.9134235 ], [ 23.7181779, 77.9271467 ], [ 23.7873307, 77.9332852 ], [ 23.8760633, 77.9327862 ], [ 23.9245808, 77.9363112 ], [ 23.9368073, 77.9353402 ], [ 23.9568598, 77.9361703 ], [ 23.9661412, 77.9414749 ], [ 23.9825104, 77.9412429 ], [ 23.9993243, 77.9465085 ], [ 24.0336041, 77.9472899 ], [ 24.1349239, 77.9459 ], [ 24.1660379, 77.9470161 ], [ 24.1941592, 77.9388947 ], [ 24.2185558, 77.9399321 ], [ 24.2686706, 77.9379489 ], [ 24.2932584, 77.9295527 ], [ 24.2956221, 77.9240198 ], [ 24.2542238, 77.9138858 ], [ 24.2497432, 77.9123569 ], [ 24.2538249, 77.9101562 ], [ 24.2684509, 77.9101856 ], [ 24.3047736, 77.9131931 ], [ 24.3261698, 77.9136255 ], [ 24.3261327, 77.913393 ], [ 24.3144422, 77.9072059 ], [ 24.3204052, 77.9018691 ], [ 24.2960809, 77.898746 ], [ 24.2657014, 77.8969634 ], [ 24.273941, 77.8888603 ], [ 24.2174543, 77.8798913 ], [ 24.1591727, 77.8609117 ], [ 24.1480598, 77.8521335 ], [ 24.1563371, 77.8316127 ], [ 24.1470295, 77.816824 ], [ 24.1276699, 77.8089604 ], [ 24.1142995, 77.7986901 ], [ 24.0947248, 77.7933424 ], [ 24.0949358, 77.7897589 ], [ 24.1095458, 77.7835774 ], [ 24.1545774, 77.772248 ], [ 24.1902421, 77.7604616 ], [ 24.2082362, 77.7411922 ], [ 24.1921815, 77.7188786 ], [ 24.1884, 77.7190551 ], [ 24.1539564, 77.7053442 ], [ 24.1248552, 77.6986176 ], [ 24.1114963, 77.6974812 ], [ 24.0837516, 77.6919938 ], [ 23.9983689, 77.6850554 ], [ 23.9724382, 77.682155 ], [ 23.9635642, 77.6800297 ], [ 23.9674144, 77.6772428 ], [ 23.9749886, 77.6766144 ], [ 23.9791067, 77.6745944 ], [ 23.9865335, 77.6751415 ], [ 23.9937257, 77.6680654 ], [ 23.995594, 77.6628475 ], [ 23.9787292, 77.6614701 ], [ 23.9873329, 77.6606156 ], [ 23.9963394, 77.6614397 ], [ 23.9808508, 77.6522495 ], [ 23.9725546, 77.650681 ], [ 23.9607995, 77.6504923 ], [ 23.9912301, 77.6413296 ], [ 24.0070171, 77.6240087 ], [ 23.9884061, 77.6171637 ], [ 23.9759699, 77.6151735 ], [ 23.894737, 77.6094857 ], [ 23.8814272, 77.6027654 ], [ 23.8616312, 77.5840228 ], [ 23.8237087, 77.5725623 ], [ 23.8187419, 77.5682147 ], [ 23.754927, 77.5419676 ], [ 23.7465984, 77.5343544 ], [ 23.7115325, 77.5226827 ], [ 23.6713681, 77.5042837 ], [ 23.6287192, 77.496474 ], [ 23.5596538, 77.4719599 ], [ 23.5263557, 77.4624904 ], [ 23.4948199, 77.4507533 ], [ 23.479966, 77.4403332 ], [ 23.4583485, 77.4368324 ], [ 23.4136043, 77.4240052 ], [ 23.4039024, 77.4192072 ], [ 23.3862817, 77.4171023 ], [ 23.3631494, 77.4102798 ], [ 23.3466221, 77.4084438 ], [ 23.3242822, 77.4038296 ], [ 23.3247759, 77.3990055 ], [ 23.2996801, 77.3978987 ], [ 23.2903703, 77.399134 ], [ 23.2669675, 77.3964911 ], [ 23.2409812, 77.3911321 ], [ 23.2365685, 77.3913693 ], [ 23.2370867, 77.3926938 ], [ 23.230514, 77.3922049 ], [ 23.2274423, 77.3913518 ], [ 23.2360224, 77.390836 ], [ 23.2323065, 77.3889265 ], [ 23.1867309, 77.3808939 ], [ 23.1866543, 77.3771631 ], [ 23.197197, 77.3759131 ], [ 23.1899245, 77.3737988 ], [ 23.1647243, 77.3739088 ], [ 23.1500756, 77.3761634 ], [ 23.1408671, 77.3756618 ], [ 23.1364828, 77.3746871 ], [ 23.1255583, 77.3717911 ], [ 23.1194276, 77.369332 ], [ 23.0655571, 77.34375 ], [ 23.0650111, 77.34375 ], [ 23.0541416, 77.337466 ], [ 23.0350097, 77.3235589 ], [ 23.0262007, 77.3158948 ], [ 23.0284463, 77.3126308 ], [ 23.0232418, 77.3079046 ], [ 23.0042588, 77.2997431 ], [ 22.9886248, 77.3003623 ], [ 22.8837857, 77.2915086 ], [ 22.8551661, 77.2887542 ], [ 22.7968664, 77.280645 ], [ 22.6967957, 77.2591795 ], [ 22.6819173, 77.2460473 ], [ 22.6714379, 77.2417258 ], [ 22.6648527, 77.241132 ], [ 22.662904, 77.2411385 ], [ 22.6490055, 77.2424906 ], [ 22.6305521, 77.2473062 ], [ 22.5996774, 77.2506765 ], [ 22.576824, 77.2559547 ], [ 22.5561996, 77.2652221 ], [ 22.5403039, 77.2816985 ], [ 22.5392469, 77.2861762 ], [ 22.5404139, 77.2875212 ], [ 22.5579413, 77.2982819 ], [ 22.5692241, 77.3031318 ], [ 22.5981256, 77.3131619 ], [ 22.6379815, 77.3201714 ], [ 22.6568148, 77.3265893 ], [ 22.6703897, 77.3324589 ], [ 22.6743042, 77.3392673 ], [ 22.6808035, 77.34375 ], [ 22.6902287, 77.3488078 ], [ 22.6937528, 77.3580961 ], [ 22.7087688, 77.3712122 ], [ 22.708782, 77.3720479 ], [ 22.69603, 77.381223 ], [ 22.6523466, 77.3910681 ], [ 22.6333601, 77.3933473 ], [ 22.6075103, 77.3947316 ], [ 22.6010584, 77.3931674 ], [ 22.5948907, 77.3937126 ], [ 22.5944725, 77.393962 ], [ 22.6084127, 77.4023665 ], [ 22.6182345, 77.40421 ], [ 22.617595, 77.4052132 ], [ 22.6123542, 77.4047287 ], [ 22.6182975, 77.4080878 ], [ 22.6170545, 77.4112129 ], [ 22.6071469, 77.4122159 ], [ 22.6068116, 77.4128793 ], [ 22.6090786, 77.4203205 ], [ 22.610921, 77.4211071 ], [ 22.621616, 77.4230144 ], [ 22.6235889, 77.425819 ], [ 22.6371042, 77.4287565 ], [ 22.6418662, 77.4246025 ], [ 22.6531255, 77.4238827 ], [ 22.6922843, 77.4253702 ], [ 22.7215005, 77.4290297 ], [ 22.7493556, 77.4404875 ], [ 22.7786483, 77.4586114 ], [ 22.7831192, 77.4650999 ], [ 22.7717144, 77.4801756 ], [ 22.7758994, 77.4814637 ], [ 22.768173, 77.4821918 ], [ 22.7753204, 77.4837635 ], [ 22.7675706, 77.4851733 ], [ 22.7789139, 77.4886829 ], [ 22.7698615, 77.488197 ], [ 22.7713153, 77.4869138 ], [ 22.766777, 77.487536 ], [ 22.7631402, 77.4861075 ], [ 22.7529172, 77.4858577 ], [ 22.7543106, 77.4877955 ], [ 22.7459189, 77.4897583 ], [ 22.730351, 77.497786 ], [ 22.7039555, 77.5057628 ], [ 22.7062109, 77.5068181 ], [ 22.6980073, 77.5070699 ], [ 22.696786, 77.5074193 ], [ 22.6798367, 77.5132092 ], [ 22.6644188, 77.5190845 ], [ 22.657024, 77.5244333 ], [ 22.6583083, 77.5253955 ], [ 22.6616764, 77.5255361 ], [ 22.6822004, 77.5235819 ], [ 22.6908916, 77.5238525 ], [ 22.6948107, 77.5195313 ], [ 22.708503, 77.5180011 ], [ 22.7136075, 77.5155911 ], [ 22.7196375, 77.5166281 ], [ 22.7285368, 77.5157853 ], [ 22.7428854, 77.5182971 ], [ 22.7450655, 77.5174229 ], [ 22.7384653, 77.5158139 ], [ 22.7430983, 77.5141801 ], [ 22.7664266, 77.5152676 ], [ 22.777983, 77.5134356 ], [ 22.7819374, 77.5150868 ], [ 22.8136512, 77.5162266 ], [ 22.8581203, 77.5203983 ], [ 22.9036996, 77.5273026 ], [ 22.9250454, 77.5281928 ], [ 22.9332891, 77.5294542 ], [ 22.9275481, 77.5309709 ], [ 22.943314, 77.5348088 ], [ 22.9461983, 77.533537 ], [ 22.9643939, 77.5329916 ], [ 22.9734349, 77.5345755 ], [ 22.9970757, 77.5353611 ], [ 23.016674, 77.5330493 ], [ 23.0366163, 77.5322351 ], [ 23.0528421, 77.5363266 ], [ 23.0588704, 77.5402375 ], [ 23.0589213, 77.5405926 ], [ 23.0565881, 77.5415467 ], [ 23.0218527, 77.5411068 ], [ 23.0327646, 77.5452108 ], [ 23.01898, 77.5490627 ], [ 23.0095336, 77.5490766 ], [ 23.0208147, 77.5506409 ], [ 23.006102, 77.5554748 ], [ 23.0158371, 77.5578514 ], [ 23.0145814, 77.5624462 ], [ 23.0200605, 77.5668457 ], [ 23.0357378, 77.5704499 ], [ 23.0254211, 77.5762354 ], [ 23.0391672, 77.5868707 ], [ 23.0177625, 77.5836639 ], [ 23.0178626, 77.58509 ], [ 23.0101516, 77.5840036 ], [ 23.0042591, 77.5853319 ], [ 23.0068271, 77.5833081 ], [ 22.9969805, 77.580619 ], [ 22.9970458, 77.5822752 ], [ 22.9908701, 77.583195 ], [ 22.9885708, 77.5810118 ], [ 22.9599398, 77.5789757 ], [ 22.9554173, 77.5773798 ], [ 22.9510103, 77.5776221 ], [ 22.9523925, 77.579693 ], [ 22.945581, 77.579441 ], [ 22.9430242, 77.5771445 ], [ 22.9274106, 77.5769193 ], [ 22.9392273, 77.575675 ], [ 22.9145774, 77.5723109 ], [ 22.9090875, 77.5727322 ], [ 22.9121516, 77.5736359 ], [ 22.8975402, 77.5750111 ], [ 22.8900806, 77.5721191 ], [ 22.8835189, 77.572118 ], [ 22.8807404, 77.5740815 ], [ 22.8805203, 77.5724745 ], [ 22.8709058, 77.5706671 ], [ 22.8639687, 77.5718307 ], [ 22.8691453, 77.5725867 ], [ 22.8613126, 77.5729049 ], [ 22.8592184, 77.5758332 ], [ 22.8438276, 77.5739355 ], [ 22.8355073, 77.5758574 ], [ 22.7953428, 77.5768799 ], [ 22.7850184, 77.5796314 ], [ 22.7601305, 77.5788213 ], [ 22.7247838, 77.5835254 ], [ 22.7182643, 77.5813442 ], [ 22.7229782, 77.5801876 ], [ 22.7145339, 77.5787433 ], [ 22.7127548, 77.5759623 ], [ 22.7015085, 77.5723563 ], [ 22.7093768, 77.570441 ], [ 22.7052077, 77.5693197 ], [ 22.7150708, 77.5680367 ], [ 22.7059884, 77.5679644 ], [ 22.7020593, 77.5690137 ], [ 22.6876093, 77.5678 ], [ 22.6868814, 77.5646584 ], [ 22.6824743, 77.5640281 ], [ 22.6921048, 77.5621533 ], [ 22.6860892, 77.5612317 ], [ 22.694114, 77.5605416 ], [ 22.6970518, 77.556529 ], [ 22.693535, 77.553198 ], [ 22.7001556, 77.5519444 ], [ 22.6994551, 77.5498052 ], [ 22.6877615, 77.5517722 ], [ 22.6860127, 77.5494506 ], [ 22.6931396, 77.5492187 ], [ 22.6914263, 77.54749 ], [ 22.6743307, 77.544597 ], [ 22.6777031, 77.5425223 ], [ 22.6727232, 77.5411423 ], [ 22.6749179, 77.5377882 ], [ 22.6698474, 77.5375884 ], [ 22.6669992, 77.5352308 ], [ 22.6723984, 77.5328116 ], [ 22.6654561, 77.5289614 ], [ 22.6556029, 77.5295798 ], [ 22.6488656, 77.5326961 ], [ 22.6457855, 77.5693359 ], [ 22.6530236, 77.578939 ], [ 22.6306498, 77.5874794 ], [ 22.6343133, 77.5893729 ], [ 22.6755868, 77.5980262 ], [ 22.7031536, 77.6016647 ], [ 22.7020354, 77.6023616 ], [ 22.7232893, 77.6038452 ], [ 22.6853933, 77.6031235 ], [ 22.6623346, 77.5955926 ], [ 22.6439708, 77.5931354 ], [ 22.6407439, 77.5946161 ], [ 22.6459218, 77.5949656 ], [ 22.6422266, 77.5964499 ], [ 22.64994, 77.6044399 ], [ 22.6631432, 77.6078939 ], [ 22.6711462, 77.6127694 ], [ 22.6692184, 77.6162559 ], [ 22.6646791, 77.6160281 ], [ 22.6686161, 77.6130958 ], [ 22.6488236, 77.6113737 ], [ 22.6459686, 77.6164927 ], [ 22.6631863, 77.6196159 ], [ 22.674733, 77.6185343 ], [ 22.6755677, 77.6170459 ], [ 22.6797397, 77.6174681 ], [ 22.6774656, 77.6204005 ], [ 22.7062624, 77.6255308 ], [ 22.7010853, 77.6277328 ], [ 22.729169, 77.6337844 ], [ 22.7500865, 77.645918 ], [ 22.7493505, 77.6483649 ], [ 22.7639621, 77.65105 ], [ 22.7669643, 77.6535552 ], [ 22.7902162, 77.6555942 ], [ 22.8116194, 77.661853 ], [ 22.8331623, 77.665827 ], [ 22.8586977, 77.6671612 ], [ 22.8746393, 77.6699353 ], [ 22.8737853, 77.6731728 ], [ 22.8790967, 77.6735507 ], [ 22.8696526, 77.675624 ], [ 22.875826, 77.6762394 ], [ 22.8758366, 77.6751943 ], [ 22.8869869, 77.6769913 ], [ 22.8750354, 77.6773056 ], [ 22.866039, 77.6759822 ], [ 22.8650962, 77.6713312 ], [ 22.8586122, 77.6696693 ], [ 22.8281592, 77.667908 ], [ 22.794449, 77.6627373 ], [ 22.784273, 77.6571409 ], [ 22.7510116, 77.6562712 ], [ 22.7420561, 77.6541961 ], [ 22.7357267, 77.6577322 ], [ 22.7377692, 77.6625555 ], [ 22.7315181, 77.6597368 ], [ 22.734596, 77.6580203 ], [ 22.731178, 77.6548765 ], [ 22.7378722, 77.6508209 ], [ 22.7291839, 77.649996 ], [ 22.7252967, 77.6476978 ], [ 22.719195, 77.6483681 ], [ 22.7200673, 77.6466343 ], [ 22.7039483, 77.6492493 ], [ 22.7036221, 77.6515504 ], [ 22.6987934, 77.6524587 ], [ 22.7034214, 77.6543874 ], [ 22.6967421, 77.6554183 ], [ 22.7068059, 77.6586962 ], [ 22.6989812, 77.6626744 ], [ 22.7081118, 77.6666098 ], [ 22.710506, 77.6687295 ], [ 22.7068262, 77.6694797 ], [ 22.7127661, 77.6698251 ], [ 22.7253563, 77.6748499 ], [ 22.73041, 77.6739902 ], [ 22.7273908, 77.6760312 ], [ 22.7325668, 77.6781021 ], [ 22.726311, 77.681231 ], [ 22.7249422, 77.6777567 ], [ 22.721037, 77.6800874 ], [ 22.7300926, 77.6834315 ], [ 22.7356915, 77.6887975 ], [ 22.7354996, 77.6910456 ], [ 22.7307332, 77.69235 ], [ 22.7274385, 77.6917402 ], [ 22.7196444, 77.6926697 ], [ 22.7110085, 77.6962743 ], [ 22.7156522, 77.6959171 ], [ 22.7142448, 77.6976757 ], [ 22.7236223, 77.7006809 ], [ 22.7145823, 77.7071406 ], [ 22.722555, 77.7092082 ], [ 22.7150371, 77.7089506 ], [ 22.7233723, 77.7129943 ], [ 22.7163873, 77.7139513 ], [ 22.7210299, 77.7175194 ], [ 22.7260841, 77.7181792 ], [ 22.7250131, 77.716888 ], [ 22.729924, 77.7172447 ], [ 22.7318164, 77.7210335 ], [ 22.7377445, 77.7217361 ], [ 22.739013, 77.7222075 ], [ 22.7423292, 77.7249777 ], [ 22.7455432, 77.7261356 ], [ 22.7452455, 77.7265238 ], [ 22.7292311, 77.7300403 ], [ 22.7294182, 77.7311364 ], [ 22.7303534, 77.7318738 ], [ 22.7369492, 77.7332608 ], [ 22.7418878, 77.7331709 ], [ 22.7491897, 77.7390463 ], [ 22.7483701, 77.739526 ] ], [ [ 22.403771, 78.2475053 ], [ 22.4031106, 78.2478473 ], [ 22.4030138, 78.2484307 ], [ 22.40333, 78.248962 ], [ 22.4051572, 78.248962 ], [ 22.4054734, 78.2484307 ], [ 22.4053766, 78.2478473 ], [ 22.4047161, 78.2475053 ], [ 22.403771, 78.2475053 ] ], [ [ 22.4339567, 78.2610263 ], [ 22.4333276, 78.260711 ], [ 22.433292, 78.2604113 ], [ 22.4332123, 78.2600908 ], [ 22.4322792, 78.2598233 ], [ 22.4310799, 78.2598047 ], [ 22.4305331, 78.2601726 ], [ 22.4312452, 78.2609037 ], [ 22.4330339, 78.2616442 ], [ 22.4347053, 78.2621793 ], [ 22.4363451, 78.2626039 ], [ 22.4377694, 78.2620337 ], [ 22.4353606, 78.2614517 ], [ 22.4339567, 78.2610263 ] ], [ [ 22.5052143, 78.2850806 ], [ 22.5, 78.2829241 ], [ 22.5, 78.282087 ], [ 22.4866188, 78.2789888 ], [ 22.486563, 78.2793024 ], [ 22.4937024, 78.2832595 ], [ 22.5, 78.2845982 ], [ 22.5, 78.2851562 ], [ 22.5022733, 78.2859622 ], [ 22.5031765, 78.2859796 ], [ 22.5051709, 78.285306 ], [ 22.5052143, 78.2850806 ] ], [ [ 21.2367703, 78.6397879 ], [ 21.2081321, 78.641107 ], [ 21.2053854, 78.6438441 ], [ 21.1831915, 78.6442753 ], [ 21.1815844, 78.6444821 ], [ 21.1786073, 78.6463627 ], [ 21.1785649, 78.6469326 ], [ 21.1896617, 78.6500036 ], [ 21.1883585, 78.6512811 ], [ 21.2098016, 78.6542629 ], [ 21.1820337, 78.6535258 ], [ 21.180155, 78.6539608 ], [ 21.1781555, 78.6572438 ], [ 21.1892457, 78.6620643 ], [ 21.1943802, 78.6637133 ], [ 21.198644, 78.664198 ], [ 21.2084984, 78.6642482 ], [ 21.2153592, 78.6650987 ], [ 21.2258079, 78.6651268 ], [ 21.2280304, 78.6645654 ], [ 21.2323209, 78.6636726 ], [ 21.2539923, 78.6623824 ], [ 21.2728404, 78.6595455 ], [ 21.2853246, 78.6549953 ], [ 21.2822781, 78.6502126 ], [ 21.2628204, 78.649796 ], [ 21.2752891, 78.6440294 ], [ 21.2711135, 78.6430078 ], [ 21.2773536, 78.6416234 ], [ 21.2767071, 78.6394764 ], [ 21.2635987, 78.6391881 ], [ 21.257126, 78.6367738 ], [ 21.2367703, 78.6397879 ] ], [ [ 21.1628494, 78.6690955 ], [ 21.1576868, 78.6700156 ], [ 21.158096, 78.6707581 ], [ 21.1599053, 78.6713718 ], [ 21.1694139, 78.6721894 ], [ 21.1723771, 78.6699136 ], [ 21.1694461, 78.6689095 ], [ 21.1628494, 78.6690955 ] ], [ [ 20.9048126, 78.6851568 ], [ 20.9031138, 78.6855392 ], [ 20.9046639, 78.6866115 ], [ 20.9070255, 78.6866537 ], [ 20.911442, 78.685984 ], [ 20.9114575, 78.6856571 ], [ 20.9086391, 78.685146 ], [ 20.9048126, 78.6851568 ] ], [ [ 21.0711474, 78.8617657 ], [ 21.0713362, 78.8620427 ], [ 21.0724599, 78.8624008 ], [ 21.0754728, 78.8619823 ], [ 21.0748475, 78.8617637 ], [ 21.0736835, 78.8616261 ], [ 21.0720996, 78.8616214 ], [ 21.0711474, 78.8617657 ] ], [ [ 21.1562008, 78.8652638 ], [ 21.1555101, 78.8653929 ], [ 21.1554089, 78.8655959 ], [ 21.1557395, 78.8658009 ], [ 21.1576504, 78.8658009 ], [ 21.1579812, 78.8655959 ], [ 21.1578799, 78.8653929 ], [ 21.1571892, 78.8652638 ], [ 21.1562008, 78.8652638 ] ], [ [ 21.1090183, 78.8750761 ], [ 21.1073894, 78.8733841 ], [ 21.1058136, 78.8732638 ], [ 21.1041249, 78.873908 ], [ 21.1052591, 78.8747494 ], [ 21.1090183, 78.8750761 ] ], [ [ 21.0903947, 78.900699 ], [ 21.089704, 78.9008282 ], [ 21.0896027, 78.9010311 ], [ 21.0899335, 78.9012361 ], [ 21.0918442, 78.9012361 ], [ 21.092175, 78.9010311 ], [ 21.0920736, 78.9008282 ], [ 21.0913829, 78.900699 ], [ 21.0903947, 78.900699 ] ], [ [ 21.1132756, 78.9025927 ], [ 21.1172566, 78.9025497 ], [ 21.1256202, 78.9024513 ], [ 21.1307426, 78.9019206 ], [ 21.121684, 78.9006623 ], [ 21.0970612, 78.9010679 ], [ 21.1132756, 78.9025927 ] ], [ [ 21.0728638, 78.903455 ], [ 21.0805883, 78.901067 ], [ 21.0569435, 78.9013633 ], [ 21.0728638, 78.903455 ] ], [ [ 21.1576927, 78.9037693 ], [ 21.1516941, 78.9025235 ], [ 21.1471838, 78.9023902 ], [ 21.1391639, 78.9025404 ], [ 21.1533458, 78.9035314 ], [ 21.1576927, 78.9037693 ] ], [ [ 21.1623394, 78.9040473 ], [ 21.1612831, 78.9041764 ], [ 21.1610805, 78.9043792 ], [ 21.161417, 78.9045844 ], [ 21.1648483, 78.9045844 ], [ 21.1651846, 78.9043792 ], [ 21.1649821, 78.9041764 ], [ 21.1639256, 78.9040473 ], [ 21.1623394, 78.9040473 ] ], [ [ 21.0724779, 78.9093941 ], [ 21.0727965, 78.9096014 ], [ 21.0738357, 78.9093989 ], [ 21.0734632, 78.9092019 ], [ 21.0729494, 78.9091172 ], [ 21.0725175, 78.9092013 ], [ 21.0724779, 78.9093941 ] ], [ [ 21.6263849, 78.9286246 ], [ 21.6262612, 78.9287955 ], [ 21.6270432, 78.9290657 ], [ 21.6289902, 78.9288954 ], [ 21.6304191, 78.9288007 ], [ 21.6320741, 78.9286329 ], [ 21.6343094, 78.9283643 ], [ 21.6371161, 78.9279712 ], [ 21.6395286, 78.9276059 ], [ 21.641112, 78.927217 ], [ 21.6413991, 78.9268782 ], [ 21.6402678, 78.9267975 ], [ 21.6378933, 78.9269958 ], [ 21.6350136, 78.9272753 ], [ 21.6323496, 78.9275857 ], [ 21.630312, 78.9278548 ], [ 21.6288667, 78.9281356 ], [ 21.6279889, 78.928375 ], [ 21.6271721, 78.9285223 ], [ 21.6263849, 78.9286246 ] ], [ [ 21.4292197, 78.930729 ], [ 21.4282786, 78.9318202 ], [ 21.4383945, 78.9321703 ], [ 21.450806, 78.9290007 ], [ 21.4491142, 78.9288893 ], [ 21.4311894, 78.9304785 ], [ 21.4292197, 78.930729 ] ], [ [ 21.4693444, 78.9302678 ], [ 21.4702311, 78.9316418 ], [ 21.4754701, 78.9312316 ], [ 21.4712197, 78.9304072 ], [ 21.4693444, 78.9302678 ] ], [ [ 21.7437475, 78.9334378 ], [ 21.7447038, 78.9338467 ], [ 21.7462606, 78.9335477 ], [ 21.7456746, 78.9330677 ], [ 21.7447432, 78.9329017 ], [ 21.7437812, 78.9330865 ], [ 21.7437475, 78.9334378 ] ], [ [ 20.1758645, 78.5506675 ], [ 20.1757996, 78.5508655 ], [ 20.1761361, 78.5510674 ], [ 20.1784753, 78.5505968 ], [ 20.1774718, 78.5505292 ], [ 20.1764874, 78.5505422 ], [ 20.1758645, 78.5506675 ] ], [ [ 20.1750464, 78.5523705 ], [ 20.1738578, 78.5526098 ], [ 20.1746008, 78.5528789 ], [ 20.1763839, 78.5525202 ], [ 20.1750464, 78.5523705 ] ], [ [ 20.136587, 78.6313723 ], [ 20.1424015, 78.630221 ], [ 20.1426885, 78.6268184 ], [ 20.1459439, 78.6259353 ], [ 20.1496193, 78.6254262 ], [ 20.1844282, 78.6222268 ], [ 20.183885, 78.6217436 ], [ 20.1803313, 78.618798 ], [ 20.1766164, 78.618053 ], [ 20.168837, 78.6178683 ], [ 20.1667174, 78.6180149 ], [ 20.1608756, 78.6193618 ], [ 20.1599804, 78.6216664 ], [ 20.1299525, 78.623526 ], [ 20.1281713, 78.6239804 ], [ 20.1289228, 78.6310112 ], [ 20.1304917, 78.6312383 ], [ 20.136587, 78.6313723 ] ], [ [ 20.1853696, 78.6259871 ], [ 20.1865267, 78.6263506 ], [ 20.1889036, 78.62588 ], [ 20.1870683, 78.6256508 ], [ 20.1856647, 78.625584 ], [ 20.1850318, 78.6257092 ], [ 20.1853696, 78.6259871 ] ], [ [ 20.618474, 78.6849372 ], [ 20.6176147, 78.6826093 ], [ 20.6038864, 78.6839467 ], [ 20.5937414, 78.6858879 ], [ 20.5914065, 78.6888365 ], [ 20.5926636, 78.6890343 ], [ 20.6384186, 78.6906104 ], [ 20.6381392, 78.6884148 ], [ 20.6188782, 78.6853626 ], [ 20.618474, 78.6849372 ] ], [ [ 20.5106769, 78.7068459 ], [ 20.5144681, 78.7061356 ], [ 20.5057108, 78.7070029 ], [ 20.5106769, 78.7068459 ] ], [ [ 20.5176526, 78.7133204 ], [ 20.5181531, 78.7135748 ], [ 20.5346354, 78.7145544 ], [ 20.5361081, 78.7130395 ], [ 20.534344, 78.7125401 ], [ 20.5311576, 78.7121965 ], [ 20.5209962, 78.7113152 ], [ 20.5176526, 78.7133204 ] ], [ [ 19.898717, 79.0144318 ], [ 19.8973664, 79.0144982 ], [ 19.8968942, 79.014611 ], [ 19.8975013, 79.014744 ], [ 19.8991132, 79.014939 ], [ 19.9014009, 79.0152586 ], [ 19.9035485, 79.0147724 ], [ 19.900803, 79.0144902 ], [ 19.898717, 79.0144318 ] ], [ [ 19.9398947, 79.0225478 ], [ 19.9324054, 79.0227406 ], [ 19.9329692, 79.023719 ], [ 19.938777, 79.0235636 ], [ 19.9398947, 79.0225478 ] ], [ [ 19.9433691, 79.0258096 ], [ 19.9440631, 79.02617 ], [ 19.9460303, 79.0266914 ], [ 19.9478719, 79.0265744 ], [ 19.9468365, 79.0260938 ], [ 19.9453721, 79.0257546 ], [ 19.9439831, 79.0256624 ], [ 19.9433691, 79.0258096 ] ], [ [ 19.9477293, 79.0271395 ], [ 19.948053, 79.027347 ], [ 19.9491082, 79.0271444 ], [ 19.9487298, 79.0269474 ], [ 19.9482082, 79.0268627 ], [ 19.9477696, 79.0269469 ], [ 19.9477293, 79.0271395 ] ], [ [ 19.9491822, 79.0276976 ], [ 19.9495056, 79.0279051 ], [ 19.950561, 79.0277025 ], [ 19.9501826, 79.0275055 ], [ 19.9496608, 79.0274208 ], [ 19.9492223, 79.027505 ], [ 19.9491822, 79.0276976 ] ], [ [ 20.046296, 79.0404011 ], [ 20.0492618, 79.0404011 ], [ 20.0494263, 79.0399967 ], [ 20.048497, 79.0397193 ], [ 20.0470607, 79.0397193 ], [ 20.0461316, 79.0399967 ], [ 20.046296, 79.0404011 ] ], [ [ 20.4148172, 79.1039968 ], [ 20.4485195, 79.1103591 ], [ 20.4439294, 79.112039 ], [ 20.428459, 79.1134527 ], [ 20.4273322, 79.1160312 ], [ 20.4370126, 79.1145175 ], [ 20.481292, 79.1137129 ], [ 20.4864012, 79.1133105 ], [ 20.5001552, 79.1108487 ], [ 20.4993575, 79.1081491 ], [ 20.5222073, 79.1024402 ], [ 20.5583673, 79.1019648 ], [ 20.5656157, 79.0994018 ], [ 20.5685853, 79.0990808 ], [ 20.6964406, 79.0873967 ], [ 20.7520809, 79.0795952 ], [ 20.7691458, 79.0761673 ], [ 20.7786098, 79.0739796 ], [ 20.7812577, 79.0729855 ], [ 20.7933825, 79.0676569 ], [ 20.7986906, 79.0642762 ], [ 20.799201, 79.0636146 ], [ 20.796122, 79.055932 ], [ 20.7666339, 79.0492761 ], [ 20.7221633, 79.0428584 ], [ 20.6785268, 79.0285372 ], [ 20.6434684, 79.022091 ], [ 20.6430323, 79.0196286 ], [ 20.6345448, 79.0207988 ], [ 20.638792, 79.0230619 ], [ 20.6309607, 79.0255218 ], [ 20.5689183, 79.0286673 ], [ 20.4638332, 79.0194497 ], [ 20.4548573, 79.0196416 ], [ 20.4345756, 79.0161073 ], [ 20.4356498, 79.0109955 ], [ 20.4277951, 79.009516 ], [ 20.3624088, 79.0042837 ], [ 20.3099926, 79.0041038 ], [ 20.2942382, 79.0024183 ], [ 20.2833139, 79.0048232 ], [ 20.3039007, 79.0058641 ], [ 20.3056114, 79.0085233 ], [ 20.2996186, 79.0117756 ], [ 20.292787, 79.0118768 ], [ 20.2970819, 79.0148673 ], [ 20.2854896, 79.017908 ], [ 20.2392097, 79.021969 ], [ 20.2104243, 79.022836 ], [ 20.1865466, 79.021341 ], [ 20.1814485, 79.0189856 ], [ 20.1800396, 79.0189892 ], [ 20.1761016, 79.0196722 ], [ 20.1711024, 79.0239235 ], [ 20.1522301, 79.0275335 ], [ 20.1416509, 79.0282 ], [ 20.11988, 79.0339566 ], [ 20.0868613, 79.0392345 ], [ 20.0863661, 79.0396633 ], [ 20.0984513, 79.0408103 ], [ 20.1357828, 79.0385609 ], [ 20.1518145, 79.0410091 ], [ 20.1476566, 79.0469834 ], [ 20.1392266, 79.0492711 ], [ 20.1390961, 79.0548325 ], [ 20.1138048, 79.0608383 ], [ 20.1091074, 79.0644553 ], [ 20.1143465, 79.067275 ], [ 20.1065899, 79.0695109 ], [ 20.1290942, 79.0794559 ], [ 20.1411709, 79.0884473 ], [ 20.1836407, 79.0981789 ], [ 20.1932102, 79.1032764 ], [ 20.19347, 79.1069934 ], [ 20.1777513, 79.1125863 ], [ 20.172217, 79.1136324 ], [ 20.1616857, 79.114643 ], [ 20.1385458, 79.1144984 ], [ 20.1369584, 79.1146756 ], [ 20.1326255, 79.1236103 ], [ 20.1713656, 79.1203916 ], [ 20.1807312, 79.1202306 ], [ 20.222877, 79.1196674 ], [ 20.236074, 79.1181386 ], [ 20.2424597, 79.1166902 ], [ 20.2364449, 79.1143929 ], [ 20.2346973, 79.1140701 ], [ 20.2269588, 79.1139539 ], [ 20.2263972, 79.1133881 ], [ 20.2336298, 79.1089544 ], [ 20.2623703, 79.1043593 ], [ 20.3149788, 79.1013184 ], [ 20.3574239, 79.1015625 ], [ 20.4148172, 79.1039968 ] ], [ [ 19.8752443, 79.0668318 ], [ 19.8709824, 79.0637563 ], [ 19.8691225, 79.063338 ], [ 19.8543258, 79.0634406 ], [ 19.8479685, 79.0641456 ], [ 19.8457921, 79.0655028 ], [ 19.8467247, 79.0684533 ], [ 19.8489012, 79.0698105 ], [ 19.857619, 79.0716108 ], [ 19.8601025, 79.0715376 ], [ 19.8752443, 79.0668318 ] ], [ [ 20.1140658, 79.0761981 ], [ 20.1136388, 79.0773422 ], [ 20.1162581, 79.0767716 ], [ 20.1158096, 79.07639 ], [ 20.1140658, 79.0761981 ] ], [ [ 21.7241811, 78.9438363 ], [ 21.7369287, 78.9440389 ], [ 21.7381283, 78.9437661 ], [ 21.743728, 78.9386343 ], [ 21.7289025, 78.9387162 ], [ 21.7247101, 78.9400917 ], [ 21.7308199, 78.9412838 ], [ 21.7182853, 78.9441642 ], [ 21.7241811, 78.9438363 ] ], [ [ 21.7105269, 78.9443917 ], [ 21.711291, 78.9446837 ], [ 21.7128109, 78.9445704 ], [ 21.7123141, 78.9443507 ], [ 21.7115284, 78.9442151 ], [ 21.7106884, 78.9442223 ], [ 21.7105269, 78.9443917 ] ], [ [ 21.6897697, 78.9447356 ], [ 21.6918803, 78.9447356 ], [ 21.6918256, 78.9446008 ], [ 21.6912636, 78.9445083 ], [ 21.6903865, 78.9445083 ], [ 21.6898247, 78.9446008 ], [ 21.6897697, 78.9447356 ] ], [ [ 21.6930302, 78.9448192 ], [ 21.6926152, 78.9448988 ], [ 21.6928746, 78.9449886 ], [ 21.6934971, 78.944869 ], [ 21.6930302, 78.9448192 ] ], [ [ 21.7737991, 78.9467093 ], [ 21.7732599, 78.9463837 ], [ 21.7725086, 78.9463016 ], [ 21.7719601, 78.9465305 ], [ 21.7722698, 78.946915 ], [ 21.7737991, 78.9467093 ] ], [ [ 21.8823828, 78.967604 ], [ 21.8839439, 78.9667683 ], [ 21.8810161, 78.9666708 ], [ 21.8771749, 78.9672455 ], [ 21.8783499, 78.9675924 ], [ 21.8823828, 78.967604 ] ], [ [ 21.8764158, 78.9689173 ], [ 21.8786985, 78.9691793 ], [ 21.8803483, 78.9691656 ], [ 21.8784652, 78.9687335 ], [ 21.875653, 78.9683589 ], [ 21.8727355, 78.9682523 ], [ 21.8711216, 78.9684323 ], [ 21.8709079, 78.9687486 ], [ 21.8716514, 78.9689432 ], [ 21.8729459, 78.9689409 ], [ 21.874523, 78.9688568 ], [ 21.8764158, 78.9689173 ] ], [ [ 21.8113735, 78.9776347 ], [ 21.7961549, 78.9751923 ], [ 21.7641155, 78.97537 ], [ 21.7450562, 78.978439 ], [ 21.7187386, 78.9782012 ], [ 21.7104597, 78.9768162 ], [ 21.6896791, 78.9774382 ], [ 21.6753318, 78.9728765 ], [ 21.6846915, 78.9669173 ], [ 21.7065142, 78.9624625 ], [ 21.6958245, 78.9612936 ], [ 21.6836711, 78.962351 ], [ 21.6406043, 78.9716434 ], [ 21.6323007, 78.9717239 ], [ 21.6386846, 78.974719 ], [ 21.6308593, 78.977125 ], [ 21.6437844, 78.9764796 ], [ 21.649384, 78.9739383 ], [ 21.6572663, 78.9741361 ], [ 21.6594775, 78.9755942 ], [ 21.6410584, 78.9788538 ], [ 21.6233062, 78.9791535 ], [ 21.619898, 78.9802976 ], [ 21.6200207, 78.9845265 ], [ 21.6253769, 78.9851071 ], [ 21.6213456, 78.9864926 ], [ 21.6270804, 78.9884796 ], [ 21.6587144, 78.9839888 ], [ 21.6609708, 78.9827513 ], [ 21.6547815, 78.9816281 ], [ 21.656175, 78.9800099 ], [ 21.6580868, 78.9786927 ], [ 21.6628011, 78.9772152 ], [ 21.6740242, 78.9762365 ], [ 21.6770308, 78.9761986 ], [ 21.6844593, 78.9769589 ], [ 21.691341, 78.9800906 ], [ 21.7395631, 78.979602 ], [ 21.7463001, 78.9839752 ], [ 21.7683562, 78.9853529 ], [ 21.7883821, 78.9812105 ], [ 21.8081216, 78.9798177 ], [ 21.8113735, 78.9776347 ] ], [ [ 21.0739084, 78.9101396 ], [ 21.074227, 78.9104609 ], [ 21.0752662, 78.910176 ], [ 21.0748937, 78.9098232 ], [ 21.07438, 78.9096813 ], [ 21.0739481, 78.9098192 ], [ 21.0739084, 78.9101396 ] ], [ [ 20.9419502, 79.0047247 ], [ 20.9486628, 79.0048867 ], [ 20.9486253, 79.0035301 ], [ 20.9598978, 79.00296 ], [ 20.9658099, 79.000266 ], [ 20.959089, 78.9992074 ], [ 20.9462789, 79.001123 ], [ 20.9158849, 79.0013041 ], [ 20.9025857, 79.004176 ], [ 20.8943164, 79.0043864 ], [ 20.8825767, 79.0029052 ], [ 20.8865412, 78.9989266 ], [ 20.8790488, 78.998316 ], [ 20.8756504, 79.004064 ], [ 20.8827693, 79.0063142 ], [ 20.8778563, 79.0076962 ], [ 20.8981301, 79.0102422 ], [ 20.901715, 79.0102682 ], [ 20.9040006, 79.0097213 ], [ 20.9121735, 79.0077471 ], [ 20.9265534, 79.0064327 ], [ 20.9266047, 79.006137 ], [ 20.9202235, 79.0053784 ], [ 20.9099253, 79.0062402 ], [ 20.9124268, 79.004072 ], [ 20.920926, 79.0044382 ], [ 20.928526, 79.0022695 ], [ 20.9390804, 79.0035841 ], [ 20.9420578, 79.0028754 ], [ 20.9419502, 79.0047247 ] ], [ [ 21.3019191, 79.0253779 ], [ 21.3142713, 79.0241352 ], [ 21.308899, 79.0241693 ], [ 21.3019191, 79.0253779 ] ], [ [ 21.007219, 79.0292584 ], [ 21.0324244, 79.0280365 ], [ 21.0019257, 79.0278395 ], [ 20.9997853, 79.0277309 ], [ 20.9946744, 79.0267341 ], [ 20.9982817, 79.0258046 ], [ 20.9935914, 79.0239676 ], [ 20.964955, 79.0255672 ], [ 20.9763129, 79.0238285 ], [ 20.9713103, 79.0215065 ], [ 20.9661154, 79.0215747 ], [ 20.9715496, 79.0204066 ], [ 20.9711068, 79.0199023 ], [ 20.9617513, 79.0147572 ], [ 20.9592218, 79.0146481 ], [ 20.9560981, 79.0159349 ], [ 20.9605728, 79.0206419 ], [ 20.9536833, 79.0189019 ], [ 20.9458559, 79.0190371 ], [ 20.9436162, 79.0155295 ], [ 20.9300538, 79.0165559 ], [ 20.9284704, 79.0171028 ], [ 20.9296736, 79.018905 ], [ 20.9406713, 79.0208584 ], [ 20.957081, 79.0269172 ], [ 20.9515364, 79.0284637 ], [ 20.9402996, 79.0290459 ], [ 20.923889, 79.0322496 ], [ 20.9227014, 79.0334815 ], [ 20.9246953, 79.0348654 ], [ 20.9271593, 79.0350403 ], [ 20.9385113, 79.0343769 ], [ 20.9582142, 79.0354114 ], [ 20.9611965, 79.0344338 ], [ 20.9678986, 79.0322995 ], [ 20.9683073, 79.032023 ], [ 20.9640315, 79.0315963 ], [ 20.9840664, 79.0306593 ], [ 20.9970597, 79.0285785 ], [ 20.9997889, 79.0283751 ], [ 21.0049706, 79.0282166 ], [ 21.0060954, 79.0282925 ], [ 21.007219, 79.0292584 ] ], [ [ 21.5623701, 78.9738978 ], [ 21.5243791, 78.973245 ], [ 21.5224516, 78.9735518 ], [ 21.5240207, 78.9747196 ], [ 21.5386455, 78.9761697 ], [ 21.5612493, 78.9758677 ], [ 21.5764515, 78.9787875 ], [ 21.5860265, 78.9776654 ], [ 21.5623701, 78.9738978 ] ], [ [ 21.6193746, 78.9782177 ], [ 21.6174352, 78.9781632 ], [ 21.6160331, 78.9782348 ], [ 21.6156083, 78.9783525 ], [ 21.6164691, 78.9784713 ], [ 21.6183283, 78.9785926 ], [ 21.6203725, 78.9787591 ], [ 21.6224191, 78.9788017 ], [ 21.6212857, 78.978489 ], [ 21.6193746, 78.9782177 ] ], [ [ 21.6068487, 78.9787759 ], [ 21.6106423, 78.9787759 ], [ 21.6104228, 78.978641 ], [ 21.6094826, 78.9785485 ], [ 21.6080081, 78.9785485 ], [ 21.6070679, 78.978641 ], [ 21.6068487, 78.9787759 ] ], [ [ 21.599285, 78.9792119 ], [ 21.6016641, 78.9788671 ], [ 21.6006845, 78.9782726 ], [ 21.5969249, 78.9783926 ], [ 21.5881819, 78.9796391 ], [ 21.599285, 78.9792119 ] ], [ [ 20.4240376, 79.1137255 ], [ 20.4239686, 79.1139235 ], [ 20.4243265, 79.1141256 ], [ 20.4268156, 79.1136549 ], [ 20.4257478, 79.1135871 ], [ 20.4247003, 79.1136003 ], [ 20.4240376, 79.1137255 ] ], [ [ 19.7819266, 79.2229739 ], [ 19.7820938, 79.2243299 ], [ 19.7872506, 79.2239052 ], [ 19.7843677, 79.2230818 ], [ 19.7819266, 79.2229739 ] ], [ [ 19.7606781, 79.2229872 ], [ 19.7489058, 79.2231185 ], [ 19.743784, 79.2244107 ], [ 19.7457767, 79.2272764 ], [ 19.7677435, 79.224737 ], [ 19.7709208, 79.2242461 ], [ 19.770793, 79.2241122 ], [ 19.7623349, 79.2230811 ], [ 19.7606781, 79.2229872 ] ], [ [ 19.9027197, 79.2256085 ], [ 19.901798, 79.225194 ], [ 19.9004123, 79.2252069 ], [ 19.8992563, 79.2255055 ], [ 19.8993263, 79.2259145 ], [ 19.9004565, 79.2263355 ], [ 19.9014821, 79.22666 ], [ 19.9023004, 79.2268939 ], [ 19.9031968, 79.2264422 ], [ 19.9027197, 79.2256085 ] ], [ [ 19.3629404, 79.2257781 ], [ 19.3650782, 79.2264674 ], [ 19.3684298, 79.2267519 ], [ 19.3885992, 79.2268327 ], [ 19.4159502, 79.22464 ], [ 19.4142696, 79.2259773 ], [ 19.4269882, 79.2251405 ], [ 19.4812886, 79.2278889 ], [ 19.494194, 79.2247804 ], [ 19.5147448, 79.2284876 ], [ 19.511021, 79.230581 ], [ 19.5122421, 79.2311472 ], [ 19.5156131, 79.2316107 ], [ 19.5218673, 79.2315001 ], [ 19.5256904, 79.2309939 ], [ 19.5338749, 79.228654 ], [ 19.5338181, 79.2260797 ], [ 19.5255907, 79.2248982 ], [ 19.48987, 79.2208681 ], [ 19.488692, 79.2207199 ], [ 19.4628705, 79.220504 ], [ 19.4521542, 79.2179306 ], [ 19.4125384, 79.2184854 ], [ 19.3648225, 79.2140158 ], [ 19.3495293, 79.2147678 ], [ 19.3654501, 79.2225302 ], [ 19.3629404, 79.2257781 ] ], [ [ 19.7063802, 79.2273365 ], [ 19.7164254, 79.2241488 ], [ 19.7186304, 79.2237759 ], [ 19.7330629, 79.2238398 ], [ 19.7369177, 79.223442 ], [ 19.738983, 79.2216825 ], [ 19.70456, 79.22194 ], [ 19.7015768, 79.2222832 ], [ 19.6862088, 79.2272201 ], [ 19.7040216, 79.2275425 ], [ 19.7063802, 79.2273365 ] ], [ [ 19.3838124, 79.2351933 ], [ 19.3876657, 79.2351933 ], [ 19.3874429, 79.2350584 ], [ 19.386488, 79.2349659 ], [ 19.3849902, 79.2349659 ], [ 19.3840352, 79.2350584 ], [ 19.3838124, 79.2351933 ] ], [ [ 19.6986653, 79.2520008 ], [ 19.6997567, 79.2499647 ], [ 19.6952735, 79.2506799 ], [ 19.6986653, 79.2520008 ] ], [ [ 19.7765177, 79.2439378 ], [ 19.7802444, 79.243854 ], [ 19.7812583, 79.2434061 ], [ 19.7812157, 79.2410805 ], [ 19.7802511, 79.2407104 ], [ 19.7762471, 79.2435381 ], [ 19.7765177, 79.2439378 ] ], [ [ 20.120338, 79.2468611 ], [ 20.1061997, 79.2460668 ], [ 20.104461, 79.2447679 ], [ 20.1029204, 79.2447739 ], [ 20.0958967, 79.2454088 ], [ 20.1031466, 79.2462916 ], [ 20.0919919, 79.2503721 ], [ 20.1182508, 79.2524287 ], [ 20.1171622, 79.2532665 ], [ 20.1197904, 79.2540779 ], [ 20.1220014, 79.2542119 ], [ 20.1257792, 79.2532808 ], [ 20.1593893, 79.2517309 ], [ 20.1625645, 79.2514563 ], [ 20.1791023, 79.2486356 ], [ 20.2066603, 79.2501894 ], [ 20.2220463, 79.2534654 ], [ 20.2274277, 79.252879 ], [ 20.217225, 79.250854 ], [ 20.217736, 79.2489647 ], [ 20.1854796, 79.2458742 ], [ 20.137032, 79.2450631 ], [ 20.120338, 79.2468611 ] ], [ [ 20.1451517, 79.2810668 ], [ 20.14592, 79.2803708 ], [ 20.1457713, 79.2785807 ], [ 20.1167917, 79.2781475 ], [ 20.1036128, 79.2751981 ], [ 20.1167066, 79.2692409 ], [ 20.1120733, 79.2687056 ], [ 20.1115019, 79.2609274 ], [ 20.1008685, 79.2562228 ], [ 20.1045854, 79.2550853 ], [ 20.0841073, 79.2567751 ], [ 20.07008, 79.2554663 ], [ 20.0723479, 79.2502532 ], [ 20.0863045, 79.2445437 ], [ 20.0837168, 79.2421494 ], [ 20.0689429, 79.241986 ], [ 20.0659881, 79.24059 ], [ 20.0794317, 79.239853 ], [ 20.0872387, 79.2380008 ], [ 20.0889786, 79.2375262 ], [ 20.0901974, 79.2344341 ], [ 20.0895599, 79.2341444 ], [ 20.0757602, 79.2337512 ], [ 20.0405523, 79.2371293 ], [ 20.0282797, 79.239819 ], [ 20.0020682, 79.2406228 ], [ 19.9870243, 79.2285711 ], [ 19.9735167, 79.2247761 ], [ 19.9653773, 79.2249336 ], [ 19.9537078, 79.226371 ], [ 19.920091, 79.2347327 ], [ 19.9130777, 79.2410405 ], [ 19.9299616, 79.2467018 ], [ 19.9275504, 79.2475699 ], [ 19.9161595, 79.2472968 ], [ 19.9152951, 79.2486382 ], [ 19.9242116, 79.2497234 ], [ 19.9331983, 79.2477582 ], [ 19.9386982, 79.2482862 ], [ 19.9392669, 79.2510349 ], [ 19.9286159, 79.2512116 ], [ 19.9344298, 79.2534444 ], [ 19.95248, 79.2523332 ], [ 19.9712858, 79.249487 ], [ 19.9895102, 79.2506095 ], [ 19.9997509, 79.2532814 ], [ 19.9872723, 79.2575314 ], [ 19.9881448, 79.2604321 ], [ 19.9970088, 79.2614667 ], [ 20.0173414, 79.2610728 ], [ 20.0287914, 79.2637968 ], [ 20.0228124, 79.2675912 ], [ 20.0245407, 79.2722582 ], [ 20.0111519, 79.2770251 ], [ 19.9904358, 79.2790197 ], [ 19.9886934, 79.2771834 ], [ 19.9988573, 79.2744057 ], [ 20.0030313, 79.2706971 ], [ 19.9821413, 79.2701094 ], [ 19.967364, 79.2793351 ], [ 19.9506229, 79.2801824 ], [ 19.9482263, 79.2812706 ], [ 19.9412516, 79.2792195 ], [ 19.9491903, 79.276008 ], [ 19.9401758, 79.2744586 ], [ 19.9526314, 79.2718816 ], [ 19.9631258, 79.2716001 ], [ 19.960108, 79.2690727 ], [ 19.960155, 79.2703533 ], [ 19.9374095, 79.2714005 ], [ 19.9349858, 79.2718561 ], [ 19.9272625, 79.2745957 ], [ 19.9264774, 79.2804844 ], [ 19.9279667, 79.2811424 ], [ 19.9442323, 79.2845526 ], [ 19.9594517, 79.2837758 ], [ 19.9632807, 79.2873642 ], [ 19.9681144, 79.2857043 ], [ 19.9894022, 79.2857018 ], [ 19.9966789, 79.282093 ], [ 20.0162662, 79.2832198 ], [ 20.0223039, 79.2855746 ], [ 20.0067315, 79.2894924 ], [ 20.0074632, 79.2912515 ], [ 19.9903489, 79.2948453 ], [ 19.9892377, 79.2955631 ], [ 19.9949517, 79.2975295 ], [ 19.9962486, 79.29755 ], [ 20.0152169, 79.2947226 ], [ 20.021642, 79.2919147 ], [ 20.0175524, 79.290939 ], [ 20.0611784, 79.2853591 ], [ 20.0705929, 79.2847908 ], [ 20.0916622, 79.2843515 ], [ 20.0988544, 79.2852033 ], [ 20.1000876, 79.2871284 ], [ 20.1181229, 79.2892972 ], [ 20.1112729, 79.2876292 ], [ 20.1152943, 79.285899 ], [ 20.1363397, 79.2836111 ], [ 20.1383401, 79.2833683 ], [ 20.1451517, 79.2810668 ] ], [ [ 20.2163708, 79.2658039 ], [ 20.2148141, 79.2661405 ], [ 20.2099723, 79.2683417 ], [ 20.2100245, 79.2685041 ], [ 20.2150511, 79.2689406 ], [ 20.2267361, 79.2678241 ], [ 20.2274351, 79.267566 ], [ 20.2206633, 79.2659792 ], [ 20.2163708, 79.2658039 ] ], [ [ 20.1685653, 79.2751359 ], [ 20.1676918, 79.2749072 ], [ 20.16559, 79.2746512 ], [ 20.1624196, 79.2743948 ], [ 20.1594445, 79.2741085 ], [ 20.1573296, 79.2739052 ], [ 20.1559662, 79.2738293 ], [ 20.1552958, 79.2739714 ], [ 20.1553494, 79.2742625 ], [ 20.1561044, 79.2744927 ], [ 20.1573833, 79.2746361 ], [ 20.1588792, 79.274771 ], [ 20.1604056, 79.2749062 ], [ 20.1619178, 79.2750798 ], [ 20.1685653, 79.2751359 ] ], [ [ 20.1746064, 79.2749009 ], [ 20.1749275, 79.2751069 ], [ 20.1770337, 79.2750998 ], [ 20.1764967, 79.2748739 ], [ 20.1755186, 79.2747045 ], [ 20.1747516, 79.2747279 ], [ 20.1746064, 79.2749009 ] ], [ [ 20.1206682, 79.2904719 ], [ 20.1213289, 79.290098 ], [ 20.1219749, 79.2897539 ], [ 20.1219575, 79.289493 ], [ 20.120935, 79.289354 ], [ 20.1192724, 79.2893565 ], [ 20.1179651, 79.2894949 ], [ 20.117135, 79.2897342 ], [ 20.1166062, 79.2900246 ], [ 20.1168724, 79.2903503 ], [ 20.1179928, 79.2907128 ], [ 20.1200265, 79.2907867 ], [ 20.1206682, 79.2904719 ] ], [ [ 19.9115264, 79.2900161 ], [ 19.9097501, 79.2910686 ], [ 19.9137855, 79.2909948 ], [ 19.9147232, 79.2902369 ], [ 19.9115264, 79.2900161 ] ], [ [ 16.57335, 76.4657021 ], [ 16.5440516, 76.4741992 ], [ 16.5177842, 76.4865911 ], [ 16.5198047, 76.4959145 ], [ 16.5142481, 76.4962685 ], [ 16.513743, 76.4975666 ], [ 16.5238459, 76.4976847 ], [ 16.5299077, 76.4963865 ], [ 16.5354642, 76.4987468 ], [ 16.5384949, 76.4985108 ], [ 16.5369796, 76.4943802 ], [ 16.5294024, 76.4931999 ], [ 16.5304127, 76.4916658 ], [ 16.5354642, 76.4916658 ], [ 16.5465775, 76.4956784 ], [ 16.5480928, 76.499691 ], [ 16.5435466, 76.5024054 ], [ 16.531423, 76.5044116 ], [ 16.513743, 76.5048836 ], [ 16.5081865, 76.5026414 ], [ 16.5147533, 76.5000449 ], [ 16.506671, 76.4986289 ], [ 16.4940423, 76.499927 ], [ 16.4905064, 76.5008711 ], [ 16.493032, 76.5018153 ], [ 16.4798985, 76.5062999 ], [ 16.4788882, 76.5090142 ], [ 16.4884858, 76.5153872 ], [ 16.4905064, 76.5225863 ], [ 16.4975785, 76.5257728 ], [ 16.4990938, 76.520816 ], [ 16.5041451, 76.5169215 ], [ 16.5152584, 76.5119647 ], [ 16.5384949, 76.5055917 ], [ 16.5511237, 76.5022873 ], [ 16.5799168, 76.4967405 ], [ 16.6066895, 76.4869452 ], [ 16.5945661, 76.4763236 ], [ 16.5819374, 76.4736092 ], [ 16.580422, 76.4720749 ], [ 16.5905249, 76.4675903 ], [ 16.5834529, 76.4652299 ], [ 16.57335, 76.4657021 ] ], [ [ 16.3206695, 76.5536408 ], [ 16.3206695, 76.553362 ], [ 16.3173662, 76.5530133 ], [ 16.3116604, 76.5532922 ], [ 16.3001316, 76.5574288 ], [ 16.2936419, 76.5598475 ], [ 16.3101588, 76.5603358 ], [ 16.3092579, 76.5594594 ], [ 16.3092579, 76.558941 ], [ 16.3098584, 76.5583831 ], [ 16.3206695, 76.5536408 ] ], [ [ 16.9252645, 76.8395873 ], [ 16.9158152, 76.8399611 ], [ 16.9155988, 76.8413814 ], [ 16.9253395, 76.8407362 ], [ 16.9252645, 76.8395873 ] ], [ [ 16.9107656, 76.8415061 ], [ 16.9125111, 76.8415132 ], [ 16.9127771, 76.841307 ], [ 16.9126569, 76.8411341 ], [ 16.9120212, 76.8411107 ], [ 16.9112107, 76.8412802 ], [ 16.9107656, 76.8415061 ] ], [ [ 15.5144314, 76.8619328 ], [ 15.5153867, 76.8624099 ], [ 15.5166349, 76.8622072 ], [ 15.5158179, 76.8617407 ], [ 15.5148189, 76.8614709 ], [ 15.5142143, 76.8615552 ], [ 15.5144314, 76.8619328 ] ], [ [ 15.5170735, 76.862509 ], [ 15.5167241, 76.8625886 ], [ 15.5169425, 76.8626784 ], [ 15.5174665, 76.8625588 ], [ 15.5170735, 76.862509 ] ], [ [ 15.7334489, 76.9354887 ], [ 15.7321819, 76.9356256 ], [ 15.7313683, 76.9359173 ], [ 15.7311828, 76.9362642 ], [ 15.7317621, 76.9366432 ], [ 15.7342119, 76.9362366 ], [ 15.7344809, 76.9359173 ], [ 15.7344067, 76.9356298 ], [ 15.7334489, 76.9354887 ] ], [ [ 15.78588, 76.9493439 ], [ 15.7853076, 76.9490933 ], [ 15.7845633, 76.948945 ], [ 15.7837083, 76.9489574 ], [ 15.7832112, 76.9491711 ], [ 15.783464, 76.949571 ], [ 15.7844228, 76.9500349 ], [ 15.7862803, 76.9500842 ], [ 15.7865086, 76.9498749 ], [ 15.7863817, 76.9496226 ], [ 15.78588, 76.9493439 ] ], [ [ 16.3641932, 76.9670571 ], [ 16.3659697, 76.9670571 ], [ 16.3659236, 76.9669222 ], [ 16.3654506, 76.9668297 ], [ 16.3647124, 76.9668297 ], [ 16.3642393, 76.9669222 ], [ 16.3641932, 76.9670571 ] ], [ [ 16.3612931, 77.0044763 ], [ 16.3599855, 77.0033967 ], [ 16.3588347, 77.0033534 ], [ 16.3555799, 77.0081342 ], [ 16.3602048, 77.0065621 ], [ 16.3612931, 77.0044763 ] ], [ [ 16.388203, 77.0123863 ], [ 16.3873125, 77.0107449 ], [ 16.3832092, 77.0102077 ], [ 16.377086, 77.010397 ], [ 16.3713392, 77.0123374 ], [ 16.3707318, 77.012889 ], [ 16.3728893, 77.0154488 ], [ 16.3757863, 77.0158697 ], [ 16.3774966, 77.0159192 ], [ 16.3854563, 77.012964 ], [ 16.388203, 77.0123863 ] ], [ [ 16.3929219, 77.0157651 ], [ 16.3935264, 77.0154943 ], [ 16.3941408, 77.0152297 ], [ 16.3948442, 77.0149519 ], [ 16.3955162, 77.0146002 ], [ 16.3961231, 77.0140886 ], [ 16.3962128, 77.0134819 ], [ 16.3955045, 77.0131584 ], [ 16.3940101, 77.0132707 ], [ 16.3922065, 77.0137832 ], [ 16.3909714, 77.0144455 ], [ 16.3903515, 77.0150605 ], [ 16.3905704, 77.015666 ], [ 16.3915401, 77.0162236 ], [ 16.3924772, 77.0160409 ], [ 16.3929219, 77.0157651 ] ], [ [ 16.2930216, 77.0200773 ], [ 16.295409, 77.01853 ], [ 16.2941349, 77.0182368 ], [ 16.2898606, 77.0196131 ], [ 16.2898901, 77.0202093 ], [ 16.2930216, 77.0200773 ] ], [ [ 16.3337696, 77.0270982 ], [ 16.3451939, 77.0214072 ], [ 16.3521436, 77.015596 ], [ 16.3512654, 77.0140249 ], [ 16.3498076, 77.0140072 ], [ 16.3235728, 77.0282059 ], [ 16.3292584, 77.0270237 ], [ 16.3337696, 77.0270982 ] ], [ [ 16.3778522, 77.0200695 ], [ 16.3683475, 77.0244802 ], [ 16.3644593, 77.0207824 ], [ 16.368301, 77.0189404 ], [ 16.3598309, 77.01873 ], [ 16.3586237, 77.0190279 ], [ 16.3498946, 77.0274628 ], [ 16.33845, 77.0365936 ], [ 16.3521044, 77.0330704 ], [ 16.3572773, 77.0317839 ], [ 16.3646466, 77.0350503 ], [ 16.3689861, 77.0351988 ], [ 16.3776926, 77.0279977 ], [ 16.3769286, 77.0241982 ], [ 16.388308, 77.021663 ], [ 16.3845567, 77.0197062 ], [ 16.3833134, 77.0195029 ], [ 16.3778522, 77.0200695 ] ], [ [ 16.2765071, 77.4577028 ], [ 16.2847136, 77.4569561 ], [ 16.2849587, 77.4566035 ], [ 16.2816991, 77.4544939 ], [ 16.2772295, 77.4544626 ], [ 16.2758589, 77.4549022 ], [ 16.2765071, 77.4577028 ] ], [ [ 16.951339, 76.8273019 ], [ 16.9502593, 76.8271778 ], [ 16.9489028, 76.8270708 ], [ 16.9476265, 76.8271257 ], [ 16.9469171, 76.8274025 ], [ 16.9471309, 76.8277932 ], [ 16.9490761, 76.8278087 ], [ 16.9503306, 76.8276445 ], [ 16.9513528, 76.827529 ], [ 16.9517657, 76.8274199 ], [ 16.951339, 76.8273019 ] ], [ [ 16.9434757, 76.8342181 ], [ 16.9550755, 76.8397028 ], [ 16.9577839, 76.8395464 ], [ 16.9707834, 76.8341646 ], [ 16.9710214, 76.8337953 ], [ 16.9641879, 76.8299875 ], [ 16.9628459, 76.8298022 ], [ 16.9434757, 76.8342181 ] ], [ [ 17.3831995, 77.1998606 ], [ 17.3761485, 77.201032 ], [ 17.3684173, 77.2059323 ], [ 17.3704103, 77.2058959 ], [ 17.3831995, 77.1998606 ] ], [ [ 17.429746, 77.3028309 ], [ 17.4199218, 77.2995256 ], [ 17.412696, 77.2979333 ], [ 17.415338, 77.3008404 ], [ 17.4296536, 77.3030612 ], [ 17.429746, 77.3028309 ] ], [ [ 17.5787737, 77.5557886 ], [ 17.5825828, 77.555178 ], [ 17.5830514, 77.5549515 ], [ 17.5758028, 77.555106 ], [ 17.5750287, 77.5553849 ], [ 17.5787737, 77.5557886 ] ], [ [ 17.8111943, 77.555554 ], [ 17.8105713, 77.5556831 ], [ 17.8104799, 77.555886 ], [ 17.8107783, 77.556091 ], [ 17.8125014, 77.556091 ], [ 17.8127998, 77.555886 ], [ 17.8127084, 77.5556831 ], [ 17.8120855, 77.555554 ], [ 17.8111943, 77.555554 ] ], [ [ 17.700066, 77.5776317 ], [ 17.6996973, 77.5777113 ], [ 17.6999278, 77.5778011 ], [ 17.7004806, 77.5776815 ], [ 17.700066, 77.5776317 ] ], [ [ 16.9453155, 77.8975228 ], [ 16.9345337, 77.8949631 ], [ 16.9244637, 77.8935796 ], [ 16.9421459, 77.8984436 ], [ 16.9425654, 77.8982524 ], [ 16.9453155, 77.8975228 ] ], [ [ 16.9477814, 77.8986111 ], [ 16.9457204, 77.8984885 ], [ 16.943875, 77.8984671 ], [ 16.9429566, 77.8985989 ], [ 16.9431852, 77.8988718 ], [ 16.9442807, 77.8992295 ], [ 16.9503494, 77.8992832 ], [ 16.9507179, 77.899092 ], [ 16.9505968, 77.8988978 ], [ 16.9496108, 77.8987406 ], [ 16.9477814, 77.8986111 ] ], [ [ 16.9523782, 77.8995196 ], [ 16.9522256, 77.8998144 ], [ 16.9525133, 77.9001282 ], [ 16.9543929, 77.9001368 ], [ 16.9545215, 77.8998905 ], [ 16.9541101, 77.8996211 ], [ 16.953136, 77.8994381 ], [ 16.9523782, 77.8995196 ] ], [ [ 16.953566, 77.913998 ], [ 16.9558545, 77.9140729 ], [ 16.954829, 77.9137334 ], [ 16.9533393, 77.9134361 ], [ 16.9523925, 77.9134058 ], [ 16.9525344, 77.913636 ], [ 16.953566, 77.913998 ] ], [ [ 16.9437971, 77.9136286 ], [ 16.9415349, 77.9136564 ], [ 16.9490298, 77.9146301 ], [ 16.9461032, 77.9138741 ], [ 16.9437971, 77.9136286 ] ], [ [ 17.0111755, 77.9196879 ], [ 17.0144494, 77.9199841 ], [ 17.0141681, 77.9196583 ], [ 17.0129132, 77.9192492 ], [ 17.0107852, 77.9189242 ], [ 17.0099223, 77.9190975 ], [ 17.0111755, 77.9196879 ] ], [ [ 16.9868897, 77.9195892 ], [ 16.9879082, 77.9194452 ], [ 16.9879899, 77.9192832 ], [ 16.9871913, 77.9192148 ], [ 16.9856188, 77.9192501 ], [ 16.9836599, 77.9192426 ], [ 16.9821203, 77.9191951 ], [ 16.9814416, 77.9192733 ], [ 16.9817533, 77.9195193 ], [ 16.9828593, 77.9198678 ], [ 16.9851078, 77.9196789 ], [ 16.9868897, 77.9195892 ] ], [ [ 17.0111312, 77.9213792 ], [ 17.0102895, 77.9212608 ], [ 17.0094883, 77.9210953 ], [ 17.00849, 77.9208345 ], [ 17.0068572, 77.92058 ], [ 17.0052096, 77.920512 ], [ 17.0047382, 77.9206882 ], [ 17.0056732, 77.9210666 ], [ 17.0072643, 77.9215399 ], [ 17.0094829, 77.9220978 ], [ 17.0114511, 77.9221812 ], [ 17.0117642, 77.9218863 ], [ 17.0116993, 77.9215795 ], [ 17.0111312, 77.9213792 ] ], [ [ 17.070435, 77.9389867 ], [ 17.0707873, 77.9391851 ], [ 17.072417, 77.9389935 ], [ 17.0739548, 77.9390932 ], [ 17.0753369, 77.9390228 ], [ 17.0759809, 77.938771 ], [ 17.0751742, 77.938549 ], [ 17.0734618, 77.9385281 ], [ 17.0716401, 77.93862 ], [ 17.0705937, 77.9387822 ], [ 17.070435, 77.9389867 ] ], [ [ 16.0746868, 76.9680455 ], [ 16.0744479, 76.9677582 ], [ 16.0738635, 76.9675092 ], [ 16.0728265, 76.9673601 ], [ 16.0715482, 76.9673564 ], [ 16.0709307, 76.967531 ], [ 16.0711544, 76.9679012 ], [ 16.0716302, 76.9683918 ], [ 16.0721755, 76.9688185 ], [ 16.0734814, 76.9687775 ], [ 16.0739789, 76.9685735 ], [ 16.0744113, 76.9683269 ], [ 16.0746868, 76.9680455 ] ], [ [ 15.9915844, 77.5099148 ], [ 15.99255, 77.5119811 ], [ 15.9942677, 77.5119853 ], [ 15.9972498, 77.510933 ], [ 15.9915844, 77.5099148 ] ], [ [ 16.0163288, 77.5363733 ], [ 16.015255, 77.5365896 ], [ 16.0147229, 77.5368335 ], [ 16.0179222, 77.5368376 ], [ 16.0182458, 77.5366277 ], [ 16.0181661, 77.5364239 ], [ 16.0174781, 77.5363131 ], [ 16.0163288, 77.5363733 ] ], [ [ 16.013943, 77.5383079 ], [ 16.0123966, 77.5383868 ], [ 16.0111613, 77.5386703 ], [ 16.0107479, 77.5390526 ], [ 16.0109311, 77.5393893 ], [ 16.014739, 77.5392326 ], [ 16.0156769, 77.5387083 ], [ 16.0152634, 77.5383805 ], [ 16.013943, 77.5383079 ] ], [ [ 16.0036948, 77.5399625 ], [ 16.0073894, 77.5388083 ], [ 16.0002866, 77.5400389 ], [ 16.0036948, 77.5399625 ] ], [ [ 16.026751, 77.5404642 ], [ 16.0271842, 77.5402749 ], [ 16.027649, 77.5400865 ], [ 16.0283484, 77.5399423 ], [ 16.0290825, 77.5398221 ], [ 16.0292075, 77.5396585 ], [ 16.0285323, 77.5395073 ], [ 16.027777, 77.5395302 ], [ 16.0271028, 77.5396845 ], [ 16.0260643, 77.5398328 ], [ 16.0246757, 77.5399436 ], [ 16.0237632, 77.5400851 ], [ 16.0235965, 77.5402737 ], [ 16.023903, 77.540464 ], [ 16.026751, 77.5404642 ] ], [ [ 16.001285, 77.544674 ], [ 16.0014759, 77.5444502 ], [ 16.0009938, 77.5441819 ], [ 15.9994947, 77.5439091 ], [ 15.9974943, 77.543712 ], [ 15.9957538, 77.5435777 ], [ 15.9945127, 77.5435677 ], [ 15.9938778, 77.5436922 ], [ 15.993906, 77.5438817 ], [ 15.9945642, 77.5440392 ], [ 15.9956847, 77.5441597 ], [ 15.9969944, 77.5442948 ], [ 15.9983296, 77.5444345 ], [ 15.9996517, 77.544612 ], [ 16.001285, 77.544674 ] ], [ [ 15.9411668, 77.5509328 ], [ 15.9409977, 77.5511366 ], [ 15.9413269, 77.5513465 ], [ 15.9459594, 77.5513422 ], [ 15.9452786, 77.5510985 ], [ 15.9438643, 77.5508822 ], [ 15.94218, 77.5508221 ], [ 15.9411668, 77.5509328 ] ], [ [ 16.399832, 77.4634093 ], [ 16.3987963, 77.4634299 ], [ 16.3986576, 77.4636925 ], [ 16.3992869, 77.4639301 ], [ 16.400411, 77.464094 ], [ 16.401718, 77.4642667 ], [ 16.402739, 77.4641211 ], [ 16.4014292, 77.4637145 ], [ 16.399832, 77.4634093 ] ], [ [ 16.3067989, 77.4727637 ], [ 16.3073374, 77.4724917 ], [ 16.3078756, 77.472144 ], [ 16.3079448, 77.4717826 ], [ 16.3073952, 77.4715691 ], [ 16.306519, 77.4715487 ], [ 16.3057795, 77.4716913 ], [ 16.3052858, 77.4719411 ], [ 16.3049608, 77.47223 ], [ 16.304919, 77.4725122 ], [ 16.3048024, 77.472759 ], [ 16.3048346, 77.4729629 ], [ 16.3062698, 77.4729722 ], [ 16.3067989, 77.4727637 ] ], [ [ 16.3292782, 77.7967824 ], [ 16.3300151, 77.7966378 ], [ 16.3307954, 77.7965184 ], [ 16.3308851, 77.7963597 ], [ 16.3298954, 77.796218 ], [ 16.3283876, 77.796245 ], [ 16.3268276, 77.7964087 ], [ 16.3256105, 77.7966821 ], [ 16.325211, 77.7969573 ], [ 16.3254045, 77.7971866 ], [ 16.3283563, 77.7971607 ], [ 16.3287969, 77.796971 ], [ 16.3292782, 77.7967824 ] ], [ [ 16.3159539, 77.7975907 ], [ 16.31215, 77.7984546 ], [ 16.3123157, 77.7989042 ], [ 16.3169596, 77.7985029 ], [ 16.3159539, 77.7975907 ] ], [ [ 15.9370764, 77.5514396 ], [ 15.9367383, 77.5512359 ], [ 15.935093, 77.5510902 ], [ 15.9326891, 77.5510886 ], [ 15.9314868, 77.5512547 ], [ 15.9317015, 77.5515465 ], [ 15.9339122, 77.5514123 ], [ 15.9352669, 77.5515538 ], [ 15.9364423, 77.5515707 ], [ 15.9370764, 77.5514396 ] ], [ [ 15.7493879, 77.7532192 ], [ 15.7504632, 77.7535827 ], [ 15.7526718, 77.753112 ], [ 15.7509665, 77.752883 ], [ 15.749662, 77.752816 ], [ 15.7490741, 77.7529413 ], [ 15.7493879, 77.7532192 ] ], [ [ 15.512181, 77.851613 ], [ 15.5122786, 77.851859 ], [ 15.5145996, 77.8517557 ], [ 15.5146936, 77.8514082 ], [ 15.5138314, 77.8512375 ], [ 15.5126791, 77.8513615 ], [ 15.512181, 77.851613 ] ], [ [ 15.5139585, 77.8538233 ], [ 15.5210739, 77.8520097 ], [ 15.5204333, 77.8518891 ], [ 15.5101351, 77.8530693 ], [ 15.5098234, 77.8538244 ], [ 15.5139585, 77.8538233 ] ], [ [ 16.3245525, 77.7978497 ], [ 16.3227324, 77.797909 ], [ 16.3208607, 77.7982492 ], [ 16.3200349, 77.7986032 ], [ 16.3200386, 77.7988806 ], [ 16.3223398, 77.7986153 ], [ 16.3243722, 77.7983887 ], [ 16.3253319, 77.7980833 ], [ 16.3245525, 77.7978497 ] ], [ [ 16.309175, 77.799498 ], [ 16.309369, 77.7998956 ], [ 16.3121891, 77.799473 ], [ 16.3117542, 77.7992507 ], [ 16.3109674, 77.7991319 ], [ 16.3098917, 77.7992069 ], [ 16.309175, 77.799498 ] ], [ [ 16.3166838, 77.7998394 ], [ 16.3122816, 77.7999614 ], [ 16.3110209, 77.8011152 ], [ 16.3175961, 77.800054 ], [ 16.3166838, 77.7998394 ] ], [ [ 16.8406152, 77.8753539 ], [ 16.8409111, 77.8755614 ], [ 16.8418767, 77.8753587 ], [ 16.8415304, 77.8751616 ], [ 16.8410532, 77.875077 ], [ 16.8406519, 77.8751612 ], [ 16.8406152, 77.8753539 ] ], [ [ 16.8585908, 77.8752998 ], [ 16.8579493, 77.8755708 ], [ 16.8578552, 77.8760273 ], [ 16.8581624, 77.8764499 ], [ 16.8599377, 77.8764499 ], [ 16.8602449, 77.8760273 ], [ 16.8601509, 77.8755708 ], [ 16.8595092, 77.8752998 ], [ 16.8585908, 77.8752998 ] ], [ [ 16.8447928, 77.8774923 ], [ 16.846724, 77.8774923 ], [ 16.8466738, 77.8773576 ], [ 16.8461598, 77.877265 ], [ 16.8453572, 77.877265 ], [ 16.8448431, 77.8773576 ], [ 16.8447928, 77.8774923 ] ], [ [ 16.8849213, 77.8805429 ], [ 16.8836946, 77.8807392 ], [ 16.8831853, 77.8811092 ], [ 16.8832951, 77.8814567 ], [ 16.8850567, 77.8814507 ], [ 16.8856279, 77.8812211 ], [ 16.886025, 77.8809443 ], [ 16.8859496, 77.8806663 ], [ 16.8849213, 77.8805429 ] ], [ [ 16.8724952, 77.8892318 ], [ 16.872002, 77.888906 ], [ 16.8713146, 77.8888241 ], [ 16.8708127, 77.8890527 ], [ 16.8710963, 77.8894373 ], [ 16.8724952, 77.8892318 ] ], [ [ 16.8619956, 77.8889588 ], [ 16.860713, 77.8891078 ], [ 16.8607703, 77.8893867 ], [ 16.8618144, 77.8897454 ], [ 16.8642606, 77.8897454 ], [ 16.8653045, 77.8893867 ], [ 16.865362, 77.8891078 ], [ 16.8640794, 77.8889588 ], [ 16.8619956, 77.8889588 ] ], [ [ 16.9182798, 77.8927733 ], [ 16.918979, 77.8930655 ], [ 16.9203696, 77.892952 ], [ 16.9199148, 77.8927323 ], [ 16.9191961, 77.8925968 ], [ 16.9184273, 77.8926039 ], [ 16.9182798, 77.8927733 ] ], [ [ 16.8185819, 77.8938884 ], [ 16.8174427, 77.8941277 ], [ 16.8181546, 77.8943967 ], [ 16.8198636, 77.8940378 ], [ 16.8185819, 77.8938884 ] ], [ [ 16.9208797, 77.8951539 ], [ 16.9204999, 77.8952338 ], [ 16.9207371, 77.8953235 ], [ 16.9213068, 77.8952038 ], [ 16.9208797, 77.8951539 ] ], [ [ 16.7531322, 77.8970872 ], [ 16.7518784, 77.8971412 ], [ 16.7506852, 77.8973892 ], [ 16.7502398, 77.8976709 ], [ 16.7503939, 77.8979115 ], [ 16.7536089, 77.897909 ], [ 16.7539476, 77.8975921 ], [ 16.753865, 77.897265 ], [ 16.7531322, 77.8970872 ] ], [ [ 16.9153382, 77.9001318 ], [ 16.9195334, 77.8997256 ], [ 16.9286001, 77.8992985 ], [ 16.9305649, 77.8982708 ], [ 16.9286689, 77.8964705 ], [ 16.9225684, 77.8954964 ], [ 16.9216992, 77.8955153 ], [ 16.9260809, 77.8984265 ], [ 16.923583, 77.899217 ], [ 16.9178168, 77.8985873 ], [ 16.9143991, 77.8993233 ], [ 16.9153382, 77.9001318 ] ], [ [ 16.7947913, 77.8976299 ], [ 16.7941496, 77.897759 ], [ 16.7940555, 77.8979619 ], [ 16.7943627, 77.8981668 ], [ 16.796138, 77.8981668 ], [ 16.7964453, 77.8979619 ], [ 16.7963513, 77.897759 ], [ 16.7957096, 77.8976299 ], [ 16.7947913, 77.8976299 ] ], [ [ 16.8299819, 77.8993495 ], [ 16.8302779, 77.8995569 ], [ 16.8312433, 77.8993542 ], [ 16.8308972, 77.8991572 ], [ 16.8304198, 77.8990725 ], [ 16.8300186, 77.8991568 ], [ 16.8299819, 77.8993495 ] ], [ [ 15.4934568, 76.855128 ], [ 15.4932699, 76.8554596 ], [ 15.4935659, 76.8557788 ], [ 15.4969687, 76.8556983 ], [ 15.496994, 76.8552948 ], [ 15.4959766, 76.8550012 ], [ 15.4944417, 76.8549438 ], [ 15.4934568, 76.855128 ] ], [ [ 15.4917852, 76.8720958 ], [ 15.4909588, 76.8720886 ], [ 15.4900761, 76.8723576 ], [ 15.4897311, 76.8727483 ], [ 15.4898736, 76.8730952 ], [ 15.4928021, 76.8730778 ], [ 15.493035, 76.8728616 ], [ 15.4929107, 76.8725985 ], [ 15.4924001, 76.8723129 ], [ 15.4917852, 76.8720958 ] ], [ [ 15.5005227, 76.8838427 ], [ 15.5026904, 76.8839461 ], [ 15.5027815, 76.8837003 ], [ 15.5023164, 76.8834486 ], [ 15.5012401, 76.8833246 ], [ 15.5004351, 76.8834955 ], [ 15.5005227, 76.8838427 ] ], [ [ 15.4809242, 76.8853245 ], [ 15.4803116, 76.8854866 ], [ 15.4805326, 76.8857939 ], [ 15.481006, 76.8861651 ], [ 15.4815499, 76.886487 ], [ 15.4836859, 76.8859258 ], [ 15.4831451, 76.885553 ], [ 15.4821733, 76.8853408 ], [ 15.4809242, 76.8853245 ] ], [ [ 15.4894382, 76.888116 ], [ 15.4904578, 76.8870167 ], [ 15.4892936, 76.8867331 ], [ 15.4861931, 76.8869463 ], [ 15.4877028, 76.8881512 ], [ 15.4894382, 76.888116 ] ], [ [ 14.9838274, 77.0521996 ], [ 14.9828628, 77.0523973 ], [ 14.9830148, 77.0528004 ], [ 14.9840131, 77.0532709 ], [ 14.9863206, 77.0532733 ], [ 14.9871467, 77.0528792 ], [ 14.9869605, 77.0525213 ], [ 14.9855661, 77.0522536 ], [ 14.9838274, 77.0521996 ] ], [ [ 15.0018123, 77.0522168 ], [ 15.0001467, 77.0524114 ], [ 15.001428, 77.0532695 ], [ 15.0048629, 77.0528311 ], [ 15.0018123, 77.0522168 ] ], [ [ 14.9468715, 77.0571038 ], [ 14.9499458, 77.0596344 ], [ 14.945134, 77.0609933 ], [ 14.9454236, 77.0622636 ], [ 14.9638793, 77.0598748 ], [ 14.9668763, 77.0597631 ], [ 14.9769347, 77.0601724 ], [ 14.9779876, 77.0599017 ], [ 14.9793657, 77.0569067 ], [ 14.9864554, 77.0556639 ], [ 14.9732617, 77.0523527 ], [ 14.9563233, 77.0542231 ], [ 14.9539531, 77.0547802 ], [ 14.9468715, 77.0571038 ] ], [ [ 14.907209, 77.065724 ], [ 14.9015403, 77.0664551 ], [ 14.9004552, 77.068508 ], [ 14.9078379, 77.0691535 ], [ 14.9209129, 77.0672837 ], [ 14.9258664, 77.0666519 ], [ 14.9398721, 77.0645707 ], [ 14.9412115, 77.0640066 ], [ 14.9412003, 77.0632297 ], [ 14.9399174, 77.0626854 ], [ 14.9274741, 77.0606567 ], [ 14.9252774, 77.0605803 ], [ 14.9202251, 77.0614889 ], [ 14.9198472, 77.066106 ], [ 14.907209, 77.065724 ] ], [ [ 14.9894385, 77.0672609 ], [ 14.9869343, 77.0670292 ], [ 14.9705091, 77.0673308 ], [ 14.9694542, 77.0676326 ], [ 14.971934, 77.0704432 ], [ 14.9770252, 77.071434 ], [ 14.9819291, 77.0714217 ], [ 14.9924465, 77.0702574 ], [ 14.9994813, 77.0693389 ], [ 14.9894385, 77.0672609 ] ], [ [ 15.1467201, 77.0698864 ], [ 15.1462225, 77.0696574 ], [ 15.145469, 77.0694875 ], [ 15.1444112, 77.0693681 ], [ 15.1433758, 77.0692965 ], [ 15.1427985, 77.0693758 ], [ 15.1428757, 77.0695977 ], [ 15.1434131, 77.0698727 ], [ 15.1439434, 77.0701284 ], [ 15.1444602, 77.0703413 ], [ 15.1471794, 77.0703347 ], [ 15.1471018, 77.0701249 ], [ 15.1467201, 77.0698864 ] ], [ [ 15.1464123, 77.0708994 ], [ 15.1442499, 77.0715605 ], [ 15.1443037, 77.072293 ], [ 15.1457157, 77.0723026 ], [ 15.1464123, 77.0708994 ] ], [ [ 15.139109, 77.0743124 ], [ 15.1435654, 77.0747793 ], [ 15.144949, 77.0729804 ], [ 15.1443928, 77.0727046 ], [ 15.1397998, 77.0724112 ], [ 15.1377574, 77.0724223 ], [ 15.139109, 77.0743124 ] ], [ [ 15.0662766, 77.0779393 ], [ 15.0630307, 77.0781991 ], [ 15.0621957, 77.079024 ], [ 15.0651141, 77.0789951 ], [ 15.0662766, 77.0779393 ] ], [ [ 15.0401771, 77.0994197 ], [ 15.0338953, 77.1024256 ], [ 15.0470439, 77.1005369 ], [ 15.0419441, 77.0994852 ], [ 15.0401771, 77.0994197 ] ], [ [ 14.7996327, 77.1487895 ], [ 14.7909049, 77.1499372 ], [ 14.7860821, 77.1515681 ], [ 14.7836537, 77.1539576 ], [ 14.7847815, 77.1541262 ], [ 14.7910466, 77.1545759 ], [ 14.8141893, 77.1501611 ], [ 14.8028851, 77.1489058 ], [ 14.7996327, 77.1487895 ] ], [ [ 14.5579875, 77.4946349 ], [ 14.5451486, 77.4927574 ], [ 14.5434135, 77.4926447 ], [ 14.5375144, 77.4931704 ], [ 14.5373409, 77.4933958 ], [ 14.540117, 77.4942219 ], [ 14.5418521, 77.4948227 ], [ 14.550527, 77.4962872 ], [ 14.5559055, 77.4959117 ], [ 14.5578141, 77.4954611 ], [ 14.5579875, 77.4946349 ] ], [ [ 14.5603377, 77.5297338 ], [ 14.5595912, 77.5295919 ], [ 14.5587116, 77.5296082 ], [ 14.5581185, 77.5298072 ], [ 14.5580426, 77.530133 ], [ 14.5583465, 77.5304437 ], [ 14.5613827, 77.5304379 ], [ 14.561291, 77.5302213 ], [ 14.5608748, 77.529972 ], [ 14.5603377, 77.5297338 ] ], [ [ 15.0052747, 77.5672061 ], [ 15.002627, 77.566766 ], [ 14.9975882, 77.5670707 ], [ 14.9948819, 77.5685642 ], [ 14.9958405, 77.5690199 ], [ 15.0010194, 77.5697039 ], [ 15.0062432, 77.5704058 ], [ 15.0074651, 77.5696487 ], [ 15.0078924, 77.5689269 ], [ 15.0052747, 77.5672061 ] ], [ [ 14.9138355, 77.6040133 ], [ 14.9157249, 77.6035068 ], [ 14.91883, 77.601723 ], [ 14.9143234, 77.5985858 ], [ 14.9184073, 77.592977 ], [ 14.9165196, 77.5920084 ], [ 14.9140955, 77.5920078 ], [ 14.906502, 77.5936152 ], [ 14.9001368, 77.6000392 ], [ 14.9001399, 77.6008698 ], [ 14.9033403, 77.6028759 ], [ 14.9046282, 77.6032004 ], [ 14.9113497, 77.6034832 ], [ 14.9120219, 77.6040972 ], [ 14.9138355, 77.6040133 ] ], [ [ 14.7560389, 77.6410822 ], [ 14.7548444, 77.6411854 ], [ 14.7541717, 77.6413506 ], [ 14.75411, 77.641555 ], [ 14.7544447, 77.6417522 ], [ 14.7579007, 77.6416749 ], [ 14.7581007, 77.6413125 ], [ 14.7573354, 77.6410856 ], [ 14.7560389, 77.6410822 ] ], [ [ 14.8016752, 77.6833012 ], [ 14.8088444, 77.6841516 ], [ 14.8169198, 77.6816245 ], [ 14.8227139, 77.6799453 ], [ 14.8231221, 77.6795257 ], [ 14.8098511, 77.6784149 ], [ 14.8102883, 77.6744698 ], [ 14.7944574, 77.6796896 ], [ 14.7956159, 77.6819651 ], [ 14.8026572, 77.6814651 ], [ 14.8023831, 77.6825212 ], [ 14.8016752, 77.6833012 ] ], [ [ 14.8015223, 77.6883434 ], [ 14.7954921, 77.6909426 ], [ 14.8027335, 77.6898102 ], [ 14.8041528, 77.6883491 ], [ 14.8015223, 77.6883434 ] ], [ [ 14.7961626, 77.6918184 ], [ 14.7960814, 77.6915202 ], [ 14.7921227, 77.6915137 ], [ 14.7898039, 77.6917549 ], [ 14.7880332, 77.6931076 ], [ 14.7961626, 77.6918184 ] ], [ [ 14.764784, 77.6942785 ], [ 14.7887729, 77.6884093 ], [ 14.7871704, 77.6878783 ], [ 14.7825757, 77.6871623 ], [ 14.7710772, 77.6863213 ], [ 14.7578841, 77.6884764 ], [ 14.7276865, 77.697183 ], [ 14.7222195, 77.7007174 ], [ 14.7055321, 77.7046618 ], [ 14.7019525, 77.7080868 ], [ 14.6780099, 77.7130032 ], [ 14.6622281, 77.7134058 ], [ 14.6637529, 77.7155293 ], [ 14.6552596, 77.7191253 ], [ 14.6528909, 77.7205842 ], [ 14.5709546, 77.7462991 ], [ 14.5721828, 77.7465234 ], [ 14.5932831, 77.7435247 ], [ 14.6048326, 77.7404999 ], [ 14.6256419, 77.7340035 ], [ 14.6396369, 77.7314794 ], [ 14.647976, 77.7259917 ], [ 14.6610774, 77.7217423 ], [ 14.6637433, 77.7211421 ], [ 14.6706845, 77.7196167 ], [ 14.703914, 77.7168351 ], [ 14.72115, 77.7108271 ], [ 14.735269, 77.7103987 ], [ 14.7422754, 77.7066402 ], [ 14.7569473, 77.7050626 ], [ 14.765625, 77.7025669 ], [ 14.7839561, 77.6953125 ], [ 14.765625, 77.6992188 ], [ 14.7587914, 77.702932 ], [ 14.7570225, 77.7033653 ], [ 14.7488256, 77.7040553 ], [ 14.7444386, 77.7031521 ], [ 14.7481056, 77.7001072 ], [ 14.764784, 77.6942785 ] ], [ [ 14.2451224, 77.7469892 ], [ 14.2401319, 77.7470866 ], [ 14.238409, 77.7480779 ], [ 14.2459334, 77.7472051 ], [ 14.2451224, 77.7469892 ] ], [ [ 14.2280383, 77.7492611 ], [ 14.2288446, 77.7499791 ], [ 14.2313765, 77.7497867 ], [ 14.23625, 77.7487866 ], [ 14.2355126, 77.7486304 ], [ 14.2294931, 77.7489737 ], [ 14.2280383, 77.7492611 ] ], [ [ 14.0034847, 78.2968013 ], [ 14.0059046, 78.2966672 ], [ 14.0087481, 78.2961828 ], [ 14.0083842, 78.2958415 ], [ 14.0060989, 78.29556 ], [ 14.0012867, 78.2957007 ], [ 14.0034847, 78.2968013 ] ], [ [ 13.7111309, 77.7719399 ], [ 13.7118523, 77.7722951 ], [ 13.7135655, 77.7723693 ], [ 13.7140473, 77.7720615 ], [ 13.7145648, 77.7716982 ], [ 13.7152538, 77.7713588 ], [ 13.7159216, 77.7710598 ], [ 13.7164793, 77.770776 ], [ 13.7165079, 77.7704887 ], [ 13.7160288, 77.7702023 ], [ 13.71544, 77.7699589 ], [ 13.7145948, 77.7698388 ], [ 13.713375, 77.7699099 ], [ 13.7121096, 77.7701662 ], [ 13.7112871, 77.7704792 ], [ 13.7108684, 77.7707809 ], [ 13.7108527, 77.7710645 ], [ 13.7108078, 77.7713404 ], [ 13.7109156, 77.7716249 ], [ 13.7111309, 77.7719399 ] ], [ [ 13.6452504, 77.8561769 ], [ 13.6463257, 77.8565403 ], [ 13.6485342, 77.8560696 ], [ 13.646829, 77.8558404 ], [ 13.6455245, 77.8557736 ], [ 13.6449364, 77.8558989 ], [ 13.6452504, 77.8561769 ] ], [ [ 12.9411089, 78.2165915 ], [ 12.9398183, 78.2164838 ], [ 12.9384815, 78.2167494 ], [ 12.9379581, 78.2172421 ], [ 12.9380857, 78.2176955 ], [ 12.9398061, 78.2176666 ], [ 12.9404056, 78.2174562 ], [ 12.9409918, 78.2171932 ], [ 12.9414523, 78.2168833 ], [ 12.9411089, 78.2165915 ] ], [ [ 12.9342552, 78.2202739 ], [ 12.9351552, 78.2206687 ], [ 12.9380906, 78.2202249 ], [ 12.9370381, 78.2199457 ], [ 12.935587, 78.219806 ], [ 12.9343669, 78.2199512 ], [ 12.9342552, 78.2202739 ] ], [ [ 13.7529821, 78.2589968 ], [ 13.7533004, 78.2586226 ], [ 13.7523665, 78.2584755 ], [ 13.7500795, 78.2585371 ], [ 13.7471468, 78.2586474 ], [ 13.7455493, 78.2587633 ], [ 13.7457643, 78.2588899 ], [ 13.7472951, 78.2590804 ], [ 13.7495461, 78.2593977 ], [ 13.7517895, 78.259456 ], [ 13.7529821, 78.2589968 ] ], [ [ 13.7519475, 78.2678006 ], [ 13.7547402, 78.2678006 ], [ 13.754895, 78.2673963 ], [ 13.75402, 78.2671188 ], [ 13.7526675, 78.2671188 ], [ 13.7517925, 78.2673963 ], [ 13.7519475, 78.2678006 ] ], [ [ 13.7439305, 78.2698071 ], [ 13.7420127, 78.2699053 ], [ 13.7403774, 78.2703007 ], [ 13.7397989, 78.2708308 ], [ 13.7399575, 78.2712831 ], [ 13.7425028, 78.2711334 ], [ 13.7443568, 78.2705038 ], [ 13.7448976, 78.2700191 ], [ 13.7439305, 78.2698071 ] ], [ [ 12.8713132, 78.3158143 ], [ 12.8711562, 78.3161089 ], [ 12.8714522, 78.3164229 ], [ 12.8733866, 78.3164314 ], [ 12.8735189, 78.3161852 ], [ 12.8730956, 78.3159158 ], [ 12.8720932, 78.3157328 ], [ 12.8713132, 78.3158143 ] ], [ [ 13.8979095, 78.2971638 ], [ 13.9031276, 78.2971135 ], [ 13.9037389, 78.296977 ], [ 13.9017646, 78.296452 ], [ 13.8907825, 78.2955468 ], [ 13.8900927, 78.295808 ], [ 13.8979095, 78.2971638 ] ], [ [ 13.9148803, 78.2971493 ], [ 13.9214826, 78.2971493 ], [ 13.9207729, 78.2969064 ], [ 13.9192086, 78.2967088 ], [ 13.9171543, 78.2967088 ], [ 13.91559, 78.2969064 ], [ 13.9148803, 78.2971493 ] ], [ [ 13.9158198, 78.2988636 ], [ 13.9134382, 78.2987536 ], [ 13.9114207, 78.2986041 ], [ 13.909824, 78.2984536 ], [ 13.9084069, 78.2983236 ], [ 13.9071673, 78.2983264 ], [ 13.9064429, 78.2985165 ], [ 13.9067684, 78.2988194 ], [ 13.9087785, 78.2990489 ], [ 13.9123458, 78.2991999 ], [ 13.9157938, 78.2993642 ], [ 13.9178426, 78.2989658 ], [ 13.9158198, 78.2988636 ] ], [ [ 13.9475861, 78.3044598 ], [ 13.9475774, 78.3042896 ], [ 13.9468466, 78.3042225 ], [ 13.9454882, 78.3043278 ], [ 13.9437013, 78.3045709 ], [ 13.9419326, 78.3049386 ], [ 13.9408813, 78.3052845 ], [ 13.9431412, 78.3051636 ], [ 13.945273, 78.3048429 ], [ 13.946821, 78.3046345 ], [ 13.9475861, 78.3044598 ] ], [ [ 12.8424692, 78.3189923 ], [ 12.8427739, 78.3191998 ], [ 12.8437675, 78.3189971 ], [ 12.8434113, 78.3188002 ], [ 12.8429199, 78.3187155 ], [ 12.842507, 78.3187996 ], [ 12.8424692, 78.3189923 ] ], [ [ 12.8329488, 78.3240933 ], [ 12.8315747, 78.3245121 ], [ 12.8312438, 78.3250279 ], [ 12.835009, 78.3251084 ], [ 12.8353676, 78.3246769 ], [ 12.83527, 78.3242201 ], [ 12.8344318, 78.3239845 ], [ 12.8329488, 78.3240933 ] ], [ [ 12.8171743, 78.329833 ], [ 12.816565, 78.3300815 ], [ 12.8189549, 78.3299994 ], [ 12.8196675, 78.3297088 ], [ 12.8194189, 78.329559 ], [ 12.8183298, 78.3296127 ], [ 12.8171743, 78.329833 ] ], [ [ 12.8211181, 78.330671 ], [ 12.8135532, 78.3316814 ], [ 12.813519, 78.3318533 ], [ 12.8184381, 78.3328968 ], [ 12.8201003, 78.3327916 ], [ 12.8285216, 78.3311882 ], [ 12.8258688, 78.3304996 ], [ 12.8211181, 78.330671 ] ], [ [ 14.2648606, 78.3365206 ], [ 14.2638251, 78.3366446 ], [ 14.2640045, 78.3369237 ], [ 14.2651085, 78.3372881 ], [ 14.2687627, 78.3373643 ], [ 14.2689238, 78.3371266 ], [ 14.2683572, 78.3368475 ], [ 14.2667505, 78.3365967 ], [ 14.2648606, 78.3365206 ] ], [ [ 14.6040179, 78.3764077 ], [ 14.6031075, 78.3765528 ], [ 14.6032915, 78.3768305 ], [ 14.604369, 78.3771889 ], [ 14.6078289, 78.3770411 ], [ 14.6073977, 78.3767937 ], [ 14.6067212, 78.3765581 ], [ 14.6055508, 78.3764133 ], [ 14.6040179, 78.3764077 ] ], [ [ 14.595492, 78.3767002 ], [ 14.5948575, 78.3769718 ], [ 14.5947711, 78.377425 ], [ 14.5950897, 78.3778445 ], [ 14.5975562, 78.3772737 ], [ 14.5971339, 78.3768922 ], [ 14.5964119, 78.3766803 ], [ 14.595492, 78.3767002 ] ], [ [ 14.6112233, 78.3773721 ], [ 14.6118768, 78.3777325 ], [ 14.6137291, 78.3782539 ], [ 14.6154633, 78.3781369 ], [ 14.6144884, 78.3776563 ], [ 14.6131094, 78.3773171 ], [ 14.6118015, 78.3772249 ], [ 14.6112233, 78.3773721 ] ], [ [ 12.9290218, 78.3639576 ], [ 12.9276999, 78.3641835 ], [ 12.9272534, 78.3644626 ], [ 12.9274441, 78.3647063 ], [ 12.9322348, 78.3647063 ], [ 12.9324254, 78.3644626 ], [ 12.9319789, 78.3641835 ], [ 12.9306571, 78.3639576 ], [ 12.9290218, 78.3639576 ] ], [ [ 12.9215745, 78.3689806 ], [ 12.9199433, 78.3693871 ], [ 12.9198577, 78.3699034 ], [ 12.921361, 78.3704898 ], [ 12.9246566, 78.3699023 ], [ 12.9242104, 78.3692187 ], [ 12.9232388, 78.3688924 ], [ 12.9215745, 78.3689806 ] ], [ [ 12.8967918, 78.3730632 ], [ 12.8960329, 78.372816 ], [ 12.8948278, 78.3728547 ], [ 12.8938887, 78.3731166 ], [ 12.8938694, 78.3734308 ], [ 12.8942893, 78.3737024 ], [ 12.8948724, 78.3739185 ], [ 12.8965626, 78.3739359 ], [ 12.8968962, 78.3735129 ], [ 12.8967918, 78.3730632 ] ], [ [ 12.8992718, 78.3741643 ], [ 12.8986802, 78.3745565 ], [ 12.901525, 78.3758355 ], [ 12.9099261, 78.3748559 ], [ 12.9071826, 78.373448 ], [ 12.9030197, 78.3734899 ], [ 12.8992718, 78.3741643 ] ], [ [ 12.8958342, 78.3762676 ], [ 12.8957498, 78.3764714 ], [ 12.8960928, 78.3766814 ], [ 12.8994851, 78.3766772 ], [ 12.8989208, 78.3764333 ], [ 12.8977824, 78.376217 ], [ 12.8965636, 78.3761569 ], [ 12.8958342, 78.3762676 ] ], [ [ 12.9088361, 78.3766456 ], [ 12.9087262, 78.3762301 ], [ 12.9074068, 78.3762037 ], [ 12.9059439, 78.3764493 ], [ 12.9049469, 78.3767236 ], [ 12.9040985, 78.3768978 ], [ 12.903343, 78.3770089 ], [ 12.9032336, 78.3771797 ], [ 12.9039794, 78.3774478 ], [ 12.9071214, 78.3773487 ], [ 12.9088361, 78.3766456 ] ], [ [ 12.8935271, 78.3843412 ], [ 12.903832, 78.384221 ], [ 12.9038956, 78.3839297 ], [ 12.9032716, 78.3835293 ], [ 12.8886868, 78.3784708 ], [ 12.8870288, 78.3783863 ], [ 12.8839344, 78.378553 ], [ 12.8657459, 78.3821369 ], [ 12.8657627, 78.3823695 ], [ 12.8685238, 78.3833301 ], [ 12.8820643, 78.3825794 ], [ 12.8904217, 78.384411 ], [ 12.8935271, 78.3843412 ] ], [ [ 12.8703141, 78.3850902 ], [ 12.8587452, 78.3874812 ], [ 12.8576424, 78.3882492 ], [ 12.8591835, 78.388849 ], [ 12.8648262, 78.3895761 ], [ 12.8777893, 78.3900667 ], [ 12.8785923, 78.3896884 ], [ 12.8771327, 78.3861204 ], [ 12.8703141, 78.3850902 ] ], [ [ 14.1632748, 78.3912208 ], [ 14.1655818, 78.3936063 ], [ 14.1703007, 78.3939168 ], [ 14.1754485, 78.3925025 ], [ 14.1826748, 78.389398 ], [ 14.1839935, 78.3881576 ], [ 14.1832803, 78.3879985 ], [ 14.1632748, 78.3912208 ] ], [ [ 14.1406143, 78.4004843 ], [ 14.1366063, 78.4018331 ], [ 14.1395435, 78.4042525 ], [ 14.161391, 78.4037513 ], [ 14.161393, 78.4007747 ], [ 14.1608089, 78.4005609 ], [ 14.1478177, 78.4001524 ], [ 14.1406143, 78.4004843 ] ], [ [ 14.1764559, 78.4023944 ], [ 14.1765592, 78.4026403 ], [ 14.1790175, 78.4025369 ], [ 14.1791168, 78.4021896 ], [ 14.1782039, 78.4020187 ], [ 14.1769832, 78.4021426 ], [ 14.1764559, 78.4023944 ] ], [ [ 14.3917449, 78.5228755 ], [ 14.3974982, 78.5221488 ], [ 14.3942404, 78.521185 ], [ 14.3893383, 78.521592 ], [ 14.3897535, 78.5229228 ], [ 14.3917449, 78.5228755 ] ], [ [ 12.8251503, 78.3912431 ], [ 12.8246747, 78.3915263 ], [ 12.8248422, 78.3917723 ], [ 12.8286489, 78.3916835 ], [ 12.8288407, 78.3912855 ], [ 12.827969, 78.3910148 ], [ 12.8264744, 78.3910109 ], [ 12.8251503, 78.3912431 ] ], [ [ 12.8626208, 78.3932815 ], [ 12.8567334, 78.3921705 ], [ 12.8505846, 78.3954118 ], [ 12.8626208, 78.3932815 ] ], [ [ 13.002381, 78.5104895 ], [ 13.0011487, 78.5102479 ], [ 12.988354, 78.5095762 ], [ 12.9923955, 78.5111625 ], [ 13.0025986, 78.511204 ], [ 13.002381, 78.5104895 ] ], [ [ 13.1603642, 78.5226004 ], [ 13.1599652, 78.5207494 ], [ 13.1567432, 78.5199322 ], [ 13.1542468, 78.5202442 ], [ 13.153855, 78.521076 ], [ 13.1603642, 78.5226004 ] ], [ [ 16.9083155, 77.9000281 ], [ 16.9013962, 77.8999116 ], [ 16.8972949, 77.8998923 ], [ 16.8947221, 77.9009213 ], [ 16.9077011, 77.900272 ], [ 16.9083155, 77.9000281 ] ], [ [ 16.7662739, 77.9007685 ], [ 16.7628803, 77.9014021 ], [ 16.7650173, 77.9023489 ], [ 16.769103, 77.901565 ], [ 16.7662739, 77.9007685 ] ], [ [ 16.8598154, 77.9018267 ], [ 16.8598607, 77.9019848 ], [ 16.8608539, 77.9021356 ], [ 16.8622187, 77.9023168 ], [ 16.8633399, 77.902149 ], [ 16.8623039, 77.9018819 ], [ 16.8609079, 77.9017395 ], [ 16.8598154, 77.9018267 ] ], [ [ 16.8708916, 77.9032187 ], [ 16.8707494, 77.90345 ], [ 16.875, 77.9040178 ], [ 16.875, 77.9042968 ], [ 16.8787411, 77.9045104 ], [ 16.8878204, 77.9038079 ], [ 16.8942376, 77.904188 ], [ 16.8948338, 77.9041022 ], [ 16.8863221, 77.9029402 ], [ 16.895592, 77.9024181 ], [ 16.8921601, 77.9012485 ], [ 16.875, 77.9031808 ], [ 16.875, 77.9034597 ], [ 16.8708916, 77.9032187 ] ], [ [ 16.8671035, 77.9031022 ], [ 16.8694257, 77.9031842 ], [ 16.8688335, 77.9029357 ], [ 16.8677109, 77.9027154 ], [ 16.8666527, 77.9026618 ], [ 16.866411, 77.9028114 ], [ 16.8671035, 77.9031022 ] ], [ [ 16.8125786, 77.9043205 ], [ 16.8108732, 77.9027972 ], [ 16.8085469, 77.9025269 ], [ 16.7953478, 77.902624 ], [ 16.8062394, 77.9041423 ], [ 16.8125786, 77.9043205 ] ], [ [ 16.7878025, 77.9044108 ], [ 16.7886441, 77.9048126 ], [ 16.7913914, 77.9047914 ], [ 16.7909449, 77.9043303 ], [ 16.7894613, 77.9040318 ], [ 16.7880355, 77.9041018 ], [ 16.7878025, 77.9044108 ] ], [ [ 16.7566096, 77.9053423 ], [ 16.7594585, 77.9053423 ], [ 16.759797, 77.9050461 ], [ 16.7589142, 77.9048737 ], [ 16.7571537, 77.9048737 ], [ 16.756271, 77.9050461 ], [ 16.7566096, 77.9053423 ] ], [ [ 16.7808115, 77.9060097 ], [ 16.7766182, 77.9070526 ], [ 16.784253, 77.9064053 ], [ 16.7845343, 77.9061465 ], [ 16.7808115, 77.9060097 ] ], [ [ 16.9088438, 77.9078223 ], [ 16.9080219, 77.9080526 ], [ 16.9082044, 77.9084171 ], [ 16.910809, 77.9084255 ], [ 16.911526, 77.9081289 ], [ 16.9113007, 77.9079236 ], [ 16.9101946, 77.9078147 ], [ 16.9088438, 77.9078223 ] ], [ [ 16.8290569, 77.908025 ], [ 16.8279505, 77.9082413 ], [ 16.8274024, 77.9084852 ], [ 16.8306984, 77.9084893 ], [ 16.8310319, 77.9082794 ], [ 16.8309499, 77.9080758 ], [ 16.8302408, 77.9079649 ], [ 16.8290569, 77.908025 ] ], [ [ 16.875, 77.9095982 ], [ 16.8738406, 77.9094644 ], [ 16.8593878, 77.9068224 ], [ 16.8584982, 77.9081782 ], [ 16.8432041, 77.9075325 ], [ 16.843132, 77.9077218 ], [ 16.8557714, 77.9097044 ], [ 16.8684272, 77.9090697 ], [ 16.8694779, 77.9092118 ], [ 16.875, 77.9101562 ], [ 16.875, 77.9095982 ] ], [ [ 16.8798575, 77.9099066 ], [ 16.8792157, 77.9100358 ], [ 16.8791215, 77.9102387 ], [ 16.8794289, 77.9104437 ], [ 16.8812042, 77.9104437 ], [ 16.8815115, 77.9102387 ], [ 16.8814175, 77.9100358 ], [ 16.8807756, 77.9099066 ], [ 16.8798575, 77.9099066 ] ], [ [ 16.8312323, 77.9097476 ], [ 16.8285453, 77.9097739 ], [ 16.8328735, 77.9118139 ], [ 16.8367347, 77.9099967 ], [ 16.8312323, 77.9097476 ] ], [ [ 16.823011, 77.9110444 ], [ 16.8234125, 77.9114794 ], [ 16.8237951, 77.9118819 ], [ 16.8254883, 77.9119267 ], [ 16.8256177, 77.9114797 ], [ 16.8251512, 77.91091 ], [ 16.8239872, 77.9103578 ], [ 16.8227108, 77.9099382 ], [ 16.8211805, 77.9096907 ], [ 16.81958, 77.9097081 ], [ 16.818314, 77.9099495 ], [ 16.8179748, 77.9102184 ], [ 16.818574, 77.9103969 ], [ 16.8197746, 77.910506 ], [ 16.8211346, 77.9106199 ], [ 16.8222893, 77.9107625 ], [ 16.823011, 77.9110444 ] ], [ [ 16.8785284, 77.9113017 ], [ 16.8778867, 77.911431 ], [ 16.8777924, 77.9116338 ], [ 16.8780997, 77.9118387 ], [ 16.8798749, 77.9118387 ], [ 16.8801823, 77.9116338 ], [ 16.8800883, 77.911431 ], [ 16.8794466, 77.9113017 ], [ 16.8785284, 77.9113017 ] ], [ [ 17.0779333, 77.940641 ], [ 17.0782932, 77.9401087 ], [ 17.0782028, 77.9395397 ], [ 17.0773551, 77.9392501 ], [ 17.0757915, 77.9393359 ], [ 17.074253, 77.9396628 ], [ 17.0739601, 77.9399245 ], [ 17.07463, 77.9400688 ], [ 17.075379, 77.9402086 ], [ 17.0758919, 77.9403896 ], [ 17.076359, 77.940574 ], [ 17.0779333, 77.940641 ] ], [ [ 17.2725602, 77.9442646 ], [ 17.2728494, 77.9444706 ], [ 17.2747467, 77.9444636 ], [ 17.274263, 77.9442378 ], [ 17.2733818, 77.9440683 ], [ 17.2726908, 77.9440917 ], [ 17.2725602, 77.9442646 ] ], [ [ 17.2940485, 77.9450147 ], [ 17.2959797, 77.9450147 ], [ 17.2959296, 77.9448798 ], [ 17.2954154, 77.9447873 ], [ 17.2946128, 77.9447873 ], [ 17.2940989, 77.9448798 ], [ 17.2940485, 77.9450147 ] ], [ [ 17.3376957, 77.9460957 ], [ 17.3440814, 77.9456872 ], [ 17.3442261, 77.9455054 ], [ 17.3394516, 77.9449831 ], [ 17.3338608, 77.9439415 ], [ 17.3325222, 77.9440712 ], [ 17.3376957, 77.9460957 ] ], [ [ 17.2696877, 77.9450585 ], [ 17.2687063, 77.9452587 ], [ 17.2685182, 77.9455884 ], [ 17.2688307, 77.9459022 ], [ 17.2720187, 77.9459022 ], [ 17.2723314, 77.9455884 ], [ 17.2721431, 77.9452587 ], [ 17.2711616, 77.9450585 ], [ 17.2696877, 77.9450585 ] ], [ [ 17.3729753, 77.9461746 ], [ 17.3723336, 77.9463747 ], [ 17.3722395, 77.9467045 ], [ 17.3725469, 77.9470183 ], [ 17.3743221, 77.9470183 ], [ 17.3746294, 77.9467045 ], [ 17.3745354, 77.9463747 ], [ 17.3738936, 77.9461746 ], [ 17.3729753, 77.9461746 ] ], [ [ 17.378292, 77.9464579 ], [ 17.3776501, 77.9465872 ], [ 17.3775562, 77.94679 ], [ 17.3778635, 77.946995 ], [ 17.3796387, 77.946995 ], [ 17.3799461, 77.94679 ], [ 17.3798521, 77.9465872 ], [ 17.3792102, 77.9464579 ], [ 17.378292, 77.9464579 ] ], [ [ 17.2448283, 77.9484086 ], [ 17.2518044, 77.9483056 ], [ 17.2570213, 77.9483311 ], [ 17.257568, 77.9482111 ], [ 17.2588521, 77.9466537 ], [ 17.2575577, 77.9464473 ], [ 17.2536292, 77.9473954 ], [ 17.2529685, 77.9477297 ], [ 17.2448103, 77.9477816 ], [ 17.2448283, 77.9484086 ] ], [ [ 17.3621002, 77.9474735 ], [ 17.3618246, 77.9476726 ], [ 17.3617364, 77.9478967 ], [ 17.3622763, 77.9480617 ], [ 17.3633682, 77.9481899 ], [ 17.3646942, 77.9483507 ], [ 17.366389, 77.9479163 ], [ 17.3652304, 77.9474487 ], [ 17.3645045, 77.9470601 ], [ 17.3634955, 77.9467934 ], [ 17.3623852, 77.9467362 ], [ 17.3615505, 77.9468741 ], [ 17.3610011, 77.9471174 ], [ 17.3607157, 77.9473329 ], [ 17.3610846, 77.9474146 ], [ 17.3617986, 77.9473984 ], [ 17.3621002, 77.9474735 ] ], [ [ 17.1656266, 77.947295 ], [ 17.1649849, 77.9474241 ], [ 17.1648908, 77.9476271 ], [ 17.165198, 77.9478321 ], [ 17.1669734, 77.9478321 ], [ 17.1672806, 77.9476271 ], [ 17.1671866, 77.9474241 ], [ 17.1665449, 77.947295 ], [ 17.1656266, 77.947295 ] ], [ [ 17.1717325, 77.9478118 ], [ 17.1736296, 77.9478189 ], [ 17.1739188, 77.9476128 ], [ 17.1737883, 77.9474399 ], [ 17.1730973, 77.9474165 ], [ 17.1722161, 77.9475861 ], [ 17.1717325, 77.9478118 ] ], [ [ 17.2788002, 77.947419 ], [ 17.2763183, 77.9477946 ], [ 17.2752466, 77.9481605 ], [ 17.2752002, 77.948439 ], [ 17.2797449, 77.9481896 ], [ 17.2815903, 77.9475898 ], [ 17.2812321, 77.9473125 ], [ 17.2788002, 77.947419 ] ], [ [ 17.3821452, 77.947739 ], [ 17.381006, 77.9479781 ], [ 17.381718, 77.9482471 ], [ 17.383427, 77.9478883 ], [ 17.3821452, 77.947739 ] ], [ [ 17.2644922, 77.9481943 ], [ 17.2648445, 77.9483927 ], [ 17.2664741, 77.9482011 ], [ 17.268012, 77.9483008 ], [ 17.2693942, 77.9482305 ], [ 17.270038, 77.9479786 ], [ 17.2692314, 77.9477566 ], [ 17.2675189, 77.9477357 ], [ 17.2656972, 77.9478276 ], [ 17.2646509, 77.9479898 ], [ 17.2644922, 77.9481943 ] ], [ [ 17.1584252, 77.947853 ], [ 17.157104, 77.9479823 ], [ 17.1568218, 77.9481852 ], [ 17.1571395, 77.9483901 ], [ 17.1617404, 77.9483901 ], [ 17.1620581, 77.9481852 ], [ 17.1617759, 77.9479823 ], [ 17.1604548, 77.947853 ], [ 17.1584252, 77.947853 ] ], [ [ 17.141065, 77.9479752 ], [ 17.1408908, 77.948179 ], [ 17.1412297, 77.9483891 ], [ 17.1460027, 77.9483846 ], [ 17.1453012, 77.9481409 ], [ 17.1438442, 77.9479246 ], [ 17.1421089, 77.9478645 ], [ 17.141065, 77.9479752 ] ], [ [ 15.5150033, 77.8563231 ], [ 15.5168639, 77.8557504 ], [ 15.5155268, 77.8556256 ], [ 15.514756, 77.8557224 ], [ 15.5146654, 77.8560148 ], [ 15.5150033, 77.8563231 ] ], [ [ 15.8478785, 78.1991605 ], [ 15.8464826, 78.1992975 ], [ 15.8455864, 78.1995893 ], [ 15.8453822, 78.199936 ], [ 15.8460202, 78.2003152 ], [ 15.8487188, 78.1999084 ], [ 15.8490151, 78.1995893 ], [ 15.8489333, 78.1993018 ], [ 15.8478785, 78.1991605 ] ], [ [ 15.8557025, 78.2014321 ], [ 15.8576595, 78.2014321 ], [ 15.8576086, 78.2012972 ], [ 15.8570876, 78.2012047 ], [ 15.8562742, 78.2012047 ], [ 15.8557534, 78.2012972 ], [ 15.8557025, 78.2014321 ] ], [ [ 15.8366711, 78.2024432 ], [ 15.835747, 78.2026116 ], [ 15.8355236, 78.2029324 ], [ 15.8359853, 78.203248 ], [ 15.8365484, 78.2035086 ], [ 15.8371291, 78.2037156 ], [ 15.8380367, 78.203305 ], [ 15.837516, 78.2026772 ], [ 15.8366711, 78.2024432 ] ], [ [ 15.861256, 78.2038656 ], [ 15.8603487, 78.2037297 ], [ 15.8580564, 78.2037905 ], [ 15.8561215, 78.2040344 ], [ 15.855437, 78.2043126 ], [ 15.8555778, 78.2045512 ], [ 15.8573633, 78.2045085 ], [ 15.8589695, 78.204302 ], [ 15.8604686, 78.2040979 ], [ 15.861256, 78.2038656 ] ], [ [ 15.8202391, 78.2056655 ], [ 15.8192445, 78.2057948 ], [ 15.8190538, 78.2059977 ], [ 15.8193706, 78.2062026 ], [ 15.8226014, 78.2062026 ], [ 15.8229181, 78.2059977 ], [ 15.8227274, 78.2057948 ], [ 15.8217328, 78.2056655 ], [ 15.8202391, 78.2056655 ] ], [ [ 15.8138062, 78.2073609 ], [ 15.8139066, 78.2076069 ], [ 15.8162943, 78.2075034 ], [ 15.8163909, 78.2071561 ], [ 15.815504, 78.2069854 ], [ 15.8143185, 78.2071093 ], [ 15.8138062, 78.2073609 ] ], [ [ 15.7600343, 78.2073334 ], [ 15.7586421, 78.2075312 ], [ 15.7587119, 78.2079343 ], [ 15.7598017, 78.2084048 ], [ 15.7637398, 78.2084072 ], [ 15.7646424, 78.2080131 ], [ 15.7643448, 78.2076554 ], [ 15.7624859, 78.2073874 ], [ 15.7600343, 78.2073334 ] ], [ [ 15.829276, 78.2084558 ], [ 15.8286257, 78.2085849 ], [ 15.8285304, 78.2087879 ], [ 15.8288418, 78.2089928 ], [ 15.8306409, 78.2089928 ], [ 15.8309524, 78.2087879 ], [ 15.830857, 78.2085849 ], [ 15.8302066, 78.2084558 ], [ 15.829276, 78.2084558 ] ], [ [ 15.8068863, 78.2089163 ], [ 15.8057479, 78.2093186 ], [ 15.8056211, 78.2096112 ], [ 15.810289, 78.2087876 ], [ 15.8116488, 78.2089283 ], [ 15.8128206, 78.2089227 ], [ 15.8135211, 78.2087208 ], [ 15.8135668, 78.2084132 ], [ 15.8128808, 78.2082351 ], [ 15.8114274, 78.2082653 ], [ 15.809248, 78.2084761 ], [ 15.8068863, 78.2089163 ] ], [ [ 15.8045965, 78.2112522 ], [ 15.8062111, 78.2112231 ], [ 15.8148372, 78.2097285 ], [ 15.8063611, 78.20985 ], [ 15.8050113, 78.2104375 ], [ 15.8045965, 78.2112522 ] ], [ [ 15.7507886, 78.2124853 ], [ 15.7541561, 78.2111028 ], [ 15.7535424, 78.2109609 ], [ 15.7449263, 78.2125556 ], [ 15.7453753, 78.2128348 ], [ 15.7507886, 78.2124853 ] ], [ [ 15.8129703, 78.2122312 ], [ 15.8118618, 78.2123425 ], [ 15.8112609, 78.2124705 ], [ 15.8112161, 78.2126073 ], [ 15.8134882, 78.2125227 ], [ 15.8141998, 78.2122676 ], [ 15.8139842, 78.2121649 ], [ 15.8129703, 78.2122312 ] ], [ [ 15.8104182, 78.213199 ], [ 15.8097678, 78.2133282 ], [ 15.8096725, 78.2135311 ], [ 15.809984, 78.2137361 ], [ 15.8117831, 78.2137361 ], [ 15.8120944, 78.2135311 ], [ 15.8119992, 78.2133282 ], [ 15.8113489, 78.213199 ], [ 15.8104182, 78.213199 ] ], [ [ 15.778966, 78.216374 ], [ 15.7790532, 78.2171026 ], [ 15.7884212, 78.215382 ], [ 15.8000032, 78.2140262 ], [ 15.8047525, 78.2123607 ], [ 15.7810379, 78.2150998 ], [ 15.778966, 78.216374 ] ], [ [ 15.7921695, 78.2165861 ], [ 15.7924625, 78.2167922 ], [ 15.7943851, 78.216785 ], [ 15.7938951, 78.2165592 ], [ 15.7930021, 78.2163897 ], [ 15.792302, 78.2164131 ], [ 15.7921695, 78.2165861 ] ], [ [ 15.7522997, 78.2165658 ], [ 15.745127, 78.2166874 ], [ 15.7448807, 78.2168891 ], [ 15.7482826, 78.217048 ], [ 15.7522997, 78.2165658 ] ], [ [ 15.7689418, 78.2175312 ], [ 15.7683243, 78.2174488 ], [ 15.7671447, 78.217526 ], [ 15.7659645, 78.2176486 ], [ 15.7652683, 78.2178102 ], [ 15.7651945, 78.2180083 ], [ 15.7655348, 78.2182018 ], [ 15.7675815, 78.2181398 ], [ 15.7686586, 78.2177854 ], [ 15.7689418, 78.2175312 ] ], [ [ 15.7721556, 78.2184592 ], [ 15.7740782, 78.2184662 ], [ 15.7743715, 78.2182602 ], [ 15.7742389, 78.2180873 ], [ 15.7735388, 78.2180638 ], [ 15.7726458, 78.2182333 ], [ 15.7721556, 78.2184592 ] ], [ [ 15.726245, 78.2204895 ], [ 15.7263925, 78.2207286 ], [ 15.7289315, 78.2202026 ], [ 15.7284282, 78.2200373 ], [ 15.7275937, 78.2200251 ], [ 15.726633, 78.2202241 ], [ 15.726245, 78.2204895 ] ], [ [ 15.7635897, 78.2220435 ], [ 15.7655168, 78.2214299 ], [ 15.7667011, 78.2209162 ], [ 15.7675327, 78.2205377 ], [ 15.7684324, 78.2202309 ], [ 15.7698444, 78.2199599 ], [ 15.7714108, 78.2197375 ], [ 15.7724103, 78.2195127 ], [ 15.7720088, 78.2193522 ], [ 15.7704569, 78.2192643 ], [ 15.7639667, 78.2206438 ], [ 15.7635567, 78.2209922 ], [ 15.7627522, 78.2212231 ], [ 15.761507, 78.2214044 ], [ 15.7603236, 78.2216501 ], [ 15.759883, 78.2219054 ], [ 15.7600414, 78.2221249 ], [ 15.7635897, 78.2220435 ] ], [ [ 15.7403227, 78.2184784 ], [ 15.7363222, 78.2212414 ], [ 15.7419308, 78.2204252 ], [ 15.740658, 78.2210855 ], [ 15.7089995, 78.2261378 ], [ 15.7103304, 78.2273535 ], [ 15.7173907, 78.2270305 ], [ 15.7168697, 78.228776 ], [ 15.7230713, 78.2284641 ], [ 15.7455549, 78.221819 ], [ 15.7551951, 78.2214133 ], [ 15.7608453, 78.2189282 ], [ 15.7533695, 78.2192028 ], [ 15.7717474, 78.2161077 ], [ 15.7617768, 78.216993 ], [ 15.7584407, 78.2159963 ], [ 15.7534736, 78.2175261 ], [ 15.7403227, 78.2184784 ] ], [ [ 15.7229602, 78.2228236 ], [ 15.7231882, 78.2226563 ], [ 15.7218202, 78.2226563 ], [ 15.7220482, 78.2228236 ], [ 15.7225043, 78.2228794 ], [ 15.7229602, 78.2228236 ] ], [ [ 15.7170138, 78.2236526 ], [ 15.718468, 78.2234232 ], [ 15.7194759, 78.2231109 ], [ 15.7204194, 78.2227926 ], [ 15.7204523, 78.2226563 ], [ 15.7190843, 78.2226563 ], [ 15.7192338, 78.2228003 ], [ 15.7181767, 78.2228996 ], [ 15.7168953, 78.2230017 ], [ 15.7155091, 78.2231348 ], [ 15.7144469, 78.2232766 ], [ 15.7143402, 78.2234684 ], [ 15.7154295, 78.2236567 ], [ 15.7170138, 78.2236526 ] ], [ [ 15.7442344, 78.2247936 ], [ 15.745441, 78.2250546 ], [ 15.7531365, 78.2239118 ], [ 15.7558722, 78.2227957 ], [ 15.7560189, 78.2226563 ], [ 15.7480077, 78.223123 ], [ 15.7442344, 78.2247936 ] ], [ [ 15.7544603, 78.2250003 ], [ 15.7546629, 78.2253978 ], [ 15.7576092, 78.2249753 ], [ 15.7571549, 78.2247529 ], [ 15.7563331, 78.2246341 ], [ 15.755209, 78.2247092 ], [ 15.7544603, 78.2250003 ] ], [ [ 15.7362323, 78.2258399 ], [ 15.7378742, 78.2259066 ], [ 15.7396326, 78.2257646 ], [ 15.7407963, 78.2254219 ], [ 15.7401099, 78.2252007 ], [ 15.7381974, 78.2252454 ], [ 15.7362189, 78.2253133 ], [ 15.7345201, 78.2253692 ], [ 15.7332838, 78.2255555 ], [ 15.7329009, 78.2257999 ], [ 15.7347353, 78.2257286 ], [ 15.7362323, 78.2258399 ] ], [ [ 15.7398837, 78.2267926 ], [ 15.7386574, 78.226985 ], [ 15.7374912, 78.2272326 ], [ 15.7370579, 78.2274868 ], [ 15.7372214, 78.2277052 ], [ 15.7394338, 78.2275751 ], [ 15.7412962, 78.2270983 ], [ 15.7424781, 78.2267894 ], [ 15.7436432, 78.2266299 ], [ 15.7454122, 78.2264239 ], [ 15.7471926, 78.225996 ], [ 15.7474864, 78.2256609 ], [ 15.7469842, 78.2256267 ], [ 15.7463803, 78.225758 ], [ 15.7455482, 78.2258298 ], [ 15.7443362, 78.2258033 ], [ 15.7429126, 78.2258831 ], [ 15.7416266, 78.2261747 ], [ 15.7407749, 78.2265377 ], [ 15.7398837, 78.2267926 ] ], [ [ 15.7336591, 78.2271498 ], [ 15.7329988, 78.2272791 ], [ 15.732902, 78.227482 ], [ 15.7332183, 78.227687 ], [ 15.7350453, 78.227687 ], [ 15.7353615, 78.227482 ], [ 15.7352647, 78.2272791 ], [ 15.7346044, 78.2271498 ], [ 15.7336591, 78.2271498 ] ], [ [ 14.7963618, 78.7300004 ], [ 14.7688994, 78.7319146 ], [ 14.7816274, 78.7304598 ], [ 14.7861609, 78.7271949 ], [ 14.765625, 78.7301896 ], [ 14.7493867, 78.7295233 ], [ 14.7398289, 78.7328714 ], [ 14.724907, 78.7347831 ], [ 14.7329998, 78.7323657 ], [ 14.7241046, 78.7284244 ], [ 14.7170033, 78.7282853 ], [ 14.7080696, 78.7320368 ], [ 14.6932045, 78.7264986 ], [ 14.686866, 78.7288812 ], [ 14.6957225, 78.7354125 ], [ 14.6726962, 78.7387152 ], [ 14.6709774, 78.7419705 ], [ 14.6727775, 78.7378627 ], [ 14.6919549, 78.7353414 ], [ 14.6934291, 78.7340183 ], [ 14.6862273, 78.7302366 ], [ 14.6800175, 78.729937 ], [ 14.6699553, 78.7350821 ], [ 14.6787239, 78.7353059 ], [ 14.6677504, 78.7381527 ], [ 14.6656533, 78.7367054 ], [ 14.6588103, 78.7372967 ], [ 14.6589221, 78.7353771 ], [ 14.6467838, 78.7319802 ], [ 14.6466515, 78.7300864 ], [ 14.6527931, 78.729277 ], [ 14.6581196, 78.7144873 ], [ 14.657451, 78.7133377 ], [ 14.6470603, 78.7091705 ], [ 14.6304286, 78.7063146 ], [ 14.6449733, 78.7044107 ], [ 14.6442763, 78.7038211 ], [ 14.6382896, 78.701335 ], [ 14.6257218, 78.6995424 ], [ 14.587449, 78.6986696 ], [ 14.5784397, 78.6973245 ], [ 14.5572751, 78.6934608 ], [ 14.5590585, 78.6898419 ], [ 14.5462881, 78.6864116 ], [ 14.5393579, 78.685859 ], [ 14.5182372, 78.6853216 ], [ 14.5090075, 78.685727 ], [ 14.5060282, 78.6861933 ], [ 14.4959925, 78.6901774 ], [ 14.4684232, 78.695697 ], [ 14.4404842, 78.6971405 ], [ 14.4171221, 78.705883 ], [ 14.4032952, 78.7042511 ], [ 14.4024281, 78.7044752 ], [ 14.4087514, 78.7087111 ], [ 14.4036684, 78.7107726 ], [ 14.3989948, 78.7110676 ], [ 14.3939363, 78.7091227 ], [ 14.3843147, 78.7092139 ], [ 14.3815066, 78.707417 ], [ 14.3698978, 78.716939 ], [ 14.364772, 78.7190928 ], [ 14.3629628, 78.7193878 ], [ 14.3530521, 78.7193911 ], [ 14.3534482, 78.7208658 ], [ 14.3200048, 78.7219226 ], [ 14.3150755, 78.7212789 ], [ 14.3027523, 78.7169337 ], [ 14.3011091, 78.7127494 ], [ 14.3293114, 78.6991757 ], [ 14.339408, 78.6969428 ], [ 14.3388468, 78.6941075 ], [ 14.3520635, 78.6919941 ], [ 14.3755282, 78.6907768 ], [ 14.3930414, 78.6868286 ], [ 14.3816015, 78.6839693 ], [ 14.3959782, 78.6829516 ], [ 14.4037634, 78.6786895 ], [ 14.4355167, 78.6721596 ], [ 14.4669532, 78.6692843 ], [ 14.4699227, 78.6672682 ], [ 14.4776514, 78.667047 ], [ 14.4931507, 78.6635391 ], [ 14.520129, 78.661924 ], [ 14.530549, 78.6602556 ], [ 14.5271043, 78.6570591 ], [ 14.5198979, 78.6563003 ], [ 14.5367469, 78.6553556 ], [ 14.5495985, 78.6508144 ], [ 14.5462613, 78.6478173 ], [ 14.5536687, 78.6440707 ], [ 14.5453767, 78.641873 ], [ 14.5377954, 78.6363207 ], [ 14.5482647, 78.6244845 ], [ 14.535422, 78.6156576 ], [ 14.539764, 78.6113288 ], [ 14.5290461, 78.6067013 ], [ 14.5288393, 78.6028621 ], [ 14.5482553, 78.5933135 ], [ 14.5445502, 78.581421 ], [ 14.5558991, 78.5710549 ], [ 14.563432, 78.5675507 ], [ 14.5854756, 78.5633836 ], [ 14.6066004, 78.556379 ], [ 14.6101257, 78.5522782 ], [ 14.5750509, 78.553243 ], [ 14.5795603, 78.5524729 ], [ 14.5746475, 78.5500695 ], [ 14.5808727, 78.547605 ], [ 14.5944628, 78.5452597 ], [ 14.5995941, 78.5460083 ], [ 14.6047474, 78.5446192 ], [ 14.6007498, 78.5441377 ], [ 14.5371497, 78.5499593 ], [ 14.4408007, 78.5563116 ], [ 14.3878124, 78.5558753 ], [ 14.3664895, 78.5567483 ], [ 14.3597091, 78.55885 ], [ 14.3542811, 78.5571599 ], [ 14.3411475, 78.5581254 ], [ 14.3327566, 78.5533457 ], [ 14.3568249, 78.543469 ], [ 14.3514848, 78.5370755 ], [ 14.362657, 78.5328269 ], [ 14.3637753, 78.5283217 ], [ 14.3561605, 78.5249702 ], [ 14.3799357, 78.5236841 ], [ 14.3779008, 78.5204148 ], [ 14.3845769, 78.5185312 ], [ 14.4185079, 78.5156773 ], [ 14.4357315, 78.5171998 ], [ 14.4431809, 78.5161802 ], [ 14.4366426, 78.5138046 ], [ 14.4015847, 78.5081244 ], [ 14.3656578, 78.5051095 ], [ 14.3357652, 78.5055304 ], [ 14.301508, 78.5021805 ], [ 14.253336, 78.4917815 ], [ 14.2437638, 78.4830666 ], [ 14.2238584, 78.4809046 ], [ 14.2270013, 78.4732335 ], [ 14.2721204, 78.4718612 ], [ 14.3251005, 78.4730167 ], [ 14.3642191, 78.4751052 ], [ 14.4069409, 78.4748828 ], [ 14.418878, 78.4738355 ], [ 14.4505761, 78.4750961 ], [ 14.5034451, 78.4724277 ], [ 14.5327873, 78.4723012 ], [ 14.5348738, 78.4713612 ], [ 14.5280027, 78.4705876 ], [ 14.526383, 78.4685462 ], [ 14.5724899, 78.4648097 ], [ 14.6361628, 78.4535646 ], [ 14.652567, 78.4487991 ], [ 14.6626447, 78.4423459 ], [ 14.6606218, 78.4327368 ], [ 14.6674443, 78.4272043 ], [ 14.6682618, 78.4267724 ], [ 14.7158935, 78.4072551 ], [ 14.7377471, 78.401646 ], [ 14.7493562, 78.3966019 ], [ 14.7819149, 78.3904333 ], [ 14.7768267, 78.3888789 ], [ 14.7831655, 78.3865123 ], [ 14.7789528, 78.3842964 ], [ 14.7886606, 78.3771343 ], [ 14.7880871, 78.3769813 ], [ 14.7771972, 78.3756802 ], [ 14.7724535, 78.3765736 ], [ 14.7816567, 78.3777031 ], [ 14.765625, 78.3825334 ], [ 14.763377, 78.3849986 ], [ 14.7502354, 78.3865205 ], [ 14.7543224, 78.3896782 ], [ 14.743193, 78.3909858 ], [ 14.7358334, 78.3908944 ], [ 14.7327207, 78.386282 ], [ 14.7254308, 78.3861064 ], [ 14.7199639, 78.384342 ], [ 14.7064346, 78.3860962 ], [ 14.6947494, 78.3842546 ], [ 14.6662102, 78.3837999 ], [ 14.6651415, 78.3807606 ], [ 14.6582599, 78.3790247 ], [ 14.6484345, 78.3801969 ], [ 14.6259649, 78.3781346 ], [ 14.6091897, 78.3807817 ], [ 14.6034783, 78.3800712 ], [ 14.5960643, 78.3808697 ], [ 14.5977654, 78.3842567 ], [ 14.5721153, 78.388055 ], [ 14.5149626, 78.3932456 ], [ 14.4775159, 78.3941292 ], [ 14.4660792, 78.3923121 ], [ 14.4556875, 78.3924794 ], [ 14.4597039, 78.3904757 ], [ 14.4355105, 78.3835222 ], [ 14.4355882, 78.3767875 ], [ 14.4453262, 78.3743362 ], [ 14.4478993, 78.3714246 ], [ 14.4455887, 78.3699588 ], [ 14.4271504, 78.3699321 ], [ 14.4191391, 78.3757486 ], [ 14.3839204, 78.3887864 ], [ 14.3614042, 78.3900803 ], [ 14.3392031, 78.3975017 ], [ 14.3125058, 78.4026153 ], [ 14.2839807, 78.4072495 ], [ 14.236059, 78.4126719 ], [ 14.2385193, 78.4145205 ], [ 14.2291319, 78.4168612 ], [ 14.2241493, 78.4164938 ], [ 14.2261739, 78.4151037 ], [ 14.2089604, 78.4161922 ], [ 14.1867458, 78.418842 ], [ 14.1831884, 78.4193974 ], [ 14.1798944, 78.4221721 ], [ 14.178436, 78.4225945 ], [ 14.1670196, 78.4248639 ], [ 14.1519659, 78.4261481 ], [ 14.1505774, 78.4260091 ], [ 14.1236656, 78.4230866 ], [ 14.1085715, 78.4161015 ], [ 14.1198519, 78.4070849 ], [ 14.1188875, 78.3948199 ], [ 14.163047, 78.3889216 ], [ 14.1794347, 78.3844622 ], [ 14.1860549, 78.3842175 ], [ 14.1967376, 78.3788145 ], [ 14.2118926, 78.3745956 ], [ 14.215712, 78.3676562 ], [ 14.208128, 78.3658223 ], [ 14.196758, 78.3668609 ], [ 14.1821547, 78.3655579 ], [ 14.1477979, 78.3681482 ], [ 14.1240779, 78.3666754 ], [ 14.1031874, 78.3669031 ], [ 14.0848337, 78.3616751 ], [ 14.1250137, 78.3573948 ], [ 14.1420208, 78.3490326 ], [ 14.1553328, 78.3480862 ], [ 14.1639167, 78.3433665 ], [ 14.1822088, 78.338757 ], [ 14.2212955, 78.344177 ], [ 14.2558692, 78.3461028 ], [ 14.2617502, 78.342171 ], [ 14.2497274, 78.3411368 ], [ 14.2463715, 78.3366727 ], [ 14.2578222, 78.3359649 ], [ 14.2542468, 78.333081 ], [ 14.2757704, 78.3253365 ], [ 14.2929761, 78.324988 ], [ 14.2884923, 78.3236254 ], [ 14.2950594, 78.3213881 ], [ 14.3107756, 78.3224525 ], [ 14.3207613, 78.3189148 ], [ 14.3214293, 78.3175411 ], [ 14.3107584, 78.3159735 ], [ 14.307851, 78.311558 ], [ 14.3086766, 78.3082224 ], [ 14.3190395, 78.3060199 ], [ 14.3012075, 78.3057684 ], [ 14.2932031, 78.3005621 ], [ 14.269093, 78.2960774 ], [ 14.2198848, 78.2933306 ], [ 14.2046297, 78.2881324 ], [ 14.1834446, 78.2885909 ], [ 14.1488274, 78.2833403 ], [ 14.1458123, 78.2799301 ], [ 14.1187949, 78.273024 ], [ 14.1051244, 78.2636904 ], [ 14.115063, 78.2608507 ], [ 14.1158949, 78.258117 ], [ 14.1297351, 78.2566406 ], [ 14.0974097, 78.2489418 ], [ 14.0896635, 78.2485849 ], [ 14.0708544, 78.2528856 ], [ 14.061303, 78.2655452 ], [ 14.0601242, 78.2745516 ], [ 14.0814558, 78.2889198 ], [ 14.0592529, 78.2812196 ], [ 14.0597172, 78.2791303 ], [ 14.0447868, 78.279162 ], [ 14.0470707, 78.2853189 ], [ 14.0390975, 78.2903666 ], [ 14.0445106, 78.2925555 ], [ 14.0342813, 78.2913831 ], [ 14.0094689, 78.2976047 ], [ 13.9832444, 78.3003343 ], [ 13.9769014, 78.3040214 ], [ 13.94857, 78.3058301 ], [ 13.9509335, 78.3102076 ], [ 13.9304945, 78.3127495 ], [ 13.9149944, 78.3104798 ], [ 13.9215693, 78.3091847 ], [ 13.9181294, 78.3072997 ], [ 13.8935978, 78.3072855 ], [ 13.882426, 78.3056651 ], [ 13.8831151, 78.3040448 ], [ 13.8726258, 78.3014005 ], [ 13.8781549, 78.2989811 ], [ 13.8865942, 78.2980959 ], [ 13.8886313, 78.2953815 ], [ 13.9031478, 78.2931656 ], [ 13.9285831, 78.2923696 ], [ 13.9237432, 78.2915164 ], [ 13.9292637, 78.2893991 ], [ 13.9489793, 78.2863278 ], [ 13.9465421, 78.2855272 ], [ 13.9598581, 78.2830417 ], [ 13.9644809, 78.2803032 ], [ 13.9616055, 78.2763606 ], [ 13.9519337, 78.2756966 ], [ 13.9562476, 78.2715752 ], [ 13.9420378, 78.2687265 ], [ 13.9432137, 78.2674462 ], [ 13.9299072, 78.2670609 ], [ 13.9426912, 78.2546796 ], [ 13.940369, 78.2506899 ], [ 13.9477396, 78.2474732 ], [ 13.9376465, 78.236195 ], [ 13.9372663, 78.2272754 ], [ 13.9139167, 78.2317903 ], [ 13.8839557, 78.2458959 ], [ 13.8721209, 78.2484235 ], [ 13.8626592, 78.2528837 ], [ 13.8326153, 78.2593911 ], [ 13.8256572, 78.2649066 ], [ 13.7917411, 78.2705718 ], [ 13.790555, 78.2712544 ], [ 13.8004009, 78.2710193 ], [ 13.7915239, 78.2735465 ], [ 13.7787927, 78.2737015 ], [ 13.7844028, 78.2721909 ], [ 13.7793123, 78.2714185 ], [ 13.766308, 78.2747383 ], [ 13.7262177, 78.277294 ], [ 13.7140412, 78.2728091 ], [ 13.7155129, 78.2680619 ], [ 13.7208917, 78.2668983 ], [ 13.7154473, 78.2660125 ], [ 13.740808, 78.2581146 ], [ 13.7392586, 78.2561467 ], [ 13.7783041, 78.2496045 ], [ 13.7884731, 78.2455419 ], [ 13.7979339, 78.2441555 ], [ 13.8117617, 78.2375195 ], [ 13.8300184, 78.2328883 ], [ 13.8394203, 78.2319618 ], [ 13.8557211, 78.2242503 ], [ 13.861243, 78.21243 ], [ 13.824528, 78.2087215 ], [ 13.8063867, 78.2049659 ], [ 13.7787946, 78.2059447 ], [ 13.7610838, 78.2046859 ], [ 13.7426285, 78.2017223 ], [ 13.7131341, 78.2016391 ], [ 13.6918008, 78.2000105 ], [ 13.6807773, 78.2008373 ], [ 13.6562552, 78.2002518 ], [ 13.6406699, 78.2036086 ], [ 13.6048151, 78.203005 ], [ 13.606347, 78.2081755 ], [ 13.6108406, 78.2068228 ], [ 13.6128227, 78.2066174 ], [ 13.6174442, 78.2068239 ], [ 13.6197791, 78.2071201 ], [ 13.6302902, 78.2110391 ], [ 13.6282064, 78.2115588 ], [ 13.6134152, 78.2117857 ], [ 13.6099708, 78.2112963 ], [ 13.6068193, 78.2105507 ], [ 13.5976014, 78.2050937 ], [ 13.5844908, 78.2026571 ], [ 13.5823005, 78.2026289 ], [ 13.5659246, 78.2040575 ], [ 13.5486081, 78.2038449 ], [ 13.5216864, 78.2081472 ], [ 13.464487, 78.2117109 ], [ 13.3573163, 78.2139984 ], [ 13.347239, 78.2153459 ], [ 13.3261992, 78.2158889 ], [ 13.3234065, 78.2160954 ], [ 13.3023566, 78.2177699 ], [ 13.3103551, 78.2217376 ], [ 13.2995775, 78.2183464 ], [ 13.2715178, 78.2210677 ], [ 13.2561626, 78.2213913 ], [ 13.2504576, 78.2215743 ], [ 13.2177927, 78.2265331 ], [ 13.213677, 78.2269049 ], [ 13.1858385, 78.2276573 ], [ 13.1816096, 78.232353 ], [ 13.1799279, 78.2325391 ], [ 13.1619848, 78.234027 ], [ 13.1582586, 78.2341243 ], [ 13.1439101, 78.2337874 ], [ 13.1060905, 78.2312717 ], [ 13.0993541, 78.23028 ], [ 13.0974047, 78.2296937 ], [ 13.0959193, 78.225283 ], [ 13.0765086, 78.2226563 ], [ 13.0701396, 78.2193677 ], [ 13.0750446, 78.2116308 ], [ 13.0679675, 78.2122691 ], [ 13.0517416, 78.2114336 ], [ 13.0487235, 78.2111778 ], [ 13.0006247, 78.2039183 ], [ 12.9896348, 78.2044494 ], [ 12.9835615, 78.2066327 ], [ 12.9737284, 78.2176673 ], [ 12.9589787, 78.2197917 ], [ 12.9594841, 78.229219 ], [ 12.9500874, 78.2346724 ], [ 12.9422007, 78.2348353 ], [ 12.9317932, 78.2375532 ], [ 12.9275945, 78.2398902 ], [ 12.9365504, 78.2398571 ], [ 12.9316782, 78.2440435 ], [ 12.9218853, 78.2444558 ], [ 12.9101634, 78.2470433 ], [ 12.9126126, 78.2490391 ], [ 12.9001677, 78.2517663 ], [ 12.9046654, 78.2520853 ], [ 12.902055, 78.2529668 ], [ 12.9147099, 78.2591896 ], [ 12.9362915, 78.2598251 ], [ 12.9427887, 78.2635731 ], [ 12.9406523, 78.2669359 ], [ 12.9293509, 78.2680413 ], [ 12.9174964, 78.2677286 ], [ 12.9151858, 78.2690284 ], [ 12.9195009, 78.2721959 ], [ 12.9402235, 78.275196 ], [ 12.9368201, 78.2779357 ], [ 12.9427649, 78.2842073 ], [ 12.9338135, 78.2878082 ], [ 12.9361838, 78.2887675 ], [ 12.9474819, 78.2883481 ], [ 12.9562829, 78.2905976 ], [ 12.9551923, 78.2980804 ], [ 12.9353437, 78.302422 ], [ 12.9223837, 78.3096493 ], [ 12.9248517, 78.3138072 ], [ 12.9071164, 78.3186173 ], [ 12.8888093, 78.3199778 ], [ 12.8790231, 78.3194427 ], [ 12.8705574, 78.3167361 ], [ 12.86143, 78.3171788 ], [ 12.8580271, 78.3223187 ], [ 12.8508976, 78.3248639 ], [ 12.8536713, 78.3284308 ], [ 12.843962, 78.3314503 ], [ 12.8472286, 78.3325078 ], [ 12.8673528, 78.3277819 ], [ 12.8913339, 78.3259805 ], [ 12.8970484, 78.3226907 ], [ 12.8802272, 78.3244112 ], [ 12.8797891, 78.3227181 ], [ 12.9074035, 78.3207874 ], [ 12.8993897, 78.3249698 ], [ 12.9035354, 78.3266206 ], [ 12.8993357, 78.3313932 ], [ 12.8916728, 78.3335398 ], [ 12.8937652, 78.3350245 ], [ 12.8867404, 78.3352946 ], [ 12.871218, 78.3485152 ], [ 12.8945611, 78.3490635 ], [ 12.9024955, 78.3508536 ], [ 12.8945298, 78.3507152 ], [ 12.8919891, 78.3559626 ], [ 12.9038591, 78.3621963 ], [ 12.8934053, 78.3623081 ], [ 12.8933644, 78.3635592 ], [ 12.8863145, 78.3644155 ], [ 12.891595, 78.3660752 ], [ 12.8812358, 78.3652925 ], [ 12.8696501, 78.3668596 ], [ 12.8762612, 78.3688222 ], [ 12.8687285, 78.3710554 ], [ 12.8745419, 78.3724318 ], [ 12.8862979, 78.3708642 ], [ 12.8836128, 78.372153 ], [ 12.8881046, 78.3731256 ], [ 12.9048498, 78.366509 ], [ 12.9037764, 78.3651996 ], [ 12.920508, 78.3631893 ], [ 12.9250031, 78.3612083 ], [ 12.9349263, 78.3605881 ], [ 12.9285311, 78.3631852 ], [ 12.9332443, 78.3637851 ], [ 12.9387784, 78.3613865 ], [ 12.9456872, 78.3611027 ], [ 12.9537216, 78.3623298 ], [ 12.9556797, 78.3648359 ], [ 12.9102364, 78.3784412 ], [ 12.9201152, 78.3823931 ], [ 12.8930495, 78.387417 ], [ 12.8803859, 78.392976 ], [ 12.8670086, 78.3924655 ], [ 12.8776215, 78.3940252 ], [ 12.8581895, 78.3991742 ], [ 12.8351395, 78.4005392 ], [ 12.8262773, 78.3970197 ], [ 12.8318009, 78.3953197 ], [ 12.8166264, 78.3918719 ], [ 12.8235735, 78.3907835 ], [ 12.8233963, 78.3885598 ], [ 12.8413543, 78.3866093 ], [ 12.8462142, 78.3842362 ], [ 12.8341881, 78.3844934 ], [ 12.8406883, 78.3800812 ], [ 12.8337801, 78.3811296 ], [ 12.8314008, 78.3796674 ], [ 12.8227752, 78.3790504 ], [ 12.8269637, 78.3771522 ], [ 12.8163968, 78.3740174 ], [ 12.824, 78.3749055 ], [ 12.8303307, 78.3731666 ], [ 12.8514254, 78.3718388 ], [ 12.8531908, 78.3704383 ], [ 12.8477449, 78.3696285 ], [ 12.8812752, 78.3643029 ], [ 12.8949131, 78.3607167 ], [ 12.8919626, 78.3574266 ], [ 12.8783295, 78.3635269 ], [ 12.8364311, 78.3693166 ], [ 12.8293216, 78.368681 ], [ 12.8252047, 78.3702476 ], [ 12.8127064, 78.3700902 ], [ 12.815605, 78.3713427 ], [ 12.8032832, 78.3723075 ], [ 12.791132, 78.371065 ], [ 12.7794929, 78.3718061 ], [ 12.7688034, 78.3694607 ], [ 12.7415924, 78.3700587 ], [ 12.7278428, 78.3714108 ], [ 12.7107872, 78.3705279 ], [ 12.7071682, 78.3679771 ], [ 12.70336, 78.3701113 ], [ 12.683893, 78.3713897 ], [ 12.6759757, 78.3762007 ], [ 12.6453323, 78.379652 ], [ 12.6354753, 78.3829871 ], [ 12.6328483, 78.3883687 ], [ 12.6092638, 78.3917685 ], [ 12.6123214, 78.3925076 ], [ 12.6067411, 78.3932912 ], [ 12.6065611, 78.3949699 ], [ 12.577391, 78.3979086 ], [ 12.5321139, 78.4155288 ], [ 12.5219721, 78.41703 ], [ 12.5069445, 78.427103 ], [ 12.4893571, 78.4300826 ], [ 12.4849057, 78.4371737 ], [ 12.4727238, 78.4420768 ], [ 12.4617385, 78.4440494 ], [ 12.424987, 78.4622281 ], [ 12.404036, 78.4675872 ], [ 12.4084233, 78.4733419 ], [ 12.3651118, 78.4859821 ], [ 12.3645741, 78.4890881 ], [ 12.365267, 78.489711 ], [ 12.3780164, 78.4935226 ], [ 12.3962622, 78.4980634 ], [ 12.4286695, 78.4987454 ], [ 12.4508142, 78.5015711 ], [ 12.4539088, 78.5017757 ], [ 12.4661107, 78.5015707 ], [ 12.4806786, 78.5031205 ], [ 12.4941041, 78.5025595 ], [ 12.4976221, 78.5027084 ], [ 12.5198904, 78.5046231 ], [ 12.5338138, 78.5034795 ], [ 12.5446097, 78.5058593 ], [ 12.5628557, 78.5050935 ], [ 12.60756, 78.5060422 ], [ 12.61351, 78.5070353 ], [ 12.6230584, 78.50492 ], [ 12.6391551, 78.4973191 ], [ 12.6621108, 78.4989246 ], [ 12.6608567, 78.5007426 ], [ 12.6672186, 78.5015982 ], [ 12.6580619, 78.5031384 ], [ 12.6589519, 78.5055377 ], [ 12.6733592, 78.50369 ], [ 12.6856589, 78.5044791 ], [ 12.6886585, 78.505949 ], [ 12.6970894, 78.5048575 ], [ 12.7226239, 78.5046118 ], [ 12.7387139, 78.5062896 ], [ 12.7521001, 78.5030177 ], [ 12.7762604, 78.5008674 ], [ 12.7841566, 78.5006341 ], [ 12.8190575, 78.5003364 ], [ 12.8221924, 78.5003366 ], [ 12.8412474, 78.5015681 ], [ 12.8928804, 78.5021678 ], [ 12.9370449, 78.5039548 ], [ 12.9388713, 78.5040653 ], [ 12.9495654, 78.5078125 ], [ 12.9817975, 78.5095882 ], [ 12.9958996, 78.5085865 ], [ 13.0139046, 78.5095263 ], [ 13.0315903, 78.5149955 ], [ 13.0500247, 78.5182142 ], [ 13.0865699, 78.5182142 ], [ 13.0988874, 78.5191429 ], [ 13.1243783, 78.5173202 ], [ 13.1331894, 78.5209528 ], [ 13.1824359, 78.5149852 ], [ 13.2022099, 78.51381 ], [ 13.2067599, 78.5164388 ], [ 13.1924648, 78.5208077 ], [ 13.1913537, 78.5232573 ], [ 13.1751111, 78.5265287 ], [ 13.1576014, 78.5256054 ], [ 13.156085, 78.5283581 ], [ 13.1894764, 78.5331696 ], [ 13.2196422, 78.5345896 ], [ 13.2592247, 78.5433207 ], [ 13.2855378, 78.5582454 ], [ 13.296682, 78.5600914 ], [ 13.294924, 78.5659146 ], [ 13.2664953, 78.5653626 ], [ 13.2008892, 78.5707989 ], [ 13.1779999, 78.5690757 ], [ 13.1688582, 78.5731666 ], [ 13.1603659, 78.5726845 ], [ 13.1544826, 78.5783134 ], [ 13.1448061, 78.5796647 ], [ 13.1234068, 78.5781919 ], [ 13.1219018, 78.578058 ], [ 13.1023014, 78.5760641 ], [ 13.0983738, 78.5746692 ], [ 13.1113828, 78.5669445 ], [ 13.1131728, 78.5614684 ], [ 13.0910981, 78.5497276 ], [ 13.0716984, 78.545566 ], [ 13.055042, 78.545754 ], [ 13.0357538, 78.5395143 ], [ 13.0198286, 78.5396107 ], [ 13.0079958, 78.537411 ], [ 12.9828287, 78.5381571 ], [ 12.9609638, 78.5352916 ], [ 12.9410274, 78.5383285 ], [ 12.9179966, 78.545621 ], [ 12.9121639, 78.5454279 ], [ 12.9090044, 78.5436414 ], [ 12.8836073, 78.5445588 ], [ 12.8797408, 78.5438182 ], [ 12.8810635, 78.5395474 ], [ 12.8939797, 78.5299962 ], [ 12.883552, 78.5282162 ], [ 12.8810008, 78.5280114 ], [ 12.8610796, 78.5268611 ], [ 12.8521336, 78.5270793 ], [ 12.8289183, 78.5323592 ], [ 12.8034757, 78.5342518 ], [ 12.7774918, 78.5351586 ], [ 12.7618387, 78.5353777 ], [ 12.7536042, 78.5344704 ], [ 12.7402422, 78.5374898 ], [ 12.738125, 78.5375993 ], [ 12.6681483, 78.5389363 ], [ 12.643209, 78.5410134 ], [ 12.6076896, 78.5415816 ], [ 12.5730464, 78.5438967 ], [ 12.5689085, 78.5440201 ], [ 12.5530283, 78.5436964 ], [ 12.5395271, 78.5422215 ], [ 12.4001348, 78.5443105 ], [ 12.3948783, 78.544542 ], [ 12.3901523, 78.545333 ], [ 12.3868304, 78.5482397 ], [ 12.3856813, 78.5542558 ], [ 12.3761094, 78.5565012 ], [ 12.3670686, 78.563248 ], [ 12.3682855, 78.5637927 ], [ 12.374842, 78.5653325 ], [ 12.3765093, 78.565051 ], [ 12.3808233, 78.5632284 ], [ 12.3781956, 78.5615091 ], [ 12.3828017, 78.5611149 ], [ 12.4229555, 78.5672342 ], [ 12.4482574, 78.5672342 ], [ 12.465969, 78.5708632 ], [ 12.4667131, 78.5713943 ], [ 12.4588248, 78.576528 ], [ 12.4684991, 78.5766166 ], [ 12.4692051, 78.5774255 ], [ 12.4656885, 78.5817068 ], [ 12.4489681, 78.5939595 ], [ 12.4371588, 78.597716 ], [ 12.418542, 78.597908 ], [ 12.3696771, 78.5962071 ], [ 12.3571603, 78.5956922 ], [ 12.342392, 78.5941792 ], [ 12.2863669, 78.595347 ], [ 12.211693, 78.5928223 ], [ 12.1885951, 78.5974284 ], [ 12.1863574, 78.5962977 ], [ 12.1504385, 78.5987675 ], [ 12.0991852, 78.6085172 ], [ 12.0766046, 78.6102757 ], [ 12.0250812, 78.611555 ], [ 11.9790705, 78.6248711 ], [ 11.9699579, 78.6300203 ], [ 11.956076, 78.6321507 ], [ 11.9501756, 78.6348712 ], [ 11.9118387, 78.6387008 ], [ 11.8984017, 78.6413685 ], [ 11.9001437, 78.6546918 ], [ 11.8881803, 78.6591548 ], [ 11.8484086, 78.6652282 ], [ 11.8421297, 78.6684188 ], [ 11.8318514, 78.6821311 ], [ 11.8428378, 78.6838405 ], [ 11.8708264, 78.683044 ], [ 11.88317, 78.6879603 ], [ 11.8917, 78.6864264 ], [ 11.9052048, 78.687483 ], [ 11.9386764, 78.6946625 ], [ 11.9404433, 78.7032644 ], [ 11.9141606, 78.7076842 ], [ 11.904713, 78.7126935 ], [ 11.8874855, 78.7140363 ], [ 11.8797463, 78.7138222 ], [ 11.8718038, 78.7113547 ], [ 11.8238769, 78.7100136 ], [ 11.7710196, 78.7067413 ], [ 11.7520804, 78.7096235 ], [ 11.7332807, 78.7154915 ], [ 11.7164721, 78.7175326 ], [ 11.7016044, 78.7237352 ], [ 11.6496621, 78.7276843 ], [ 11.6422514, 78.7306982 ], [ 11.6191099, 78.7334847 ], [ 11.6315925, 78.7337818 ], [ 11.6223702, 78.7355734 ], [ 11.6225376, 78.7360826 ], [ 11.6350501, 78.740454 ], [ 11.6336251, 78.7460662 ], [ 11.6355093, 78.7468725 ], [ 11.6322767, 78.7488749 ], [ 11.6235715, 78.749843 ], [ 11.623403, 78.75 ], [ 11.6233786, 78.75 ], [ 11.6256649, 78.7515869 ], [ 11.6163576, 78.75 ], [ 11.5956393, 78.7454869 ], [ 11.5940603, 78.7457182 ], [ 11.6135395, 78.75 ], [ 11.6133646, 78.75 ], [ 11.6303434, 78.7537585 ], [ 11.6452035, 78.758514 ], [ 11.6480393, 78.7596354 ], [ 11.6616696, 78.7663836 ], [ 11.6631031, 78.7672735 ], [ 11.6683189, 78.7755017 ], [ 11.7003824, 78.7894616 ], [ 11.6985809, 78.795105 ], [ 11.705986, 78.8028618 ], [ 11.7307947, 78.8116626 ], [ 11.7454249, 78.8133485 ], [ 11.7548569, 78.816094 ], [ 11.7753059, 78.8254108 ], [ 11.7771235, 78.8258256 ], [ 11.7862275, 78.8271714 ], [ 11.8048313, 78.8278799 ], [ 11.8522696, 78.8240067 ], [ 11.8753352, 78.8228956 ], [ 11.8978391, 78.8233083 ], [ 11.9416748, 78.8200784 ], [ 11.9481632, 78.8232381 ], [ 11.9410517, 78.8285404 ], [ 11.93656, 78.830525 ], [ 11.9160444, 78.8363926 ], [ 11.8939131, 78.8380888 ], [ 11.8632525, 78.8474932 ], [ 11.8611186, 78.8497548 ], [ 11.8541921, 78.8512499 ], [ 11.8504869, 78.851757 ], [ 11.8394167, 78.8520756 ], [ 11.8273531, 78.8510903 ], [ 11.7931902, 78.8538731 ], [ 11.7380311, 78.8545451 ], [ 11.7089009, 78.8598182 ], [ 11.6746233, 78.8619157 ], [ 11.6571151, 78.8665341 ], [ 11.647103, 78.867943 ], [ 11.6212736, 78.8693318 ], [ 11.6191884, 78.8696035 ], [ 11.6047447, 78.8729022 ], [ 11.5858454, 78.877894 ], [ 11.5598205, 78.8884825 ], [ 11.4983044, 78.9040715 ], [ 11.4637806, 78.9162056 ], [ 11.4330174, 78.9233909 ], [ 11.4189743, 78.9302291 ], [ 11.3899124, 78.9329596 ], [ 11.3797067, 78.9371901 ], [ 11.3555239, 78.9410911 ], [ 11.3529953, 78.9543298 ], [ 11.33674, 78.9636199 ], [ 11.3344792, 78.966785 ], [ 11.3344918, 78.967105 ], [ 11.3405581, 78.9689295 ], [ 11.3425163, 78.9691975 ], [ 11.3535, 78.9693633 ], [ 11.3568928, 78.9696187 ], [ 11.3631004, 78.9708896 ], [ 11.3746291, 78.9727988 ], [ 11.3815922, 78.9731671 ], [ 11.4020327, 78.9707319 ], [ 11.4424877, 78.9709821 ], [ 11.4958825, 78.9763246 ], [ 11.5142579, 78.9742751 ], [ 11.5288072, 78.9750223 ], [ 11.6047859, 78.9689939 ], [ 11.6771705, 78.9657276 ], [ 11.7258548, 78.9621269 ], [ 11.765855, 78.9577411 ], [ 11.8138334, 78.9502203 ], [ 11.8737911, 78.9460525 ], [ 11.8608223, 78.9352852 ], [ 11.8630513, 78.9307731 ], [ 11.898513, 78.9267651 ], [ 11.922627, 78.9243518 ], [ 11.9451199, 78.92369 ], [ 11.9493753, 78.9215097 ], [ 11.9564677, 78.9199521 ], [ 11.9820001, 78.9163688 ], [ 11.994404, 78.9184234 ], [ 11.9969035, 78.9181792 ], [ 12.0249037, 78.9181607 ], [ 12.0446805, 78.916881 ], [ 12.0877048, 78.9178123 ], [ 12.0944679, 78.9146208 ], [ 12.1244074, 78.9135249 ], [ 12.1303718, 78.9111155 ], [ 12.1532475, 78.9093097 ], [ 12.1588901, 78.9072731 ], [ 12.2063875, 78.9046018 ], [ 12.2088341, 78.8989129 ], [ 12.2400016, 78.8985251 ], [ 12.247161, 78.8934613 ], [ 12.2546004, 78.8926935 ], [ 12.2575223, 78.8924992 ], [ 12.2782154, 78.8929048 ], [ 12.2810152, 78.89305 ], [ 12.2995893, 78.894926 ], [ 12.30287, 78.8949836 ], [ 12.3659834, 78.894447 ], [ 12.3684074, 78.8919539 ], [ 12.3590426, 78.8915921 ], [ 12.3700728, 78.8911099 ], [ 12.3703659, 78.8884813 ], [ 12.3892283, 78.8843271 ], [ 12.403496, 78.8823348 ], [ 12.4235554, 78.8819432 ], [ 12.4561327, 78.8740425 ], [ 12.4894047, 78.8682619 ], [ 12.495104, 78.8681298 ], [ 12.5050817, 78.8694838 ], [ 12.5023566, 78.8745129 ], [ 12.5037754, 78.8750759 ], [ 12.5297701, 78.8816916 ], [ 12.5333722, 78.8932768 ], [ 12.5416334, 78.8970563 ], [ 12.5348182, 78.8993847 ], [ 12.6180818, 78.9081215 ], [ 12.6227674, 78.9092159 ], [ 12.6247756, 78.9100527 ], [ 12.6243817, 78.9108282 ], [ 12.6131459, 78.9147239 ], [ 12.5949985, 78.916222 ], [ 12.5705225, 78.9141383 ], [ 12.5581567, 78.9146745 ], [ 12.5400923, 78.912481 ], [ 12.5312016, 78.9135609 ], [ 12.5220928, 78.9124151 ], [ 12.4946308, 78.9164289 ], [ 12.4746118, 78.9172779 ], [ 12.4772176, 78.9216355 ], [ 12.4716566, 78.9231063 ], [ 12.4713753, 78.9270374 ], [ 12.4530329, 78.9349306 ], [ 12.4510041, 78.9449162 ], [ 12.4462538, 78.9470919 ], [ 12.4473946, 78.9515632 ], [ 12.4530234, 78.9602422 ], [ 12.478101, 78.9676821 ], [ 12.4786299, 78.9680485 ], [ 12.4725614, 78.9714897 ], [ 12.485453, 78.9739501 ], [ 12.4977905, 78.9722317 ], [ 12.5222487, 78.9823591 ], [ 12.5323957, 78.9878829 ], [ 12.5317903, 78.9882644 ], [ 12.520419, 78.9902343 ], [ 12.4864181, 78.9955643 ], [ 12.4866812, 78.9947736 ], [ 12.4469286, 78.9929186 ], [ 12.4339982, 78.9955112 ], [ 12.4217314, 78.9945784 ], [ 12.389676, 78.9952821 ], [ 12.3847371, 78.9963356 ], [ 12.3858298, 78.9989713 ], [ 12.3720692, 79.001084 ], [ 12.3460792, 79.0011452 ], [ 12.3123395, 79.0030041 ], [ 12.2935079, 79.0019143 ], [ 12.2801622, 79.0037754 ], [ 12.270363, 79.0035446 ], [ 12.2591068, 79.0051188 ], [ 12.2510012, 79.0097136 ], [ 12.2224909, 79.0128278 ], [ 12.2072088, 79.0129836 ], [ 12.1841716, 79.0165598 ], [ 12.1841102, 79.0213449 ], [ 12.1677099, 79.0242846 ], [ 12.151107, 79.0241156 ], [ 12.1411027, 79.0253541 ], [ 12.0844309, 79.0206909 ], [ 12.0744942, 79.0183986 ], [ 12.0680625, 79.0188115 ], [ 12.072077, 79.0180335 ], [ 12.0510526, 79.0160815 ], [ 12.0494004, 79.013081 ], [ 12.0571721, 79.0085326 ], [ 12.0396384, 79.0055799 ], [ 12.027562, 79.0075033 ], [ 12.0143944, 79.0061908 ], [ 11.9966624, 79.0073636 ], [ 11.9856617, 79.0103157 ], [ 11.9688545, 79.0113691 ], [ 11.9691442, 79.0191023 ], [ 11.9623327, 79.0214382 ], [ 11.8297966, 79.0386438 ], [ 11.800754, 79.0451194 ], [ 11.7611825, 79.058417 ], [ 11.7461098, 79.0613838 ], [ 11.712714, 79.0661805 ], [ 11.679076, 79.0686131 ], [ 11.6631244, 79.0685405 ], [ 11.6624904, 79.0710661 ], [ 11.6827136, 79.0727264 ], [ 11.6881397, 79.076315 ], [ 11.7062517, 79.0792328 ], [ 11.7159148, 79.0844907 ], [ 11.7280964, 79.0867763 ], [ 11.7403908, 79.0867954 ], [ 11.7506388, 79.0883011 ], [ 11.7572755, 79.0982825 ], [ 11.7892799, 79.0999902 ], [ 11.7972922, 79.1045085 ], [ 11.7999765, 79.1163383 ], [ 11.8247646, 79.1219097 ], [ 11.85976, 79.1216276 ], [ 11.8363335, 79.1190221 ], [ 11.8341444, 79.1165299 ], [ 11.8426207, 79.1152613 ], [ 11.8547612, 79.114915 ], [ 11.87281, 79.111647 ], [ 11.9265645, 79.1066573 ], [ 11.9394958, 79.1081111 ], [ 11.9464848, 79.1162109 ], [ 11.9455885, 79.1226575 ], [ 11.8967959, 79.1280229 ], [ 11.8844099, 79.1278276 ], [ 11.8587815, 79.1335366 ], [ 11.835916, 79.1357892 ], [ 11.8274366, 79.1394132 ], [ 11.8299274, 79.1421762 ], [ 11.841626, 79.1437438 ], [ 11.856998, 79.1525528 ], [ 11.8559477, 79.1566728 ], [ 11.8809601, 79.1697723 ], [ 11.8916631, 79.1874001 ], [ 11.9060881, 79.1935076 ], [ 11.9257045, 79.1984794 ], [ 11.9442838, 79.1995289 ], [ 11.9772969, 79.2061322 ], [ 12.0296595, 79.2055742 ], [ 12.0414129, 79.2041621 ], [ 12.0455039, 79.2007244 ], [ 12.053546, 79.1998106 ], [ 12.069398, 79.1994493 ], [ 12.0947307, 79.1965111 ], [ 12.1113485, 79.1966664 ], [ 12.1520433, 79.1944526 ], [ 12.1884567, 79.1941952 ], [ 12.2457374, 79.1957834 ], [ 12.2661955, 79.1967369 ], [ 12.2717273, 79.1985373 ], [ 12.2606322, 79.2041014 ], [ 12.2409045, 79.2078533 ], [ 12.1837507, 79.2068288 ], [ 12.1302752, 79.2086369 ], [ 12.0222929, 79.22089 ], [ 12.0132917, 79.2237949 ], [ 12.0322722, 79.2351475 ], [ 12.0515482, 79.2411929 ], [ 12.0673004, 79.2498826 ], [ 12.0962585, 79.2569754 ], [ 12.1199853, 79.2601194 ], [ 12.1493663, 79.2615483 ], [ 12.1583601, 79.263343 ], [ 12.1789113, 79.2733045 ], [ 12.1615744, 79.2738267 ], [ 12.1153992, 79.27064 ], [ 12.0637588, 79.2687749 ], [ 12.0463666, 79.2692679 ], [ 12.0457819, 79.2708133 ], [ 12.0548061, 79.2715167 ], [ 12.0486512, 79.2743731 ], [ 12.0630187, 79.2772284 ], [ 12.0544178, 79.2816052 ], [ 12.0589579, 79.283186 ], [ 12.0953135, 79.2864546 ], [ 12.1075578, 79.2894725 ], [ 12.1238126, 79.2900515 ], [ 12.1347353, 79.2955898 ], [ 12.1849707, 79.3042225 ], [ 12.1946698, 79.3087645 ], [ 12.1774594, 79.3115177 ], [ 12.145135, 79.3127495 ], [ 12.1430162, 79.3103592 ], [ 12.1166964, 79.3084129 ], [ 12.0975137, 79.3038785 ], [ 12.0787981, 79.3042891 ], [ 11.9973764, 79.2940114 ], [ 11.9454033, 79.2839288 ], [ 11.9415215, 79.2821825 ], [ 11.9482131, 79.2794493 ], [ 11.9450694, 79.2788703 ], [ 11.9110444, 79.2807252 ], [ 11.886059, 79.2895355 ], [ 11.8672642, 79.2930274 ], [ 11.8669316, 79.2979813 ], [ 11.8584452, 79.2973834 ], [ 11.8582346, 79.295861 ], [ 11.845578, 79.2959034 ], [ 11.8534946, 79.2952957 ], [ 11.8554497, 79.293133 ], [ 11.8424052, 79.2936429 ], [ 11.8468213, 79.2924153 ], [ 11.8413132, 79.2903639 ], [ 11.854847, 79.2913475 ], [ 11.8361084, 79.2883379 ], [ 11.833189, 79.2773438 ], [ 11.8503044, 79.2598445 ], [ 11.8459895, 79.2590698 ], [ 11.8649368, 79.2531812 ], [ 11.8629075, 79.2476286 ], [ 11.8725574, 79.2430772 ], [ 11.8733618, 79.2387167 ], [ 11.8814127, 79.2362604 ], [ 11.8744369, 79.2343864 ], [ 11.8810126, 79.2344462 ], [ 11.8764138, 79.2325681 ], [ 11.8831294, 79.2320884 ], [ 11.8856872, 79.2283781 ], [ 11.8792059, 79.227248 ], [ 11.8847483, 79.2269936 ], [ 11.8821766, 79.2221444 ], [ 11.8598526, 79.2194647 ], [ 11.8308244, 79.2178845 ], [ 11.7921445, 79.2298173 ], [ 11.77994, 79.2343788 ], [ 11.7727762, 79.2407368 ], [ 11.7672051, 79.2408477 ], [ 11.7631816, 79.2523084 ], [ 11.7523485, 79.2554715 ], [ 11.7468998, 79.2643185 ], [ 11.7284075, 79.2741098 ], [ 11.6975007, 79.3056164 ], [ 11.7038213, 79.3175673 ], [ 11.7279305, 79.3239605 ], [ 11.74224, 79.3252856 ], [ 11.7806911, 79.3245656 ], [ 11.8069072, 79.3260331 ], [ 11.8070029, 79.3375835 ], [ 11.7768754, 79.3411266 ], [ 11.7690628, 79.3416094 ], [ 11.734987, 79.3415482 ], [ 11.686388, 79.346473 ], [ 11.6833318, 79.3466072 ], [ 11.6276873, 79.3482438 ], [ 11.5837734, 79.3466126 ], [ 11.5819725, 79.3467293 ], [ 11.5640825, 79.3484637 ], [ 11.5634789, 79.348397 ], [ 11.5393773, 79.3414608 ], [ 11.5365341, 79.3409271 ], [ 11.4977967, 79.3364632 ], [ 11.4879417, 79.3339041 ], [ 11.4931799, 79.3316222 ], [ 11.5235813, 79.3213617 ], [ 11.5459737, 79.3192837 ], [ 11.552147, 79.3173326 ], [ 11.5488358, 79.3070329 ], [ 11.5616692, 79.3041373 ], [ 11.5644367, 79.2990524 ], [ 11.5590876, 79.2957419 ], [ 11.567327, 79.2938467 ], [ 11.5763868, 79.2819703 ], [ 11.5764507, 79.2813194 ], [ 11.5747567, 79.2804275 ], [ 11.5548819, 79.2795519 ], [ 11.5531212, 79.2793499 ], [ 11.5153295, 79.2738816 ], [ 11.5033782, 79.2705525 ], [ 11.503705, 79.2701052 ], [ 11.5089664, 79.2693113 ], [ 11.5109529, 79.2693909 ], [ 11.5578362, 79.2725188 ], [ 11.5641741, 79.2707697 ], [ 11.5473185, 79.2696915 ], [ 11.5498127, 79.2665663 ], [ 11.5649757, 79.2684432 ], [ 11.5862526, 79.2681974 ], [ 11.5954387, 79.2669876 ], [ 11.6905429, 79.209836 ], [ 11.6842077, 79.1953636 ], [ 11.6877058, 79.1907008 ], [ 11.6775957, 79.1873724 ], [ 11.6639885, 79.187887 ], [ 11.6828516, 79.1836729 ], [ 11.6833825, 79.1829079 ], [ 11.6815609, 79.1748644 ], [ 11.6813062, 79.1744674 ], [ 11.6694551, 79.1675841 ], [ 11.6675562, 79.1608787 ], [ 11.6638772, 79.1596472 ], [ 11.6342219, 79.1592923 ], [ 11.6328706, 79.1591711 ], [ 11.6269903, 79.1569142 ], [ 11.6185246, 79.1575233 ], [ 11.6190993, 79.1603575 ], [ 11.5834928, 79.1611843 ], [ 11.5989385, 79.1625919 ], [ 11.6113327, 79.1622481 ], [ 11.6123421, 79.1635026 ], [ 11.6046009, 79.1648489 ], [ 11.5801916, 79.1662793 ], [ 11.5710073, 79.1648571 ], [ 11.5703723, 79.1647155 ], [ 11.5776405, 79.1600012 ], [ 11.5705411, 79.1588327 ], [ 11.5623403, 79.1599413 ], [ 11.5776253, 79.1563085 ], [ 11.5771683, 79.1538835 ], [ 11.5720034, 79.1532865 ], [ 11.5778379, 79.1506068 ], [ 11.6123732, 79.1484091 ], [ 11.6160299, 79.1526223 ], [ 11.6231267, 79.1513805 ], [ 11.6171613, 79.1486028 ], [ 11.5533457, 79.1330189 ], [ 11.5251567, 79.1295803 ], [ 11.521777, 79.1272361 ], [ 11.4750009, 79.120841 ], [ 11.4267009, 79.1111006 ], [ 11.4019846, 79.1093484 ], [ 11.3654366, 79.1112611 ], [ 11.3535273, 79.1112421 ], [ 11.3181444, 79.1102608 ], [ 11.3064075, 79.1088581 ], [ 11.3027036, 79.1088825 ], [ 11.2626938, 79.1102499 ], [ 11.25, 79.1107701 ], [ 11.2476848, 79.1108034 ], [ 11.2179813, 79.1157461 ], [ 11.1915388, 79.1170892 ], [ 11.1908178, 79.1173735 ], [ 11.1899573, 79.1210268 ], [ 11.2022953, 79.1267958 ], [ 11.201461, 79.1301239 ], [ 11.2097232, 79.1351228 ], [ 11.2039077, 79.1407616 ], [ 11.1859314, 79.1484787 ], [ 11.1895002, 79.1549942 ], [ 11.1825762, 79.1600286 ], [ 11.1831659, 79.170032 ], [ 11.1764975, 79.1770428 ], [ 11.1876558, 79.1792457 ], [ 11.1861556, 79.1833053 ], [ 11.1800507, 79.1890239 ], [ 11.1600804, 79.1977384 ], [ 11.1573468, 79.2027057 ], [ 11.1639541, 79.2099676 ], [ 11.1588438, 79.2146966 ], [ 11.1714242, 79.2190289 ], [ 11.1582148, 79.2242152 ], [ 11.1722735, 79.2210801 ], [ 11.1818335, 79.2220016 ], [ 11.1884398, 79.2213683 ], [ 11.1894844, 79.2238992 ], [ 11.1839157, 79.2256675 ], [ 11.1871887, 79.2278438 ], [ 11.1869276, 79.2281191 ], [ 11.1825163, 79.2308927 ], [ 11.1682943, 79.2322328 ], [ 11.1632943, 79.2365254 ], [ 11.1686018, 79.2387555 ], [ 11.1486681, 79.2402992 ], [ 11.1601437, 79.2375587 ], [ 11.154739, 79.2290754 ], [ 11.145556, 79.2288392 ], [ 11.1555613, 79.2255859 ], [ 11.1462075, 79.2263258 ], [ 11.1342287, 79.2330893 ], [ 11.1305532, 79.2447941 ], [ 11.1202722, 79.2480202 ], [ 11.1192842, 79.25077 ], [ 11.0950334, 79.2560701 ], [ 11.0848784, 79.2566679 ], [ 11.0784581, 79.2593296 ], [ 11.0514799, 79.2615329 ], [ 11.0518126, 79.2646412 ], [ 11.0366313, 79.2700083 ], [ 11.0369104, 79.2733669 ], [ 11.0475332, 79.2748601 ], [ 11.0376505, 79.2771456 ], [ 11.0436769, 79.2783353 ], [ 11.0382632, 79.2863452 ], [ 11.0290927, 79.2878422 ], [ 11.0169919, 79.2940068 ], [ 11.0035208, 79.2964953 ], [ 10.9963732, 79.3037153 ], [ 11.0099225, 79.3057193 ], [ 10.9984903, 79.305256 ], [ 10.990598, 79.3076084 ], [ 10.993642, 79.3087972 ], [ 11.0046519, 79.3090361 ], [ 11.0124354, 79.3075273 ], [ 11.0317693, 79.3089761 ], [ 11.0309581, 79.313755 ], [ 11.0271233, 79.3151612 ], [ 11.0233304, 79.3156101 ], [ 10.9770476, 79.3138715 ], [ 10.9536716, 79.3158838 ], [ 10.9360321, 79.3201798 ], [ 10.9342089, 79.3224903 ], [ 10.9121176, 79.3248299 ], [ 10.9125946, 79.3268574 ], [ 10.8895913, 79.3298943 ], [ 10.8708044, 79.3397551 ], [ 10.8805078, 79.3419411 ], [ 10.8696886, 79.3419663 ], [ 10.8637646, 79.3461189 ], [ 10.8763084, 79.3547946 ], [ 10.8604332, 79.3594983 ], [ 10.8597897, 79.3598304 ], [ 10.8486187, 79.3663076 ], [ 10.8515992, 79.3679219 ], [ 10.8709782, 79.3709635 ], [ 10.884334, 79.371736 ], [ 10.8958567, 79.3718808 ], [ 10.908165, 79.3705291 ], [ 10.9371185, 79.3786011 ], [ 10.9579408, 79.3787479 ], [ 10.9709144, 79.3821917 ], [ 10.9525932, 79.3844465 ], [ 10.9384152, 79.3821326 ], [ 10.9371351, 79.3863865 ], [ 10.9067829, 79.3882972 ], [ 10.8723584, 79.4007643 ], [ 10.8654344, 79.4044963 ], [ 10.8571053, 79.4133933 ], [ 10.8579487, 79.4152812 ], [ 10.8597733, 79.4161797 ], [ 10.8626407, 79.4167252 ], [ 10.8653969, 79.4167041 ], [ 10.8746914, 79.4159861 ], [ 10.8752118, 79.4158082 ], [ 10.8635648, 79.414168 ], [ 10.8646523, 79.4138051 ], [ 10.8776271, 79.4113514 ], [ 10.8810174, 79.4109352 ], [ 10.9015338, 79.4105092 ], [ 10.9079083, 79.4123393 ], [ 10.8959652, 79.4164031 ], [ 10.9048048, 79.4189461 ], [ 10.9136015, 79.4187804 ], [ 10.9221348, 79.4204407 ], [ 10.9272426, 79.4194478 ], [ 10.9244928, 79.417701 ], [ 10.9298841, 79.4184774 ], [ 10.9539275, 79.417315 ], [ 10.9550546, 79.4207597 ], [ 10.9496827, 79.4221401 ], [ 10.9379689, 79.4234995 ], [ 10.9198534, 79.4233077 ], [ 10.9165179, 79.4317477 ], [ 10.9120436, 79.4344997 ], [ 10.9033583, 79.4344031 ], [ 10.9004632, 79.4360929 ], [ 10.9123067, 79.4359964 ], [ 10.9243875, 79.437663 ], [ 10.9255515, 79.4358253 ], [ 10.9325612, 79.4360878 ], [ 10.9362729, 79.4386746 ], [ 10.9267601, 79.4398568 ], [ 10.9256496, 79.4416471 ], [ 10.9388179, 79.4403754 ], [ 10.9487532, 79.4415346 ], [ 10.9459615, 79.4426476 ], [ 10.9670079, 79.4415522 ], [ 10.977514, 79.4434506 ], [ 10.9812175, 79.4600573 ], [ 10.9683002, 79.4617178 ], [ 10.9649335, 79.4649709 ], [ 10.9862633, 79.4688956 ], [ 10.9920686, 79.4733834 ], [ 10.9796555, 79.4754922 ], [ 10.9448727, 79.4773401 ], [ 10.9449722, 79.4747868 ], [ 10.9291987, 79.4750884 ], [ 10.8510516, 79.4892827 ], [ 10.8463939, 79.4924437 ], [ 10.8561606, 79.4959708 ], [ 10.8857245, 79.4943182 ], [ 10.8952597, 79.495477 ], [ 10.8973786, 79.4984704 ], [ 10.8915921, 79.5012546 ], [ 10.8444687, 79.5025331 ], [ 10.8490432, 79.5030438 ], [ 10.8452605, 79.5049269 ], [ 10.8366647, 79.5057414 ], [ 10.8411068, 79.5037379 ], [ 10.8349843, 79.5034956 ], [ 10.834078, 79.5022451 ], [ 10.8302248, 79.5027002 ], [ 10.8244524, 79.500131 ], [ 10.8232949, 79.5047079 ], [ 10.7990521, 79.5091991 ], [ 10.7634292, 79.5101097 ], [ 10.7516869, 79.5128571 ], [ 10.7201459, 79.5149714 ], [ 10.7071176, 79.5191565 ], [ 10.686722, 79.5316255 ], [ 10.7269673, 79.527414 ], [ 10.7354685, 79.533618 ], [ 10.709168, 79.5355492 ], [ 10.6857293, 79.533641 ], [ 10.6773908, 79.5347925 ], [ 10.6757768, 79.5352758 ], [ 10.6699835, 79.5386133 ], [ 10.6737427, 79.5421749 ], [ 10.6660051, 79.5453993 ], [ 10.6653481, 79.5470942 ], [ 10.6660864, 79.5495412 ], [ 10.6666877, 79.5499588 ], [ 10.6760277, 79.5528668 ], [ 10.6739449, 79.5551084 ], [ 10.6821861, 79.5549831 ], [ 10.6844805, 79.5557185 ], [ 10.685252, 79.5561388 ], [ 10.6839114, 79.5584694 ], [ 10.7261478, 79.5639404 ], [ 10.7675411, 79.5657762 ], [ 10.9410878, 79.5621825 ], [ 10.9448043, 79.5618329 ], [ 10.9480032, 79.5594702 ], [ 10.9474024, 79.5591874 ], [ 10.939804, 79.560245 ], [ 10.9367731, 79.5596921 ], [ 10.9365227, 79.5590144 ], [ 10.9379998, 79.5519489 ], [ 10.9401706, 79.5490701 ], [ 10.9405699, 79.548785 ], [ 10.9530613, 79.5451055 ], [ 10.9627546, 79.544215 ], [ 10.964366, 79.5442972 ], [ 10.9984775, 79.5476235 ], [ 10.9924844, 79.5486825 ], [ 10.9933087, 79.5544606 ], [ 11.0017149, 79.559903 ], [ 11.0033221, 79.5604258 ], [ 11.0108922, 79.5611947 ], [ 11.0150402, 79.5597306 ], [ 11.0166271, 79.5598961 ], [ 11.0289644, 79.5624231 ], [ 11.0853428, 79.5572861 ], [ 11.1034098, 79.551374 ], [ 11.1288462, 79.5525007 ], [ 11.1165602, 79.5534781 ], [ 11.124336, 79.5549105 ], [ 11.1471593, 79.5518678 ], [ 11.1742072, 79.5540642 ], [ 11.232468, 79.5500166 ], [ 11.244607, 79.550814 ], [ 11.2451577, 79.5510513 ], [ 11.2366461, 79.5542759 ], [ 11.2532128, 79.5592117 ], [ 11.25, 79.5599889 ], [ 11.2138932, 79.560585 ], [ 11.1807323, 79.5636749 ], [ 11.1565721, 79.5639324 ], [ 11.1447287, 79.5660781 ], [ 11.0911974, 79.5713139 ], [ 11.0769855, 79.5715714 ], [ 11.0429902, 79.5744895 ], [ 11.0301867, 79.577751 ], [ 10.9974602, 79.5786093 ], [ 10.9756331, 79.5817852 ], [ 10.9106261, 79.5853041 ], [ 10.8911713, 79.588394 ], [ 10.8520277, 79.5909512 ], [ 10.8214529, 79.5993826 ], [ 10.8205786, 79.6000617 ], [ 10.8221905, 79.6021354 ], [ 10.8362551, 79.6075679 ], [ 10.8672752, 79.610954 ], [ 10.88582, 79.6143355 ], [ 10.9138944, 79.6267982 ], [ 10.9347066, 79.6291503 ], [ 10.9436002, 79.6286629 ], [ 10.9374909, 79.6296694 ], [ 10.9767601, 79.6406503 ], [ 10.996433, 79.6394771 ], [ 11.0073544, 79.6401227 ], [ 11.0044332, 79.6429539 ], [ 11.0050777, 79.6433686 ], [ 11.0135772, 79.6447823 ], [ 11.0252343, 79.6454889 ], [ 11.0406059, 79.6455702 ], [ 11.0429888, 79.6454432 ], [ 11.0721381, 79.6432559 ], [ 11.0985616, 79.6393461 ], [ 11.119472, 79.6379131 ], [ 11.1233677, 79.6372408 ], [ 11.1286983, 79.6358209 ], [ 11.1288621, 79.6354963 ], [ 11.1187019, 79.6372076 ], [ 11.107886, 79.6326345 ], [ 11.1008393, 79.6319264 ], [ 11.1001837, 79.6312183 ], [ 11.1003475, 79.6288579 ], [ 11.117227, 79.626704 ], [ 11.1429557, 79.629684 ], [ 11.1748381, 79.6300169 ], [ 11.1892449, 79.6351006 ], [ 11.2239954, 79.6348077 ], [ 11.2369633, 79.6303782 ], [ 11.25, 79.629743 ], [ 11.2573627, 79.629058 ], [ 11.267903, 79.6294093 ], [ 11.2724732, 79.6297719 ], [ 11.2919832, 79.633077 ], [ 11.2959188, 79.6332836 ], [ 11.3026417, 79.6333129 ], [ 11.3387036, 79.6322541 ], [ 11.3557115, 79.6289896 ], [ 11.386779, 79.628531 ], [ 11.3895353, 79.6282303 ], [ 11.424877, 79.616943 ], [ 11.4257737, 79.6144698 ], [ 11.4526083, 79.6111962 ], [ 11.458112, 79.6110504 ], [ 11.4614342, 79.6111727 ], [ 11.4627429, 79.6132464 ], [ 11.4654542, 79.6134905 ], [ 11.4748281, 79.6131536 ], [ 11.4698499, 79.6183295 ], [ 11.5084472, 79.6183593 ], [ 11.5123506, 79.6198561 ], [ 11.5079592, 79.6218594 ], [ 11.5194368, 79.6221287 ], [ 11.5137265, 79.6253858 ], [ 11.5266886, 79.6235743 ], [ 11.5429103, 79.6254601 ], [ 11.5447989, 79.6262347 ], [ 11.5425243, 79.6289063 ], [ 11.4940319, 79.6343238 ], [ 11.4710057, 79.6397885 ], [ 11.4013323, 79.6473227 ], [ 11.4017082, 79.6513844 ], [ 11.3951057, 79.6524622 ], [ 11.3915731, 79.6559376 ], [ 11.3834769, 79.6563363 ], [ 11.3500468, 79.6482433 ], [ 11.3468288, 79.6482439 ], [ 11.3456925, 79.6485204 ], [ 11.3459486, 79.6509516 ], [ 11.3336948, 79.6517841 ], [ 11.3169311, 79.6607494 ], [ 11.2913074, 79.6655828 ], [ 11.2963365, 79.6690267 ], [ 11.2697442, 79.6718796 ], [ 11.2513782, 79.677658 ], [ 11.2503278, 79.677658 ], [ 11.25, 79.6782923 ], [ 11.2193197, 79.6881939 ], [ 11.2192965, 79.6884952 ], [ 11.2289135, 79.6904655 ], [ 11.25, 79.6924182 ], [ 11.2801756, 79.6934294 ], [ 11.3010314, 79.692697 ], [ 11.3062124, 79.6940567 ], [ 11.2944084, 79.6979756 ], [ 11.2818201, 79.7001249 ], [ 11.2754532, 79.7005833 ], [ 11.2534726, 79.7002985 ], [ 11.25, 79.7000558 ], [ 11.21799, 79.7004708 ], [ 11.2004189, 79.6993792 ], [ 11.2013844, 79.7020819 ], [ 11.1793009, 79.7079855 ], [ 11.1688467, 79.715282 ], [ 11.1978731, 79.7190607 ], [ 11.2210166, 79.719007 ], [ 11.2269076, 79.7217245 ], [ 11.2210166, 79.7234325 ], [ 11.2084301, 79.7236536 ], [ 11.2017394, 79.7249728 ], [ 11.1617405, 79.7263275 ], [ 11.173628, 79.7445343 ], [ 11.1697319, 79.748479 ], [ 11.1721036, 79.7493052 ], [ 11.1752666, 79.7500187 ], [ 11.1929786, 79.7517461 ], [ 11.25, 79.750244 ], [ 11.2617183, 79.7500561 ], [ 11.274807, 79.7509764 ], [ 11.2904968, 79.7550253 ], [ 11.2771363, 79.7578572 ], [ 11.25, 79.7597656 ], [ 11.219928, 79.7611153 ], [ 11.2172282, 79.761319 ], [ 11.2111467, 79.7633857 ], [ 11.1941844, 79.7632629 ], [ 11.1881058, 79.7641642 ], [ 11.1860527, 79.7646048 ], [ 11.1790019, 79.7748383 ], [ 11.1791129, 79.7769163 ], [ 11.1809698, 79.7775776 ], [ 11.200897, 79.781494 ], [ 11.2056473, 79.7819237 ], [ 11.25, 79.781808 ], [ 11.3280122, 79.7810004 ], [ 11.3543344, 79.7822936 ], [ 11.3857002, 79.7805011 ], [ 11.3870497, 79.7803874 ], [ 11.4436411, 79.7638113 ], [ 11.4717968, 79.75016 ], [ 11.5006502, 79.7514246 ], [ 11.5227129, 79.7554408 ], [ 11.5351959, 79.762327 ], [ 11.5115005, 79.7651339 ], [ 11.4939924, 79.7710464 ], [ 11.5131046, 79.7699327 ], [ 11.5216548, 79.7668608 ], [ 11.5347627, 79.7694067 ], [ 11.53499, 79.7709798 ], [ 11.5333887, 79.7729797 ], [ 11.5113707, 79.7811174 ], [ 11.5112664, 79.7856169 ], [ 11.5173107, 79.787585 ], [ 11.5117422, 79.7913272 ], [ 11.5044378, 79.7931101 ], [ 11.5042723, 79.7956192 ], [ 11.5025291, 79.7963104 ], [ 11.4822996, 79.8011611 ], [ 11.4754415, 79.8056639 ], [ 11.5154639, 79.8072175 ], [ 11.5215654, 79.808814 ], [ 11.5154856, 79.8101336 ], [ 11.5229754, 79.8117434 ], [ 11.5368882, 79.8106486 ], [ 11.554864, 79.8120846 ], [ 11.5633022, 79.8084347 ], [ 11.5492351, 79.8046875 ], [ 11.5494111, 79.8000863 ], [ 11.5537596, 79.7988276 ], [ 11.5649838, 79.7997448 ], [ 11.5721864, 79.7972062 ], [ 11.5691732, 79.7962964 ], [ 11.5842441, 79.7943712 ], [ 11.5921843, 79.7966185 ], [ 11.5740422, 79.8046875 ], [ 11.5903673, 79.8051387 ], [ 11.5966364, 79.8105685 ], [ 11.6085317, 79.8126494 ], [ 11.6002656, 79.8143862 ], [ 11.599685, 79.8165308 ], [ 11.5892078, 79.8159132 ], [ 11.5875942, 79.8162571 ], [ 11.5876296, 79.816873 ], [ 11.5890603, 79.8173662 ], [ 11.6082577, 79.8189505 ], [ 11.6107171, 79.8197336 ], [ 11.6138046, 79.8212959 ], [ 11.6116064, 79.823875 ], [ 11.6018645, 79.8258609 ], [ 11.6026973, 79.8261584 ], [ 11.6100678, 79.8259438 ], [ 11.611973, 79.8278583 ], [ 11.614181, 79.8281986 ], [ 11.640617, 79.8308829 ], [ 11.6428698, 79.8309947 ], [ 11.6717174, 79.8309152 ], [ 11.7037526, 79.8358999 ], [ 11.7590882, 79.8379687 ], [ 11.7861573, 79.8424931 ], [ 11.8017724, 79.8418682 ], [ 11.8197289, 79.8428913 ], [ 11.8224995, 79.8425629 ], [ 11.8258572, 79.8419352 ], [ 11.8345478, 79.8376812 ], [ 11.8347452, 79.8365654 ], [ 11.8266472, 79.8294872 ], [ 11.8428432, 79.8226529 ], [ 11.8267261, 79.821013 ], [ 11.81352, 79.8216431 ], [ 11.7913947, 79.8199145 ], [ 11.804803, 79.8164428 ], [ 11.8151172, 79.8165137 ], [ 11.8399878, 79.8140578 ], [ 11.8463932, 79.8152763 ], [ 11.8420016, 79.8122444 ], [ 11.8647974, 79.8078929 ], [ 11.8654921, 79.8054147 ], [ 11.8469197, 79.8046875 ], [ 11.8320055, 79.8023314 ], [ 11.8164721, 79.796923 ], [ 11.8006105, 79.7953022 ], [ 11.7995374, 79.7939254 ], [ 11.7855608, 79.7937468 ], [ 11.7970684, 79.7919735 ], [ 11.7864375, 79.7919689 ], [ 11.7636628, 79.7948698 ], [ 11.7570976, 79.7945169 ], [ 11.7566397, 79.7902679 ], [ 11.7723622, 79.7876071 ], [ 11.7866334, 79.7892379 ], [ 11.8042911, 79.7885513 ], [ 11.8226743, 79.7858905 ], [ 11.8243676, 79.783101 ], [ 11.8443264, 79.7831513 ], [ 11.846629, 79.7850991 ], [ 11.870477, 79.7877465 ], [ 11.9087374, 79.7868415 ], [ 11.9223878, 79.7779244 ], [ 11.9425166, 79.7755069 ], [ 11.9395478, 79.77189 ], [ 11.9524581, 79.7697222 ], [ 11.9524581, 79.7677265 ], [ 11.9436713, 79.7694126 ], [ 11.9223121, 79.7671766 ], [ 11.915544, 79.7649258 ], [ 11.9191993, 79.763422 ], [ 11.9468718, 79.7606645 ], [ 11.9363517, 79.7583096 ], [ 11.9382786, 79.7522945 ], [ 11.9308127, 79.7504779 ], [ 11.9405273, 79.7489492 ], [ 11.9340566, 79.7469443 ], [ 11.9170697, 79.7461736 ], [ 11.9246511, 79.7457267 ], [ 11.9237573, 79.7444721 ], [ 11.884976, 79.7437443 ], [ 11.9034709, 79.7360765 ], [ 11.8997576, 79.7342579 ], [ 11.9051278, 79.7336572 ], [ 11.9289871, 79.7331851 ], [ 11.9589366, 79.7348605 ], [ 11.9813519, 79.7340091 ], [ 11.997685, 79.7292103 ], [ 12.0198386, 79.7178884 ], [ 12.0326492, 79.7165782 ], [ 12.0193874, 79.7139701 ], [ 12.0005831, 79.7132581 ], [ 11.9948415, 79.7115499 ], [ 11.9573148, 79.7103462 ], [ 11.9561173, 79.7086375 ], [ 11.9600807, 79.7066313 ], [ 12.0149083, 79.7060412 ], [ 12.0299067, 79.7043151 ], [ 12.018105, 79.7040699 ], [ 12.0176427, 79.6990954 ], [ 12.0069195, 79.6966226 ], [ 12.0157872, 79.6953586 ], [ 12.0140202, 79.6918172 ], [ 11.9850255, 79.6838427 ], [ 11.9989613, 79.6829543 ], [ 12.0209932, 79.6834828 ], [ 12.0297534, 79.6794608 ], [ 12.0450966, 79.6807134 ], [ 12.0454504, 79.6778638 ], [ 12.058382, 79.6770079 ], [ 12.0584323, 79.6758347 ], [ 12.0526516, 79.6762404 ], [ 12.047119, 79.6748639 ], [ 12.0442352, 79.6722792 ], [ 12.0513337, 79.6682686 ], [ 12.0461453, 79.663496 ], [ 12.0542057, 79.6583942 ], [ 12.0368065, 79.6533197 ], [ 12.06187, 79.6540439 ], [ 12.1020809, 79.6482067 ], [ 12.1117253, 79.6525543 ], [ 12.1252136, 79.6633917 ], [ 12.1241822, 79.6704221 ], [ 12.1360414, 79.6739656 ], [ 12.1153959, 79.702718 ], [ 12.1164629, 79.7067074 ], [ 12.126807, 79.7068988 ], [ 12.1451671, 79.701968 ], [ 12.1599494, 79.702457 ], [ 12.1673846, 79.7016141 ], [ 12.1912246, 79.6910363 ], [ 12.1982764, 79.6905329 ], [ 12.1916664, 79.6850502 ], [ 12.2013888, 79.6791267 ], [ 12.2232385, 79.6791081 ], [ 12.2419856, 79.6759413 ], [ 12.2195901, 79.6701956 ], [ 12.2151124, 79.6653842 ], [ 12.1890996, 79.6538556 ], [ 12.1822646, 79.6461582 ], [ 12.2328393, 79.642698 ], [ 12.2543222, 79.6426177 ], [ 12.2916235, 79.6556484 ], [ 12.299969, 79.6624835 ], [ 12.3215779, 79.669803 ], [ 12.3215255, 79.6734089 ], [ 12.3272204, 79.6750276 ], [ 12.3092806, 79.6801229 ], [ 12.3225436, 79.6883091 ], [ 12.3175591, 79.6912642 ], [ 12.3271186, 79.6937801 ], [ 12.3046575, 79.6979645 ], [ 12.2986619, 79.7052338 ], [ 12.303332, 79.7108304 ], [ 12.2891423, 79.716094 ], [ 12.2900037, 79.722779 ], [ 12.2714363, 79.727138 ], [ 12.2660084, 79.7318648 ], [ 12.2707413, 79.7351511 ], [ 12.2662863, 79.7345848 ], [ 12.2595432, 79.737197 ], [ 12.234093, 79.740121 ], [ 12.1756136, 79.7447286 ], [ 12.1654257, 79.7481937 ], [ 12.1906239, 79.7486773 ], [ 12.2042964, 79.7460937 ], [ 12.2179164, 79.7479557 ], [ 12.1952463, 79.7554672 ], [ 12.1757369, 79.7564281 ], [ 12.157319, 79.7590543 ], [ 12.180999, 79.7635914 ], [ 12.1844687, 79.7705582 ], [ 12.1657425, 79.776035 ], [ 12.1620539, 79.7816792 ], [ 12.1363531, 79.7861028 ], [ 12.1213886, 79.7940077 ], [ 12.1402684, 79.7977451 ], [ 12.1489487, 79.7977057 ], [ 12.1598159, 79.8012747 ], [ 12.1582384, 79.8050001 ], [ 12.167124, 79.8106827 ], [ 12.164483, 79.8152623 ], [ 12.171472, 79.8166853 ], [ 12.1759996, 79.8138076 ], [ 12.1854923, 79.8121397 ], [ 12.1938225, 79.8134328 ], [ 12.1868721, 79.8146088 ], [ 12.1890817, 79.8168662 ], [ 12.2034847, 79.8171204 ], [ 12.2031384, 79.8186933 ], [ 12.1961911, 79.8190749 ], [ 12.2018954, 79.8227713 ], [ 12.1791048, 79.8225909 ], [ 12.1758114, 79.8236017 ], [ 12.1898423, 79.8291126 ], [ 12.1932406, 79.8287398 ], [ 12.191008, 79.8303976 ], [ 12.1968268, 79.8308237 ], [ 12.1832404, 79.8353204 ], [ 12.1901236, 79.8356943 ], [ 12.1941388, 79.8397186 ], [ 12.2046567, 79.839951 ], [ 12.2202837, 79.837272 ], [ 12.2530626, 79.8348885 ], [ 12.3110766, 79.8318053 ], [ 12.341351, 79.8312705 ], [ 12.3775538, 79.8331476 ], [ 12.3873709, 79.8359935 ], [ 12.3842777, 79.8387502 ], [ 12.3931223, 79.8409249 ], [ 12.3930258, 79.8322972 ], [ 12.4021525, 79.8301615 ], [ 12.3916513, 79.8201123 ], [ 12.4308428, 79.8128159 ], [ 12.4668331, 79.8081156 ], [ 12.4717979, 79.8046875 ], [ 12.4700387, 79.8023378 ], [ 12.4622597, 79.8039916 ], [ 12.434984, 79.8024119 ], [ 12.4450186, 79.7992533 ], [ 12.428946, 79.8009392 ], [ 12.3999139, 79.798965 ], [ 12.4079148, 79.7974758 ], [ 12.4056565, 79.7950685 ], [ 12.3879584, 79.7934437 ], [ 12.3900928, 79.7917491 ], [ 12.382131, 79.789748 ], [ 12.3907269, 79.7844712 ], [ 12.4010589, 79.7817914 ], [ 12.4104903, 79.7844101 ], [ 12.4309759, 79.7843466 ], [ 12.4361494, 79.7786397 ], [ 12.4412237, 79.7786945 ], [ 12.4458959, 79.7833685 ], [ 12.4617463, 79.7811526 ], [ 12.4525096, 79.7855449 ], [ 12.4432176, 79.7856843 ], [ 12.4427856, 79.7907066 ], [ 12.4513341, 79.7916263 ], [ 12.4424809, 79.7944254 ], [ 12.450518, 79.7949268 ], [ 12.4471192, 79.7961317 ], [ 12.4566067, 79.7971103 ], [ 12.4733102, 79.7967309 ], [ 12.4836951, 79.7933487 ], [ 12.4841563, 79.7878217 ], [ 12.4916375, 79.7854387 ], [ 12.4866476, 79.7823046 ], [ 12.5025032, 79.7764672 ], [ 12.5021845, 79.7727394 ], [ 12.5329107, 79.7711753 ], [ 12.5415173, 79.7671595 ], [ 12.5330898, 79.7675672 ], [ 12.5325675, 79.7655439 ], [ 12.5404385, 79.7640764 ], [ 12.5563422, 79.7624696 ], [ 12.5864462, 79.7617894 ], [ 12.6126344, 79.7638431 ], [ 12.6505175, 79.7718142 ], [ 12.6551558, 79.7745982 ], [ 12.6760141, 79.7778625 ], [ 12.685474, 79.7774451 ], [ 12.6950346, 79.7742267 ], [ 12.7047338, 79.7733136 ], [ 12.7612255, 79.7726281 ], [ 12.7623276, 79.7685313 ], [ 12.7798107, 79.7706779 ], [ 12.7981282, 79.7709422 ], [ 12.8034275, 79.7733794 ], [ 12.7730294, 79.772385 ], [ 12.8245674, 79.7757394 ], [ 12.8521056, 79.7791044 ], [ 12.8611879, 79.7830845 ], [ 12.9165325, 79.7948099 ], [ 12.9461824, 79.8046875 ], [ 12.9929178, 79.8117669 ], [ 13.0103486, 79.8160852 ], [ 13.0496414, 79.8211055 ], [ 13.0558116, 79.8212306 ], [ 13.0512228, 79.8202947 ], [ 13.0632151, 79.8212035 ], [ 13.0565085, 79.8215199 ], [ 13.0642143, 79.823184 ], [ 13.0674917, 79.8234828 ], [ 13.0734392, 79.8232269 ], [ 13.0761096, 79.8217678 ], [ 13.0799938, 79.8215103 ], [ 13.0846064, 79.8212528 ], [ 13.1069405, 79.821081 ], [ 13.1677036, 79.8214579 ], [ 13.1987603, 79.8250111 ], [ 13.1901633, 79.8228931 ], [ 13.1907572, 79.8227344 ], [ 13.2022359, 79.8234202 ], [ 13.2042111, 79.8235732 ], [ 13.2221183, 79.8273561 ], [ 13.2082648, 79.8276799 ], [ 13.2001389, 79.8252863 ], [ 13.1933606, 79.8280334 ], [ 13.2011315, 79.8301792 ], [ 13.2113308, 79.8303508 ], [ 13.2163852, 79.8286272 ], [ 13.2267075, 79.8279969 ], [ 13.2555832, 79.828903 ], [ 13.2725199, 79.8315804 ], [ 13.2690861, 79.8347889 ], [ 13.2873158, 79.8371804 ], [ 13.2953906, 79.8417145 ], [ 13.3389294, 79.8475544 ], [ 13.3557807, 79.8482317 ], [ 13.3592747, 79.8497455 ], [ 13.3519021, 79.8488183 ], [ 13.3548822, 79.850153 ], [ 13.3613458, 79.8512707 ], [ 13.3664122, 79.8507711 ], [ 13.3633867, 79.8514947 ], [ 13.3755984, 79.8530474 ], [ 13.3882369, 79.8535455 ], [ 13.4013489, 79.8515925 ], [ 13.4442173, 79.8507571 ], [ 13.4734144, 79.8507553 ], [ 13.5166012, 79.8529772 ], [ 13.5358055, 79.8572913 ], [ 13.563417, 79.8568933 ], [ 13.6253254, 79.8615324 ], [ 13.6327437, 79.8637062 ], [ 13.6896636, 79.8707448 ], [ 13.6983253, 79.8731863 ], [ 13.7213815, 79.8746815 ], [ 13.7306768, 79.8773299 ], [ 13.73382, 79.8776705 ], [ 13.7532176, 79.8788439 ], [ 13.7550497, 79.8788542 ], [ 13.7764679, 79.8778021 ], [ 13.7784879, 79.8775173 ], [ 13.7767577, 79.8762918 ], [ 13.7931355, 79.8721193 ], [ 13.8129935, 79.8717942 ], [ 13.823738, 79.8707889 ], [ 13.8336993, 79.869355 ], [ 13.8360922, 79.8673067 ], [ 13.8504647, 79.8656271 ], [ 13.8513771, 79.8628246 ], [ 13.8675309, 79.8586428 ], [ 13.8833642, 79.839276 ], [ 13.9045742, 79.8349673 ], [ 13.9052711, 79.8310351 ], [ 13.8894854, 79.825459 ], [ 13.8924714, 79.8228724 ], [ 13.9495047, 79.8109833 ], [ 13.9470351, 79.8074702 ], [ 13.9615498, 79.8038579 ], [ 13.9329711, 79.7957131 ], [ 13.9287792, 79.7926722 ], [ 13.9098849, 79.7911304 ], [ 13.9156739, 79.786363 ], [ 13.9364222, 79.7832477 ], [ 13.9251556, 79.7810621 ], [ 13.9283797, 79.7792385 ], [ 13.9397157, 79.7780743 ], [ 13.9348317, 79.7763526 ], [ 13.9095273, 79.774245 ], [ 13.9027013, 79.7724051 ], [ 13.9054255, 79.7669224 ], [ 13.8914126, 79.7640188 ], [ 13.8901467, 79.758424 ], [ 13.8501517, 79.7491608 ], [ 13.8475028, 79.7448825 ], [ 13.8650984, 79.7387168 ], [ 13.8516566, 79.7376662 ], [ 13.8575509, 79.7348725 ], [ 13.8534015, 79.7321079 ], [ 13.8267087, 79.725807 ], [ 13.7755218, 79.7217835 ], [ 13.7316426, 79.7099409 ], [ 13.699192, 79.705896 ], [ 13.6714371, 79.6977379 ], [ 13.668667, 79.6989107 ], [ 13.6502008, 79.6983236 ], [ 13.6731319, 79.6950217 ], [ 13.6718848, 79.6932772 ], [ 13.6785668, 79.6920384 ], [ 13.6983891, 79.6908023 ], [ 13.7188638, 79.6952177 ], [ 13.7179394, 79.6968836 ], [ 13.7074406, 79.6962929 ], [ 13.7104985, 79.6971647 ], [ 13.7387033, 79.6986223 ], [ 13.7374517, 79.6970176 ], [ 13.7213674, 79.6946456 ], [ 13.7147945, 79.6887053 ], [ 13.6893237, 79.6863199 ], [ 13.6799688, 79.6888638 ], [ 13.658474, 79.689413 ], [ 13.6321418, 79.6925975 ], [ 13.6201837, 79.6931096 ], [ 13.606111, 79.6910754 ], [ 13.5960242, 79.6910045 ], [ 13.5763086, 79.694445 ], [ 13.5165637, 79.6947221 ], [ 13.460879, 79.6931958 ], [ 13.3900898, 79.6948388 ], [ 13.3656005, 79.6998118 ], [ 13.3646013, 79.7027299 ], [ 13.3300443, 79.7063419 ], [ 13.3196096, 79.7053508 ], [ 13.3444982, 79.7023681 ], [ 13.3524894, 79.6991193 ], [ 13.3437701, 79.6978718 ], [ 13.3315167, 79.6998169 ], [ 13.3131011, 79.7000147 ], [ 13.3110617, 79.6963261 ], [ 13.285657, 79.7003511 ], [ 13.2961593, 79.7025945 ], [ 13.2933511, 79.704048 ], [ 13.2846529, 79.705222 ], [ 13.2615618, 79.7052419 ], [ 13.2505295, 79.7064677 ], [ 13.2541153, 79.7074769 ], [ 13.2467563, 79.7083764 ], [ 13.2194073, 79.706339 ], [ 13.230931, 79.7043626 ], [ 13.2169442, 79.701387 ], [ 13.1926703, 79.6999553 ], [ 13.1669888, 79.6932817 ], [ 13.1107692, 79.6947274 ], [ 13.0642895, 79.6928308 ], [ 13.0180004, 79.6935662 ], [ 13.0075302, 79.6928815 ], [ 12.9699794, 79.686518 ], [ 12.9722315, 79.680673 ], [ 12.9884479, 79.6765336 ], [ 12.9973429, 79.6698349 ], [ 12.9722077, 79.6660156 ], [ 12.9552102, 79.6611704 ], [ 12.9375838, 79.6602237 ], [ 12.9230186, 79.6579931 ], [ 12.9110157, 79.6531881 ], [ 12.879292, 79.6490154 ], [ 12.8518122, 79.6418403 ], [ 12.8418238, 79.6364868 ], [ 12.8332883, 79.6356369 ], [ 12.8084677, 79.6287113 ], [ 12.7921414, 79.6264116 ], [ 12.7948943, 79.6289063 ], [ 12.7793756, 79.6305528 ], [ 12.7467468, 79.6276191 ], [ 12.7256554, 79.6171201 ], [ 12.708016, 79.6149719 ], [ 12.7067353, 79.6130821 ], [ 12.6921812, 79.6133279 ], [ 12.689573, 79.609561 ], [ 12.6254228, 79.6049523 ], [ 12.6250122, 79.6028188 ], [ 12.6477557, 79.6009027 ], [ 12.6589597, 79.6018103 ], [ 12.6659629, 79.6044369 ], [ 12.6603603, 79.6052392 ], [ 12.6681374, 79.605951 ], [ 12.6729174, 79.5981528 ], [ 12.65625, 79.5979353 ], [ 12.6507561, 79.5969104 ], [ 12.6572022, 79.5949258 ], [ 12.620205, 79.5922658 ], [ 12.6019561, 79.5883181 ], [ 12.6028908, 79.5863265 ], [ 12.5968095, 79.5869477 ], [ 12.5792598, 79.585133 ], [ 12.5617759, 79.5868797 ], [ 12.5602132, 79.588537 ], [ 12.5408641, 79.5909473 ], [ 12.5120441, 79.592575 ], [ 12.4917262, 79.5879757 ], [ 12.449405, 79.5853432 ], [ 12.4216279, 79.5873028 ], [ 12.3601983, 79.5953794 ], [ 12.3384057, 79.5925282 ], [ 12.3136934, 79.5841355 ], [ 12.4264868, 79.5692323 ], [ 12.4075309, 79.5534738 ], [ 12.3623924, 79.5525063 ], [ 12.3516845, 79.5496563 ], [ 12.3542165, 79.5483303 ], [ 12.3616867, 79.5491709 ], [ 12.3689733, 79.5479167 ], [ 12.3998376, 79.5486974 ], [ 12.404355, 79.5480355 ], [ 12.3931397, 79.5363245 ], [ 12.376133, 79.5319604 ], [ 12.3888453, 79.5256437 ], [ 12.4044051, 79.5256578 ], [ 12.4145215, 79.5303025 ], [ 12.4534274, 79.5339561 ], [ 12.539584, 79.5335116 ], [ 12.5562906, 79.5346276 ], [ 12.5879709, 79.5324398 ], [ 12.6041682, 79.5328277 ], [ 12.6006609, 79.5343693 ], [ 12.5976421, 79.5337837 ], [ 12.6006327, 79.5375429 ], [ 12.6155825, 79.5438411 ], [ 12.6238431, 79.5445058 ], [ 12.6269391, 79.5462865 ], [ 12.6404136, 79.5463763 ], [ 12.6476998, 79.5485116 ], [ 12.6647801, 79.5486313 ], [ 12.6619176, 79.5532963 ], [ 12.6765676, 79.5548449 ], [ 12.6879041, 79.5586303 ], [ 12.7075152, 79.5595307 ], [ 12.7020922, 79.5613211 ], [ 12.7195649, 79.5646369 ], [ 12.7354497, 79.5655097 ], [ 12.7603021, 79.5645776 ], [ 12.7676562, 79.5628411 ], [ 12.7622672, 79.5607399 ], [ 12.7262839, 79.5595015 ], [ 12.7221237, 79.5576614 ], [ 12.7365545, 79.5578088 ], [ 12.7476534, 79.5593663 ], [ 12.7971981, 79.5590734 ], [ 12.8046615, 79.5612978 ], [ 12.8539152, 79.5639971 ], [ 12.8589253, 79.56817 ], [ 12.8782601, 79.570181 ], [ 12.8721023, 79.5729849 ], [ 12.8907862, 79.5725743 ], [ 12.8902601, 79.5701617 ], [ 12.9069389, 79.5705085 ], [ 12.9356405, 79.5748157 ], [ 12.9557241, 79.5811702 ], [ 12.9828529, 79.5827833 ], [ 13.0207957, 79.5881547 ], [ 13.0547665, 79.5904728 ], [ 13.1766957, 79.5939552 ], [ 13.2266577, 79.5920463 ], [ 13.4023846, 79.5801826 ], [ 13.4645379, 79.5710557 ], [ 13.4771813, 79.5647587 ], [ 13.4649717, 79.5614932 ], [ 13.4602625, 79.5553364 ], [ 13.3973221, 79.541907 ], [ 13.3991894, 79.5395361 ], [ 13.3817803, 79.5324866 ], [ 13.3247979, 79.5158817 ], [ 13.2906092, 79.5132923 ], [ 13.272646, 79.5181041 ], [ 13.2422543, 79.5200189 ], [ 13.2242199, 79.5197836 ], [ 13.227457, 79.5190192 ], [ 13.2192183, 79.518694 ], [ 13.2187517, 79.5184906 ], [ 13.2298603, 79.5160458 ], [ 13.2275218, 79.5120261 ], [ 13.2118762, 79.5119392 ], [ 13.2243233, 79.5096977 ], [ 13.2155834, 79.5099483 ], [ 13.2330859, 79.5090688 ], [ 13.2533261, 79.5044847 ], [ 13.2702385, 79.5036921 ], [ 13.2811794, 79.5004606 ], [ 13.2835898, 79.499306 ], [ 13.2873172, 79.4955252 ], [ 13.2870821, 79.4948387 ], [ 13.2821447, 79.490118 ], [ 13.2489941, 79.4830369 ], [ 13.2478184, 79.4756556 ], [ 13.247824, 79.4756556 ], [ 13.2447973, 79.4735956 ], [ 13.228376, 79.468832 ], [ 13.1985826, 79.4646263 ], [ 13.2267338, 79.4623947 ], [ 13.228568, 79.4609785 ], [ 13.2144865, 79.4596052 ], [ 13.2191803, 79.4578027 ], [ 13.2494555, 79.4581031 ], [ 13.2579044, 79.4608496 ], [ 13.3016188, 79.4611309 ], [ 13.3596901, 79.4558272 ], [ 13.3895156, 79.4500828 ], [ 13.3949261, 79.4481468 ], [ 13.3973788, 79.4408406 ], [ 13.3926727, 79.4388146 ], [ 13.4038963, 79.4360662 ], [ 13.3980948, 79.4333493 ], [ 13.4089708, 79.4343369 ], [ 13.4063085, 79.435446 ], [ 13.4105893, 79.4359277 ], [ 13.4205965, 79.4350855 ], [ 13.4167526, 79.4322829 ], [ 13.4011688, 79.4295133 ], [ 13.4229933, 79.4275293 ], [ 13.4334534, 79.4283543 ], [ 13.4283466, 79.4337248 ], [ 13.434799, 79.4345835 ], [ 13.436022, 79.4296536 ], [ 13.4555249, 79.4272326 ], [ 13.4606745, 79.4245287 ], [ 13.4697241, 79.4232633 ], [ 13.4634385, 79.4219611 ], [ 13.4690304, 79.4185249 ], [ 13.4667416, 79.4114633 ], [ 13.4740835, 79.410255 ], [ 13.4691706, 79.4129508 ], [ 13.4757581, 79.4145139 ], [ 13.4690313, 79.4280956 ], [ 13.4734865, 79.4293042 ], [ 13.4554216, 79.4335006 ], [ 13.4752486, 79.4411516 ], [ 13.4707952, 79.4482754 ], [ 13.4616537, 79.4522237 ], [ 13.4597799, 79.4601024 ], [ 13.4448237, 79.4667103 ], [ 13.4125704, 79.4718374 ], [ 13.404348, 79.4742405 ], [ 13.4059908, 79.4754852 ], [ 13.4428985, 79.4862556 ], [ 13.5298835, 79.4864702 ], [ 13.5341151, 79.4862984 ], [ 13.558565, 79.4843245 ], [ 13.6248809, 79.468646 ], [ 13.6759026, 79.4522049 ], [ 13.6942185, 79.4514261 ], [ 13.6833401, 79.4491043 ], [ 13.6827253, 79.4471558 ], [ 13.6926742, 79.4434628 ], [ 13.7113115, 79.4421324 ], [ 13.7174551, 79.440384 ], [ 13.720752, 79.4342099 ], [ 13.7562941, 79.4326168 ], [ 13.7499754, 79.4308788 ], [ 13.7678782, 79.4241195 ], [ 13.7478693, 79.4206917 ], [ 13.7462897, 79.4184709 ], [ 13.8389856, 79.3861598 ], [ 13.853266, 79.3750144 ], [ 13.8825061, 79.3719928 ], [ 13.9031012, 79.3652673 ], [ 13.9035707, 79.3648573 ], [ 13.8849978, 79.3629102 ], [ 13.883918, 79.3595129 ], [ 13.8868526, 79.3529576 ], [ 13.9023941, 79.3485851 ], [ 13.8867373, 79.3448822 ], [ 13.8866426, 79.341646 ], [ 13.9018666, 79.3372447 ], [ 13.8796449, 79.331634 ], [ 13.8830358, 79.3279541 ], [ 13.8732584, 79.3247659 ], [ 13.8736157, 79.3218129 ], [ 13.8657668, 79.3203356 ], [ 13.887729, 79.3159872 ], [ 13.893591, 79.3105099 ], [ 13.8619334, 79.3054397 ], [ 13.8685009, 79.2992101 ], [ 13.8567013, 79.294679 ], [ 13.8563232, 79.2909014 ], [ 13.8436552, 79.2826035 ], [ 13.8773975, 79.2791651 ], [ 13.9133061, 79.2786515 ], [ 13.9494878, 79.2819962 ], [ 13.9643255, 79.2844914 ], [ 13.9804075, 79.2923775 ], [ 14.0119396, 79.2889605 ], [ 14.0201355, 79.2792207 ], [ 14.0139484, 79.2752846 ], [ 14.0181293, 79.2752146 ], [ 14.0141518, 79.2743951 ], [ 14.0184611, 79.2659955 ], [ 14.0413656, 79.2649328 ], [ 14.0263017, 79.2681468 ], [ 14.0231113, 79.2719125 ], [ 14.0299648, 79.2884938 ], [ 14.0183703, 79.2909034 ], [ 14.0104604, 79.2951984 ], [ 14.0123702, 79.296288 ], [ 14.0355254, 79.2984008 ], [ 14.0359817, 79.3053938 ], [ 14.0561342, 79.3123769 ], [ 14.0660914, 79.3198853 ], [ 14.0919994, 79.3257378 ], [ 14.1193023, 79.3297896 ], [ 14.1208909, 79.3419743 ], [ 14.1078799, 79.3459224 ], [ 14.1073501, 79.3504589 ], [ 14.0908412, 79.3530439 ], [ 14.0884119, 79.3547697 ], [ 14.0895518, 79.3585976 ], [ 14.1046273, 79.3643759 ], [ 14.0785276, 79.3719245 ], [ 14.0764555, 79.3779277 ], [ 14.0659782, 79.3813556 ], [ 14.0166413, 79.3879554 ], [ 14.0011394, 79.3922431 ], [ 13.9610744, 79.3938088 ], [ 13.9723917, 79.3962922 ], [ 13.9704509, 79.3985832 ], [ 13.9842745, 79.4008538 ], [ 13.982686, 79.402297 ], [ 14.00179, 79.408338 ], [ 14.006548, 79.4119701 ], [ 13.9724177, 79.4188044 ], [ 13.9491844, 79.4189087 ], [ 13.9602084, 79.4225658 ], [ 13.9498651, 79.4251801 ], [ 13.9595447, 79.4253665 ], [ 13.962044, 79.4269884 ], [ 13.9531314, 79.4285113 ], [ 13.9781398, 79.4314781 ], [ 13.9892066, 79.4363021 ], [ 14.0131043, 79.4399093 ], [ 14.0141429, 79.4411176 ], [ 13.9939367, 79.454863 ], [ 13.993682, 79.4603347 ], [ 13.9672935, 79.4718575 ], [ 13.9303272, 79.4759558 ], [ 13.8684201, 79.4877895 ], [ 13.8895298, 79.4900285 ], [ 13.9214094, 79.4958609 ], [ 13.9304752, 79.4988112 ], [ 13.9305108, 79.5011878 ], [ 13.913305, 79.5053101 ], [ 13.9104806, 79.5093622 ], [ 13.9015847, 79.5116636 ], [ 13.8798313, 79.5141199 ], [ 13.8752605, 79.5163296 ], [ 13.8752619, 79.5213221 ], [ 13.8874516, 79.5273525 ], [ 13.8800389, 79.5302997 ], [ 13.8668671, 79.5332665 ], [ 13.8266155, 79.5349557 ], [ 13.8502135, 79.5397938 ], [ 13.8493795, 79.5438309 ], [ 13.8937187, 79.560813 ], [ 13.88668, 79.5637352 ], [ 13.9204125, 79.5722501 ], [ 13.9321101, 79.5779587 ], [ 13.9846172, 79.5847154 ], [ 14.014999, 79.597014 ], [ 14.0625, 79.6068639 ], [ 14.0679497, 79.6096152 ], [ 14.1296098, 79.6116052 ], [ 14.1459676, 79.613766 ], [ 14.1607524, 79.6126431 ], [ 14.1697642, 79.6095726 ], [ 14.1985275, 79.6076279 ], [ 14.2188777, 79.6077888 ], [ 14.2411143, 79.6100215 ], [ 14.2264053, 79.6094481 ], [ 14.234211, 79.6148365 ], [ 14.2310518, 79.6182988 ], [ 14.2213423, 79.6196185 ], [ 14.2112176, 79.6237714 ], [ 14.1607816, 79.6255757 ], [ 14.1205328, 79.63413 ], [ 14.1309989, 79.6396267 ], [ 14.1282359, 79.641066 ], [ 14.1420661, 79.6437864 ], [ 14.1493216, 79.6480398 ], [ 14.1866984, 79.6553375 ], [ 14.2096055, 79.6564565 ], [ 14.2335366, 79.6554811 ], [ 14.2542691, 79.6559092 ], [ 14.2893173, 79.6603132 ], [ 14.3123482, 79.6600021 ], [ 14.3233877, 79.662863 ], [ 14.3252705, 79.6638286 ], [ 14.312691, 79.6635802 ], [ 14.2987474, 79.6647727 ], [ 14.2831672, 79.6692407 ], [ 14.2536079, 79.6657778 ], [ 14.2369322, 79.6668057 ], [ 14.2060409, 79.6792277 ], [ 14.2514812, 79.6885356 ], [ 14.2772145, 79.6961886 ], [ 14.3081996, 79.7080503 ], [ 14.3200361, 79.715331 ], [ 14.3582669, 79.7253345 ], [ 14.3784919, 79.7342935 ], [ 14.3712035, 79.7364693 ], [ 14.3712015, 79.7403532 ], [ 14.3788472, 79.7491872 ], [ 14.4136484, 79.7593343 ], [ 14.4249902, 79.7678771 ], [ 14.4564925, 79.7749835 ], [ 14.4726629, 79.782775 ], [ 14.4675275, 79.7847453 ], [ 14.4744641, 79.7869179 ], [ 14.4732929, 79.7925051 ], [ 14.488049, 79.7980955 ], [ 14.4915653, 79.7990763 ], [ 14.4973117, 79.7997555 ], [ 14.5168608, 79.8005086 ], [ 14.5263985, 79.8015707 ], [ 14.5471352, 79.8053848 ], [ 14.549589, 79.8052883 ], [ 14.5622944, 79.800042 ], [ 14.5740303, 79.7980384 ], [ 14.6913821, 79.7942721 ], [ 14.7191619, 79.7927651 ], [ 14.740949, 79.7905324 ], [ 14.7762486, 79.7856864 ], [ 14.7903202, 79.7800065 ], [ 14.8154356, 79.7758415 ], [ 14.8170232, 79.7753249 ], [ 14.8145459, 79.7707957 ], [ 14.8354481, 79.7664051 ], [ 14.8581082, 79.7585365 ], [ 14.8648641, 79.7581651 ], [ 14.9244604, 79.7429987 ], [ 14.9310071, 79.7394944 ], [ 14.957305, 79.7337301 ], [ 14.9626729, 79.731034 ], [ 14.9486055, 79.7216316 ], [ 14.9402792, 79.7235807 ], [ 14.9457041, 79.7242919 ], [ 14.9268982, 79.722891 ], [ 14.9082897, 79.7193207 ], [ 14.8960901, 79.7245086 ], [ 14.8836828, 79.7254759 ], [ 14.8553756, 79.7248197 ], [ 14.8380179, 79.7224504 ], [ 14.8050193, 79.7228835 ], [ 14.791539, 79.7185552 ], [ 14.7938421, 79.7170758 ], [ 14.8212034, 79.7163785 ], [ 14.8542557, 79.7178299 ], [ 14.8866469, 79.7165006 ], [ 14.9061846, 79.717927 ], [ 14.9194145, 79.720439 ], [ 14.9310287, 79.7197971 ], [ 14.9380257, 79.7222131 ], [ 14.9461648, 79.7217292 ], [ 14.9627392, 79.7151572 ], [ 14.9972136, 79.7068952 ], [ 15.0083477, 79.7016197 ], [ 15.0491316, 79.693772 ], [ 15.0334142, 79.689176 ], [ 15.0411896, 79.6770377 ], [ 15.0864089, 79.6610283 ], [ 15.0786088, 79.6529655 ], [ 15.0946141, 79.6415178 ], [ 15.1196883, 79.6344107 ], [ 15.1347156, 79.6275837 ], [ 15.1364893, 79.6238847 ], [ 15.1558048, 79.6197351 ], [ 15.1580247, 79.6152849 ], [ 15.1747832, 79.611531 ], [ 15.2064219, 79.6083159 ], [ 15.2808549, 79.6061918 ], [ 15.2437061, 79.6003571 ], [ 15.2239444, 79.5915704 ], [ 15.2239009, 79.5857673 ], [ 15.2324367, 79.5818257 ], [ 15.2317342, 79.5734673 ], [ 15.2238718, 79.5693339 ], [ 15.2321469, 79.5643992 ], [ 15.2292041, 79.5486099 ], [ 15.2444531, 79.5399249 ], [ 15.2426878, 79.5365444 ], [ 15.2245136, 79.5319378 ], [ 15.2192907, 79.5280193 ], [ 15.2206906, 79.5199828 ], [ 15.2324051, 79.5146459 ], [ 15.2850013, 79.5100163 ], [ 15.3033012, 79.5058521 ], [ 15.3505572, 79.5021462 ], [ 15.3479154, 79.4883612 ], [ 15.3351463, 79.4783045 ], [ 15.3402431, 79.4708036 ], [ 15.3612294, 79.4672757 ], [ 15.4002304, 79.4670004 ], [ 15.4060984, 79.466175 ], [ 15.3979949, 79.4650295 ], [ 15.3759167, 79.4646546 ], [ 15.3603537, 79.4657093 ], [ 15.3591172, 79.464641 ], [ 15.3752011, 79.4592185 ], [ 15.3861486, 79.4595861 ], [ 15.3791841, 79.4521608 ], [ 15.3882639, 79.4403023 ], [ 15.4023962, 79.4313869 ], [ 15.3903084, 79.4254043 ], [ 15.3897651, 79.421477 ], [ 15.4012485, 79.4145958 ], [ 15.4017761, 79.4091891 ], [ 15.4167582, 79.4067405 ], [ 15.4293481, 79.3999588 ], [ 15.4184206, 79.3967142 ], [ 15.4242274, 79.3938167 ], [ 15.4197156, 79.3895752 ], [ 15.4233168, 79.3847972 ], [ 15.4137129, 79.3771724 ], [ 15.4145218, 79.3699979 ], [ 15.4013695, 79.3664649 ], [ 15.3998636, 79.3619729 ], [ 15.4420298, 79.3555902 ], [ 15.4553989, 79.3509248 ], [ 15.4769195, 79.346727 ], [ 15.4736784, 79.3386174 ], [ 15.4864053, 79.3230224 ], [ 15.5177037, 79.3112808 ], [ 15.5452513, 79.3082637 ], [ 15.5627744, 79.3030295 ], [ 15.5925924, 79.2990328 ], [ 15.5649073, 79.2936596 ], [ 15.582301, 79.2805101 ], [ 15.6045055, 79.2773438 ], [ 15.5966817, 79.2708122 ], [ 15.6282474, 79.2643818 ], [ 15.6438063, 79.2556325 ], [ 15.6749364, 79.2534178 ], [ 15.6951025, 79.2493637 ], [ 15.7161046, 79.247646 ], [ 15.7272344, 79.2392573 ], [ 15.7607108, 79.2289191 ], [ 15.7383865, 79.2251437 ], [ 15.7183324, 79.2136641 ], [ 15.727742, 79.2115057 ], [ 15.7409852, 79.2114843 ], [ 15.7482376, 79.2102801 ], [ 15.7457858, 79.2050031 ], [ 15.7385336, 79.2031271 ], [ 15.7215126, 79.2030081 ], [ 15.7057495, 79.2013764 ], [ 15.68827, 79.1974258 ], [ 15.6814345, 79.1946141 ], [ 15.6820447, 79.1842997 ], [ 15.6656492, 79.1820939 ], [ 15.6488813, 79.1772749 ], [ 15.6143335, 79.1622298 ], [ 15.607023, 79.1555088 ], [ 15.6157537, 79.1553384 ], [ 15.6179481, 79.1513382 ], [ 15.6249419, 79.1507937 ], [ 15.6198369, 79.1483614 ], [ 15.6278566, 79.1438506 ], [ 15.6112161, 79.143259 ], [ 15.6121687, 79.1418391 ], [ 15.6247339, 79.1413593 ], [ 15.6217519, 79.1400893 ], [ 15.6066293, 79.1405172 ], [ 15.6054182, 79.1217411 ], [ 15.6309528, 79.1169478 ], [ 15.6410155, 79.1087133 ], [ 15.6374135, 79.1052378 ], [ 15.6415215, 79.1020215 ], [ 15.6626905, 79.1009284 ], [ 15.683009, 79.1020288 ], [ 15.6970598, 79.0966502 ], [ 15.7023584, 79.09745 ], [ 15.711771, 79.0842425 ], [ 15.7104684, 79.095551 ], [ 15.6853529, 79.1105368 ], [ 15.6967102, 79.1133438 ], [ 15.6973943, 79.1186861 ], [ 15.7063221, 79.1203963 ], [ 15.7111381, 79.1288383 ], [ 15.7194405, 79.1307473 ], [ 15.7229182, 79.1345897 ], [ 15.7143388, 79.1365606 ], [ 15.7181644, 79.1393009 ], [ 15.7615128, 79.1544631 ], [ 15.8123304, 79.1663997 ], [ 15.8495752, 79.1602104 ], [ 15.9091947, 79.1352779 ], [ 15.9348536, 79.1301258 ], [ 15.9573625, 79.1196197 ], [ 15.9729785, 79.1069278 ], [ 15.9889812, 79.1000128 ], [ 15.9887915, 79.0975246 ], [ 16.0269035, 79.0784246 ], [ 16.0262188, 79.0771557 ], [ 16.0190597, 79.077504 ], [ 16.0223987, 79.0729191 ], [ 16.0338655, 79.0680929 ], [ 16.0469043, 79.0661457 ], [ 16.0494893, 79.0623903 ], [ 16.0612901, 79.0593709 ], [ 16.0649904, 79.0527509 ], [ 16.0612158, 79.0512784 ], [ 16.0868239, 79.0465277 ], [ 16.0848733, 79.0453119 ], [ 16.0727527, 79.0461746 ], [ 16.0665073, 79.0450633 ], [ 16.0739768, 79.0403221 ], [ 16.0874093, 79.0378692 ], [ 16.0737005, 79.0356255 ], [ 16.0785198, 79.0283985 ], [ 16.0747013, 79.0169035 ], [ 16.1275053, 79.0038211 ], [ 16.1293598, 78.995591 ], [ 16.1243753, 78.9942988 ], [ 16.135709, 78.9866389 ], [ 16.1496617, 78.9815685 ], [ 16.1467801, 78.9788482 ], [ 16.1611989, 78.9683088 ], [ 16.1743562, 78.9659123 ], [ 16.183108, 78.9596434 ], [ 16.2070137, 78.954685 ], [ 16.2145725, 78.9494053 ], [ 16.2502472, 78.9461066 ], [ 16.2538027, 78.9435958 ], [ 16.2667969, 78.9421521 ], [ 16.2816815, 78.9375412 ], [ 16.2924522, 78.9257812 ], [ 16.2889007, 78.9251035 ], [ 16.2859148, 78.9263391 ], [ 16.2815475, 78.9251374 ], [ 16.3104478, 78.9181632 ], [ 16.3138642, 78.9143012 ], [ 16.3593888, 78.9083682 ], [ 16.3980273, 78.9012676 ], [ 16.3918725, 78.8963062 ], [ 16.3982923, 78.892399 ], [ 16.394051, 78.8899347 ], [ 16.3734252, 78.8854107 ], [ 16.3740195, 78.8904355 ], [ 16.3636234, 78.8894211 ], [ 16.3697125, 78.8886544 ], [ 16.3639348, 78.8809351 ], [ 16.3681536, 78.8791943 ], [ 16.3921297, 78.8856707 ], [ 16.4322388, 78.8884223 ], [ 16.4694333, 78.8932923 ], [ 16.4940377, 78.8945487 ], [ 16.5134664, 78.901543 ], [ 16.5007405, 78.9023778 ], [ 16.4992921, 78.9001122 ], [ 16.4949135, 78.9002085 ], [ 16.4982327, 78.9020158 ], [ 16.492425, 78.9082121 ], [ 16.4997088, 78.9083136 ], [ 16.507385, 78.9060878 ], [ 16.5238953, 78.9076493 ], [ 16.5299239, 78.9057035 ], [ 16.5324373, 78.9065872 ], [ 16.5247951, 78.9078137 ], [ 16.524666, 78.9119509 ], [ 16.4953519, 78.9167206 ], [ 16.5044369, 78.9176046 ], [ 16.5154386, 78.9209914 ], [ 16.5155801, 78.9248033 ], [ 16.5065212, 78.9293 ], [ 16.4648762, 78.9350997 ], [ 16.4485155, 78.9361799 ], [ 16.430672, 78.9423999 ], [ 16.436588, 78.9446527 ], [ 16.4527242, 78.9389163 ], [ 16.4705929, 78.939828 ], [ 16.4675984, 78.9428771 ], [ 16.4793462, 78.9454561 ], [ 16.4776862, 78.9497128 ], [ 16.4436905, 78.9571491 ], [ 16.4246548, 78.9659494 ], [ 16.4117007, 78.9660798 ], [ 16.4046558, 78.9626907 ], [ 16.4118478, 78.9597676 ], [ 16.4203366, 78.9612561 ], [ 16.417742, 78.9592077 ], [ 16.4227912, 78.957406 ], [ 16.3917468, 78.9595164 ], [ 16.3769567, 78.9642683 ], [ 16.3780003, 78.9823124 ], [ 16.3567501, 78.9924407 ], [ 16.3636471, 79.0153468 ], [ 16.3457536, 79.0199151 ], [ 16.335535, 79.0251998 ], [ 16.3380148, 79.034788 ], [ 16.3105415, 79.0374886 ], [ 16.2845234, 79.0452681 ], [ 16.3037503, 79.0559862 ], [ 16.2968113, 79.0635459 ], [ 16.2862989, 79.0670882 ], [ 16.2763335, 79.0764492 ], [ 16.2653629, 79.0805205 ], [ 16.2634712, 79.093622 ], [ 16.2579182, 79.0962927 ], [ 16.2450031, 79.0975052 ], [ 16.228193, 79.1041635 ], [ 16.2259547, 79.1077636 ], [ 16.2296247, 79.1065723 ], [ 16.2385679, 79.1073368 ], [ 16.2359881, 79.1117163 ], [ 16.2122709, 79.1166824 ], [ 16.1789109, 79.1180722 ], [ 16.1842088, 79.1212304 ], [ 16.1668658, 79.1271144 ], [ 16.1754868, 79.1379424 ], [ 16.1665791, 79.146817 ], [ 16.1426265, 79.1591589 ], [ 16.1317441, 79.1682332 ], [ 16.116985, 79.199059 ], [ 16.1095898, 79.2043813 ], [ 16.1124175, 79.215551 ], [ 16.1175276, 79.2174847 ], [ 16.1064476, 79.223105 ], [ 16.1045769, 79.2278181 ], [ 16.0804462, 79.2371039 ], [ 16.0733567, 79.237904 ], [ 16.0575531, 79.2526559 ], [ 16.0356138, 79.2569129 ], [ 16.0416752, 79.2625563 ], [ 16.0266767, 79.265614 ], [ 16.0055397, 79.2742805 ], [ 15.9719126, 79.2797009 ], [ 15.9746403, 79.2848099 ], [ 15.9602172, 79.2905523 ], [ 15.9410691, 79.2941504 ], [ 15.9384125, 79.3062633 ], [ 15.9541188, 79.3165016 ], [ 15.9413294, 79.3212355 ], [ 15.9421761, 79.3336056 ], [ 15.9204065, 79.3633949 ], [ 15.925, 79.3704562 ], [ 15.9346004, 79.3740911 ], [ 15.9264669, 79.3779461 ], [ 15.9211982, 79.3934392 ], [ 15.9068902, 79.4029731 ], [ 15.9149445, 79.4069697 ], [ 15.9053808, 79.4242671 ], [ 15.9100875, 79.4270222 ], [ 15.903518, 79.4370815 ], [ 15.8918678, 79.4395233 ], [ 15.8985651, 79.4433917 ], [ 15.8928374, 79.4487973 ], [ 15.8833144, 79.4504454 ], [ 15.8915246, 79.453125 ], [ 15.8877294, 79.468244 ], [ 15.8695105, 79.473635 ], [ 15.8699808, 79.4831228 ], [ 15.876489, 79.4842836 ], [ 15.8787047, 79.4895439 ], [ 15.8705178, 79.4906167 ], [ 15.8652757, 79.493664 ], [ 15.8686711, 79.4990093 ], [ 15.859099, 79.5050104 ], [ 15.8584673, 79.5120648 ], [ 15.8401765, 79.5167615 ], [ 15.8495733, 79.5187163 ], [ 15.8506151, 79.5227952 ], [ 15.8380311, 79.5414808 ], [ 15.8601617, 79.5476496 ], [ 15.8814324, 79.5483359 ], [ 15.8842623, 79.5526808 ], [ 15.8779124, 79.5553548 ], [ 15.8657594, 79.5538963 ], [ 15.8398737, 79.5562195 ], [ 15.8213586, 79.5623809 ], [ 15.8307137, 79.5657101 ], [ 15.8264585, 79.5774229 ], [ 15.8035736, 79.5925337 ], [ 15.8081253, 79.5961457 ], [ 15.7922339, 79.6063013 ], [ 15.7853718, 79.6170188 ], [ 15.7899718, 79.6212285 ], [ 15.7829465, 79.6230274 ], [ 15.7879303, 79.6279851 ], [ 15.8024106, 79.6289063 ], [ 15.8075451, 79.6308399 ], [ 15.8096772, 79.6358612 ], [ 15.7869625, 79.6402063 ], [ 15.7750554, 79.6450691 ], [ 15.7544127, 79.6413476 ], [ 15.724788, 79.6406596 ], [ 15.715766, 79.6418102 ], [ 15.7210404, 79.6485687 ], [ 15.7458574, 79.6571941 ], [ 15.7285244, 79.665331 ], [ 15.7312402, 79.6715519 ], [ 15.7108014, 79.678178 ], [ 15.699164, 79.6869063 ], [ 15.6771438, 79.6882681 ], [ 15.670709, 79.6898713 ], [ 15.7099473, 79.7008007 ], [ 15.6953706, 79.7094014 ], [ 15.699513, 79.7172915 ], [ 15.6869395, 79.7214504 ], [ 15.6712424, 79.7314723 ], [ 15.6584042, 79.7467048 ], [ 15.6617109, 79.7493458 ], [ 15.6499975, 79.7520881 ], [ 15.6461029, 79.7562817 ], [ 15.6560293, 79.7599655 ], [ 15.6469296, 79.7615708 ], [ 15.6470683, 79.7641896 ], [ 15.6579293, 79.763711 ], [ 15.6634917, 79.7646412 ], [ 15.6553857, 79.7672805 ], [ 15.6379703, 79.7693111 ], [ 15.6498132, 79.7721841 ], [ 15.6435441, 79.77495 ], [ 15.6588399, 79.7751952 ], [ 15.6717303, 79.7773042 ], [ 15.6797153, 79.7767544 ], [ 15.6820363, 79.7811353 ], [ 15.6974916, 79.78351 ], [ 15.6894687, 79.7853906 ], [ 15.666591, 79.7850327 ], [ 15.6619035, 79.7867457 ], [ 15.6441541, 79.7881753 ], [ 15.6394032, 79.7894669 ], [ 15.6484447, 79.7903965 ], [ 15.646659, 79.7924143 ], [ 15.6259021, 79.7986892 ], [ 15.6358033, 79.8003484 ], [ 15.6300559, 79.8018622 ], [ 15.6373655, 79.805577 ], [ 15.6312782, 79.8078153 ], [ 15.6402179, 79.8082215 ], [ 15.645173, 79.8101898 ], [ 15.6436687, 79.813441 ], [ 15.6318489, 79.81422 ], [ 15.6332005, 79.8164117 ], [ 15.6366111, 79.8171763 ], [ 15.6478782, 79.8165532 ], [ 15.6560537, 79.8182166 ], [ 15.6454988, 79.8214414 ], [ 15.6408154, 79.8268588 ], [ 15.6513988, 79.8266739 ], [ 15.6605768, 79.8285552 ], [ 15.6497004, 79.8313184 ], [ 15.6453348, 79.8364443 ], [ 15.6358168, 79.8388385 ], [ 15.6485248, 79.8403271 ], [ 15.6390637, 79.8422621 ], [ 15.6394629, 79.8440778 ], [ 15.644665, 79.8456988 ], [ 15.6570059, 79.8445175 ], [ 15.6750855, 79.8469613 ], [ 15.6630499, 79.8516155 ], [ 15.6663029, 79.8578634 ], [ 15.6539741, 79.8657472 ], [ 15.6596044, 79.8662256 ], [ 15.6656002, 79.865128 ], [ 15.6663862, 79.8660383 ], [ 15.6790088, 79.866411 ], [ 15.681082, 79.8707129 ], [ 15.7140779, 79.8743126 ], [ 15.7190032, 79.8771363 ], [ 15.7154436, 79.8788568 ], [ 15.784763, 79.8742445 ], [ 15.8155921, 79.8743896 ], [ 15.855543, 79.8706574 ], [ 15.8872933, 79.8694466 ], [ 15.9881669, 79.8693901 ], [ 16.0121294, 79.8678282 ], [ 16.0612652, 79.8722982 ], [ 16.0438299, 79.8695658 ], [ 16.0124086, 79.8670505 ], [ 16.0837686, 79.8625878 ], [ 16.1000235, 79.8624721 ], [ 16.1451246, 79.8647614 ], [ 16.1330839, 79.8732702 ], [ 16.0956742, 79.8742563 ], [ 16.0944118, 79.8789381 ], [ 16.0837531, 79.8781822 ], [ 16.0936137, 79.8821464 ], [ 16.1134067, 79.8828444 ], [ 16.1154853, 79.8854147 ], [ 16.1086465, 79.8890769 ], [ 16.0983858, 79.8889261 ], [ 16.0829571, 79.8924781 ], [ 16.0678799, 79.8931146 ], [ 16.0642468, 79.8946913 ], [ 16.0437479, 79.8944268 ], [ 16.0299667, 79.8966008 ], [ 16.0223897, 79.898405 ], [ 16.0227605, 79.9028558 ], [ 16.0040743, 79.9035267 ], [ 15.9989845, 79.9106284 ], [ 15.9837707, 79.9121279 ], [ 15.9744968, 79.9148571 ], [ 15.9722592, 79.9174871 ], [ 15.9781202, 79.9189212 ], [ 15.9691635, 79.9206024 ], [ 15.9626276, 79.9250739 ], [ 15.9389046, 79.9283586 ], [ 15.9342268, 79.9334567 ], [ 15.9464303, 79.9328656 ], [ 15.9540985, 79.9340689 ], [ 15.9554765, 79.9387239 ], [ 15.9682019, 79.9418306 ], [ 15.959994, 79.9445606 ], [ 15.960079, 79.9481176 ], [ 15.9485472, 79.9495887 ], [ 15.9571208, 79.9508328 ], [ 15.9571346, 79.9542015 ], [ 15.9494271, 79.955777 ], [ 15.9505614, 79.9582855 ], [ 15.9423494, 79.9597045 ], [ 15.9531391, 79.9614139 ], [ 15.9575613, 79.9641424 ], [ 15.9697022, 79.965471 ], [ 15.9815596, 79.9713879 ], [ 15.9808382, 79.9739116 ], [ 15.9627399, 79.9769258 ], [ 15.9755516, 79.9783005 ], [ 15.9945127, 79.9763858 ], [ 16.0025562, 79.9769655 ], [ 16.0176873, 79.9825015 ], [ 16.0231527, 79.9889731 ], [ 16.041977, 79.9920731 ], [ 16.0452253, 79.9951297 ], [ 16.0356843, 80.0011261 ], [ 16.0069239, 80.0030171 ], [ 16.0304329, 80.0058692 ], [ 16.0359637, 80.0084991 ], [ 16.0327829, 80.0098745 ], [ 16.0509905, 80.0161468 ], [ 16.0596154, 80.0223711 ], [ 16.1086828, 80.0240232 ], [ 16.1278839, 80.0273226 ], [ 16.1526924, 80.0321836 ], [ 16.1819452, 80.0411381 ], [ 16.1691391, 80.0439594 ], [ 16.1835834, 80.0489537 ], [ 16.1736948, 80.0526154 ], [ 16.191402, 80.0538365 ], [ 16.2036303, 80.0520493 ], [ 16.214998, 80.0522794 ], [ 16.2452143, 80.0584151 ], [ 16.2466421, 80.0614638 ], [ 16.2489154, 80.0619603 ], [ 16.2572978, 80.0617073 ], [ 16.2571423, 80.0623457 ], [ 16.2609249, 80.0642147 ], [ 16.2631114, 80.0646133 ], [ 16.2734119, 80.0637668 ], [ 16.2815607, 80.0636631 ], [ 16.2838737, 80.0633373 ], [ 16.2898787, 80.059593 ], [ 16.2961332, 80.0596611 ], [ 16.3113056, 80.0562779 ], [ 16.3221292, 80.0561702 ], [ 16.3326519, 80.057427 ], [ 16.3302445, 80.05869 ], [ 16.3316309, 80.0588318 ], [ 16.3418778, 80.0586907 ], [ 16.3431355, 80.0585718 ], [ 16.3537086, 80.0540236 ], [ 16.3731024, 80.0507735 ], [ 16.3740205, 80.0486273 ], [ 16.3832788, 80.0471065 ], [ 16.4077303, 80.0465699 ], [ 16.4559509, 80.0486186 ], [ 16.4731866, 80.0444154 ], [ 16.499332, 80.0427792 ], [ 16.5055372, 80.0427563 ], [ 16.5307928, 80.0432864 ], [ 16.5330873, 80.0434613 ], [ 16.5423619, 80.0472114 ], [ 16.5440629, 80.0470288 ], [ 16.5575196, 80.0434361 ], [ 16.5715461, 80.0417629 ], [ 16.5702415, 80.0408016 ], [ 16.5611101, 80.0406041 ], [ 16.5599391, 80.0389333 ], [ 16.5634447, 80.0368496 ], [ 16.5674456, 80.0386561 ], [ 16.5711898, 80.0382044 ], [ 16.569597, 80.0347832 ], [ 16.5762907, 80.0322332 ], [ 16.569146, 80.0196971 ], [ 16.577251, 80.0028065 ], [ 16.5942007, 79.9923055 ], [ 16.6119517, 79.9744534 ], [ 16.6266801, 79.9687243 ], [ 16.7057697, 79.9526159 ], [ 16.7398957, 79.9491137 ], [ 16.7592483, 79.9493068 ], [ 16.744872, 79.9437546 ], [ 16.6913034, 79.9362791 ], [ 16.6743999, 79.9312984 ], [ 16.6740189, 79.9222648 ], [ 16.6838235, 79.9117506 ], [ 16.706001, 79.9032723 ], [ 16.7210404, 79.9008029 ], [ 16.7255501, 79.8929302 ], [ 16.7559676, 79.8870137 ], [ 16.7622441, 79.8868747 ], [ 16.7718759, 79.8886929 ], [ 16.7907729, 79.8876441 ], [ 16.7756935, 79.8850818 ], [ 16.774394, 79.8836817 ], [ 16.7752149, 79.8831577 ], [ 16.8067981, 79.8755887 ], [ 16.8161784, 79.8737226 ], [ 16.8371373, 79.8714281 ], [ 16.8400226, 79.8712975 ], [ 16.8787823, 79.87154 ], [ 16.9014378, 79.8690012 ], [ 16.900766, 79.8659396 ], [ 16.909355, 79.8661906 ], [ 16.9313118, 79.8709579 ], [ 16.9159096, 79.8791302 ], [ 16.9137235, 79.8862822 ], [ 16.8957912, 79.8904623 ], [ 16.9014444, 79.893267 ], [ 16.8943588, 79.8946658 ], [ 16.8945562, 79.8969877 ], [ 16.8877435, 79.8972095 ], [ 16.892935, 79.899771 ], [ 16.8650343, 79.9104832 ], [ 16.8640009, 79.9147304 ], [ 16.8569638, 79.9169635 ], [ 16.8326097, 79.9189085 ], [ 16.8437701, 79.9207183 ], [ 16.8581082, 79.920767 ], [ 16.8798872, 79.9226748 ], [ 16.9027557, 79.9282078 ], [ 16.9078501, 79.9339447 ], [ 16.9007143, 79.9377788 ], [ 16.9052356, 79.9434342 ], [ 16.9703419, 79.9495487 ], [ 16.9997917, 79.955421 ], [ 17.052565, 79.9571764 ], [ 17.0575459, 79.9543762 ], [ 17.0762172, 79.9529374 ], [ 17.1247756, 79.9535069 ], [ 17.1343642, 79.950617 ], [ 17.1736267, 79.9488952 ], [ 17.2207335, 79.9418691 ], [ 17.2302905, 79.9386607 ], [ 17.2510298, 79.9364268 ], [ 17.3310797, 79.9304332 ], [ 17.3926922, 79.9295521 ], [ 17.3956476, 79.9281313 ], [ 17.372017, 79.9224776 ], [ 17.3765115, 79.9186842 ], [ 17.4013608, 79.9130493 ], [ 17.4057488, 79.9016432 ], [ 17.4225721, 79.8982925 ], [ 17.4638386, 79.8940606 ], [ 17.5082948, 79.8915488 ], [ 17.5853841, 79.8897564 ], [ 17.5816782, 79.8856586 ], [ 17.5901901, 79.8810048 ], [ 17.6449233, 79.868715 ], [ 17.6512018, 79.8647501 ], [ 17.6637901, 79.8634052 ], [ 17.6701195, 79.8597716 ], [ 17.6773086, 79.8602055 ], [ 17.688338, 79.8574018 ], [ 17.6987808, 79.8488981 ], [ 17.7282854, 79.8439481 ], [ 17.7370816, 79.8395141 ], [ 17.737271, 79.8357359 ], [ 17.7603821, 79.8341811 ], [ 17.7383204, 79.8268356 ], [ 17.7164946, 79.8257385 ], [ 17.7185398, 79.8137183 ], [ 17.7411439, 79.8093688 ], [ 17.772422, 79.8075541 ], [ 17.8231376, 79.8146963 ], [ 17.8342454, 79.8151519 ], [ 17.8292003, 79.8081952 ], [ 17.8351775, 79.8022639 ], [ 17.8515431, 79.7986218 ], [ 17.8566645, 79.7945244 ], [ 17.8791953, 79.7899379 ], [ 17.8880264, 79.789771 ], [ 17.8897097, 79.7863059 ], [ 17.9130408, 79.7780983 ], [ 17.9104232, 79.7761154 ], [ 17.9227982, 79.7670078 ], [ 17.9579495, 79.7620775 ], [ 18.0095506, 79.7439656 ], [ 18.0102949, 79.7435133 ], [ 18.034301, 79.7203754 ], [ 18.0287833, 79.7112377 ], [ 18.0369467, 79.7088687 ], [ 18.0374472, 79.706053 ], [ 18.0152642, 79.6991918 ], [ 18.0178518, 79.6952046 ], [ 18.0064759, 79.6925756 ], [ 17.9762545, 79.6943837 ], [ 17.9627541, 79.6935974 ], [ 17.9422212, 79.6895087 ], [ 17.9289939, 79.678091 ], [ 17.9073671, 79.6671073 ], [ 17.8548372, 79.6513754 ], [ 17.8581923, 79.6508189 ], [ 17.8161803, 79.6265116 ], [ 17.8150392, 79.6190011 ], [ 17.7670456, 79.6111594 ], [ 17.7589782, 79.6119407 ], [ 17.7446293, 79.6108344 ], [ 17.7207031, 79.6120152 ], [ 17.7360823, 79.6104733 ], [ 17.7407327, 79.6059794 ], [ 17.7520269, 79.6053782 ], [ 17.7261755, 79.603955 ], [ 17.707164, 79.6011707 ], [ 17.6947573, 79.5990685 ], [ 17.693567, 79.5966799 ], [ 17.7091202, 79.5923833 ], [ 17.7247045, 79.5915389 ], [ 17.7165231, 79.5909997 ], [ 17.7242428, 79.5895333 ], [ 17.7338299, 79.5887789 ], [ 17.738, 79.5902808 ], [ 17.7481595, 79.5888501 ], [ 17.7405612, 79.5750017 ], [ 17.7502235, 79.567456 ], [ 17.73172, 79.5619704 ], [ 17.7124295, 79.5605086 ], [ 17.6896042, 79.5558394 ], [ 17.6761237, 79.5554981 ], [ 17.6553905, 79.552862 ], [ 17.6408666, 79.5480741 ], [ 17.6246756, 79.5479079 ], [ 17.6319242, 79.5450912 ], [ 17.6160244, 79.5447845 ], [ 17.6319546, 79.5440986 ], [ 17.618771, 79.543249 ], [ 17.6282979, 79.542913 ], [ 17.6249239, 79.5408926 ], [ 17.6340078, 79.5392587 ], [ 17.6756685, 79.5405461 ], [ 17.7476968, 79.5447707 ], [ 17.7623218, 79.5442476 ], [ 17.7685264, 79.5426383 ], [ 17.7698559, 79.5359596 ], [ 17.7591707, 79.5232439 ], [ 17.772041, 79.5168459 ], [ 17.7698863, 79.5098885 ], [ 17.7747505, 79.50498 ], [ 17.7601579, 79.5005544 ], [ 17.759061, 79.494139 ], [ 17.7658945, 79.4911293 ], [ 17.7606128, 79.4854707 ], [ 17.7680047, 79.4801461 ], [ 17.7710841, 79.4690557 ], [ 17.7787545, 79.4642859 ], [ 17.7919642, 79.4608678 ], [ 17.7773319, 79.4566571 ], [ 17.7935942, 79.4465148 ], [ 17.7892158, 79.4411966 ], [ 17.7951759, 79.4384077 ], [ 17.7940098, 79.4309431 ], [ 17.7812544, 79.4284667 ], [ 17.7690721, 79.428876 ], [ 17.7715979, 79.4202164 ], [ 17.7470915, 79.4145137 ], [ 17.7450567, 79.4105619 ], [ 17.7232776, 79.4052919 ], [ 17.7179033, 79.4025412 ], [ 17.7190433, 79.3979592 ], [ 17.7072051, 79.3971066 ], [ 17.6540557, 79.3845969 ], [ 17.6322556, 79.3820668 ], [ 17.6348085, 79.379305 ], [ 17.6261303, 79.3780078 ], [ 17.6325701, 79.377496 ], [ 17.6416866, 79.3737046 ], [ 17.6571714, 79.3716877 ], [ 17.6886224, 79.3633214 ], [ 17.6973667, 79.3624067 ], [ 17.7092685, 79.3663535 ], [ 17.7291362, 79.3672903 ], [ 17.7400053, 79.3715751 ], [ 17.7406696, 79.3750845 ], [ 17.7917184, 79.3849647 ], [ 17.7937344, 79.38831 ], [ 17.8497263, 79.3948023 ], [ 17.8708001, 79.3953775 ], [ 17.8793168, 79.3977423 ], [ 17.8926111, 79.4052562 ], [ 17.9218773, 79.4150921 ], [ 17.9584382, 79.4386342 ], [ 17.9790564, 79.4441094 ], [ 18.0009663, 79.446437 ], [ 18.0233744, 79.459185 ], [ 18.0297093, 79.4779531 ], [ 18.0233465, 79.4913692 ], [ 18.0298916, 79.5090038 ], [ 18.035655, 79.5114585 ], [ 18.0325332, 79.5147212 ], [ 18.0377587, 79.5155354 ], [ 18.0374629, 79.5207837 ], [ 18.0256495, 79.5232158 ], [ 18.0492727, 79.5390902 ], [ 18.0376496, 79.5448247 ], [ 18.0376359, 79.5523163 ], [ 18.0737308, 79.5648717 ], [ 18.0842915, 79.5708501 ], [ 18.080904, 79.5744909 ], [ 18.0635411, 79.5802175 ], [ 18.0635309, 79.5832853 ], [ 18.095166, 79.5902525 ], [ 18.128424, 79.6057316 ], [ 18.1682281, 79.6112226 ], [ 18.1933885, 79.6162254 ], [ 18.2278404, 79.6203985 ], [ 18.2729282, 79.6223546 ], [ 18.3097144, 79.6168278 ], [ 18.3516854, 79.606162 ], [ 18.3832386, 79.6007946 ], [ 18.403244, 79.5957429 ], [ 18.4186815, 79.5882849 ], [ 18.4572952, 79.5870519 ], [ 18.4706618, 79.5832644 ], [ 18.5309751, 79.5765235 ], [ 18.6143876, 79.5596364 ], [ 18.6373031, 79.5534155 ], [ 18.6439834, 79.5495704 ], [ 18.6554147, 79.5490217 ], [ 18.6564517, 79.5522456 ], [ 18.6762996, 79.5551071 ], [ 18.6929348, 79.5529259 ], [ 18.7016981, 79.5494852 ], [ 18.6935852, 79.5479022 ], [ 18.7043695, 79.5455909 ], [ 18.7046688, 79.54254 ], [ 18.7108428, 79.5408494 ], [ 18.7098082, 79.5358868 ], [ 18.688791, 79.5324405 ], [ 18.6869534, 79.529237 ], [ 18.6937859, 79.5191433 ], [ 18.7110556, 79.5129306 ], [ 18.7058343, 79.504319 ], [ 18.7272604, 79.4926074 ], [ 18.7509367, 79.4901288 ], [ 18.770119, 79.4902374 ], [ 18.7853893, 79.4832397 ], [ 18.7912483, 79.4772766 ], [ 18.7796167, 79.4702547 ], [ 18.7796199, 79.46582 ], [ 18.7913064, 79.4626163 ], [ 18.801391, 79.4541548 ], [ 18.836063, 79.4478467 ], [ 18.827866, 79.4475904 ], [ 18.8279327, 79.4452953 ], [ 18.8215091, 79.4462987 ], [ 18.8371055, 79.432271 ], [ 18.8456101, 79.4311653 ], [ 18.847041, 79.4324063 ], [ 18.8542166, 79.431253 ], [ 18.8384919, 79.4250067 ], [ 18.8490942, 79.4095185 ], [ 18.8452934, 79.402213 ], [ 18.8605005, 79.3995442 ], [ 18.8482015, 79.3974603 ], [ 18.8519495, 79.3961781 ], [ 18.8422871, 79.3931663 ], [ 18.8640873, 79.3826923 ], [ 18.8428035, 79.3774616 ], [ 18.8552699, 79.37489 ], [ 18.8506399, 79.3711596 ], [ 18.8597447, 79.3682981 ], [ 18.8507028, 79.3667873 ], [ 18.8568282, 79.3609728 ], [ 18.841094, 79.3589098 ], [ 18.856943, 79.3330078 ], [ 18.8452688, 79.3204165 ], [ 18.8573459, 79.3178933 ], [ 18.8522996, 79.3159584 ], [ 18.8225477, 79.3151324 ], [ 18.8033229, 79.3043363 ], [ 18.8227139, 79.3020242 ], [ 18.8449838, 79.3024173 ], [ 18.8054518, 79.2943346 ], [ 18.7784601, 79.284236 ], [ 18.7321385, 79.273765 ], [ 18.6700888, 79.2666605 ], [ 18.6410664, 79.2657692 ], [ 18.609193, 79.2528394 ], [ 18.5992014, 79.2377254 ], [ 18.6012108, 79.2357802 ], [ 18.6172441, 79.2343318 ], [ 18.6995457, 79.2382082 ], [ 18.7952737, 79.2407078 ], [ 18.8417624, 79.2391804 ], [ 18.8689795, 79.2342501 ], [ 18.8961422, 79.2216711 ], [ 18.9187542, 79.2152698 ], [ 18.9237862, 79.2093589 ], [ 18.9111236, 79.2030739 ], [ 18.898434, 79.1877393 ], [ 18.9015222, 79.1718024 ], [ 18.8933738, 79.1651706 ], [ 18.8792151, 79.1580213 ], [ 18.8702242, 79.156303 ], [ 18.8659819, 79.1524605 ], [ 18.8735842, 79.1493618 ], [ 18.8710334, 79.1470983 ], [ 18.8914096, 79.144837 ], [ 18.9225338, 79.1479915 ], [ 18.9323652, 79.1472673 ], [ 18.942045, 79.1430264 ], [ 18.9402955, 79.1351095 ], [ 18.9688838, 79.1287628 ], [ 18.9690593, 79.1253952 ], [ 18.9784302, 79.1224045 ], [ 18.9856944, 79.1212199 ], [ 19.0133026, 79.1218889 ], [ 19.0474164, 79.1270473 ], [ 19.0773956, 79.1286929 ], [ 19.1287453, 79.1341497 ], [ 19.1460832, 79.1344287 ], [ 19.1629165, 79.1377873 ], [ 19.1733384, 79.1426839 ], [ 19.1887127, 79.1439061 ], [ 19.1968408, 79.1467837 ], [ 19.2005692, 79.1520694 ], [ 19.2129871, 79.153517 ], [ 19.2113491, 79.1543027 ], [ 19.2220966, 79.1562865 ], [ 19.2732069, 79.1795754 ], [ 19.300154, 79.1866629 ], [ 19.3300805, 79.1860563 ], [ 19.3666794, 79.183006 ], [ 19.4288337, 79.1722887 ], [ 19.4788256, 79.1592323 ], [ 19.5242593, 79.1405216 ], [ 19.5642927, 79.1419905 ], [ 19.5893666, 79.1398174 ], [ 19.6024014, 79.1398028 ], [ 19.6325749, 79.1444871 ], [ 19.6724443, 79.1434658 ], [ 19.6875, 79.1453683 ], [ 19.7043401, 79.1453888 ], [ 19.7073163, 79.1483309 ], [ 19.7219669, 79.144208 ], [ 19.7205268, 79.1505361 ], [ 19.7248147, 79.1513948 ], [ 19.7707155, 79.1491607 ], [ 19.7857398, 79.1466833 ], [ 19.7982835, 79.1472535 ], [ 19.7992131, 79.1418287 ], [ 19.7782562, 79.1360235 ], [ 19.7620817, 79.1358089 ], [ 19.7472981, 79.1383284 ], [ 19.7331522, 79.1370643 ], [ 19.7239954, 79.1336914 ], [ 19.7254375, 79.1292973 ], [ 19.7336975, 79.1279523 ], [ 19.7550927, 79.1193032 ], [ 19.7664372, 79.1112008 ], [ 19.7713925, 79.0972776 ], [ 19.766327, 79.0927395 ], [ 19.7772244, 79.0883003 ], [ 19.7785887, 79.0847644 ], [ 19.7660288, 79.0794928 ], [ 19.7663943, 79.0765913 ], [ 19.7348248, 79.0684746 ], [ 19.7326316, 79.0676059 ], [ 19.7328253, 79.0663784 ], [ 19.7343723, 79.0644407 ], [ 19.7485563, 79.05915 ], [ 19.7798162, 79.0514472 ], [ 19.8029408, 79.0515124 ], [ 19.8288718, 79.0534557 ], [ 19.8825765, 79.055005 ], [ 19.9027967, 79.0608481 ], [ 19.9066128, 79.0585145 ], [ 19.9024342, 79.0543844 ], [ 19.9205472, 79.0540385 ], [ 19.917791, 79.0517195 ], [ 19.8952237, 79.0532085 ], [ 19.8882999, 79.0529373 ], [ 19.8840284, 79.0512539 ], [ 19.8852977, 79.0493081 ], [ 19.9030373, 79.0453438 ], [ 19.9037206, 79.0450474 ], [ 19.9035817, 79.0431815 ], [ 19.8912655, 79.0367184 ], [ 19.8903511, 79.0363126 ], [ 19.8750333, 79.032222 ], [ 19.8976057, 79.0263575 ], [ 19.89928, 79.02523 ], [ 19.8992711, 79.0244433 ], [ 19.8971883, 79.0216087 ], [ 19.8810445, 79.0197839 ], [ 19.8788059, 79.0163447 ], [ 19.8787653, 79.0160565 ], [ 19.8924195, 79.0145322 ], [ 19.8730092, 79.0121717 ], [ 19.8595016, 79.0127031 ], [ 19.8536038, 79.012168 ], [ 19.8521461, 79.0118932 ], [ 19.8553557, 79.0096968 ], [ 19.847158, 79.0076621 ], [ 19.8513362, 79.0073863 ], [ 19.8508503, 79.0054297 ], [ 19.8371387, 79.0049315 ], [ 19.8449732, 79.0039504 ], [ 19.8379486, 79.0032218 ], [ 19.8375942, 79.0025094 ], [ 19.8389555, 79.002106 ], [ 19.8541435, 78.9989157 ], [ 19.866836, 78.9968297 ], [ 19.8682787, 78.9967229 ], [ 19.9135025, 78.9947706 ], [ 19.9306579, 78.9951845 ], [ 19.9465456, 78.9939106 ], [ 19.9570351, 78.9910129 ], [ 19.9528871, 78.9882668 ], [ 19.977559, 78.9849168 ], [ 19.9873013, 78.9843661 ], [ 19.9913154, 78.9844249 ], [ 20.0148211, 78.9868892 ], [ 20.0450499, 78.9794683 ], [ 20.059284, 78.9781563 ], [ 20.0929043, 78.9825367 ], [ 20.0978441, 78.9870214 ], [ 20.1156105, 78.9878197 ], [ 20.1106666, 78.9886236 ], [ 20.1138464, 78.9916213 ], [ 20.1071794, 78.994911 ], [ 20.1185905, 78.9987726 ], [ 20.1193256, 79.0056136 ], [ 20.1286528, 79.0071259 ], [ 20.134989, 79.0065604 ], [ 20.1327177, 79.0056463 ], [ 20.1427217, 79.0058883 ], [ 20.149567, 79.0077416 ], [ 20.143122, 79.0095876 ], [ 20.1544826, 79.0099829 ], [ 20.1682374, 79.0078502 ], [ 20.1742268, 79.0038393 ], [ 20.197894, 79.0007973 ], [ 20.2447335, 78.9891295 ], [ 20.289537, 78.9896863 ], [ 20.3058801, 78.9884537 ], [ 20.3119003, 78.985455 ], [ 20.3110195, 78.9806975 ], [ 20.3243055, 78.9730417 ], [ 20.3518848, 78.9695613 ], [ 20.3966647, 78.9591895 ], [ 20.4429507, 78.9525495 ], [ 20.4523582, 78.9475611 ], [ 20.504823, 78.9444437 ], [ 20.4919662, 78.9413831 ], [ 20.4830863, 78.9368519 ], [ 20.4678504, 78.9341121 ], [ 20.467694, 78.9318011 ], [ 20.5506707, 78.9298971 ], [ 20.5758421, 78.9272245 ], [ 20.5891265, 78.9281445 ], [ 20.6826839, 78.9181396 ], [ 20.6965595, 78.9151059 ], [ 20.7397236, 78.9147604 ], [ 20.7666563, 78.9080224 ], [ 20.7889956, 78.9069669 ], [ 20.7938221, 78.9027805 ], [ 20.8273683, 78.9001251 ], [ 20.8323334, 78.9023861 ], [ 20.8396741, 78.9024469 ], [ 20.8615732, 78.8991817 ], [ 20.8615038, 78.8974307 ], [ 20.8743654, 78.8963737 ], [ 20.8826028, 78.8932071 ], [ 20.9092377, 78.8968973 ], [ 20.9242899, 78.8959786 ], [ 20.9339569, 78.901529 ], [ 20.9595321, 78.9005442 ], [ 20.9586358, 78.8970762 ], [ 20.9687248, 78.8945405 ], [ 20.9825743, 78.8939713 ], [ 20.9808083, 78.8916559 ], [ 20.9885494, 78.8904181 ], [ 21.0017735, 78.8905044 ], [ 21.0521911, 78.8820626 ], [ 21.0521911, 78.8799868 ], [ 21.0442868, 78.8792568 ], [ 21.0325912, 78.8747622 ], [ 21.03769, 78.873075 ], [ 21.0257353, 78.8692702 ], [ 21.0275123, 78.8653737 ], [ 21.0847406, 78.8553903 ], [ 21.09375, 78.8501673 ], [ 21.1187731, 78.8506691 ], [ 21.14847, 78.8542362 ], [ 21.1529428, 78.8537683 ], [ 21.1568439, 78.8491998 ], [ 21.1723804, 78.8488446 ], [ 21.191468, 78.8500949 ], [ 21.2162071, 78.8489048 ], [ 21.2201688, 78.8484685 ], [ 21.2640508, 78.8381377 ], [ 21.2665224, 78.8376191 ], [ 21.2754008, 78.8368045 ], [ 21.2908666, 78.8361266 ], [ 21.2944432, 78.8360095 ], [ 21.3261117, 78.8364969 ], [ 21.3346148, 78.8380086 ], [ 21.3362085, 78.8426282 ], [ 21.3455766, 78.8434129 ], [ 21.3833477, 78.841947 ], [ 21.4175121, 78.8379712 ], [ 21.4520112, 78.8381383 ], [ 21.4905269, 78.8344485 ], [ 21.4982435, 78.8328683 ], [ 21.5010046, 78.8262566 ], [ 21.5010216, 78.8254929 ], [ 21.4947429, 78.8178482 ], [ 21.4898267, 78.8147041 ], [ 21.4828156, 78.8119313 ], [ 21.4819338, 78.8116831 ], [ 21.4737728, 78.8110646 ], [ 21.4672793, 78.8095198 ], [ 21.4616162, 78.8075716 ], [ 21.4458799, 78.8002715 ], [ 21.4452724, 78.7998861 ], [ 21.4385569, 78.7952005 ], [ 21.4409873, 78.7837451 ], [ 21.4369448, 78.7813041 ], [ 21.3843325, 78.7633823 ], [ 21.3809878, 78.7606672 ], [ 21.3890224, 78.7595056 ], [ 21.3918021, 78.7556368 ], [ 21.390825, 78.7543174 ], [ 21.3843071, 78.7506357 ], [ 21.383749, 78.7492158 ], [ 21.3695545, 78.7470853 ], [ 21.3497618, 78.7370889 ], [ 21.3490154, 78.7366096 ], [ 21.3445625, 78.7289015 ], [ 21.3292278, 78.7191473 ], [ 21.3237127, 78.7094584 ], [ 21.3243366, 78.7040108 ], [ 21.3260593, 78.7028805 ], [ 21.3290828, 78.7020164 ], [ 21.347369, 78.699568 ], [ 21.3613333, 78.6962397 ], [ 21.3682168, 78.6933581 ], [ 21.370976, 78.6899415 ], [ 21.3722939, 78.6793582 ], [ 21.3715215, 78.6783968 ], [ 21.3630449, 78.6742238 ], [ 21.3559484, 78.6733764 ], [ 21.3588533, 78.6717002 ], [ 21.3549776, 78.6708126 ], [ 21.3459212, 78.67 ], [ 21.3314793, 78.6700091 ], [ 21.2945173, 78.6709578 ], [ 21.2910494, 78.6718755 ], [ 21.2989815, 78.6728756 ], [ 21.26891, 78.6761791 ], [ 21.262574, 78.678386 ], [ 21.247472, 78.6776825 ], [ 21.2333322, 78.6710356 ], [ 21.2112665, 78.671422 ], [ 21.1818655, 78.6732062 ], [ 21.1585931, 78.6764079 ], [ 21.0995739, 78.6817216 ], [ 21.0777888, 78.6827431 ], [ 21.08325, 78.6793315 ], [ 21.1079903, 78.6787332 ], [ 21.1407443, 78.6756581 ], [ 21.144369, 78.6737819 ], [ 21.1295003, 78.671422 ], [ 21.1289454, 78.6639946 ], [ 21.0804737, 78.6535277 ], [ 21.0788841, 78.6532816 ], [ 21.0650839, 78.6531891 ], [ 21.0606129, 78.6536102 ], [ 21.0291992, 78.6585044 ], [ 21.0099434, 78.6645555 ], [ 21.0086325, 78.6651134 ], [ 21.0100805, 78.6707339 ], [ 20.9949996, 78.6707696 ], [ 20.987644, 78.6668385 ], [ 20.9700114, 78.6708041 ], [ 20.9548113, 78.6772983 ], [ 20.9396293, 78.6803977 ], [ 20.9373012, 78.6839308 ], [ 20.9720427, 78.6894044 ], [ 20.978829, 78.6891038 ], [ 20.9728684, 78.6901371 ], [ 20.9751809, 78.6919203 ], [ 20.9673911, 78.6977235 ], [ 20.9586263, 78.6990976 ], [ 20.9423662, 78.6984364 ], [ 20.9427522, 78.7006944 ], [ 20.9333786, 78.7027684 ], [ 20.9182329, 78.7026627 ], [ 20.9098228, 78.704563 ], [ 20.8931468, 78.7035716 ], [ 20.8821847, 78.7013919 ], [ 20.878064, 78.6948817 ], [ 20.8616728, 78.6925479 ], [ 20.8508313, 78.6938909 ], [ 20.8371505, 78.7049386 ], [ 20.8093278, 78.708657 ], [ 20.7769523, 78.7096332 ], [ 20.7353154, 78.7068487 ], [ 20.7040036, 78.6992477 ], [ 20.6871116, 78.6984406 ], [ 20.6815479, 78.6969364 ], [ 20.665458, 78.697094 ], [ 20.6671553, 78.69482 ], [ 20.6561871, 78.6947401 ], [ 20.6604702, 78.692524 ], [ 20.6345429, 78.6956862 ], [ 20.5845962, 78.713955 ], [ 20.5645314, 78.7157104 ], [ 20.5522096, 78.7195414 ], [ 20.517813, 78.7206026 ], [ 20.514576, 78.721503 ], [ 20.5106701, 78.7208713 ], [ 20.5040374, 78.7223536 ], [ 20.5064127, 78.7203141 ], [ 20.487313, 78.7205764 ], [ 20.4755073, 78.7127635 ], [ 20.4525146, 78.7038748 ], [ 20.4578882, 78.6963016 ], [ 20.4745297, 78.6935786 ], [ 20.4714936, 78.6914517 ], [ 20.4504436, 78.6934564 ], [ 20.4210399, 78.6992807 ], [ 20.3406285, 78.7033325 ], [ 20.3233687, 78.7022244 ], [ 20.2843868, 78.696208 ], [ 20.2813303, 78.6993277 ], [ 20.2864212, 78.7018059 ], [ 20.2749258, 78.7010978 ], [ 20.262445, 78.7029004 ], [ 20.2463514, 78.6969137 ], [ 20.2266095, 78.6977838 ], [ 20.2176477, 78.6943359 ], [ 20.2043381, 78.6926329 ], [ 20.1990865, 78.6889637 ], [ 20.2095159, 78.6839207 ], [ 20.1943614, 78.6846184 ], [ 20.1892791, 78.6837816 ], [ 20.1714092, 78.6790823 ], [ 20.1591564, 78.6711446 ], [ 20.1875762, 78.6681311 ], [ 20.2340004, 78.6521122 ], [ 20.2300578, 78.6517007 ], [ 20.2121465, 78.6564983 ], [ 20.1936595, 78.6585478 ], [ 20.1601605, 78.6570575 ], [ 20.1487243, 78.6538153 ], [ 20.1090711, 78.6513364 ], [ 20.1021338, 78.6476041 ], [ 20.1144806, 78.6432837 ], [ 20.1145496, 78.6408567 ], [ 20.1072356, 78.6387016 ], [ 20.0931923, 78.6428616 ], [ 20.0757, 78.6438324 ], [ 20.0877621, 78.6434854 ], [ 20.0743108, 78.6458251 ], [ 20.0596385, 78.6424553 ], [ 20.058184, 78.638043 ], [ 20.0392163, 78.6351956 ], [ 20.0322732, 78.6290087 ], [ 20.0167143, 78.6251262 ], [ 19.9969571, 78.6238528 ], [ 20.0341713, 78.6175541 ], [ 20.0409927, 78.6123548 ], [ 20.0353915, 78.6092346 ], [ 20.012899, 78.6037079 ], [ 19.9646331, 78.6080678 ], [ 19.9586601, 78.6103061 ], [ 19.9529254, 78.6090215 ], [ 19.9476671, 78.6111521 ], [ 19.9393842, 78.6105829 ], [ 19.9305831, 78.6145749 ], [ 19.9140844, 78.6159949 ], [ 19.8856368, 78.614729 ], [ 19.8441693, 78.6096611 ], [ 19.8030953, 78.6106296 ], [ 19.7718391, 78.6140172 ], [ 19.7005798, 78.6132931 ], [ 19.6735812, 78.611823 ], [ 19.6497267, 78.6122561 ], [ 19.6396955, 78.6105459 ], [ 19.6333994, 78.6071974 ], [ 19.6545666, 78.6082237 ], [ 19.6447941, 78.6052465 ], [ 19.6317638, 78.6036372 ], [ 19.6126257, 78.6036372 ], [ 19.6073321, 78.6021888 ], [ 19.5930802, 78.6046832 ], [ 19.5926729, 78.6014646 ], [ 19.6069248, 78.5976827 ], [ 19.6171048, 78.5974413 ], [ 19.6472373, 78.5997748 ], [ 19.6504948, 78.6024302 ], [ 19.6699026, 78.6070896 ], [ 19.7105269, 78.6116807 ], [ 19.6638016, 78.6041908 ], [ 19.6478084, 78.5972208 ], [ 19.6272702, 78.59325 ], [ 19.5431833, 78.5803127 ], [ 19.5032392, 78.5775964 ], [ 19.4572186, 78.5768088 ], [ 19.4422947, 78.5776885 ], [ 19.4384415, 78.5751901 ], [ 19.4515959, 78.57073 ], [ 19.4518324, 78.5668143 ], [ 19.4234879, 78.5624636 ], [ 19.3951938, 78.5534317 ], [ 19.402819, 78.5464271 ], [ 19.3967429, 78.5410404 ], [ 19.3803161, 78.539371 ], [ 19.3470283, 78.5454504 ], [ 19.1912044, 78.5573691 ], [ 19.1855301, 78.5564839 ], [ 19.1847523, 78.5429947 ], [ 19.1566969, 78.5327367 ], [ 19.1436216, 78.5206112 ], [ 19.1102616, 78.5258471 ], [ 19.0894284, 78.524335 ], [ 19.07107, 78.5203058 ], [ 18.9948194, 78.5303369 ], [ 18.984375, 78.5304129 ], [ 18.9569926, 78.5274671 ], [ 18.9243497, 78.5284318 ], [ 18.8959867, 78.5275702 ], [ 18.8576703, 78.5236644 ], [ 18.8646801, 78.5174539 ], [ 18.8852866, 78.5115813 ], [ 18.8926975, 78.5056531 ], [ 18.8873769, 78.4926801 ], [ 18.9022573, 78.4912405 ], [ 18.9495964, 78.474913 ], [ 18.9652928, 78.4642003 ], [ 19.0008264, 78.4485604 ], [ 19.0112298, 78.4369909 ], [ 19.0314919, 78.4275327 ], [ 19.0320091, 78.4223368 ], [ 19.0198981, 78.4187086 ], [ 19.0202844, 78.4160442 ], [ 19.039112, 78.4051617 ], [ 19.0579824, 78.3883711 ], [ 19.0696052, 78.3539226 ], [ 19.0921056, 78.3417202 ], [ 19.0724239, 78.3400471 ], [ 19.0682857, 78.3362113 ], [ 19.061231, 78.3366277 ], [ 19.0108968, 78.3292784 ], [ 18.9524933, 78.3237056 ], [ 18.9432929, 78.3242286 ], [ 18.9369982, 78.3267288 ], [ 18.9218224, 78.3279641 ], [ 18.9192204, 78.3320239 ], [ 18.8752969, 78.336657 ], [ 18.79484, 78.3387434 ], [ 18.8075975, 78.3321908 ], [ 18.8006296, 78.3285965 ], [ 18.8014842, 78.3259366 ], [ 18.7947427, 78.324622 ], [ 18.799188, 78.3235415 ], [ 18.8043907, 78.3241615 ], [ 18.8128893, 78.3232599 ], [ 18.8234833, 78.319625 ], [ 18.8208017, 78.3179935 ], [ 18.847289, 78.3084207 ], [ 18.9422348, 78.2853153 ], [ 18.9633834, 78.2772039 ], [ 18.9658471, 78.2717088 ], [ 18.9943691, 78.2601196 ], [ 18.9954684, 78.2543277 ], [ 19.0458407, 78.2450656 ], [ 19.0691876, 78.2381417 ], [ 19.0852277, 78.225298 ], [ 19.0744805, 78.211421 ], [ 19.0614765, 78.2032597 ], [ 19.0121403, 78.194712 ], [ 19.0027153, 78.1937222 ], [ 18.9215606, 78.1920201 ], [ 18.9040107, 78.1963104 ], [ 18.8785536, 78.1976006 ], [ 18.8513503, 78.2015188 ], [ 18.837271, 78.2003968 ], [ 18.8119262, 78.2020468 ], [ 18.8123204, 78.18883 ], [ 18.82594, 78.1837054 ], [ 18.8248544, 78.1849147 ], [ 18.830623, 78.1850965 ], [ 18.8503044, 78.1819818 ], [ 18.8699529, 78.1823486 ], [ 18.8918421, 78.1774437 ], [ 18.9370883, 78.1642458 ], [ 18.9661866, 78.1492186 ], [ 18.9835424, 78.1442556 ], [ 18.9892578, 78.1441526 ], [ 18.984375, 78.1425781 ], [ 18.9967468, 78.1352214 ], [ 19.0200453, 78.1264896 ], [ 19.0451357, 78.1117764 ], [ 19.0354322, 78.0945163 ], [ 19.0033751, 78.0810773 ], [ 18.9948251, 78.0734311 ], [ 18.9613972, 78.0632472 ], [ 18.9411178, 78.0523349 ], [ 18.9129848, 78.046875 ], [ 18.8015674, 78.0336941 ], [ 18.7803854, 78.031713 ], [ 18.7781409, 78.0315977 ], [ 18.7502747, 78.0324335 ], [ 18.7469834, 78.0327119 ], [ 18.7279286, 78.0347996 ], [ 18.7111486, 78.0391073 ], [ 18.6827118, 78.0433418 ], [ 18.6754115, 78.0481491 ], [ 18.6364188, 78.0530614 ], [ 18.6345181, 78.053254 ], [ 18.5970391, 78.0542696 ], [ 18.5557851, 78.0527894 ], [ 18.5243511, 78.0503567 ], [ 18.5103754, 78.0486408 ], [ 18.4991934, 78.0441926 ], [ 18.437728, 78.0419397 ], [ 18.4334533, 78.0415856 ], [ 18.3913264, 78.0360196 ], [ 18.3902349, 78.0357851 ], [ 18.3770856, 78.0324537 ], [ 18.3704429, 78.0277005 ], [ 18.3704476, 78.0253279 ], [ 18.3771214, 78.0176864 ], [ 18.3799376, 78.0153501 ], [ 18.3952364, 78.0094039 ], [ 18.4214767, 77.9915775 ], [ 18.4370807, 77.9834681 ], [ 18.4696701, 77.9691036 ], [ 18.470999, 77.9683433 ], [ 18.4748684, 77.9610995 ], [ 18.457671, 77.9538091 ], [ 18.4430931, 77.9528956 ], [ 18.4270626, 77.9449105 ], [ 18.4032582, 77.9395329 ], [ 18.3809233, 77.9318618 ], [ 18.3779231, 77.9210525 ], [ 18.3457435, 77.9137779 ], [ 18.3156832, 77.9087787 ], [ 18.2779175, 77.9081157 ], [ 18.2653691, 77.9090533 ], [ 18.2176253, 77.9049171 ], [ 18.2041523, 77.9056222 ], [ 18.186287, 77.904617 ], [ 18.1798126, 77.9056053 ], [ 18.1651458, 77.9045296 ], [ 18.1665134, 77.8984773 ], [ 18.1799159, 77.887899 ], [ 18.2050203, 77.8772612 ], [ 18.2264099, 77.8766994 ], [ 18.2383091, 77.8800308 ], [ 18.2667309, 77.8825758 ], [ 18.2730069, 77.8857262 ], [ 18.2685905, 77.8869954 ], [ 18.2616312, 77.8863136 ], [ 18.2658852, 77.8875231 ], [ 18.3028991, 77.8890002 ], [ 18.3063138, 77.8897027 ], [ 18.3021948, 77.8911445 ], [ 18.3231316, 77.8901283 ], [ 18.3434488, 77.8884881 ], [ 18.3714513, 77.8829606 ], [ 18.3861091, 77.8764836 ], [ 18.3908495, 77.8672869 ], [ 18.3824337, 77.8599623 ], [ 18.3689016, 77.8581513 ], [ 18.3604276, 77.8584094 ], [ 18.355332, 77.8604612 ], [ 18.3259732, 77.8625792 ], [ 18.3095096, 77.8657298 ], [ 18.2810323, 77.8654369 ], [ 18.2452472, 77.861274 ], [ 18.2457944, 77.8601456 ], [ 18.2284439, 77.8607649 ], [ 18.206997, 77.8536602 ], [ 18.2058564, 77.8553251 ], [ 18.1824129, 77.8438022 ], [ 18.1604621, 77.8389109 ], [ 18.1941218, 77.8339293 ], [ 18.2031239, 77.8336715 ], [ 18.2253122, 77.8370394 ], [ 18.2526048, 77.8369466 ], [ 18.28125, 77.8401228 ], [ 18.2875115, 77.8378772 ], [ 18.3144249, 77.8339289 ], [ 18.3229802, 77.8305815 ], [ 18.3307209, 77.8302383 ], [ 18.3456835, 77.8340783 ], [ 18.3683012, 77.8349845 ], [ 18.3971409, 77.8339525 ], [ 18.4140902, 77.829203 ], [ 18.422097, 77.8137174 ], [ 18.4300565, 77.8117169 ], [ 18.4406538, 77.7950965 ], [ 18.4308729, 77.7766519 ], [ 18.4419641, 77.751756 ], [ 18.4138087, 77.7383308 ], [ 18.4013485, 77.7227511 ], [ 18.3719981, 77.7128978 ], [ 18.3369355, 77.7085077 ], [ 18.3150471, 77.7087655 ], [ 18.3080492, 77.709851 ], [ 18.2753834, 77.7026767 ], [ 18.2573059, 77.7003073 ], [ 18.2579317, 77.6986901 ], [ 18.2446829, 77.6978831 ], [ 18.28125, 77.6849889 ], [ 18.3164403, 77.6781343 ], [ 18.3132678, 77.6703424 ], [ 18.2930152, 77.6656156 ], [ 18.2954415, 77.655292 ], [ 18.3482629, 77.6460036 ], [ 18.3545706, 77.6438974 ], [ 18.3545033, 77.6428945 ], [ 18.3512022, 77.6390918 ], [ 18.3281376, 77.6273859 ], [ 18.3176563, 77.616762 ], [ 18.300916, 77.6103714 ], [ 18.2866557, 77.6015174 ], [ 18.2885921, 77.588008 ], [ 18.274178, 77.5631927 ], [ 18.2824054, 77.5462002 ], [ 18.2877709, 77.5448062 ], [ 18.2898796, 77.5400919 ], [ 18.2799599, 77.5327845 ], [ 18.28125, 77.5301338 ], [ 18.2671438, 77.5260426 ], [ 18.2714921, 77.5230625 ], [ 18.263067, 77.5135446 ], [ 18.2452754, 77.5077595 ], [ 18.2443556, 77.5073529 ], [ 18.2327569, 77.4997633 ], [ 18.229691, 77.4995323 ], [ 18.2213203, 77.4996129 ], [ 18.2127588, 77.5013195 ], [ 18.1975517, 77.4992164 ], [ 18.183898, 77.4993482 ], [ 18.1773518, 77.5031025 ], [ 18.1521229, 77.502925 ], [ 18.1214179, 77.5043879 ], [ 18.0860432, 77.5023744 ], [ 18.060473, 77.5049556 ], [ 17.9904232, 77.508025 ], [ 17.9774429, 77.5090737 ], [ 17.9643226, 77.5107245 ], [ 17.9608101, 77.5112497 ], [ 17.9417396, 77.5166717 ], [ 17.9403853, 77.5171672 ], [ 17.9363596, 77.5216274 ], [ 17.891071, 77.5286964 ], [ 17.8949054, 77.5359256 ], [ 17.9012182, 77.5377603 ], [ 17.9108706, 77.5367275 ], [ 17.9119138, 77.5375696 ], [ 17.9062665, 77.5418531 ], [ 17.872961, 77.54879 ], [ 17.8446205, 77.5519218 ], [ 17.8287283, 77.555402 ], [ 17.8246495, 77.555108 ], [ 17.8263229, 77.5562956 ], [ 17.8198934, 77.5560156 ], [ 17.8194046, 77.5582687 ], [ 17.8108398, 77.5600746 ], [ 17.79922, 77.5534263 ], [ 17.7866166, 77.5537763 ], [ 17.7793118, 77.5559022 ], [ 17.7651567, 77.5571038 ], [ 17.7500613, 77.5605567 ], [ 17.7516617, 77.5640244 ], [ 17.7469804, 77.5662223 ], [ 17.7006356, 77.5783845 ], [ 17.6909103, 77.5770335 ], [ 17.6702343, 77.578481 ], [ 17.6613812, 77.5803424 ], [ 17.6176131, 77.5803891 ], [ 17.6095939, 77.5812877 ], [ 17.5902978, 77.5882173 ], [ 17.5754246, 77.5880702 ], [ 17.5875986, 77.579549 ], [ 17.6264642, 77.5703508 ], [ 17.6537439, 77.5668828 ], [ 17.6630909, 77.5594859 ], [ 17.5973676, 77.5563911 ], [ 17.5587054, 77.5559871 ], [ 17.5830857, 77.548968 ], [ 17.5911065, 77.5431429 ], [ 17.6021029, 77.5415796 ], [ 17.6170177, 77.5420831 ], [ 17.6231138, 77.540803 ], [ 17.6121176, 77.5331898 ], [ 17.6231201, 77.5336256 ], [ 17.6255302, 77.5320297 ], [ 17.6166939, 77.5265585 ], [ 17.60467, 77.5237607 ], [ 17.6219171, 77.5235157 ], [ 17.6201533, 77.5226173 ], [ 17.6374093, 77.5212852 ], [ 17.6285692, 77.520991 ], [ 17.632881, 77.520151 ], [ 17.6517032, 77.5221678 ], [ 17.6606625, 77.5188648 ], [ 17.6642526, 77.5110373 ], [ 17.6500111, 77.5031714 ], [ 17.6696419, 77.4996544 ], [ 17.6669921, 77.4985865 ], [ 17.6494833, 77.4985586 ], [ 17.6471161, 77.4953914 ], [ 17.6544204, 77.4942682 ], [ 17.6585084, 77.4911857 ], [ 17.6765445, 77.4854171 ], [ 17.6847575, 77.4757955 ], [ 17.6852551, 77.4661022 ], [ 17.6779894, 77.4636595 ], [ 17.682267, 77.4613132 ], [ 17.676187, 77.4594595 ], [ 17.6628311, 77.4614955 ], [ 17.6511619, 77.4613518 ], [ 17.6520071, 77.4640368 ], [ 17.6601171, 77.466385 ], [ 17.6437963, 77.4639072 ], [ 17.6323701, 77.4642987 ], [ 17.6194481, 77.4613096 ], [ 17.6484385, 77.4614691 ], [ 17.6176497, 77.4585061 ], [ 17.5901308, 77.4523205 ], [ 17.5994281, 77.4286271 ], [ 17.5977265, 77.4260517 ], [ 17.5926685, 77.4252681 ], [ 17.5976901, 77.4242632 ], [ 17.5991083, 77.4214531 ], [ 17.5685316, 77.419981 ], [ 17.5453131, 77.4170234 ], [ 17.498847, 77.4081659 ], [ 17.4517893, 77.4059343 ], [ 17.4449, 77.404604 ], [ 17.4431285, 77.3994541 ], [ 17.4559186, 77.3971796 ], [ 17.4661442, 77.3905706 ], [ 17.4687006, 77.389841 ], [ 17.4879719, 77.3869228 ], [ 17.5033102, 77.3823308 ], [ 17.5223848, 77.3813438 ], [ 17.5414594, 77.3814725 ], [ 17.5434259, 77.3819017 ], [ 17.5367399, 77.3856782 ], [ 17.5367399, 77.3872662 ], [ 17.5377477, 77.3877006 ], [ 17.5431801, 77.3872125 ], [ 17.5503814, 77.3810811 ], [ 17.5696344, 77.3731695 ], [ 17.5700885, 77.372763 ], [ 17.5675296, 77.3662874 ], [ 17.5587513, 77.3620322 ], [ 17.5550836, 77.3606778 ], [ 17.5285236, 77.354439 ], [ 17.51177, 77.3469611 ], [ 17.4991508, 77.34375 ], [ 17.4977678, 77.34375 ], [ 17.4757822, 77.3374141 ], [ 17.4579709, 77.3265333 ], [ 17.4566839, 77.322322 ], [ 17.4566638, 77.3216608 ], [ 17.4599015, 77.3184009 ], [ 17.4611098, 77.3178166 ], [ 17.4684627, 77.3160989 ], [ 17.4688452, 77.3134776 ], [ 17.4314904, 77.3033231 ], [ 17.4460471, 77.3081127 ], [ 17.4078807, 77.304558 ], [ 17.39794, 77.3012675 ], [ 17.4122059, 77.2993903 ], [ 17.4082469, 77.2981977 ], [ 17.4115707, 77.2977762 ], [ 17.3611946, 77.2883939 ], [ 17.3412365, 77.2815603 ], [ 17.3480705, 77.2762979 ], [ 17.3427913, 77.2736477 ], [ 17.3084065, 77.267822 ], [ 17.3042974, 77.2663575 ], [ 17.3033493, 77.2652417 ], [ 17.3030334, 77.2638469 ], [ 17.3265973, 77.2521027 ], [ 17.3538259, 77.2422806 ], [ 17.3888894, 77.2443476 ], [ 17.4065846, 77.2442315 ], [ 17.4173903, 77.243118 ], [ 17.4312897, 77.2375125 ], [ 17.4273242, 77.2313221 ], [ 17.3971863, 77.2211216 ], [ 17.3738827, 77.2145947 ], [ 17.3571503, 77.2115117 ], [ 17.3461564, 77.212994 ], [ 17.3401716, 77.2099785 ], [ 17.3441929, 77.2058365 ], [ 17.3589917, 77.2009571 ], [ 17.3891155, 77.1986479 ], [ 17.4028494, 77.1918818 ], [ 17.4127789, 77.1895158 ], [ 17.4152079, 77.1811993 ], [ 17.3984458, 77.1713099 ], [ 17.3881537, 77.1674669 ], [ 17.3599104, 77.1621342 ], [ 17.323161, 77.157952 ], [ 17.307839, 77.1548495 ], [ 17.2879728, 77.1549224 ], [ 17.2786871, 77.1538013 ], [ 17.2810642, 77.1453738 ], [ 17.3026334, 77.1423537 ], [ 17.3307216, 77.1417634 ], [ 17.3413209, 77.1403472 ], [ 17.3529803, 77.1373379 ], [ 17.3645099, 77.130744 ], [ 17.3524305, 77.1148158 ], [ 17.3217024, 77.0969436 ], [ 17.3059402, 77.0837581 ], [ 17.3075238, 77.0816928 ], [ 17.3157123, 77.0833704 ], [ 17.3230963, 77.0817518 ], [ 17.3212126, 77.0713925 ], [ 17.3192348, 77.069892 ], [ 17.2814286, 77.0518435 ], [ 17.2507228, 77.0478965 ], [ 17.2426782, 77.04848 ], [ 17.2520189, 77.0505157 ], [ 17.2340878, 77.0536129 ], [ 17.1542985, 77.0616223 ], [ 17.1281372, 77.0627495 ], [ 17.0748651, 77.0617611 ], [ 17.0647773, 77.0628957 ], [ 17.0410221, 77.0591983 ], [ 17.0403734, 77.0574887 ], [ 17.0103936, 77.0496155 ], [ 17.0101686, 77.0450613 ], [ 17.0156505, 77.0431119 ], [ 17.0206493, 77.043462 ], [ 17.0188575, 77.0408939 ], [ 17.0341705, 77.0400167 ], [ 17.0435699, 77.037659 ], [ 17.0602229, 77.0368243 ], [ 17.0640975, 77.0348418 ], [ 17.0702583, 77.0354993 ], [ 17.0702885, 77.0381339 ], [ 17.0852247, 77.0395455 ], [ 17.1189156, 77.0387176 ], [ 17.1385105, 77.0326719 ], [ 17.1590019, 77.030785 ], [ 17.204901, 77.0093499 ], [ 17.2348692, 77.0008647 ], [ 17.2618949, 76.990895 ], [ 17.2747349, 76.9881417 ], [ 17.288186, 76.9769088 ], [ 17.2916811, 76.9680117 ], [ 17.2783024, 76.9497823 ], [ 17.2682377, 76.9435642 ], [ 17.2604764, 76.9435225 ], [ 17.2711893, 76.9422818 ], [ 17.273367, 76.9404407 ], [ 17.2729684, 76.9400744 ], [ 17.2543606, 76.9377969 ], [ 17.2432959, 76.9396892 ], [ 17.2254068, 76.939697 ], [ 17.2016578, 76.9320893 ], [ 17.1889426, 76.9270138 ], [ 17.1789581, 76.9195491 ], [ 17.1543945, 76.9104731 ], [ 17.1241235, 76.8958642 ], [ 17.1109533, 76.8857439 ], [ 17.0862488, 76.8759574 ], [ 17.0764214, 76.8664634 ], [ 17.0459183, 76.8626159 ], [ 17.040291, 76.8603489 ], [ 16.9984823, 76.8559839 ], [ 16.9592164, 76.8556432 ], [ 16.9186722, 76.849826 ], [ 16.9050343, 76.8453186 ], [ 16.8822528, 76.8440335 ], [ 16.87843, 76.8420922 ], [ 16.875, 76.8420759 ], [ 16.849444, 76.8468233 ], [ 16.8419923, 76.8471199 ], [ 16.828153, 76.8441908 ], [ 16.8308891, 76.8403958 ], [ 16.8245033, 76.8395483 ], [ 16.8181672, 76.8360054 ], [ 16.7815908, 76.8327912 ], [ 16.7808419, 76.8325386 ], [ 16.7856541, 76.8245909 ], [ 16.7775142, 76.8204391 ], [ 16.7805325, 76.8179054 ], [ 16.7669324, 76.8098407 ], [ 16.7642196, 76.8041623 ], [ 16.7642215, 76.8032635 ], [ 16.766626, 76.800212 ], [ 16.7826772, 76.7984972 ], [ 16.7866917, 76.7948198 ], [ 16.7965275, 76.7915533 ], [ 16.829163, 76.7644249 ], [ 16.8441226, 76.7616597 ], [ 16.8546817, 76.7602837 ], [ 16.8581948, 76.7602193 ], [ 16.8632537, 76.7614424 ], [ 16.8653569, 76.7594472 ], [ 16.8661687, 76.7592468 ], [ 16.875, 76.7583705 ], [ 16.8880732, 76.7580329 ], [ 16.8996542, 76.7592372 ], [ 16.9036182, 76.7611492 ], [ 16.913188, 76.7623813 ], [ 16.9236382, 76.7683665 ], [ 16.931511, 76.7677402 ], [ 16.9366403, 76.7644141 ], [ 16.9536116, 76.7623758 ], [ 16.9583895, 76.762408 ], [ 16.9755411, 76.7629027 ], [ 17.0129158, 76.7659807 ], [ 17.0160764, 76.767943 ], [ 17.0113046, 76.768796 ], [ 17.0103132, 76.7689352 ], [ 16.9944053, 76.7688838 ], [ 16.9925673, 76.7678854 ], [ 16.9862111, 76.7682015 ], [ 16.9841028, 76.7685235 ], [ 16.9848057, 76.7703902 ], [ 16.991518, 76.7706162 ], [ 17.0179337, 76.7692229 ], [ 17.0668874, 76.7602193 ], [ 17.0685737, 76.759672 ], [ 17.0819811, 76.7540839 ], [ 17.1097978, 76.7373574 ], [ 17.1278538, 76.7337061 ], [ 17.1478425, 76.7263023 ], [ 17.1491029, 76.7255841 ], [ 17.1514481, 76.7213271 ], [ 17.1484731, 76.7205878 ], [ 17.1546612, 76.7172205 ], [ 17.1529231, 76.7071894 ], [ 17.1476432, 76.7018704 ], [ 17.1334459, 76.6950409 ], [ 17.1116, 76.6887823 ], [ 17.0808196, 76.6832902 ], [ 17.0630732, 76.674596 ], [ 17.06257, 76.6741825 ], [ 17.055795, 76.6639248 ], [ 17.0658826, 76.648019 ], [ 17.062488, 76.640029 ], [ 17.0332415, 76.6332676 ], [ 17.0042661, 76.630542 ], [ 16.9749665, 76.6230232 ], [ 16.9728082, 76.622025 ], [ 16.9683346, 76.6189948 ], [ 16.9785552, 76.6063255 ], [ 16.9770271, 76.6013374 ], [ 16.9649423, 76.603582 ], [ 16.95058, 76.6042795 ], [ 16.9241285, 76.6028221 ], [ 16.9033291, 76.5975406 ], [ 16.9024684, 76.5932177 ], [ 16.8953732, 76.5916727 ], [ 16.8864747, 76.5862941 ], [ 16.8751025, 76.5863214 ], [ 16.875, 76.5862164 ], [ 16.85254, 76.5826263 ], [ 16.8364803, 76.5795096 ], [ 16.8234518, 76.574873 ], [ 16.8083868, 76.5746804 ], [ 16.770501, 76.5664181 ], [ 16.7263976, 76.565261 ], [ 16.6874278, 76.5600479 ], [ 16.6702374, 76.5600603 ], [ 16.6607918, 76.5622056 ], [ 16.635167, 76.5642257 ], [ 16.5864462, 76.5656981 ], [ 16.5488777, 76.5743335 ], [ 16.5365151, 76.57937 ], [ 16.5347478, 76.5841349 ], [ 16.5376818, 76.5845255 ], [ 16.5402811, 76.5831242 ], [ 16.5441849, 76.5835968 ], [ 16.5518872, 76.5874724 ], [ 16.5444154, 76.5906254 ], [ 16.5431138, 76.600032 ], [ 16.5353044, 76.6010135 ], [ 16.544661, 76.6035593 ], [ 16.5391426, 76.6060807 ], [ 16.5461273, 76.6046344 ], [ 16.5465556, 76.60671 ], [ 16.5516399, 76.6072986 ], [ 16.5433033, 76.6074922 ], [ 16.5387599, 76.6102585 ], [ 16.521629, 76.6122401 ], [ 16.4616657, 76.6069474 ], [ 16.437143, 76.5985935 ], [ 16.4167567, 76.5967844 ], [ 16.3688666, 76.5888823 ], [ 16.3585149, 76.5856264 ], [ 16.3569427, 76.5833637 ], [ 16.3624116, 76.57648 ], [ 16.3588085, 76.5709358 ], [ 16.3615113, 76.5651476 ], [ 16.3582079, 76.5643107 ], [ 16.3201185, 76.5611755 ], [ 16.320069, 76.5611726 ], [ 16.3178021, 76.5613605 ], [ 16.308357, 76.5655659 ], [ 16.3047533, 76.5661936 ], [ 16.2969453, 76.5666121 ], [ 16.2918401, 76.5664726 ], [ 16.2801281, 76.5636832 ], [ 16.2747226, 76.5633343 ], [ 16.2723202, 76.5637528 ], [ 16.2552027, 76.5702384 ], [ 16.2549022, 76.5710753 ], [ 16.2576051, 76.5716332 ], [ 16.2759238, 76.5716332 ], [ 16.2876358, 76.5756779 ], [ 16.2885367, 76.5769331 ], [ 16.2825305, 76.5802805 ], [ 16.2627103, 76.5850228 ], [ 16.2576051, 76.5876728 ], [ 16.2762241, 76.5885794 ], [ 16.3039331, 76.5967096 ], [ 16.3116188, 76.6010264 ], [ 16.312553, 76.6069732 ], [ 16.3021261, 76.6155344 ], [ 16.3151444, 76.623394 ], [ 16.3244526, 76.6393811 ], [ 16.3203076, 76.6592062 ], [ 16.3063961, 76.6643093 ], [ 16.2847822, 76.665748 ], [ 16.2734783, 76.6688915 ], [ 16.2868927, 76.6700596 ], [ 16.3016036, 76.6736377 ], [ 16.3341703, 76.6769748 ], [ 16.370616, 76.6776036 ], [ 16.4176133, 76.6805024 ], [ 16.4204808, 76.6912285 ], [ 16.413641, 76.7041996 ], [ 16.3882633, 76.7083683 ], [ 16.3472131, 76.7080272 ], [ 16.3295898, 76.7104535 ], [ 16.2804811, 76.7123064 ], [ 16.26774, 76.7116894 ], [ 16.2384114, 76.7128555 ], [ 16.2291439, 76.7117847 ], [ 16.2221076, 76.7134186 ], [ 16.1556724, 76.7198784 ], [ 16.1512085, 76.7247016 ], [ 16.1214445, 76.7300183 ], [ 16.1167893, 76.7329077 ], [ 16.1161587, 76.7309875 ], [ 16.1117198, 76.7310475 ], [ 16.0637321, 76.7355531 ], [ 16.0376875, 76.7393574 ], [ 15.9668537, 76.7575139 ], [ 15.9430923, 76.7629933 ], [ 15.9262499, 76.765311 ], [ 15.9259868, 76.7723045 ], [ 15.8733437, 76.7853107 ], [ 15.8466969, 76.7947574 ], [ 15.8171498, 76.7997167 ], [ 15.782077, 76.8013511 ], [ 15.755869, 76.808369 ], [ 15.7287807, 76.8321396 ], [ 15.7177942, 76.8338416 ], [ 15.6990573, 76.8403797 ], [ 15.6899284, 76.8411428 ], [ 15.6853225, 76.8396238 ], [ 15.6776543, 76.839568 ], [ 15.667392, 76.8408107 ], [ 15.6767529, 76.8449847 ], [ 15.6708831, 76.8476272 ], [ 15.658917, 76.8497189 ], [ 15.649127, 76.8488507 ], [ 15.6391364, 76.8497829 ], [ 15.6321433, 76.8480716 ], [ 15.6184473, 76.8477871 ], [ 15.641655, 76.8528134 ], [ 15.6354774, 76.8582344 ], [ 15.6023355, 76.8637322 ], [ 15.5781488, 76.864257 ], [ 15.5700947, 76.8627324 ], [ 15.5671526, 76.8641917 ], [ 15.5475701, 76.8646618 ], [ 15.5215793, 76.8674153 ], [ 15.5192738, 76.8709292 ], [ 15.5241342, 76.8733754 ], [ 15.5120755, 76.8764333 ], [ 15.4939007, 76.8736804 ], [ 15.4933326, 76.8740386 ], [ 15.4970481, 76.876227 ], [ 15.5137933, 76.8784425 ], [ 15.5077577, 76.8835229 ], [ 15.5131462, 76.8866702 ], [ 15.4993796, 76.8908426 ], [ 15.5200228, 76.8947312 ], [ 15.5397784, 76.9066048 ], [ 15.5567386, 76.9089745 ], [ 15.5698407, 76.9126178 ], [ 15.5864636, 76.9145004 ], [ 15.6054021, 76.915341 ], [ 15.626844, 76.918873 ], [ 15.6392921, 76.9191155 ], [ 15.6494679, 76.9206396 ], [ 15.6545484, 76.9200319 ], [ 15.6700814, 76.9211069 ], [ 15.67937, 76.9201394 ], [ 15.6917725, 76.9213378 ], [ 15.7038403, 76.9252923 ], [ 15.7202842, 76.926645 ], [ 15.7213995, 76.9270011 ], [ 15.7289479, 76.933884 ], [ 15.7445009, 76.9336349 ], [ 15.7645869, 76.9363306 ], [ 15.766453, 76.9367532 ], [ 15.7624207, 76.9493914 ], [ 15.775792, 76.9467169 ], [ 15.7906599, 76.9483634 ], [ 15.7965809, 76.9440398 ], [ 15.8207904, 76.9400594 ], [ 15.8728832, 76.9389755 ], [ 15.8877032, 76.9406582 ], [ 15.9121677, 76.9458371 ], [ 15.9190609, 76.9496543 ], [ 15.9172598, 76.95147 ], [ 15.9284062, 76.955676 ], [ 15.9230287, 76.9580148 ], [ 15.9357187, 76.9595081 ], [ 15.9391139, 76.9611917 ], [ 15.9836415, 76.9654421 ], [ 15.9861767, 76.9667965 ], [ 15.9962218, 76.9664238 ], [ 16.0208373, 76.9689831 ], [ 16.0284663, 76.9709738 ], [ 16.0404022, 76.9648185 ], [ 16.0610011, 76.9640462 ], [ 16.0782996, 76.9661171 ], [ 16.0761902, 76.9704807 ], [ 16.0729781, 76.9700261 ], [ 16.0719368, 76.9709713 ], [ 16.0780655, 76.9734886 ], [ 16.0746444, 76.9745688 ], [ 16.0821861, 76.9766709 ], [ 16.1013629, 76.9735212 ], [ 16.1107501, 76.9745337 ], [ 16.1316963, 76.9721566 ], [ 16.1392728, 76.9728492 ], [ 16.1440564, 76.9720321 ], [ 16.1483192, 76.9670379 ], [ 16.1383669, 76.9615834 ], [ 16.1568195, 76.9633718 ], [ 16.1627892, 76.9712318 ], [ 16.171875, 76.971819 ], [ 16.1927447, 76.9690086 ], [ 16.1944755, 76.9657778 ], [ 16.2015405, 76.9653155 ], [ 16.2004956, 76.961665 ], [ 16.2190768, 76.9507782 ], [ 16.2266287, 76.9430088 ], [ 16.221209, 76.9384584 ], [ 16.2141443, 76.9372901 ], [ 16.2142028, 76.9345644 ], [ 16.2294329, 76.9319986 ], [ 16.2487252, 76.9331735 ], [ 16.2593538, 76.9304492 ], [ 16.2557911, 76.9230916 ], [ 16.26876, 76.9188505 ], [ 16.3081346, 76.9187546 ], [ 16.3191665, 76.9177514 ], [ 16.3619899, 76.9182776 ], [ 16.3616468, 76.9221658 ], [ 16.353488, 76.927492 ], [ 16.3255246, 76.9370799 ], [ 16.2837502, 76.9598585 ], [ 16.2716652, 76.9633278 ], [ 16.2698187, 76.9683574 ], [ 16.2813882, 76.9715976 ], [ 16.2786899, 76.9744966 ], [ 16.289826, 76.9731895 ], [ 16.3103966, 76.9735749 ], [ 16.302967, 76.9764822 ], [ 16.3068602, 76.9766724 ], [ 16.3185372, 76.9724494 ], [ 16.3339943, 76.9730591 ], [ 16.3383183, 76.9688911 ], [ 16.3632438, 76.9653723 ], [ 16.3792388, 76.9702452 ], [ 16.3728384, 76.9741467 ], [ 16.3817596, 76.9804313 ], [ 16.4064085, 76.9797204 ], [ 16.4403135, 76.9818395 ], [ 16.4844079, 76.9814399 ], [ 16.5027658, 76.9806483 ], [ 16.5228068, 76.9774872 ], [ 16.5306369, 76.9741384 ], [ 16.538869, 76.9739465 ], [ 16.6065989, 76.9799536 ], [ 16.5986881, 76.9836175 ], [ 16.6088911, 76.984956 ], [ 16.6643413, 76.9862651 ], [ 16.678266, 76.9924941 ], [ 16.6800286, 76.99576 ], [ 16.6737649, 76.9988583 ], [ 16.6446987, 77.0008295 ], [ 16.5808532, 77.0019158 ], [ 16.5639988, 77.0030903 ], [ 16.5605385, 77.0050147 ], [ 16.5439276, 77.0065675 ], [ 16.6013945, 77.0173736 ], [ 16.6652194, 77.036009 ], [ 16.636234, 77.0425878 ], [ 16.6316561, 77.0483272 ], [ 16.6267712, 77.0508066 ], [ 16.6166676, 77.0519962 ], [ 16.6129947, 77.0566635 ], [ 16.603314, 77.0606579 ], [ 16.5949981, 77.0624794 ], [ 16.5741889, 77.0620241 ], [ 16.5303345, 77.0565255 ], [ 16.5183212, 77.0533208 ], [ 16.4992634, 77.0522414 ], [ 16.4890339, 77.0551183 ], [ 16.4767032, 77.0640383 ], [ 16.4564331, 77.0710979 ], [ 16.4303247, 77.0734335 ], [ 16.4083811, 77.0703366 ], [ 16.3931792, 77.07019 ], [ 16.3743535, 77.0724195 ], [ 16.3740538, 77.0709836 ], [ 16.3679023, 77.0706894 ], [ 16.3724436, 77.0664612 ], [ 16.3693798, 77.0639216 ], [ 16.3576719, 77.0626833 ], [ 16.3564286, 77.0594304 ], [ 16.340638, 77.0568357 ], [ 16.3585886, 77.0424885 ], [ 16.3427995, 77.0402516 ], [ 16.3350316, 77.0421799 ], [ 16.3308423, 77.0408055 ], [ 16.3347321, 77.0387878 ], [ 16.3260031, 77.0426663 ], [ 16.3165522, 77.042554 ], [ 16.3240864, 77.0372014 ], [ 16.3160104, 77.0325148 ], [ 16.3187555, 77.0309408 ], [ 16.2739094, 77.0431128 ], [ 16.2561368, 77.0415642 ], [ 16.2720428, 77.0287683 ], [ 16.2875031, 77.0258405 ], [ 16.2913227, 77.0215709 ], [ 16.2853546, 77.0215542 ], [ 16.2798424, 77.0245615 ], [ 16.2747566, 77.0247715 ], [ 16.2692914, 77.0233917 ], [ 16.2764627, 77.0187972 ], [ 16.2859004, 77.0163295 ], [ 16.2854387, 77.0134104 ], [ 16.2659837, 77.0210479 ], [ 16.2574079, 77.0211217 ], [ 16.2491608, 77.0186077 ], [ 16.2548139, 77.0135084 ], [ 16.2561603, 77.0040404 ], [ 16.2644717, 77.0012147 ], [ 16.2587276, 76.9914919 ], [ 16.253817, 76.989969 ], [ 16.246209, 76.9916791 ], [ 16.2389838, 76.9917426 ], [ 16.2323374, 76.9959508 ], [ 16.2235609, 76.9960864 ], [ 16.2123017, 77.0004289 ], [ 16.21613, 77.0050524 ], [ 16.2066602, 77.0145226 ], [ 16.1930648, 77.0216578 ], [ 16.1333121, 77.0241987 ], [ 16.0809191, 77.020974 ], [ 16.0679384, 77.0240362 ], [ 16.0611771, 77.0238163 ], [ 16.0648688, 77.0282614 ], [ 16.054884, 77.0325289 ], [ 16.0482879, 77.0386949 ], [ 16.0433106, 77.0542328 ], [ 16.0434906, 77.0642778 ], [ 16.0524685, 77.0652846 ], [ 16.0600327, 77.0695142 ], [ 16.0490947, 77.0721637 ], [ 16.0495387, 77.0701843 ], [ 16.0435146, 77.0717955 ], [ 16.0256737, 77.0721347 ], [ 16.0222698, 77.0749896 ], [ 16.0400482, 77.0773644 ], [ 16.0352736, 77.080339 ], [ 16.0416462, 77.0812733 ], [ 16.0385361, 77.0827248 ], [ 16.0143011, 77.083455 ], [ 16.0085096, 77.0872402 ], [ 15.9985065, 77.0902882 ], [ 15.9884847, 77.0924323 ], [ 15.9846535, 77.0924675 ], [ 15.9795604, 77.0920699 ], [ 15.9578099, 77.0870878 ], [ 15.9427663, 77.0854865 ], [ 15.9611796, 77.0802383 ], [ 15.9585003, 77.0757601 ], [ 15.9513103, 77.0726835 ], [ 15.945196, 77.0527979 ], [ 15.9406745, 77.0519396 ], [ 15.9108009, 77.0547252 ], [ 15.9030052, 77.0565381 ], [ 15.8793374, 77.066272 ], [ 15.8482853, 77.083958 ], [ 15.8366398, 77.0839995 ], [ 15.8209736, 77.0793395 ], [ 15.7946513, 77.0777889 ], [ 15.7887126, 77.0764678 ], [ 15.8038691, 77.0655018 ], [ 15.8227932, 77.0579292 ], [ 15.8426594, 77.0446846 ], [ 15.91005, 77.0273823 ], [ 15.8959703, 77.0177404 ], [ 15.888279, 77.0175058 ], [ 15.8798513, 77.0146093 ], [ 15.8727132, 77.0168071 ], [ 15.842373, 77.0167818 ], [ 15.8369495, 77.0182186 ], [ 15.8162844, 77.0197099 ], [ 15.8021091, 77.0182478 ], [ 15.7801015, 77.0186361 ], [ 15.7694184, 77.0173982 ], [ 15.758198, 77.0134276 ], [ 15.7336483, 77.0116895 ], [ 15.7004927, 77.0004467 ], [ 15.6910934, 76.9994825 ], [ 15.6770856, 77.0013602 ], [ 15.6640815, 76.9992146 ], [ 15.6559079, 77.0006731 ], [ 15.6693978, 77.0030649 ], [ 15.662889, 77.0086379 ], [ 15.6647778, 77.0115395 ], [ 15.6386046, 77.0160162 ], [ 15.6120653, 77.016723 ], [ 15.5986496, 77.0146455 ], [ 15.6074973, 77.0137944 ], [ 15.6093206, 77.0059373 ], [ 15.6042097, 77.0054283 ], [ 15.5961374, 77.0086344 ], [ 15.5846083, 77.0086176 ], [ 15.5724149, 77.0053867 ], [ 15.5644695, 77.0054147 ], [ 15.5665118, 77.0046651 ], [ 15.5583622, 77.003601 ], [ 15.5524944, 77.0004236 ], [ 15.557849, 76.9964067 ], [ 15.5540386, 76.9954513 ], [ 15.5365998, 76.9992222 ], [ 15.5031999, 76.9981426 ], [ 15.4886354, 77.000827 ], [ 15.4804778, 77.0010428 ], [ 15.4735397, 76.9986311 ], [ 15.46875, 76.9986048 ], [ 15.4484496, 77.0018992 ], [ 15.4200799, 76.9995849 ], [ 15.4150923, 76.997936 ], [ 15.4028338, 76.9979503 ], [ 15.4005202, 76.9981596 ], [ 15.3930978, 77.0003334 ], [ 15.3661143, 77.0024034 ], [ 15.3408974, 77.0072404 ], [ 15.322849, 77.0070947 ], [ 15.3078948, 77.010519 ], [ 15.2845249, 77.0104963 ], [ 15.2681738, 77.0142959 ], [ 15.2245042, 77.0183548 ], [ 15.2200487, 77.0217046 ], [ 15.2103308, 77.02321 ], [ 15.1997057, 77.0239073 ], [ 15.1896862, 77.0228995 ], [ 15.1662964, 77.0319299 ], [ 15.1572337, 77.0335751 ], [ 15.1494095, 77.0332934 ], [ 15.1524734, 77.0348763 ], [ 15.1479331, 77.0364717 ], [ 15.1558383, 77.0383627 ], [ 15.1586642, 77.0448213 ], [ 15.1383761, 77.047282 ], [ 15.1395972, 77.0486994 ], [ 15.1480054, 77.0499068 ], [ 15.1475538, 77.0520678 ], [ 15.1287996, 77.0567487 ], [ 15.1086456, 77.0636439 ], [ 15.1087863, 77.0644513 ], [ 15.1196957, 77.0666648 ], [ 15.1212066, 77.0668479 ], [ 15.1455569, 77.0687861 ], [ 15.1620194, 77.0734757 ], [ 15.146053, 77.0743042 ], [ 15.140419, 77.0781955 ], [ 15.1491984, 77.0801423 ], [ 15.1433744, 77.0816338 ], [ 15.1119761, 77.0867444 ], [ 15.0858291, 77.0891141 ], [ 15.0847926, 77.091224 ], [ 15.0711064, 77.0890473 ], [ 15.0746922, 77.0950962 ], [ 15.0692617, 77.0992876 ], [ 15.0623173, 77.1023962 ], [ 15.051697, 77.102442 ], [ 15.040032, 77.1051068 ], [ 15.0528709, 77.1055231 ], [ 15.0539207, 77.1065346 ], [ 15.0303916, 77.1100022 ], [ 15.0397466, 77.1116877 ], [ 15.0348604, 77.1121165 ], [ 15.0368016, 77.1132653 ], [ 15.0507978, 77.11514 ], [ 15.0734196, 77.1240073 ], [ 15.07739, 77.1291562 ], [ 15.0316256, 77.133679 ], [ 15.0031002, 77.1394793 ], [ 14.9770597, 77.1422696 ], [ 14.9285591, 77.1446429 ], [ 14.9093298, 77.1508187 ], [ 14.8780981, 77.1504431 ], [ 14.8370698, 77.1517574 ], [ 14.7938755, 77.172712 ], [ 14.7554867, 77.1795052 ], [ 14.719604, 77.1836574 ], [ 14.6281388, 77.1872209 ], [ 14.5593874, 77.1850183 ], [ 14.5345606, 77.1852973 ], [ 14.4838738, 77.189916 ], [ 14.5072324, 77.1806743 ], [ 14.5060081, 77.1786118 ], [ 14.4876868, 77.1733379 ], [ 14.4577758, 77.1705225 ], [ 14.4568064, 77.1706408 ], [ 14.4550703, 77.1717747 ], [ 14.4667327, 77.1728923 ], [ 14.4722275, 77.1759517 ], [ 14.4728022, 77.1775112 ], [ 14.4713963, 77.1792994 ], [ 14.47013, 77.1798487 ], [ 14.4606024, 77.1813148 ], [ 14.4567859, 77.1844511 ], [ 14.4406058, 77.1875541 ], [ 14.4337494, 77.1885356 ], [ 14.3978196, 77.191031 ], [ 14.3779718, 77.2001528 ], [ 14.3812739, 77.1982645 ], [ 14.365459, 77.1991951 ], [ 14.3711476, 77.2040803 ], [ 14.3560005, 77.2096848 ], [ 14.3453319, 77.2178494 ], [ 14.3610953, 77.2286458 ], [ 14.3380998, 77.235212 ], [ 14.3069047, 77.23941 ], [ 14.3062129, 77.2396888 ], [ 14.2925088, 77.2528147 ], [ 14.2913409, 77.2555395 ], [ 14.2918673, 77.2560126 ], [ 14.3183318, 77.2672632 ], [ 14.3220782, 77.2731186 ], [ 14.317661, 77.2770284 ], [ 14.2552627, 77.288747 ], [ 14.2263532, 77.2884749 ], [ 14.1936609, 77.2844495 ], [ 14.1924185, 77.2845156 ], [ 14.1787575, 77.2858146 ], [ 14.1775895, 77.2861034 ], [ 14.1796948, 77.2875775 ], [ 14.1809149, 77.2878468 ], [ 14.1883807, 77.2883604 ], [ 14.1876721, 77.2915498 ], [ 14.1605684, 77.2956387 ], [ 14.1565433, 77.2988626 ], [ 14.1338034, 77.300631 ], [ 14.1468682, 77.3042471 ], [ 14.1550705, 77.3107454 ], [ 14.1518809, 77.3142377 ], [ 14.1576653, 77.3169596 ], [ 14.1515135, 77.3252547 ], [ 14.1602693, 77.3254873 ], [ 14.1638697, 77.3283181 ], [ 14.1491349, 77.34375 ], [ 14.1489348, 77.34375 ], [ 14.1455022, 77.3487952 ], [ 14.1416695, 77.3503606 ], [ 14.0905948, 77.3631558 ], [ 14.0891145, 77.3691709 ], [ 14.070797, 77.3880587 ], [ 14.053386, 77.3929673 ], [ 14.0363529, 77.3953022 ], [ 14.0298864, 77.3951728 ], [ 14.0154126, 77.4010044 ], [ 14.0056602, 77.4019891 ], [ 13.9925122, 77.4016658 ], [ 13.99476, 77.4065104 ], [ 13.9911093, 77.4096642 ], [ 13.9414176, 77.4197387 ], [ 13.9502332, 77.4231393 ], [ 13.9494625, 77.4290423 ], [ 13.955808, 77.4336631 ], [ 13.9748641, 77.4399087 ], [ 13.9757466, 77.444585 ], [ 13.9672974, 77.4496346 ], [ 13.9709048, 77.4515699 ], [ 14.0132585, 77.4511859 ], [ 14.0513024, 77.4462221 ], [ 14.063152, 77.4471608 ], [ 14.0664017, 77.4506605 ], [ 14.0731678, 77.4518389 ], [ 14.054992, 77.4622015 ], [ 14.0547225, 77.4677528 ], [ 14.0361418, 77.4792168 ], [ 13.9637823, 77.4840664 ], [ 13.9423223, 77.4840242 ], [ 13.9205025, 77.4897062 ], [ 13.87319, 77.4883543 ], [ 13.8602308, 77.4898046 ], [ 13.8657271, 77.4938198 ], [ 13.8852277, 77.4997318 ], [ 13.8942267, 77.5074528 ], [ 13.8924705, 77.5152549 ], [ 13.9192041, 77.5136424 ], [ 13.9250169, 77.5155413 ], [ 13.9256089, 77.5199507 ], [ 13.9028593, 77.53061 ], [ 13.90286, 77.5310349 ], [ 13.9092115, 77.5347598 ], [ 13.9309419, 77.540275 ], [ 13.9551486, 77.5419774 ], [ 13.9592719, 77.5426106 ], [ 14.0053082, 77.5519109 ], [ 14.0129622, 77.5511256 ], [ 14.0129228, 77.5527182 ], [ 14.0940971, 77.5624419 ], [ 14.1012977, 77.5630223 ], [ 14.122313, 77.5645375 ], [ 14.1453713, 77.5648497 ], [ 14.1689945, 77.5685931 ], [ 14.2055541, 77.5710165 ], [ 14.2355206, 77.5762486 ], [ 14.2882595, 77.5783416 ], [ 14.3171827, 77.5773484 ], [ 14.3189969, 77.5774052 ], [ 14.3265597, 77.5791876 ], [ 14.3696551, 77.5768483 ], [ 14.4001704, 77.571718 ], [ 14.418593, 77.569549 ], [ 14.4237499, 77.5693558 ], [ 14.4800584, 77.5723536 ], [ 14.4821194, 77.5720305 ], [ 14.4990159, 77.5669196 ], [ 14.5142282, 77.5599085 ], [ 14.5252215, 77.5564135 ], [ 14.5556312, 77.5487159 ], [ 14.5615, 77.5461633 ], [ 14.5680494, 77.5393137 ], [ 14.5655695, 77.5339589 ], [ 14.5619102, 77.5326149 ], [ 14.5239069, 77.5275675 ], [ 14.5218467, 77.5265933 ], [ 14.5222548, 77.525489 ], [ 14.5365582, 77.5210217 ], [ 14.561166, 77.5216341 ], [ 14.5617617, 77.5199174 ], [ 14.5702986, 77.5212477 ], [ 14.5798279, 77.5207757 ], [ 14.5796294, 77.5202608 ], [ 14.5701, 77.5173424 ], [ 14.5693783, 77.5119891 ], [ 14.5677505, 77.511282 ], [ 14.533053, 77.505205 ], [ 14.5256892, 77.5020707 ], [ 14.5110055, 77.5006582 ], [ 14.495007, 77.4960994 ], [ 14.493227, 77.4952461 ], [ 14.4932407, 77.4944319 ], [ 14.498597, 77.4923844 ], [ 14.5071759, 77.490706 ], [ 14.5088577, 77.490449 ], [ 14.5370213, 77.4883106 ], [ 14.5682333, 77.4879509 ], [ 14.5768989, 77.4885141 ], [ 14.5810585, 77.4890398 ], [ 14.5853878, 77.4929827 ], [ 14.5878146, 77.4933583 ], [ 14.6051497, 77.4932456 ], [ 14.6108702, 77.493546 ], [ 14.6158974, 77.4946725 ], [ 14.6457239, 77.4896407 ], [ 14.6647869, 77.4899034 ], [ 14.6980829, 77.4883525 ], [ 14.7283822, 77.4889899 ], [ 14.7309217, 77.4913189 ], [ 14.7576758, 77.4965125 ], [ 14.7703704, 77.5010414 ], [ 14.7697428, 77.5112929 ], [ 14.7604644, 77.5195313 ], [ 14.7517381, 77.522893 ], [ 14.7529385, 77.526041 ], [ 14.7691361, 77.5322042 ], [ 14.7607604, 77.5404613 ], [ 14.7649631, 77.54357 ], [ 14.7834787, 77.5471112 ], [ 14.7932118, 77.5448622 ], [ 14.8254688, 77.5421745 ], [ 14.8403476, 77.5439931 ], [ 14.8768095, 77.5447654 ], [ 14.9138073, 77.5479469 ], [ 14.9511282, 77.5556335 ], [ 14.9692231, 77.5617847 ], [ 14.9758753, 77.5666344 ], [ 14.9829751, 77.5676779 ], [ 14.989306, 77.5667067 ], [ 14.9882962, 77.5683515 ], [ 14.9891517, 77.5683202 ], [ 14.9924595, 77.567255 ], [ 14.987798, 77.5632659 ], [ 14.9940385, 77.5606869 ], [ 15.0085773, 77.5617862 ], [ 15.0154957, 77.5589104 ], [ 15.028388, 77.5572834 ], [ 15.0347008, 77.5523185 ], [ 15.0504324, 77.5522398 ], [ 15.0579863, 77.5546058 ], [ 15.0659, 77.5486645 ], [ 15.0761203, 77.5457844 ], [ 15.0917503, 77.5434037 ], [ 15.1009109, 77.5433601 ], [ 15.1174831, 77.5389221 ], [ 15.1491696, 77.5403832 ], [ 15.1887307, 77.5439209 ], [ 15.2099384, 77.5418311 ], [ 15.2430278, 77.5359172 ], [ 15.2844467, 77.5354896 ], [ 15.3273346, 77.5388215 ], [ 15.3370951, 77.5355219 ], [ 15.3622189, 77.5326763 ], [ 15.3797594, 77.5325961 ], [ 15.3928908, 77.5297726 ], [ 15.4126248, 77.5287066 ], [ 15.437451, 77.522862 ], [ 15.4597569, 77.5207247 ], [ 15.5199795, 77.5215524 ], [ 15.5222181, 77.5216964 ], [ 15.5530353, 77.5261837 ], [ 15.6076338, 77.528697 ], [ 15.6145957, 77.5293372 ], [ 15.6335227, 77.532643 ], [ 15.6368626, 77.5327621 ], [ 15.6642169, 77.5328845 ], [ 15.7382467, 77.5269985 ], [ 15.7725118, 77.528994 ], [ 15.7772791, 77.5265479 ], [ 15.8096596, 77.5236439 ], [ 15.8094819, 77.5211589 ], [ 15.8230644, 77.5219477 ], [ 15.8246084, 77.5217221 ], [ 15.8241621, 77.5138345 ], [ 15.849407, 77.5070719 ], [ 15.8574318, 77.5026751 ], [ 15.8632506, 77.5011351 ], [ 15.9139152, 77.4943448 ], [ 15.9152315, 77.4941936 ], [ 15.9225959, 77.4936577 ], [ 15.9279656, 77.4945515 ], [ 15.929045, 77.4944022 ], [ 15.9417434, 77.4908584 ], [ 15.9447652, 77.4896514 ], [ 15.9499896, 77.4858783 ], [ 15.9714217, 77.4811283 ], [ 15.9803264, 77.4781317 ], [ 15.9936661, 77.4715329 ], [ 16.0236454, 77.4669694 ], [ 16.0344012, 77.4614697 ], [ 16.0654441, 77.454771 ], [ 16.0958223, 77.4435925 ], [ 16.1237611, 77.4380457 ], [ 16.1310847, 77.4338561 ], [ 16.132443, 77.4311792 ], [ 16.1275721, 77.4288619 ], [ 16.132443, 77.4251925 ], [ 16.1536973, 77.4192059 ], [ 16.1514832, 77.4272203 ], [ 16.1528116, 77.4278961 ], [ 16.1603394, 77.4270272 ], [ 16.1705236, 77.4217165 ], [ 16.1705236, 77.4191093 ], [ 16.1590108, 77.4158263 ], [ 16.1514832, 77.4081981 ], [ 16.1585681, 77.4053013 ], [ 16.1714092, 77.4084877 ], [ 16.1753945, 77.4076186 ], [ 16.1621104, 77.4034667 ], [ 16.1643245, 77.4009562 ], [ 16.1895639, 77.3969972 ], [ 16.2212446, 77.3967983 ], [ 16.2314962, 77.3957911 ], [ 16.2431427, 77.3939073 ], [ 16.2564266, 77.3890793 ], [ 16.2617403, 77.3888862 ], [ 16.271039, 77.3907208 ], [ 16.2661682, 77.3947763 ], [ 16.2683823, 77.3994112 ], [ 16.2856514, 77.4118673 ], [ 16.2989354, 77.4161159 ], [ 16.3024778, 77.4195921 ], [ 16.2940646, 77.42751 ], [ 16.3029205, 77.4334967 ], [ 16.3102657, 77.4357069 ], [ 16.3178236, 77.435891 ], [ 16.3222486, 77.4379101 ], [ 16.3303155, 77.4375902 ], [ 16.3547261, 77.4505113 ], [ 16.3595248, 77.4504294 ], [ 16.3571208, 77.4509974 ], [ 16.4005179, 77.4584264 ], [ 16.4076147, 77.4605387 ], [ 16.4082032, 77.4641964 ], [ 16.3879231, 77.4680154 ], [ 16.3968635, 77.4717396 ], [ 16.3797352, 77.4760488 ], [ 16.3238157, 77.4787166 ], [ 16.317602, 77.4807146 ], [ 16.2585468, 77.4860411 ], [ 16.2192471, 77.4838058 ], [ 16.213104, 77.4820712 ], [ 16.1993507, 77.4821732 ], [ 16.1275244, 77.4895873 ], [ 16.0944595, 77.5018566 ], [ 16.0802389, 77.5048763 ], [ 16.0813801, 77.5091248 ], [ 16.0723615, 77.5131181 ], [ 16.0441325, 77.5134425 ], [ 16.0358053, 77.5148818 ], [ 16.0436387, 77.5110366 ], [ 16.0370073, 77.5094734 ], [ 16.0647062, 77.5074002 ], [ 16.0354236, 77.5065058 ], [ 16.0208164, 77.508751 ], [ 16.0122468, 77.5124278 ], [ 16.0031766, 77.5132877 ], [ 16.0020673, 77.5188763 ], [ 15.9751409, 77.5327086 ], [ 15.9438812, 77.5421376 ], [ 15.9215035, 77.5454741 ], [ 15.9173129, 77.5490344 ], [ 15.921065, 77.5502263 ], [ 15.9378552, 77.5504212 ], [ 15.9504393, 77.5493633 ], [ 15.9696139, 77.5425072 ], [ 15.9903531, 77.5411602 ], [ 16.0165415, 77.535627 ], [ 16.0332034, 77.5390288 ], [ 16.0421139, 77.5395342 ], [ 16.0372267, 77.5366948 ], [ 16.0307261, 77.5366766 ], [ 16.027765, 77.5355368 ], [ 16.0375888, 77.5358841 ], [ 16.0531882, 77.5414248 ], [ 16.0545121, 77.5436302 ], [ 16.0420271, 77.5407954 ], [ 15.9971792, 77.5404741 ], [ 16.0099345, 77.5456399 ], [ 16.0026994, 77.5448244 ], [ 16.0017405, 77.5457093 ], [ 15.9911551, 77.5455724 ], [ 15.9735471, 77.5502686 ], [ 15.9623042, 77.5509727 ], [ 15.9749734, 77.5496448 ], [ 15.986044, 77.5454342 ], [ 15.9782466, 77.5451363 ], [ 15.9904546, 77.5436984 ], [ 15.9904361, 77.5416116 ], [ 15.9854228, 77.5427957 ], [ 15.9710732, 77.5430803 ], [ 15.9698224, 77.5434206 ], [ 15.9655352, 77.5454099 ], [ 15.9700696, 77.5458992 ], [ 15.9585971, 77.547012 ], [ 15.9583015, 77.5472884 ], [ 15.9614648, 77.5480509 ], [ 15.9578673, 77.5489373 ], [ 15.9647228, 77.5489699 ], [ 15.9527959, 77.5497848 ], [ 15.9527214, 77.5501539 ], [ 15.9582235, 77.5508482 ], [ 15.9610056, 77.551054 ], [ 15.9377303, 77.5525115 ], [ 15.9462004, 77.5529 ], [ 15.8913358, 77.5594372 ], [ 15.8815628, 77.5619271 ], [ 15.8306676, 77.5657597 ], [ 15.7986778, 77.5669792 ], [ 15.7416183, 77.5758419 ], [ 15.7137347, 77.5744736 ], [ 15.6874254, 77.5750643 ], [ 15.6565017, 77.5811464 ], [ 15.643435, 77.5822818 ], [ 15.6267918, 77.5823103 ], [ 15.5909309, 77.5796053 ], [ 15.5754398, 77.5801876 ], [ 15.5639704, 77.5788028 ], [ 15.5505909, 77.5823781 ], [ 15.4870328, 77.5867006 ], [ 15.4631203, 77.5829062 ], [ 15.4519168, 77.5884475 ], [ 15.408802, 77.5940759 ], [ 15.3430758, 77.6001402 ], [ 15.3053548, 77.5969998 ], [ 15.2535537, 77.5950127 ], [ 15.2315083, 77.6008821 ], [ 15.2193775, 77.607113 ], [ 15.1704074, 77.60847 ], [ 15.1599208, 77.6075087 ], [ 15.1197659, 77.6079381 ], [ 15.1068873, 77.6060196 ], [ 15.0767019, 77.6076283 ], [ 15.0165038, 77.6045758 ], [ 14.9893749, 77.6053851 ], [ 14.9315119, 77.6190201 ], [ 14.9166998, 77.6207414 ], [ 14.8941035, 77.6154584 ], [ 14.9073623, 77.6096121 ], [ 14.8998839, 77.6085832 ], [ 14.8792861, 77.6089472 ], [ 14.8445168, 77.6328734 ], [ 14.8278008, 77.6343169 ], [ 14.8183846, 77.6382772 ], [ 14.8051242, 77.6410537 ], [ 14.7764101, 77.6436651 ], [ 14.7608753, 77.6412657 ], [ 14.7574127, 77.6435927 ], [ 14.7356462, 77.6456712 ], [ 14.7271971, 77.6498905 ], [ 14.730105, 77.6558201 ], [ 14.7413408, 77.6551331 ], [ 14.7515804, 77.6567814 ], [ 14.7530591, 77.6559259 ], [ 14.7636898, 77.6582031 ], [ 14.7819496, 77.6588337 ], [ 14.8322572, 77.6653014 ], [ 14.8417108, 77.6678956 ], [ 14.8396351, 77.6762322 ], [ 14.8634588, 77.6759208 ], [ 14.8941379, 77.6792194 ], [ 14.9303945, 77.6790735 ], [ 14.9701787, 77.6833708 ], [ 15.0010693, 77.6850193 ], [ 15.0162574, 77.6880345 ], [ 15.0422204, 77.6864119 ], [ 15.0944788, 77.6968089 ], [ 15.1094981, 77.6964765 ], [ 15.1318156, 77.6984733 ], [ 15.1420102, 77.7059844 ], [ 15.1731796, 77.7105131 ], [ 15.1968303, 77.7103298 ], [ 15.2087758, 77.7149564 ], [ 15.2464786, 77.7182258 ], [ 15.2677636, 77.7182214 ], [ 15.2964987, 77.721383 ], [ 15.3406686, 77.7210807 ], [ 15.368553, 77.7226835 ], [ 15.3767755, 77.725009 ], [ 15.3791707, 77.7278929 ], [ 15.3936495, 77.7274137 ], [ 15.3809386, 77.7290828 ], [ 15.3912551, 77.7308667 ], [ 15.4005762, 77.734749 ], [ 15.4530156, 77.7336102 ], [ 15.4923528, 77.7365907 ], [ 15.5162824, 77.736948 ], [ 15.5272355, 77.7386087 ], [ 15.5696146, 77.7389085 ], [ 15.5864557, 77.7409112 ], [ 15.5944256, 77.7454516 ], [ 15.6306319, 77.7474166 ], [ 15.6528044, 77.7456096 ], [ 15.6886913, 77.7446618 ], [ 15.7103345, 77.741932 ], [ 15.73725, 77.7427953 ], [ 15.7578809, 77.74462 ], [ 15.7705867, 77.7473907 ], [ 15.7788378, 77.7562797 ], [ 15.8257335, 77.7567703 ], [ 15.8493257, 77.7594038 ], [ 15.9028218, 77.7587842 ], [ 15.9381909, 77.7540587 ], [ 15.9603492, 77.7544039 ], [ 15.979833, 77.7575182 ], [ 15.9918652, 77.7641761 ], [ 16.007417, 77.7677841 ], [ 16.0599746, 77.7680666 ], [ 16.0876904, 77.7645808 ], [ 16.1125845, 77.7666302 ], [ 16.118587, 77.7698005 ], [ 16.1371796, 77.7723985 ], [ 16.1624416, 77.772253 ], [ 16.2008725, 77.7756929 ], [ 16.2288086, 77.7811913 ], [ 16.2808878, 77.7820067 ], [ 16.2914813, 77.7843081 ], [ 16.2942872, 77.7919203 ], [ 16.2993069, 77.7934545 ], [ 16.3381073, 77.7915729 ], [ 16.3263851, 77.7928814 ], [ 16.3244013, 77.7946743 ], [ 16.3112553, 77.7947305 ], [ 16.3092093, 77.7938476 ], [ 16.3032966, 77.7945493 ], [ 16.3028002, 77.7964565 ], [ 16.3059556, 77.7960726 ], [ 16.3082398, 77.7972933 ], [ 16.3118758, 77.7958112 ], [ 16.3376029, 77.794601 ], [ 16.3277251, 77.7937176 ], [ 16.3470658, 77.7924716 ], [ 16.3660749, 77.7895575 ], [ 16.3628622, 77.7881231 ], [ 16.3696449, 77.788045 ], [ 16.3792042, 77.7852755 ], [ 16.3959187, 77.776334 ], [ 16.4152519, 77.7720537 ], [ 16.3880656, 77.7819459 ], [ 16.3845052, 77.7861996 ], [ 16.3577551, 77.793502 ], [ 16.3126661, 77.8019021 ], [ 16.3338394, 77.8103309 ], [ 16.3719354, 77.8022289 ], [ 16.3887268, 77.8011473 ], [ 16.4097095, 77.8017783 ], [ 16.467029, 77.7946749 ], [ 16.4795876, 77.7938772 ], [ 16.4821615, 77.7938823 ], [ 16.5379151, 77.7979257 ], [ 16.5577192, 77.8033888 ], [ 16.6021605, 77.8025419 ], [ 16.6138898, 77.8028959 ], [ 16.6701763, 77.8079791 ], [ 16.6826801, 77.8070056 ], [ 16.7150402, 77.807552 ], [ 16.7251379, 77.8104746 ], [ 16.7425705, 77.8102897 ], [ 16.7591456, 77.8127633 ], [ 16.7643342, 77.8112746 ], [ 16.765938, 77.8111736 ], [ 16.7779475, 77.8118581 ], [ 16.7802691, 77.8117296 ], [ 16.7881783, 77.8099699 ], [ 16.8134435, 77.8096734 ], [ 16.8480068, 77.8068908 ], [ 16.8494331, 77.8067207 ], [ 16.8585033, 77.8046423 ], [ 16.8628097, 77.800692 ], [ 16.8650482, 77.8001468 ], [ 16.875, 77.7991071 ], [ 16.9332269, 77.7928714 ], [ 16.9407271, 77.7908535 ], [ 16.9511054, 77.7904584 ], [ 16.9846835, 77.7856098 ], [ 16.9961293, 77.7856081 ], [ 17.0369887, 77.7743834 ], [ 17.0454752, 77.7753555 ], [ 17.0579445, 77.7733794 ], [ 17.0873364, 77.7719063 ], [ 17.0858113, 77.7705553 ], [ 17.0870225, 77.7704054 ], [ 17.1025683, 77.770071 ], [ 17.113533, 77.7686985 ], [ 17.1364241, 77.7649612 ], [ 17.1623029, 77.7587696 ], [ 17.1700583, 77.7586818 ], [ 17.2026846, 77.7668642 ], [ 17.1908967, 77.7727786 ], [ 17.1706774, 77.7788993 ], [ 17.1651902, 77.7800736 ], [ 17.1502444, 77.7814459 ], [ 17.1195383, 77.7868418 ], [ 17.111055, 77.7862989 ], [ 17.1006488, 77.7878962 ], [ 17.0892164, 77.7880696 ], [ 17.0893193, 77.7899889 ], [ 17.0851836, 77.7887285 ], [ 17.0740983, 77.7900804 ], [ 17.0739288, 77.7930235 ], [ 17.0541778, 77.7989413 ], [ 17.0444171, 77.7989624 ], [ 17.0090224, 77.8071657 ], [ 16.9995321, 77.808484 ], [ 16.9954596, 77.8088228 ], [ 16.9929847, 77.8081357 ], [ 16.9964151, 77.8069915 ], [ 16.9868824, 77.8077987 ], [ 16.9592061, 77.8141503 ], [ 16.930827, 77.8167778 ], [ 16.920107, 77.8158981 ], [ 16.9105054, 77.8167481 ], [ 16.8788017, 77.8234426 ], [ 16.875686, 77.826278 ], [ 16.875, 77.8261718 ], [ 16.875, 77.8267298 ], [ 16.8687057, 77.8289816 ], [ 16.864287, 77.8296742 ], [ 16.8348821, 77.8321348 ], [ 16.8146842, 77.8374373 ], [ 16.8103575, 77.838993 ], [ 16.8078122, 77.8404951 ], [ 16.8052436, 77.8498842 ], [ 16.7996742, 77.8516581 ], [ 16.7994641, 77.8519704 ], [ 16.8007038, 77.8615106 ], [ 16.794486, 77.8671184 ], [ 16.7725205, 77.8754172 ], [ 16.7434837, 77.8800848 ], [ 16.7422435, 77.8810251 ], [ 16.7548301, 77.8846496 ], [ 16.749462, 77.8869302 ], [ 16.7732086, 77.8880302 ], [ 16.7859104, 77.8879482 ], [ 16.7929294, 77.8875945 ], [ 16.8094698, 77.884919 ], [ 16.8206545, 77.8782089 ], [ 16.8325387, 77.8744636 ], [ 16.8348062, 77.8740947 ], [ 16.8451148, 77.8735545 ], [ 16.848792, 77.8749853 ], [ 16.8572896, 77.8728704 ], [ 16.8583713, 77.8729537 ], [ 16.875, 77.8752789 ], [ 16.8788342, 77.8757423 ], [ 16.9069738, 77.8830913 ], [ 16.9099036, 77.8857185 ], [ 16.9266897, 77.8877317 ], [ 16.9382957, 77.8908333 ], [ 16.9651031, 77.9019433 ], [ 16.9548019, 77.9002187 ], [ 16.9606308, 77.9039851 ], [ 16.9471371, 77.9005882 ], [ 16.9475318, 77.9030632 ], [ 16.9385303, 77.8999537 ], [ 16.9362268, 77.9022756 ], [ 16.9260939, 77.9019891 ], [ 16.9224963, 77.9007363 ], [ 16.9012159, 77.901575 ], [ 16.9069273, 77.9031039 ], [ 16.8990833, 77.904121 ], [ 16.9154531, 77.9043179 ], [ 16.9267088, 77.9095351 ], [ 16.9791868, 77.9157927 ], [ 16.9792587, 77.9166843 ], [ 16.9698855, 77.9166307 ], [ 16.9719806, 77.9176683 ], [ 16.9970002, 77.9189727 ], [ 16.9903399, 77.9159102 ], [ 16.9968454, 77.9173986 ], [ 17.0169435, 77.9177018 ], [ 17.0257695, 77.9190816 ], [ 17.0229042, 77.9215121 ], [ 17.034217, 77.9242011 ], [ 17.0250312, 77.9249352 ], [ 17.0206969, 77.9238348 ], [ 17.0213418, 77.9259185 ], [ 17.0125657, 77.9294848 ], [ 17.0402008, 77.9317404 ], [ 17.0628248, 77.9368573 ], [ 17.0778574, 77.9384208 ], [ 17.0824198, 77.9403785 ], [ 17.0902578, 77.9410557 ], [ 17.0804266, 77.9419466 ], [ 17.0930589, 77.941884 ], [ 17.1207169, 77.9446917 ], [ 17.1307656, 77.9443787 ], [ 17.1426662, 77.9462177 ], [ 17.1409726, 77.9472193 ], [ 17.1653183, 77.9450949 ], [ 17.1708556, 77.9465204 ], [ 17.2063617, 77.9471544 ], [ 17.2090801, 77.9462836 ], [ 17.2040615, 77.9451632 ], [ 17.2116872, 77.9445348 ], [ 17.2147111, 77.9466174 ], [ 17.239941, 77.9469738 ], [ 17.2703212, 77.9434181 ], [ 17.2780765, 77.9440376 ], [ 17.2793866, 77.945311 ], [ 17.2892473, 77.945446 ], [ 17.2917395, 77.9443858 ], [ 17.311164, 77.9446198 ], [ 17.3434883, 77.9418778 ], [ 17.3547589, 77.9437437 ], [ 17.3406801, 77.9442999 ], [ 17.352402, 77.9456615 ], [ 17.3717792, 77.9443694 ], [ 17.3860195, 77.9457448 ], [ 17.3971546, 77.9453388 ], [ 17.3982739, 77.9463986 ], [ 17.4020698, 77.9456638 ], [ 17.4088062, 77.9474711 ], [ 17.4064018, 77.9482197 ], [ 17.3923115, 77.9467908 ], [ 17.3841145, 77.9472635 ], [ 17.3965989, 77.9491847 ], [ 17.4119945, 77.9496961 ], [ 17.4350762, 77.9576827 ], [ 17.4353499, 77.9603046 ], [ 17.4496402, 77.9615937 ], [ 17.4599622, 77.9655004 ], [ 17.4685808, 77.9652748 ], [ 17.4713085, 77.967706 ], [ 17.4781899, 77.9672445 ], [ 17.482203, 77.9689944 ], [ 17.4707901, 77.9697495 ], [ 17.4743273, 77.9692316 ], [ 17.4658223, 77.9670665 ], [ 17.4458901, 77.9660931 ], [ 17.4389212, 77.9626735 ], [ 17.4323854, 77.9633551 ], [ 17.4384788, 77.965299 ], [ 17.4332442, 77.9658312 ], [ 17.454249, 77.9694901 ], [ 17.4569991, 77.9686753 ], [ 17.4656093, 77.9693251 ], [ 17.4585304, 77.9705719 ], [ 17.4618576, 77.9713144 ], [ 17.4660953, 77.9702628 ], [ 17.4817106, 77.9701905 ], [ 17.4816391, 77.9750154 ], [ 17.4668961, 77.9726819 ], [ 17.4571338, 77.973599 ], [ 17.4609005, 77.9726599 ], [ 17.4540015, 77.9712318 ], [ 17.4437999, 77.9705482 ], [ 17.4506475, 77.9725944 ], [ 17.4328682, 77.9698204 ], [ 17.4209493, 77.9625583 ], [ 17.4202622, 77.9618566 ], [ 17.4210458, 77.9571737 ], [ 17.4194314, 77.956345 ], [ 17.416886, 77.9559377 ], [ 17.4137775, 77.9573373 ], [ 17.4106354, 77.9542285 ], [ 17.3980013, 77.9531068 ], [ 17.4037445, 77.9522167 ], [ 17.4024496, 77.9519234 ], [ 17.3950357, 77.9515012 ], [ 17.3929121, 77.9515297 ], [ 17.3973399, 77.9526885 ], [ 17.3965713, 77.9527785 ], [ 17.3899122, 77.9523726 ], [ 17.3814065, 77.9498842 ], [ 17.3769618, 77.9511997 ], [ 17.3646113, 77.9495679 ], [ 17.3277348, 77.9478965 ], [ 17.2920145, 77.9485524 ], [ 17.3014959, 77.94752 ], [ 17.2937284, 77.9467674 ], [ 17.2765243, 77.9491273 ], [ 17.249598, 77.9499398 ], [ 17.2352371, 77.9487211 ], [ 17.2189567, 77.9499514 ], [ 17.2323198, 77.9515839 ], [ 17.2436301, 77.9506567 ], [ 17.2651416, 77.9556062 ], [ 17.2878501, 77.9566102 ], [ 17.2713234, 77.9567378 ], [ 17.2802439, 77.9591469 ], [ 17.2783552, 77.9619683 ], [ 17.3094422, 77.9641523 ], [ 17.2861708, 77.9647685 ], [ 17.2678668, 77.9623185 ], [ 17.2749915, 77.9613436 ], [ 17.2756687, 77.959608 ], [ 17.25662, 77.9576786 ], [ 17.256927, 77.9568889 ], [ 17.2619241, 77.9572212 ], [ 17.2507036, 77.955335 ], [ 17.2463262, 77.9528735 ], [ 17.2367171, 77.9520317 ], [ 17.2385747, 77.9528378 ], [ 17.232872, 77.9528915 ], [ 17.21323, 77.9503787 ], [ 17.2064958, 77.9508312 ], [ 17.1868232, 77.9490668 ], [ 17.1466671, 77.9494309 ], [ 17.1231003, 77.9460613 ], [ 17.0760647, 77.9421933 ], [ 17.0663754, 77.9400308 ], [ 17.0604759, 77.940232 ], [ 17.0617303, 77.9383667 ], [ 17.0409775, 77.9359136 ], [ 17.0431575, 77.9342515 ], [ 17.011483, 77.9309016 ], [ 17.0121219, 77.9297776 ], [ 17.0041428, 77.9297957 ], [ 17.0141358, 77.9259135 ], [ 17.0097812, 77.9224647 ], [ 16.9950088, 77.9208148 ], [ 16.9740793, 77.9201874 ], [ 16.9626303, 77.9170532 ], [ 16.9608533, 77.9167793 ], [ 16.9504815, 77.9156293 ], [ 16.9168123, 77.9129636 ], [ 16.8997722, 77.9119549 ], [ 16.9041452, 77.9132158 ], [ 16.9012901, 77.9139798 ], [ 16.8860104, 77.9100584 ], [ 16.8846334, 77.9119771 ], [ 16.875, 77.9126673 ], [ 16.875, 77.9129463 ], [ 16.8636661, 77.9122747 ], [ 16.8353854, 77.9150894 ], [ 16.8005019, 77.9144512 ], [ 16.7807229, 77.9124596 ], [ 16.7304213, 77.9024055 ], [ 16.7326043, 77.9011425 ], [ 16.7418519, 77.901055 ], [ 16.7407351, 77.8986439 ], [ 16.7511636, 77.8939033 ], [ 16.7289782, 77.896053 ], [ 16.7262028, 77.8947018 ], [ 16.7336823, 77.8940843 ], [ 16.7146922, 77.8909997 ], [ 16.702062, 77.8832828 ], [ 16.6803569, 77.8799508 ], [ 16.6729459, 77.8775078 ], [ 16.6666113, 77.8733958 ], [ 16.682222, 77.8693587 ], [ 16.684552, 77.8656394 ], [ 16.6617599, 77.8620582 ], [ 16.6565591, 77.8583543 ], [ 16.6463009, 77.8566203 ], [ 16.5992109, 77.8566529 ], [ 16.57096, 77.8578907 ], [ 16.5060712, 77.8565046 ], [ 16.4753968, 77.8540837 ], [ 16.4702491, 77.8527694 ], [ 16.4707156, 77.8496798 ], [ 16.428266, 77.8507107 ], [ 16.4179385, 77.8472598 ], [ 16.4063134, 77.8468633 ], [ 16.3777736, 77.8489074 ], [ 16.3350821, 77.8572731 ], [ 16.3061922, 77.8582273 ], [ 16.2819253, 77.8532892 ], [ 16.253938, 77.8501509 ], [ 16.2200273, 77.8493785 ], [ 16.1604602, 77.8503696 ], [ 16.1334682, 77.8480914 ], [ 16.1029443, 77.8470449 ], [ 16.0935106, 77.8460773 ], [ 16.0826983, 77.8411545 ], [ 16.0717318, 77.8388855 ], [ 16.046506, 77.8375788 ], [ 16.0383073, 77.8354293 ], [ 16.0182322, 77.8409281 ], [ 15.9893124, 77.841186 ], [ 15.9633983, 77.8379288 ], [ 15.924226, 77.8300631 ], [ 15.9026041, 77.8280165 ], [ 15.8963443, 77.826074 ], [ 15.8788444, 77.8302377 ], [ 15.8793815, 77.8319231 ], [ 15.8742086, 77.8302763 ], [ 15.8765289, 77.8292717 ], [ 15.8649704, 77.8287125 ], [ 15.8028795, 77.8321204 ], [ 15.7653193, 77.8320993 ], [ 15.7037798, 77.836246 ], [ 15.6766351, 77.8403662 ], [ 15.6573753, 77.845999 ], [ 15.6402555, 77.8487777 ], [ 15.6245625, 77.8489279 ], [ 15.5995981, 77.8473485 ], [ 15.5691597, 77.8482581 ], [ 15.5712457, 77.8514841 ], [ 15.5627495, 77.8565615 ], [ 15.5681185, 77.8596194 ], [ 15.5584939, 77.8609899 ], [ 15.5571593, 77.8610759 ], [ 15.554087, 77.8577569 ], [ 15.5608875, 77.8576581 ], [ 15.5542434, 77.8538926 ], [ 15.5600032, 77.8539768 ], [ 15.5613697, 77.8529936 ], [ 15.5608571, 77.8516505 ], [ 15.5591012, 77.850455 ], [ 15.5554854, 77.8503979 ], [ 15.5554084, 77.8506325 ], [ 15.5587764, 77.8527828 ], [ 15.5524462, 77.8530368 ], [ 15.5508822, 77.8524086 ], [ 15.5529947, 77.8481047 ], [ 15.556402, 77.8482904 ], [ 15.5606507, 77.8459699 ], [ 15.5653439, 77.8472763 ], [ 15.5674453, 77.8472595 ], [ 15.5689986, 77.8466734 ], [ 15.5671399, 77.8455483 ], [ 15.5567967, 77.8450977 ], [ 15.5200605, 77.8472757 ], [ 15.526057, 77.8511471 ], [ 15.5257343, 77.8514802 ], [ 15.5141855, 77.8571312 ], [ 15.5156862, 77.8586025 ], [ 15.5150125, 77.8588742 ], [ 15.5095936, 77.8581198 ], [ 15.5117701, 77.8598936 ], [ 15.5114352, 77.8600926 ], [ 15.5073245, 77.8602349 ], [ 15.505792, 77.8588411 ], [ 15.501038, 77.8593961 ], [ 15.5011266, 77.8541843 ], [ 15.5001093, 77.8530821 ], [ 15.4915317, 77.8494462 ], [ 15.4929435, 77.8477478 ], [ 15.4915162, 77.8475761 ], [ 15.4890695, 77.8477048 ], [ 15.4589843, 77.854017 ], [ 15.4653381, 77.8571091 ], [ 15.4537965, 77.8544425 ], [ 15.4143887, 77.8631005 ], [ 15.3880734, 77.8669308 ], [ 15.3503118, 77.8676176 ], [ 15.3439848, 77.8673171 ], [ 15.325599, 77.8653874 ], [ 15.3126127, 77.8623965 ], [ 15.2968339, 77.8567785 ], [ 15.2830923, 77.8485957 ], [ 15.2673774, 77.8435566 ], [ 15.2680126, 77.8422319 ], [ 15.2568308, 77.8407936 ], [ 15.220174, 77.8294873 ], [ 15.2052495, 77.8274554 ], [ 15.1889606, 77.8227795 ], [ 15.187525, 77.8237864 ], [ 15.1857131, 77.8221447 ], [ 15.1775768, 77.8220679 ], [ 15.1823407, 77.8213149 ], [ 15.1746628, 77.8213278 ], [ 15.15883, 77.8123116 ], [ 15.1217893, 77.8097898 ], [ 15.0784338, 77.7985868 ], [ 15.0753253, 77.7982033 ], [ 15.0309033, 77.7976521 ], [ 15.0127513, 77.7962139 ], [ 14.9924345, 77.7927336 ], [ 14.9703557, 77.7928696 ], [ 14.8690147, 77.786351 ], [ 14.8475286, 77.7881641 ], [ 14.8236178, 77.787804 ], [ 14.7942259, 77.7845305 ], [ 14.7856987, 77.7825111 ], [ 14.7597442, 77.782297 ], [ 14.720663, 77.7775851 ], [ 14.7027019, 77.7688378 ], [ 14.6706966, 77.7631139 ], [ 14.6567379, 77.7633229 ], [ 14.6578239, 77.7652369 ], [ 14.6383603, 77.7665833 ], [ 14.6340446, 77.7699707 ], [ 14.6299769, 77.7706844 ], [ 14.6283931, 77.7705289 ], [ 14.6110823, 77.7671527 ], [ 14.6183645, 77.7608013 ], [ 14.6055872, 77.7577437 ], [ 14.5782537, 77.7567666 ], [ 14.5541464, 77.7582786 ], [ 14.5430881, 77.7565532 ], [ 14.5316724, 77.7587409 ], [ 14.5202616, 77.7581627 ], [ 14.5004348, 77.7594109 ], [ 14.4703912, 77.7566161 ], [ 14.4640191, 77.7540667 ], [ 14.4543025, 77.7549539 ], [ 14.4440459, 77.7542492 ], [ 14.4344617, 77.7524058 ], [ 14.4346495, 77.7498116 ], [ 14.3988049, 77.7519252 ], [ 14.3933724, 77.7505924 ], [ 14.3815088, 77.7552541 ], [ 14.3245784, 77.759178 ], [ 14.2841635, 77.7581551 ], [ 14.2532829, 77.7549968 ], [ 14.2203345, 77.767802 ], [ 14.2164223, 77.7683587 ], [ 14.2018067, 77.7695982 ], [ 14.1737674, 77.7706143 ], [ 14.1508816, 77.7708613 ], [ 14.1039042, 77.7700601 ], [ 14.0486619, 77.764564 ], [ 14.0220137, 77.7598398 ], [ 14.0120964, 77.7542967 ], [ 14.0284131, 77.7493304 ], [ 14.0279766, 77.7479352 ], [ 14.0224932, 77.7462146 ], [ 13.9835289, 77.7429951 ], [ 13.9709111, 77.7403955 ], [ 13.9742599, 77.7343988 ], [ 13.9676483, 77.7325124 ], [ 13.9685616, 77.7275296 ], [ 13.9538033, 77.7239068 ], [ 13.9538552, 77.721475 ], [ 13.9428709, 77.7187709 ], [ 13.9135588, 77.72109 ], [ 13.8952807, 77.72536 ], [ 13.9024591, 77.7283159 ], [ 13.8979492, 77.7358481 ], [ 13.8974648, 77.7363455 ], [ 13.8857175, 77.7387356 ], [ 13.8731822, 77.7409098 ], [ 13.8442822, 77.7444106 ], [ 13.8238941, 77.7443902 ], [ 13.8090951, 77.7433732 ], [ 13.807142, 77.7431122 ], [ 13.7990806, 77.741599 ], [ 13.7977526, 77.7410322 ], [ 13.797116, 77.7385483 ], [ 13.7805744, 77.7363193 ], [ 13.7793998, 77.7359172 ], [ 13.7747811, 77.7336668 ], [ 13.7779191, 77.7315633 ], [ 13.7764693, 77.7311552 ], [ 13.771054, 77.7307738 ], [ 13.7554593, 77.7307798 ], [ 13.738052, 77.7343603 ], [ 13.7284805, 77.7376893 ], [ 13.7301939, 77.7389872 ], [ 13.7375901, 77.7385218 ], [ 13.7387613, 77.7397029 ], [ 13.7368478, 77.7410616 ], [ 13.7359126, 77.7396138 ], [ 13.7327387, 77.7408047 ], [ 13.7310035, 77.746157 ], [ 13.7284755, 77.748466 ], [ 13.722858, 77.7511302 ], [ 13.7216114, 77.7515441 ], [ 13.708141, 77.7521121 ], [ 13.7094012, 77.7550867 ], [ 13.7204788, 77.7550077 ], [ 13.7337478, 77.758745 ], [ 13.7304682, 77.765285 ], [ 13.7343827, 77.7680124 ], [ 13.7265714, 77.770516 ], [ 13.7553256, 77.7767189 ], [ 13.7673501, 77.77516 ], [ 13.7834682, 77.7774385 ], [ 13.8020991, 77.7872592 ], [ 13.8143352, 77.790812 ], [ 13.8199352, 77.8028657 ], [ 13.8072298, 77.8117365 ], [ 13.8158917, 77.8126831 ], [ 13.8128268, 77.8137861 ], [ 13.8019921, 77.8131142 ], [ 13.7885309, 77.821485 ], [ 13.7635161, 77.826333 ], [ 13.7525234, 77.8267192 ], [ 13.7285022, 77.833414 ], [ 13.7239856, 77.8339719 ], [ 13.7046167, 77.8351306 ], [ 13.6923838, 77.8346586 ], [ 13.675054, 77.8381346 ], [ 13.6491607, 77.8361177 ], [ 13.648753, 77.8428982 ], [ 13.6332581, 77.8441429 ], [ 13.6357048, 77.8480911 ], [ 13.6424328, 77.8479623 ], [ 13.658571, 77.8543539 ], [ 13.6511986, 77.8571891 ], [ 13.651811, 77.8627681 ], [ 13.6422164, 77.8671885 ], [ 13.6385419, 77.8740119 ], [ 13.6603848, 77.8746128 ], [ 13.6697752, 77.8769732 ], [ 13.6793166, 77.8837399 ], [ 13.6793113, 77.887489 ], [ 13.6716934, 77.8952298 ], [ 13.6378489, 77.9070404 ], [ 13.6384875, 77.9195408 ], [ 13.6200306, 77.9326741 ], [ 13.6095998, 77.948734 ], [ 13.6241328, 77.9650413 ], [ 13.6229438, 77.969946 ], [ 13.6186965, 77.9707676 ], [ 13.6267744, 77.9719115 ], [ 13.6291913, 77.9744703 ], [ 13.6214122, 77.977765 ], [ 13.6319956, 77.9822435 ], [ 13.6402591, 77.9827114 ], [ 13.6420565, 77.9849367 ], [ 13.6420722, 77.9854854 ], [ 13.6368564, 77.9897352 ], [ 13.635567, 77.9903786 ], [ 13.619307, 77.9965513 ], [ 13.6200246, 78.0123523 ], [ 13.6263003, 78.0154665 ], [ 13.6274315, 78.0202554 ], [ 13.5943018, 78.0444505 ], [ 13.576299, 78.0481439 ], [ 13.5757563, 78.0483783 ], [ 13.5752934, 78.0520917 ], [ 13.5762144, 78.0527275 ], [ 13.5909179, 78.0570027 ], [ 13.5946122, 78.055988 ], [ 13.5922791, 78.0539089 ], [ 13.5863779, 78.0542805 ], [ 13.5872242, 78.0521184 ], [ 13.6108899, 78.0470465 ], [ 13.6144131, 78.0496215 ], [ 13.5978332, 78.0533123 ], [ 13.5967571, 78.056711 ], [ 13.6113344, 78.0618472 ], [ 13.6112869, 78.0643446 ], [ 13.6256092, 78.0659068 ], [ 13.6380002, 78.0649369 ], [ 13.6427253, 78.0626866 ], [ 13.6564271, 78.062498 ], [ 13.6802047, 78.0680044 ], [ 13.684, 78.0728005 ], [ 13.6990633, 78.0751417 ], [ 13.7064433, 78.0792232 ], [ 13.7221643, 78.0808951 ], [ 13.7277055, 78.0829153 ], [ 13.7600055, 78.0798538 ], [ 13.7514588, 78.0814847 ], [ 13.7645884, 78.0840724 ], [ 13.7692267, 78.0872626 ], [ 13.8059798, 78.0871615 ], [ 13.8231179, 78.0916485 ], [ 13.8273662, 78.0970609 ], [ 13.8425027, 78.0974582 ], [ 13.8548086, 78.0961016 ], [ 13.881927, 78.0983406 ], [ 13.9070399, 78.0973474 ], [ 13.9341545, 78.09617 ], [ 13.9500601, 78.1004853 ], [ 13.960727, 78.0973892 ], [ 14.0006192, 78.0843549 ], [ 14.0342783, 78.0735395 ], [ 14.0662753, 78.0577282 ], [ 14.0870525, 78.0524819 ], [ 14.091208, 78.0497288 ], [ 14.099696, 78.0427725 ], [ 14.1096856, 78.0336035 ], [ 14.1339459, 78.0273882 ], [ 14.1544905, 78.0142056 ], [ 14.1710418, 78.0086914 ], [ 14.1954151, 78.0049413 ], [ 14.1772264, 78.0009876 ], [ 14.1831945, 77.9972702 ], [ 14.1976703, 77.9938477 ], [ 14.2005064, 77.9917234 ], [ 14.1966527, 77.9886245 ], [ 14.2036259, 77.9857636 ], [ 14.2172384, 77.9843473 ], [ 14.2334568, 77.9800555 ], [ 14.2374957, 77.9824059 ], [ 14.2710397, 77.9855824 ], [ 14.2956377, 77.9791799 ], [ 14.3065507, 77.9787415 ], [ 14.3125019, 77.9815739 ], [ 14.3003162, 77.9859995 ], [ 14.2994452, 77.9926358 ], [ 14.2901366, 78.0022397 ], [ 14.3095099, 78.0076596 ], [ 14.3151853, 78.0143555 ], [ 14.2971901, 78.0271285 ], [ 14.2944076, 78.0306998 ], [ 14.2852166, 78.0386325 ], [ 14.256675, 78.0421812 ], [ 14.2366958, 78.0436595 ], [ 14.2176811, 78.0452852 ], [ 14.2210766, 78.0612952 ], [ 14.2055926, 78.0829653 ], [ 14.1862534, 78.0987687 ], [ 14.2366958, 78.1014674 ], [ 14.2994874, 78.0994076 ], [ 14.3480082, 78.1002904 ], [ 14.4421956, 78.0952869 ], [ 14.4840319, 78.1000245 ], [ 14.4994934, 78.1027361 ], [ 14.525443, 78.1051224 ], [ 14.5775152, 78.1075304 ], [ 14.658392, 78.1140271 ], [ 14.7188547, 78.1152726 ], [ 14.7871464, 78.1187295 ], [ 14.8160595, 78.1225543 ], [ 14.8285573, 78.1174726 ], [ 14.8265218, 78.1167954 ], [ 14.8215553, 78.118911 ], [ 14.8159935, 78.1180859 ], [ 14.821208, 78.1163456 ], [ 14.8337972, 78.1148753 ], [ 14.8381079, 78.1131272 ], [ 14.8617364, 78.1107461 ], [ 14.888225, 78.102603 ], [ 14.9063451, 78.1001858 ], [ 14.9295059, 78.0995228 ], [ 15.00653, 78.1056674 ], [ 15.0146738, 78.1073118 ], [ 15.0216891, 78.1127007 ], [ 14.9854141, 78.1312243 ], [ 14.9812902, 78.1426066 ], [ 14.9940023, 78.1489472 ], [ 15.0130014, 78.1545252 ], [ 15.1194493, 78.1770988 ], [ 15.16219, 78.1901569 ], [ 15.2029932, 78.1998084 ], [ 15.2286118, 78.2095031 ], [ 15.2638745, 78.2167019 ], [ 15.2752614, 78.221384 ], [ 15.3135049, 78.2285209 ], [ 15.3406529, 78.2393274 ], [ 15.4149601, 78.2512153 ], [ 15.4695348, 78.2494246 ], [ 15.4973397, 78.2500896 ], [ 15.5429341, 78.2470684 ], [ 15.5547543, 78.2449923 ], [ 15.5444117, 78.2434614 ], [ 15.5374066, 78.2395931 ], [ 15.5562986, 78.2339565 ], [ 15.5759887, 78.2305279 ], [ 15.5943248, 78.228404 ], [ 15.6018831, 78.228761 ], [ 15.6068782, 78.2265826 ], [ 15.6334296, 78.2246903 ], [ 15.6554815, 78.2251676 ], [ 15.671679, 78.2220078 ], [ 15.6984905, 78.221312 ], [ 15.7159256, 78.2221487 ], [ 15.737522, 78.2181218 ], [ 15.7404801, 78.2152516 ], [ 15.7388366, 78.2139356 ], [ 15.7224323, 78.2171636 ], [ 15.711906, 78.2161725 ], [ 15.7155615, 78.2116069 ], [ 15.7279297, 78.2078974 ], [ 15.7615033, 78.203279 ], [ 15.7836877, 78.2029262 ], [ 15.7894835, 78.2010827 ], [ 15.7986398, 78.2009705 ], [ 15.7846256, 78.2039353 ], [ 15.7963569, 78.2048194 ], [ 15.7577298, 78.2101496 ], [ 15.7591327, 78.2110975 ], [ 15.7451611, 78.2148848 ], [ 15.75249, 78.2147568 ], [ 15.7465653, 78.2155395 ], [ 15.7494688, 78.2160881 ], [ 15.7714798, 78.2136608 ], [ 15.7637448, 78.2155123 ], [ 15.7736388, 78.2153391 ], [ 15.8019006, 78.2104822 ], [ 15.7659703, 78.2126369 ], [ 15.7831937, 78.2093652 ], [ 15.7932459, 78.2095072 ], [ 15.804971, 78.2081023 ], [ 15.8316487, 78.2033435 ], [ 15.8464916, 78.1987727 ], [ 15.8563497, 78.1973419 ], [ 15.8572645, 78.1994637 ], [ 15.8652455, 78.1982812 ], [ 15.8668308, 78.1965746 ], [ 15.867824, 78.1985193 ], [ 15.8580027, 78.2025849 ], [ 15.8719867, 78.2029788 ], [ 15.8697664, 78.2038285 ], [ 15.8459353, 78.2058296 ], [ 15.8319008, 78.2111926 ], [ 15.8480561, 78.2079186 ], [ 15.8572334, 78.2070746 ], [ 15.85627, 78.2077466 ], [ 15.8368372, 78.2117643 ], [ 15.8263965, 78.2133431 ], [ 15.8231455, 78.2127903 ], [ 15.7862076, 78.2188644 ], [ 15.7632186, 78.2268 ], [ 15.7599446, 78.2256829 ], [ 15.7282166, 78.2308567 ], [ 15.7487601, 78.2325557 ], [ 15.7382565, 78.2332524 ], [ 15.7274787, 78.2364033 ], [ 15.7189357, 78.2437472 ], [ 15.6930526, 78.2486826 ], [ 15.6699829, 78.2509773 ], [ 15.6541612, 78.2591285 ], [ 15.6047904, 78.2717063 ], [ 15.5922805, 78.2772092 ], [ 15.5743308, 78.2805821 ], [ 15.5619876, 78.2852501 ], [ 15.5654947, 78.291661 ], [ 15.590685, 78.3028827 ], [ 15.6160314, 78.3063117 ], [ 15.6562312, 78.3195912 ], [ 15.7217087, 78.3277491 ], [ 15.750735, 78.3377608 ], [ 15.7679085, 78.3410891 ], [ 15.8217841, 78.3464788 ], [ 15.8400979, 78.3508399 ], [ 15.8745508, 78.3479638 ], [ 15.9068835, 78.3490808 ], [ 15.9170107, 78.3508903 ], [ 15.9782391, 78.3506217 ], [ 15.9843705, 78.3519928 ], [ 16.0080323, 78.351873 ], [ 16.0315661, 78.3532562 ], [ 16.0442873, 78.3556138 ], [ 16.0449699, 78.3584216 ], [ 16.0599442, 78.3576021 ], [ 16.0578862, 78.356347 ], [ 16.0849251, 78.3573333 ], [ 16.1026523, 78.3611655 ], [ 16.1373367, 78.3626536 ], [ 16.171875, 78.3577009 ], [ 16.1808578, 78.3574404 ], [ 16.2175931, 78.351335 ], [ 16.2505322, 78.3479646 ], [ 16.2862672, 78.3482958 ], [ 16.3178416, 78.3506958 ], [ 16.3339767, 78.3507254 ], [ 16.3678292, 78.3421535 ], [ 16.4601613, 78.3345726 ], [ 16.4982384, 78.3351303 ], [ 16.5203459, 78.3407151 ], [ 16.538756, 78.341543 ], [ 16.5624121, 78.3351709 ], [ 16.5802341, 78.3336657 ], [ 16.5780222, 78.3326147 ], [ 16.5933465, 78.3347651 ], [ 16.6167763, 78.3321006 ], [ 16.669237, 78.3327543 ], [ 16.6948276, 78.3367006 ], [ 16.7353971, 78.334783 ], [ 16.7523944, 78.3364171 ], [ 16.8008499, 78.3369371 ], [ 16.8216356, 78.3387403 ], [ 16.8420902, 78.3425509 ], [ 16.8524961, 78.3402869 ], [ 16.8519989, 78.3389632 ], [ 16.8564119, 78.3388749 ], [ 16.857572, 78.3390468 ], [ 16.8594383, 78.3396559 ], [ 16.8527002, 78.3413999 ], [ 16.8579568, 78.3416746 ], [ 16.8613451, 78.3449347 ], [ 16.8698951, 78.3440306 ], [ 16.875, 78.3454241 ], [ 16.875, 78.3457031 ], [ 16.8964252, 78.3526304 ], [ 16.9045851, 78.3539751 ], [ 16.906794, 78.3541685 ], [ 16.920644, 78.3534194 ], [ 16.9221098, 78.3534343 ], [ 16.9287981, 78.3541133 ], [ 16.9411637, 78.3557826 ], [ 16.9608122, 78.359982 ], [ 16.9780251, 78.3656573 ], [ 17.0323139, 78.3779296 ], [ 17.0810517, 78.391192 ], [ 17.1027207, 78.3910685 ], [ 17.1114454, 78.3956778 ], [ 17.1230961, 78.3946269 ], [ 17.1353095, 78.3949794 ], [ 17.1429611, 78.3958162 ], [ 17.1489857, 78.3985366 ], [ 17.1614718, 78.3993752 ], [ 17.1710056, 78.3987659 ], [ 17.1901339, 78.4012241 ], [ 17.207764, 78.4063025 ], [ 17.2368172, 78.411063 ], [ 17.241823, 78.4144861 ], [ 17.256816, 78.4153889 ], [ 17.2730439, 78.4145674 ], [ 17.3225163, 78.4191669 ], [ 17.3506007, 78.4189426 ], [ 17.3645473, 78.421542 ], [ 17.3769408, 78.4221642 ], [ 17.3821609, 78.4292585 ], [ 17.4144936, 78.4340739 ], [ 17.4018168, 78.4349446 ], [ 17.4040073, 78.436347 ], [ 17.4081773, 78.4353318 ], [ 17.4274333, 78.4371715 ], [ 17.4277918, 78.4407485 ], [ 17.438692, 78.445428 ], [ 17.4386745, 78.4458441 ], [ 17.4357349, 78.4469548 ], [ 17.4150562, 78.4482933 ], [ 17.4135304, 78.4484783 ], [ 17.4058793, 78.4507596 ], [ 17.3986396, 78.4516783 ], [ 17.3585753, 78.4555547 ], [ 17.2969843, 78.4512358 ], [ 17.28602, 78.4478573 ], [ 17.2639924, 78.4445044 ], [ 17.2251142, 78.4440629 ], [ 17.1934175, 78.4458612 ], [ 17.1734439, 78.442174 ], [ 17.1617603, 78.4422435 ], [ 17.1374729, 78.4394016 ], [ 17.104268, 78.4327852 ], [ 17.0924265, 78.4323953 ], [ 17.0850949, 78.4263694 ], [ 17.0658457, 78.422074 ], [ 17.0549694, 78.4222718 ], [ 17.0358273, 78.4205678 ], [ 16.9979181, 78.4217689 ], [ 16.9961963, 78.4215162 ], [ 16.9712079, 78.4157633 ], [ 16.9171273, 78.4081039 ], [ 16.9157156, 78.4078315 ], [ 16.9127411, 78.4060646 ], [ 16.9148483, 78.4004371 ], [ 16.9139239, 78.4000649 ], [ 16.9071745, 78.3987072 ], [ 16.8860995, 78.3965116 ], [ 16.875, 78.3978794 ], [ 16.8613204, 78.3984375 ], [ 16.8558487, 78.3984375 ], [ 16.8477634, 78.3974826 ], [ 16.8459634, 78.3970803 ], [ 16.8401517, 78.3935266 ], [ 16.8501925, 78.3860331 ], [ 16.8498971, 78.3855639 ], [ 16.8470522, 78.3850996 ], [ 16.82661, 78.3857911 ], [ 16.7994967, 78.3885109 ], [ 16.6118675, 78.4121609 ], [ 16.6005377, 78.4142487 ], [ 16.5911433, 78.4190645 ], [ 16.600045, 78.427738 ], [ 16.5965254, 78.4310662 ], [ 16.5955024, 78.4317454 ], [ 16.5819728, 78.4376616 ], [ 16.5612806, 78.4413099 ], [ 16.56496, 78.4454902 ], [ 16.557119, 78.4474502 ], [ 16.5552506, 78.4476461 ], [ 16.5498672, 78.4476485 ], [ 16.5111392, 78.4433398 ], [ 16.5042638, 78.4398719 ], [ 16.4832222, 78.4383078 ], [ 16.4667063, 78.4399287 ], [ 16.4305142, 78.4394178 ], [ 16.421158, 78.4372503 ], [ 16.4256167, 78.4345467 ], [ 16.4179102, 78.4332294 ], [ 16.4016945, 78.4343132 ], [ 16.3951762, 78.4391446 ], [ 16.3769469, 78.4405984 ], [ 16.3237333, 78.4514509 ], [ 16.2946836, 78.4556789 ], [ 16.2946337, 78.4558511 ], [ 16.326158, 78.4564801 ], [ 16.3505229, 78.4579092 ], [ 16.3622283, 78.4587638 ], [ 16.3777924, 78.4613419 ], [ 16.3797451, 78.4621696 ], [ 16.3944907, 78.4726232 ], [ 16.4044933, 78.4757533 ], [ 16.412008, 78.483061 ], [ 16.4291583, 78.4870538 ], [ 16.4489257, 78.4981188 ], [ 16.4596174, 78.5107272 ], [ 16.459197, 78.5334929 ], [ 16.4788637, 78.5334556 ], [ 16.5027827, 78.5358067 ], [ 16.5403208, 78.5517408 ], [ 16.5475488, 78.5588065 ], [ 16.5477396, 78.5628664 ], [ 16.5369763, 78.5700697 ], [ 16.5417041, 78.5775176 ], [ 16.5860971, 78.5804665 ], [ 16.6147463, 78.5891649 ], [ 16.6465799, 78.5936623 ], [ 16.6494719, 78.5994287 ], [ 16.6604568, 78.6043684 ], [ 16.6596901, 78.6121349 ], [ 16.6796311, 78.6148841 ], [ 16.6879426, 78.6173419 ], [ 16.7106972, 78.6279467 ], [ 16.7124518, 78.6337734 ], [ 16.7351969, 78.6398923 ], [ 16.7391715, 78.6439821 ], [ 16.7457293, 78.6441816 ], [ 16.7515864, 78.6423281 ], [ 16.7665005, 78.6409749 ], [ 16.7813036, 78.6415646 ], [ 16.7940582, 78.6445832 ], [ 16.8158674, 78.6457889 ], [ 16.8376553, 78.6444982 ], [ 16.873399, 78.6405847 ], [ 16.8940029, 78.63792 ], [ 16.9144127, 78.6380833 ], [ 16.9418194, 78.6400049 ], [ 16.9581954, 78.6395586 ], [ 16.9621691, 78.640498 ], [ 16.9590209, 78.6516581 ], [ 16.9180334, 78.6549813 ], [ 16.9264426, 78.6528728 ], [ 16.9151438, 78.6514344 ], [ 16.905086, 78.6546803 ], [ 16.9123538, 78.6578087 ], [ 16.9150913, 78.6555756 ], [ 16.9169564, 78.6566027 ], [ 16.9256632, 78.655461 ], [ 16.9321655, 78.6567138 ], [ 16.9324158, 78.6570992 ], [ 16.9293391, 78.6623777 ], [ 16.9001256, 78.6694641 ], [ 16.875, 78.6702009 ], [ 16.8628401, 78.6711012 ], [ 16.8407258, 78.6740462 ], [ 16.8036565, 78.674956 ], [ 16.7038022, 78.6735556 ], [ 16.6812067, 78.6710306 ], [ 16.6587479, 78.6705214 ], [ 16.6353192, 78.6711844 ], [ 16.6321574, 78.6716166 ], [ 16.6299917, 78.6722757 ], [ 16.6254463, 78.6920595 ], [ 16.6238883, 78.6930614 ], [ 16.587222, 78.709406 ], [ 16.5599051, 78.7114428 ], [ 16.561727, 78.7160242 ], [ 16.5517036, 78.7115744 ], [ 16.5450217, 78.7108035 ], [ 16.5315527, 78.7128773 ], [ 16.5304781, 78.710476 ], [ 16.5150996, 78.709622 ], [ 16.5002007, 78.71021 ], [ 16.5031208, 78.7094084 ], [ 16.467254, 78.6990646 ], [ 16.4677057, 78.6941726 ], [ 16.4511342, 78.6905963 ], [ 16.4612157, 78.6863161 ], [ 16.4593533, 78.6826395 ], [ 16.4646655, 78.6806632 ], [ 16.4544259, 78.6774915 ], [ 16.4528439, 78.6750165 ], [ 16.4590538, 78.6717867 ], [ 16.4509853, 78.6692388 ], [ 16.4484878, 78.6636477 ], [ 16.4435291, 78.6611326 ], [ 16.440854, 78.6600167 ], [ 16.427016, 78.6574116 ], [ 16.3867676, 78.6556582 ], [ 16.3652827, 78.6536183 ], [ 16.3493145, 78.6535527 ], [ 16.3499683, 78.6486639 ], [ 16.3551353, 78.6469783 ], [ 16.3551985, 78.6454464 ], [ 16.3603038, 78.643458 ], [ 16.3558523, 78.6431293 ], [ 16.3550237, 78.6412849 ], [ 16.3578136, 78.6379785 ], [ 16.3636976, 78.6354022 ], [ 16.3829246, 78.6293054 ], [ 16.3793883, 78.6276699 ], [ 16.3859261, 78.6123188 ], [ 16.3827159, 78.6076607 ], [ 16.3855407, 78.6034303 ], [ 16.3716068, 78.6011623 ], [ 16.3676608, 78.5969386 ], [ 16.3458817, 78.5910263 ], [ 16.3373525, 78.5821087 ], [ 16.3234726, 78.5795147 ], [ 16.2989249, 78.5676274 ], [ 16.3069341, 78.563421 ], [ 16.2801321, 78.5589697 ], [ 16.247703, 78.5497752 ], [ 16.2349675, 78.548 ], [ 16.2193838, 78.548089 ], [ 16.1808019, 78.5426168 ], [ 16.1118925, 78.5271164 ], [ 16.0698853, 78.5239201 ], [ 16.0495582, 78.5254079 ], [ 16.0415685, 78.5274304 ], [ 16.0363345, 78.5316898 ], [ 16.0277904, 78.5332772 ], [ 16.021579, 78.5338057 ], [ 16.0111547, 78.5319178 ], [ 16.0099667, 78.5224288 ], [ 16.0375932, 78.5129791 ], [ 16.0397835, 78.5101045 ], [ 16.0392045, 78.5095531 ], [ 15.9845091, 78.4892344 ], [ 15.9591841, 78.485026 ], [ 15.9547766, 78.4845076 ], [ 15.9242939, 78.4820865 ], [ 15.9044396, 78.481553 ], [ 15.8965884, 78.4801896 ], [ 15.8676952, 78.4802432 ], [ 15.8591597, 78.478865 ], [ 15.8301082, 78.4770572 ], [ 15.8153532, 78.4765919 ], [ 15.7727469, 78.477429 ], [ 15.7427351, 78.4757922 ], [ 15.6566563, 78.4645931 ], [ 15.6006047, 78.4597818 ], [ 15.5807709, 78.4614387 ], [ 15.4810395, 78.4583125 ], [ 15.4433974, 78.4626276 ], [ 15.4426358, 78.4627768 ], [ 15.3809648, 78.4810669 ], [ 15.3790268, 78.4835207 ], [ 15.3191187, 78.4968432 ], [ 15.3054357, 78.5032612 ], [ 15.2678056, 78.5284421 ], [ 15.2610552, 78.5383639 ], [ 15.2693789, 78.5404634 ], [ 15.2700049, 78.5433686 ], [ 15.2647389, 78.5536432 ], [ 15.2541766, 78.5607738 ], [ 15.2515126, 78.5770061 ], [ 15.240001, 78.5808635 ], [ 15.1969486, 78.5860295 ], [ 15.1903154, 78.5907849 ], [ 15.2098805, 78.5885136 ], [ 15.2207305, 78.5894666 ], [ 15.2266035, 78.5922611 ], [ 15.2539505, 78.5928249 ], [ 15.2559261, 78.5930175 ], [ 15.2578688, 78.5937427 ], [ 15.2565269, 78.5993139 ], [ 15.25586, 78.5999035 ], [ 15.249768, 78.6019289 ], [ 15.2343454, 78.6030982 ], [ 15.2153465, 78.6000097 ], [ 15.2127833, 78.5977135 ], [ 15.2112668, 78.5977662 ], [ 15.2024494, 78.5991404 ], [ 15.2062047, 78.600033 ], [ 15.1993963, 78.6014498 ], [ 15.2062643, 78.6015276 ], [ 15.2017915, 78.6031295 ], [ 15.1933403, 78.6037383 ], [ 15.1878283, 78.6029738 ], [ 15.1875112, 78.6031131 ], [ 15.2073948, 78.6073924 ], [ 15.277846, 78.6088464 ], [ 15.3459609, 78.6113961 ], [ 15.3779745, 78.6133106 ], [ 15.387024, 78.6150949 ], [ 15.3799787, 78.616769 ], [ 15.3798004, 78.6212137 ], [ 15.4191166, 78.6259993 ], [ 15.4279224, 78.6321133 ], [ 15.4578599, 78.6385362 ], [ 15.45578, 78.6410609 ], [ 15.4372793, 78.6462961 ], [ 15.435302, 78.6493934 ], [ 15.4527529, 78.6545441 ], [ 15.448034, 78.6572458 ], [ 15.4590693, 78.6635674 ], [ 15.4783304, 78.6684439 ], [ 15.46875, 78.6738281 ], [ 15.4618078, 78.6746356 ], [ 15.4747943, 78.6803064 ], [ 15.4810646, 78.6869062 ], [ 15.4592905, 78.6960098 ], [ 15.4775468, 78.698652 ], [ 15.4784966, 78.6989603 ], [ 15.4838672, 78.7039177 ], [ 15.4838637, 78.7045004 ], [ 15.4827669, 78.7061715 ], [ 15.46875, 78.7087053 ], [ 15.4636871, 78.7127212 ], [ 15.4781535, 78.7152438 ], [ 15.4873757, 78.7188658 ], [ 15.4863766, 78.7250242 ], [ 15.5023446, 78.740024 ], [ 15.489055, 78.7416708 ], [ 15.4936879, 78.7453042 ], [ 15.4856806, 78.7422678 ], [ 15.4795197, 78.7422363 ], [ 15.4646989, 78.7465521 ], [ 15.46875, 78.7474889 ], [ 15.4567682, 78.7475165 ], [ 15.4447958, 78.75 ], [ 15.4444304, 78.75 ], [ 15.4303312, 78.7533988 ], [ 15.4276398, 78.7557036 ], [ 15.434024, 78.7693291 ], [ 15.4318656, 78.7720475 ], [ 15.4307868, 78.7727147 ], [ 15.4219793, 78.7756364 ], [ 15.3946857, 78.7777756 ], [ 15.4186856, 78.7809786 ], [ 15.4396977, 78.7902935 ], [ 15.439043, 78.7955083 ], [ 15.4327739, 78.7987266 ], [ 15.4352849, 78.8027652 ], [ 15.4483449, 78.8080291 ], [ 15.4463549, 78.8118937 ], [ 15.451351, 78.8145086 ], [ 15.4442803, 78.8271478 ], [ 15.4391602, 78.8289527 ], [ 15.4249473, 78.8303297 ], [ 15.4154952, 78.8287055 ], [ 15.402943, 78.8283072 ], [ 15.3956971, 78.8252457 ], [ 15.3814868, 78.8239216 ], [ 15.3507446, 78.8256896 ], [ 15.3307447, 78.8255082 ], [ 15.3220059, 78.8269284 ], [ 15.305051, 78.8254941 ], [ 15.3003811, 78.8226311 ], [ 15.286236, 78.8226261 ], [ 15.284355, 78.8223735 ], [ 15.2653002, 78.8192102 ], [ 15.2558889, 78.8162612 ], [ 15.2544384, 78.8156353 ], [ 15.236039, 78.7991638 ], [ 15.2347041, 78.7924658 ], [ 15.2167469, 78.7859263 ], [ 15.2158424, 78.785009 ], [ 15.2139004, 78.7742249 ], [ 15.202152, 78.771318 ], [ 15.1785078, 78.7688951 ], [ 15.1714888, 78.7665859 ], [ 15.179441, 78.7570699 ], [ 15.1793351, 78.7540429 ], [ 15.1754832, 78.75 ], [ 15.1731381, 78.7495806 ], [ 15.1617664, 78.7412108 ], [ 15.1603903, 78.7314311 ], [ 15.1622905, 78.7291076 ], [ 15.164573, 78.72776 ], [ 15.173806, 78.725722 ], [ 15.1758426, 78.7253872 ], [ 15.1876287, 78.7254189 ], [ 15.1985945, 78.7240407 ], [ 15.1995636, 78.7238523 ], [ 15.2034045, 78.7213027 ], [ 15.2034065, 78.7185897 ], [ 15.1994663, 78.7169362 ], [ 15.1873266, 78.7145954 ], [ 15.1824445, 78.7139165 ], [ 15.1709884, 78.7133138 ], [ 15.1737555, 78.7080692 ], [ 15.1646065, 78.7058295 ], [ 15.1646692, 78.7052187 ], [ 15.1696475, 78.702359 ], [ 15.2022891, 78.6943138 ], [ 15.2017785, 78.691155 ], [ 15.1790565, 78.6871458 ], [ 15.1788121, 78.6865069 ], [ 15.1857386, 78.6778182 ], [ 15.2207918, 78.6672778 ], [ 15.2417279, 78.6583631 ], [ 15.2419282, 78.6544396 ], [ 15.2488081, 78.6528004 ], [ 15.2144058, 78.6527925 ], [ 15.1836019, 78.655714 ], [ 15.1675975, 78.6590534 ], [ 15.1482764, 78.6585692 ], [ 15.1300197, 78.6550523 ], [ 15.103319, 78.6525915 ], [ 15.075767, 78.6466239 ], [ 15.0715398, 78.6449497 ], [ 15.0722708, 78.6378057 ], [ 15.0617477, 78.6348658 ], [ 15.0477744, 78.633278 ], [ 14.9971491, 78.6324036 ], [ 14.9955949, 78.6301183 ], [ 14.9731115, 78.6231731 ], [ 15.001772, 78.6164519 ], [ 15.0037432, 78.6153371 ], [ 14.9953259, 78.6141539 ], [ 14.9949173, 78.6119519 ], [ 15.022836, 78.6067529 ], [ 15.021928, 78.6038795 ], [ 14.9948347, 78.597766 ], [ 14.975219, 78.5956938 ], [ 14.9523084, 78.5907789 ], [ 14.9507411, 78.5907367 ], [ 14.9344989, 78.6013176 ], [ 14.9196953, 78.6029145 ], [ 14.9116406, 78.6017576 ], [ 14.9052711, 78.6031476 ], [ 14.876681, 78.6156775 ], [ 14.8371108, 78.6213614 ], [ 14.8415595, 78.6276712 ], [ 14.8190178, 78.6326311 ], [ 14.7947335, 78.6353894 ], [ 14.7908425, 78.6382586 ], [ 14.7740073, 78.6422282 ], [ 14.7770402, 78.6518701 ], [ 14.8012707, 78.654838 ], [ 14.8126894, 78.6597813 ], [ 14.8410491, 78.6610512 ], [ 14.855091, 78.6624168 ], [ 14.8642597, 78.6642019 ], [ 14.864221, 78.6685824 ], [ 14.8594346, 78.6710993 ], [ 14.8562622, 78.6721578 ], [ 14.8523771, 78.6728112 ], [ 14.8446786, 78.6729776 ], [ 14.8485409, 78.6761963 ], [ 14.840766, 78.6941599 ], [ 14.8456225, 78.7031909 ], [ 14.8249835, 78.7088469 ], [ 14.8221426, 78.7114673 ], [ 14.8245275, 78.7161558 ], [ 14.8339965, 78.7202728 ], [ 14.833046, 78.721076 ], [ 14.8142734, 78.7281634 ], [ 14.813134, 78.7283781 ], [ 14.8101727, 78.7272424 ], [ 14.7963618, 78.7300004 ] ], [ [ 16.2004323, 78.4605981 ], [ 16.2047228, 78.4605078 ], [ 16.215813, 78.4605052 ], [ 16.2365865, 78.4586068 ], [ 16.2384588, 78.4576066 ], [ 16.2281033, 78.4567995 ], [ 16.2430375, 78.4552665 ], [ 16.2438775, 78.4548593 ], [ 16.2397487, 78.4520242 ], [ 16.2380306, 78.4517165 ], [ 16.2331198, 78.4514343 ], [ 16.2239335, 78.4523016 ], [ 16.2244911, 78.454482 ], [ 16.2171636, 78.4539694 ], [ 16.2009521, 78.4598815 ], [ 16.2003374, 78.4601538 ], [ 16.2004323, 78.4605981 ] ], [ [ 16.2630447, 78.457774 ], [ 16.2676271, 78.4570901 ], [ 16.2640064, 78.4564691 ], [ 16.2573, 78.4565341 ], [ 16.2604697, 78.4576342 ], [ 16.2630447, 78.457774 ] ], [ [ 17.3868994, 77.9484566 ], [ 17.3871953, 77.9486639 ], [ 17.3881609, 77.9484614 ], [ 17.3878146, 77.9482644 ], [ 17.3873374, 77.9481797 ], [ 17.3869361, 77.9482638 ], [ 17.3868994, 77.9484566 ] ], [ [ 17.1696141, 77.9484111 ], [ 17.1689723, 77.9485403 ], [ 17.1688783, 77.9487432 ], [ 17.1691856, 77.9489481 ], [ 17.1709609, 77.9489481 ], [ 17.1712682, 77.9487432 ], [ 17.171174, 77.9485403 ], [ 17.1705323, 77.9484111 ], [ 17.1696141, 77.9484111 ] ], [ [ 17.2085617, 77.9485369 ], [ 17.2088012, 77.9494698 ], [ 17.2165706, 77.9495373 ], [ 17.2110871, 77.9485732 ], [ 17.2085617, 77.9485369 ] ], [ [ 17.3710093, 77.9490914 ], [ 17.3708353, 77.949295 ], [ 17.3711743, 77.949505 ], [ 17.3759472, 77.9495009 ], [ 17.3752456, 77.949257 ], [ 17.3737887, 77.9490407 ], [ 17.3720533, 77.9489806 ], [ 17.3710093, 77.9490914 ] ], [ [ 17.1970201, 77.9494789 ], [ 17.1989511, 77.9494789 ], [ 17.1989009, 77.9493442 ], [ 17.1983867, 77.9492517 ], [ 17.1975842, 77.9492517 ], [ 17.1970702, 77.9493442 ], [ 17.1970201, 77.9494789 ] ], [ [ 17.3767812, 77.9495625 ], [ 17.3764014, 77.9496423 ], [ 17.3766387, 77.9497319 ], [ 17.3772084, 77.9496123 ], [ 17.3767812, 77.9495625 ] ], [ [ 17.2066187, 77.9498519 ], [ 17.2050756, 77.9496086 ], [ 17.2032382, 77.9495414 ], [ 17.2021335, 77.9496526 ], [ 17.2020066, 77.9498436 ], [ 17.2026782, 77.9500061 ], [ 17.2038563, 77.950139 ], [ 17.2052211, 77.9503046 ], [ 17.2069973, 77.9503655 ], [ 17.2071584, 77.9501281 ], [ 17.2066187, 77.9498519 ] ], [ [ 17.3883854, 77.9506021 ], [ 17.3902826, 77.9506092 ], [ 17.3905718, 77.950403 ], [ 17.3904411, 77.9502301 ], [ 17.3897502, 77.9502068 ], [ 17.388869, 77.9503762 ], [ 17.3883854, 77.9506021 ] ], [ [ 17.4011149, 77.950492 ], [ 17.3993012, 77.9502327 ], [ 17.3979853, 77.9501281 ], [ 17.3974974, 77.9502419 ], [ 17.3981909, 77.9505594 ], [ 17.3999711, 77.9509516 ], [ 17.4018254, 77.9512337 ], [ 17.4034743, 77.9514657 ], [ 17.4044287, 77.9513258 ], [ 17.4030334, 77.9509017 ], [ 17.4011149, 77.950492 ] ], [ [ 17.4135543, 77.9546443 ], [ 17.4182978, 77.9556839 ], [ 17.4183224, 77.9554527 ], [ 17.4191796, 77.9531389 ], [ 17.416531, 77.9529696 ], [ 17.413532, 77.9544224 ], [ 17.4135543, 77.9546443 ] ], [ [ 17.425445, 77.9582222 ], [ 17.425741, 77.9584296 ], [ 17.4267066, 77.958227 ], [ 17.4263602, 77.9580301 ], [ 17.4258831, 77.9579453 ], [ 17.4254817, 77.9580295 ], [ 17.425445, 77.9582222 ] ], [ [ 17.4282531, 77.9630446 ], [ 17.4280335, 77.9632512 ], [ 17.4283229, 77.9634579 ], [ 17.4305851, 77.9633777 ], [ 17.4311147, 77.9630862 ], [ 17.4305891, 77.962918 ], [ 17.4292446, 77.9629118 ], [ 17.4282531, 77.9630446 ] ], [ [ 18.2898424, 77.5547156 ], [ 18.2860668, 77.5567338 ], [ 18.2843022, 77.5583864 ], [ 18.2869344, 77.5588413 ], [ 18.2883582, 77.5589195 ], [ 18.2951653, 77.5551747 ], [ 18.2933794, 77.5542396 ], [ 18.2898424, 77.5547156 ] ], [ [ 18.2805949, 77.5621635 ], [ 18.2801237, 77.56247 ], [ 18.278119, 77.564428 ], [ 18.2852538, 77.5636082 ], [ 18.285921, 77.5633858 ], [ 18.285112, 77.5623558 ], [ 18.2843155, 77.5620102 ], [ 18.2805949, 77.5621635 ] ], [ [ 18.6476836, 79.7541904 ], [ 18.6459103, 79.7543534 ], [ 18.6339093, 79.7577111 ], [ 18.6282063, 79.7597748 ], [ 18.6259435, 79.7627012 ], [ 18.6423301, 79.7594929 ], [ 18.6511284, 79.7559969 ], [ 18.6513708, 79.7543221 ], [ 18.6476836, 79.7541904 ] ], [ [ 18.6757212, 79.7598947 ], [ 18.6757448, 79.7596229 ], [ 18.6749418, 79.7594746 ], [ 18.6733593, 79.7595083 ], [ 18.6723195, 79.759792 ], [ 18.6724931, 79.7603139 ], [ 18.6736875, 79.7608829 ], [ 18.6777157, 79.7609324 ], [ 18.6770263, 79.7606179 ], [ 18.6760598, 79.7602435 ], [ 18.6757212, 79.7598947 ] ], [ [ 17.4410414, 77.9693418 ], [ 17.4385693, 77.9676723 ], [ 17.4372503, 77.9676439 ], [ 17.4346412, 77.9687412 ], [ 17.4407784, 77.9696549 ], [ 17.4410414, 77.9693418 ] ], [ [ 17.4771991, 77.9712944 ], [ 17.475751, 77.9712996 ], [ 17.4747481, 77.9714243 ], [ 17.4745421, 77.9716237 ], [ 17.4748454, 77.9718266 ], [ 17.4767805, 77.9715635 ], [ 17.4777085, 77.9714878 ], [ 17.4779859, 77.9713826 ], [ 17.4771991, 77.9712944 ] ], [ [ 17.9501103, 79.5293177 ], [ 17.9493746, 79.5295886 ], [ 17.9492667, 79.5300452 ], [ 17.9496191, 79.5304679 ], [ 17.951654, 79.5304679 ], [ 17.9520062, 79.5300452 ], [ 17.9518985, 79.5295886 ], [ 17.9511628, 79.5293177 ], [ 17.9501103, 79.5293177 ] ], [ [ 17.9445029, 79.5331937 ], [ 17.92202, 79.5371023 ], [ 17.9173414, 79.5395966 ], [ 17.927177, 79.5395796 ], [ 17.948648, 79.5358597 ], [ 17.9499481, 79.5335326 ], [ 17.9485033, 79.5331321 ], [ 17.9445029, 79.5331937 ] ], [ [ 17.7566615, 79.6057686 ], [ 17.7613261, 79.6072959 ], [ 17.7620389, 79.607644 ], [ 17.7677394, 79.607142 ], [ 17.7566615, 79.6057686 ] ], [ [ 17.7508023, 79.6070288 ], [ 17.7497725, 79.6070215 ], [ 17.7486728, 79.6072906 ], [ 17.748243, 79.6076813 ], [ 17.7484204, 79.6080282 ], [ 17.7520694, 79.6080108 ], [ 17.7523595, 79.6077946 ], [ 17.7522047, 79.6075315 ], [ 17.7515684, 79.6072459 ], [ 17.7508023, 79.6070288 ] ], [ [ 17.7752635, 79.6078486 ], [ 17.7690367, 79.6082504 ], [ 17.7680212, 79.60887 ], [ 17.771643, 79.6088229 ], [ 17.7752635, 79.6078486 ] ], [ [ 17.9955612, 79.6926643 ], [ 17.9967195, 79.6924411 ], [ 17.9965596, 79.6922963 ], [ 17.9953154, 79.692301 ], [ 17.9936931, 79.6924165 ], [ 17.992281, 79.6925451 ], [ 17.9914979, 79.6927028 ], [ 17.9914345, 79.6928977 ], [ 17.9918392, 79.6930892 ], [ 17.9938555, 79.6928453 ], [ 17.9955612, 79.6926643 ] ], [ [ 18.6618415, 79.7629306 ], [ 18.6657431, 79.7627965 ], [ 18.6659781, 79.7624469 ], [ 18.6607269, 79.7598803 ], [ 18.6566263, 79.7597429 ], [ 18.6553514, 79.759988 ], [ 18.6618415, 79.7629306 ] ], [ [ 18.6244446, 79.7640506 ], [ 18.6251177, 79.7636318 ], [ 18.6252105, 79.7631701 ], [ 18.6244708, 79.7629346 ], [ 18.6231402, 79.76296 ], [ 18.6218024, 79.7631329 ], [ 18.6210082, 79.7635065 ], [ 18.6209233, 79.7640749 ], [ 18.6213133, 79.7645864 ], [ 18.6231329, 79.7645553 ], [ 18.6237801, 79.7643454 ], [ 18.6244446, 79.7640506 ] ], [ [ 18.5277174, 79.7672435 ], [ 18.5369176, 79.767113 ], [ 18.5381581, 79.766741 ], [ 18.5384681, 79.76609 ], [ 18.5315701, 79.76443 ], [ 18.5249168, 79.7659683 ], [ 18.5277174, 79.7672435 ] ], [ [ 18.466125, 79.7670511 ], [ 18.4618951, 79.7671946 ], [ 18.4626899, 79.7690395 ], [ 18.4685204, 79.7682991 ], [ 18.466125, 79.7670511 ] ], [ [ 18.5135289, 79.7722327 ], [ 18.5095148, 79.7701246 ], [ 18.491488, 79.7707644 ], [ 18.4793326, 79.7730236 ], [ 18.4867409, 79.7745618 ], [ 18.4963588, 79.7753741 ], [ 18.5025024, 79.775388 ], [ 18.5038759, 79.7749269 ], [ 18.5117036, 79.7730795 ], [ 18.5135289, 79.7722327 ] ], [ [ 18.5729629, 79.7807128 ], [ 18.5730113, 79.7834256 ], [ 18.5764949, 79.784023 ], [ 18.5786312, 79.7838252 ], [ 18.5847158, 79.781593 ], [ 18.5794069, 79.7799439 ], [ 18.5770158, 79.7798738 ], [ 18.5729629, 79.7807128 ] ], [ [ 18.4086967, 79.7914532 ], [ 18.4089013, 79.7917302 ], [ 18.4101192, 79.7920883 ], [ 18.4133846, 79.7916698 ], [ 18.4127069, 79.7914512 ], [ 18.4114451, 79.7913136 ], [ 18.4097286, 79.7913089 ], [ 18.4086967, 79.7914532 ] ], [ [ 18.3585553, 79.7957357 ], [ 18.3601633, 79.794856 ], [ 18.3592798, 79.7946833 ], [ 18.3543844, 79.7955409 ], [ 18.3543822, 79.7958142 ], [ 18.3585553, 79.7957357 ] ], [ [ 16.8003604, 77.9134732 ], [ 16.8014308, 77.9130116 ], [ 16.8011999, 77.9124994 ], [ 16.7926081, 77.9123586 ], [ 16.789856, 77.9122443 ], [ 16.7953461, 77.9133714 ], [ 16.8003604, 77.9134732 ] ], [ [ 16.4572726, 78.9430052 ], [ 16.4580632, 78.9426163 ], [ 16.4568551, 78.9417185 ], [ 16.4537914, 78.9419075 ], [ 16.4507474, 78.9436795 ], [ 16.4572726, 78.9430052 ] ], [ [ 16.4510996, 78.9452667 ], [ 16.4496825, 78.9465035 ], [ 16.4515147, 78.9476085 ], [ 16.4532493, 78.9475803 ], [ 16.4524512, 78.946419 ], [ 16.4638692, 78.9450144 ], [ 16.4628632, 78.9448063 ], [ 16.4510996, 78.9452667 ] ], [ [ 16.4374403, 78.9467468 ], [ 16.4374028, 78.9463722 ], [ 16.4363751, 78.946152 ], [ 16.4347585, 78.9461834 ], [ 16.4336745, 78.946521 ], [ 16.433463, 78.9470955 ], [ 16.4338027, 78.9476207 ], [ 16.435554, 78.9475822 ], [ 16.4361778, 78.9473743 ], [ 16.4368191, 78.9471012 ], [ 16.4374403, 78.9467468 ] ], [ [ 16.4561412, 78.950361 ], [ 16.4566205, 78.9499179 ], [ 16.4533461, 78.949622 ], [ 16.4515547, 78.9500545 ], [ 16.4511064, 78.9512695 ], [ 16.4561412, 78.950361 ] ], [ [ 16.4256681, 78.9608709 ], [ 16.4251562, 78.9604814 ], [ 16.4249403, 78.9601471 ], [ 16.4241712, 78.9599661 ], [ 16.4233001, 78.9601249 ], [ 16.422805, 78.9605927 ], [ 16.4230767, 78.9611413 ], [ 16.4245533, 78.9617393 ], [ 16.4271826, 78.9618242 ], [ 16.4272414, 78.9615918 ], [ 16.4267009, 78.9612741 ], [ 16.4256681, 78.9608709 ] ], [ [ 16.2667481, 79.0072368 ], [ 16.2829419, 79.0019361 ], [ 16.2822372, 78.9998871 ], [ 16.2741956, 78.9979122 ], [ 16.2716118, 78.9978069 ], [ 16.2622648, 79.0016359 ], [ 16.2667481, 79.0072368 ] ], [ [ 16.2609398, 79.0115294 ], [ 16.2608441, 79.0121717 ], [ 16.2655818, 79.0148392 ], [ 16.266082, 79.0146496 ], [ 16.2702249, 79.0118988 ], [ 16.2675902, 79.0096871 ], [ 16.2667136, 79.0095028 ], [ 16.2609398, 79.0115294 ] ], [ [ 16.3203657, 79.0151817 ], [ 16.3205298, 79.0156728 ], [ 16.3253808, 79.0157455 ], [ 16.3256868, 79.0141737 ], [ 16.324922, 79.0137181 ], [ 16.3203657, 79.0151817 ] ], [ [ 15.6881133, 79.1015625 ], [ 15.6871392, 79.1015625 ], [ 15.6878771, 79.1018066 ], [ 15.6893528, 79.1020159 ], [ 15.6908283, 79.1020159 ], [ 15.6923038, 79.1018066 ], [ 15.6930416, 79.1015625 ], [ 15.6953771, 79.1015625 ], [ 15.6956279, 79.1007949 ], [ 15.6943876, 79.1007771 ], [ 15.6927334, 79.1008826 ], [ 15.690757, 79.1011121 ], [ 15.6891028, 79.1012974 ], [ 15.6878626, 79.1014413 ], [ 15.6881133, 79.1015625 ] ], [ [ 16.1168104, 79.1308205 ], [ 16.1280152, 79.1295542 ], [ 16.1243708, 79.1266855 ], [ 16.128013, 79.1229758 ], [ 16.1266587, 79.1227926 ], [ 16.1060427, 79.1244063 ], [ 16.1091669, 79.1295044 ], [ 16.0966448, 79.1307473 ], [ 16.0948845, 79.1320512 ], [ 16.1051435, 79.134429 ], [ 16.1133919, 79.1330922 ], [ 16.1104757, 79.1316329 ], [ 16.1168104, 79.1308205 ] ], [ [ 15.7800506, 79.2017207 ], [ 15.7837615, 79.201972 ], [ 15.7843055, 79.2018228 ], [ 15.7887945, 79.1986837 ], [ 15.7852261, 79.1984794 ], [ 15.7773663, 79.1991827 ], [ 15.7800506, 79.2017207 ] ], [ [ 16.0878596, 79.8736954 ], [ 16.0863223, 79.8736249 ], [ 16.0852371, 79.8737448 ], [ 16.0846583, 79.8739964 ], [ 16.0845929, 79.8743225 ], [ 16.0853676, 79.8746945 ], [ 16.0882112, 79.8747004 ], [ 16.089267, 79.8743101 ], [ 16.089173, 79.8739583 ], [ 16.0878596, 79.8736954 ] ], [ [ 18.353215, 79.7981313 ], [ 18.3537617, 79.7978311 ], [ 18.353439, 79.7975267 ], [ 18.352043, 79.7973151 ], [ 18.3503153, 79.7973073 ], [ 18.3488708, 79.7974569 ], [ 18.3480885, 79.7978231 ], [ 18.3480319, 79.7983916 ], [ 18.348442, 79.7989051 ], [ 18.350408, 79.7985911 ], [ 18.3515781, 79.798519 ], [ 18.3524936, 79.7983729 ], [ 18.353215, 79.7981313 ] ], [ [ 18.6181198, 79.7993673 ], [ 18.6203724, 79.7993673 ], [ 18.6203138, 79.7992326 ], [ 18.6197141, 79.79914 ], [ 18.6187781, 79.79914 ], [ 18.6181782, 79.7992326 ], [ 18.6181198, 79.7993673 ] ], [ [ 18.5689526, 79.7998604 ], [ 18.5697681, 79.8001525 ], [ 18.5713903, 79.8000391 ], [ 18.57086, 79.7998194 ], [ 18.5700215, 79.7996839 ], [ 18.5691249, 79.799691 ], [ 18.5689526, 79.7998604 ] ], [ [ 18.601065, 79.8024365 ], [ 18.6033174, 79.8024365 ], [ 18.603259, 79.8023016 ], [ 18.6026593, 79.8022093 ], [ 18.6017231, 79.8022093 ], [ 18.6011235, 79.8023016 ], [ 18.601065, 79.8024365 ] ], [ [ 18.3246295, 79.807555 ], [ 18.3244491, 79.8078789 ], [ 18.325473, 79.8082792 ], [ 18.32818, 79.8083555 ], [ 18.3283188, 79.8080056 ], [ 18.3276871, 79.8076311 ], [ 18.3261029, 79.8074282 ], [ 18.3246295, 79.807555 ] ], [ [ 18.315145, 79.8141561 ], [ 18.3131545, 79.8153504 ], [ 18.3172948, 79.8148853 ], [ 18.3166977, 79.8143882 ], [ 18.315145, 79.8141561 ] ], [ [ 18.4244587, 79.9582179 ], [ 18.4236606, 79.9574631 ], [ 18.4152286, 79.9556179 ], [ 18.4162, 79.9527522 ], [ 18.4059433, 79.9538627 ], [ 18.4051673, 79.9540882 ], [ 18.4049532, 79.9557738 ], [ 18.4054143, 79.9561861 ], [ 18.4094684, 79.9570925 ], [ 18.4189906, 79.9573374 ], [ 18.4207286, 79.9581784 ], [ 18.4244587, 79.9582179 ] ], [ [ 18.325518, 79.9495544 ], [ 18.3234521, 79.9495376 ], [ 18.3189547, 79.9497935 ], [ 18.3171837, 79.9499166 ], [ 18.3175513, 79.9527137 ], [ 18.3064606, 79.9569619 ], [ 18.2916518, 79.9591342 ], [ 18.2715706, 79.9592237 ], [ 18.2420259, 79.9569299 ], [ 18.239704, 79.9568328 ], [ 18.2226073, 79.9573061 ], [ 18.2158012, 79.9569693 ], [ 18.1716172, 79.9539257 ], [ 18.1777658, 79.9535859 ], [ 18.1678098, 79.9530535 ], [ 18.1609489, 79.9511265 ], [ 18.1537914, 79.9483438 ], [ 18.1570677, 79.9467695 ], [ 18.1313022, 79.9408321 ], [ 18.1270885, 79.9400986 ], [ 18.1246616, 79.9401267 ], [ 18.1108782, 79.9433895 ], [ 18.0975118, 79.9440705 ], [ 18.0963047, 79.944499 ], [ 18.101446, 79.9516801 ], [ 18.1367216, 79.9595875 ], [ 18.1561949, 79.9631211 ], [ 18.1997935, 79.9698911 ], [ 18.2105829, 79.9682931 ], [ 18.2149531, 79.9680556 ], [ 18.2270513, 79.9683851 ], [ 18.2291464, 79.968662 ], [ 18.2440665, 79.9720628 ], [ 18.2637606, 79.9740179 ], [ 18.2660847, 79.9745523 ], [ 18.2704014, 79.9783489 ], [ 18.2724744, 79.9784905 ], [ 18.2821438, 79.978792 ], [ 18.2892978, 79.9768142 ], [ 18.2986629, 79.9763244 ], [ 18.3017446, 79.9804687 ], [ 18.2949365, 79.9816633 ], [ 18.2943555, 79.982159 ], [ 18.2965568, 79.9831296 ], [ 18.2992415, 79.9833688 ], [ 18.308735, 79.9816865 ], [ 18.3064742, 79.9804687 ], [ 18.3064266, 79.9800506 ], [ 18.3180614, 79.978146 ], [ 18.318944, 79.9774405 ], [ 18.3174742, 79.9706692 ], [ 18.3465276, 79.9658583 ], [ 18.3429492, 79.961356 ], [ 18.3665318, 79.9528672 ], [ 18.351494, 79.9504324 ], [ 18.341365, 79.9519656 ], [ 18.3390642, 79.9519652 ], [ 18.3304127, 79.9515553 ], [ 18.325518, 79.9495544 ] ], [ [ 18.524978, 79.9724084 ], [ 18.5095974, 79.97334 ], [ 18.5124499, 79.9747728 ], [ 18.5179367, 79.9766649 ], [ 18.5232635, 79.9770863 ], [ 18.5346493, 79.976445 ], [ 18.553084, 79.9758793 ], [ 18.552767, 79.9754143 ], [ 18.524978, 79.9724084 ] ], [ [ 18.1595561, 79.9842426 ], [ 18.1678853, 79.9888643 ], [ 18.1757996, 79.9888294 ], [ 18.1786513, 79.9876344 ], [ 18.1832225, 79.9844321 ], [ 18.1763716, 79.9834315 ], [ 18.1734498, 79.9833076 ], [ 18.1595561, 79.9842426 ] ], [ [ 18.4652739, 79.9796509 ], [ 18.449352, 79.9744961 ], [ 18.4273558, 79.974298 ], [ 18.4097697, 79.9716403 ], [ 18.3840348, 79.9702786 ], [ 18.390071, 79.9767102 ], [ 18.3821468, 79.9804687 ], [ 18.3726878, 79.9804687 ], [ 18.3679289, 79.978899 ], [ 18.35501, 79.9804687 ], [ 18.3448863, 79.9862443 ], [ 18.3557593, 79.9870983 ], [ 18.3591326, 79.9904044 ], [ 18.337616, 79.9980083 ], [ 18.3400998, 80.0021437 ], [ 18.3299018, 80.0053526 ], [ 18.350826, 80.0041261 ], [ 18.3563483, 80.001766 ], [ 18.3534909, 79.9981713 ], [ 18.3596936, 79.9980863 ], [ 18.3789541, 79.992879 ], [ 18.3890644, 79.9928699 ], [ 18.3888516, 79.9901443 ], [ 18.4013053, 79.9846121 ], [ 18.3971521, 79.9803704 ], [ 18.4137899, 79.9794455 ], [ 18.4272553, 79.9801203 ], [ 18.436289, 79.9791142 ], [ 18.4353437, 79.9809324 ], [ 18.4273247, 79.9816267 ], [ 18.4328463, 79.9835135 ], [ 18.4627054, 79.9808902 ], [ 18.4652739, 79.9796509 ] ], [ [ 18.0474046, 79.9874659 ], [ 18.0401171, 79.9853227 ], [ 18.0383995, 79.9851545 ], [ 18.0102514, 79.9879971 ], [ 18.0226153, 79.9917353 ], [ 18.0291746, 79.9967141 ], [ 18.0341178, 79.9963628 ], [ 18.0385664, 79.9924777 ], [ 18.0480849, 79.9914492 ], [ 18.0481899, 79.988349 ], [ 18.0474046, 79.9874659 ] ], [ [ 18.5668629, 79.9937074 ], [ 18.5636734, 79.9931757 ], [ 18.5596482, 79.9930462 ], [ 18.5570104, 79.9937809 ], [ 18.5655406, 79.9952527 ], [ 18.5668629, 79.9937074 ] ], [ [ 18.2301096, 79.9986732 ], [ 18.2304586, 79.9988791 ], [ 18.2327473, 79.998872 ], [ 18.2321639, 79.9986463 ], [ 18.2311009, 79.9984767 ], [ 18.2302674, 79.9985002 ], [ 18.2301096, 79.9986732 ] ], [ [ 18.1556965, 80.0003302 ], [ 18.1651413, 79.9987853 ], [ 18.1624001, 79.996895 ], [ 18.1722202, 79.9956313 ], [ 18.1721354, 79.9953818 ], [ 18.1695235, 79.9945034 ], [ 18.1640003, 79.9939322 ], [ 18.1487588, 79.9943945 ], [ 18.1413661, 79.9978936 ], [ 18.1339303, 80.0023208 ], [ 18.1489381, 80.0058845 ], [ 18.1527055, 80.0058808 ], [ 18.1574485, 80.0028603 ], [ 18.1547658, 80.0007631 ], [ 18.1556965, 80.0003302 ] ], [ [ 18.4376884, 80.0024275 ], [ 18.4385316, 80.0027195 ], [ 18.4402092, 80.002606 ], [ 18.4396609, 80.0023863 ], [ 18.4387937, 80.0022509 ], [ 18.4378663, 80.0022579 ], [ 18.4376884, 80.0024275 ] ], [ [ 11.9462107, 78.2097064 ], [ 11.9457966, 78.2096258 ], [ 11.9453214, 78.209711 ], [ 11.9447216, 78.2098857 ], [ 11.9436423, 78.2100321 ], [ 11.9423066, 78.2101458 ], [ 11.9418048, 78.2103235 ], [ 11.9423602, 78.2105967 ], [ 11.9464881, 78.2099001 ], [ 11.9462107, 78.2097064 ] ], [ [ 11.953125, 78.2223771 ], [ 11.9553138, 78.2222975 ], [ 11.9556504, 78.222138 ], [ 11.9556504, 78.2217793 ], [ 11.9553138, 78.2216198 ], [ 11.953125, 78.2215402 ], [ 11.953125, 78.2220982 ], [ 11.9524513, 78.2220982 ], [ 11.9517781, 78.2222377 ], [ 11.9517781, 78.2226563 ], [ 11.953125, 78.2226563 ], [ 11.953125, 78.2223771 ] ], [ [ 11.8955967, 78.2254759 ], [ 11.8945864, 78.225605 ], [ 11.8943928, 78.2258079 ], [ 11.8947145, 78.2260129 ], [ 11.8979957, 78.2260129 ], [ 11.8983173, 78.2258079 ], [ 11.8981237, 78.225605 ], [ 11.8971136, 78.2254759 ], [ 11.8955967, 78.2254759 ] ], [ [ 11.937978, 78.2292742 ], [ 11.9514487, 78.2232289 ], [ 11.950182, 78.2229398 ], [ 11.9464844, 78.2232503 ], [ 11.9382271, 78.226858 ], [ 11.937978, 78.2292742 ] ], [ [ 11.8158367, 78.2491968 ], [ 11.8152275, 78.2494454 ], [ 11.8176175, 78.2493633 ], [ 11.81833, 78.2490726 ], [ 11.8180813, 78.2489229 ], [ 11.816992, 78.2489765 ], [ 11.8158367, 78.2491968 ] ], [ [ 11.6100014, 78.3221606 ], [ 11.6069407, 78.3201549 ], [ 11.6047965, 78.3198808 ], [ 11.6024448, 78.3204046 ], [ 11.6064599, 78.3229115 ], [ 11.6100014, 78.3221606 ] ], [ [ 11.5863215, 78.3400489 ], [ 11.5903825, 78.3365842 ], [ 11.5918067, 78.3319201 ], [ 11.5816214, 78.3355393 ], [ 11.5727487, 78.3361793 ], [ 11.5669585, 78.3354604 ], [ 11.5683326, 78.3423254 ], [ 11.5704755, 78.3441143 ], [ 11.5727727, 78.3437421 ], [ 11.5855188, 78.3403862 ], [ 11.5863215, 78.3400489 ] ], [ [ 12.6405158, 78.5033776 ], [ 12.6398462, 78.5035067 ], [ 12.6397479, 78.5037097 ], [ 12.6400686, 78.5039147 ], [ 12.6419209, 78.5039147 ], [ 12.6422415, 78.5037097 ], [ 12.6421434, 78.5035067 ], [ 12.6414738, 78.5033776 ], [ 12.6405158, 78.5033776 ] ], [ [ 11.5179237, 78.3576241 ], [ 11.5242419, 78.3605629 ], [ 11.5272943, 78.3605204 ], [ 11.5358057, 78.3557376 ], [ 11.5343301, 78.3545229 ], [ 11.5173947, 78.3553289 ], [ 11.5179237, 78.3576241 ] ], [ [ 11.3998649, 78.4210404 ], [ 11.4035977, 78.421114 ], [ 11.4037883, 78.4206556 ], [ 11.4019545, 78.4197551 ], [ 11.4002683, 78.419733 ], [ 11.3989112, 78.4205315 ], [ 11.3998649, 78.4210404 ] ], [ [ 11.2071888, 78.4554321 ], [ 11.2074978, 78.4556394 ], [ 11.2085052, 78.4554368 ], [ 11.2081439, 78.4552398 ], [ 11.207646, 78.4551551 ], [ 11.2072273, 78.4552394 ], [ 11.2071888, 78.4554321 ] ], [ [ 10.986405, 78.512507 ], [ 10.9908574, 78.5117874 ], [ 10.9891858, 78.5117435 ], [ 10.9873838, 78.511833 ], [ 10.9863026, 78.5121179 ], [ 10.986405, 78.512507 ] ], [ [ 11.2564574, 78.5462244 ], [ 11.258145, 78.5467891 ], [ 11.2600394, 78.5465722 ], [ 11.2589145, 78.5459785 ], [ 11.2573904, 78.5456848 ], [ 11.2562052, 78.5458158 ], [ 11.2564574, 78.5462244 ] ], [ [ 10.7976002, 78.8742526 ], [ 10.8136383, 78.8716273 ], [ 10.8398734, 78.8702358 ], [ 10.8656985, 78.8609085 ], [ 10.8947213, 78.8553942 ], [ 10.8992276, 78.8522142 ], [ 10.9010385, 78.8517776 ], [ 10.9243165, 78.8487304 ], [ 10.9333004, 78.8454562 ], [ 10.9767014, 78.8375664 ], [ 10.9977419, 78.8305126 ], [ 11.0049902, 78.8262333 ], [ 11.0045546, 78.8248997 ], [ 10.9843795, 78.8147501 ], [ 10.9811935, 78.8138146 ], [ 10.9616857, 78.8120769 ], [ 10.9613326, 78.8121997 ], [ 10.9859594, 78.8196141 ], [ 10.9723216, 78.8220689 ], [ 10.9715493, 78.8221498 ], [ 10.940474, 78.8241763 ], [ 10.9396687, 78.824071 ], [ 10.9603425, 78.8195674 ], [ 10.9393851, 78.8208187 ], [ 10.9252535, 78.8202984 ], [ 10.9253361, 78.8200479 ], [ 10.9571989, 78.8179433 ], [ 10.9543056, 78.8096133 ], [ 10.9269762, 78.8058518 ], [ 10.9004337, 78.8052053 ], [ 10.8956414, 78.8034492 ], [ 10.9103343, 78.7979054 ], [ 10.9018356, 78.7966182 ], [ 10.8962287, 78.7992992 ], [ 10.8838201, 78.7990845 ], [ 10.8936434, 78.7978079 ], [ 10.8949966, 78.7951064 ], [ 10.8798182, 78.7947071 ], [ 10.8788238, 78.7939543 ], [ 10.8792906, 78.7934647 ], [ 10.8989151, 78.7890992 ], [ 10.8954175, 78.7917114 ], [ 10.9116755, 78.7923421 ], [ 10.9118456, 78.7900021 ], [ 10.9189132, 78.7882291 ], [ 10.9048643, 78.7871718 ], [ 10.9393244, 78.7764198 ], [ 10.9375952, 78.774859 ], [ 10.963551, 78.7676353 ], [ 10.963644, 78.765413 ], [ 10.9925491, 78.7658339 ], [ 10.9950511, 78.7693803 ], [ 11.0103766, 78.7660664 ], [ 11.0031917, 78.7638839 ], [ 11.0146987, 78.7625256 ], [ 11.029206, 78.7647587 ], [ 11.038745, 78.764425 ], [ 11.052549, 78.7670153 ], [ 11.0594474, 78.7660348 ], [ 11.0626653, 78.7700737 ], [ 11.0519853, 78.7716832 ], [ 11.0403908, 78.7704737 ], [ 11.0266875, 78.7738256 ], [ 11.020624, 78.7734714 ], [ 11.0045408, 78.7759194 ], [ 10.994861, 78.7757328 ], [ 10.9537072, 78.7897291 ], [ 10.9519516, 78.7955015 ], [ 10.966924, 78.7870907 ], [ 10.9944301, 78.7796884 ], [ 11.0000648, 78.778591 ], [ 11.0316561, 78.7742288 ], [ 11.0890905, 78.7690808 ], [ 11.090571, 78.7688421 ], [ 11.121281, 78.7615767 ], [ 11.122911, 78.7583504 ], [ 11.1409723, 78.7535156 ], [ 11.1412767, 78.75 ], [ 11.1415017, 78.75 ], [ 11.1439691, 78.747099 ], [ 11.1453874, 78.7463918 ], [ 11.1638321, 78.7406977 ], [ 11.16487, 78.7402002 ], [ 11.1716858, 78.7324228 ], [ 11.1727496, 78.7318468 ], [ 11.1872664, 78.7275118 ], [ 11.1438342, 78.7240107 ], [ 11.0915505, 78.7162899 ], [ 11.0686166, 78.7062585 ], [ 11.0496153, 78.7083857 ], [ 11.0266927, 78.7092175 ], [ 11.0472208, 78.7003576 ], [ 11.049027, 78.6971712 ], [ 11.0252444, 78.6922144 ], [ 11.0207664, 78.6897137 ], [ 11.0252444, 78.6847794 ], [ 11.0308526, 78.6822861 ], [ 11.0389074, 78.6817501 ], [ 11.0603884, 78.6838375 ], [ 11.0637784, 78.6807668 ], [ 11.060469, 78.675751 ], [ 11.0457416, 78.6755739 ], [ 11.0396016, 78.6726772 ], [ 11.0269125, 78.6703438 ], [ 11.0207726, 78.6659985 ], [ 11.0391923, 78.6610096 ], [ 11.0952697, 78.6634237 ], [ 11.1067309, 78.6650329 ], [ 11.1108242, 78.6688952 ], [ 11.1382654, 78.6695551 ], [ 11.1490719, 78.6650705 ], [ 11.1378452, 78.6568815 ], [ 11.1529322, 78.6548017 ], [ 11.1665829, 78.6491748 ], [ 11.1509162, 78.65277 ], [ 11.1404188, 78.6523675 ], [ 11.1273407, 78.6494493 ], [ 11.131918, 78.6433553 ], [ 11.1384598, 78.6413606 ], [ 11.1110138, 78.6424541 ], [ 11.1060637, 78.6405014 ], [ 11.103779, 78.6293864 ], [ 11.1094908, 78.6264575 ], [ 11.1087292, 78.6203742 ], [ 11.0874053, 78.6155676 ], [ 11.0889283, 78.6117374 ], [ 11.1041598, 78.6108361 ], [ 11.146046, 78.6115872 ], [ 11.1757473, 78.6184967 ], [ 11.1906867, 78.6193227 ], [ 11.2141025, 78.6201729 ], [ 11.2155179, 78.6201704 ], [ 11.2428972, 78.619498 ], [ 11.25, 78.6188616 ], [ 11.2588701, 78.6173348 ], [ 11.2591825, 78.6170402 ], [ 11.2540512, 78.6098517 ], [ 11.2235878, 78.5955735 ], [ 11.2241971, 78.5912454 ], [ 11.2249386, 78.589902 ], [ 11.2333502, 78.5852723 ], [ 11.2551455, 78.5843505 ], [ 11.259528, 78.5760469 ], [ 11.2840018, 78.570942 ], [ 11.3013254, 78.5589021 ], [ 11.3013217, 78.558615 ], [ 11.264376, 78.5547616 ], [ 11.2619984, 78.5542163 ], [ 11.2594115, 78.5494351 ], [ 11.2578381, 78.5486313 ], [ 11.25, 78.5485491 ], [ 11.2479197, 78.5482701 ], [ 11.2461625, 78.5452549 ], [ 11.2314664, 78.54513 ], [ 11.2260463, 78.5439163 ], [ 11.2253988, 78.5432972 ], [ 11.2319233, 78.5380411 ], [ 11.25, 78.5373884 ], [ 11.253278, 78.5371474 ], [ 11.258195, 78.5391515 ], [ 11.277557, 78.5403821 ], [ 11.2950259, 78.5437227 ], [ 11.3309596, 78.5433465 ], [ 11.3465213, 78.5458165 ], [ 11.3797857, 78.546351 ], [ 11.3879665, 78.5474101 ], [ 11.4359441, 78.5483103 ], [ 11.4540092, 78.5474466 ], [ 11.4548301, 78.5399117 ], [ 11.4430524, 78.5313218 ], [ 11.4591119, 78.5219511 ], [ 11.4636182, 78.5102066 ], [ 11.4740052, 78.506568 ], [ 11.4948003, 78.5027637 ], [ 11.5007536, 78.4965053 ], [ 11.5457851, 78.4826145 ], [ 11.5485628, 78.4793801 ], [ 11.5705301, 78.4703965 ], [ 11.6241167, 78.4599688 ], [ 11.6389751, 78.4543304 ], [ 11.6708685, 78.4500912 ], [ 11.7358539, 78.4456403 ], [ 11.8109744, 78.4439173 ], [ 11.8952186, 78.4449419 ], [ 11.8640141, 78.4309335 ], [ 11.8563737, 78.4177427 ], [ 11.8487943, 78.4165879 ], [ 11.8522629, 78.4143621 ], [ 11.8445703, 78.4114327 ], [ 11.8386272, 78.4042314 ], [ 11.8383592, 78.3943672 ], [ 11.8468401, 78.390475 ], [ 11.8789144, 78.3880287 ], [ 11.8910391, 78.3849256 ], [ 11.883009, 78.3724917 ], [ 11.892287, 78.3680611 ], [ 11.9189996, 78.3603987 ], [ 11.9446268, 78.3558087 ], [ 11.9549341, 78.335475 ], [ 11.9691923, 78.3278497 ], [ 11.9756762, 78.3196825 ], [ 11.984026, 78.3180934 ], [ 11.9933577, 78.318018 ], [ 12.0182691, 78.3131254 ], [ 12.0338686, 78.3015476 ], [ 12.0449787, 78.3007011 ], [ 12.0448257, 78.2967364 ], [ 12.057126, 78.2936738 ], [ 12.0618232, 78.2862589 ], [ 12.0671901, 78.2841347 ], [ 12.0865815, 78.2818785 ], [ 12.0655791, 78.2761149 ], [ 12.0531337, 78.2699288 ], [ 12.0526303, 78.2659864 ], [ 12.0649878, 78.2616376 ], [ 12.0876672, 78.2570235 ], [ 12.082617, 78.2523673 ], [ 12.087139, 78.2479014 ], [ 12.0984917, 78.2442367 ], [ 12.1138581, 78.2431608 ], [ 12.1127623, 78.2383803 ], [ 12.1216112, 78.2334116 ], [ 12.1283625, 78.2322659 ], [ 12.1376212, 78.2241741 ], [ 12.1328932, 78.2242978 ], [ 12.1194245, 78.2317899 ], [ 12.1150461, 78.2308409 ], [ 12.1223512, 78.2260687 ], [ 12.119346, 78.2233458 ], [ 12.1406826, 78.2152705 ], [ 12.1440234, 78.2091122 ], [ 12.155139, 78.2078977 ], [ 12.1554542, 78.2040277 ], [ 12.1532938, 78.2032216 ], [ 12.1513146, 78.2032645 ], [ 12.1436996, 78.2068841 ], [ 12.1280161, 78.2062739 ], [ 12.1221669, 78.2080358 ], [ 12.1093034, 78.2081439 ], [ 12.1081352, 78.2083106 ], [ 12.103862, 78.210862 ], [ 12.0945596, 78.2079093 ], [ 12.0928735, 78.2079821 ], [ 12.0883023, 78.2088513 ], [ 12.0836672, 78.2125262 ], [ 12.0831518, 78.2125719 ], [ 12.0793576, 78.2100371 ], [ 12.0749789, 78.209716 ], [ 12.0735509, 78.2099131 ], [ 12.0508046, 78.2165163 ], [ 12.0366261, 78.2155765 ], [ 12.0275512, 78.220593 ], [ 12.0255055, 78.2176496 ], [ 12.0210629, 78.2169656 ], [ 12.0195254, 78.2169982 ], [ 12.012417, 78.2209502 ], [ 12.0038193, 78.2204651 ], [ 11.9957327, 78.2221322 ], [ 11.9954365, 78.2204387 ], [ 11.994553, 78.2204481 ], [ 11.9917707, 78.221036 ], [ 11.9754993, 78.2286128 ], [ 11.9825184, 78.2233908 ], [ 11.9770706, 78.218774 ], [ 11.9653056, 78.2209529 ], [ 11.9667897, 78.2243127 ], [ 11.9630539, 78.2230767 ], [ 11.9582562, 78.2235221 ], [ 11.9481177, 78.2297312 ], [ 11.9408416, 78.2306314 ], [ 11.9262235, 78.2303617 ], [ 11.94639, 78.2226563 ], [ 11.9454519, 78.22159 ], [ 11.9380774, 78.2227957 ], [ 11.9418776, 78.2199225 ], [ 11.9172667, 78.2219334 ], [ 11.8983103, 78.2278169 ], [ 11.8756676, 78.2272962 ], [ 11.8709003, 78.2286407 ], [ 11.8752532, 78.2288711 ], [ 11.8590937, 78.2311229 ], [ 11.8598319, 78.233566 ], [ 11.8497053, 78.2348344 ], [ 11.8403009, 78.2421871 ], [ 11.8295536, 78.2447456 ], [ 11.8338093, 78.2464987 ], [ 11.8288046, 78.2511898 ], [ 11.8276324, 78.2492433 ], [ 11.82201, 78.2493387 ], [ 11.8290404, 78.2538008 ], [ 11.8151329, 78.2557532 ], [ 11.7977355, 78.2650369 ], [ 11.7808121, 78.2642885 ], [ 11.7617893, 78.267929 ], [ 11.7614625, 78.2720314 ], [ 11.7899005, 78.2735708 ], [ 11.8114309, 78.2782274 ], [ 11.8122998, 78.2820163 ], [ 11.8045479, 78.2836769 ], [ 11.80729, 78.2853469 ], [ 11.8148777, 78.2858363 ], [ 11.8159132, 78.2902826 ], [ 11.8031262, 78.3017362 ], [ 11.8024582, 78.3020496 ], [ 11.7784787, 78.3075788 ], [ 11.7768706, 78.3080611 ], [ 11.7422456, 78.3200414 ], [ 11.7259947, 78.3224539 ], [ 11.7245929, 78.3243228 ], [ 11.7065105, 78.3280791 ], [ 11.6810411, 78.3308258 ], [ 11.6643724, 78.3365911 ], [ 11.6323314, 78.3435524 ], [ 11.6315439, 78.3486418 ], [ 11.6114972, 78.3550487 ], [ 11.6043252, 78.3620446 ], [ 11.6088135, 78.3645368 ], [ 11.5948516, 78.3657126 ], [ 11.5824027, 78.3700908 ], [ 11.585532, 78.3772616 ], [ 11.5758168, 78.3810529 ], [ 11.5653827, 78.3905582 ], [ 11.5630018, 78.3913445 ], [ 11.5401918, 78.3961961 ], [ 11.5286976, 78.4018664 ], [ 11.4971859, 78.4071862 ], [ 11.5021276, 78.4075013 ], [ 11.4861568, 78.4134858 ], [ 11.4813858, 78.4139969 ], [ 11.4899065, 78.4076099 ], [ 11.4577569, 78.4110589 ], [ 11.4428415, 78.410061 ], [ 11.4270629, 78.4155478 ], [ 11.4257333, 78.4183685 ], [ 11.4099473, 78.4203535 ], [ 11.4057053, 78.423963 ], [ 11.389106, 78.429647 ], [ 11.3766783, 78.4327083 ], [ 11.3677512, 78.4325708 ], [ 11.3544079, 78.4349498 ], [ 11.3555071, 78.4386497 ], [ 11.3484033, 78.4429094 ], [ 11.3257707, 78.4515897 ], [ 11.3087935, 78.4530609 ], [ 11.2994053, 78.4509255 ], [ 11.2911761, 78.4546576 ], [ 11.2796742, 78.4558604 ], [ 11.2685258, 78.4562227 ], [ 11.25, 78.4556361 ], [ 11.199652, 78.4526412 ], [ 11.2197411, 78.4565531 ], [ 11.2207129, 78.4545203 ], [ 11.2423626, 78.4560862 ], [ 11.2437545, 78.4584968 ], [ 11.2430924, 78.4588506 ], [ 11.2378932, 78.4595478 ], [ 11.2196028, 78.4595193 ], [ 11.2066667, 78.4577239 ], [ 11.2115452, 78.4559561 ], [ 11.2106802, 78.4559315 ], [ 11.1968687, 78.4573588 ], [ 11.1794736, 78.4571708 ], [ 11.1835746, 78.4566169 ], [ 11.1782047, 78.452704 ], [ 11.1822348, 78.4514092 ], [ 11.1989909, 78.4522336 ], [ 11.1925693, 78.4509252 ], [ 11.1807165, 78.4508185 ], [ 11.1750444, 78.4473354 ], [ 11.1691486, 78.4470407 ], [ 11.1679676, 78.4485466 ], [ 11.1633871, 78.4479254 ], [ 11.1607038, 78.4464446 ], [ 11.1683106, 78.4468971 ], [ 11.1601276, 78.4451023 ], [ 11.1563913, 78.4399025 ], [ 11.1488692, 78.4397042 ], [ 11.1541259, 78.4392977 ], [ 11.1512384, 78.4377567 ], [ 11.1409987, 78.4372813 ], [ 11.1396449, 78.4372879 ], [ 11.1225885, 78.4419342 ], [ 11.0858335, 78.4477094 ], [ 11.0803632, 78.4508922 ], [ 11.0574309, 78.4546419 ], [ 11.049226, 78.4703271 ], [ 11.0375807, 78.4708368 ], [ 11.0409262, 78.4739443 ], [ 11.0258367, 78.4783998 ], [ 11.0434504, 78.4798588 ], [ 11.047178, 78.4828436 ], [ 11.0401498, 78.4841173 ], [ 11.0393451, 78.4878494 ], [ 11.0252444, 78.4939874 ], [ 11.0148149, 78.4950517 ], [ 10.9982899, 78.4995388 ], [ 11.0049055, 78.5032984 ], [ 10.9904155, 78.508828 ], [ 10.9954624, 78.5116279 ], [ 10.9757702, 78.5224119 ], [ 10.9779913, 78.5380479 ], [ 10.9673532, 78.5423573 ], [ 10.9776556, 78.5423476 ], [ 10.9906296, 78.5449646 ], [ 10.9848619, 78.5519756 ], [ 10.9303159, 78.5657812 ], [ 10.9300514, 78.5709873 ], [ 10.9390014, 78.5732644 ], [ 10.9202768, 78.583558 ], [ 10.9223657, 78.5870211 ], [ 10.8961749, 78.5997705 ], [ 10.8763704, 78.6062562 ], [ 10.8768733, 78.6091408 ], [ 10.8607928, 78.6138893 ], [ 10.8578976, 78.6184998 ], [ 10.8242996, 78.6246639 ], [ 10.8269519, 78.6346551 ], [ 10.8135304, 78.6446818 ], [ 10.8100801, 78.6465417 ], [ 10.7757614, 78.6590943 ], [ 10.7454185, 78.6657515 ], [ 10.7338941, 78.6706429 ], [ 10.7312667, 78.6756757 ], [ 10.7232105, 78.6782933 ], [ 10.7320178, 78.680989 ], [ 10.7318583, 78.6831338 ], [ 10.7092667, 78.6892558 ], [ 10.7027231, 78.6932158 ], [ 10.7020754, 78.6968442 ], [ 10.7077329, 78.6989194 ], [ 10.6882042, 78.7067362 ], [ 10.6662163, 78.710728 ], [ 10.673346, 78.7147841 ], [ 10.6650236, 78.7193325 ], [ 10.6204414, 78.7296211 ], [ 10.6162246, 78.7437131 ], [ 10.6143255, 78.7450982 ], [ 10.5976014, 78.75 ], [ 10.594799, 78.75 ], [ 10.594799, 78.7501394 ], [ 10.5940837, 78.750279 ], [ 10.5933685, 78.7501394 ], [ 10.5933685, 78.75 ], [ 10.5919378, 78.75 ], [ 10.5710065, 78.7546124 ], [ 10.5591742, 78.7582076 ], [ 10.544926, 78.7635016 ], [ 10.5361123, 78.7677335 ], [ 10.5352615, 78.7730969 ], [ 10.5286812, 78.776619 ], [ 10.5176804, 78.7784544 ], [ 10.5049943, 78.7786767 ], [ 10.4940443, 78.7840414 ], [ 10.4934477, 78.7847354 ], [ 10.5012296, 78.7863997 ], [ 10.5058424, 78.7904983 ], [ 10.5032426, 78.7950613 ], [ 10.4920151, 78.7994049 ], [ 10.5198842, 78.8022196 ], [ 10.5235949, 78.8086826 ], [ 10.5313858, 78.8094882 ], [ 10.5337121, 78.8112388 ], [ 10.5343391, 78.8212667 ], [ 10.5293593, 78.8234338 ], [ 10.5361089, 78.8263412 ], [ 10.5375763, 78.8341238 ], [ 10.5357288, 78.8372378 ], [ 10.5234808, 78.8412986 ], [ 10.5344485, 78.8466376 ], [ 10.5282806, 78.8491787 ], [ 10.53822, 78.8553667 ], [ 10.5326629, 78.8611876 ], [ 10.5209827, 78.8642613 ], [ 10.4701428, 78.8900049 ], [ 10.459312, 78.8927774 ], [ 10.4641938, 78.8959136 ], [ 10.4655975, 78.8961083 ], [ 10.4782881, 78.8963829 ], [ 10.4824734, 78.8975067 ], [ 10.5049688, 78.8978381 ], [ 10.5139331, 78.8971896 ], [ 10.5445203, 78.8959974 ], [ 10.556856, 78.8928595 ], [ 10.6086684, 78.8861445 ], [ 10.6600354, 78.8872259 ], [ 10.6711761, 78.8848757 ], [ 10.6874455, 78.8834985 ], [ 10.7207806, 78.8839073 ], [ 10.7280794, 78.8820047 ], [ 10.7517484, 78.8804849 ], [ 10.7620214, 78.8774229 ], [ 10.7976002, 78.8742526 ] ], [ [ 11.1327186, 78.6130893 ], [ 11.1292917, 78.6131644 ], [ 11.1281492, 78.6134648 ], [ 11.130053, 78.6139905 ], [ 11.1319571, 78.6145163 ], [ 11.135765, 78.6148916 ], [ 11.1369073, 78.6145163 ], [ 11.1346225, 78.613615 ], [ 11.1327186, 78.6130893 ] ], [ [ 11.1567081, 78.6157929 ], [ 11.1536618, 78.6157929 ], [ 11.1521387, 78.6160933 ], [ 11.1525193, 78.6166191 ], [ 11.1540426, 78.6168444 ], [ 11.1563272, 78.6169195 ], [ 11.1589928, 78.6169195 ], [ 11.160516, 78.616544 ], [ 11.1597543, 78.615868 ], [ 11.1567081, 78.6157929 ] ], [ [ 12.2438101, 78.5452585 ], [ 12.2361938, 78.5390558 ], [ 12.2122931, 78.547827 ], [ 12.1959749, 78.5508869 ], [ 12.1853364, 78.5573636 ], [ 12.1817172, 78.5594909 ], [ 12.1697274, 78.5628269 ], [ 12.1810631, 78.5615335 ], [ 12.1949124, 78.5618746 ], [ 12.2109718, 78.5606415 ], [ 12.2128971, 78.560184 ], [ 12.2189509, 78.5564368 ], [ 12.2291797, 78.5540802 ], [ 12.2298295, 78.5490074 ], [ 12.231028, 78.5483212 ], [ 12.2438101, 78.5452585 ] ], [ [ 11.6042401, 78.7332884 ], [ 11.6013991, 78.7334175 ], [ 11.600701, 78.7336204 ], [ 11.6010602, 78.7338254 ], [ 11.6119283, 78.7338254 ], [ 11.6122874, 78.7336204 ], [ 11.6115893, 78.7334175 ], [ 11.6087483, 78.7332884 ], [ 11.6042401, 78.7332884 ] ], [ [ 11.5673261, 78.7348207 ], [ 11.5666729, 78.7350301 ], [ 11.5661747, 78.7352864 ], [ 11.5660557, 78.7355154 ], [ 11.5683686, 78.7354265 ], [ 11.5686727, 78.7350453 ], [ 11.5681247, 78.7348016 ], [ 11.5673261, 78.7348207 ] ], [ [ 11.586951, 78.735566 ], [ 11.5872647, 78.7357734 ], [ 11.5882884, 78.7355707 ], [ 11.5879213, 78.7353739 ], [ 11.5874153, 78.735289 ], [ 11.5869899, 78.7353733 ], [ 11.586951, 78.735566 ] ], [ [ 11.0404202, 78.6688952 ], [ 11.0404202, 78.670907 ], [ 11.0481975, 78.6717116 ], [ 11.0477881, 78.6711484 ], [ 11.0494254, 78.6685734 ], [ 11.04656, 78.6682516 ], [ 11.0436949, 78.668171 ], [ 11.0404202, 78.6688952 ] ], [ [ 10.7203741, 78.6705548 ], [ 10.7206877, 78.6707623 ], [ 10.7217115, 78.6705596 ], [ 10.7213444, 78.6703627 ], [ 10.7208384, 78.670278 ], [ 10.720413, 78.6703621 ], [ 10.7203741, 78.6705548 ] ], [ [ 11.4571754, 78.7254788 ], [ 11.455705, 78.7254624 ], [ 11.4549667, 78.7256045 ], [ 11.4552087, 78.7258425 ], [ 11.4557528, 78.7260919 ], [ 11.4563814, 78.7263085 ], [ 11.4581223, 78.7263143 ], [ 11.4584382, 78.7260035 ], [ 11.4582189, 78.7256777 ], [ 11.4571754, 78.7254788 ] ], [ [ 11.5740892, 78.7335118 ], [ 11.5858099, 78.7334872 ], [ 11.5867193, 78.733303 ], [ 11.5863001, 78.7326719 ], [ 11.4975626, 78.7299505 ], [ 11.5252939, 78.7319773 ], [ 11.5740892, 78.7335118 ] ], [ [ 11.4939126, 78.7291032 ], [ 11.4670836, 78.7277468 ], [ 11.4645407, 78.7277929 ], [ 11.5269221, 78.7343683 ], [ 11.5533546, 78.7380294 ], [ 11.5938125, 78.7453963 ], [ 11.5534341, 78.7366356 ], [ 11.5337299, 78.7338659 ], [ 11.497775, 78.7310215 ], [ 11.4939126, 78.7291032 ] ], [ [ 10.911337, 78.7863945 ], [ 10.9102274, 78.7865766 ], [ 10.9103616, 78.7867624 ], [ 10.9114687, 78.7869111 ], [ 10.9129483, 78.7870837 ], [ 10.9151157, 78.7865766 ], [ 10.9130944, 78.7863911 ], [ 10.911337, 78.7863945 ] ], [ [ 10.9500763, 78.7972685 ], [ 10.950681, 78.7969158 ], [ 10.9507602, 78.7965451 ], [ 10.9501466, 78.7963285 ], [ 10.9491664, 78.7963486 ], [ 10.9483275, 78.796633 ], [ 10.9477266, 78.7971038 ], [ 10.947264, 78.797501 ], [ 10.9471627, 78.7977819 ], [ 10.9488779, 78.7977496 ], [ 10.949472, 78.7975413 ], [ 10.9500763, 78.7972685 ] ], [ [ 10.9518926, 78.799807 ], [ 10.9518048, 78.7994787 ], [ 10.9505361, 78.7992796 ], [ 10.9489204, 78.7992846 ], [ 10.9476643, 78.7993881 ], [ 10.9472438, 78.7995611 ], [ 10.9476352, 78.799795 ], [ 10.9482104, 78.8000357 ], [ 10.9488317, 78.8002462 ], [ 10.9509183, 78.8001935 ], [ 10.9518926, 78.799807 ] ], [ [ 12.4985877, 78.8718131 ], [ 12.4905159, 78.872913 ], [ 12.4907736, 78.8733557 ], [ 12.4936496, 78.8734004 ], [ 12.4985877, 78.8718131 ] ], [ [ 12.4724417, 78.8727869 ], [ 12.4694787, 78.8729168 ], [ 12.4675168, 78.8744435 ], [ 12.4722672, 78.8736681 ], [ 12.4724417, 78.8727869 ] ], [ [ 12.5650024, 78.9126967 ], [ 12.5648382, 78.9131166 ], [ 12.5651478, 78.9135427 ], [ 12.5671709, 78.9135512 ], [ 12.5673091, 78.9131927 ], [ 12.5668665, 78.912798 ], [ 12.5658181, 78.9125638 ], [ 12.5650024, 78.9126967 ] ], [ [ 12.3551725, 78.9218283 ], [ 12.3521496, 78.9214578 ], [ 12.3422801, 78.9218701 ], [ 12.3414237, 78.922057 ], [ 12.3429894, 78.9244344 ], [ 12.347679, 78.9254553 ], [ 12.3530315, 78.9246252 ], [ 12.3535236, 78.9234153 ], [ 12.3572078, 78.9229242 ], [ 12.3551725, 78.9218283 ] ], [ [ 14.9491893, 78.5884298 ], [ 14.9512364, 78.5884298 ], [ 14.9511833, 78.5882951 ], [ 14.9506382, 78.5882025 ], [ 14.9497874, 78.5882025 ], [ 14.9492424, 78.5882951 ], [ 14.9491893, 78.5884298 ] ], [ [ 15.1633651, 78.6006387 ], [ 15.1875551, 78.5995069 ], [ 15.1957299, 78.5975496 ], [ 15.1988283, 78.5949854 ], [ 15.1989129, 78.5943955 ], [ 15.1931964, 78.5948597 ], [ 15.1903687, 78.5924857 ], [ 15.1890333, 78.5924983 ], [ 15.1846724, 78.5967839 ], [ 15.1550766, 78.6007857 ], [ 15.145124, 78.6040996 ], [ 15.1607646, 78.602927 ], [ 15.1633651, 78.6006387 ] ], [ [ 14.6087888, 78.6532646 ], [ 14.6201226, 78.6519775 ], [ 14.6208, 78.6473683 ], [ 14.6152426, 78.6463295 ], [ 14.6204922, 78.644996 ], [ 14.5942491, 78.6433268 ], [ 14.5844792, 78.6432126 ], [ 14.5787065, 78.6434298 ], [ 14.5672272, 78.6450129 ], [ 14.567045, 78.6452281 ], [ 14.5733994, 78.6482273 ], [ 14.5756503, 78.648806 ], [ 14.5981669, 78.6533753 ], [ 14.6068834, 78.6534303 ], [ 14.6087888, 78.6532646 ] ], [ [ 14.5406568, 78.6579469 ], [ 14.5397255, 78.6579462 ], [ 14.5389239, 78.6580864 ], [ 14.5382863, 78.65833 ], [ 14.5377105, 78.6586065 ], [ 14.5375614, 78.6588587 ], [ 14.5378215, 78.6590683 ], [ 14.5417689, 78.6582983 ], [ 14.5413616, 78.6580814 ], [ 14.5406568, 78.6579469 ] ], [ [ 14.8462656, 78.6681694 ], [ 14.845228, 78.6686599 ], [ 14.8447802, 78.6695473 ], [ 14.8449082, 78.670336 ], [ 14.8458613, 78.6700798 ], [ 14.8464448, 78.6695096 ], [ 14.8470219, 78.6689004 ], [ 14.8470247, 78.668313 ], [ 14.8462656, 78.6681694 ] ], [ [ 14.7347496, 78.6678005 ], [ 14.7100449, 78.6699533 ], [ 14.6954997, 78.6717228 ], [ 14.694464, 78.6722912 ], [ 14.6962001, 78.6748143 ], [ 14.6898055, 78.6763552 ], [ 14.6898561, 78.6768676 ], [ 14.6957937, 78.6798887 ], [ 14.6957701, 78.6805737 ], [ 14.6931049, 78.6841238 ], [ 14.6879107, 78.6849374 ], [ 14.6936224, 78.6862226 ], [ 14.6884453, 78.6901034 ], [ 14.6938308, 78.6938446 ], [ 14.7002933, 78.696973 ], [ 14.7219085, 78.6974674 ], [ 14.7268486, 78.6972512 ], [ 14.7411029, 78.6957824 ], [ 14.7555569, 78.6903957 ], [ 14.7568142, 78.6897382 ], [ 14.7575392, 78.6854804 ], [ 14.7581244, 78.6851339 ], [ 14.7725319, 78.6812694 ], [ 14.7780398, 78.6768035 ], [ 14.7771364, 78.6766289 ], [ 14.765625, 78.6757813 ], [ 14.7535743, 78.6771059 ], [ 14.7388221, 78.6766157 ], [ 14.7375824, 78.6762502 ], [ 14.7324945, 78.6708765 ], [ 14.736747, 78.6681044 ], [ 14.7347496, 78.6678005 ] ], [ [ 14.4260958, 78.6847754 ], [ 14.4327244, 78.6856445 ], [ 14.4328893, 78.685087 ], [ 14.4312067, 78.6839948 ], [ 14.4299284, 78.6839038 ], [ 14.4261591, 78.6846317 ], [ 14.4260958, 78.6847754 ] ], [ [ 14.3470802, 78.6952657 ], [ 14.3446158, 78.695738 ], [ 14.3429331, 78.6962 ], [ 14.3471957, 78.696052 ], [ 14.3491632, 78.6955223 ], [ 14.3498555, 78.6951643 ], [ 14.3490784, 78.6950587 ], [ 14.3470802, 78.6952657 ] ], [ [ 13.1423579, 78.5226778 ], [ 13.1421992, 78.5230016 ], [ 13.1430997, 78.523402 ], [ 13.1454811, 78.5234782 ], [ 13.1456031, 78.5231285 ], [ 13.1450475, 78.522754 ], [ 13.1436539, 78.5225511 ], [ 13.1423579, 78.5226778 ] ], [ [ 13.4682987, 79.4210674 ], [ 13.467575, 79.4211965 ], [ 13.4674689, 79.4213994 ], [ 13.4678153, 79.4216043 ], [ 13.4698178, 79.4216043 ], [ 13.4701644, 79.4213994 ], [ 13.4700583, 79.4211965 ], [ 13.4693344, 79.4210674 ], [ 13.4682987, 79.4210674 ] ], [ [ 13.4626108, 79.425335 ], [ 13.462833, 79.4257326 ], [ 13.4660619, 79.4253103 ], [ 13.465564, 79.4250876 ], [ 13.4646633, 79.424969 ], [ 13.4634314, 79.4250439 ], [ 13.4626108, 79.425335 ] ], [ [ 13.4645653, 79.4269627 ], [ 13.4647295, 79.4272017 ], [ 13.4675554, 79.4266759 ], [ 13.4669952, 79.4265105 ], [ 13.4660664, 79.4264984 ], [ 13.4649972, 79.4266973 ], [ 13.4645653, 79.4269627 ] ], [ [ 14.791262, 78.7276597 ], [ 14.7949415, 78.7276597 ], [ 14.7947288, 78.7275249 ], [ 14.793817, 78.7274324 ], [ 14.7923867, 78.7274324 ], [ 14.7914746, 78.7275249 ], [ 14.791262, 78.7276597 ] ], [ [ 14.7323107, 78.7306069 ], [ 14.7334116, 78.7309701 ], [ 14.7348499, 78.7308497 ], [ 14.7339085, 78.730539 ], [ 14.7327572, 78.7303265 ], [ 14.7320606, 78.7303571 ], [ 14.7323107, 78.7306069 ] ], [ [ 15.3929433, 79.4613484 ], [ 15.391818, 79.4609838 ], [ 15.3902651, 79.4605511 ], [ 15.3887872, 79.4601634 ], [ 15.3873972, 79.4599471 ], [ 15.3867913, 79.460078 ], [ 15.3875962, 79.4605507 ], [ 15.389595, 79.4611518 ], [ 15.3914579, 79.4616541 ], [ 15.3932837, 79.4620857 ], [ 15.3942997, 79.461924 ], [ 15.3937722, 79.4616485 ], [ 15.3929433, 79.4613484 ] ], [ [ 15.4054503, 79.464606 ], [ 15.4041911, 79.4642133 ], [ 15.4030883, 79.4638962 ], [ 15.402052, 79.4637305 ], [ 15.4010125, 79.4637305 ], [ 15.4004935, 79.4638962 ], [ 15.4009765, 79.4642133 ], [ 15.4022552, 79.464606 ], [ 15.4033, 79.4649318 ], [ 15.4041069, 79.4651732 ], [ 15.4059023, 79.4651732 ], [ 15.4060113, 79.4649318 ], [ 15.4054503, 79.464606 ] ], [ [ 12.0008496, 78.9242223 ], [ 11.9960392, 78.9231054 ], [ 11.9850142, 78.9239444 ], [ 12.0008496, 78.9242223 ] ], [ [ 12.3315836, 78.9328796 ], [ 12.3310726, 78.9332404 ], [ 12.3404109, 78.934678 ], [ 12.3413655, 78.9334483 ], [ 12.3489494, 78.930554 ], [ 12.3383005, 78.9328918 ], [ 12.3315836, 78.9328796 ] ], [ [ 12.2326713, 78.9303854 ], [ 12.2229218, 78.9336636 ], [ 12.2244285, 78.9363332 ], [ 12.2322038, 78.9376822 ], [ 12.2456125, 78.9377233 ], [ 12.2478576, 78.9368008 ], [ 12.2482979, 78.9340487 ], [ 12.2399344, 78.9322416 ], [ 12.2326713, 78.9303854 ] ], [ [ 12.3006058, 78.9336661 ], [ 12.3006165, 78.9343128 ], [ 12.30831, 78.9372467 ], [ 12.3096433, 78.9372017 ], [ 12.3210018, 78.9358392 ], [ 12.3083909, 78.9323359 ], [ 12.3064367, 78.9323179 ], [ 12.3006058, 78.9336661 ] ], [ [ 12.3322693, 78.9367138 ], [ 12.3158104, 78.9387662 ], [ 12.3157675, 78.9412723 ], [ 12.3164458, 78.9415094 ], [ 12.3214173, 78.9419299 ], [ 12.3269827, 78.9410982 ], [ 12.3397803, 78.9376403 ], [ 12.3345286, 78.9367936 ], [ 12.3322693, 78.9367138 ] ], [ [ 12.2962056, 78.9384702 ], [ 12.2876534, 78.9393829 ], [ 12.2864153, 78.9397368 ], [ 12.2875684, 78.9406801 ], [ 12.2932336, 78.9418644 ], [ 12.2995936, 78.9420089 ], [ 12.3039178, 78.9400042 ], [ 12.3030651, 78.9392422 ], [ 12.2962056, 78.9384702 ] ], [ [ 12.2822216, 78.947174 ], [ 12.2825872, 78.9454644 ], [ 12.2797107, 78.9453419 ], [ 12.2764519, 78.9456391 ], [ 12.2778037, 78.9475977 ], [ 12.2822216, 78.947174 ] ], [ [ 12.1237566, 78.9654492 ], [ 12.0973324, 78.9640647 ], [ 12.0816801, 78.9615539 ], [ 12.0759745, 78.962135 ], [ 12.0680538, 78.9612861 ], [ 12.064611, 78.9650636 ], [ 12.0552908, 78.9647475 ], [ 12.0499647, 78.9633065 ], [ 12.0305141, 78.9649256 ], [ 12.0162712, 78.973165 ], [ 11.9973192, 78.9786432 ], [ 12.0001894, 78.9797776 ], [ 11.9917516, 78.9813485 ], [ 11.9843223, 78.9870129 ], [ 11.9887002, 78.9903469 ], [ 12.0024117, 78.9925088 ], [ 12.002341, 78.9963148 ], [ 12.0533659, 78.9975256 ], [ 12.0673789, 78.9942493 ], [ 12.0824642, 78.9931368 ], [ 12.0991374, 78.993889 ], [ 12.119058, 78.9966571 ], [ 12.1314884, 79.000698 ], [ 12.1363178, 79.0012007 ], [ 12.1718128, 79.0029222 ], [ 12.175015, 79.0035626 ], [ 12.1806039, 79.00448 ], [ 12.1830209, 79.0044969 ], [ 12.1930687, 79.002951 ], [ 12.2141432, 78.9999036 ], [ 12.2429543, 78.9891008 ], [ 12.2479755, 78.9892288 ], [ 12.237276, 78.9881262 ], [ 12.2298576, 78.979158 ], [ 12.2195364, 78.9755338 ], [ 12.1745645, 78.9748578 ], [ 12.1426973, 78.9680693 ], [ 12.1293288, 78.9672735 ], [ 12.1237566, 78.9654492 ] ], [ [ 12.2978426, 78.9881966 ], [ 12.3003683, 78.9862732 ], [ 12.2942113, 78.9821552 ], [ 12.2877132, 78.9825757 ], [ 12.2787488, 78.9881589 ], [ 12.2856585, 78.991744 ], [ 12.2787164, 78.9918814 ], [ 12.2786359, 78.9921776 ], [ 12.2867898, 78.9933519 ], [ 12.2867373, 78.9919401 ], [ 12.2978426, 78.9881966 ] ], [ [ 12.102581, 79.0041823 ], [ 12.0968221, 79.0023419 ], [ 12.0957998, 79.0022305 ], [ 12.091361, 79.004113 ], [ 12.0946656, 79.005037 ], [ 12.102581, 79.0041823 ] ], [ [ 12.1085443, 79.006277 ], [ 12.1314358, 79.0075297 ], [ 12.1263058, 79.0064613 ], [ 12.1188937, 79.005655 ], [ 12.10952, 79.0022684 ], [ 12.1074215, 79.0054851 ], [ 12.1085443, 79.006277 ] ], [ [ 12.1875346, 79.0073926 ], [ 12.1886696, 79.0077559 ], [ 12.1901525, 79.0076354 ], [ 12.189182, 79.0073246 ], [ 12.187995, 79.0071121 ], [ 12.187277, 79.0071427 ], [ 12.1875346, 79.0073926 ] ], [ [ 10.9536452, 78.8010767 ], [ 10.9528517, 78.8008295 ], [ 10.9515913, 78.800868 ], [ 10.9506092, 78.8011301 ], [ 10.9505889, 78.8014444 ], [ 10.9510281, 78.8017157 ], [ 10.9516379, 78.8019319 ], [ 10.9534054, 78.8019493 ], [ 10.9537545, 78.8015264 ], [ 10.9536452, 78.8010767 ] ], [ [ 10.9604816, 78.8052235 ], [ 10.9564871, 78.8028485 ], [ 10.9557085, 78.8027098 ], [ 10.9572206, 78.8081748 ], [ 10.9602998, 78.8120334 ], [ 10.9604816, 78.8052235 ] ], [ [ 10.9766297, 79.3111141 ], [ 10.9775537, 79.3110384 ], [ 10.9784801, 79.3109006 ], [ 10.9792737, 79.3106416 ], [ 10.9799238, 79.3103255 ], [ 10.9797084, 79.3101246 ], [ 10.9781345, 79.3103367 ], [ 10.9757832, 79.3111755 ], [ 10.9745148, 79.3123226 ], [ 10.9743057, 79.3132613 ], [ 10.9771596, 79.3124626 ], [ 10.9766484, 79.3117369 ], [ 10.9762748, 79.3112938 ], [ 10.9766297, 79.3111141 ] ], [ [ 10.9250245, 79.4457679 ], [ 10.9230061, 79.4466738 ], [ 10.9275869, 79.4466863 ], [ 10.9285227, 79.4459201 ], [ 10.9250245, 79.4457679 ] ], [ [ 11.6519064, 79.0664314 ], [ 11.6512049, 79.0666314 ], [ 11.6511023, 79.066961 ], [ 11.6514381, 79.067275 ], [ 11.6533784, 79.067275 ], [ 11.6537144, 79.066961 ], [ 11.6536115, 79.0666314 ], [ 11.6529101, 79.0664314 ], [ 11.6519064, 79.0664314 ] ], [ [ 11.8630232, 79.1160173 ], [ 11.8623573, 79.1151199 ], [ 11.8597347, 79.115115 ], [ 11.8566062, 79.115477 ], [ 11.8566943, 79.1171932 ], [ 11.8630232, 79.1160173 ] ], [ [ 11.5814323, 79.3329068 ], [ 11.5827231, 79.3345059 ], [ 11.5878189, 79.3338366 ], [ 11.5857373, 79.3333112 ], [ 11.5814323, 79.3329068 ] ], [ [ 12.65625, 79.5535713 ], [ 12.6532559, 79.5537409 ], [ 12.6533974, 79.5546575 ], [ 12.6604391, 79.5539798 ], [ 12.65625, 79.5535713 ] ], [ [ 10.9674935, 79.4474608 ], [ 10.9682819, 79.447753 ], [ 10.9698505, 79.4476395 ], [ 10.9693378, 79.4474198 ], [ 10.968527, 79.4472843 ], [ 10.9676599, 79.4472914 ], [ 10.9674935, 79.4474608 ] ], [ [ 10.9499849, 79.451196 ], [ 10.9474258, 79.4513559 ], [ 10.9445997, 79.4516311 ], [ 10.9422452, 79.4520229 ], [ 10.9413191, 79.4523652 ], [ 10.94139, 79.4526207 ], [ 10.9440666, 79.4520853 ], [ 10.9443519, 79.451892 ], [ 10.9447666, 79.4518175 ], [ 10.9452378, 79.4519211 ], [ 10.9459654, 79.4521205 ], [ 10.9476634, 79.4522451 ], [ 10.9503659, 79.4521574 ], [ 10.9525185, 79.4518307 ], [ 10.953088, 79.4514393 ], [ 10.9520988, 79.4512089 ], [ 10.9499849, 79.451196 ] ], [ [ 10.966363, 79.4535714 ], [ 10.9666169, 79.453125 ], [ 10.9650934, 79.453125 ], [ 10.9653474, 79.4535714 ], [ 10.9658552, 79.4536272 ], [ 10.966363, 79.4535714 ] ], [ [ 10.9582928, 79.4535692 ], [ 10.9546146, 79.4548779 ], [ 10.9597778, 79.4546285 ], [ 10.9614931, 79.4539165 ], [ 10.9582928, 79.4535692 ] ], [ [ 10.9451885, 79.4565052 ], [ 10.9481397, 79.45723 ], [ 10.9508665, 79.4575067 ], [ 10.9580661, 79.4565116 ], [ 10.9451885, 79.4565052 ] ], [ [ 10.9258592, 79.465111 ], [ 10.9280339, 79.4651181 ], [ 10.9283654, 79.4649121 ], [ 10.9282156, 79.464739 ], [ 10.9274235, 79.4647156 ], [ 10.9264135, 79.4648852 ], [ 10.9258592, 79.465111 ] ], [ [ 10.9329979, 79.5748163 ], [ 10.9320112, 79.5748823 ], [ 10.9323798, 79.5749975 ], [ 10.9336557, 79.5751266 ], [ 10.9352558, 79.5753006 ], [ 10.9375075, 79.575338 ], [ 10.9366736, 79.5750989 ], [ 10.9349715, 79.5748857 ], [ 10.9329979, 79.5748163 ] ], [ [ 10.8317527, 79.619487 ], [ 10.8312811, 79.6197565 ], [ 10.8314285, 79.6200027 ], [ 10.8335831, 79.6199944 ], [ 10.8339127, 79.6196805 ], [ 10.8337378, 79.6193857 ], [ 10.8328691, 79.6193042 ], [ 10.8317527, 79.619487 ] ], [ [ 12.6269044, 79.5647943 ], [ 12.6301233, 79.5658426 ], [ 12.6332576, 79.5660346 ], [ 12.6419011, 79.5660408 ], [ 12.6698802, 79.5653017 ], [ 12.6698993, 79.564988 ], [ 12.65625, 79.563337 ], [ 12.6269044, 79.5647943 ] ], [ [ 12.698283, 79.5660301 ], [ 12.6951584, 79.5654391 ], [ 12.6928825, 79.5653369 ], [ 12.6873482, 79.5664628 ], [ 12.7041454, 79.5672029 ], [ 12.698283, 79.5660301 ] ], [ [ 12.6539121, 79.5665096 ], [ 12.6441493, 79.5675402 ], [ 12.65625, 79.5689173 ], [ 12.65625, 79.5666853 ], [ 12.6539121, 79.5665096 ] ], [ [ 12.7566324, 79.5712798 ], [ 12.755793, 79.5698318 ], [ 12.7458436, 79.5695255 ], [ 12.7428836, 79.5696038 ], [ 12.740792, 79.5699863 ], [ 12.7369419, 79.5743765 ], [ 12.7295382, 79.5733095 ], [ 12.7296305, 79.5736669 ], [ 12.7366695, 79.5766141 ], [ 12.7376837, 79.5781778 ], [ 12.7482837, 79.5771461 ], [ 12.7497993, 79.5770757 ], [ 12.7735064, 79.5774291 ], [ 12.7762225, 79.577196 ], [ 12.7805494, 79.5765938 ], [ 12.7744489, 79.57538 ], [ 12.7832452, 79.5739096 ], [ 12.7816722, 79.5729882 ], [ 12.759154, 79.5716202 ], [ 12.7566324, 79.5712798 ] ], [ [ 13.461094, 79.4281718 ], [ 13.4599453, 79.4280376 ], [ 13.4578598, 79.4281231 ], [ 13.4560933, 79.4284389 ], [ 13.4554716, 79.4288394 ], [ 13.4556491, 79.429183 ], [ 13.4576989, 79.4289135 ], [ 13.4594746, 79.4287173 ], [ 13.4608634, 79.4284389 ], [ 13.461094, 79.4281718 ] ], [ [ 13.4453198, 79.4305592 ], [ 13.4506257, 79.4296191 ], [ 13.4458973, 79.4296815 ], [ 13.4453198, 79.4305592 ] ], [ [ 13.4550476, 79.4310526 ], [ 13.4543769, 79.4308589 ], [ 13.4530751, 79.4307528 ], [ 13.451773, 79.4308589 ], [ 13.4511023, 79.4310526 ], [ 13.4550476, 79.4310526 ] ], [ [ 12.8520035, 79.5682508 ], [ 12.8518977, 79.5678656 ], [ 12.8429534, 79.5657789 ], [ 12.8117893, 79.5661063 ], [ 12.8081021, 79.5677388 ], [ 12.8133512, 79.5688177 ], [ 12.8164048, 79.5685439 ], [ 12.8429416, 79.5688503 ], [ 12.8520035, 79.5682508 ] ], [ [ 12.7530062, 79.5693367 ], [ 12.7773911, 79.5695353 ], [ 12.786043, 79.5693761 ], [ 12.7882688, 79.5690573 ], [ 12.7800627, 79.5655938 ], [ 12.7342101, 79.5680048 ], [ 12.7530062, 79.5693367 ] ], [ [ 12.7783337, 79.5860122 ], [ 12.7786731, 79.5862199 ], [ 12.7797797, 79.5860173 ], [ 12.7793829, 79.5858203 ], [ 12.7788358, 79.5857354 ], [ 12.7783759, 79.5858197 ], [ 12.7783337, 79.5860122 ] ], [ [ 13.4201366, 79.5989326 ], [ 13.4294649, 79.5987771 ], [ 13.4369504, 79.5962234 ], [ 13.436379, 79.5960561 ], [ 13.429329, 79.5963943 ], [ 13.4275397, 79.5954784 ], [ 13.4180716, 79.5970821 ], [ 13.4129139, 79.5992739 ], [ 13.412442, 79.6030244 ], [ 13.4210793, 79.6022599 ], [ 13.4201366, 79.5989326 ] ], [ [ 13.4398913, 79.6025106 ], [ 13.4386016, 79.6025838 ], [ 13.4373646, 79.6026926 ], [ 13.4367232, 79.6028175 ], [ 13.4366997, 79.6029525 ], [ 13.4403785, 79.6029571 ], [ 13.4407581, 79.602756 ], [ 13.4406707, 79.6025766 ], [ 13.4398913, 79.6025106 ] ], [ [ 13.4413586, 79.6031682 ], [ 13.4380723, 79.6040463 ], [ 13.4455549, 79.6045479 ], [ 13.4469116, 79.6034119 ], [ 13.4413586, 79.6031682 ] ], [ [ 13.4975774, 79.613389 ], [ 13.4981782, 79.6130491 ], [ 13.5124887, 79.6086819 ], [ 13.5123119, 79.6078191 ], [ 13.502286, 79.6050029 ], [ 13.500126, 79.6048418 ], [ 13.4735019, 79.6023573 ], [ 13.4683955, 79.6016581 ], [ 13.4626334, 79.5996615 ], [ 13.4570729, 79.6004483 ], [ 13.4587882, 79.603132 ], [ 13.448489, 79.609251 ], [ 13.460645, 79.6113309 ], [ 13.4716604, 79.6156769 ], [ 13.4748636, 79.6175051 ], [ 13.4980052, 79.6162858 ], [ 13.4975774, 79.613389 ] ], [ [ 13.41509, 79.6138054 ], [ 13.4177262, 79.6150655 ], [ 13.4236311, 79.6155387 ], [ 13.425747, 79.6149046 ], [ 13.4284214, 79.6120086 ], [ 13.4258167, 79.6114192 ], [ 13.423128, 79.611365 ], [ 13.41509, 79.6138054 ] ], [ [ 13.536778, 79.6148443 ], [ 13.5167603, 79.6151334 ], [ 13.5076138, 79.6159403 ], [ 13.5083863, 79.6162086 ], [ 13.5222502, 79.6159719 ], [ 13.5323386, 79.6162003 ], [ 13.536778, 79.6148443 ] ], [ [ 12.7805358, 79.6143627 ], [ 12.7777119, 79.6150407 ], [ 12.7762455, 79.615975 ], [ 12.7737731, 79.617009 ], [ 12.7773461, 79.617752 ], [ 12.7824032, 79.6177374 ], [ 12.7850198, 79.6171052 ], [ 12.7872818, 79.614965 ], [ 12.7805358, 79.6143627 ] ], [ [ 12.7585793, 79.6243826 ], [ 12.7684072, 79.6257966 ], [ 12.7763615, 79.626088 ], [ 12.7880803, 79.6252382 ], [ 12.7888212, 79.6249998 ], [ 12.7780735, 79.6239072 ], [ 12.7677453, 79.6238154 ], [ 12.7585793, 79.6243826 ] ], [ [ 13.3970463, 79.6568013 ], [ 13.4237387, 79.6561594 ], [ 13.4083791, 79.654314 ], [ 13.3903123, 79.6569961 ], [ 13.3912479, 79.6573498 ], [ 13.3970463, 79.6568013 ] ], [ [ 13.3511935, 79.6585381 ], [ 13.361685, 79.6569149 ], [ 13.3596168, 79.6551458 ], [ 13.3588566, 79.6546682 ], [ 13.3535773, 79.6536344 ], [ 13.3393652, 79.6528723 ], [ 13.3363045, 79.6533318 ], [ 13.3445951, 79.6549681 ], [ 13.3348134, 79.6575809 ], [ 13.3410091, 79.6591737 ], [ 13.3470361, 79.6592617 ], [ 13.3545892, 79.6595227 ], [ 13.3632593, 79.6594344 ], [ 13.3511935, 79.6585381 ] ], [ [ 12.7200106, 79.5762033 ], [ 12.7193282, 79.5737438 ], [ 12.7096219, 79.5719693 ], [ 12.7077729, 79.5715835 ], [ 12.7055559, 79.5715097 ], [ 12.7066768, 79.5740948 ], [ 12.7200106, 79.5762033 ] ], [ [ 12.6827772, 79.5724049 ], [ 12.6831523, 79.5732545 ], [ 12.6901361, 79.5748972 ], [ 12.7048652, 79.5763016 ], [ 12.7046709, 79.5759234 ], [ 12.6923397, 79.5722756 ], [ 12.6903951, 79.5721518 ], [ 12.6827772, 79.5724049 ] ], [ [ 12.7597694, 79.5806655 ], [ 12.7586443, 79.5807948 ], [ 12.7584286, 79.5809977 ], [ 12.758787, 79.5812026 ], [ 12.7624412, 79.5812026 ], [ 12.7627996, 79.5809977 ], [ 12.7625839, 79.5807948 ], [ 12.7614588, 79.5806655 ], [ 12.7597694, 79.5806655 ] ], [ [ 12.7571172, 79.5869919 ], [ 12.7568842, 79.5873234 ], [ 12.7572531, 79.5876426 ], [ 12.7614928, 79.5875623 ], [ 12.7615242, 79.5871584 ], [ 12.7602566, 79.5868649 ], [ 12.7583442, 79.5868076 ], [ 12.7571172, 79.5869919 ] ], [ [ 10.9080601, 79.6388797 ], [ 10.8922883, 79.6389092 ], [ 10.876423, 79.6413366 ], [ 10.8775177, 79.6417149 ], [ 10.9164799, 79.6436383 ], [ 10.9210225, 79.6421452 ], [ 10.9195358, 79.640503 ], [ 10.9166762, 79.6397227 ], [ 10.9080601, 79.6388797 ] ], [ [ 10.7034971, 79.6582679 ], [ 10.7030541, 79.6583476 ], [ 10.7033311, 79.6584373 ], [ 10.7039955, 79.6583176 ], [ 10.7034971, 79.6582679 ] ], [ [ 10.7115299, 79.657226 ], [ 10.7059292, 79.6574994 ], [ 10.7048435, 79.6585361 ], [ 10.7061284, 79.6587574 ], [ 10.7155355, 79.6598327 ], [ 10.7177264, 79.6598532 ], [ 10.7204463, 79.6591887 ], [ 10.7201611, 79.6585114 ], [ 10.7115299, 79.657226 ] ], [ [ 10.7331806, 79.6605105 ], [ 10.7320079, 79.6594785 ], [ 10.7261651, 79.659408 ], [ 10.7237098, 79.659743 ], [ 10.7243654, 79.6607167 ], [ 10.7331806, 79.6605105 ] ], [ [ 12.6692119, 79.5970412 ], [ 12.6677331, 79.5966374 ], [ 12.666431, 79.5965399 ], [ 12.6659666, 79.5966734 ], [ 12.6664203, 79.5969325 ], [ 12.6671776, 79.5972284 ], [ 12.668004, 79.5975128 ], [ 12.6686248, 79.5977597 ], [ 12.6691946, 79.5979629 ], [ 12.6702883, 79.5976697 ], [ 12.6692119, 79.5970412 ] ], [ [ 12.7555465, 79.6195986 ], [ 12.7615621, 79.619455 ], [ 12.7640436, 79.6185853 ], [ 12.7622933, 79.6183456 ], [ 12.7532659, 79.618929 ], [ 12.7449138, 79.6178724 ], [ 12.7564846, 79.6154422 ], [ 12.7466486, 79.6159315 ], [ 12.7377506, 79.6184008 ], [ 12.7419112, 79.6201987 ], [ 12.7555465, 79.6195986 ] ], [ [ 12.0096687, 79.6870861 ], [ 12.0085738, 79.6867723 ], [ 12.0074379, 79.6864594 ], [ 12.0059177, 79.6862096 ], [ 12.0044783, 79.6861459 ], [ 12.0036607, 79.686259 ], [ 12.0036795, 79.6864455 ], [ 12.0044357, 79.6865947 ], [ 12.005513, 79.6867172 ], [ 12.0063533, 79.6869231 ], [ 12.0068738, 79.6872324 ], [ 12.0073628, 79.6875281 ], [ 12.0096687, 79.6870861 ] ], [ [ 11.9229543, 79.7395035 ], [ 11.9234352, 79.7389265 ], [ 11.919119, 79.7387062 ], [ 11.9141169, 79.7396868 ], [ 11.9159082, 79.7395999 ], [ 11.9229543, 79.7395035 ] ], [ [ 10.9441363, 79.7246718 ], [ 10.9642663, 79.7236981 ], [ 10.9690973, 79.7164881 ], [ 10.9582676, 79.7143048 ], [ 10.9707437, 79.7109109 ], [ 10.9782383, 79.7027094 ], [ 10.9902858, 79.7007225 ], [ 11.0189199, 79.699769 ], [ 11.0312907, 79.6971135 ], [ 11.0286655, 79.6942137 ], [ 11.0245496, 79.6964318 ], [ 11.0143346, 79.6963089 ], [ 11.0121896, 79.6979533 ], [ 10.9971598, 79.6974883 ], [ 11.0080492, 79.6956861 ], [ 11.0054585, 79.6943018 ], [ 11.0120912, 79.6953141 ], [ 11.0180691, 79.6944984 ], [ 11.0195014, 79.6926198 ], [ 11.0130292, 79.6919258 ], [ 11.0185525, 79.6906534 ], [ 11.0099939, 79.6897289 ], [ 11.0179281, 79.688747 ], [ 11.0190873, 79.6865509 ], [ 11.0287091, 79.6861501 ], [ 11.0315347, 79.6877328 ], [ 11.0454334, 79.6883587 ], [ 11.0501261, 79.6903915 ], [ 11.0552827, 79.6899415 ], [ 11.0697469, 79.6837949 ], [ 11.0633423, 79.6783715 ], [ 11.073402, 79.6745293 ], [ 11.083914, 79.6731323 ], [ 11.0783308, 79.6691545 ], [ 11.0827475, 79.6666661 ], [ 11.0686547, 79.6661294 ], [ 11.064436, 79.663834 ], [ 11.0626823, 79.6635762 ], [ 11.0429052, 79.6622419 ], [ 11.0354959, 79.6659219 ], [ 11.0267872, 79.6663725 ], [ 10.9688123, 79.6609561 ], [ 10.9222161, 79.6468467 ], [ 10.8922188, 79.644881 ], [ 10.8847876, 79.644752 ], [ 10.8679883, 79.6460032 ], [ 10.8612196, 79.6452872 ], [ 10.858744, 79.6454954 ], [ 10.8519005, 79.648133 ], [ 10.8196121, 79.647144 ], [ 10.8078551, 79.6481009 ], [ 10.7823389, 79.6466062 ], [ 10.7694536, 79.6483864 ], [ 10.7592351, 79.6477066 ], [ 10.7717115, 79.652191 ], [ 10.770313, 79.6550555 ], [ 10.764555, 79.6578083 ], [ 10.7418103, 79.6607716 ], [ 10.7391065, 79.6619378 ], [ 10.7386028, 79.6625756 ], [ 10.7402611, 79.6634042 ], [ 10.7577428, 79.6639705 ], [ 10.7583287, 79.6642743 ], [ 10.7604598, 79.6663013 ], [ 10.7604839, 79.6672788 ], [ 10.7570477, 79.6695637 ], [ 10.7498887, 79.6701121 ], [ 10.7494771, 79.6705087 ], [ 10.7551697, 79.6720856 ], [ 10.7549341, 79.6723285 ], [ 10.7488827, 79.6732709 ], [ 10.7680416, 79.6804816 ], [ 10.7622033, 79.6820549 ], [ 10.7406408, 79.6831393 ], [ 10.7386217, 79.6837254 ], [ 10.7401007, 79.6844946 ], [ 10.7586164, 79.6914598 ], [ 10.7595387, 79.6916668 ], [ 10.7917103, 79.6900541 ], [ 10.8076175, 79.6904917 ], [ 10.8082184, 79.6926463 ], [ 10.8132973, 79.6930087 ], [ 10.8404504, 79.6916699 ], [ 10.8730088, 79.6920561 ], [ 10.8805741, 79.6943793 ], [ 10.866558, 79.6960682 ], [ 10.8429585, 79.696224 ], [ 10.8209451, 79.6988024 ], [ 10.8010435, 79.6993293 ], [ 10.8116122, 79.6986696 ], [ 10.8216062, 79.6955773 ], [ 10.7748016, 79.7033432 ], [ 10.7198499, 79.7088227 ], [ 10.7224406, 79.7132978 ], [ 10.7153538, 79.7164938 ], [ 10.7152483, 79.7173231 ], [ 10.7161041, 79.7178729 ], [ 10.7332506, 79.7202408 ], [ 10.7370415, 79.7205412 ], [ 10.7597874, 79.7212172 ], [ 10.7795846, 79.7212172 ], [ 10.8002245, 79.7206163 ], [ 10.8233916, 79.7170115 ], [ 10.8348386, 79.7166433 ], [ 10.8359531, 79.7202272 ], [ 10.8249949, 79.7221863 ], [ 10.8359671, 79.7259508 ], [ 10.8402442, 79.7263991 ], [ 10.8431935, 79.7263991 ], [ 10.8647096, 79.7235401 ], [ 10.875398, 79.7230076 ], [ 10.8838542, 79.7230986 ], [ 10.8865883, 79.7228326 ], [ 10.8921942, 79.7209235 ], [ 10.8967268, 79.7204735 ], [ 10.9236931, 79.7188138 ], [ 10.9349983, 79.7204691 ], [ 10.9357352, 79.7239959 ], [ 10.9441363, 79.7246718 ] ], [ [ 10.9919645, 79.7185189 ], [ 10.9999132, 79.7163887 ], [ 10.9924873, 79.7130539 ], [ 10.9860965, 79.7133861 ], [ 10.9851691, 79.7138414 ], [ 10.9919645, 79.7185189 ] ], [ [ 10.9265614, 79.7202678 ], [ 10.9269046, 79.719716 ], [ 10.9231364, 79.7194719 ], [ 10.9207391, 79.7198344 ], [ 10.9198549, 79.7209743 ], [ 10.9265614, 79.7202678 ] ], [ [ 10.8170367, 79.7204283 ], [ 10.8140064, 79.7202128 ], [ 10.810831, 79.7200021 ], [ 10.8083224, 79.7199937 ], [ 10.806824, 79.7202311 ], [ 10.8072391, 79.7205604 ], [ 10.8101072, 79.7208579 ], [ 10.8145955, 79.7210627 ], [ 10.8187245, 79.7212543 ], [ 10.8195062, 79.721049 ], [ 10.818765, 79.7206866 ], [ 10.8170367, 79.7204283 ] ], [ [ 13.3067023, 79.6554722 ], [ 13.2985885, 79.6563436 ], [ 13.2969031, 79.6570227 ], [ 13.2983586, 79.657921 ], [ 13.3050961, 79.657914 ], [ 13.3128457, 79.6567503 ], [ 13.3134722, 79.6565247 ], [ 13.3088839, 79.6555823 ], [ 13.3067023, 79.6554722 ] ], [ [ 13.37925, 79.6571964 ], [ 13.3779058, 79.6572474 ], [ 13.3767247, 79.6573731 ], [ 13.3764815, 79.6575769 ], [ 13.3773077, 79.6578683 ], [ 13.3797948, 79.6579465 ], [ 13.3801779, 79.6576395 ], [ 13.3800756, 79.6573358 ], [ 13.37925, 79.6571964 ] ], [ [ 13.3716768, 79.6599782 ], [ 13.3703864, 79.6601945 ], [ 13.369747, 79.6604384 ], [ 13.3735917, 79.6604425 ], [ 13.3739806, 79.6602325 ], [ 13.373885, 79.6600289 ], [ 13.373058, 79.6599181 ], [ 13.3716768, 79.6599782 ] ], [ [ 13.3860343, 79.6621772 ], [ 13.3874098, 79.661466 ], [ 13.3855479, 79.6612782 ], [ 13.3803422, 79.6617314 ], [ 13.3803552, 79.6619211 ], [ 13.3860343, 79.6621772 ] ], [ [ 13.4274867, 79.6633821 ], [ 13.4261463, 79.6634856 ], [ 13.4242349, 79.6658515 ], [ 13.4257087, 79.6656591 ], [ 13.4385782, 79.6655852 ], [ 13.4415154, 79.6652071 ], [ 13.441749, 79.6642299 ], [ 13.4407579, 79.6639513 ], [ 13.4274867, 79.6633821 ] ], [ [ 13.3101346, 79.672344 ], [ 13.3075311, 79.672368 ], [ 13.3046128, 79.6736603 ], [ 13.3091707, 79.6754932 ], [ 13.3115575, 79.6761353 ], [ 13.3167861, 79.6760046 ], [ 13.3194017, 79.6748794 ], [ 13.3124568, 79.6727498 ], [ 13.3101346, 79.672344 ] ], [ [ 13.2489733, 79.6703243 ], [ 13.2478886, 79.6699564 ], [ 13.227106, 79.6695582 ], [ 13.2251571, 79.6696931 ], [ 13.2162933, 79.6736805 ], [ 13.2167282, 79.6740316 ], [ 13.2269824, 79.6766695 ], [ 13.2434064, 79.6789351 ], [ 13.2503188, 79.6753094 ], [ 13.2544385, 79.6748348 ], [ 13.2489733, 79.6703243 ] ], [ [ 13.4193879, 79.6719245 ], [ 13.4138175, 79.6696275 ], [ 13.4012167, 79.6699724 ], [ 13.3997777, 79.6686289 ], [ 13.384021, 79.6709839 ], [ 13.3684618, 79.6683806 ], [ 13.3505712, 79.6674333 ], [ 13.3468453, 79.6677991 ], [ 13.3268507, 79.6725808 ], [ 13.3501991, 79.6747429 ], [ 13.3645209, 79.6737908 ], [ 13.369489, 79.6750817 ], [ 13.3689922, 79.6756302 ], [ 13.3677098, 79.6759288 ], [ 13.3234684, 79.6775922 ], [ 13.3195056, 79.6795557 ], [ 13.3293998, 79.681287 ], [ 13.3469715, 79.6816406 ], [ 13.3516228, 79.6816406 ], [ 13.3634748, 79.6798362 ], [ 13.3769323, 79.680181 ], [ 13.3834699, 79.6789151 ], [ 13.407257, 79.6795583 ], [ 13.4128464, 79.6756144 ], [ 13.3789663, 79.6737041 ], [ 13.3903062, 79.6723922 ], [ 13.4044963, 79.6739891 ], [ 13.4193879, 79.6719245 ] ], [ [ 13.6246992, 79.6753078 ], [ 13.6154941, 79.6753153 ], [ 13.6190012, 79.6779386 ], [ 13.6335279, 79.6797231 ], [ 13.6356663, 79.6794688 ], [ 13.6416662, 79.6781497 ], [ 13.6405714, 79.6778358 ], [ 13.6309959, 79.6765441 ], [ 13.6246992, 79.6753078 ] ], [ [ 13.6612422, 79.6783969 ], [ 13.6600989, 79.6787374 ], [ 13.667363, 79.6817806 ], [ 13.6680394, 79.6823134 ], [ 13.674522, 79.6817096 ], [ 13.677695, 79.6805595 ], [ 13.6771445, 79.680021 ], [ 13.6646975, 79.6784598 ], [ 13.6612422, 79.6783969 ] ], [ [ 13.6464432, 79.6820899 ], [ 13.6467994, 79.6818261 ], [ 13.6461464, 79.6816645 ], [ 13.6448119, 79.6815485 ], [ 13.6432129, 79.6814049 ], [ 13.6415426, 79.6812605 ], [ 13.6398035, 79.6811488 ], [ 13.6380467, 79.6812015 ], [ 13.6367317, 79.6814556 ], [ 13.636728, 79.6817831 ], [ 13.6380367, 79.6820765 ], [ 13.6397986, 79.6822793 ], [ 13.6415797, 79.6824702 ], [ 13.6451929, 79.6824328 ], [ 13.6464432, 79.6820899 ] ], [ [ 13.312996, 79.6890519 ], [ 13.305878, 79.6897522 ], [ 13.3054838, 79.690412 ], [ 13.3114504, 79.6914316 ], [ 13.3162581, 79.6913888 ], [ 13.3196226, 79.6903434 ], [ 13.3197234, 79.6900041 ], [ 13.3150427, 79.6892756 ], [ 13.312996, 79.6890519 ] ], [ [ 13.3274782, 79.6970794 ], [ 13.3274863, 79.6968864 ], [ 13.3266699, 79.6967185 ], [ 13.3251781, 79.6966106 ], [ 13.3234192, 79.6966021 ], [ 13.3220639, 79.6967998 ], [ 13.3219819, 79.6971281 ], [ 13.3230439, 79.697515 ], [ 13.325509, 79.6973037 ], [ 13.3267215, 79.6972224 ], [ 13.3274782, 79.6970794 ] ], [ [ 10.9463359, 79.745422 ], [ 10.9462633, 79.74562 ], [ 10.9466394, 79.745822 ], [ 10.9492548, 79.7453513 ], [ 10.9481326, 79.7452836 ], [ 10.9470322, 79.7452967 ], [ 10.9463359, 79.745422 ] ], [ [ 10.8816118, 79.7664654 ], [ 10.8822318, 79.7669607 ], [ 10.8679172, 79.7694865 ], [ 10.8986281, 79.7669725 ], [ 10.8991351, 79.7574043 ], [ 10.9227718, 79.752521 ], [ 10.9469758, 79.7437267 ], [ 10.964395, 79.7436895 ], [ 10.9547175, 79.7454233 ], [ 10.9762065, 79.7448463 ], [ 10.9999295, 79.7395217 ], [ 10.9913532, 79.7392007 ], [ 10.9941492, 79.737443 ], [ 11.0077455, 79.7388864 ], [ 11.0007656, 79.7352982 ], [ 11.0019917, 79.7312372 ], [ 10.9874229, 79.7319593 ], [ 10.9763288, 79.7349069 ], [ 10.9553728, 79.7369977 ], [ 10.9085695, 79.7364008 ], [ 10.8836896, 79.737927 ], [ 10.8410842, 79.7380635 ], [ 10.8288989, 79.7372429 ], [ 10.813192, 79.7387509 ], [ 10.7699089, 79.7390265 ], [ 10.7665097, 79.7411922 ], [ 10.7495244, 79.7424819 ], [ 10.7370666, 79.7455165 ], [ 10.7220644, 79.7463775 ], [ 10.6902008, 79.7517504 ], [ 10.659723, 79.752948 ], [ 10.6558636, 79.7569298 ], [ 10.6651289, 79.7605276 ], [ 10.6852561, 79.7632411 ], [ 10.6892837, 79.7697811 ], [ 10.7034343, 79.7728847 ], [ 10.7373735, 79.775106 ], [ 10.7442232, 79.7789489 ], [ 10.7423352, 79.783101 ], [ 10.7605023, 79.7836267 ], [ 10.7752895, 79.7835516 ], [ 10.7866967, 79.7823499 ], [ 10.7913442, 79.781599 ], [ 10.8211864, 79.7738289 ], [ 10.8620071, 79.7696795 ], [ 10.8485928, 79.7699512 ], [ 10.8394241, 79.7680368 ], [ 10.8418081, 79.7662447 ], [ 10.8566175, 79.7641071 ], [ 10.8562018, 79.7616262 ], [ 10.8582016, 79.7613611 ], [ 10.8663965, 79.7610703 ], [ 10.8816118, 79.7664654 ] ], [ [ 11.5238925, 79.7611858 ], [ 11.5231438, 79.7613859 ], [ 11.5230342, 79.7617157 ], [ 11.5233926, 79.7620295 ], [ 11.5254633, 79.7620295 ], [ 11.5258219, 79.7617157 ], [ 11.5257123, 79.7613859 ], [ 11.5249636, 79.7611858 ], [ 11.5238925, 79.7611858 ] ], [ [ 10.5721942, 79.766151 ], [ 10.5710086, 79.7659194 ], [ 10.5690227, 79.7657859 ], [ 10.5672686, 79.7657399 ], [ 10.566335, 79.7658851 ], [ 10.5663195, 79.7661712 ], [ 10.5671132, 79.7663991 ], [ 10.5684679, 79.7665529 ], [ 10.5700411, 79.7667193 ], [ 10.5719883, 79.7667733 ], [ 10.5723855, 79.7664734 ], [ 10.5721942, 79.766151 ] ], [ [ 11.9246439, 79.7394722 ], [ 11.9249892, 79.7396796 ], [ 11.9261155, 79.739477 ], [ 11.9257118, 79.7392801 ], [ 11.9251549, 79.7391953 ], [ 11.9246869, 79.7392795 ], [ 11.9246439, 79.7394722 ] ], [ [ 12.0814517, 79.777054 ], [ 12.0852278, 79.7770942 ], [ 12.0855783, 79.7767859 ], [ 12.0853345, 79.7764649 ], [ 12.0841655, 79.7762719 ], [ 12.0824966, 79.7762489 ], [ 12.0816394, 79.7763394 ], [ 12.0820388, 79.7764527 ], [ 12.0830327, 79.7765467 ], [ 12.083564, 79.7766464 ], [ 12.0831304, 79.7767421 ], [ 12.0821806, 79.7768244 ], [ 12.0815401, 79.776929 ], [ 12.0814517, 79.777054 ] ], [ [ 12.3949906, 79.7888368 ], [ 12.3914818, 79.7891964 ], [ 12.3968031, 79.7896492 ], [ 12.3971459, 79.7890182 ], [ 12.3949906, 79.7888368 ] ], [ [ 11.8494273, 79.7926809 ], [ 11.8351771, 79.7936146 ], [ 11.8347729, 79.793911 ], [ 11.8413227, 79.7960562 ], [ 11.8444402, 79.7961134 ], [ 11.8485223, 79.7954739 ], [ 11.8513622, 79.7934417 ], [ 11.8507971, 79.7927891 ], [ 11.8494273, 79.7926809 ] ], [ [ 11.4988405, 79.7747498 ], [ 11.4939398, 79.7762558 ], [ 11.5038599, 79.7749596 ], [ 11.5020571, 79.7747551 ], [ 11.4988405, 79.7747498 ] ], [ [ 11.5002275, 79.7805417 ], [ 11.5012631, 79.7809365 ], [ 11.5046421, 79.7804927 ], [ 11.5034307, 79.7802137 ], [ 11.5017602, 79.7800736 ], [ 11.500356, 79.780219 ], [ 11.5002275, 79.7805417 ] ], [ [ 11.4703418, 79.784042 ], [ 11.4697663, 79.7837163 ], [ 11.4689645, 79.7836343 ], [ 11.4683791, 79.7838629 ], [ 11.4687098, 79.7842476 ], [ 11.4703418, 79.784042 ] ], [ [ 11.4190292, 79.7874722 ], [ 11.4244626, 79.7879142 ], [ 11.4365593, 79.7868727 ], [ 11.4341681, 79.7864664 ], [ 11.4294224, 79.7863467 ], [ 11.418371, 79.7872289 ], [ 11.4190292, 79.7874722 ] ], [ [ 11.439539, 79.7887717 ], [ 11.441752, 79.7887787 ], [ 11.4420893, 79.7885727 ], [ 11.4419369, 79.7883998 ], [ 11.4411309, 79.7883763 ], [ 11.4401031, 79.7885458 ], [ 11.439539, 79.7887717 ] ], [ [ 11.4877331, 79.7892127 ], [ 11.4890064, 79.7895761 ], [ 11.4916216, 79.7891054 ], [ 11.4896024, 79.7888762 ], [ 11.4880577, 79.7888094 ], [ 11.4873615, 79.7889347 ], [ 11.4877331, 79.7892127 ] ], [ [ 11.4355627, 79.7935479 ], [ 11.4383183, 79.7918713 ], [ 11.427366, 79.7909122 ], [ 11.4242991, 79.7911016 ], [ 11.4256912, 79.7920057 ], [ 11.4355627, 79.7935479 ] ], [ [ 11.4354708, 79.7963674 ], [ 11.4354619, 79.7945673 ], [ 11.4295001, 79.7943902 ], [ 11.4272453, 79.7948101 ], [ 11.428331, 79.7963632 ], [ 11.4354708, 79.7963674 ] ], [ [ 14.1178076, 79.6116029 ], [ 14.1167831, 79.6116254 ], [ 14.1160763, 79.6119705 ], [ 14.1159801, 79.6125515 ], [ 14.1163352, 79.6130801 ], [ 14.1190822, 79.6124334 ], [ 14.1186118, 79.6118921 ], [ 14.1178076, 79.6116029 ] ], [ [ 14.2751554, 79.6619915 ], [ 14.2751125, 79.6621842 ], [ 14.2754579, 79.6623917 ], [ 14.2765841, 79.6621891 ], [ 14.2761801, 79.6619921 ], [ 14.2756234, 79.6619073 ], [ 14.2751554, 79.6619915 ] ], [ [ 14.5549281, 80.0394293 ], [ 14.5569996, 80.03944 ], [ 14.5700076, 80.0378464 ], [ 14.5855443, 80.0344743 ], [ 14.5867167, 80.0338778 ], [ 14.5861051, 80.0294378 ], [ 14.5846152, 80.0289278 ], [ 14.5150543, 80.0173937 ], [ 14.4921829, 80.0117297 ], [ 14.4894843, 80.0116895 ], [ 14.4869983, 80.0118234 ], [ 14.469383, 80.0197062 ], [ 14.4667497, 80.0223143 ], [ 14.4667459, 80.0268219 ], [ 14.4780449, 80.0344099 ], [ 14.4951144, 80.0384896 ], [ 14.5007269, 80.0392401 ], [ 14.5093625, 80.0401208 ], [ 14.5304102, 80.0407439 ], [ 14.5308973, 80.040553 ], [ 14.5057088, 80.0391048 ], [ 14.492829, 80.0371289 ], [ 14.4869555, 80.0353299 ], [ 14.4845875, 80.0333806 ], [ 14.48871, 80.0297323 ], [ 14.4811478, 80.0291154 ], [ 14.4807554, 80.0289121 ], [ 14.4869663, 80.0277658 ], [ 14.4732451, 80.0243096 ], [ 14.4724411, 80.023665 ], [ 14.4744037, 80.0197194 ], [ 14.495034, 80.0197238 ], [ 14.5071898, 80.0208895 ], [ 14.5123271, 80.0201855 ], [ 14.5834996, 80.0309714 ], [ 14.5842921, 80.0313096 ], [ 14.5776598, 80.035463 ], [ 14.5549281, 80.0394293 ] ], [ [ 14.5670149, 80.0303366 ], [ 14.5582035, 80.02876 ], [ 14.5517741, 80.0304189 ], [ 14.5595176, 80.0300552 ], [ 14.5601718, 80.0301135 ], [ 14.5588642, 80.0308053 ], [ 14.5585231, 80.0318602 ], [ 14.5649906, 80.0316883 ], [ 14.5670149, 80.0303366 ] ], [ [ 14.5476564, 80.0392689 ], [ 14.5360265, 80.0404648 ], [ 14.5528728, 80.0394717 ], [ 14.5509256, 80.0392613 ], [ 14.5476564, 80.0392689 ] ], [ [ 12.4351239, 79.7941012 ], [ 12.4337655, 79.7942743 ], [ 12.4220736, 79.7965751 ], [ 12.4381524, 79.795173 ], [ 12.4351239, 79.7941012 ] ], [ [ 11.8629657, 79.7975273 ], [ 11.8580133, 79.7979724 ], [ 11.8575932, 79.7991414 ], [ 11.8599817, 79.7991858 ], [ 11.8629657, 79.7975273 ] ], [ [ 12.1485083, 79.7986139 ], [ 12.1480653, 79.7986937 ], [ 12.1483421, 79.7987833 ], [ 12.1490066, 79.7986637 ], [ 12.1485083, 79.7986139 ] ], [ [ 12.4684935, 79.79756 ], [ 12.4596241, 79.7992988 ], [ 12.4583251, 79.8005474 ], [ 12.4619027, 79.800528 ], [ 12.4684935, 79.79756 ] ], [ [ 11.3666915, 79.7942163 ], [ 11.3644022, 79.7944078 ], [ 11.3328493, 79.7956105 ], [ 11.3316091, 79.7957953 ], [ 11.3224636, 79.7990113 ], [ 11.2976511, 79.8018972 ], [ 11.2966088, 79.8020803 ], [ 11.2903498, 79.8046017 ], [ 11.2903115, 79.8046875 ], [ 11.3007805, 79.8078551 ], [ 11.3071787, 79.8082422 ], [ 11.3106024, 79.8072838 ], [ 11.329082, 79.807007 ], [ 11.3424222, 79.8077075 ], [ 11.3592771, 79.8059705 ], [ 11.3608918, 79.8059438 ], [ 11.3687069, 79.8066794 ], [ 11.3965423, 79.7950206 ], [ 11.4206969, 79.7883166 ], [ 11.3773363, 79.7925869 ], [ 11.3666915, 79.7942163 ] ], [ [ 11.4277045, 79.799772 ], [ 11.4269286, 79.7999088 ], [ 11.4268678, 79.8002151 ], [ 11.427273, 79.800525 ], [ 11.4326829, 79.8005205 ], [ 11.4320732, 79.8002766 ], [ 11.4307441, 79.8000247 ], [ 11.4291083, 79.7998452 ], [ 11.4277045, 79.799772 ] ], [ [ 11.4189136, 79.8033218 ], [ 11.4177688, 79.8034509 ], [ 11.4175493, 79.803654 ], [ 11.4179139, 79.8038588 ], [ 11.4216326, 79.8038588 ], [ 11.4219973, 79.803654 ], [ 11.4217778, 79.8034509 ], [ 11.420633, 79.8033218 ], [ 11.4189136, 79.8033218 ] ], [ [ 11.5219154, 79.817031 ], [ 11.5237473, 79.8160206 ], [ 11.5197992, 79.815886 ], [ 11.5126085, 79.8167377 ], [ 11.5135129, 79.8183796 ], [ 11.5219154, 79.817031 ] ], [ [ 12.4669747, 79.8019106 ], [ 12.4669147, 79.8015937 ], [ 12.4661525, 79.8013666 ], [ 12.4647872, 79.8012186 ], [ 12.4631968, 79.8011044 ], [ 12.4618, 79.8011158 ], [ 12.4609987, 79.801308 ], [ 12.4609931, 79.8016104 ], [ 12.4617677, 79.8018394 ], [ 12.4631091, 79.8019902 ], [ 12.4646761, 79.8021543 ], [ 12.4665724, 79.8022074 ], [ 12.4669747, 79.8019106 ] ], [ [ 12.1764452, 79.8208998 ], [ 12.1756842, 79.8210291 ], [ 12.1755726, 79.821232 ], [ 12.1759371, 79.821437 ], [ 12.1780427, 79.821437 ], [ 12.1784071, 79.821232 ], [ 12.1782956, 79.8210291 ], [ 12.1775343, 79.8208998 ], [ 12.1764452, 79.8208998 ] ], [ [ 12.1856889, 79.8357232 ], [ 12.1852384, 79.835803 ], [ 12.1855199, 79.8358926 ], [ 12.1861956, 79.8357731 ], [ 12.1856889, 79.8357232 ] ], [ [ 11.5878456, 79.8476262 ], [ 11.6241282, 79.8451467 ], [ 11.6353545, 79.84305 ], [ 11.6346509, 79.8425914 ], [ 11.5949914, 79.8352941 ], [ 11.5667318, 79.8330112 ], [ 11.5540491, 79.8294156 ], [ 11.5451138, 79.8290282 ], [ 11.54285, 79.829015 ], [ 11.5372756, 79.8298635 ], [ 11.5427423, 79.8322613 ], [ 11.5388331, 79.8349437 ], [ 11.5418066, 79.843242 ], [ 11.5442491, 79.8440084 ], [ 11.5513105, 79.8450181 ], [ 11.583446, 79.8475959 ], [ 11.5878456, 79.8476262 ] ], [ [ 11.502075, 79.8262701 ], [ 11.5020909, 79.8257861 ], [ 11.5009154, 79.8251878 ], [ 11.4980005, 79.8246917 ], [ 11.494718, 79.8245414 ], [ 11.4929006, 79.8247106 ], [ 11.4929124, 79.8250247 ], [ 11.494536, 79.8252542 ], [ 11.4970206, 79.8253995 ], [ 11.4987128, 79.8256036 ], [ 11.4994704, 79.8259072 ], [ 11.4999518, 79.8261988 ], [ 11.502075, 79.8262701 ] ], [ [ 11.2781159, 79.8546451 ], [ 11.2850122, 79.8574013 ], [ 11.2863007, 79.8586792 ], [ 11.2691134, 79.8659896 ], [ 11.2691379, 79.8662004 ], [ 11.2790273, 79.8679848 ], [ 11.2869468, 79.8686742 ], [ 11.2942559, 79.8686206 ], [ 11.3134423, 79.8671722 ], [ 11.3231878, 79.8652411 ], [ 11.3274513, 79.8636853 ], [ 11.3333874, 79.8597463 ], [ 11.3349589, 79.8525805 ], [ 11.3624318, 79.8428233 ], [ 11.3663187, 79.8403054 ], [ 11.3663698, 79.8396487 ], [ 11.3618603, 79.8380777 ], [ 11.3487449, 79.8372372 ], [ 11.3472394, 79.8371218 ], [ 11.3263152, 79.837761 ], [ 11.3092023, 79.8391176 ], [ 11.2856802, 79.8426696 ], [ 11.2708007, 79.8461614 ], [ 11.2647361, 79.848344 ], [ 11.2618173, 79.852293 ], [ 11.2758846, 79.8541142 ], [ 11.2781159, 79.8546451 ] ], [ [ 11.4702801, 79.8695567 ], [ 11.4710313, 79.8698575 ], [ 11.4796675, 79.87082 ], [ 11.4833236, 79.8706483 ], [ 11.4879549, 79.8689317 ], [ 11.4906626, 79.8508654 ], [ 11.4801034, 79.8438885 ], [ 11.4760944, 79.8430747 ], [ 11.4724581, 79.8429797 ], [ 11.4627132, 79.8433135 ], [ 11.4407597, 79.8462033 ], [ 11.4371514, 79.8468831 ], [ 11.4282366, 79.8518943 ], [ 11.4448584, 79.8564442 ], [ 11.4522182, 79.8633012 ], [ 11.4675601, 79.8659596 ], [ 11.4702801, 79.8695567 ] ], [ [ 11.263104, 79.8697391 ], [ 11.2616171, 79.8697931 ], [ 11.2602016, 79.8701119 ], [ 11.2596737, 79.8705205 ], [ 11.2598562, 79.8708701 ], [ 11.2636697, 79.8708676 ], [ 11.2640713, 79.8704419 ], [ 11.2639732, 79.8699878 ], [ 11.263104, 79.8697391 ] ], [ [ 11.6136312, 79.8505054 ], [ 11.6106175, 79.8503745 ], [ 11.5939363, 79.8522793 ], [ 11.5707476, 79.852253 ], [ 11.5627313, 79.8549575 ], [ 11.5661964, 79.8598514 ], [ 11.5900849, 79.8600231 ], [ 11.5995916, 79.8599802 ], [ 11.6212863, 79.8562895 ], [ 11.6429811, 79.8577057 ], [ 11.6501024, 79.8566563 ], [ 11.6492301, 79.8560951 ], [ 11.6190859, 79.8526362 ], [ 11.6136312, 79.8505054 ] ], [ [ 11.4828898, 79.8837507 ], [ 11.4810435, 79.8835388 ], [ 11.4768651, 79.8836241 ], [ 11.4754002, 79.8838032 ], [ 11.4752249, 79.8852648 ], [ 11.4847972, 79.8853236 ], [ 11.4828898, 79.8837507 ] ], [ [ 16.0799233, 79.8775581 ], [ 16.0760366, 79.8751372 ], [ 16.064658, 79.8727086 ], [ 16.0623885, 79.8724949 ], [ 16.068734, 79.8746119 ], [ 16.0799233, 79.8775581 ] ], [ [ 16.069109, 79.8880579 ], [ 16.0629905, 79.8877599 ], [ 16.0606402, 79.8885159 ], [ 16.0687296, 79.8927013 ], [ 16.069109, 79.8880579 ] ], [ [ 15.9262727, 79.9322956 ], [ 15.9244525, 79.9319344 ], [ 15.9213305, 79.9320769 ], [ 15.9197001, 79.933309 ], [ 15.9262727, 79.9322956 ] ], [ [ 15.9494905, 79.9345204 ], [ 15.9442106, 79.933916 ], [ 15.9417121, 79.9340265 ], [ 15.9389508, 79.9359208 ], [ 15.9494905, 79.9345204 ] ], [ [ 16.1930428, 80.0544949 ], [ 16.1910963, 80.0549561 ], [ 16.1919583, 80.05641 ], [ 16.1973644, 80.0555648 ], [ 16.197561, 80.0548774 ], [ 16.1930428, 80.0544949 ] ], [ [ 18.4402033, 80.0031441 ], [ 18.4405603, 80.0033514 ], [ 18.4417253, 80.0031489 ], [ 18.4413075, 80.0029519 ], [ 18.4407316, 80.0028672 ], [ 18.4402477, 80.0029513 ], [ 18.4402033, 80.0031441 ] ], [ [ 18.6503962, 80.0094527 ], [ 18.650212, 80.0097475 ], [ 18.6505589, 80.0100613 ], [ 18.6528265, 80.0100698 ], [ 18.6529818, 80.0098234 ], [ 18.6524856, 80.0095541 ], [ 18.6513104, 80.009371 ], [ 18.6503962, 80.0094527 ] ], [ [ 18.2117347, 80.0158077 ], [ 18.2118655, 80.0125457 ], [ 18.2248641, 80.007301 ], [ 18.2148894, 80.0051318 ], [ 18.2109128, 80.0050194 ], [ 18.2024295, 80.0132838 ], [ 18.2117347, 80.0158077 ] ], [ [ 18.461423, 80.012543 ], [ 18.4622997, 80.0086915 ], [ 18.4455107, 80.0081952 ], [ 18.4394584, 80.0064263 ], [ 18.4353009, 80.0105431 ], [ 18.4353973, 80.0107011 ], [ 18.4406033, 80.0112962 ], [ 18.4408432, 80.0150936 ], [ 18.4501239, 80.016326 ], [ 18.4523385, 80.0164787 ], [ 18.4606878, 80.0130684 ], [ 18.461423, 80.012543 ] ], [ [ 18.231075, 80.0137963 ], [ 18.233551, 80.0144861 ], [ 18.2376406, 80.0141665 ], [ 18.2375996, 80.0124242 ], [ 18.2369699, 80.0122916 ], [ 18.2310016, 80.0134971 ], [ 18.231075, 80.0137963 ] ], [ [ 18.4162205, 80.0103992 ], [ 18.4138137, 80.009204 ], [ 18.4020181, 80.0075887 ], [ 18.3743973, 80.016587 ], [ 18.3697736, 80.0201452 ], [ 18.3718365, 80.0209624 ], [ 18.3737829, 80.0209066 ], [ 18.3875006, 80.0166519 ], [ 18.3999592, 80.0123411 ], [ 18.4154834, 80.0107836 ], [ 18.4162205, 80.0103992 ] ], [ [ 18.421331, 80.0150877 ], [ 18.419786, 80.0151638 ], [ 18.4183127, 80.0154856 ], [ 18.417762, 80.0158914 ], [ 18.4179446, 80.0162379 ], [ 18.4205235, 80.0161619 ], [ 18.4218112, 80.0156885 ], [ 18.4221351, 80.0152827 ], [ 18.421331, 80.0150877 ] ], [ [ 18.3258765, 80.0166801 ], [ 18.3226315, 80.0145372 ], [ 18.3158813, 80.014562 ], [ 18.3146771, 80.0148231 ], [ 18.2985885, 80.0184574 ], [ 18.297769, 80.0190235 ], [ 18.3061249, 80.0220466 ], [ 18.3191097, 80.0211492 ], [ 18.3207527, 80.0206649 ], [ 18.3258765, 80.0166801 ] ], [ [ 17.9977103, 79.9662191 ], [ 18.0165946, 79.9686124 ], [ 18.0240631, 79.9687647 ], [ 18.0330046, 79.9636956 ], [ 18.0527079, 79.9604567 ], [ 18.0263839, 79.957215 ], [ 18.0263613, 79.9570121 ], [ 18.0320197, 79.9573814 ], [ 18.022294, 79.955198 ], [ 18.0139621, 79.955162 ], [ 18.0043118, 79.9558657 ], [ 17.9928828, 79.9590815 ], [ 17.9917161, 79.9620399 ], [ 17.9944111, 79.9652601 ], [ 17.9977103, 79.9662191 ] ], [ [ 17.9643054, 79.9665411 ], [ 17.9630789, 79.9667388 ], [ 17.9632722, 79.9671419 ], [ 17.9645414, 79.9676125 ], [ 17.9674748, 79.9676148 ], [ 17.9685251, 79.9672207 ], [ 17.9682884, 79.9668629 ], [ 17.9665155, 79.9665951 ], [ 17.9643054, 79.9665411 ] ], [ [ 17.8853309, 80.1683646 ], [ 17.880698, 80.1685925 ], [ 17.8816113, 80.1693416 ], [ 17.8879915, 80.1688634 ], [ 17.8853309, 80.1683646 ] ], [ [ 18.0269672, 80.1766932 ], [ 18.0273306, 80.1769007 ], [ 18.0285156, 80.1766978 ], [ 18.0280908, 80.176501 ], [ 18.0275049, 80.1764162 ], [ 18.0270123, 80.1765006 ], [ 18.0269672, 80.1766932 ] ], [ [ 18.514241, 80.0188187 ], [ 18.5128666, 80.0190578 ], [ 18.512924, 80.0191875 ], [ 18.5149854, 80.0188287 ], [ 18.514241, 80.0188187 ] ], [ [ 18.51252, 80.0228761 ], [ 18.5090535, 80.0211323 ], [ 18.5069931, 80.0206975 ], [ 18.4991643, 80.0209823 ], [ 18.4947383, 80.0212944 ], [ 18.4914531, 80.0220953 ], [ 18.4995759, 80.0263655 ], [ 18.5056686, 80.0264122 ], [ 18.507605, 80.0278782 ], [ 18.5134829, 80.026723 ], [ 18.51252, 80.0228761 ] ], [ [ 18.1064709, 80.039481 ], [ 18.0988241, 80.0365682 ], [ 18.1002188, 80.0341756 ], [ 18.104387, 80.0313601 ], [ 18.1202178, 80.0299439 ], [ 18.1227344, 80.0292431 ], [ 18.1057202, 80.0258039 ], [ 18.0675991, 80.0341963 ], [ 18.052209, 80.0430516 ], [ 18.0495474, 80.0495908 ], [ 18.0888135, 80.0437554 ], [ 18.0910568, 80.0434964 ], [ 18.0850744, 80.0434504 ], [ 18.0866401, 80.0422511 ], [ 18.1064709, 80.039481 ] ], [ [ 18.3124845, 80.1836981 ], [ 18.3147937, 80.1835676 ], [ 18.3200396, 80.1821898 ], [ 18.3159817, 80.1796418 ], [ 18.3147858, 80.1795006 ], [ 18.3112845, 80.1830238 ], [ 18.3124845, 80.1836981 ] ], [ [ 18.0128257, 80.1790645 ], [ 18.0125647, 80.1789618 ], [ 18.0113369, 80.179028 ], [ 18.0099941, 80.1791393 ], [ 18.0092663, 80.1792674 ], [ 18.0092121, 80.1794043 ], [ 18.011964, 80.1793197 ], [ 18.0128257, 80.1790645 ] ], [ [ 18.1738719, 80.182703 ], [ 18.168784, 80.184985 ], [ 18.1758697, 80.1838274 ], [ 18.175688, 80.1830111 ], [ 18.1738719, 80.182703 ] ], [ [ 18.1445311, 80.1841329 ], [ 18.1487911, 80.1841329 ], [ 18.1485449, 80.1839982 ], [ 18.147489, 80.1839057 ], [ 18.1458331, 80.1839057 ], [ 18.1447772, 80.1839982 ], [ 18.1445311, 80.1841329 ] ], [ [ 18.149282, 80.185057 ], [ 18.1496371, 80.1852632 ], [ 18.1519657, 80.1852561 ], [ 18.1513721, 80.1850302 ], [ 18.1502906, 80.1848607 ], [ 18.1494426, 80.1848841 ], [ 18.149282, 80.185057 ] ], [ [ 18.1619524, 80.1862534 ], [ 18.1641393, 80.186222 ], [ 18.1629164, 80.1858886 ], [ 18.1612871, 80.1856254 ], [ 18.1600296, 80.1855788 ], [ 18.160183, 80.1858054 ], [ 18.1619524, 80.1862534 ] ], [ [ 18.1735777, 80.1866903 ], [ 18.1729327, 80.1868587 ], [ 18.1735827, 80.18715 ], [ 18.1763594, 80.1872303 ], [ 18.1767145, 80.1870235 ], [ 18.1764451, 80.1868171 ], [ 18.1752281, 80.1866843 ], [ 18.1735777, 80.1866903 ] ], [ [ 18.1799181, 80.1874048 ], [ 18.1780419, 80.1872582 ], [ 18.1773492, 80.1873534 ], [ 18.1778492, 80.1876049 ], [ 18.1789547, 80.1879355 ], [ 18.1805799, 80.1883115 ], [ 18.183093, 80.1883909 ], [ 18.1830776, 80.1881213 ], [ 18.1820759, 80.1877697 ], [ 18.1799181, 80.1874048 ] ], [ [ 18.1790075, 80.1887335 ], [ 18.17726, 80.1900864 ], [ 18.1826978, 80.1896256 ], [ 18.1816427, 80.1887472 ], [ 18.1790075, 80.1887335 ] ], [ [ 18.2339081, 80.1911466 ], [ 18.2341136, 80.1916438 ], [ 18.2441138, 80.1928598 ], [ 18.2484725, 80.1932775 ], [ 18.250053, 80.1945676 ], [ 18.2505016, 80.1919776 ], [ 18.2412699, 80.1910814 ], [ 18.2339081, 80.1911466 ] ], [ [ 18.2123374, 80.1937568 ], [ 18.2116168, 80.1934736 ], [ 18.2109026, 80.1932544 ], [ 18.2098845, 80.1931781 ], [ 18.2084771, 80.1932535 ], [ 18.2072536, 80.1933827 ], [ 18.2070791, 80.1935683 ], [ 18.2082775, 80.1937944 ], [ 18.210058, 80.1939847 ], [ 18.2119156, 80.1941819 ], [ 18.2128845, 80.1940537 ], [ 18.2123374, 80.1937568 ] ], [ [ 18.229833, 80.1926647 ], [ 18.2281768, 80.1925842 ], [ 18.218217, 80.1937863 ], [ 18.2174544, 80.194086 ], [ 18.2262552, 80.1937536 ], [ 18.2314597, 80.1950635 ], [ 18.2352697, 80.1944891 ], [ 18.2347643, 80.1940459 ], [ 18.229833, 80.1926647 ] ], [ [ 18.5441149, 80.252865 ], [ 18.5444782, 80.2530726 ], [ 18.5456634, 80.2528698 ], [ 18.5452384, 80.2526729 ], [ 18.5446525, 80.2525882 ], [ 18.5441601, 80.2526724 ], [ 18.5441149, 80.252865 ] ], [ [ 18.1640673, 80.286445 ], [ 18.163866, 80.2866458 ], [ 18.1642839, 80.2868409 ], [ 18.1663328, 80.2866337 ], [ 18.1679881, 80.2867728 ], [ 18.1694134, 80.2867665 ], [ 18.1702487, 80.2865666 ], [ 18.1702324, 80.2862713 ], [ 18.1692501, 80.2861192 ], [ 18.1674044, 80.2861639 ], [ 18.1653149, 80.2862806 ], [ 18.1640673, 80.286445 ] ], [ [ 18.4003175, 80.3538007 ], [ 18.4015634, 80.3534067 ], [ 18.4110758, 80.3519226 ], [ 18.4181263, 80.3511831 ], [ 18.4280378, 80.3507978 ], [ 18.4307696, 80.3508615 ], [ 18.444682, 80.3521137 ], [ 18.4664828, 80.3452893 ], [ 18.5014817, 80.3450118 ], [ 18.5034277, 80.3468269 ], [ 18.5110962, 80.3468066 ], [ 18.5193809, 80.3432413 ], [ 18.5672811, 80.3378195 ], [ 18.5806916, 80.3330235 ], [ 18.5868278, 80.3344591 ], [ 18.5835429, 80.335934 ], [ 18.6045527, 80.338111 ], [ 18.5887634, 80.3320313 ], [ 18.5717328, 80.3310126 ], [ 18.563589, 80.3285121 ], [ 18.5495882, 80.3281903 ], [ 18.5624697, 80.3225485 ], [ 18.5811369, 80.3200781 ], [ 18.5935276, 80.3217242 ], [ 18.5997066, 80.3178284 ], [ 18.6278638, 80.3178267 ], [ 18.6407979, 80.3232049 ], [ 18.6530299, 80.3217221 ], [ 18.6562707, 80.3143547 ], [ 18.6464586, 80.3107069 ], [ 18.6075633, 80.3099992 ], [ 18.601372, 80.3083709 ], [ 18.5987263, 80.3056402 ], [ 18.6110804, 80.3051919 ], [ 18.6109931, 80.3031754 ], [ 18.6186897, 80.302862 ], [ 18.6126815, 80.3018053 ], [ 18.6292222, 80.3012264 ], [ 18.6471843, 80.3032407 ], [ 18.6604441, 80.3026162 ], [ 18.6679605, 80.3009182 ], [ 18.666846, 80.3028339 ], [ 18.6721793, 80.303225 ], [ 18.6769247, 80.3008422 ], [ 18.6815094, 80.302675 ], [ 18.7002182, 80.3029079 ], [ 18.7042136, 80.3016297 ], [ 18.7076985, 80.3038331 ], [ 18.700628, 80.3072509 ], [ 18.7307057, 80.3085021 ], [ 18.7385768, 80.3098514 ], [ 18.7350436, 80.3109185 ], [ 18.7406349, 80.3126348 ], [ 18.7508203, 80.3124051 ], [ 18.7540122, 80.2980072 ], [ 18.7340316, 80.2925251 ], [ 18.7192732, 80.2908679 ], [ 18.6854664, 80.2920598 ], [ 18.6588761, 80.2897019 ], [ 18.6747971, 80.2919421 ], [ 18.6566669, 80.2918347 ], [ 18.6389747, 80.2891002 ], [ 18.6292439, 80.2833453 ], [ 18.6367185, 80.2694674 ], [ 18.6295094, 80.263464 ], [ 18.6123536, 80.259129 ], [ 18.5731272, 80.2552044 ], [ 18.5692281, 80.2571943 ], [ 18.5368974, 80.2545843 ], [ 18.5393248, 80.2522838 ], [ 18.5283427, 80.2503645 ], [ 18.5372051, 80.247465 ], [ 18.5326468, 80.2466893 ], [ 18.5104889, 80.2476575 ], [ 18.5072644, 80.2533752 ], [ 18.5001075, 80.2546221 ], [ 18.476422, 80.2553297 ], [ 18.4582504, 80.2543736 ], [ 18.4860932, 80.2563878 ], [ 18.4728559, 80.2569139 ], [ 18.45481, 80.2556576 ], [ 18.444621, 80.2526785 ], [ 18.4553334, 80.2534933 ], [ 18.4446119, 80.2519751 ], [ 18.435901, 80.2442948 ], [ 18.4276576, 80.2423048 ], [ 18.3965485, 80.2422229 ], [ 18.4115893, 80.243102 ], [ 18.4193994, 80.2476195 ], [ 18.4283144, 80.2489885 ], [ 18.4189682, 80.2501428 ], [ 18.4175223, 80.257014 ], [ 18.4073914, 80.2608323 ], [ 18.3959858, 80.2622609 ], [ 18.3873651, 80.2615222 ], [ 18.4049953, 80.2589453 ], [ 18.4140881, 80.2536597 ], [ 18.3985174, 80.2595719 ], [ 18.3828521, 80.2609072 ], [ 18.3758233, 80.263069 ], [ 18.3814247, 80.262959 ], [ 18.3820482, 80.2641937 ], [ 18.3736283, 80.2650324 ], [ 18.3717092, 80.2640465 ], [ 18.3365628, 80.2704513 ], [ 18.3137081, 80.2715331 ], [ 18.2825316, 80.275857 ], [ 18.2593687, 80.2773702 ], [ 18.2151933, 80.2838145 ], [ 18.2509055, 80.2801957 ], [ 18.2462645, 80.2828267 ], [ 18.2563196, 80.2808616 ], [ 18.2564646, 80.2828581 ], [ 18.2456163, 80.2839335 ], [ 18.2516279, 80.2841061 ], [ 18.2350703, 80.2859354 ], [ 18.2370225, 80.2850461 ], [ 18.2328932, 80.2852436 ], [ 18.2293006, 80.2870924 ], [ 18.2002741, 80.2877705 ], [ 18.1982973, 80.2848359 ], [ 18.2118548, 80.284247 ], [ 18.1917146, 80.2838099 ], [ 18.1731575, 80.2858967 ], [ 18.1820354, 80.2859888 ], [ 18.17382, 80.2870039 ], [ 18.1743057, 80.2884675 ], [ 18.1569819, 80.2893196 ], [ 18.1557106, 80.2868601 ], [ 18.1306769, 80.2861676 ], [ 18.1195951, 80.284349 ], [ 18.1212022, 80.2880619 ], [ 18.1064903, 80.2952206 ], [ 18.1283823, 80.3050677 ], [ 18.1104378, 80.2961186 ], [ 18.1170805, 80.29278 ], [ 18.1295402, 80.2936996 ], [ 18.1341918, 80.296948 ], [ 18.1675519, 80.296923 ], [ 18.1775312, 80.2992761 ], [ 18.1831845, 80.3022711 ], [ 18.1697077, 80.3077986 ], [ 18.1413271, 80.3082182 ], [ 18.1298289, 80.3056473 ], [ 18.1484056, 80.3169122 ], [ 18.1479969, 80.3215706 ], [ 18.1630768, 80.3263549 ], [ 18.1717144, 80.3330063 ], [ 18.1802504, 80.3350657 ], [ 18.2097632, 80.334663 ], [ 18.209765, 80.3344764 ], [ 18.184882, 80.3317871 ], [ 18.1781915, 80.3320313 ], [ 18.1837682, 80.3335767 ], [ 18.1833307, 80.3338503 ], [ 18.1795235, 80.3340245 ], [ 18.1751388, 80.333167 ], [ 18.1719474, 80.3320313 ], [ 18.162586, 80.3242971 ], [ 18.1625767, 80.3238642 ], [ 18.1660881, 80.3226565 ], [ 18.1752903, 80.3214589 ], [ 18.2229151, 80.32544 ], [ 18.2438424, 80.3346703 ], [ 18.2407857, 80.3373421 ], [ 18.2322036, 80.3379008 ], [ 18.2096127, 80.3349136 ], [ 18.2379385, 80.3408287 ], [ 18.2300328, 80.3455305 ], [ 18.2452108, 80.3453048 ], [ 18.2598853, 80.3470742 ], [ 18.2379386, 80.3461328 ], [ 18.2627897, 80.3508604 ], [ 18.28125, 80.360212 ], [ 18.295927, 80.357864 ], [ 18.3037477, 80.359035 ], [ 18.300474, 80.3604882 ], [ 18.3124375, 80.3604099 ], [ 18.315464, 80.3620679 ], [ 18.3276485, 80.3627287 ], [ 18.3211623, 80.3641235 ], [ 18.3129483, 80.3632926 ], [ 18.3046765, 80.3646514 ], [ 18.2915031, 80.3620549 ], [ 18.2988449, 80.3642756 ], [ 18.2982014, 80.3674225 ], [ 18.2999806, 80.3679045 ], [ 18.3052239, 80.3679327 ], [ 18.3090796, 80.3676631 ], [ 18.3198565, 80.3647361 ], [ 18.3349932, 80.3635398 ], [ 18.3361431, 80.363348 ], [ 18.3455467, 80.3606356 ], [ 18.3690239, 80.3578726 ], [ 18.372456, 80.3575251 ], [ 18.3957049, 80.3575774 ], [ 18.3983139, 80.3571934 ], [ 18.4003175, 80.3538007 ] ], [ [ 18.6443622, 80.3250564 ], [ 18.6436876, 80.325206 ], [ 18.6440159, 80.3254894 ], [ 18.6452904, 80.325851 ], [ 18.6469136, 80.3256578 ], [ 18.6463886, 80.3252865 ], [ 18.645492, 80.3250751 ], [ 18.6443622, 80.3250564 ] ], [ [ 18.6475074, 80.3283857 ], [ 18.6483663, 80.3298501 ], [ 18.6527241, 80.3299214 ], [ 18.653143, 80.329172 ], [ 18.6529121, 80.3283404 ], [ 18.6493074, 80.3279078 ], [ 18.6475074, 80.3283857 ] ], [ [ 18.1575161, 80.3387765 ], [ 18.1540951, 80.338517 ], [ 18.156526, 80.3409708 ], [ 18.1603051, 80.3403322 ], [ 18.1575161, 80.3387765 ] ], [ [ 18.2873166, 80.3615754 ], [ 18.2886947, 80.3616966 ], [ 18.2902896, 80.3618532 ], [ 18.2914364, 80.3617538 ], [ 18.2908697, 80.3614627 ], [ 18.289995, 80.3611587 ], [ 18.2888312, 80.3608456 ], [ 18.2871797, 80.3605901 ], [ 18.2856334, 80.3605204 ], [ 18.2848037, 80.3606451 ], [ 18.2848843, 80.3608952 ], [ 18.2855833, 80.3611774 ], [ 18.286337, 80.3614169 ], [ 18.2873166, 80.3615754 ] ], [ [ 24.33009, 77.9028642 ], [ 24.328925, 77.9040124 ], [ 24.3314832, 77.903542 ], [ 24.3312095, 77.903017 ], [ 24.33009, 77.9028642 ] ], [ [ 24.3243819, 77.9092041 ], [ 24.3240561, 77.9090635 ], [ 24.3232372, 77.9090635 ], [ 24.3224654, 77.9092041 ], [ 24.3218942, 77.9094384 ], [ 24.3214554, 77.9096859 ], [ 24.3213571, 77.9099016 ], [ 24.3229798, 77.9099016 ], [ 24.32354, 77.9096859 ], [ 24.3240453, 77.9094384 ], [ 24.3243819, 77.9092041 ] ], [ [ 24.2367756, 77.941191 ], [ 24.2377295, 77.9410861 ], [ 24.2382727, 77.9408671 ], [ 24.2382767, 77.9405158 ], [ 24.2381057, 77.9401588 ], [ 24.2382647, 77.9398463 ], [ 24.2382451, 77.9395972 ], [ 24.2377042, 77.9394593 ], [ 24.2368408, 77.939481 ], [ 24.236082, 77.9396911 ], [ 24.2354507, 77.9400469 ], [ 24.2347488, 77.9403989 ], [ 24.234219, 77.9407138 ], [ 24.2340968, 77.9410321 ], [ 24.2347056, 77.9413826 ], [ 24.2367756, 77.941191 ] ], [ [ 23.3004406, 77.9851782 ], [ 23.300288, 77.9854729 ], [ 23.3005757, 77.9857867 ], [ 23.3024553, 77.9857953 ], [ 23.3025839, 77.9855489 ], [ 23.3021725, 77.9852796 ], [ 23.3011984, 77.9850966 ], [ 23.3004406, 77.9851782 ] ], [ [ 26.6376581, 78.6714729 ], [ 26.6359602, 78.6713576 ], [ 26.6379277, 78.6757349 ], [ 26.6392393, 78.6767005 ], [ 26.6461251, 78.6781167 ], [ 26.6490763, 78.6779236 ], [ 26.6516995, 78.6770868 ], [ 26.6510274, 78.6766067 ], [ 26.6428462, 78.6754131 ], [ 26.6376581, 78.6714729 ] ], [ [ 26.71875, 78.7762277 ], [ 26.79728, 78.7599077 ], [ 26.8160287, 78.75 ], [ 26.8173847, 78.75 ], [ 26.8501863, 78.7395524 ], [ 26.850872, 78.7392849 ], [ 26.8597577, 78.7334417 ], [ 26.8809139, 78.7278652 ], [ 26.9040492, 78.7235214 ], [ 26.9407274, 78.7186931 ], [ 26.956268, 78.7172966 ], [ 26.9825391, 78.7157381 ], [ 27.0134885, 78.7149044 ], [ 27.0197592, 78.7154766 ], [ 27.0249383, 78.7185063 ], [ 27.0502698, 78.7184627 ], [ 27.0710949, 78.7164717 ], [ 27.075312, 78.7148792 ], [ 27.0744359, 78.7132947 ], [ 27.0728441, 78.7124556 ], [ 27.0609806, 78.7100255 ], [ 27.059141, 78.709747 ], [ 27.0382391, 78.7086757 ], [ 27.026152, 78.7065562 ], [ 27.0045167, 78.6999192 ], [ 26.9924564, 78.6940573 ], [ 26.9987752, 78.6854423 ], [ 26.9931868, 78.6757048 ], [ 26.9749238, 78.6694788 ], [ 26.9434754, 78.662133 ], [ 26.9332339, 78.661127 ], [ 26.901785, 78.6609251 ], [ 26.8518739, 78.6578857 ], [ 26.8453949, 78.6593041 ], [ 26.8275023, 78.659413 ], [ 26.7788543, 78.6550997 ], [ 26.7568974, 78.6513859 ], [ 26.7622317, 78.6413289 ], [ 26.7466995, 78.638998 ], [ 26.71875, 78.6487165 ], [ 26.7312686, 78.6512614 ], [ 26.7247525, 78.6568803 ], [ 26.7311682, 78.6624759 ], [ 26.7387259, 78.6662372 ], [ 26.750582, 78.6681463 ], [ 26.7474462, 78.6753515 ], [ 26.73084, 78.6793793 ], [ 26.6832325, 78.685537 ], [ 26.5997163, 78.6998308 ], [ 26.5907505, 78.6998405 ], [ 26.5924448, 78.702319 ], [ 26.5834794, 78.7052175 ], [ 26.5396986, 78.7136807 ], [ 26.5223244, 78.7151541 ], [ 26.4955877, 78.7198538 ], [ 26.4923595, 78.7224054 ], [ 26.4979876, 78.7308877 ], [ 26.4753251, 78.7484562 ], [ 26.472163, 78.75 ], [ 26.4698308, 78.75 ], [ 26.4538083, 78.7588207 ], [ 26.3950607, 78.777493 ], [ 26.3943421, 78.7778316 ], [ 26.3779708, 78.7871214 ], [ 26.3729001, 78.7920806 ], [ 26.3698422, 78.796373 ], [ 26.3684115, 78.8047212 ], [ 26.3771082, 78.8095908 ], [ 26.4431757, 78.8189549 ], [ 26.4419491, 78.8199708 ], [ 26.4605478, 78.8217692 ], [ 26.4567242, 78.822062 ], [ 26.4935857, 78.8299117 ], [ 26.4963121, 78.8306593 ], [ 26.5114594, 78.8366351 ], [ 26.5186133, 78.8379092 ], [ 26.5318652, 78.838659 ], [ 26.5335881, 78.8386563 ], [ 26.5598218, 78.8369938 ], [ 26.568029, 78.8359811 ], [ 26.6265571, 78.8251261 ], [ 26.6285729, 78.8249022 ], [ 26.636694, 78.8251811 ], [ 26.6400294, 78.8244901 ], [ 26.6418368, 78.8238012 ], [ 26.6373587, 78.8182406 ], [ 26.6608169, 78.8037699 ], [ 26.6702586, 78.79331 ], [ 26.6874707, 78.7850134 ], [ 26.71875, 78.7762277 ] ], [ [ 28.5928667, 78.7718694 ], [ 28.5978847, 78.7729068 ], [ 28.6068662, 78.7703676 ], [ 28.6247085, 78.7694277 ], [ 28.6291379, 78.7688245 ], [ 28.6402156, 78.7658238 ], [ 28.6817318, 78.7599672 ], [ 28.6956908, 78.7587544 ], [ 28.7104053, 78.755396 ], [ 28.7098672, 78.7551876 ], [ 28.6951749, 78.7553627 ], [ 28.6948531, 78.7566957 ], [ 28.6717268, 78.7587733 ], [ 28.6545938, 78.7628344 ], [ 28.6218874, 78.7659211 ], [ 28.6042737, 78.7694898 ], [ 28.5930988, 78.770219 ], [ 28.5928667, 78.7718694 ] ], [ [ 28.6202362, 78.7993373 ], [ 28.6188602, 78.8003755 ], [ 28.6249557, 78.8019038 ], [ 28.6394463, 78.8015842 ], [ 28.6442401, 78.8008261 ], [ 28.646171, 78.7994637 ], [ 28.6417981, 78.7985328 ], [ 28.64697, 78.7978935 ], [ 28.6939436, 78.7955467 ], [ 28.7011429, 78.7928256 ], [ 28.6838099, 78.7915524 ], [ 28.6788203, 78.7905415 ], [ 28.6824915, 78.7902257 ], [ 28.6819927, 78.7899185 ], [ 28.6792517, 78.7854698 ], [ 28.6778454, 78.7853342 ], [ 28.6612182, 78.7855844 ], [ 28.6437737, 78.7893804 ], [ 28.6432076, 78.7895252 ], [ 28.6439118, 78.7927825 ], [ 28.6380945, 78.7955455 ], [ 28.6374961, 78.7957526 ], [ 28.6248229, 78.7975453 ], [ 28.6202362, 78.7993373 ] ], [ [ 28.698752, 78.7999533 ], [ 28.694326, 78.8008975 ], [ 28.7018501, 78.8027 ], [ 28.7049479, 78.8002967 ], [ 28.698752, 78.7999533 ] ], [ [ 28.7037549, 78.8046201 ], [ 28.7064151, 78.8046232 ], [ 28.7309744, 78.8043836 ], [ 28.7298461, 78.8020831 ], [ 28.7251157, 78.8016514 ], [ 28.7101924, 78.8041619 ], [ 28.7037549, 78.8046201 ] ], [ [ 28.7138288, 78.8070338 ], [ 28.7017556, 78.8091708 ], [ 28.7094607, 78.8091375 ], [ 28.7120492, 78.8088328 ], [ 28.7138288, 78.8070338 ] ], [ [ 28.0853257, 78.8168138 ], [ 28.0853643, 78.8170896 ], [ 28.0860127, 78.8174388 ], [ 28.0870647, 78.817941 ], [ 28.0884269, 78.8186057 ], [ 28.0894758, 78.8193885 ], [ 28.0903556, 78.8201774 ], [ 28.0912637, 78.821032 ], [ 28.0925322, 78.8217959 ], [ 28.0936928, 78.8215264 ], [ 28.0931453, 78.8206311 ], [ 28.0923939, 78.8197597 ], [ 28.0916463, 78.8188344 ], [ 28.0909904, 78.8181574 ], [ 28.0909086, 78.8177421 ], [ 28.0901703, 78.8169479 ], [ 28.0888422, 78.8162612 ], [ 28.0872936, 78.8157485 ], [ 28.0868694, 78.8154511 ], [ 28.0867376, 78.8151636 ], [ 28.0869803, 78.8148746 ], [ 28.0873059, 78.8145481 ], [ 28.0866596, 78.8141547 ], [ 28.0848331, 78.8137757 ], [ 28.0831096, 78.8136665 ], [ 28.0822449, 78.8139052 ], [ 28.0823239, 78.8143994 ], [ 28.0830312, 78.8149046 ], [ 28.0838372, 78.8153733 ], [ 28.0846661, 78.8157963 ], [ 28.085265, 78.8162003 ], [ 28.0855361, 78.8165349 ], [ 28.0853257, 78.8168138 ] ], [ [ 26.4381357, 78.8193368 ], [ 26.4410563, 78.819501 ], [ 26.4398359, 78.8191388 ], [ 26.4379725, 78.8187907 ], [ 26.4365581, 78.8186835 ], [ 26.4365915, 78.8188903 ], [ 26.4381357, 78.8193368 ] ], [ [ 28.0991368, 78.8277981 ], [ 28.093289, 78.8226562 ], [ 28.0928121, 78.8226004 ], [ 28.0935913, 78.8276392 ], [ 28.0987778, 78.8281947 ], [ 28.0991368, 78.8277981 ] ], [ [ 28.6004248, 78.871244 ], [ 28.6015996, 78.8716073 ], [ 28.6040128, 78.8711365 ], [ 28.6021497, 78.8709075 ], [ 28.6007245, 78.8708405 ], [ 28.600082, 78.870966 ], [ 28.6004248, 78.871244 ] ], [ [ 28.7575063, 78.8847411 ], [ 28.7610259, 78.8843681 ], [ 28.7939914, 78.8793476 ], [ 28.7967983, 78.8784704 ], [ 28.8000416, 78.8771209 ], [ 28.7951263, 78.87685 ], [ 28.7896823, 78.8745219 ], [ 28.7880123, 78.8744946 ], [ 28.7543153, 78.8781343 ], [ 28.7450674, 78.878148 ], [ 28.740001, 78.876767 ], [ 28.7453709, 78.8830374 ], [ 28.7575063, 78.8847411 ] ], [ [ 28.5817465, 78.8809273 ], [ 28.5810291, 78.8810513 ], [ 28.5813181, 78.8813303 ], [ 28.582467, 78.8816947 ], [ 28.5847681, 78.8817708 ], [ 28.584931, 78.8815331 ], [ 28.5844396, 78.8812541 ], [ 28.5831249, 78.8810033 ], [ 28.5817465, 78.8809273 ] ], [ [ 28.6878724, 78.9632034 ], [ 28.6930571, 78.9640787 ], [ 28.6938797, 78.9653114 ], [ 28.7097104, 78.9641907 ], [ 28.7167588, 78.9648327 ], [ 28.725484, 78.9600276 ], [ 28.7509077, 78.9578043 ], [ 28.7868825, 78.9589977 ], [ 28.8230466, 78.957648 ], [ 28.8459657, 78.9589442 ], [ 28.8827899, 78.9567661 ], [ 28.9334793, 78.959006 ], [ 28.9372725, 78.956857 ], [ 28.9338515, 78.9530616 ], [ 28.9446048, 78.9465179 ], [ 28.944985, 78.94269 ], [ 28.9512554, 78.9397535 ], [ 28.9813915, 78.9342713 ], [ 28.9773476, 78.9335216 ], [ 28.9464191, 78.9351661 ], [ 28.9322433, 78.9329304 ], [ 28.9321399, 78.9320889 ], [ 28.9605917, 78.9192019 ], [ 29.0128512, 78.9113141 ], [ 29.0141106, 78.9111949 ], [ 29.0507194, 78.9079722 ], [ 29.0592787, 78.9074337 ], [ 29.1101959, 78.9047527 ], [ 29.1496115, 78.9031385 ], [ 29.2230844, 78.9009786 ], [ 29.2570012, 78.900454 ], [ 29.299919, 78.9007827 ], [ 29.3674546, 78.9023314 ], [ 29.4231966, 78.9051632 ], [ 29.4691133, 78.9101557 ], [ 29.5089172, 78.9114702 ], [ 29.53125, 78.9135044 ], [ 29.5711361, 78.9196423 ], [ 29.600028, 78.921253 ], [ 29.6190615, 78.9193377 ], [ 29.6431932, 78.9136207 ], [ 29.6439925, 78.9130574 ], [ 29.6467454, 78.9074041 ], [ 29.643189, 78.9025156 ], [ 29.6482713, 78.8976327 ], [ 29.644082, 78.8934431 ], [ 29.642534, 78.893146 ], [ 29.5455012, 78.8921356 ], [ 29.489713, 78.8898742 ], [ 29.4870092, 78.8897352 ], [ 29.3840073, 78.8811885 ], [ 29.3637224, 78.8780752 ], [ 29.3128926, 78.8673425 ], [ 29.29391, 78.8615956 ], [ 29.302128, 78.8518624 ], [ 29.2991794, 78.849712 ], [ 29.3123728, 78.8461215 ], [ 29.3088567, 78.8436641 ], [ 29.3018869, 78.8422118 ], [ 29.2785825, 78.8428158 ], [ 29.2471133, 78.8400052 ], [ 29.2448736, 78.8398718 ], [ 29.2399019, 78.8403069 ], [ 29.2354105, 78.8418831 ], [ 29.2477521, 78.8480392 ], [ 29.2334471, 78.8535628 ], [ 29.2313362, 78.8540061 ], [ 29.2102205, 78.8560009 ], [ 29.1546082, 78.8548851 ], [ 29.1007758, 78.8697338 ], [ 29.0444753, 78.8793606 ], [ 29.0123183, 78.8928221 ], [ 29.0002819, 78.8951396 ], [ 28.966646, 78.8979824 ], [ 28.9618878, 78.9000078 ], [ 28.9468721, 78.9028038 ], [ 28.9182509, 78.9076451 ], [ 28.8986504, 78.9103317 ], [ 28.8731042, 78.9107214 ], [ 28.8583701, 78.9131753 ], [ 28.8068861, 78.9110438 ], [ 28.7775384, 78.9186884 ], [ 28.7513762, 78.9196475 ], [ 28.7315136, 78.9185025 ], [ 28.7316957, 78.9144351 ], [ 28.7143518, 78.9168057 ], [ 28.6849312, 78.9158787 ], [ 28.6851844, 78.9129565 ], [ 28.6709015, 78.9102381 ], [ 28.6731237, 78.9086151 ], [ 28.689113, 78.9061372 ], [ 28.689375, 78.901666 ], [ 28.6595671, 78.9018173 ], [ 28.6522741, 78.9008321 ], [ 28.6525384, 78.8901017 ], [ 28.6420168, 78.8865306 ], [ 28.6298296, 78.888781 ], [ 28.6193457, 78.8886091 ], [ 28.6162114, 78.8837093 ], [ 28.60379, 78.8852596 ], [ 28.6013525, 78.8841307 ], [ 28.5736681, 78.8872979 ], [ 28.5687562, 78.8911914 ], [ 28.5490505, 78.8939437 ], [ 28.4995841, 78.8936647 ], [ 28.4460407, 78.8902736 ], [ 28.4433228, 78.890009 ], [ 28.3656408, 78.8806922 ], [ 28.3420279, 78.8758233 ], [ 28.3224201, 78.869331 ], [ 28.3213336, 78.8691258 ], [ 28.2914927, 78.8656822 ], [ 28.2614133, 78.858465 ], [ 28.1986593, 78.8525772 ], [ 28.154054, 78.8441724 ], [ 28.1432517, 78.839747 ], [ 28.1363086, 78.8370459 ], [ 28.1042317, 78.8297647 ], [ 28.102577, 78.8296995 ], [ 28.0742148, 78.8345423 ], [ 28.0438364, 78.8375444 ], [ 27.9835976, 78.8409075 ], [ 27.9432755, 78.8420463 ], [ 27.9240674, 78.8415737 ], [ 27.8914002, 78.84408 ], [ 27.8666259, 78.847504 ], [ 27.8238651, 78.8563058 ], [ 27.8218699, 78.8567804 ], [ 27.8162355, 78.86283 ], [ 27.8234932, 78.8686583 ], [ 27.8395314, 78.8751043 ], [ 27.8409503, 78.875218 ], [ 27.8472288, 78.8744496 ], [ 27.8434889, 78.8705432 ], [ 27.8484579, 78.8683954 ], [ 27.8495907, 78.8681794 ], [ 27.8733428, 78.8662794 ], [ 27.8860251, 78.8658226 ], [ 27.9069722, 78.8658766 ], [ 27.9296739, 78.866847 ], [ 27.9597951, 78.8690726 ], [ 27.9610997, 78.8691866 ], [ 28.0090379, 78.8755878 ], [ 28.0108982, 78.8758692 ], [ 28.0333886, 78.8806061 ], [ 28.0489727, 78.8852301 ], [ 28.0870003, 78.8986465 ], [ 28.0885125, 78.8990797 ], [ 28.117696, 78.9055532 ], [ 28.1290457, 78.913274 ], [ 28.1401393, 78.9165003 ], [ 28.1772946, 78.9178966 ], [ 28.2162805, 78.9166021 ], [ 28.2729648, 78.9174401 ], [ 28.4125798, 78.929327 ], [ 28.4395247, 78.9345554 ], [ 28.4488068, 78.9402143 ], [ 28.4505666, 78.9433612 ], [ 28.4493318, 78.9451036 ], [ 28.4449508, 78.9493378 ], [ 28.4289577, 78.9569727 ], [ 28.4238369, 78.9583524 ], [ 28.4089975, 78.959209 ], [ 28.4267454, 78.9547061 ], [ 28.4110665, 78.9566802 ], [ 28.4236096, 78.9500713 ], [ 28.4267454, 78.9427757 ], [ 28.4245055, 78.9421749 ], [ 28.4218177, 78.9429473 ], [ 28.4074827, 78.9559078 ], [ 28.3796433, 78.9638468 ], [ 28.3799165, 78.9646806 ], [ 28.4004619, 78.9673659 ], [ 28.4092547, 78.9661648 ], [ 28.4194691, 78.9618145 ], [ 28.4222908, 78.9615706 ], [ 28.4570707, 78.9606262 ], [ 28.4710652, 78.9593982 ], [ 28.4744393, 78.9590669 ], [ 28.5273207, 78.9579399 ], [ 28.5427192, 78.9592552 ], [ 28.5671622, 78.9585305 ], [ 28.5942397, 78.9595127 ], [ 28.6143997, 78.9606285 ], [ 28.645312, 78.96389 ], [ 28.6811523, 78.9628601 ], [ 28.6878724, 78.9632034 ] ], [ [ 28.7414263, 78.8957034 ], [ 28.7325277, 78.8959187 ], [ 28.716068, 78.9015547 ], [ 28.7323844, 78.8994824 ], [ 28.7384541, 78.8994325 ], [ 28.7439947, 78.8983016 ], [ 28.7456685, 78.8969398 ], [ 28.7442048, 78.8959548 ], [ 28.7414263, 78.8957034 ] ], [ [ 28.6958817, 78.901986 ], [ 28.6983811, 78.9020681 ], [ 28.697744, 78.9018195 ], [ 28.6965355, 78.9015994 ], [ 28.6953965, 78.9015456 ], [ 28.6951365, 78.9016953 ], [ 28.6958817, 78.901986 ] ], [ [ 28.6917067, 78.9148728 ], [ 28.6981858, 78.9149259 ], [ 28.6984013, 78.9143304 ], [ 28.6968712, 78.9128149 ], [ 28.6944056, 78.912693 ], [ 28.6906614, 78.9145215 ], [ 28.6917067, 78.9148728 ] ], [ [ 28.1362718, 78.9172817 ], [ 28.1352885, 78.917381 ], [ 28.1346015, 78.9177063 ], [ 28.1341158, 78.9180344 ], [ 28.1340166, 78.9182941 ], [ 28.1363198, 78.9182209 ], [ 28.1372677, 78.9178205 ], [ 28.137237, 78.9174764 ], [ 28.1362718, 78.9172817 ] ], [ [ 30.2151557, 78.9673595 ], [ 30.214202, 78.9675248 ], [ 30.2076901, 78.9698324 ], [ 30.2095665, 78.9702407 ], [ 30.2146308, 78.9709408 ], [ 30.2310661, 78.9706751 ], [ 30.2324039, 78.9680953 ], [ 30.2306226, 78.9676218 ], [ 30.2151557, 78.9673595 ] ], [ [ 30.2197289, 78.9808317 ], [ 30.2161884, 78.9803628 ], [ 30.2129663, 78.9803134 ], [ 30.2113456, 78.9808053 ], [ 30.2147412, 78.9818912 ], [ 30.2197289, 78.9808317 ] ], [ [ 30.0947669, 78.9837604 ], [ 30.0994155, 78.9837604 ], [ 30.0994155, 78.9833561 ], [ 30.0981081, 78.9830787 ], [ 30.0960743, 78.9830787 ], [ 30.0947669, 78.9833561 ], [ 30.0947669, 78.9837604 ] ], [ [ 30.260763, 78.994764 ], [ 30.260922, 78.9950031 ], [ 30.2636603, 78.9944772 ], [ 30.2631176, 78.9943119 ], [ 30.2622175, 78.9942997 ], [ 30.2611814, 78.9944987 ], [ 30.260763, 78.994764 ] ], [ [ 30.3684825, 79.0145131 ], [ 30.3591141, 79.0143206 ], [ 30.3521343, 79.013157 ], [ 30.3545893, 79.0115541 ], [ 30.3456099, 79.0087972 ], [ 30.3488836, 79.0056818 ], [ 30.3616453, 79.0062994 ], [ 30.3673316, 79.0042841 ], [ 30.3603323, 78.9987108 ], [ 30.3450303, 79.0017635 ], [ 30.3482198, 79.0034931 ], [ 30.3445351, 79.0039868 ], [ 30.3164407, 79.0017664 ], [ 30.3022475, 79.0039606 ], [ 30.2863667, 79.0038427 ], [ 30.277173, 79.0024076 ], [ 30.2718573, 78.9977086 ], [ 30.2663846, 78.9980905 ], [ 30.2718909, 78.9960463 ], [ 30.2583715, 78.9971039 ], [ 30.2537481, 78.9950584 ], [ 30.2415245, 78.9975444 ], [ 30.2410038, 79.000761 ], [ 30.2249604, 79.0023769 ], [ 30.2346289, 79.0041317 ], [ 30.2312889, 79.0056973 ], [ 30.2238686, 79.0046368 ], [ 30.2203664, 79.0061134 ], [ 30.2092115, 79.0058618 ], [ 30.1982673, 79.0027889 ], [ 30.1852612, 79.0024412 ], [ 30.1940166, 78.9962265 ], [ 30.2058446, 78.9932216 ], [ 30.2157363, 78.9927793 ], [ 30.2015551, 78.9915544 ], [ 30.2240421, 78.9847972 ], [ 30.2120982, 78.982885 ], [ 30.1990538, 78.9834096 ], [ 30.1936674, 78.9825304 ], [ 30.1938925, 78.9823575 ], [ 30.2020937, 78.9811935 ], [ 30.200713, 78.9782799 ], [ 30.2168823, 78.9770746 ], [ 30.2210203, 78.9755473 ], [ 30.2138133, 78.9733582 ], [ 30.1972852, 78.9732933 ], [ 30.1946989, 78.9733926 ], [ 30.1665529, 78.9764348 ], [ 30.1494884, 78.9769711 ], [ 30.1445291, 78.9807127 ], [ 30.1378115, 78.9820795 ], [ 30.1305867, 78.9816217 ], [ 30.1319652, 78.9836137 ], [ 30.1257716, 78.9851332 ], [ 30.1086142, 78.9851897 ], [ 30.1081312, 78.9853321 ], [ 30.1156741, 78.989059 ], [ 30.1097574, 78.9900457 ], [ 30.1153938, 78.9948692 ], [ 30.1149302, 79.0004476 ], [ 30.1142743, 79.0010031 ], [ 30.103366, 79.0058951 ], [ 30.074001, 79.0097507 ], [ 30.076158, 79.0126169 ], [ 30.0772939, 79.0128326 ], [ 30.1024545, 79.0138175 ], [ 30.1826437, 79.0144213 ], [ 30.2178925, 79.0115836 ], [ 30.2989348, 79.012085 ], [ 30.3571507, 79.0152653 ], [ 30.3588523, 79.0154473 ], [ 30.3728184, 79.0200845 ], [ 30.3760169, 79.0200891 ], [ 30.3946079, 79.0155706 ], [ 30.4106072, 79.008445 ], [ 30.4234077, 79.006586 ], [ 30.4221855, 79.0058841 ], [ 30.4198031, 79.0051504 ], [ 30.4022686, 79.004568 ], [ 30.3959314, 79.0085517 ], [ 30.3833667, 79.0092422 ], [ 30.3856183, 79.0099843 ], [ 30.3684825, 79.0145131 ] ], [ [ 30.3384311, 78.9995461 ], [ 30.3387305, 78.9991652 ], [ 30.3373219, 78.998786 ], [ 30.3353482, 78.998751 ], [ 30.3338085, 78.9991585 ], [ 30.3332998, 78.999806 ], [ 30.3335065, 79.0003743 ], [ 30.3353435, 79.000285 ], [ 30.3358185, 79.0001074 ], [ 30.3363693, 78.9999284 ], [ 30.3373019, 78.9997667 ], [ 30.3384311, 78.9995461 ] ], [ [ 23.3040304, 77.9922817 ], [ 23.3095078, 77.9900963 ], [ 23.2989624, 77.9922529 ], [ 23.3040304, 77.9922817 ] ], [ [ 23.3017699, 77.9933327 ], [ 23.3016171, 77.9937528 ], [ 23.3019047, 77.9941788 ], [ 23.3037844, 77.9941874 ], [ 23.3039129, 77.9938288 ], [ 23.3035017, 77.9934343 ], [ 23.3025275, 77.9931999 ], [ 23.3017699, 77.9933327 ] ], [ [ 23.5638027, 80.1656328 ], [ 23.5649557, 80.1661862 ], [ 23.5689495, 80.1658458 ], [ 23.5677425, 80.1655095 ], [ 23.5660156, 80.1652631 ], [ 23.564361, 80.1652845 ], [ 23.5638027, 80.1656328 ] ], [ [ 23.110808, 80.1659585 ], [ 23.1092902, 80.1661009 ], [ 23.1091399, 80.1664228 ], [ 23.1102272, 80.1668179 ], [ 23.1145877, 80.1668854 ], [ 23.114481, 80.1666589 ], [ 23.1138116, 80.1663848 ], [ 23.1126112, 80.166104 ], [ 23.110808, 80.1659585 ] ], [ [ 22.5173825, 78.2888798 ], [ 22.5174263, 78.2897999 ], [ 22.521051, 78.2895014 ], [ 22.5203381, 78.2889124 ], [ 22.5173825, 78.2888798 ] ], [ [ 22.1149783, 78.4830124 ], [ 22.107572, 78.4843192 ], [ 22.1080343, 78.484598 ], [ 22.1112576, 78.4846295 ], [ 22.1149783, 78.4830124 ] ], [ [ 22.0200223, 78.5968698 ], [ 22.0183831, 78.5969903 ], [ 22.0165597, 78.5973293 ], [ 22.0154266, 78.597681 ], [ 22.017503, 78.5974925 ], [ 22.0191519, 78.5974469 ], [ 22.0204666, 78.5972404 ], [ 22.0207986, 78.5969905 ], [ 22.0200223, 78.5968698 ] ], [ [ 18.8003184, 79.972797 ], [ 18.8077304, 79.9714828 ], [ 18.8103808, 79.9747477 ], [ 18.801903, 79.9789013 ], [ 18.8171223, 79.9816355 ], [ 18.8526804, 79.9817615 ], [ 18.8532962, 79.9840301 ], [ 18.82921, 79.9848808 ], [ 18.8161057, 79.9834321 ], [ 18.7898235, 79.9884101 ], [ 18.764082, 79.9982296 ], [ 18.7634295, 80.0077524 ], [ 18.7544128, 80.0095468 ], [ 18.754848, 80.0172106 ], [ 18.7601511, 80.0185682 ], [ 18.8353055, 80.0185444 ], [ 18.8525542, 80.0203193 ], [ 18.8705903, 80.019666 ], [ 18.8995121, 80.0216945 ], [ 18.9142271, 80.0209876 ], [ 18.9176114, 80.0245804 ], [ 18.8861268, 80.0235378 ], [ 18.8881567, 80.0280699 ], [ 18.9066671, 80.0357544 ], [ 18.921524, 80.0374253 ], [ 18.9203633, 80.0409569 ], [ 18.9302222, 80.042333 ], [ 18.9499217, 80.049455 ], [ 18.9171016, 80.0486906 ], [ 18.8916001, 80.0424718 ], [ 18.858229, 80.0381495 ], [ 18.8590881, 80.0365494 ], [ 18.8351073, 80.0306057 ], [ 18.8191736, 80.0308706 ], [ 18.8128603, 80.0328687 ], [ 18.7882174, 80.0339521 ], [ 18.7291147, 80.0334218 ], [ 18.7106397, 80.0315721 ], [ 18.7033606, 80.0294166 ], [ 18.7163363, 80.0252959 ], [ 18.7182797, 80.022258 ], [ 18.7020214, 80.0204656 ], [ 18.6904036, 80.0270951 ], [ 18.6934117, 80.0308322 ], [ 18.6811668, 80.0337132 ], [ 18.6683614, 80.0349298 ], [ 18.6374104, 80.0349981 ], [ 18.6363101, 80.0335112 ], [ 18.6157715, 80.031776 ], [ 18.6133127, 80.0287377 ], [ 18.605305, 80.0280935 ], [ 18.5907905, 80.0306926 ], [ 18.5941311, 80.0345922 ], [ 18.5873396, 80.03815 ], [ 18.5739446, 80.0399913 ], [ 18.5363327, 80.04166 ], [ 18.4719644, 80.036907 ], [ 18.441188, 80.0387307 ], [ 18.4306613, 80.0376284 ], [ 18.409888, 80.0389509 ], [ 18.3923447, 80.0377411 ], [ 18.3671095, 80.0387394 ], [ 18.3547304, 80.0381742 ], [ 18.3581349, 80.0375893 ], [ 18.3400772, 80.0353239 ], [ 18.3318912, 80.0324656 ], [ 18.3192056, 80.0315177 ], [ 18.3178794, 80.0289403 ], [ 18.3000308, 80.0250407 ], [ 18.2922472, 80.0249394 ], [ 18.2858654, 80.0267189 ], [ 18.2769341, 80.036659 ], [ 18.2575014, 80.0428661 ], [ 18.2603571, 80.0472922 ], [ 18.2460002, 80.0489726 ], [ 18.217759, 80.0486521 ], [ 18.2044888, 80.0515267 ], [ 18.1914752, 80.051159 ], [ 18.1876533, 80.0468062 ], [ 18.1962761, 80.0362765 ], [ 18.177573, 80.0419648 ], [ 18.176253, 80.0455152 ], [ 18.1828594, 80.0473431 ], [ 18.1561086, 80.0557911 ], [ 18.154533, 80.0528829 ], [ 18.1718724, 80.0456541 ], [ 18.16666, 80.0345863 ], [ 18.1649212, 80.0346529 ], [ 18.1564198, 80.0373558 ], [ 18.1470208, 80.0417321 ], [ 18.1464924, 80.0453404 ], [ 18.1315759, 80.0468075 ], [ 18.1222168, 80.0602219 ], [ 18.1056201, 80.0713392 ], [ 18.0956764, 80.0741103 ], [ 18.0851322, 80.0861306 ], [ 18.0624074, 80.0958667 ], [ 18.0596642, 80.0997362 ], [ 18.0379132, 80.1070108 ], [ 18.041303, 80.1104435 ], [ 18.0167311, 80.1191849 ], [ 18.0131469, 80.1257137 ], [ 17.9873492, 80.1293318 ], [ 17.9811336, 80.127901 ], [ 17.9866937, 80.1235915 ], [ 17.9719526, 80.1288058 ], [ 17.9509053, 80.1288402 ], [ 17.9527682, 80.1269341 ], [ 17.9421763, 80.1276741 ], [ 17.9343768, 80.1268383 ], [ 17.947574, 80.1225724 ], [ 17.9570307, 80.115912 ], [ 17.9629101, 80.114556 ], [ 17.9708148, 80.1148545 ], [ 17.9683574, 80.1089935 ], [ 17.9811394, 80.09986 ], [ 17.9774849, 80.0977292 ], [ 17.9447194, 80.1106954 ], [ 17.9287095, 80.1225585 ], [ 17.91234, 80.1261991 ], [ 17.9098473, 80.1322294 ], [ 17.8965331, 80.134724 ], [ 17.8762397, 80.1355057 ], [ 17.8424869, 80.1351221 ], [ 17.8333598, 80.1345911 ], [ 17.8102009, 80.1326234 ], [ 17.8044986, 80.1319366 ], [ 17.7663664, 80.1249095 ], [ 17.7642347, 80.1247891 ], [ 17.7387704, 80.1263829 ], [ 17.7372932, 80.1268022 ], [ 17.7345682, 80.1308836 ], [ 17.7682216, 80.1374619 ], [ 17.7742701, 80.1416825 ], [ 17.7908565, 80.1424088 ], [ 17.8092778, 80.1448818 ], [ 17.8145576, 80.1461048 ], [ 17.824488, 80.1509736 ], [ 17.8322316, 80.1517944 ], [ 17.8370866, 80.15625 ], [ 17.8375145, 80.15625 ], [ 17.8362325, 80.1599973 ], [ 17.8370028, 80.1606292 ], [ 17.8452692, 80.1635003 ], [ 17.8502553, 80.1641113 ], [ 17.8772912, 80.1645799 ], [ 17.8907533, 80.1610368 ], [ 17.8958224, 80.1623429 ], [ 17.889899, 80.1631122 ], [ 17.8920511, 80.1643388 ], [ 17.9052168, 80.1668527 ], [ 17.9160012, 80.1664991 ], [ 17.9142559, 80.1653562 ], [ 17.9266328, 80.1640805 ], [ 17.9326618, 80.1668059 ], [ 17.9518126, 80.1667609 ], [ 17.9578032, 80.1678867 ], [ 17.9724876, 80.1747521 ], [ 17.9601619, 80.1806467 ], [ 17.9641119, 80.1853876 ], [ 17.9385957, 80.1896737 ], [ 17.9542812, 80.1908433 ], [ 17.9552568, 80.1950126 ], [ 17.9577121, 80.1950421 ], [ 17.9734352, 80.1891111 ], [ 17.9741071, 80.1886985 ], [ 17.973999, 80.1845266 ], [ 18.0057973, 80.179764 ], [ 17.9951326, 80.1806645 ], [ 18.0112085, 80.1742607 ], [ 18.0390769, 80.1736295 ], [ 18.066177, 80.1758289 ], [ 18.0804197, 80.1793447 ], [ 18.0759761, 80.1795988 ], [ 18.0820498, 80.1809064 ], [ 18.0758324, 80.1833245 ], [ 18.0899794, 80.1849802 ], [ 18.0932133, 80.1803902 ], [ 18.1009389, 80.1787716 ], [ 18.1005884, 80.1744194 ], [ 18.1162904, 80.1800141 ], [ 18.1174147, 80.1832556 ], [ 18.1323868, 80.1862497 ], [ 18.1378231, 80.1841822 ], [ 18.1632349, 80.1812471 ], [ 18.1623307, 80.1781536 ], [ 18.17923, 80.1736629 ], [ 18.1842029, 80.1753368 ], [ 18.1879822, 80.172649 ], [ 18.1836818, 80.1716897 ], [ 18.1919534, 80.1697584 ], [ 18.2268674, 80.1717041 ], [ 18.2400187, 80.1740986 ], [ 18.2472069, 80.1719228 ], [ 18.258651, 80.1716383 ], [ 18.2820657, 80.171875 ], [ 18.2886415, 80.1748555 ], [ 18.2994024, 80.1761153 ], [ 18.3147488, 80.1761332 ], [ 18.3257951, 80.174665 ], [ 18.3401839, 80.1788532 ], [ 18.3584877, 80.1817106 ], [ 18.3407335, 80.1881692 ], [ 18.3449225, 80.1943085 ], [ 18.3554894, 80.1937325 ], [ 18.3671492, 80.190226 ], [ 18.3597965, 80.1893178 ], [ 18.3628711, 80.1868294 ], [ 18.3775131, 80.1854038 ], [ 18.3949339, 80.18562 ], [ 18.4045718, 80.1810967 ], [ 18.4181039, 80.1802799 ], [ 18.4270935, 80.1811084 ], [ 18.4320827, 80.1849393 ], [ 18.4214669, 80.1870856 ], [ 18.4302853, 80.1906434 ], [ 18.4372718, 80.1906973 ], [ 18.4665812, 80.1828732 ], [ 18.4830374, 80.1822677 ], [ 18.4925767, 80.1830049 ], [ 18.4979213, 80.1811481 ], [ 18.5085839, 80.1808652 ], [ 18.5258865, 80.1820359 ], [ 18.526265, 80.1857494 ], [ 18.5465062, 80.1837846 ], [ 18.5662307, 80.1771712 ], [ 18.5823824, 80.1754115 ], [ 18.5799568, 80.1700356 ], [ 18.6249845, 80.1677808 ], [ 18.6411406, 80.1651111 ], [ 18.6416913, 80.1636455 ], [ 18.6286665, 80.1609913 ], [ 18.6334518, 80.1592369 ], [ 18.6662591, 80.1558959 ], [ 18.6942118, 80.1560407 ], [ 18.7009881, 80.1551718 ], [ 18.7135658, 80.15625 ], [ 18.7166408, 80.1583294 ], [ 18.708293, 80.159674 ], [ 18.7259318, 80.1631234 ], [ 18.7306349, 80.1726007 ], [ 18.7210413, 80.1761826 ], [ 18.7337378, 80.1769114 ], [ 18.7403721, 80.1789399 ], [ 18.7717714, 80.1784934 ], [ 18.7811154, 80.1799392 ], [ 18.7847803, 80.1830432 ], [ 18.7825392, 80.1862603 ], [ 18.7724097, 80.1885952 ], [ 18.7520341, 80.1900402 ], [ 18.7339644, 80.1896656 ], [ 18.7212187, 80.1915941 ], [ 18.7155371, 80.1938232 ], [ 18.7190301, 80.1990426 ], [ 18.7076774, 80.2008502 ], [ 18.700772, 80.2048401 ], [ 18.7108877, 80.2059619 ], [ 18.7650415, 80.1995332 ], [ 18.8006082, 80.1972332 ], [ 18.8504517, 80.1893632 ], [ 18.8876703, 80.1862463 ], [ 18.8853248, 80.1846508 ], [ 18.9053988, 80.1844829 ], [ 18.907541, 80.1859593 ], [ 18.9016765, 80.1865286 ], [ 18.9129184, 80.1869043 ], [ 18.9150835, 80.1845458 ], [ 18.9414099, 80.1847543 ], [ 18.9397802, 80.1833187 ], [ 18.9141858, 80.1789494 ], [ 18.9130151, 80.1750171 ], [ 18.9456757, 80.1647155 ], [ 18.9462155, 80.1610246 ], [ 18.9519236, 80.1591048 ], [ 18.9646556, 80.1575638 ], [ 18.9647985, 80.15625 ], [ 18.9757493, 80.1520975 ], [ 18.9883108, 80.1500424 ], [ 19.0022422, 80.149657 ], [ 19.0016789, 80.1451851 ], [ 19.0364373, 80.1363401 ], [ 19.0367742, 80.1323626 ], [ 19.0374923, 80.1320096 ], [ 19.0435481, 80.1304421 ], [ 19.0624498, 80.127459 ], [ 19.0916339, 80.127771 ], [ 19.1052387, 80.1241714 ], [ 19.120104, 80.1159751 ], [ 19.1594471, 80.1063174 ], [ 19.1741136, 80.105056 ], [ 19.1882644, 80.0970957 ], [ 19.2077947, 80.09389 ], [ 19.2398334, 80.0848951 ], [ 19.2640204, 80.0896049 ], [ 19.3052313, 80.0943691 ], [ 19.3342336, 80.0933361 ], [ 19.3626459, 80.0949668 ], [ 19.3805906, 80.0941944 ], [ 19.3925536, 80.0955677 ], [ 19.4030213, 80.0944519 ], [ 19.4254521, 80.0941944 ], [ 19.4364182, 80.0946234 ], [ 19.439409, 80.0957392 ], [ 19.4389106, 80.0972843 ], [ 19.4284428, 80.0993443 ], [ 19.4085044, 80.1013184 ], [ 19.4040182, 80.1046658 ], [ 19.3900613, 80.1078414 ], [ 19.3923187, 80.1097296 ], [ 19.4053541, 80.110588 ], [ 19.4058555, 80.1123905 ], [ 19.396831, 80.1135921 ], [ 19.3918173, 80.1164244 ], [ 19.3993376, 80.1196002 ], [ 19.3933215, 80.1252651 ], [ 19.4113705, 80.1280117 ], [ 19.4419535, 80.1279258 ], [ 19.4544874, 80.133934 ], [ 19.4840679, 80.1338481 ], [ 19.4905856, 80.1370239 ], [ 19.4710325, 80.139942 ], [ 19.4344331, 80.1395988 ], [ 19.4158827, 80.1424313 ], [ 19.4088635, 80.1420021 ], [ 19.4083621, 80.1378822 ], [ 19.3973323, 80.1382256 ], [ 19.3908145, 80.139942 ], [ 19.3988364, 80.1420021 ], [ 19.3923187, 80.1444911 ], [ 19.4043514, 80.1444911 ], [ 19.4008418, 80.1471519 ], [ 19.4153814, 80.1456928 ], [ 19.418891, 80.1473236 ], [ 19.4319263, 80.1481819 ], [ 19.4755448, 80.1462936 ], [ 19.5106401, 80.1442337 ], [ 19.527185, 80.1414012 ], [ 19.556264, 80.1408004 ], [ 19.5863457, 80.1387405 ], [ 19.6058989, 80.1397705 ], [ 19.6154248, 80.1424313 ], [ 19.6174302, 80.1438045 ], [ 19.6139206, 80.1474952 ], [ 19.6084057, 80.149641 ], [ 19.5788254, 80.152216 ], [ 19.5748144, 80.1543617 ], [ 19.5522531, 80.15625 ], [ 19.5265794, 80.1618289 ], [ 19.5034338, 80.1632881 ], [ 19.4903514, 80.1630306 ], [ 19.4651932, 80.1652622 ], [ 19.4360095, 80.1638889 ], [ 19.4324872, 80.1649188 ], [ 19.4415442, 80.1654338 ], [ 19.4380221, 80.1668071 ], [ 19.4028004, 80.1703262 ], [ 19.3726105, 80.1715277 ], [ 19.3419173, 80.1687812 ], [ 19.3358793, 80.1685237 ], [ 19.3263192, 80.169382 ], [ 19.2890849, 80.1729869 ], [ 19.2865689, 80.1736736 ], [ 19.2880785, 80.1743602 ], [ 19.2991482, 80.1747035 ], [ 19.3031735, 80.177965 ], [ 19.3001544, 80.1807117 ], [ 19.2870721, 80.1837158 ], [ 19.2694613, 80.1855181 ], [ 19.2292081, 80.1847457 ], [ 19.226189, 80.1864624 ], [ 19.2176352, 80.1869773 ], [ 19.2095845, 80.1904106 ], [ 19.2146161, 80.1906681 ], [ 19.2126034, 80.1934146 ], [ 19.1980118, 80.1953887 ], [ 19.1970053, 80.199337 ], [ 19.1854326, 80.2029418 ], [ 19.1975085, 80.2022552 ], [ 19.2065656, 80.2034568 ], [ 19.2065656, 80.2067184 ], [ 19.1844261, 80.2092075 ], [ 19.1741095, 80.2120399 ], [ 19.1746159, 80.2187347 ], [ 19.1563818, 80.2267169 ], [ 19.1447324, 80.2283477 ], [ 19.1290308, 80.2340984 ], [ 19.1351088, 80.2374458 ], [ 19.1290308, 80.242424 ], [ 19.1209267, 80.2434539 ], [ 19.1148487, 80.2519512 ], [ 19.066731, 80.2698898 ], [ 19.0657181, 80.2735806 ], [ 19.0763723, 80.277872 ], [ 19.0722947, 80.2858543 ], [ 19.0946732, 80.2930562 ], [ 19.0791703, 80.2950693 ], [ 19.0695606, 80.3037313 ], [ 19.0607353, 80.3056228 ], [ 19.0588101, 80.3125815 ], [ 19.0370265, 80.3190666 ], [ 19.0424089, 80.3196626 ], [ 19.0338219, 80.3240787 ], [ 19.0356097, 80.3280106 ], [ 19.0237269, 80.333551 ], [ 19.0199581, 80.3421592 ], [ 19.0235999, 80.3479317 ], [ 19.0422604, 80.3496218 ], [ 19.0893028, 80.3512483 ], [ 19.1215093, 80.3465697 ], [ 19.1415188, 80.344927 ], [ 19.1540743, 80.3456066 ], [ 19.1592004, 80.3436176 ], [ 19.2527961, 80.3376294 ], [ 19.2902302, 80.3248461 ], [ 19.3736252, 80.3046888 ], [ 19.391579, 80.2986158 ], [ 19.398084, 80.2922997 ], [ 19.4067388, 80.2900383 ], [ 19.4059956, 80.2807961 ], [ 19.4132708, 80.276149 ], [ 19.4086916, 80.2766621 ], [ 19.4073488, 80.2748739 ], [ 19.430256, 80.271111 ], [ 19.4446636, 80.2617 ], [ 19.4945645, 80.2479515 ], [ 19.5130343, 80.2455986 ], [ 19.514073, 80.2431639 ], [ 19.5480947, 80.2319419 ], [ 19.5793014, 80.2275484 ], [ 19.5887457, 80.2224576 ], [ 19.6051702, 80.2194589 ], [ 19.6503417, 80.2163904 ], [ 19.6877038, 80.2163208 ], [ 19.7037162, 80.2151352 ], [ 19.7718712, 80.2179945 ], [ 19.7936977, 80.2149878 ], [ 19.8161873, 80.209269 ], [ 19.8227615, 80.2107145 ], [ 19.8200629, 80.2137758 ], [ 19.8340375, 80.2147454 ], [ 19.8413481, 80.2165763 ], [ 19.8448898, 80.2201101 ], [ 19.824814, 80.2210087 ], [ 19.820237, 80.224806 ], [ 19.8011839, 80.2278934 ], [ 19.7608995, 80.2290438 ], [ 19.732703, 80.2315803 ], [ 19.7373136, 80.2348717 ], [ 19.7113795, 80.2407668 ], [ 19.7046703, 80.2529526 ], [ 19.7254151, 80.2594047 ], [ 19.7569715, 80.2638643 ], [ 19.7618623, 80.2657942 ], [ 19.7553281, 80.2698056 ], [ 19.7926975, 80.2678841 ], [ 19.8073769, 80.2695988 ], [ 19.8080713, 80.2721852 ], [ 19.8188431, 80.2730612 ], [ 19.8316433, 80.2762967 ], [ 19.8208957, 80.2780011 ], [ 19.8240588, 80.2808115 ], [ 19.7870533, 80.2864776 ], [ 19.7680919, 80.2910727 ], [ 19.7698346, 80.2986609 ], [ 19.8057286, 80.2996951 ], [ 19.8292893, 80.3018577 ], [ 19.8416789, 80.3005542 ], [ 19.8602206, 80.3046989 ], [ 19.8445091, 80.3071055 ], [ 19.827109, 80.3069376 ], [ 19.8158773, 80.3032125 ], [ 19.7952002, 80.3013037 ], [ 19.7799912, 80.3016496 ], [ 19.7819916, 80.303305 ], [ 19.8244689, 80.3079702 ], [ 19.8261572, 80.3091661 ], [ 19.8035192, 80.3127785 ], [ 19.7501527, 80.3151429 ], [ 19.7202144, 80.3201317 ], [ 19.7188487, 80.3230222 ], [ 19.7375226, 80.3266842 ], [ 19.793815, 80.3327903 ], [ 19.8009318, 80.3353987 ], [ 19.8296163, 80.3343114 ], [ 19.8253692, 80.3358542 ], [ 19.8439192, 80.3371438 ], [ 19.842406, 80.3346313 ], [ 19.8488199, 80.3337446 ], [ 19.8721092, 80.3354079 ], [ 19.884178, 80.3379298 ], [ 19.8801028, 80.3399895 ], [ 19.8727971, 80.3398395 ], [ 19.8630104, 80.3416996 ], [ 19.8195376, 80.3413568 ], [ 19.8077919, 80.3431529 ], [ 19.7980505, 80.3425492 ], [ 19.7779537, 80.3444825 ], [ 19.737576, 80.3379385 ], [ 19.7461005, 80.341278 ], [ 19.7434155, 80.3431602 ], [ 19.7594728, 80.3466913 ], [ 19.767493, 80.3522727 ], [ 19.7763242, 80.3530138 ], [ 19.7576286, 80.3552057 ], [ 19.770058, 80.355707 ], [ 19.7808446, 80.354036 ], [ 19.8195865, 80.3564429 ], [ 19.8301262, 80.3587595 ], [ 19.8477947, 80.3579088 ], [ 19.8582777, 80.3561463 ], [ 19.8847388, 80.3572516 ], [ 19.886519, 80.3602149 ], [ 19.8646088, 80.3606476 ], [ 19.850861, 80.3632812 ], [ 19.8500348, 80.3652365 ], [ 19.8376623, 80.3665584 ], [ 19.8388481, 80.3681377 ], [ 19.8596147, 80.3695338 ], [ 19.8682671, 80.3720444 ], [ 19.8841153, 80.3726923 ], [ 19.9027787, 80.3717234 ], [ 19.9418166, 80.3738095 ], [ 19.9499001, 80.3754683 ], [ 19.9121981, 80.3811935 ], [ 19.8717422, 80.3824803 ], [ 19.7823435, 80.3798656 ], [ 19.7453157, 80.3849834 ], [ 19.7561511, 80.3884279 ], [ 19.7567889, 80.3926228 ], [ 19.7494425, 80.3950797 ], [ 19.7225581, 80.3949218 ], [ 19.6719325, 80.3894295 ], [ 19.6497349, 80.3892093 ], [ 19.6416337, 80.3881698 ], [ 19.6267329, 80.3905134 ], [ 19.6072121, 80.3870887 ], [ 19.5514659, 80.3842978 ], [ 19.5250581, 80.3853707 ], [ 19.5071394, 80.3876075 ], [ 19.4941581, 80.3876472 ], [ 19.4952883, 80.3897123 ], [ 19.47159, 80.400043 ], [ 19.4634476, 80.4127845 ], [ 19.4535021, 80.416241 ], [ 19.4514627, 80.4275949 ], [ 19.4607317, 80.434386 ], [ 19.455335, 80.447419 ], [ 19.4832231, 80.4634814 ], [ 19.5138301, 80.466988 ], [ 19.5327225, 80.4654908 ], [ 19.5657724, 80.4564594 ], [ 19.5843449, 80.4551709 ], [ 19.5980397, 80.4510114 ], [ 19.6883519, 80.4338977 ], [ 19.7364717, 80.4183255 ], [ 19.7531573, 80.4191837 ], [ 19.7315466, 80.4323971 ], [ 19.6875, 80.4436384 ], [ 19.6717848, 80.4517502 ], [ 19.643773, 80.4573727 ], [ 19.6315027, 80.4639146 ], [ 19.6277043, 80.4736176 ], [ 19.6131082, 80.4813474 ], [ 19.6288908, 80.4947464 ], [ 19.624548, 80.4964594 ], [ 19.6394937, 80.5058181 ], [ 19.707274, 80.5012125 ], [ 19.7535508, 80.492371 ], [ 19.7928566, 80.4797101 ], [ 19.8287708, 80.4721069 ], [ 19.8474352, 80.4566574 ], [ 19.8632143, 80.4525589 ], [ 19.8713616, 80.4521083 ], [ 19.8806161, 80.4539108 ], [ 19.887656, 80.4608201 ], [ 19.9366091, 80.4621505 ], [ 19.9406132, 80.4635988 ], [ 19.9772758, 80.4657018 ], [ 19.9949282, 80.4648005 ], [ 20.0442643, 80.457741 ], [ 20.049867, 80.4554965 ], [ 20.0511014, 80.4456812 ], [ 20.0300947, 80.4392914 ], [ 20.0243999, 80.4337471 ], [ 20.0303187, 80.4236606 ], [ 20.0361429, 80.4197878 ], [ 20.0727937, 80.4119102 ], [ 20.0885243, 80.398716 ], [ 20.1129107, 80.3924185 ], [ 20.1279387, 80.3925633 ], [ 20.1458567, 80.3965704 ], [ 20.1533744, 80.4041986 ], [ 20.2101372, 80.4058851 ], [ 20.2461662, 80.4089864 ], [ 20.2846889, 80.4079967 ], [ 20.3214546, 80.4090108 ], [ 20.3346825, 80.408186 ], [ 20.3445663, 80.4058028 ], [ 20.3571841, 80.4048246 ], [ 20.3645645, 80.4016268 ], [ 20.3982623, 80.3975089 ], [ 20.4061981, 80.3946398 ], [ 20.4253581, 80.3929642 ], [ 20.4515669, 80.3750463 ], [ 20.42737, 80.3703963 ], [ 20.4189299, 80.3651164 ], [ 20.4853401, 80.3501056 ], [ 20.5221031, 80.3466492 ], [ 20.5536346, 80.3404295 ], [ 20.5564328, 80.3342235 ], [ 20.5443774, 80.3176814 ], [ 20.5483921, 80.3100532 ], [ 20.5117228, 80.3059514 ], [ 20.5168442, 80.3042324 ], [ 20.5489838, 80.3009306 ], [ 20.5503994, 80.2989006 ], [ 20.539538, 80.2945555 ], [ 20.5417569, 80.2921689 ], [ 20.5866529, 80.2890033 ], [ 20.5799187, 80.2796593 ], [ 20.5885344, 80.2786072 ], [ 20.5983775, 80.2724432 ], [ 20.6120696, 80.2721776 ], [ 20.6447792, 80.2753181 ], [ 20.6628953, 80.2741672 ], [ 20.672729, 80.2781885 ], [ 20.66585, 80.2830305 ], [ 20.6890037, 80.2855271 ], [ 20.7015924, 80.2893894 ], [ 20.7024508, 80.2942173 ], [ 20.7228189, 80.2974095 ], [ 20.7948644, 80.304336 ], [ 20.82019, 80.3021675 ], [ 20.8341879, 80.2918444 ], [ 20.8443213, 80.2750086 ], [ 20.8201056, 80.2662152 ], [ 20.8292845, 80.238795 ], [ 20.797262, 80.2278155 ], [ 20.8039278, 80.2247134 ], [ 20.8356097, 80.220867 ], [ 20.8506616, 80.2047443 ], [ 20.8627976, 80.2019548 ], [ 20.9152575, 80.1995515 ], [ 20.9763269, 80.2040576 ], [ 21.0030297, 80.2085154 ], [ 21.0018032, 80.2107987 ], [ 21.0151803, 80.2138853 ], [ 21.0115386, 80.2184289 ], [ 21.0310684, 80.2223155 ], [ 21.0540525, 80.2197562 ], [ 21.0566016, 80.2182717 ], [ 21.0458467, 80.2160739 ], [ 21.0405302, 80.2162877 ], [ 21.022415, 80.2109687 ], [ 21.0114685, 80.2102395 ], [ 21.0129203, 80.2076455 ], [ 21.0300273, 80.2066081 ], [ 21.05588, 80.2083865 ], [ 21.0983208, 80.2041723 ], [ 21.136578, 80.2050065 ], [ 21.1735693, 80.2032142 ], [ 21.1576169, 80.2011197 ], [ 21.1761204, 80.2015994 ], [ 21.1975249, 80.2004797 ], [ 21.2131832, 80.2058944 ], [ 21.1956501, 80.2102336 ], [ 21.2075418, 80.2114927 ], [ 21.2116426, 80.2143319 ], [ 21.2082062, 80.2204136 ], [ 21.1860198, 80.2247221 ], [ 21.2095695, 80.2277501 ], [ 21.2348442, 80.2288545 ], [ 21.2628072, 80.2337863 ], [ 21.2705947, 80.2331488 ], [ 21.275071, 80.2285343 ], [ 21.2955815, 80.2261055 ], [ 21.3154776, 80.227035 ], [ 21.3190356, 80.2278252 ], [ 21.3094531, 80.2308615 ], [ 21.3187072, 80.238439 ], [ 21.3063037, 80.2409455 ], [ 21.3373322, 80.2445472 ], [ 21.3477376, 80.2483128 ], [ 21.3650177, 80.2437696 ], [ 21.3583542, 80.2427946 ], [ 21.3452419, 80.2352881 ], [ 21.3433512, 80.2300502 ], [ 21.3594723, 80.2281036 ], [ 21.3385431, 80.2234232 ], [ 21.3433172, 80.219521 ], [ 21.3312739, 80.2147799 ], [ 21.3227539, 80.2057743 ], [ 21.3356024, 80.2026547 ], [ 21.370296, 80.2044398 ], [ 21.3851647, 80.2088631 ], [ 21.4019191, 80.2110747 ], [ 21.4163327, 80.2186855 ], [ 21.4139413, 80.2219703 ], [ 21.3991446, 80.22593 ], [ 21.3991241, 80.2306046 ], [ 21.439365, 80.2471445 ], [ 21.4431747, 80.254054 ], [ 21.4370456, 80.2575836 ], [ 21.4870588, 80.2630553 ], [ 21.5149503, 80.2618961 ], [ 21.5582631, 80.2535318 ], [ 21.5949751, 80.2406543 ], [ 21.6024957, 80.2351303 ], [ 21.6452045, 80.2264313 ], [ 21.6519066, 80.2231312 ], [ 21.6776005, 80.2216175 ], [ 21.6961035, 80.2226005 ], [ 21.7124565, 80.2252471 ], [ 21.718155, 80.2293241 ], [ 21.7027035, 80.2362142 ], [ 21.6842812, 80.2377462 ], [ 21.6910101, 80.2465131 ], [ 21.6838911, 80.2592847 ], [ 21.6705734, 80.2646621 ], [ 21.6871767, 80.2666667 ], [ 21.7143013, 80.2651584 ], [ 21.7649956, 80.2707132 ], [ 21.7721084, 80.2711124 ], [ 21.7971742, 80.2710056 ], [ 21.8095576, 80.2698255 ], [ 21.8263862, 80.2636563 ], [ 21.8568445, 80.2579786 ], [ 21.8576277, 80.2576816 ], [ 21.8724452, 80.2446663 ], [ 21.8816181, 80.2417696 ], [ 21.8746594, 80.2331328 ], [ 21.8526201, 80.2271459 ], [ 21.8519428, 80.2205554 ], [ 21.8389726, 80.2117764 ], [ 21.8465334, 80.202691 ], [ 21.8608409, 80.1967362 ], [ 21.858219, 80.1949179 ], [ 21.8568902, 80.1946148 ], [ 21.8429692, 80.194379 ], [ 21.820412, 80.1900976 ], [ 21.8167489, 80.1891748 ], [ 21.7900602, 80.1793085 ], [ 21.7326927, 80.1674854 ], [ 21.704468, 80.1563199 ], [ 21.7038862, 80.15625 ], [ 21.7030715, 80.15625 ], [ 21.6896369, 80.1530737 ], [ 21.6838892, 80.1492736 ], [ 21.673722, 80.1485364 ], [ 21.6603333, 80.1436057 ], [ 21.6478029, 80.1415261 ], [ 21.6551543, 80.1330913 ], [ 21.6365798, 80.1307828 ], [ 21.6348031, 80.1284395 ], [ 21.5932468, 80.1282643 ], [ 21.5803103, 80.1255389 ], [ 21.5790975, 80.1251113 ], [ 21.5814998, 80.1179205 ], [ 21.5835541, 80.1175236 ], [ 21.6170563, 80.1179549 ], [ 21.6378922, 80.1166095 ], [ 21.6387612, 80.1163216 ], [ 21.6453338, 80.1078082 ], [ 21.6311967, 80.1056859 ], [ 21.645878, 80.0980998 ], [ 21.647572, 80.0978384 ], [ 21.6674203, 80.0984222 ], [ 21.6957409, 80.0974023 ], [ 21.704934, 80.0980031 ], [ 21.7172683, 80.0992422 ], [ 21.7212479, 80.100262 ], [ 21.7263845, 80.1046121 ], [ 21.7285519, 80.1080981 ], [ 21.7228087, 80.1186603 ], [ 21.7551156, 80.1304867 ], [ 21.8044401, 80.1402531 ], [ 21.824005, 80.1403462 ], [ 21.8404731, 80.1422486 ], [ 21.8433468, 80.1423342 ], [ 21.8533366, 80.1418626 ], [ 21.8738977, 80.1367766 ], [ 21.8826611, 80.1290457 ], [ 21.91778, 80.123943 ], [ 21.9226412, 80.117364 ], [ 21.9298722, 80.115844 ], [ 21.9838303, 80.1132488 ], [ 22.0256655, 80.1150161 ], [ 22.0557557, 80.1179733 ], [ 22.065972, 80.1168749 ], [ 22.0925012, 80.0918394 ], [ 22.1107686, 80.0877249 ], [ 22.1258194, 80.0783691 ], [ 22.1307623, 80.0735226 ], [ 22.1227614, 80.0700759 ], [ 22.1237541, 80.0659561 ], [ 22.1302063, 80.0609779 ], [ 22.1540335, 80.0526744 ], [ 22.160091, 80.0461292 ], [ 22.1437219, 80.0432968 ], [ 22.1566188, 80.0406359 ], [ 22.1784443, 80.0403785 ], [ 22.1963015, 80.0384043 ], [ 22.2072144, 80.0408936 ], [ 22.2245755, 80.0352287 ], [ 22.2077103, 80.0271606 ], [ 22.2067183, 80.025444 ], [ 22.2072144, 80.0214958 ], [ 22.215151, 80.0108528 ], [ 22.2411606, 80.0071309 ], [ 22.2416056, 80.0066499 ], [ 22.2416307, 80.0057286 ], [ 22.2352899, 80.0024168 ], [ 22.2155888, 79.9999495 ], [ 22.2153381, 79.9998147 ], [ 22.2097282, 79.9950655 ], [ 22.2147793, 79.9880892 ], [ 22.2287213, 79.9846799 ], [ 22.2625871, 79.9852746 ], [ 22.2712604, 79.9860736 ], [ 22.2722523, 79.9864017 ], [ 22.2767574, 79.9927489 ], [ 22.3150629, 79.9941701 ], [ 22.3225003, 79.9950643 ], [ 22.3233089, 79.9953973 ], [ 22.3285948, 80.0019171 ], [ 22.3372128, 80.0043596 ], [ 22.3375928, 80.0053174 ], [ 22.3300889, 80.0076957 ], [ 22.3312263, 80.012377 ], [ 22.3238945, 80.015449 ], [ 22.3303289, 80.0171216 ], [ 22.3125809, 80.0238912 ], [ 22.3227571, 80.0309057 ], [ 22.345384, 80.0292023 ], [ 22.3611414, 80.0262173 ], [ 22.3576468, 80.0287389 ], [ 22.384831, 80.0219662 ], [ 22.4192874, 80.0156623 ], [ 22.4291518, 80.015581 ], [ 22.4266936, 80.0132688 ], [ 22.4402272, 80.0027617 ], [ 22.4561054, 79.9988539 ], [ 22.4820268, 79.9996068 ], [ 22.4881306, 80.0002102 ], [ 22.4944717, 80.0013208 ], [ 22.5, 80.0039062 ], [ 22.5, 80.0053014 ], [ 22.4874336, 80.0101476 ], [ 22.4919403, 80.0140979 ], [ 22.5069276, 80.0189914 ], [ 22.5075964, 80.019823 ], [ 22.5045671, 80.0240629 ], [ 22.5, 80.0259486 ], [ 22.4819043, 80.0279033 ], [ 22.4043502, 80.0414639 ], [ 22.4217931, 80.0453792 ], [ 22.4284543, 80.0523825 ], [ 22.4496388, 80.0517054 ], [ 22.4638835, 80.0548208 ], [ 22.4674211, 80.0546123 ], [ 22.4659441, 80.0526062 ], [ 22.4828815, 80.0458556 ], [ 22.4819444, 80.0432658 ], [ 22.4828521, 80.0429016 ], [ 22.5, 80.0401785 ], [ 22.5071127, 80.0395238 ], [ 22.5069155, 80.0390692 ], [ 22.4985507, 80.0374792 ], [ 22.4937425, 80.0339527 ], [ 22.5117909, 80.0298427 ], [ 22.5170828, 80.0319552 ], [ 22.5098867, 80.0346144 ], [ 22.5220975, 80.039982 ], [ 22.5196551, 80.0429835 ], [ 22.5302964, 80.0482044 ], [ 22.5315629, 80.0538079 ], [ 22.5137351, 80.0561512 ], [ 22.5186971, 80.0596355 ], [ 22.5172204, 80.0601106 ], [ 22.5, 80.0625 ], [ 22.4664289, 80.0670635 ], [ 22.5053935, 80.0672812 ], [ 22.4964724, 80.0679966 ], [ 22.509392, 80.070085 ], [ 22.511946, 80.0741336 ], [ 22.5025302, 80.075302 ], [ 22.4847668, 80.0753347 ], [ 22.4528461, 80.0804479 ], [ 22.4290509, 80.0807372 ], [ 22.4269509, 80.0810012 ], [ 22.4227262, 80.0833333 ], [ 22.4238667, 80.0833921 ], [ 22.4351046, 80.082764 ], [ 22.4406179, 80.0812271 ], [ 22.454271, 80.0818946 ], [ 22.4635164, 80.0809861 ], [ 22.4753526, 80.0817764 ], [ 22.4821838, 80.083033 ], [ 22.4868124, 80.0866817 ], [ 22.4868962, 80.0870901 ], [ 22.4807388, 80.0900532 ], [ 22.4774063, 80.0906969 ], [ 22.4424216, 80.094469 ], [ 22.3835356, 80.0990636 ], [ 22.3816113, 80.0992695 ], [ 22.3520188, 80.1039193 ], [ 22.3594681, 80.1051586 ], [ 22.4288141, 80.1016066 ], [ 22.4420369, 80.1037679 ], [ 22.4310529, 80.1113606 ], [ 22.4354512, 80.1156628 ], [ 22.4235295, 80.1219769 ], [ 22.4241312, 80.1286885 ], [ 22.4124422, 80.1339964 ], [ 22.4034169, 80.1550679 ], [ 22.4021878, 80.15625 ], [ 22.4021171, 80.15625 ], [ 22.391118, 80.1650842 ], [ 22.3914198, 80.16585 ], [ 22.4296218, 80.1751009 ], [ 22.4376853, 80.178315 ], [ 22.4335155, 80.1798114 ], [ 22.4498405, 80.184956 ], [ 22.4900041, 80.1934025 ], [ 22.4913464, 80.1943209 ], [ 22.4881868, 80.2010649 ], [ 22.4875594, 80.2014077 ], [ 22.4659768, 80.2069182 ], [ 22.4660494, 80.2071759 ], [ 22.4736855, 80.2130357 ], [ 22.5, 80.2114955 ], [ 22.5497993, 80.2083607 ], [ 22.5660104, 80.2085603 ], [ 22.5677139, 80.2087522 ], [ 22.5635259, 80.2101694 ], [ 22.5728282, 80.2113533 ], [ 22.5728008, 80.2157815 ], [ 22.5724326, 80.2159272 ], [ 22.5289357, 80.219442 ], [ 22.5241467, 80.2194941 ], [ 22.5199567, 80.2190868 ], [ 22.5118392, 80.2166907 ], [ 22.5194151, 80.2127789 ], [ 22.5, 80.2134486 ], [ 22.5, 80.2137277 ], [ 22.4844608, 80.2134898 ], [ 22.4822402, 80.2138227 ], [ 22.4807019, 80.2151941 ], [ 22.4811165, 80.2158973 ], [ 22.5, 80.2232141 ], [ 22.5020173, 80.2289915 ], [ 22.4734402, 80.2527041 ], [ 22.4576739, 80.2600377 ], [ 22.4659427, 80.2694607 ], [ 22.5, 80.2806919 ], [ 22.5, 80.2809709 ], [ 22.5036747, 80.2822375 ], [ 22.5055438, 80.2824562 ], [ 22.5784838, 80.2860171 ], [ 22.6006062, 80.2902278 ], [ 22.5951821, 80.2871788 ], [ 22.6102679, 80.2863793 ], [ 22.5978196, 80.2873915 ], [ 22.6074171, 80.2900478 ], [ 22.6012613, 80.2906147 ], [ 22.6068513, 80.2950373 ], [ 22.6057494, 80.2962669 ], [ 22.5973052, 80.3006392 ], [ 22.579863, 80.3042185 ], [ 22.5787814, 80.3044117 ], [ 22.551397, 80.3074203 ], [ 22.5496975, 80.3075519 ], [ 22.5, 80.3097097 ], [ 22.4938889, 80.3098193 ], [ 22.4813864, 80.311235 ], [ 22.4798601, 80.3114287 ], [ 22.4456644, 80.3192863 ], [ 22.4039901, 80.3264267 ], [ 22.3806624, 80.3375896 ], [ 22.3695263, 80.3487931 ], [ 22.3463548, 80.3614537 ], [ 22.3459271, 80.3624523 ], [ 22.3470745, 80.382115 ], [ 22.3491799, 80.3852772 ], [ 22.3623554, 80.3927549 ], [ 22.3898501, 80.4001728 ], [ 22.4213284, 80.4140579 ], [ 22.5001587, 80.4199218 ], [ 22.5359201, 80.4238379 ], [ 22.5752255, 80.4222285 ], [ 22.6003551, 80.4228723 ], [ 22.6055518, 80.4226828 ], [ 22.6231571, 80.4210823 ], [ 22.6264154, 80.4205322 ], [ 22.6551882, 80.4133772 ], [ 22.6574405, 80.4124653 ], [ 22.6467392, 80.4114558 ], [ 22.6573387, 80.4034786 ], [ 22.6547666, 80.3908925 ], [ 22.6644994, 80.3804357 ], [ 22.6381578, 80.3768088 ], [ 22.6407678, 80.3684356 ], [ 22.6282711, 80.3622719 ], [ 22.6441932, 80.3498971 ], [ 22.6400151, 80.3469645 ], [ 22.6466326, 80.3401114 ], [ 22.6635764, 80.3349034 ], [ 22.7019265, 80.3285028 ], [ 22.7089632, 80.3252925 ], [ 22.7277855, 80.3235044 ], [ 22.7373317, 80.3181399 ], [ 22.7487478, 80.3173499 ], [ 22.7530903, 80.3143672 ], [ 22.7701846, 80.3119453 ], [ 22.7923059, 80.3136374 ], [ 22.7931997, 80.316925 ], [ 22.7783411, 80.326013 ], [ 22.7537091, 80.3338692 ], [ 22.7499561, 80.3375252 ], [ 22.6990442, 80.3374171 ], [ 22.6947374, 80.3426791 ], [ 22.7149343, 80.346036 ], [ 22.7129514, 80.3483554 ], [ 22.735074, 80.3542269 ], [ 22.7318443, 80.3587105 ], [ 22.7330654, 80.3572843 ], [ 22.7413212, 80.3588893 ], [ 22.7402188, 80.361245 ], [ 22.7574704, 80.3682034 ], [ 22.7547888, 80.3732153 ], [ 22.7527951, 80.368674 ], [ 22.7483457, 80.3690279 ], [ 22.7487962, 80.3736736 ], [ 22.8262807, 80.3892781 ], [ 22.8553404, 80.4058825 ], [ 22.8499888, 80.4149868 ], [ 22.8270961, 80.4170811 ], [ 22.8552485, 80.4271084 ], [ 22.8592083, 80.4343235 ], [ 22.8460131, 80.439925 ], [ 22.8445674, 80.4454134 ], [ 22.8325682, 80.447728 ], [ 22.8205183, 80.4551601 ], [ 22.8098973, 80.4579248 ], [ 22.8040074, 80.4713768 ], [ 22.7883445, 80.4792737 ], [ 22.7905211, 80.4848036 ], [ 22.7741003, 80.4911817 ], [ 22.751579, 80.4930135 ], [ 22.7464237, 80.495404 ], [ 22.7562532, 80.497334 ], [ 22.758329, 80.5003564 ], [ 22.7899858, 80.5085531 ], [ 22.7915803, 80.5088336 ], [ 22.8099021, 80.508821 ], [ 22.8204212, 80.5073404 ], [ 22.8602898, 80.4905176 ], [ 22.8662636, 80.4883718 ], [ 22.8789904, 80.485754 ], [ 22.9283657, 80.4776859 ], [ 22.9312165, 80.4772996 ], [ 22.9763138, 80.4728794 ], [ 22.9724261, 80.4707336 ], [ 22.9900503, 80.4665709 ], [ 23.0087112, 80.4639959 ], [ 23.0126396, 80.4637384 ], [ 23.0240322, 80.4633092 ], [ 23.0495123, 80.4633111 ], [ 23.0615755, 80.4586315 ], [ 23.0750393, 80.456829 ], [ 23.1061097, 80.4554986 ], [ 23.1221544, 80.457005 ], [ 23.1382273, 80.4545611 ], [ 23.2074131, 80.449145 ], [ 23.2705582, 80.4459413 ], [ 23.2727464, 80.4456908 ], [ 23.289907, 80.4415568 ], [ 23.3096247, 80.4335544 ], [ 23.3283007, 80.4299335 ], [ 23.3335869, 80.4274482 ], [ 23.338163, 80.4247845 ], [ 23.3424067, 80.4163541 ], [ 23.3289915, 80.4141997 ], [ 23.3124905, 80.4140961 ], [ 23.2946969, 80.4095283 ], [ 23.2934409, 80.4073663 ], [ 23.3065308, 80.4025908 ], [ 23.2947279, 80.3932102 ], [ 23.2021697, 80.3904198 ], [ 23.1768792, 80.3916372 ], [ 23.146117, 80.3910557 ], [ 23.1242779, 80.3889163 ], [ 23.1144143, 80.386934 ], [ 23.1093714, 80.3848763 ], [ 23.1056226, 80.3815557 ], [ 23.098834, 80.3730919 ], [ 23.1065716, 80.3717304 ], [ 23.1502329, 80.3726094 ], [ 23.1698033, 80.374938 ], [ 23.1664872, 80.3775537 ], [ 23.177343, 80.3777629 ], [ 23.1971811, 80.3750331 ], [ 23.2356046, 80.3732299 ], [ 23.2485352, 80.3693594 ], [ 23.2407072, 80.3640052 ], [ 23.2033452, 80.3553662 ], [ 23.1868016, 80.3536652 ], [ 23.174051, 80.3545809 ], [ 23.1570863, 80.3541102 ], [ 23.1675534, 80.3567905 ], [ 23.15574, 80.3570653 ], [ 23.1368463, 80.3552771 ], [ 23.1285743, 80.3524338 ], [ 23.1126043, 80.3513324 ], [ 23.1127475, 80.3484849 ], [ 23.1233947, 80.3446285 ], [ 23.1136814, 80.3420532 ], [ 23.1200916, 80.3411506 ], [ 23.1331943, 80.3418829 ], [ 23.1323071, 80.3400387 ], [ 23.1390178, 80.3393375 ], [ 23.1536089, 80.341235 ], [ 23.1601613, 80.3536769 ], [ 23.1644301, 80.3515574 ], [ 23.1787513, 80.3495272 ], [ 23.1784008, 80.3481847 ], [ 23.1711899, 80.349295 ], [ 23.165084, 80.3484128 ], [ 23.1753157, 80.3460052 ], [ 23.2226889, 80.3455017 ], [ 23.244891, 80.3468343 ], [ 23.3163508, 80.3440949 ], [ 23.3181356, 80.3436961 ], [ 23.3193815, 80.3385007 ], [ 23.3305705, 80.3350096 ], [ 23.3316491, 80.3296707 ], [ 23.326372, 80.3268589 ], [ 23.3132194, 80.3248286 ], [ 23.2740998, 80.3238885 ], [ 23.2682033, 80.32191 ], [ 23.2748204, 80.3169866 ], [ 23.2938765, 80.3148597 ], [ 23.3239104, 80.3134649 ], [ 23.3257746, 80.3062471 ], [ 23.3091707, 80.3038566 ], [ 23.3024306, 80.2973448 ], [ 23.2944958, 80.3007909 ], [ 23.2869648, 80.3013147 ], [ 23.2688572, 80.2986457 ], [ 23.2748543, 80.2972509 ], [ 23.2967872, 80.2961392 ], [ 23.2962542, 80.2962937 ], [ 23.2962267, 80.2966018 ], [ 23.2970322, 80.2968235 ], [ 23.298442, 80.2969689 ], [ 23.3000917, 80.2971303 ], [ 23.3012604, 80.2967973 ], [ 23.3007905, 80.2961541 ], [ 23.3002117, 80.2959656 ], [ 23.3085614, 80.2955424 ], [ 23.3228303, 80.2936246 ], [ 23.325105, 80.2930319 ], [ 23.3205394, 80.2908003 ], [ 23.3247619, 80.286944 ], [ 23.2945191, 80.2787704 ], [ 23.2998917, 80.2738184 ], [ 23.2685965, 80.2622854 ], [ 23.269977, 80.2574826 ], [ 23.2511419, 80.2585912 ], [ 23.2401282, 80.2575119 ], [ 23.2375016, 80.2525533 ], [ 23.2220166, 80.2563853 ], [ 23.1992272, 80.2563894 ], [ 23.1456178, 80.2536144 ], [ 23.1089572, 80.2463759 ], [ 23.0622754, 80.2412544 ], [ 23.057411, 80.2392607 ], [ 23.0525624, 80.23703 ], [ 23.0673015, 80.2300121 ], [ 23.0594954, 80.2197939 ], [ 23.0737447, 80.2156792 ], [ 23.0407274, 80.2059568 ], [ 23.045953, 80.2017618 ], [ 23.0456908, 80.1875554 ], [ 23.0094461, 80.1788766 ], [ 23.0131764, 80.1747637 ], [ 23.0053327, 80.1737757 ], [ 23.0062712, 80.1722517 ], [ 23.0218408, 80.1703367 ], [ 23.0106221, 80.15625 ], [ 23.0115094, 80.15625 ], [ 23.0261102, 80.1474384 ], [ 23.0673391, 80.1388319 ], [ 23.0563589, 80.1360279 ], [ 23.050384, 80.1309862 ], [ 23.0537531, 80.1279155 ], [ 23.0788543, 80.1261816 ], [ 23.0958019, 80.1266298 ], [ 23.103066, 80.1224327 ], [ 23.1160676, 80.121188 ], [ 23.0990655, 80.1190853 ], [ 23.0935647, 80.1175404 ], [ 23.0908145, 80.1144933 ], [ 23.0923147, 80.1142787 ], [ 23.1028159, 80.1142358 ], [ 23.1060663, 80.1146221 ], [ 23.1183178, 80.1167678 ], [ 23.1238185, 80.1179265 ], [ 23.1245685, 80.1201581 ], [ 23.1695971, 80.1155769 ], [ 23.194539, 80.1147354 ], [ 23.2003431, 80.1150141 ], [ 23.2016704, 80.1154085 ], [ 23.2017562, 80.1177955 ], [ 23.1851608, 80.1214962 ], [ 23.1923562, 80.1272006 ], [ 23.1916223, 80.1276191 ], [ 23.1775575, 80.134214 ], [ 23.1570363, 80.1398218 ], [ 23.1529216, 80.1415637 ], [ 23.1491476, 80.1458097 ], [ 23.1291702, 80.1506531 ], [ 23.1199522, 80.155001 ], [ 23.1115615, 80.15625 ], [ 23.1120638, 80.1573657 ], [ 23.0955827, 80.1605563 ], [ 23.1185703, 80.1632926 ], [ 23.1217892, 80.1632316 ], [ 23.1478925, 80.1596491 ], [ 23.144538, 80.1586637 ], [ 23.1457011, 80.1585046 ], [ 23.1605715, 80.158361 ], [ 23.1682165, 80.1567339 ], [ 23.2183969, 80.1563948 ], [ 23.2482827, 80.1524734 ], [ 23.2661306, 80.1520013 ], [ 23.2681417, 80.1540613 ], [ 23.2488036, 80.15625 ], [ 23.2309134, 80.1600646 ], [ 23.2296484, 80.1608875 ], [ 23.2299598, 80.1611803 ], [ 23.2462215, 80.1629511 ], [ 23.2484674, 80.164137 ], [ 23.2483772, 80.1651095 ], [ 23.2460283, 80.16807 ], [ 23.2262655, 80.1738516 ], [ 23.2229679, 80.175675 ], [ 23.2265325, 80.177049 ], [ 23.2283177, 80.1771172 ], [ 23.260478, 80.1749951 ], [ 23.2655973, 80.1743706 ], [ 23.2823257, 80.1705015 ], [ 23.3131725, 80.1678822 ], [ 23.3147238, 80.167806 ], [ 23.3178312, 80.1688138 ], [ 23.3186957, 80.1686834 ], [ 23.3299913, 80.1630965 ], [ 23.3411512, 80.1613508 ], [ 23.3402224, 80.15625 ], [ 23.3419954, 80.1506115 ], [ 23.3698705, 80.1291424 ], [ 23.3998761, 80.1259168 ], [ 23.4217684, 80.1257863 ], [ 23.4175057, 80.1306083 ], [ 23.4234329, 80.1403269 ], [ 23.4174292, 80.1460642 ], [ 23.4271379, 80.1486647 ], [ 23.4489704, 80.1467812 ], [ 23.4503661, 80.1440957 ], [ 23.4400383, 80.1402915 ], [ 23.456624, 80.1321156 ], [ 23.4867181, 80.1318018 ], [ 23.4981226, 80.133147 ], [ 23.4989506, 80.1333575 ], [ 23.4776844, 80.1353244 ], [ 23.4770536, 80.13574 ], [ 23.4775106, 80.1383216 ], [ 23.4814922, 80.1396118 ], [ 23.4933532, 80.1405185 ], [ 23.4920781, 80.1430035 ], [ 23.4880779, 80.1446805 ], [ 23.4747463, 80.1482297 ], [ 23.4651396, 80.1499108 ], [ 23.4562522, 80.1507155 ], [ 23.4428819, 80.1484851 ], [ 23.4302388, 80.1491587 ], [ 23.4189624, 80.15564 ], [ 23.4187927, 80.15625 ], [ 23.4191151, 80.1639889 ], [ 23.3992867, 80.1731315 ], [ 23.3947659, 80.1748178 ], [ 23.3807291, 80.1786699 ], [ 23.3376476, 80.1862237 ], [ 23.3222187, 80.1907651 ], [ 23.3226281, 80.1911027 ], [ 23.3301464, 80.191258 ], [ 23.3342165, 80.1908363 ], [ 23.3623261, 80.1863807 ], [ 23.3739939, 80.1862676 ], [ 23.4185888, 80.1976486 ], [ 23.4420491, 80.2002511 ], [ 23.485447, 80.196762 ], [ 23.4965231, 80.1945304 ], [ 23.5161715, 80.1854209 ], [ 23.5177326, 80.1834759 ], [ 23.5051703, 80.1780959 ], [ 23.487264, 80.1611621 ], [ 23.4865546, 80.1587435 ], [ 23.4967734, 80.15625 ], [ 23.4975255, 80.1547567 ], [ 23.5044934, 80.1534551 ], [ 23.5113751, 80.1526587 ], [ 23.532075, 80.1510124 ], [ 23.5560498, 80.1505793 ], [ 23.544915, 80.1395903 ], [ 23.5681587, 80.1372406 ], [ 23.5328062, 80.1321214 ], [ 23.515661, 80.1212282 ], [ 23.5397429, 80.1182395 ], [ 23.5832772, 80.1153147 ], [ 23.590147, 80.1154217 ], [ 23.6046922, 80.1184056 ], [ 23.6224095, 80.1262407 ], [ 23.6387848, 80.1256046 ], [ 23.6694598, 80.1315397 ], [ 23.6592171, 80.1434385 ], [ 23.6418124, 80.1506947 ], [ 23.6419529, 80.151203 ], [ 23.650176, 80.1516755 ], [ 23.6545039, 80.15625 ], [ 23.6533859, 80.15625 ], [ 23.6549556, 80.1582108 ], [ 23.674095, 80.1600133 ], [ 23.6760108, 80.1605684 ], [ 23.6858308, 80.1642441 ], [ 23.7003422, 80.1744514 ], [ 23.7145166, 80.1768708 ], [ 23.7307653, 80.1769298 ], [ 23.7594599, 80.171442 ], [ 23.7849071, 80.1685677 ], [ 23.8619978, 80.1788208 ], [ 23.8122303, 80.1859579 ], [ 23.7840679, 80.1927139 ], [ 23.7352591, 80.216922 ], [ 23.726981, 80.2276005 ], [ 23.731217, 80.2331402 ], [ 23.737132, 80.2335031 ], [ 23.7391402, 80.2323198 ], [ 23.7455345, 80.2341219 ], [ 23.7943738, 80.2340655 ], [ 23.8291748, 80.229694 ], [ 23.8473153, 80.2310197 ], [ 23.8509275, 80.2325779 ], [ 23.8508565, 80.2350281 ], [ 23.8224049, 80.2415074 ], [ 23.7974178, 80.2439182 ], [ 23.7601548, 80.2453474 ], [ 23.7629344, 80.2461962 ], [ 23.7461205, 80.2503901 ], [ 23.7450759, 80.2509702 ], [ 23.7400337, 80.2550956 ], [ 23.7540308, 80.2573518 ], [ 23.7558411, 80.2626481 ], [ 23.7451602, 80.2686402 ], [ 23.7569197, 80.2805194 ], [ 23.7585263, 80.2812793 ], [ 23.7703491, 80.2838563 ], [ 23.793416, 80.2848672 ], [ 23.8521256, 80.2755975 ], [ 23.8643653, 80.2701598 ], [ 23.86043, 80.263238 ], [ 23.8669012, 80.2582812 ], [ 23.8878381, 80.2513933 ], [ 23.8961834, 80.2511044 ], [ 23.903599, 80.253129 ], [ 23.8878381, 80.2631092 ], [ 23.9007518, 80.2678179 ], [ 23.9207485, 80.2627938 ], [ 23.9664258, 80.2600802 ], [ 23.9776334, 80.2579418 ], [ 24.0198632, 80.2549151 ], [ 24.0278896, 80.2528747 ], [ 24.0287215, 80.2487237 ], [ 24.0315697, 80.2482795 ], [ 24.0387312, 80.2487159 ], [ 24.0469332, 80.2501024 ], [ 24.0593494, 80.255531 ], [ 24.0600303, 80.259238 ], [ 24.0461789, 80.2623593 ], [ 23.9738328, 80.2677757 ], [ 23.9605653, 80.2708557 ], [ 23.9672434, 80.2728364 ], [ 23.9808444, 80.2733907 ], [ 23.9942471, 80.2718564 ], [ 24.006404, 80.2718651 ], [ 23.9675426, 80.2858644 ], [ 23.9636836, 80.2973984 ], [ 23.9789633, 80.3027093 ], [ 23.9910597, 80.3029239 ], [ 24.0101594, 80.2999198 ], [ 24.0813406, 80.2846848 ], [ 24.0902426, 80.2826464 ], [ 24.1045495, 80.2774965 ], [ 24.1482979, 80.2677333 ], [ 24.1704113, 80.2599014 ], [ 24.1815308, 80.2525594 ], [ 24.1988992, 80.2473049 ], [ 24.2004797, 80.2470468 ], [ 24.2232543, 80.2465975 ], [ 24.2367194, 80.2479485 ], [ 24.2412726, 80.250347 ], [ 24.259307, 80.2514206 ], [ 24.2613385, 80.2576706 ], [ 24.2541842, 80.2614048 ], [ 24.2302612, 80.2704428 ], [ 24.2046793, 80.277788 ], [ 24.1750751, 80.2838115 ], [ 24.1827185, 80.2974977 ], [ 24.1863745, 80.2980638 ], [ 24.2077378, 80.2987074 ], [ 24.2415986, 80.2968028 ], [ 24.2503402, 80.2968621 ], [ 24.2606686, 80.2969975 ], [ 24.2700686, 80.2991025 ], [ 24.2777276, 80.2985991 ], [ 24.2875528, 80.2953677 ], [ 24.281322, 80.290399 ], [ 24.3003896, 80.2897596 ], [ 24.3183298, 80.2858413 ], [ 24.322412, 80.2830473 ], [ 24.3427079, 80.2796993 ], [ 24.353435, 80.274298 ], [ 24.3610783, 80.2743345 ], [ 24.3712995, 80.2717663 ], [ 24.3733479, 80.271781 ], [ 24.3768066, 80.272071 ], [ 24.3773957, 80.2728624 ], [ 24.370895, 80.2747194 ], [ 24.3799338, 80.2760667 ], [ 24.3765219, 80.2799928 ], [ 24.3934085, 80.2810692 ], [ 24.4034328, 80.2842026 ], [ 24.3779402, 80.2890536 ], [ 24.3812747, 80.2920597 ], [ 24.3726267, 80.2966961 ], [ 24.2939703, 80.3065133 ], [ 24.2995468, 80.31389 ], [ 24.3219275, 80.3142964 ], [ 24.368728, 80.3084542 ], [ 24.4090385, 80.3061205 ], [ 24.4132615, 80.3059725 ], [ 24.4219446, 80.3060369 ], [ 24.4315388, 80.3073763 ], [ 24.4338673, 80.3087409 ], [ 24.4311197, 80.3103017 ], [ 24.41041, 80.3141359 ], [ 24.3817083, 80.3151453 ], [ 24.3284161, 80.3215036 ], [ 24.3263471, 80.321654 ], [ 24.2401524, 80.3258297 ], [ 24.2229183, 80.3287431 ], [ 24.2174829, 80.3293251 ], [ 24.1416703, 80.3357666 ], [ 24.1330884, 80.3375102 ], [ 24.127634, 80.3402942 ], [ 24.1275584, 80.3405071 ], [ 24.1516594, 80.3461503 ], [ 24.1437218, 80.3513646 ], [ 24.1593424, 80.3510427 ], [ 24.1864734, 80.3530689 ], [ 24.1971681, 80.3575841 ], [ 24.2275811, 80.3620119 ], [ 24.2685916, 80.3607523 ], [ 24.2783583, 80.3626934 ], [ 24.2808051, 80.3626726 ], [ 24.2899154, 80.3622664 ], [ 24.312884, 80.3584052 ], [ 24.4134749, 80.3556519 ], [ 24.4524021, 80.3515931 ], [ 24.4771597, 80.3518244 ], [ 24.4866533, 80.3565336 ], [ 24.5017719, 80.3565807 ], [ 24.4897445, 80.3538862 ], [ 24.4899744, 80.3514349 ], [ 24.5035439, 80.3492805 ], [ 24.5053412, 80.3469104 ], [ 24.5281419, 80.3443962 ], [ 24.5238078, 80.3420948 ], [ 24.5330129, 80.3372025 ], [ 24.5807614, 80.331336 ], [ 24.5679969, 80.3262875 ], [ 24.5677627, 80.3207794 ], [ 24.5775427, 80.3193769 ], [ 24.5962142, 80.3191781 ], [ 24.6191134, 80.316013 ], [ 24.602424, 80.314082 ], [ 24.5965108, 80.3117533 ], [ 24.5792983, 80.3119404 ], [ 24.5689111, 80.3072767 ], [ 24.5410892, 80.3081059 ], [ 24.5224698, 80.3063565 ], [ 24.5002897, 80.3008434 ], [ 24.4885616, 80.2926564 ], [ 24.4507226, 80.2877058 ], [ 24.42595, 80.2865154 ], [ 24.4254087, 80.2822231 ], [ 24.4360698, 80.2813088 ], [ 24.4468626, 80.2820699 ], [ 24.454074, 80.2803708 ], [ 24.4657787, 80.2798775 ], [ 24.4478683, 80.2774832 ], [ 24.4248459, 80.2673912 ], [ 24.4513607, 80.2482318 ], [ 24.494427, 80.2479064 ], [ 24.5087717, 80.2512497 ], [ 24.5158343, 80.2573984 ], [ 24.5258629, 80.2585685 ], [ 24.5334899, 80.2634364 ], [ 24.5436125, 80.2653247 ], [ 24.5559494, 80.2612458 ], [ 24.5837291, 80.261795 ], [ 24.6034563, 80.268382 ], [ 24.599932, 80.2766753 ], [ 24.6114523, 80.2803879 ], [ 24.607262, 80.2813498 ], [ 24.6215258, 80.2836763 ], [ 24.6267811, 80.2864949 ], [ 24.6589468, 80.2879405 ], [ 24.6555496, 80.2867469 ], [ 24.6741029, 80.2827193 ], [ 24.674215, 80.2769336 ], [ 24.6904455, 80.2762287 ], [ 24.7054812, 80.2789191 ], [ 24.7062125, 80.2821069 ], [ 24.7330993, 80.2842228 ], [ 24.7610108, 80.2891141 ], [ 24.7753913, 80.3015503 ], [ 24.7727193, 80.3150986 ], [ 24.7966448, 80.3272649 ], [ 24.7967429, 80.3337659 ], [ 24.8226271, 80.3399804 ], [ 24.8332144, 80.3460559 ], [ 24.8501104, 80.3472027 ], [ 24.8623261, 80.3414458 ], [ 24.8896054, 80.3397456 ], [ 24.887395, 80.3381108 ], [ 24.8965166, 80.3349003 ], [ 24.8914614, 80.3131806 ], [ 24.8627809, 80.2905803 ], [ 24.8646317, 80.283789 ], [ 24.8783802, 80.2816685 ], [ 24.8881685, 80.2777181 ], [ 24.8045574, 80.2473311 ], [ 24.8100705, 80.2437751 ], [ 24.8110312, 80.2436033 ], [ 24.8248389, 80.2430938 ], [ 24.8683323, 80.2437758 ], [ 24.9048073, 80.2455425 ], [ 24.9150778, 80.2475874 ], [ 24.9312069, 80.2482736 ], [ 24.9692729, 80.2443289 ], [ 25.008136, 80.2446291 ], [ 25.0631289, 80.241414 ], [ 25.0797318, 80.2450932 ], [ 25.1010181, 80.2546279 ], [ 25.1643245, 80.2589248 ], [ 25.1842858, 80.2620631 ], [ 25.2057287, 80.2633286 ], [ 25.2461663, 80.2680498 ], [ 25.2610884, 80.2642357 ], [ 25.2667977, 80.2586352 ], [ 25.2776453, 80.2587801 ], [ 25.276789, 80.2712363 ], [ 25.2909064, 80.2730681 ], [ 25.3133363, 80.2740215 ], [ 25.3194028, 80.2719058 ], [ 25.3656867, 80.268509 ], [ 25.3688399, 80.2673019 ], [ 25.3570238, 80.2651031 ], [ 25.3391832, 80.2645158 ], [ 25.3196297, 80.2616502 ], [ 25.2973999, 80.2552083 ], [ 25.279783, 80.25453 ], [ 25.2702636, 80.2555108 ], [ 25.2572572, 80.2536252 ], [ 25.2510462, 80.2478359 ], [ 25.2572786, 80.2370111 ], [ 25.2625035, 80.2350316 ], [ 25.2822415, 80.2325642 ], [ 25.2717174, 80.2252738 ], [ 25.3028669, 80.2259283 ], [ 25.3560764, 80.2244025 ], [ 25.3829019, 80.2248123 ], [ 25.4452069, 80.2202452 ], [ 25.4584122, 80.2229244 ], [ 25.4530982, 80.2258989 ], [ 25.456243, 80.228421 ], [ 25.479399, 80.2305686 ], [ 25.4929231, 80.2299666 ], [ 25.5002619, 80.227289 ], [ 25.4886535, 80.2252796 ], [ 25.4879965, 80.2231785 ], [ 25.5109755, 80.2214293 ], [ 25.5111185, 80.2187535 ], [ 25.5619236, 80.2195286 ], [ 25.5851727, 80.2151532 ], [ 25.5813266, 80.2080421 ], [ 25.5656415, 80.2031463 ], [ 25.5579534, 80.1973681 ], [ 25.5731333, 80.1953754 ], [ 25.6078548, 80.1847188 ], [ 25.6208882, 80.1851052 ], [ 25.6339113, 80.1884201 ], [ 25.6544408, 80.2070242 ], [ 25.6687859, 80.2053134 ], [ 25.6901232, 80.1998528 ], [ 25.7178152, 80.1995826 ], [ 25.7358577, 80.197897 ], [ 25.7723268, 80.1991225 ], [ 25.7785159, 80.2011425 ], [ 25.8034089, 80.2028722 ], [ 25.8221976, 80.2022879 ], [ 25.8483649, 80.1985348 ], [ 25.866811, 80.1997029 ], [ 25.869076, 80.1997076 ], [ 25.8780515, 80.199011 ], [ 25.8808331, 80.1984859 ], [ 25.8824204, 80.1969794 ], [ 25.8650656, 80.1952903 ], [ 25.8630887, 80.1940584 ], [ 25.8629044, 80.1935924 ], [ 25.8758827, 80.1916983 ], [ 25.8152717, 80.1940582 ], [ 25.8244236, 80.1931258 ], [ 25.8230215, 80.190024 ], [ 25.8328872, 80.1879537 ], [ 25.8345417, 80.1854074 ], [ 25.8500487, 80.1853256 ], [ 25.852362, 80.1838533 ], [ 25.8185147, 80.1828587 ], [ 25.7679907, 80.1791455 ], [ 25.7615178, 80.1751595 ], [ 25.7737736, 80.1690015 ], [ 25.7724071, 80.166972 ], [ 25.7357026, 80.1651186 ], [ 25.7341613, 80.1649849 ], [ 25.7252482, 80.1632156 ], [ 25.7252482, 80.1627624 ], [ 25.7339342, 80.1591175 ], [ 25.7399439, 80.1584067 ], [ 25.7442917, 80.1579486 ], [ 25.7786167, 80.1577003 ], [ 25.8135182, 80.1601707 ], [ 25.8631749, 80.1611825 ], [ 25.8834249, 80.1646023 ], [ 25.8977313, 80.1648777 ], [ 25.9294481, 80.1678777 ], [ 25.934062, 80.1641228 ], [ 25.871742, 80.1561123 ], [ 25.872582, 80.1547008 ], [ 25.895372, 80.1530838 ], [ 25.9002486, 80.1561942 ], [ 25.9397978, 80.1624587 ], [ 25.9602135, 80.1630169 ], [ 25.9663249, 80.1644413 ], [ 25.978102, 80.1623091 ], [ 25.996864, 80.1632549 ], [ 26.0056607, 80.1676198 ], [ 26.0181444, 80.1684647 ], [ 26.0146112, 80.1717638 ], [ 26.0356789, 80.1701806 ], [ 26.0504367, 80.1729615 ], [ 26.0994015, 80.1747813 ], [ 26.1347306, 80.1747813 ], [ 26.2023268, 80.1726891 ], [ 26.2745332, 80.1734486 ], [ 26.3353953, 80.1730514 ], [ 26.3426811, 80.1728281 ], [ 26.3760535, 80.1711205 ], [ 26.3792043, 80.1707957 ], [ 26.3989495, 80.1667749 ], [ 26.4370754, 80.1664128 ], [ 26.4864269, 80.1617606 ], [ 26.4889042, 80.1616312 ], [ 26.5497813, 80.1625102 ], [ 26.6049031, 80.15625 ], [ 26.6170673, 80.1547858 ], [ 26.6268227, 80.1543511 ], [ 26.6384673, 80.1549823 ], [ 26.6960282, 80.1535878 ], [ 26.7211314, 80.1525905 ], [ 26.7805833, 80.1492264 ], [ 26.8071311, 80.1459823 ], [ 26.8099749, 80.1454645 ], [ 26.8146436, 80.1399674 ], [ 26.8247426, 80.1370525 ], [ 26.876507, 80.132497 ], [ 26.8930933, 80.1264575 ], [ 26.9108841, 80.1133025 ], [ 26.895542, 80.1001183 ], [ 26.9424467, 80.0883225 ], [ 26.950121, 80.0829935 ], [ 26.9409153, 80.0807619 ], [ 26.9521346, 80.0777332 ], [ 26.9802268, 80.0774574 ], [ 27.0681902, 80.0835943 ], [ 27.0915926, 80.0819635 ], [ 27.1197336, 80.0833797 ], [ 27.1361676, 80.0808907 ], [ 27.1961255, 80.0756119 ], [ 27.2218257, 80.0633037 ], [ 27.2198311, 80.059177 ], [ 27.2351112, 80.053811 ], [ 27.2182753, 80.0450211 ], [ 27.2040768, 80.0435036 ], [ 27.1971244, 80.0407482 ], [ 27.1670798, 80.0376253 ], [ 27.1562368, 80.0341846 ], [ 27.1487846, 80.0341657 ], [ 27.1505775, 80.0322309 ], [ 27.1363842, 80.0254853 ], [ 27.1233056, 80.0228115 ], [ 27.1228729, 80.0177057 ], [ 27.1117901, 80.0160455 ], [ 27.0980194, 80.0075943 ], [ 27.0869215, 80.0048369 ], [ 27.1059653, 80.0057849 ], [ 27.1199121, 80.0029629 ], [ 27.1272233, 79.999436 ], [ 27.1245368, 79.9950799 ], [ 27.112076, 79.9902858 ], [ 27.1160686, 79.9882038 ], [ 27.1065089, 79.9867297 ], [ 27.1069698, 79.9842286 ], [ 27.1021695, 79.9839134 ], [ 27.1129925, 79.9817504 ], [ 27.1105962, 79.9788535 ], [ 27.124256, 79.9739493 ], [ 27.1268173, 79.967014 ], [ 27.1352434, 79.9639428 ], [ 27.1297584, 79.959958 ], [ 27.1184067, 79.9597554 ], [ 27.1091666, 79.9577318 ], [ 27.1145642, 79.952383 ], [ 27.122685, 79.9504913 ], [ 27.0875669, 79.9467958 ], [ 27.0856186, 79.9447755 ], [ 27.0942339, 79.9454172 ], [ 27.0755798, 79.9414454 ], [ 27.0749454, 79.9397259 ], [ 27.0845108, 79.9366649 ], [ 27.0948938, 79.9215604 ], [ 27.1045365, 79.9193242 ], [ 27.1030838, 79.9153101 ], [ 27.190755, 79.8855311 ], [ 27.1905293, 79.8765008 ], [ 27.1982135, 79.8686796 ], [ 27.1818244, 79.8474237 ], [ 27.1280909, 79.8292136 ], [ 27.0852768, 79.8214687 ], [ 27.057134, 79.8140858 ], [ 27.0601346, 79.8113714 ], [ 27.049799, 79.8106633 ], [ 27.0434644, 79.8047035 ], [ 27.034129, 79.8015171 ], [ 27.0201257, 79.7999238 ], [ 27.007466, 79.795529 ], [ 27.0100141, 79.7945454 ], [ 26.9735999, 79.7959417 ], [ 26.9192436, 79.7935112 ], [ 26.9212296, 79.786975 ], [ 26.9434551, 79.7822376 ], [ 26.942506, 79.7810788 ], [ 26.9125022, 79.7780799 ], [ 26.9149197, 79.7761058 ], [ 26.8981622, 79.7757682 ], [ 26.879829, 79.7794691 ], [ 26.8511633, 79.7808101 ], [ 26.8311532, 79.784011 ], [ 26.8157823, 79.7840307 ], [ 26.7731626, 79.7754687 ], [ 26.7734267, 79.77384 ], [ 26.7910841, 79.7718639 ], [ 26.7932436, 79.7679892 ], [ 26.7822256, 79.7690774 ], [ 26.764339, 79.7678139 ], [ 26.7452685, 79.7700177 ], [ 26.6945004, 79.7649415 ], [ 26.665819, 79.7564119 ], [ 26.6335865, 79.7503088 ], [ 26.6369116, 79.7456049 ], [ 26.6054556, 79.726617 ], [ 26.6099005, 79.7175694 ], [ 26.6031899, 79.7117327 ], [ 26.541835, 79.7022914 ], [ 26.5169097, 79.696455 ], [ 26.5034883, 79.6943949 ], [ 26.4737695, 79.692421 ], [ 26.4579514, 79.6873569 ], [ 26.4243979, 79.6830654 ], [ 26.4162493, 79.6813488 ], [ 26.4090592, 79.6749114 ], [ 26.3457429, 79.6653528 ], [ 26.3290344, 79.6580375 ], [ 26.2526731, 79.6486119 ], [ 26.2438853, 79.6423709 ], [ 26.2310917, 79.6390074 ], [ 26.2046115, 79.6356289 ], [ 26.1464962, 79.6310927 ], [ 26.091445, 79.6234612 ], [ 26.0109583, 79.6148039 ], [ 25.9958816, 79.6112413 ], [ 25.7995805, 79.592602 ], [ 25.7736461, 79.5866246 ], [ 25.761797, 79.5811218 ], [ 25.7016301, 79.575646 ], [ 25.6659462, 79.5504355 ], [ 25.6691751, 79.5347967 ], [ 25.691673, 79.524815 ], [ 25.7244114, 79.5207114 ], [ 25.7531028, 79.5196441 ], [ 25.7710139, 79.5157486 ], [ 25.7832814, 79.4906529 ], [ 25.7832814, 79.4847935 ], [ 25.7775764, 79.4761456 ], [ 25.7768399, 79.4757969 ], [ 25.7471073, 79.4647088 ], [ 25.7072643, 79.4535435 ], [ 25.6907949, 79.4442683 ], [ 25.6657767, 79.4406472 ], [ 25.6179345, 79.4300258 ], [ 25.5823822, 79.4217377 ], [ 25.572726, 79.417634 ], [ 25.4898598, 79.399368 ], [ 25.4658291, 79.3959885 ], [ 25.4352754, 79.3939152 ], [ 25.3949118, 79.3785307 ], [ 25.3668003, 79.3724118 ], [ 25.352653, 79.3699979 ], [ 25.3278363, 79.3691297 ], [ 25.2823992, 79.3652068 ], [ 25.2068158, 79.353457 ], [ 25.2047544, 79.3532751 ], [ 25.1522614, 79.3508613 ], [ 25.1065553, 79.3506613 ], [ 25.0677633, 79.3473186 ], [ 25.0433099, 79.3477813 ], [ 25.0381824, 79.347993 ], [ 25.0235471, 79.3496675 ], [ 25.022018, 79.3498774 ], [ 25.0020735, 79.3542163 ], [ 24.9651111, 79.3578389 ], [ 24.9567708, 79.3620666 ], [ 24.9415687, 79.363802 ], [ 24.9478105, 79.3614149 ], [ 24.9426618, 79.3592125 ], [ 24.9251878, 79.358411 ], [ 24.9036409, 79.3556046 ], [ 24.8650934, 79.3535889 ], [ 24.8484306, 79.3514735 ], [ 24.8198791, 79.3519026 ], [ 24.777572, 79.3503127 ], [ 24.7390531, 79.3430095 ], [ 24.7202256, 79.3414651 ], [ 24.6695334, 79.3333755 ], [ 24.6267424, 79.3295588 ], [ 24.5936152, 79.329517 ], [ 24.576002, 79.3243392 ], [ 24.5474081, 79.3207914 ], [ 24.5118805, 79.3189185 ], [ 24.4463311, 79.3188323 ], [ 24.3533791, 79.3115363 ], [ 24.317332, 79.3079019 ], [ 24.2657408, 79.2974174 ], [ 24.2044991, 79.2896693 ], [ 24.2013657, 79.2890872 ], [ 24.1802462, 79.2820123 ], [ 24.1600733, 79.2800688 ], [ 24.1430236, 79.2801079 ], [ 24.1071759, 79.2755626 ], [ 24.0838053, 79.2747467 ], [ 24.0752065, 79.2739654 ], [ 24.0684114, 79.2727839 ], [ 24.0657463, 79.2701879 ], [ 24.0635169, 79.2695819 ], [ 24.0478336, 79.26683 ], [ 24.0474843, 79.2665426 ], [ 24.0548815, 79.2594827 ], [ 24.0482084, 79.2534931 ], [ 24.0536307, 79.2469887 ], [ 24.0511955, 79.2358829 ], [ 24.0417194, 79.2291387 ], [ 24.0085338, 79.2198988 ], [ 24.0011402, 79.210149 ], [ 23.9899805, 79.2071826 ], [ 23.9889175, 79.2070723 ], [ 23.8880385, 79.2056657 ], [ 23.8604518, 79.2075022 ], [ 23.8303396, 79.2075593 ], [ 23.7568914, 79.2045946 ], [ 23.5927304, 79.2031764 ], [ 23.5616534, 79.2071131 ], [ 23.5340918, 79.2089018 ], [ 23.3874713, 79.2104678 ], [ 23.3784844, 79.2109692 ], [ 23.3616174, 79.2128148 ], [ 23.3460971, 79.220898 ], [ 23.3419408, 79.2219114 ], [ 23.3393503, 79.2220489 ], [ 23.2923727, 79.2171252 ], [ 23.2869174, 79.2168694 ], [ 23.2650216, 79.2178611 ], [ 23.2460504, 79.2200683 ], [ 23.2375319, 79.2239825 ], [ 23.211763, 79.2295936 ], [ 23.1612688, 79.2333168 ], [ 23.1608293, 79.24273 ], [ 23.1394343, 79.2408609 ], [ 23.0787082, 79.2410415 ], [ 23.0595773, 79.2419776 ], [ 23.0473419, 79.2462111 ], [ 23.005867, 79.2425075 ], [ 22.9754608, 79.2414016 ], [ 22.9581149, 79.2443904 ], [ 22.9081635, 79.2458432 ], [ 22.8645976, 79.2490956 ], [ 22.8358598, 79.2528182 ], [ 22.8370655, 79.2566102 ], [ 22.8216859, 79.2580299 ], [ 22.7923254, 79.2654862 ], [ 22.7827365, 79.2694188 ], [ 22.7711384, 79.2802598 ], [ 22.7470499, 79.2857791 ], [ 22.7402898, 79.2903082 ], [ 22.7432961, 79.2939318 ], [ 22.7235453, 79.2984194 ], [ 22.7189205, 79.3070378 ], [ 22.7256362, 79.3095469 ], [ 22.7132111, 79.3184154 ], [ 22.7236521, 79.3240525 ], [ 22.743927, 79.3292243 ], [ 22.779617, 79.3322119 ], [ 22.7757881, 79.3374892 ], [ 22.7632163, 79.3417568 ], [ 22.7903465, 79.3437767 ], [ 22.7912765, 79.3463516 ], [ 22.8507988, 79.3478918 ], [ 22.8938338, 79.3534049 ], [ 22.89495, 79.3556699 ], [ 22.8797125, 79.3580042 ], [ 22.899828, 79.3645148 ], [ 22.8882302, 79.3714385 ], [ 22.8891572, 79.3754926 ], [ 22.9007858, 79.3771739 ], [ 22.8964869, 79.3785185 ], [ 22.8921444, 79.3775305 ], [ 22.8607178, 79.3811373 ], [ 22.7823697, 79.3802586 ], [ 22.7829854, 79.3811373 ], [ 22.7721016, 79.3824944 ], [ 22.7681304, 79.382847 ], [ 22.7475508, 79.3836212 ], [ 22.6786785, 79.3858089 ], [ 22.6271091, 79.384795 ], [ 22.5833517, 79.3870885 ], [ 22.579302, 79.3872046 ], [ 22.5429271, 79.3872581 ], [ 22.5, 79.3859124 ], [ 22.4994256, 79.3859112 ], [ 22.4626004, 79.3875262 ], [ 22.4343565, 79.3874861 ], [ 22.3601202, 79.3820521 ], [ 22.3269882, 79.3836055 ], [ 22.3011662, 79.3820382 ], [ 22.2493612, 79.3852707 ], [ 22.2466855, 79.3851265 ], [ 22.2237979, 79.3830682 ], [ 22.1931988, 79.3773766 ], [ 22.1965373, 79.3769909 ], [ 22.1311672, 79.373503 ], [ 21.9740931, 79.3543502 ], [ 21.9177588, 79.3504997 ], [ 21.8227617, 79.3461457 ], [ 21.7553653, 79.3460679 ], [ 21.7355067, 79.3482409 ], [ 21.716713, 79.3480974 ], [ 21.7187108, 79.3514274 ], [ 21.6866846, 79.3571132 ], [ 21.5972148, 79.3642687 ], [ 21.559423, 79.3656635 ], [ 21.4937354, 79.3662034 ], [ 21.4340671, 79.3692344 ], [ 21.4202954, 79.3690143 ], [ 21.4124933, 79.3708879 ], [ 21.3613573, 79.3727678 ], [ 21.2876709, 79.3708866 ], [ 21.2189966, 79.3672587 ], [ 21.1333115, 79.3605208 ], [ 21.1154546, 79.360095 ], [ 21.0653963, 79.3546892 ], [ 21.0216606, 79.3531725 ], [ 20.974399, 79.3499178 ], [ 20.8681405, 79.3539993 ], [ 20.8065333, 79.3615756 ], [ 20.7625691, 79.3618084 ], [ 20.7414761, 79.3603357 ], [ 20.7393122, 79.3605531 ], [ 20.7329791, 79.3616393 ], [ 20.732601, 79.363319 ], [ 20.737299, 79.3682899 ], [ 20.738079, 79.3688986 ], [ 20.7702833, 79.3884674 ], [ 20.7801158, 79.3912878 ], [ 20.780417, 79.3996931 ], [ 20.7755488, 79.4030017 ], [ 20.7726939, 79.4044018 ], [ 20.7547354, 79.409146 ], [ 20.7478842, 79.4104171 ], [ 20.7436866, 79.4106382 ], [ 20.7335356, 79.4093831 ], [ 20.7177762, 79.41066 ], [ 20.7146097, 79.4110429 ], [ 20.6832386, 79.4169714 ], [ 20.6721518, 79.4203711 ], [ 20.6549054, 79.4212515 ], [ 20.6252077, 79.4250073 ], [ 20.5243526, 79.4277049 ], [ 20.4946991, 79.4275697 ], [ 20.4193572, 79.4374511 ], [ 20.3419449, 79.4410793 ], [ 20.2990109, 79.4454648 ], [ 20.2585568, 79.4470983 ], [ 20.2144821, 79.4554265 ], [ 20.1578969, 79.46073 ], [ 20.1278805, 79.4619811 ], [ 20.0704716, 79.4580026 ], [ 20.0658104, 79.4608911 ], [ 20.0520639, 79.4631311 ], [ 20.0417242, 79.4669702 ], [ 20.0330886, 79.4746468 ], [ 20.0136328, 79.4775831 ], [ 20.004649, 79.4813594 ], [ 20.0000308, 79.4899888 ], [ 19.989813, 79.4947015 ], [ 19.9889942, 79.4986902 ], [ 19.9859656, 79.5005935 ], [ 19.9792144, 79.501774 ], [ 19.975969, 79.5069147 ], [ 19.9636732, 79.5107181 ], [ 19.9319711, 79.5156837 ], [ 19.9295908, 79.5158478 ], [ 19.902687, 79.5172696 ], [ 19.8651776, 79.5170239 ], [ 19.8533297, 79.5235671 ], [ 19.8320819, 79.5299773 ], [ 19.812349, 79.5317296 ], [ 19.7973731, 79.534848 ], [ 19.7938154, 79.5386246 ], [ 19.7349567, 79.5577219 ], [ 19.6985892, 79.5757515 ], [ 19.6698085, 79.5867352 ], [ 19.6543747, 79.5950671 ], [ 19.6561577, 79.6061203 ], [ 19.6664274, 79.6097609 ], [ 19.6729041, 79.610998 ], [ 19.6880573, 79.6132421 ], [ 19.7170832, 79.6162033 ], [ 19.7339752, 79.6175765 ], [ 19.7753727, 79.6199799 ], [ 19.7784657, 79.6201086 ], [ 19.9024324, 79.6222115 ], [ 19.9498156, 79.6253442 ], [ 20.0280029, 79.6280988 ], [ 20.0446634, 79.6247718 ], [ 20.0817488, 79.6273918 ], [ 20.1268578, 79.6282756 ], [ 20.1565638, 79.6265386 ], [ 20.1902252, 79.6225203 ], [ 20.2234199, 79.6208935 ], [ 20.2439709, 79.6155713 ], [ 20.2784247, 79.6161764 ], [ 20.2788215, 79.6050599 ], [ 20.300752, 79.5995959 ], [ 20.3021668, 79.595426 ], [ 20.3171982, 79.5924603 ], [ 20.3409055, 79.5903881 ], [ 20.3457218, 79.5859401 ], [ 20.3889787, 79.5773174 ], [ 20.4227169, 79.575965 ], [ 20.4690849, 79.5696071 ], [ 20.5196223, 79.5692505 ], [ 20.4943712, 79.5668066 ], [ 20.4975142, 79.5653975 ], [ 20.5358514, 79.5655007 ], [ 20.5820388, 79.5622882 ], [ 20.6107773, 79.5632243 ], [ 20.6299784, 79.566937 ], [ 20.6470073, 79.5674453 ], [ 20.6938797, 79.5622605 ], [ 20.7460026, 79.5649154 ], [ 20.8562611, 79.5660748 ], [ 20.8876241, 79.5643429 ], [ 20.9026912, 79.5594763 ], [ 20.9666742, 79.5502853 ], [ 20.995639, 79.5427001 ], [ 21.0683664, 79.542582 ], [ 21.104521, 79.5340204 ], [ 21.1316369, 79.5323145 ], [ 21.1463469, 79.5325077 ], [ 21.1668987, 79.5377862 ], [ 21.1936556, 79.547962 ], [ 21.2356786, 79.5500321 ], [ 21.2765777, 79.55678 ], [ 21.2764122, 79.5612233 ], [ 21.2686784, 79.5642828 ], [ 21.2317271, 79.5681838 ], [ 21.211881, 79.5685613 ], [ 21.1939219, 79.5662168 ], [ 21.1595387, 79.5667326 ], [ 21.1165069, 79.5630023 ], [ 21.1016223, 79.5656894 ], [ 21.0919538, 79.5732458 ], [ 21.0629245, 79.5752136 ], [ 21.0611774, 79.5804951 ], [ 21.045598, 79.5826783 ], [ 21.0388116, 79.585178 ], [ 20.997537, 79.5847328 ], [ 20.9836735, 79.5820401 ], [ 20.9678907, 79.58413 ], [ 20.957033, 79.589729 ], [ 20.9414235, 79.5935858 ], [ 20.9262921, 79.5951335 ], [ 20.9195997, 79.5989108 ], [ 20.9039975, 79.6006845 ], [ 20.8772569, 79.6016833 ], [ 20.8613615, 79.6039807 ], [ 20.84562, 79.6045994 ], [ 20.8325605, 79.6046047 ], [ 20.8079586, 79.6019597 ], [ 20.7950695, 79.6079863 ], [ 20.7239313, 79.6118135 ], [ 20.7029279, 79.6108065 ], [ 20.6696703, 79.6068532 ], [ 20.6573066, 79.6119759 ], [ 20.5941393, 79.6212842 ], [ 20.5744777, 79.6295263 ], [ 20.5741891, 79.6359192 ], [ 20.5605602, 79.6440911 ], [ 20.475256, 79.6644223 ], [ 20.4748672, 79.667037 ], [ 20.4804004, 79.6670265 ], [ 20.477084, 79.66991 ], [ 20.535693, 79.6762526 ], [ 20.7516268, 79.6853828 ], [ 20.7737449, 79.6889735 ], [ 20.7952009, 79.6885865 ], [ 20.8559699, 79.6919348 ], [ 20.9671144, 79.6955099 ], [ 20.987663, 79.6970336 ], [ 21.014026, 79.7011451 ], [ 21.0653282, 79.6994395 ], [ 21.1474344, 79.7030632 ], [ 21.1797231, 79.7055547 ], [ 21.1999089, 79.7056057 ], [ 21.2200899, 79.7040282 ], [ 21.2427031, 79.7050058 ], [ 21.3059372, 79.7040282 ], [ 21.3524956, 79.7052526 ], [ 21.3736269, 79.7080497 ], [ 21.4041548, 79.7066162 ], [ 21.4312094, 79.7067089 ], [ 21.441118, 79.7057509 ], [ 21.4470665, 79.7019053 ], [ 21.4783711, 79.6984934 ], [ 21.4974416, 79.6978498 ], [ 21.5407593, 79.6990083 ], [ 21.5740939, 79.6951379 ], [ 21.6031398, 79.69458 ], [ 21.6158109, 79.6957656 ], [ 21.6234134, 79.6981018 ], [ 21.6193494, 79.7010324 ], [ 21.6263653, 79.7022583 ], [ 21.6929969, 79.7051075 ], [ 21.8063985, 79.7147661 ], [ 21.8344607, 79.7287163 ], [ 21.8154485, 79.7415876 ], [ 21.7738944, 79.7499179 ], [ 21.7618635, 79.7510536 ], [ 21.7190021, 79.7503372 ], [ 21.7118096, 79.7529411 ], [ 21.6979252, 79.7525634 ], [ 21.6616529, 79.7591923 ], [ 21.6638491, 79.759887 ], [ 21.6738158, 79.758725 ], [ 21.6724455, 79.7618693 ], [ 21.680445, 79.7646242 ], [ 21.7171447, 79.7712115 ], [ 21.7097307, 79.7730842 ], [ 21.6969892, 79.7715936 ], [ 21.6865197, 79.7721114 ], [ 21.6927328, 79.7778009 ], [ 21.7248333, 79.7784173 ], [ 21.7511266, 79.7769637 ], [ 21.7612171, 79.7781444 ], [ 21.7582335, 79.7825391 ], [ 21.7487899, 79.7834014 ], [ 21.7100868, 79.78254 ], [ 21.6965777, 79.7874984 ], [ 21.6739941, 79.787449 ], [ 21.6647739, 79.7864071 ], [ 21.6630721, 79.7846338 ], [ 21.6756643, 79.780268 ], [ 21.6728479, 79.7784249 ], [ 21.6177517, 79.773406 ], [ 21.6246892, 79.7665582 ], [ 21.6166949, 79.7663053 ], [ 21.6077327, 79.7688202 ], [ 21.5910105, 79.768941 ], [ 21.5852596, 79.7709345 ], [ 21.5831447, 79.7725117 ], [ 21.5844136, 79.7733378 ], [ 21.5953512, 79.7749416 ], [ 21.5987999, 79.7780035 ], [ 21.5960686, 79.7808386 ], [ 21.6093713, 79.7836668 ], [ 21.6166681, 79.7905207 ], [ 21.6112148, 79.7992049 ], [ 21.6131608, 79.7998605 ], [ 21.6442837, 79.8031729 ], [ 21.6880955, 79.8046875 ], [ 21.6907005, 79.8050838 ], [ 21.6942167, 79.8059427 ], [ 21.6940511, 79.8061652 ], [ 21.6811876, 79.8100471 ], [ 21.6645505, 79.8118742 ], [ 21.6441798, 79.8180825 ], [ 21.6417156, 79.8184304 ], [ 21.6150658, 79.8201094 ], [ 21.6008081, 79.8206207 ], [ 21.5847697, 79.8205562 ], [ 21.5726305, 79.8186793 ], [ 21.474478, 79.8181103 ], [ 21.4214638, 79.822295 ], [ 21.4067578, 79.8212864 ], [ 21.3988748, 79.8184788 ], [ 21.3805772, 79.8163567 ], [ 21.3630713, 79.8165334 ], [ 21.3594064, 79.8151891 ], [ 21.3345853, 79.8139572 ], [ 21.299805, 79.8102412 ], [ 21.260825, 79.8048316 ], [ 21.2498543, 79.799396 ], [ 21.2484663, 79.8026541 ], [ 21.2247951, 79.8041 ], [ 21.1632272, 79.8028601 ], [ 21.1258754, 79.8032629 ], [ 21.0657166, 79.799439 ], [ 21.018827, 79.7997148 ], [ 20.9924449, 79.7964737 ], [ 20.9628466, 79.7953408 ], [ 20.9544712, 79.795948 ], [ 20.9504591, 79.8001275 ], [ 20.9384367, 79.801337 ], [ 20.930635, 79.7985346 ], [ 20.9149305, 79.7990236 ], [ 20.8894279, 79.7947607 ], [ 20.881254, 79.7954177 ], [ 20.8293219, 79.7910885 ], [ 20.8278185, 79.7910929 ], [ 20.8136984, 79.7913219 ], [ 20.8032622, 79.7922693 ], [ 20.7980393, 79.7940692 ], [ 20.7844239, 79.7950948 ], [ 20.7513098, 79.7959877 ], [ 20.7394733, 79.7972254 ], [ 20.737437, 79.8000547 ], [ 20.6857682, 79.8010845 ], [ 20.6740928, 79.8036205 ], [ 20.6606125, 79.8005354 ], [ 20.6405118, 79.7918943 ], [ 20.6028451, 79.7829685 ], [ 20.5472668, 79.7766857 ], [ 20.5398721, 79.7745305 ], [ 20.5199103, 79.7906348 ], [ 20.4763342, 79.7913353 ], [ 20.4677674, 79.7900952 ], [ 20.4586257, 79.7903211 ], [ 20.454023, 79.7885251 ], [ 20.443643, 79.7887489 ], [ 20.4394729, 79.7835346 ], [ 20.422947, 79.7811089 ], [ 20.4155368, 79.7780936 ], [ 20.3863729, 79.7748438 ], [ 20.3634388, 79.7754685 ], [ 20.354008, 79.7802149 ], [ 20.3133349, 79.7822111 ], [ 20.2883865, 79.7775601 ], [ 20.2603929, 79.7766867 ], [ 20.2165087, 79.7672328 ], [ 20.1535408, 79.7640221 ], [ 20.1098557, 79.7586905 ], [ 20.0091193, 79.7493796 ], [ 19.9386307, 79.7472394 ], [ 19.8974272, 79.7487999 ], [ 19.7986106, 79.7483553 ], [ 19.7710919, 79.749652 ], [ 19.7561264, 79.7480766 ], [ 19.7488167, 79.7495067 ], [ 19.6777663, 79.7425714 ], [ 19.6603006, 79.7424107 ], [ 19.6247706, 79.737482 ], [ 19.5843956, 79.7388093 ], [ 19.5660272, 79.7360069 ], [ 19.5574685, 79.7317796 ], [ 19.5539511, 79.7219256 ], [ 19.5403703, 79.7139865 ], [ 19.5335916, 79.7120814 ], [ 19.5235573, 79.7123647 ], [ 19.5187339, 79.7098875 ], [ 19.5103492, 79.7093173 ], [ 19.5034312, 79.7099001 ], [ 19.4993809, 79.712248 ], [ 19.5027455, 79.7158077 ], [ 19.4934022, 79.7174149 ], [ 19.5026428, 79.720571 ], [ 19.4861743, 79.7261056 ], [ 19.4997158, 79.7361741 ], [ 19.4904628, 79.7382427 ], [ 19.4875937, 79.741364 ], [ 19.5050865, 79.7450461 ], [ 19.5054852, 79.7481207 ], [ 19.4943523, 79.7497036 ], [ 19.5031199, 79.7528818 ], [ 19.495779, 79.755161 ], [ 19.4828486, 79.7567981 ], [ 19.4334317, 79.7585332 ], [ 19.4113903, 79.7624953 ], [ 19.3611034, 79.7633407 ], [ 19.3417789, 79.7606703 ], [ 19.3447437, 79.7596406 ], [ 19.3208349, 79.7591739 ], [ 19.325646, 79.7577204 ], [ 19.3065395, 79.7539564 ], [ 19.2937129, 79.7562115 ], [ 19.2696365, 79.7578963 ], [ 19.2575076, 79.7621635 ], [ 19.2417845, 79.7639365 ], [ 19.2181808, 79.7636493 ], [ 19.1952221, 79.7611409 ], [ 19.1762261, 79.7685531 ], [ 19.1579893, 79.7674775 ], [ 19.1523319, 79.7651629 ], [ 19.1066484, 79.766627 ], [ 19.1071078, 79.7623515 ], [ 19.0926018, 79.7613859 ], [ 19.0893266, 79.761933 ], [ 19.0966815, 79.7628343 ], [ 19.0921485, 79.7644436 ], [ 19.0688719, 79.7664653 ], [ 19.0608037, 79.7694165 ], [ 19.043364, 79.7700188 ], [ 19.0290127, 79.7693171 ], [ 19.0223833, 79.7668324 ], [ 18.9850205, 79.7626755 ], [ 18.959317, 79.764293 ], [ 18.9502422, 79.7620931 ], [ 18.9370323, 79.7620947 ], [ 18.929422, 79.7575672 ], [ 18.905182, 79.7544436 ], [ 18.8978165, 79.7487344 ], [ 18.8760483, 79.7465308 ], [ 18.8435012, 79.7454633 ], [ 18.8434665, 79.7419627 ], [ 18.8927345, 79.7345564 ], [ 18.8909655, 79.7327724 ], [ 18.8996804, 79.7305645 ], [ 18.8943619, 79.7281286 ], [ 18.8981212, 79.72703 ], [ 18.879414, 79.7264374 ], [ 18.8765993, 79.7246611 ], [ 18.8818322, 79.7223078 ], [ 18.8759046, 79.7178478 ], [ 18.9004054, 79.7143077 ], [ 18.8813571, 79.7132418 ], [ 18.8782699, 79.7163163 ], [ 18.8461405, 79.7173315 ], [ 18.8357948, 79.7161316 ], [ 18.8324494, 79.7132359 ], [ 18.8305776, 79.7131664 ], [ 18.8239816, 79.7146472 ], [ 18.8025397, 79.7135323 ], [ 18.7906239, 79.7140994 ], [ 18.7744427, 79.7126747 ], [ 18.7661364, 79.7133425 ], [ 18.7597415, 79.712393 ], [ 18.7517123, 79.7126551 ], [ 18.7343221, 79.7139132 ], [ 18.7217382, 79.7158219 ], [ 18.719681, 79.7166458 ], [ 18.7104934, 79.7217959 ], [ 18.7101485, 79.7223603 ], [ 18.7126435, 79.7246271 ], [ 18.7131832, 79.7248189 ], [ 18.7452409, 79.7326087 ], [ 18.7470042, 79.7329994 ], [ 18.7553751, 79.7332417 ], [ 18.7645065, 79.7380675 ], [ 18.7456555, 79.7400109 ], [ 18.7452567, 79.7423899 ], [ 18.7341263, 79.7447397 ], [ 18.7287163, 79.7529984 ], [ 18.7351573, 79.7529492 ], [ 18.7598712, 79.7465525 ], [ 18.7738317, 79.7463045 ], [ 18.7720524, 79.7447594 ], [ 18.7915685, 79.7415397 ], [ 18.8098747, 79.7414817 ], [ 18.7989823, 79.7455748 ], [ 18.7737261, 79.7467217 ], [ 18.7851996, 79.749669 ], [ 18.7804656, 79.7536013 ], [ 18.7685425, 79.7563689 ], [ 18.7723405, 79.7600369 ], [ 18.7639793, 79.7627916 ], [ 18.7405328, 79.7641196 ], [ 18.7300426, 79.766 ], [ 18.7120105, 79.7711024 ], [ 18.7095437, 79.776967 ], [ 18.6992577, 79.779303 ], [ 18.6944196, 79.7854185 ], [ 18.6741601, 79.7916948 ], [ 18.6687051, 79.7969549 ], [ 18.6541526, 79.7980653 ], [ 18.6545401, 79.800069 ], [ 18.6323112, 79.8053321 ], [ 18.6123178, 79.8053849 ], [ 18.5992821, 79.8025532 ], [ 18.5975311, 79.7988992 ], [ 18.583196, 79.8021109 ], [ 18.5689346, 79.803035 ], [ 18.5595781, 79.8004376 ], [ 18.5764828, 79.7975252 ], [ 18.5985479, 79.7970778 ], [ 18.6143697, 79.7953463 ], [ 18.6217614, 79.7899507 ], [ 18.6598607, 79.7765223 ], [ 18.6495726, 79.7775737 ], [ 18.6400126, 79.7762833 ], [ 18.620926, 79.7775958 ], [ 18.5845866, 79.786396 ], [ 18.5810012, 79.7901995 ], [ 18.5602205, 79.788913 ], [ 18.5428671, 79.7948976 ], [ 18.5212872, 79.7939889 ], [ 18.5288392, 79.7872539 ], [ 18.5271688, 79.7828665 ], [ 18.5226184, 79.7823524 ], [ 18.5111232, 79.786377 ], [ 18.5194517, 79.7919248 ], [ 18.5112355, 79.7950414 ], [ 18.5018023, 79.7960002 ], [ 18.4941174, 79.7926615 ], [ 18.4878292, 79.7923048 ], [ 18.4955078, 79.7855942 ], [ 18.4884549, 79.7845565 ], [ 18.4823647, 79.7795742 ], [ 18.4634944, 79.7779675 ], [ 18.44832, 79.7798705 ], [ 18.4427372, 79.7848873 ], [ 18.4525938, 79.7856822 ], [ 18.4576946, 79.7890522 ], [ 18.4430497, 79.7925406 ], [ 18.4511849, 79.7923791 ], [ 18.4578384, 79.7936648 ], [ 18.4625387, 79.799529 ], [ 18.4293107, 79.8041213 ], [ 18.4117224, 79.8042067 ], [ 18.4024574, 79.8055516 ], [ 18.3894639, 79.8198323 ], [ 18.3717724, 79.8216789 ], [ 18.3060101, 79.8242387 ], [ 18.2915159, 79.8342682 ], [ 18.2869546, 79.8356692 ], [ 18.2709041, 79.8354865 ], [ 18.2563769, 79.8468912 ], [ 18.2542493, 79.8632969 ], [ 18.2484155, 79.8648649 ], [ 18.2457048, 79.8717539 ], [ 18.2128028, 79.8818271 ], [ 18.1999874, 79.8831775 ], [ 18.204349, 79.8864605 ], [ 18.191666, 79.8921791 ], [ 18.1484739, 79.8969657 ], [ 18.1164849, 79.8959957 ], [ 18.1080399, 79.8927234 ], [ 18.0819983, 79.8993033 ], [ 18.079635, 79.903933 ], [ 18.0852042, 79.9051214 ], [ 18.094444, 79.9034714 ], [ 18.1349205, 79.9055181 ], [ 18.1295021, 79.9041612 ], [ 18.1414965, 79.9037163 ], [ 18.1436555, 79.9052628 ], [ 18.1374691, 79.9059809 ], [ 18.1440924, 79.9093455 ], [ 18.1568369, 79.9093002 ], [ 18.1745493, 79.9125698 ], [ 18.17544, 79.917634 ], [ 18.1664315, 79.9184951 ], [ 18.1735721, 79.924105 ], [ 18.189606, 79.9254065 ], [ 18.2075047, 79.9314502 ], [ 18.2118914, 79.9365196 ], [ 18.2307754, 79.9391278 ], [ 18.2493447, 79.936184 ], [ 18.28125, 79.938337 ], [ 18.2965883, 79.9412999 ], [ 18.3070511, 79.9394077 ], [ 18.320977, 79.9403749 ], [ 18.3340281, 79.9384396 ], [ 18.3612092, 79.93927 ], [ 18.3694502, 79.9423859 ], [ 18.3964607, 79.9439855 ], [ 18.4245784, 79.9511405 ], [ 18.4364198, 79.9509532 ], [ 18.4900143, 79.9547195 ], [ 18.5658447, 79.9551606 ], [ 18.5798424, 79.9568126 ], [ 18.6036174, 79.9545975 ], [ 18.6136709, 79.9558284 ], [ 18.6213654, 79.9548734 ], [ 18.6335865, 79.955146 ], [ 18.6337954, 79.9575613 ], [ 18.6419297, 79.9589676 ], [ 18.6662418, 79.958405 ], [ 18.6751629, 79.9569392 ], [ 18.6808778, 79.9612929 ], [ 18.6436207, 79.9598531 ], [ 18.6148425, 79.9616262 ], [ 18.6063561, 79.9650695 ], [ 18.6137825, 79.9673579 ], [ 18.6323866, 79.9692217 ], [ 18.6624426, 79.9688309 ], [ 18.6700835, 79.9702171 ], [ 18.6822571, 79.9699833 ], [ 18.7034991, 79.9732933 ], [ 18.6988266, 79.9755846 ], [ 18.6787068, 79.9760196 ], [ 18.6702375, 79.9773061 ], [ 18.6739174, 79.982838 ], [ 18.6671863, 79.9845246 ], [ 18.6361628, 79.9865777 ], [ 18.6208825, 79.9857149 ], [ 18.5991609, 79.9831873 ], [ 18.5797615, 79.9763556 ], [ 18.5612605, 79.9767966 ], [ 18.5679196, 79.9784225 ], [ 18.5727276, 79.9880071 ], [ 18.5882534, 79.9896291 ], [ 18.6138434, 79.9890383 ], [ 18.6375052, 79.9921039 ], [ 18.6442176, 79.9997823 ], [ 18.6179928, 80.0109636 ], [ 18.6324155, 80.0131229 ], [ 18.6401966, 80.0116318 ], [ 18.6672601, 79.9973725 ], [ 18.6522796, 79.9928622 ], [ 18.6598455, 79.9867843 ], [ 18.7315902, 79.9840238 ], [ 18.7206004, 79.9784045 ], [ 18.7216283, 79.9760483 ], [ 18.8003184, 79.972797 ] ], [ [ 22.3436594, 80.0424494 ], [ 22.3458061, 80.0412385 ], [ 22.341796, 80.0411772 ], [ 22.3386924, 80.0419869 ], [ 22.3395762, 80.0424135 ], [ 22.3436594, 80.0424494 ] ], [ [ 22.3064498, 80.0593607 ], [ 22.3077071, 80.0600141 ], [ 22.3183124, 80.0612354 ], [ 22.3356837, 80.0575447 ], [ 22.3647723, 80.0552595 ], [ 22.3710188, 80.0541937 ], [ 22.380824, 80.0521924 ], [ 22.386656, 80.0495493 ], [ 22.3874969, 80.0487957 ], [ 22.3871865, 80.0482012 ], [ 22.3692117, 80.0444802 ], [ 22.3467122, 80.0427412 ], [ 22.3448004, 80.0428644 ], [ 22.3539397, 80.04454 ], [ 22.351772, 80.0456182 ], [ 22.3232322, 80.0475416 ], [ 22.3100973, 80.0503103 ], [ 22.3093488, 80.050741 ], [ 22.3135746, 80.0548295 ], [ 22.3064498, 80.0593607 ] ], [ [ 22.4646362, 80.0583441 ], [ 22.4634521, 80.0584733 ], [ 22.4632251, 80.0586762 ], [ 22.4636021, 80.0588812 ], [ 22.4674482, 80.0588812 ], [ 22.4678252, 80.0586762 ], [ 22.4675983, 80.0584733 ], [ 22.4664143, 80.0583441 ], [ 22.4646362, 80.0583441 ] ], [ [ 22.3650125, 80.0830554 ], [ 22.3604246, 80.0834504 ], [ 22.3478227, 80.0860341 ], [ 22.3510098, 80.0858613 ], [ 22.3787121, 80.0855159 ], [ 22.3805283, 80.0833073 ], [ 22.3795038, 80.0828938 ], [ 22.3650125, 80.0830554 ] ], [ [ 22.0481895, 80.1212755 ], [ 22.0460505, 80.1221746 ], [ 22.0510319, 80.1220239 ], [ 22.0515382, 80.1214315 ], [ 22.0481895, 80.1212755 ] ], [ [ 22.3167965, 80.1254028 ], [ 22.3120112, 80.1255617 ], [ 22.3072681, 80.1266667 ], [ 22.3064044, 80.1270694 ], [ 22.3013355, 80.1307878 ], [ 22.3016993, 80.1311867 ], [ 22.3067963, 80.1312755 ], [ 22.3186086, 80.1256037 ], [ 22.3167965, 80.1254028 ] ], [ [ 22.0713151, 80.1442506 ], [ 22.0696152, 80.1428434 ], [ 22.0698026, 80.1376394 ], [ 22.0692281, 80.137349 ], [ 22.0479881, 80.1345756 ], [ 22.0392371, 80.1316338 ], [ 22.0443887, 80.1267153 ], [ 22.0386755, 80.1233135 ], [ 22.0442334, 80.1228151 ], [ 22.0410866, 80.1221567 ], [ 22.0316418, 80.1220076 ], [ 22.0209709, 80.1238155 ], [ 22.0153766, 80.1270247 ], [ 22.0149072, 80.1281511 ], [ 22.0180175, 80.132755 ], [ 22.0183998, 80.1330285 ], [ 22.0640436, 80.1437005 ], [ 22.0652595, 80.1461962 ], [ 22.0713151, 80.1442506 ] ], [ [ 22.3404539, 80.1423289 ], [ 22.33404, 80.141771 ], [ 22.319483, 80.1417572 ], [ 22.3179967, 80.1419104 ], [ 22.3013619, 80.1451721 ], [ 22.3311039, 80.1518219 ], [ 22.3518187, 80.1524941 ], [ 22.3541698, 80.1522495 ], [ 22.3555251, 80.1466776 ], [ 22.3512146, 80.1445851 ], [ 22.3404539, 80.1423289 ] ], [ [ 30.3762094, 79.0021638 ], [ 30.3747143, 79.0021483 ], [ 30.3733329, 79.0022388 ], [ 30.3725609, 79.002399 ], [ 30.37249, 79.0026028 ], [ 30.372869, 79.0028009 ], [ 30.3748854, 79.0026224 ], [ 30.3763043, 79.0025656 ], [ 30.376985, 79.0023611 ], [ 30.3762094, 79.0021638 ] ], [ [ 30.4117945, 79.0124984 ], [ 30.4121048, 79.0129008 ], [ 30.4132752, 79.0133711 ], [ 30.4162908, 79.0129524 ], [ 30.4152745, 79.0126216 ], [ 30.4138417, 79.012359 ], [ 30.4124819, 79.0123029 ], [ 30.4117945, 79.0124984 ] ], [ [ 30.4025495, 79.01516 ], [ 30.4013091, 79.0154561 ], [ 30.4013202, 79.0158567 ], [ 30.4041889, 79.0158609 ], [ 30.4053372, 79.0154943 ], [ 30.4054989, 79.0152107 ], [ 30.4044021, 79.0150803 ], [ 30.4025495, 79.01516 ] ], [ [ 26.6771793, 79.7025114 ], [ 26.6879034, 79.7050024 ], [ 26.6941025, 79.7016001 ], [ 26.6917614, 79.7010591 ], [ 26.6863145, 79.7009485 ], [ 26.6774668, 79.702165 ], [ 26.6771793, 79.7025114 ] ], [ [ 26.6581513, 79.7029479 ], [ 26.674952, 79.7016597 ], [ 26.6768372, 79.7007796 ], [ 26.676761, 79.7005033 ], [ 26.6699107, 79.6994981 ], [ 26.6577692, 79.7000262 ], [ 26.6555218, 79.6993275 ], [ 26.6496502, 79.698487 ], [ 26.6483936, 79.6987503 ], [ 26.6519161, 79.7004318 ], [ 26.6486917, 79.702287 ], [ 26.6465623, 79.7023408 ], [ 26.6435095, 79.6990004 ], [ 26.6418766, 79.6993588 ], [ 26.6321485, 79.705247 ], [ 26.6472147, 79.7075388 ], [ 26.6515033, 79.7136693 ], [ 26.6590366, 79.7162975 ], [ 26.6684107, 79.7150609 ], [ 26.666651, 79.7127317 ], [ 26.672666, 79.7141258 ], [ 26.6776351, 79.7134159 ], [ 26.6672213, 79.7113515 ], [ 26.6649171, 79.7082562 ], [ 26.6661932, 79.706461 ], [ 26.6752082, 79.7057768 ], [ 26.6570655, 79.7052197 ], [ 26.6581513, 79.7029479 ] ], [ [ 26.6440924, 79.7100945 ], [ 26.6452714, 79.7097343 ], [ 26.6455749, 79.7093683 ], [ 26.6450396, 79.7089329 ], [ 26.6440736, 79.7084559 ], [ 26.6423236, 79.7081748 ], [ 26.6399499, 79.7081565 ], [ 26.6384881, 79.7083718 ], [ 26.6383674, 79.7087409 ], [ 26.6391054, 79.7091037 ], [ 26.6399699, 79.7094154 ], [ 26.6408138, 79.7096897 ], [ 26.6414289, 79.7099274 ], [ 26.6419944, 79.7101256 ], [ 26.6440924, 79.7100945 ] ], [ [ 26.9616562, 79.7742193 ], [ 26.9629017, 79.7743661 ], [ 26.9643838, 79.7745298 ], [ 26.9671021, 79.7741785 ], [ 26.9660563, 79.7737474 ], [ 26.9647018, 79.7732656 ], [ 26.9634217, 79.7728375 ], [ 26.9616435, 79.772615 ], [ 26.9592983, 79.7726248 ], [ 26.9578156, 79.7728353 ], [ 26.9576191, 79.7731436 ], [ 26.9583663, 79.7733645 ], [ 26.9594562, 79.7735099 ], [ 26.9602849, 79.7737168 ], [ 26.960853, 79.7740027 ], [ 26.9616562, 79.7742193 ] ], [ [ 27.011552, 79.7912501 ], [ 27.00995, 79.7910399 ], [ 27.00752, 79.7910492 ], [ 27.005954, 79.7913142 ], [ 27.0056221, 79.7917655 ], [ 27.0059968, 79.7921851 ], [ 27.0084604, 79.7919158 ], [ 27.0105782, 79.7917956 ], [ 27.0117329, 79.791568 ], [ 27.011552, 79.7912501 ] ], [ [ 28.0864292, 80.0446723 ], [ 28.0852453, 80.0448014 ], [ 28.0850182, 80.0450042 ], [ 28.0853952, 80.0452094 ], [ 28.0892411, 80.0452094 ], [ 28.0896183, 80.0450042 ], [ 28.0893914, 80.0448014 ], [ 28.0882072, 80.0446723 ], [ 28.0864292, 80.0446723 ] ], [ [ 28.1783952, 80.0577737 ], [ 28.1777616, 80.058019 ], [ 28.1790947, 80.0584702 ], [ 28.1823097, 80.0586267 ], [ 28.1826448, 80.0583107 ], [ 28.1822338, 80.0579766 ], [ 28.1806014, 80.0577701 ], [ 28.1783952, 80.0577737 ] ], [ [ 28.1484832, 80.1167026 ], [ 28.1601381, 80.1169426 ], [ 28.1647305, 80.1184386 ], [ 28.1708747, 80.1169841 ], [ 28.2121485, 80.1150568 ], [ 28.2157555, 80.1118799 ], [ 28.2289847, 80.1102424 ], [ 28.2509421, 80.1098803 ], [ 28.2538272, 80.1096107 ], [ 28.2582383, 80.1083413 ], [ 28.260812, 80.1069869 ], [ 28.2609239, 80.1058021 ], [ 28.2497725, 80.096735 ], [ 28.2441301, 80.0963582 ], [ 28.2407883, 80.0934048 ], [ 28.2511148, 80.0903314 ], [ 28.2638247, 80.089604 ], [ 28.2570457, 80.0869148 ], [ 28.2632213, 80.0840663 ], [ 28.2572985, 80.0825315 ], [ 28.2286218, 80.0838184 ], [ 28.2265024, 80.082211 ], [ 28.2069554, 80.0790541 ], [ 28.2139955, 80.0757608 ], [ 28.2024661, 80.0706089 ], [ 28.2194906, 80.0657618 ], [ 28.1995347, 80.0650163 ], [ 28.194576, 80.0634899 ], [ 28.1862435, 80.0637212 ], [ 28.1772259, 80.0624095 ], [ 28.1702342, 80.0550127 ], [ 28.1477818, 80.0525513 ], [ 28.1287585, 80.0494337 ], [ 28.1285104, 80.048232 ], [ 28.1152936, 80.0492409 ], [ 28.1061244, 80.0480589 ], [ 28.0802444, 80.0475456 ], [ 28.0497777, 80.0495166 ], [ 28.0423825, 80.0434951 ], [ 28.0342597, 80.0496827 ], [ 28.0148422, 80.049391 ], [ 28.0151356, 80.0521332 ], [ 27.9981898, 80.0542418 ], [ 27.9912765, 80.0579253 ], [ 27.9529967, 80.0608402 ], [ 27.9342434, 80.0654534 ], [ 27.9195828, 80.0838363 ], [ 27.9129701, 80.0861163 ], [ 27.8934484, 80.0871992 ], [ 27.9034624, 80.0914195 ], [ 27.8944871, 80.0952532 ], [ 27.8911144, 80.1044708 ], [ 27.8832587, 80.1086906 ], [ 27.8687572, 80.1119465 ], [ 27.8721368, 80.1152534 ], [ 27.8838062, 80.1162374 ], [ 27.8794479, 80.1209751 ], [ 27.8879262, 80.1244552 ], [ 27.9772629, 80.1383024 ], [ 27.9761579, 80.1422647 ], [ 27.976557, 80.1425765 ], [ 27.9852517, 80.1427071 ], [ 27.9929389, 80.1422611 ], [ 27.9996941, 80.1409779 ], [ 27.9943103, 80.1401854 ], [ 27.9951205, 80.1386626 ], [ 27.997853, 80.1378688 ], [ 28.0093699, 80.1364794 ], [ 28.0172566, 80.1360812 ], [ 28.0229816, 80.1360806 ], [ 28.0306315, 80.136516 ], [ 28.0301116, 80.1377327 ], [ 28.0383636, 80.1376466 ], [ 28.0413471, 80.1349109 ], [ 28.0337682, 80.1337959 ], [ 28.0380507, 80.1273717 ], [ 28.0855581, 80.1193376 ], [ 28.1484832, 80.1167026 ] ], [ [ 25.8568172, 80.1732523 ], [ 25.8678843, 80.1738961 ], [ 25.8697681, 80.1736547 ], [ 25.8667068, 80.1724478 ], [ 25.8563462, 80.1722466 ], [ 25.8546979, 80.172649 ], [ 25.8568172, 80.1732523 ] ], [ [ 33.4903501, 80.2238845 ], [ 33.4760259, 80.2173078 ], [ 33.4499433, 80.2139282 ], [ 33.4691201, 80.1984786 ], [ 33.4581962, 80.1899492 ], [ 33.468172, 80.1874065 ], [ 33.478484, 80.1870524 ], [ 33.4791873, 80.1853251 ], [ 33.4676697, 80.1851749 ], [ 33.4515908, 80.1815807 ], [ 33.4416829, 80.1784425 ], [ 33.446401, 80.1739364 ], [ 33.4322468, 80.173695 ], [ 33.4195079, 80.1720052 ], [ 33.4147897, 80.1708786 ], [ 33.3707708, 80.15625 ], [ 33.3662945, 80.1542544 ], [ 33.3597836, 80.1495122 ], [ 33.3610044, 80.1487451 ], [ 33.3890826, 80.1421897 ], [ 33.3886758, 80.1414227 ], [ 33.3736193, 80.1403069 ], [ 33.3626322, 80.1402372 ], [ 33.3353677, 80.1444215 ], [ 33.3264153, 80.1452583 ], [ 33.3064756, 80.1462346 ], [ 33.2967092, 80.1463042 ], [ 33.2079982, 80.1421201 ], [ 33.167712, 80.1421201 ], [ 33.1505036, 80.1390516 ], [ 33.1139498, 80.1361924 ], [ 33.1013592, 80.1337516 ], [ 33.0684608, 80.1332633 ], [ 33.0298764, 80.1287305 ], [ 32.9709842, 80.125941 ], [ 32.9368674, 80.122454 ], [ 32.8995013, 80.1217567 ], [ 32.8722889, 80.1200134 ], [ 32.7971508, 80.122454 ], [ 32.7703447, 80.1218961 ], [ 32.7439448, 80.1193159 ], [ 32.7123867, 80.1193815 ], [ 32.6714416, 80.1164417 ], [ 32.6370275, 80.1109474 ], [ 32.5116769, 80.1048105 ], [ 32.4770629, 80.1047542 ], [ 32.4593461, 80.1032763 ], [ 32.4293267, 80.1027882 ], [ 32.4001189, 80.1048105 ], [ 32.3348067, 80.1050895 ], [ 32.3092498, 80.1039737 ], [ 32.2641608, 80.1011145 ], [ 32.2196282, 80.0967211 ], [ 32.1572827, 80.084517 ], [ 32.1135598, 80.0820761 ], [ 32.0580966, 80.072034 ], [ 32.0172077, 80.06778 ], [ 31.9844157, 80.0621312 ], [ 31.8749173, 80.0546693 ], [ 31.794558, 80.0506943 ], [ 31.7561957, 80.0463706 ], [ 31.7481194, 80.0428838 ], [ 31.7259095, 80.0431627 ], [ 31.7174295, 80.0418376 ], [ 31.7049112, 80.0435811 ], [ 31.6822975, 80.0437206 ], [ 31.6512181, 80.0408936 ], [ 31.6225328, 80.0450456 ], [ 31.6051689, 80.0460916 ], [ 31.5958812, 80.0492297 ], [ 31.5882086, 80.0506943 ], [ 31.5633636, 80.0539398 ], [ 31.5587302, 80.0559247 ], [ 31.5454043, 80.0569707 ], [ 31.5312707, 80.0604575 ], [ 31.524002, 80.0659668 ], [ 31.5195425, 80.0678443 ], [ 31.4950402, 80.07573 ], [ 31.4865254, 80.0776129 ], [ 31.4597641, 80.0824248 ], [ 31.4309756, 80.0827038 ], [ 31.4247324, 80.0867879 ], [ 31.4240825, 80.0880736 ], [ 31.4269207, 80.0914907 ], [ 31.4504381, 80.0928158 ], [ 31.4536819, 80.0961632 ], [ 31.466657, 80.0978369 ], [ 31.4471945, 80.1028579 ], [ 31.4525341, 80.1067256 ], [ 31.4433116, 80.1083672 ], [ 31.470587, 80.1171541 ], [ 31.4750651, 80.1215475 ], [ 31.487685, 80.1236397 ], [ 31.5125434, 80.1432037 ], [ 31.5121107, 80.1486754 ], [ 31.5332797, 80.1513253 ], [ 31.5426188, 80.15625 ], [ 31.5450392, 80.1580846 ], [ 31.5502086, 80.159372 ], [ 31.587694, 80.1665335 ], [ 31.6245658, 80.1758676 ], [ 31.6434743, 80.1839947 ], [ 31.6482015, 80.1847994 ], [ 31.6641988, 80.1858615 ], [ 31.685546, 80.1903516 ], [ 31.7295083, 80.1942139 ], [ 31.7791435, 80.2026629 ], [ 31.859032, 80.2091807 ], [ 31.8892858, 80.21425 ], [ 31.9020489, 80.2140086 ], [ 31.9143395, 80.218032 ], [ 31.9379754, 80.2183537 ], [ 31.9668267, 80.2243888 ], [ 31.9877489, 80.2268028 ], [ 32.0029652, 80.2271246 ], [ 32.0262649, 80.2329987 ], [ 32.0619279, 80.2354931 ], [ 32.0705878, 80.2397631 ], [ 32.1056743, 80.2480459 ], [ 32.1123315, 80.2559316 ], [ 32.1294496, 80.2566558 ], [ 32.1527494, 80.2603571 ], [ 32.1727206, 80.2610009 ], [ 32.1795636, 80.2637959 ], [ 32.2568851, 80.2753239 ], [ 32.2949255, 80.279669 ], [ 32.3513505, 80.2845776 ], [ 32.4911677, 80.2901297 ], [ 32.5827887, 80.3008317 ], [ 32.5880103, 80.3013037 ], [ 32.6095113, 80.3020387 ], [ 32.6429148, 80.3053379 ], [ 32.6987463, 80.3063838 ], [ 32.7430433, 80.3112602 ], [ 32.8327991, 80.3149509 ], [ 32.9115953, 80.3137063 ], [ 32.9788855, 80.3108096 ], [ 33.0490688, 80.3058528 ], [ 33.1292145, 80.2964866 ], [ 33.1468722, 80.2935898 ], [ 33.1721658, 80.2885205 ], [ 33.2007998, 80.280876 ], [ 33.2213207, 80.2781403 ], [ 33.2242641, 80.2770996 ], [ 33.2217981, 80.2714616 ], [ 33.2265704, 80.2688062 ], [ 33.2555093, 80.263254 ], [ 33.2630969, 80.2601963 ], [ 33.2633932, 80.2555561 ], [ 33.2555093, 80.2528738 ], [ 33.2621484, 80.2503794 ], [ 33.2939218, 80.2498161 ], [ 33.3138394, 80.2465169 ], [ 33.4029946, 80.2375853 ], [ 33.4347678, 80.2371829 ], [ 33.4524894, 80.2406449 ], [ 33.4537371, 80.2334009 ], [ 33.5096962, 80.2305847 ], [ 33.5187066, 80.2284122 ], [ 33.5187066, 80.2274115 ], [ 33.5163354, 80.2264004 ], [ 33.5101703, 80.2254348 ], [ 33.4903501, 80.2238845 ] ], [ [ 25.9125634, 80.1791669 ], [ 25.9108343, 80.1806505 ], [ 25.9250833, 80.1832852 ], [ 25.9465795, 80.1848063 ], [ 25.9469182, 80.1844033 ], [ 25.9418997, 80.1814101 ], [ 25.9279841, 80.1788362 ], [ 25.9125634, 80.1791669 ] ], [ [ 26.0364034, 80.1752244 ], [ 26.0307298, 80.1772753 ], [ 26.0484484, 80.1800436 ], [ 26.0545636, 80.1819531 ], [ 26.0562396, 80.1829499 ], [ 26.0549507, 80.1907058 ], [ 26.0576946, 80.1915742 ], [ 26.0595459, 80.192009 ], [ 26.0814379, 80.1947249 ], [ 26.1224788, 80.1902306 ], [ 26.130445, 80.1907536 ], [ 26.1350839, 80.1887441 ], [ 26.1202064, 80.1869807 ], [ 26.1171942, 80.1844316 ], [ 26.1220134, 80.1822648 ], [ 26.1085854, 80.1793119 ], [ 26.0391361, 80.175018 ], [ 26.0364034, 80.1752244 ] ], [ [ 25.6835361, 80.2180831 ], [ 25.6656088, 80.2153406 ], [ 25.65996, 80.2154225 ], [ 25.6569362, 80.2156198 ], [ 25.6521342, 80.2203656 ], [ 25.6546243, 80.2224123 ], [ 25.6754822, 80.2232141 ], [ 25.6900467, 80.2199039 ], [ 25.6905215, 80.2194372 ], [ 25.6835361, 80.2180831 ] ], [ [ 19.6763744, 79.3000382 ], [ 19.6790459, 79.3001561 ], [ 19.7097718, 79.2995095 ], [ 19.7220308, 79.2977403 ], [ 19.7444974, 79.296566 ], [ 19.7702467, 79.2953429 ], [ 19.7708237, 79.2942557 ], [ 19.7661988, 79.29356 ], [ 19.7387764, 79.2916435 ], [ 19.7275825, 79.2920897 ], [ 19.7139009, 79.2909353 ], [ 19.7071161, 79.2907763 ], [ 19.6930307, 79.2927247 ], [ 19.6769762, 79.2967373 ], [ 19.6758744, 79.297172 ], [ 19.6746941, 79.2992901 ], [ 19.6763744, 79.3000382 ] ], [ [ 19.616841, 79.300033 ], [ 19.5762219, 79.3001152 ], [ 19.57108, 79.3006136 ], [ 19.5710688, 79.3009425 ], [ 19.592289, 79.3027049 ], [ 19.5963531, 79.3023387 ], [ 19.6160989, 79.3020678 ], [ 19.6277999, 79.3007317 ], [ 19.616841, 79.300033 ] ], [ [ 19.4763128, 79.310029 ], [ 19.4824769, 79.3089696 ], [ 19.499867, 79.3063267 ], [ 19.4829293, 79.3042479 ], [ 19.4816912, 79.3041738 ], [ 19.4719964, 79.3068578 ], [ 19.4763128, 79.310029 ] ], [ [ 19.5027328, 79.3155637 ], [ 19.5014085, 79.3151253 ], [ 19.4659193, 79.3125706 ], [ 19.4546219, 79.3145639 ], [ 19.4525005, 79.3171901 ], [ 19.4538165, 79.3180764 ], [ 19.4643943, 79.3176194 ], [ 19.482118, 79.317416 ], [ 19.4961506, 79.3167762 ], [ 19.5001227, 79.3165529 ], [ 19.5027328, 79.3155637 ] ], [ [ 19.1917099, 79.3202167 ], [ 19.200821, 79.3196876 ], [ 19.1989647, 79.318283 ], [ 19.1954958, 79.3177906 ], [ 19.1681858, 79.3164757 ], [ 19.1612483, 79.3167008 ], [ 19.1465005, 79.3183104 ], [ 19.1420934, 79.3212667 ], [ 19.1493241, 79.3226876 ], [ 19.1692917, 79.3227888 ], [ 19.1769257, 79.322376 ], [ 19.1825877, 79.3207427 ], [ 19.1917099, 79.3202167 ] ], [ [ 19.5429209, 79.3231505 ], [ 19.5558211, 79.3220279 ], [ 19.5809358, 79.3196591 ], [ 19.5798575, 79.3195006 ], [ 19.5322322, 79.3172138 ], [ 19.5253514, 79.3186402 ], [ 19.5429209, 79.3231505 ] ], [ [ 19.3818624, 79.3530623 ], [ 19.3883247, 79.3550726 ], [ 19.3943874, 79.3518947 ], [ 19.3782175, 79.3500961 ], [ 19.3615446, 79.3506933 ], [ 19.3626688, 79.3576335 ], [ 19.3674527, 79.3577553 ], [ 19.380567, 79.3534395 ], [ 19.3818624, 79.3530623 ] ], [ [ 19.413799, 79.3558382 ], [ 19.4129477, 79.3561317 ], [ 19.4131515, 79.3565356 ], [ 19.4156578, 79.3566157 ], [ 19.4160141, 79.3562967 ], [ 19.4158889, 79.3559651 ], [ 19.4150593, 79.3557808 ], [ 19.413799, 79.3558382 ] ], [ [ 19.2930197, 79.3560014 ], [ 19.2764245, 79.3587756 ], [ 19.2759454, 79.3596901 ], [ 19.27698, 79.360049 ], [ 19.3119617, 79.3576633 ], [ 19.3136019, 79.3574961 ], [ 19.3295017, 79.3538193 ], [ 19.2930197, 79.3560014 ] ], [ [ 19.4844692, 79.3605064 ], [ 19.4835082, 79.3595759 ], [ 19.4800556, 79.3595228 ], [ 19.4657185, 79.3616946 ], [ 19.4763625, 79.3621838 ], [ 19.4844692, 79.3605064 ] ], [ [ 19.5021209, 79.3841243 ], [ 19.513514, 79.3842496 ], [ 19.514591, 79.3835444 ], [ 19.5144927, 79.3828368 ], [ 19.5104827, 79.3823045 ], [ 19.4915394, 79.382724 ], [ 19.5021209, 79.3841243 ] ], [ [ 19.5143569, 79.4023575 ], [ 19.5100852, 79.4021521 ], [ 19.4950885, 79.4040684 ], [ 19.4903024, 79.4085656 ], [ 19.4528337, 79.4124733 ], [ 19.4605165, 79.4152268 ], [ 19.4974881, 79.4123847 ], [ 19.4966688, 79.408397 ], [ 19.523858, 79.4041148 ], [ 19.5143569, 79.4023575 ] ], [ [ 19.6549743, 79.4227414 ], [ 19.6400419, 79.4216911 ], [ 19.6336396, 79.4194413 ], [ 19.5708768, 79.4216325 ], [ 19.5717334, 79.4184159 ], [ 19.5446053, 79.4195595 ], [ 19.5197328, 79.4183413 ], [ 19.5098726, 79.4183037 ], [ 19.5132749, 79.4204808 ], [ 19.5079432, 79.4228302 ], [ 19.5122977, 79.4258837 ], [ 19.5081478, 79.4299513 ], [ 19.5149313, 79.4349304 ], [ 19.5210838, 79.4364491 ], [ 19.5368303, 79.438616 ], [ 19.5448788, 79.4384748 ], [ 19.5535535, 79.4373095 ], [ 19.5640919, 79.4327826 ], [ 19.5713524, 79.4321365 ], [ 19.5962986, 79.4295392 ], [ 19.6448566, 79.4306844 ], [ 19.646349, 79.430586 ], [ 19.6584169, 79.4292966 ], [ 19.6595896, 79.4289811 ], [ 19.6633481, 79.4273072 ], [ 19.6634705, 79.4248267 ], [ 19.6587362, 79.4233875 ], [ 19.6549743, 79.4227414 ] ], [ [ 18.8409601, 79.4458742 ], [ 18.8443648, 79.4458677 ], [ 18.8516809, 79.4438457 ], [ 18.8508003, 79.4429199 ], [ 18.8495618, 79.4427722 ], [ 18.840681, 79.4455016 ], [ 18.8409601, 79.4458742 ] ], [ [ 19.563953, 79.4511389 ], [ 19.5683395, 79.450828 ], [ 19.5727066, 79.4508179 ], [ 19.5728338, 79.4501128 ], [ 19.5696822, 79.4498167 ], [ 19.5558807, 79.449827 ], [ 19.563953, 79.4511389 ] ], [ [ 19.6091934, 79.4749684 ], [ 19.5967886, 79.4731392 ], [ 19.5860748, 79.4729954 ], [ 19.5707637, 79.4732178 ], [ 19.5983725, 79.4753675 ], [ 19.6091934, 79.4749684 ] ], [ [ 20.7582542, 79.3215082 ], [ 20.7597368, 79.322331 ], [ 20.7729917, 79.3245085 ], [ 20.7755234, 79.3227005 ], [ 20.7750095, 79.3221246 ], [ 20.7708483, 79.321112 ], [ 20.7625976, 79.3198248 ], [ 20.7582542, 79.3215082 ] ], [ [ 20.5989376, 79.3446183 ], [ 20.5545876, 79.35452 ], [ 20.6123383, 79.3458447 ], [ 20.6179676, 79.3444566 ], [ 20.6287277, 79.3432219 ], [ 20.6322376, 79.3430119 ], [ 20.6429213, 79.3438128 ], [ 20.6521637, 79.3430709 ], [ 20.6600912, 79.3391984 ], [ 20.6513959, 79.3361377 ], [ 20.641873, 79.3361425 ], [ 20.6240329, 79.3395293 ], [ 20.6199324, 79.3428817 ], [ 20.5989376, 79.3446183 ] ], [ [ 20.0541731, 79.3610198 ], [ 20.0679805, 79.3579941 ], [ 20.0697958, 79.3544012 ], [ 20.0765873, 79.3533823 ], [ 20.0746531, 79.3499622 ], [ 20.0821874, 79.3472446 ], [ 20.0966167, 79.3455101 ], [ 20.1125159, 79.345522 ], [ 20.1167099, 79.3470896 ], [ 20.1265004, 79.3438092 ], [ 20.1288646, 79.3423603 ], [ 20.1475811, 79.3391697 ], [ 20.1503597, 79.3374665 ], [ 20.1498121, 79.3285739 ], [ 20.1374305, 79.32631 ], [ 20.1458648, 79.3230617 ], [ 20.1456496, 79.3224266 ], [ 20.1434025, 79.3220444 ], [ 20.139932, 79.3221884 ], [ 20.1327819, 79.3246793 ], [ 20.1208497, 79.3253531 ], [ 20.0851775, 79.3243263 ], [ 20.0812005, 79.3313413 ], [ 20.0647045, 79.3352832 ], [ 20.0409917, 79.3396422 ], [ 20.02031, 79.341278 ], [ 19.9978715, 79.3447767 ], [ 19.9776005, 79.3498588 ], [ 19.9639543, 79.3508461 ], [ 19.9445899, 79.3502218 ], [ 19.8962668, 79.343679 ], [ 19.7693248, 79.3404688 ], [ 19.7485538, 79.3379343 ], [ 19.7077239, 79.3351645 ], [ 19.6708376, 79.3298635 ], [ 19.6723891, 79.3368211 ], [ 19.6599334, 79.340767 ], [ 19.6574146, 79.343836 ], [ 19.6437823, 79.345701 ], [ 19.6450022, 79.3511637 ], [ 19.618804, 79.3542159 ], [ 19.6219916, 79.3554741 ], [ 19.6429306, 79.3568832 ], [ 19.6513574, 79.3601156 ], [ 19.6588567, 79.373704 ], [ 19.6489301, 79.3822036 ], [ 19.6511383, 79.3866049 ], [ 19.6097232, 79.3955677 ], [ 19.6104809, 79.3959045 ], [ 19.6160001, 79.3961142 ], [ 19.6301881, 79.3943785 ], [ 19.655356, 79.3942914 ], [ 19.6633521, 79.3959205 ], [ 19.6664544, 79.3991951 ], [ 19.6540225, 79.3992991 ], [ 19.6459383, 79.4008402 ], [ 19.6615506, 79.4022003 ], [ 19.6791462, 79.401381 ], [ 19.7184387, 79.400575 ], [ 19.7605443, 79.3963265 ], [ 19.812988, 79.3989049 ], [ 19.8322945, 79.3960295 ], [ 19.8466024, 79.3908627 ], [ 19.870297, 79.3872184 ], [ 19.9922479, 79.372251 ], [ 19.9999191, 79.3670897 ], [ 20.0388762, 79.361782 ], [ 20.0541731, 79.3610198 ] ], [ [ 19.8271188, 79.6834115 ], [ 19.829331, 79.6828517 ], [ 19.8493975, 79.6746789 ], [ 19.7732124, 79.6733418 ], [ 19.7688899, 79.6733978 ], [ 19.7501748, 79.6744729 ], [ 19.7348965, 79.6776102 ], [ 19.685288, 79.6843711 ], [ 19.6815592, 79.6858522 ], [ 19.6821392, 79.686071 ], [ 19.6983804, 79.6860834 ], [ 19.7067261, 79.6888087 ], [ 19.7090698, 79.6890901 ], [ 19.7212241, 79.6896601 ], [ 19.7356675, 79.6897311 ], [ 19.7369058, 79.68955 ], [ 19.7630068, 79.6852593 ], [ 19.767749, 79.6854177 ], [ 19.7665503, 79.6865571 ], [ 19.7521597, 79.6884857 ], [ 19.7562695, 79.6895407 ], [ 19.7588323, 79.6896814 ], [ 19.7952232, 79.6878695 ], [ 19.810342, 79.6863726 ], [ 19.8271188, 79.6834115 ] ], [ [ 19.4812562, 79.502335 ], [ 19.4805036, 79.5025961 ], [ 19.4795061, 79.5032521 ], [ 19.4783108, 79.5038675 ], [ 19.4775935, 79.5043042 ], [ 19.4800335, 79.5042238 ], [ 19.4812374, 79.5034171 ], [ 19.4816349, 79.50265 ], [ 19.4812562, 79.502335 ] ], [ [ 19.0420904, 79.5399922 ], [ 19.0415992, 79.5412968 ], [ 19.0455101, 79.5407906 ], [ 19.043974, 79.5399922 ], [ 19.0420904, 79.5399922 ] ], [ [ 19.0308177, 79.5417668 ], [ 19.0335186, 79.5418704 ], [ 19.0336322, 79.5416243 ], [ 19.0330528, 79.5413727 ], [ 19.0317116, 79.5412486 ], [ 19.0307086, 79.5414195 ], [ 19.0308177, 79.5417668 ] ], [ [ 18.9245604, 79.5480753 ], [ 18.9086511, 79.5505185 ], [ 18.904528, 79.5525957 ], [ 18.9408017, 79.5482625 ], [ 18.9245604, 79.5480753 ] ], [ [ 18.7531487, 79.5481668 ], [ 18.7508147, 79.5477976 ], [ 18.738011, 79.5456415 ], [ 18.7359241, 79.5455608 ], [ 18.7271451, 79.5469725 ], [ 18.7215189, 79.5500792 ], [ 18.721732, 79.5534528 ], [ 18.7314405, 79.5569752 ], [ 18.7595043, 79.5540876 ], [ 18.7610275, 79.553292 ], [ 18.7600288, 79.5508307 ], [ 18.7531487, 79.5481668 ] ], [ [ 19.3343163, 79.5752364 ], [ 19.3338614, 79.5741875 ], [ 19.3310142, 79.5729721 ], [ 19.315545, 79.5709823 ], [ 19.2948116, 79.5703744 ], [ 19.2933744, 79.5703961 ], [ 19.2495722, 79.5743082 ], [ 19.2523062, 79.57664 ], [ 19.253727, 79.5769902 ], [ 19.2595307, 79.5768785 ], [ 19.3242083, 79.5768462 ], [ 19.3257457, 79.5767964 ], [ 19.3343163, 79.5752364 ] ], [ [ 19.1824769, 79.5775752 ], [ 19.2063385, 79.5755457 ], [ 19.217994, 79.574775 ], [ 19.2128338, 79.5739009 ], [ 19.2049485, 79.5729883 ], [ 19.1633652, 79.5765353 ], [ 19.1824769, 79.5775752 ] ], [ [ 19.3112134, 79.5790234 ], [ 19.3056386, 79.5796177 ], [ 19.3054273, 79.5799236 ], [ 19.3088864, 79.5812199 ], [ 19.3171721, 79.5810666 ], [ 19.3234236, 79.580057 ], [ 19.3226063, 79.5795674 ], [ 19.3141671, 79.57903 ], [ 19.3112134, 79.5790234 ] ], [ [ 18.7192938, 79.5977854 ], [ 18.7146964, 79.5978091 ], [ 18.7073692, 79.5994585 ], [ 18.7070907, 79.6004165 ], [ 18.712503, 79.6011652 ], [ 18.7220771, 79.6006778 ], [ 18.7274967, 79.5997024 ], [ 18.7256875, 79.5986887 ], [ 18.7192938, 79.5977854 ] ], [ [ 19.6975104, 79.675408 ], [ 19.6851677, 79.6743609 ], [ 19.6817307, 79.6756463 ], [ 19.6820855, 79.6759939 ], [ 19.6948192, 79.6785712 ], [ 19.7013868, 79.6767772 ], [ 19.7177994, 79.6774004 ], [ 19.7229677, 79.6766049 ], [ 19.7138575, 79.6748046 ], [ 19.7111604, 79.6732769 ], [ 19.7076377, 79.670818 ], [ 19.7056335, 79.6708261 ], [ 19.6943365, 79.6726998 ], [ 19.6975104, 79.675408 ] ], [ [ 19.7055697, 79.6794378 ], [ 19.7048211, 79.679567 ], [ 19.7047114, 79.6797699 ], [ 19.7050698, 79.679975 ], [ 19.7071406, 79.679975 ], [ 19.7074991, 79.6797699 ], [ 19.7073894, 79.679567 ], [ 19.7066408, 79.6794378 ], [ 19.7055697, 79.6794378 ] ], [ [ 19.5815184, 79.7021244 ], [ 19.5828197, 79.701664 ], [ 19.5833112, 79.7013301 ], [ 19.5827829, 79.7011654 ], [ 19.5817252, 79.7011654 ], [ 19.5806705, 79.7013301 ], [ 19.5795484, 79.701664 ], [ 19.5782667, 79.7021244 ], [ 19.5776958, 79.7025717 ], [ 19.5778068, 79.7029186 ], [ 19.579634, 79.7029186 ], [ 19.5804549, 79.7025717 ], [ 19.5815184, 79.7021244 ] ], [ [ 21.4556696, 78.9878871 ], [ 21.4545232, 78.9866282 ], [ 21.4535987, 78.9865977 ], [ 21.4499129, 78.9876394 ], [ 21.4525229, 78.988461 ], [ 21.4556696, 78.9878871 ] ], [ [ 21.4479614, 78.9894912 ], [ 21.4444894, 78.989395 ], [ 21.437892, 78.9899889 ], [ 21.435068, 78.9909399 ], [ 21.4343398, 78.9928495 ], [ 21.4351454, 78.9931926 ], [ 21.4460562, 78.9936169 ], [ 21.4465874, 78.9934189 ], [ 21.4544274, 78.9905165 ], [ 21.4479614, 78.9894912 ] ], [ [ 21.5409513, 78.9930207 ], [ 21.546958, 78.9939564 ], [ 21.5554032, 78.9944491 ], [ 21.5453212, 78.9918091 ], [ 21.537042, 78.9902321 ], [ 21.5380585, 78.9922688 ], [ 21.5409513, 78.9930207 ] ], [ [ 21.3941305, 79.0104558 ], [ 21.3837348, 79.0131692 ], [ 21.3833348, 79.0145823 ], [ 21.3924927, 79.0138499 ], [ 21.3937902, 79.0134754 ], [ 21.4018921, 79.0097187 ], [ 21.4002035, 79.0093796 ], [ 21.3941305, 79.0104558 ] ], [ [ 21.2950581, 79.0263104 ], [ 21.296315, 79.0261793 ], [ 21.2970409, 79.0260215 ], [ 21.2970355, 79.0258362 ], [ 21.2962846, 79.0257176 ], [ 21.2949759, 79.0257303 ], [ 21.2934856, 79.0258455 ], [ 21.2922062, 79.0259722 ], [ 21.2914923, 79.0261292 ], [ 21.2914361, 79.0263239 ], [ 21.2918131, 79.0265154 ], [ 21.2935898, 79.0264759 ], [ 21.2950581, 79.0263104 ] ], [ [ 21.2474771, 79.0284081 ], [ 21.2415726, 79.0287971 ], [ 21.2400311, 79.0293272 ], [ 21.2395006, 79.0304739 ], [ 21.2474771, 79.0284081 ] ], [ [ 21.135675, 79.0291663 ], [ 21.1258932, 79.0296901 ], [ 21.1269453, 79.0276097 ], [ 21.1216723, 79.0275681 ], [ 21.1256089, 79.0269697 ], [ 21.1237735, 79.0268315 ], [ 21.1085103, 79.0284302 ], [ 21.0996639, 79.0277014 ], [ 21.1046386, 79.0274105 ], [ 21.1015975, 79.0269305 ], [ 21.0902382, 79.0278606 ], [ 21.0915824, 79.0270884 ], [ 21.08595, 79.026913 ], [ 21.0732753, 79.0298386 ], [ 21.0632313, 79.0293868 ], [ 21.0582933, 79.0274653 ], [ 21.0356514, 79.0280622 ], [ 21.0404704, 79.0299239 ], [ 21.04945, 79.03055 ], [ 21.0915663, 79.0309292 ], [ 21.1171168, 79.0293024 ], [ 21.1326431, 79.0356969 ], [ 21.1364053, 79.0386426 ], [ 21.1432892, 79.0393738 ], [ 21.1587096, 79.0389748 ], [ 21.1903458, 79.0390579 ], [ 21.1909502, 79.0388814 ], [ 21.1815063, 79.0335704 ], [ 21.1588048, 79.0340244 ], [ 21.1464546, 79.0328106 ], [ 21.1482621, 79.0321615 ], [ 21.1340634, 79.0314949 ], [ 21.135675, 79.0291663 ] ], [ [ 21.1177284, 79.0419968 ], [ 21.1146572, 79.0421546 ], [ 21.1142944, 79.0446932 ], [ 21.1224296, 79.0433751 ], [ 21.1177284, 79.0419968 ] ], [ [ 21.3808872, 79.0175437 ], [ 21.3822953, 79.0151367 ], [ 21.3789901, 79.014811 ], [ 21.3767936, 79.0154186 ], [ 21.3700881, 79.0196018 ], [ 21.3808872, 79.0175437 ] ], [ [ 21.3411129, 79.0234185 ], [ 21.3432235, 79.0234185 ], [ 21.3431686, 79.0232838 ], [ 21.3426065, 79.0231915 ], [ 21.3417295, 79.0231915 ], [ 21.3411676, 79.0232838 ], [ 21.3411129, 79.0234185 ] ], [ [ 21.3308492, 79.0235292 ], [ 21.3299075, 79.0232958 ], [ 21.3279132, 79.0233552 ], [ 21.3258651, 79.0236957 ], [ 21.3249613, 79.0240498 ], [ 21.3249685, 79.0243272 ], [ 21.3269546, 79.024273 ], [ 21.3286421, 79.0240639 ], [ 21.3301575, 79.0238351 ], [ 21.3308492, 79.0235292 ] ], [ [ 21.6289178, 79.7622253 ], [ 21.627207, 79.7615489 ], [ 21.6163867, 79.7622957 ], [ 21.6289178, 79.7622253 ] ], [ [ 21.1328402, 79.2846583 ], [ 21.1167421, 79.2841341 ], [ 21.1190813, 79.2913905 ], [ 21.09375, 79.2940847 ], [ 21.083451, 79.2944654 ], [ 21.0591475, 79.2900869 ], [ 21.0495048, 79.2909466 ], [ 21.0373851, 79.2956585 ], [ 21.0377643, 79.2960064 ], [ 21.0486056, 79.2986896 ], [ 21.0461969, 79.3019527 ], [ 21.0472314, 79.3023413 ], [ 21.0641958, 79.3025635 ], [ 21.0769958, 79.3021601 ], [ 21.0793344, 79.3018889 ], [ 21.1320945, 79.2942352 ], [ 21.1429306, 79.2916933 ], [ 21.1679738, 79.2843357 ], [ 21.1731266, 79.2822644 ], [ 21.1671423, 79.280318 ], [ 21.1506482, 79.2817034 ], [ 21.1550072, 79.2845848 ], [ 21.1436281, 79.2871828 ], [ 21.1328402, 79.2846583 ] ], [ [ 21.1527529, 79.313807 ], [ 21.1561806, 79.3128854 ], [ 21.1560316, 79.3121049 ], [ 21.1504937, 79.3108515 ], [ 21.1415319, 79.3101041 ], [ 21.1330608, 79.3097717 ], [ 21.1247813, 79.3098891 ], [ 21.1166182, 79.310389 ], [ 21.1067705, 79.3122038 ], [ 21.1052983, 79.3126792 ], [ 21.1036404, 79.3151323 ], [ 21.1289318, 79.3161345 ], [ 21.141049, 79.3150688 ], [ 21.1527529, 79.313807 ] ], [ [ 21.049614, 80.2243598 ], [ 21.0484092, 80.2244889 ], [ 21.0481783, 80.2246917 ], [ 21.0485619, 80.2248969 ], [ 21.0524749, 80.2248969 ], [ 21.0528584, 80.2246917 ], [ 21.0526274, 80.2244889 ], [ 21.051423, 80.2243598 ], [ 21.049614, 80.2243598 ] ], [ [ 21.0306112, 80.2253259 ], [ 21.0161159, 80.2235383 ], [ 21.012852, 80.2233486 ], [ 21.004109, 80.226348 ], [ 21.0106539, 80.2278388 ], [ 21.0306112, 80.2253259 ] ], [ [ 19.2327045, 79.7042902 ], [ 19.2328494, 79.7026678 ], [ 19.2328705, 79.7024722 ], [ 19.2269504, 79.7030106 ], [ 19.2284852, 79.7041583 ], [ 19.2327045, 79.7042902 ] ], [ [ 18.8626326, 79.7115403 ], [ 18.8613815, 79.7117182 ], [ 18.8611754, 79.7120453 ], [ 18.8615764, 79.7123622 ], [ 18.8669748, 79.7123646 ], [ 18.8671604, 79.7121241 ], [ 18.8665314, 79.7118424 ], [ 18.8647432, 79.7115943 ], [ 18.8626326, 79.7115403 ] ], [ [ 19.156211, 79.7501193 ], [ 19.1585966, 79.7494901 ], [ 19.1692955, 79.7455776 ], [ 19.1679879, 79.7445813 ], [ 19.1670401, 79.7444977 ], [ 19.1574169, 79.7476181 ], [ 19.156211, 79.7501193 ] ], [ [ 19.1561216, 79.7530876 ], [ 19.1550328, 79.753082 ], [ 19.1543972, 79.7532269 ], [ 19.1547157, 79.7535046 ], [ 19.1559309, 79.753863 ], [ 19.1583194, 79.7539306 ], [ 19.1582114, 79.7537152 ], [ 19.1577097, 79.7534679 ], [ 19.1570514, 79.7532322 ], [ 19.1561216, 79.7530876 ] ], [ [ 19.2490065, 79.7507416 ], [ 19.2358762, 79.7561477 ], [ 19.2386364, 79.7603831 ], [ 19.268869, 79.7569876 ], [ 19.2533751, 79.7548935 ], [ 19.2529802, 79.7539454 ], [ 19.2568463, 79.7515742 ], [ 19.2506586, 79.7508085 ], [ 19.2490065, 79.7507416 ] ], [ [ 19.3359011, 79.7563424 ], [ 19.3392785, 79.7544937 ], [ 19.3282809, 79.7581351 ], [ 19.3359011, 79.7563424 ] ], [ [ 19.0893204, 80.129419 ], [ 19.0886571, 80.129232 ], [ 19.0865591, 80.1293389 ], [ 19.0836074, 80.1296335 ], [ 19.0810115, 80.1301039 ], [ 19.0799603, 80.1305739 ], [ 19.0800056, 80.1309372 ], [ 19.0849457, 80.1307282 ], [ 19.0880653, 80.1299546 ], [ 19.0893204, 80.129419 ] ], [ [ 19.3769047, 80.133303 ], [ 19.3753918, 80.133357 ], [ 19.373952, 80.1336761 ], [ 19.3734148, 80.1340845 ], [ 19.3736006, 80.1344339 ], [ 19.3774801, 80.1344316 ], [ 19.3778887, 80.1340057 ], [ 19.377789, 80.133552 ], [ 19.3769047, 80.133303 ] ], [ [ 19.0754468, 80.1334199 ], [ 19.0677989, 80.1335278 ], [ 19.065032, 80.1338311 ], [ 19.0627154, 80.1348203 ], [ 19.0644825, 80.1352077 ], [ 19.0708175, 80.13583 ], [ 19.0765043, 80.1351717 ], [ 19.0777752, 80.1337759 ], [ 19.0754468, 80.1334199 ] ], [ [ 19.3433063, 80.1388477 ], [ 19.3500812, 80.1385771 ], [ 19.3531346, 80.1377869 ], [ 19.3514795, 80.1374872 ], [ 19.3315372, 80.1366299 ], [ 19.3190457, 80.1383877 ], [ 19.3433063, 80.1388477 ] ], [ [ 19.3789659, 80.1546273 ], [ 19.3993104, 80.1546977 ], [ 19.4098881, 80.1482084 ], [ 19.3793385, 80.1475663 ], [ 19.3528475, 80.1511774 ], [ 19.3514875, 80.1514782 ], [ 19.3490071, 80.1532688 ], [ 19.3712941, 80.1525646 ], [ 19.3707147, 80.1542972 ], [ 19.3743261, 80.1545866 ], [ 19.3789659, 80.1546273 ] ], [ [ 19.001569, 80.1700376 ], [ 19.0025691, 80.1713156 ], [ 19.005744, 80.1712661 ], [ 19.0084716, 80.1699492 ], [ 19.007054, 80.1696512 ], [ 19.0026063, 80.169769 ], [ 19.001569, 80.1700376 ] ], [ [ 18.8491179, 80.2372227 ], [ 18.8425004, 80.2373697 ], [ 18.8367776, 80.2323637 ], [ 18.828541, 80.2321768 ], [ 18.8222146, 80.2374635 ], [ 18.823877, 80.2382228 ], [ 18.8328087, 80.2385741 ], [ 18.8481547, 80.2374181 ], [ 18.8491179, 80.2372227 ] ], [ [ 18.8150167, 80.2403446 ], [ 18.8142006, 80.2401289 ], [ 18.7908803, 80.2434481 ], [ 18.7891829, 80.243942 ], [ 18.7855254, 80.2457695 ], [ 18.7860243, 80.2468181 ], [ 18.7904108, 80.2478977 ], [ 18.7997993, 80.2484616 ], [ 18.8019031, 80.2431741 ], [ 18.8150167, 80.2403446 ] ], [ [ 18.7431178, 80.2728372 ], [ 18.7470376, 80.2728744 ], [ 18.7501178, 80.2724409 ], [ 18.750881, 80.2718122 ], [ 18.7500036, 80.2715586 ], [ 18.7416002, 80.2720358 ], [ 18.7431178, 80.2728372 ] ], [ [ 18.7669944, 80.3249624 ], [ 18.7653656, 80.3232715 ], [ 18.7513629, 80.3219026 ], [ 18.7286469, 80.3224503 ], [ 18.7270393, 80.3240514 ], [ 18.7410922, 80.325053 ], [ 18.7303472, 80.3288345 ], [ 18.7423511, 80.3308676 ], [ 18.7557609, 80.3313261 ], [ 18.7751693, 80.3258123 ], [ 18.7669944, 80.3249624 ] ], [ [ 21.6555541, 79.7630711 ], [ 21.6564407, 79.7628459 ], [ 21.6571485, 79.7624865 ], [ 21.6578019, 79.7621368 ], [ 21.6578829, 79.7618911 ], [ 21.6571645, 79.7618097 ], [ 21.6558836, 79.7618784 ], [ 21.654547, 79.7619913 ], [ 21.653483, 79.7621726 ], [ 21.6525621, 79.7624834 ], [ 21.6518176, 79.762917 ], [ 21.6519849, 79.7633851 ], [ 21.6544044, 79.7631794 ], [ 21.6555541, 79.7630711 ] ], [ [ 21.6387091, 79.7642612 ], [ 21.6313148, 79.7635298 ], [ 21.6287606, 79.7635293 ], [ 21.6322331, 79.7650661 ], [ 21.637712, 79.7650214 ], [ 21.6387091, 79.7642612 ] ], [ [ 21.3975554, 80.2394896 ], [ 21.3961228, 80.2390856 ], [ 21.3937684, 80.2387142 ], [ 21.3917542, 80.2386386 ], [ 21.3907239, 80.2389479 ], [ 21.3907114, 80.2394927 ], [ 21.3915578, 80.2398738 ], [ 21.3929889, 80.2400684 ], [ 21.3946464, 80.2402312 ], [ 21.3970865, 80.2402266 ], [ 21.39788, 80.2398573 ], [ 21.3975554, 80.2394896 ] ], [ [ 21.3273824, 80.3279803 ], [ 21.3232301, 80.3295562 ], [ 21.3237875, 80.3297426 ], [ 21.330705, 80.3292763 ], [ 21.3367573, 80.330882 ], [ 21.3493778, 80.3322057 ], [ 21.3286511, 80.3278501 ], [ 21.3273824, 80.3279803 ] ], [ [ 21.1983188, 80.2572268 ], [ 21.1958811, 80.2568904 ], [ 21.1802031, 80.2559119 ], [ 21.1714447, 80.2560298 ], [ 21.1687477, 80.2562838 ], [ 21.1575505, 80.2593853 ], [ 21.1614232, 80.264815 ], [ 21.1858586, 80.2623678 ], [ 21.2005633, 80.2591352 ], [ 21.2011455, 80.2586735 ], [ 21.1983188, 80.2572268 ] ], [ [ 21.195079, 80.2770056 ], [ 21.1927305, 80.2785619 ], [ 21.1942316, 80.279551 ], [ 21.1988217, 80.2800053 ], [ 21.2125486, 80.2796232 ], [ 21.21534, 80.2804422 ], [ 21.218796, 80.2803634 ], [ 21.2259829, 80.2796319 ], [ 21.236436, 80.2780156 ], [ 21.2369263, 80.2775388 ], [ 21.2347238, 80.2760406 ], [ 21.2279063, 80.2745708 ], [ 21.2235337, 80.2740116 ], [ 21.2151154, 80.2737936 ], [ 21.2080408, 80.2741334 ], [ 21.201478, 80.2750385 ], [ 21.195079, 80.2770056 ] ], [ [ 21.2316412, 80.2947317 ], [ 21.2329938, 80.2935812 ], [ 21.2278172, 80.2933657 ], [ 21.2284755, 80.2913244 ], [ 21.2489885, 80.2895157 ], [ 21.2383631, 80.2855927 ], [ 21.2615716, 80.2817338 ], [ 21.2606924, 80.280507 ], [ 21.2494649, 80.2794528 ], [ 21.2423712, 80.279725 ], [ 21.2439533, 80.2810026 ], [ 21.2456321, 80.2813427 ], [ 21.2338589, 80.2858177 ], [ 21.2130198, 80.288927 ], [ 21.2155989, 80.2929097 ], [ 21.2194883, 80.293895 ], [ 21.2316412, 80.2947317 ] ], [ [ 21.2291269, 80.3165994 ], [ 21.2320188, 80.3167028 ], [ 21.2321404, 80.3164569 ], [ 21.2315199, 80.3162051 ], [ 21.2300839, 80.3160812 ], [ 21.2290099, 80.3162521 ], [ 21.2291269, 80.3165994 ] ], [ [ 21.312615, 80.3387331 ], [ 21.3133751, 80.3366967 ], [ 21.3167672, 80.3354177 ], [ 21.3049718, 80.3370959 ], [ 21.3107002, 80.3387409 ], [ 21.312615, 80.3387331 ] ], [ [ 21.3146296, 80.3390315 ], [ 21.3135362, 80.3390948 ], [ 21.3140389, 80.3392267 ], [ 21.315877, 80.3394308 ], [ 21.3185359, 80.339758 ], [ 21.3203188, 80.3396822 ], [ 21.3189501, 80.3393661 ], [ 21.3168592, 80.3391138 ], [ 21.3146296, 80.3390315 ] ], [ [ 21.3224072, 80.3399466 ], [ 21.3208503, 80.3398827 ], [ 21.3199399, 80.3399972 ], [ 21.3199155, 80.3401899 ], [ 21.3207451, 80.3403524 ], [ 21.3221861, 80.3404852 ], [ 21.3238688, 80.3406506 ], [ 21.3251663, 80.3405178 ], [ 21.324023, 80.3401982 ], [ 21.3224072, 80.3399466 ] ], [ [ 21.3256613, 80.3407454 ], [ 21.3251863, 80.3408253 ], [ 21.3254832, 80.3409148 ], [ 21.3261955, 80.3407953 ], [ 21.3256613, 80.3407454 ] ], [ [ 21.3204572, 80.3341951 ], [ 21.3392497, 80.3328969 ], [ 21.349961, 80.3347012 ], [ 21.3446929, 80.3368703 ], [ 21.3325684, 80.3379393 ], [ 21.3279792, 80.3394104 ], [ 21.3267018, 80.341423 ], [ 21.3311846, 80.3427972 ], [ 21.3275299, 80.3473091 ], [ 21.4295347, 80.3590211 ], [ 21.4414535, 80.3627473 ], [ 21.4397134, 80.3673155 ], [ 21.4439554, 80.3696104 ], [ 21.445339, 80.3696742 ], [ 21.4483455, 80.3694131 ], [ 21.4706826, 80.364526 ], [ 21.4707735, 80.3643022 ], [ 21.4552267, 80.3587881 ], [ 21.4543904, 80.3573354 ], [ 21.4640874, 80.3531035 ], [ 21.4640698, 80.3522702 ], [ 21.4553989, 80.348668 ], [ 21.4538755, 80.3483396 ], [ 21.4285851, 80.3449444 ], [ 21.4193909, 80.342643 ], [ 21.3685613, 80.3326085 ], [ 21.3477916, 80.332817 ], [ 21.3257933, 80.33069 ], [ 21.3144, 80.3321207 ], [ 21.3141685, 80.3336811 ], [ 21.3183531, 80.3341405 ], [ 21.3204572, 80.3341951 ] ], [ [ 18.7862135, 80.3333867 ], [ 18.7887377, 80.332242 ], [ 18.7903953, 80.3318582 ], [ 18.7812927, 80.3310595 ], [ 18.7783751, 80.3309948 ], [ 18.7719678, 80.3313297 ], [ 18.7722954, 80.3320313 ], [ 18.7690637, 80.336113 ], [ 18.7702419, 80.336471 ], [ 18.7808554, 80.3377219 ], [ 18.7935441, 80.3373297 ], [ 18.7947826, 80.3370076 ], [ 18.7862135, 80.3333867 ] ], [ [ 18.8225023, 80.3350288 ], [ 18.816047, 80.3353517 ], [ 18.8163985, 80.3362159 ], [ 18.826278, 80.3356992 ], [ 18.8225023, 80.3350288 ] ], [ [ 19.733906, 80.3360331 ], [ 19.7316638, 80.3355588 ], [ 19.7281684, 80.3354518 ], [ 19.7242153, 80.3360246 ], [ 19.7299166, 80.336463 ], [ 19.733906, 80.3360331 ] ], [ [ 19.6875, 80.3588169 ], [ 19.6919276, 80.3587412 ], [ 19.6991394, 80.3579723 ], [ 19.6978282, 80.3574558 ], [ 19.6955528, 80.3573112 ], [ 19.6875, 80.3574218 ], [ 19.6875, 80.3588169 ] ], [ [ 19.8139797, 80.3594605 ], [ 19.8120167, 80.3584058 ], [ 19.81106, 80.358282 ], [ 19.8055735, 80.3588862 ], [ 19.8113664, 80.3599181 ], [ 19.8139797, 80.3594605 ] ], [ [ 19.8147784, 80.360388 ], [ 19.8123534, 80.3605295 ], [ 19.8127261, 80.3613727 ], [ 19.8178163, 80.3609997 ], [ 19.8147784, 80.360388 ] ], [ [ 19.8205115, 80.3653671 ], [ 19.8146708, 80.3657041 ], [ 19.8154902, 80.3669335 ], [ 19.8230284, 80.3667659 ], [ 19.8205115, 80.3653671 ] ], [ [ 19.7912805, 80.3711947 ], [ 19.7898972, 80.371411 ], [ 19.7892116, 80.3716547 ], [ 19.7933336, 80.371659 ], [ 19.7937505, 80.3714491 ], [ 19.793648, 80.3712453 ], [ 19.7927614, 80.3711346 ], [ 19.7912805, 80.3711947 ] ], [ [ 18.9077893, 80.3675262 ], [ 18.9031084, 80.3676254 ], [ 18.9028341, 80.367805 ], [ 18.9057109, 80.3681813 ], [ 18.9104362, 80.3686044 ], [ 18.9123631, 80.367932 ], [ 18.9077893, 80.3675262 ] ], [ [ 19.9127247, 80.3782107 ], [ 19.9107949, 80.3778976 ], [ 19.9084972, 80.3778334 ], [ 19.9071155, 80.3780189 ], [ 19.906957, 80.3783317 ], [ 19.9077967, 80.3785678 ], [ 19.90927, 80.3787208 ], [ 19.9109768, 80.3788851 ], [ 19.9131984, 80.3789601 ], [ 19.9133998, 80.3786137 ], [ 19.9127247, 80.3782107 ] ], [ [ 20.2294579, 80.4798316 ], [ 20.2107472, 80.4726219 ], [ 20.2013919, 80.4705619 ], [ 20.1920365, 80.4702187 ], [ 20.1785231, 80.4722785 ], [ 20.1743652, 80.4774284 ], [ 20.190997, 80.4827499 ], [ 20.2024314, 80.4846382 ], [ 20.2149051, 80.4854965 ], [ 20.2201025, 80.4851531 ], [ 20.227379, 80.4837799 ], [ 20.2294579, 80.4798316 ] ], [ [ 20.2668796, 80.5093575 ], [ 20.2814322, 80.5109024 ], [ 20.2918272, 80.5109024 ], [ 20.2991036, 80.5093575 ], [ 20.3053405, 80.5069541 ], [ 20.3105379, 80.5016326 ], [ 20.3354855, 80.4983711 ], [ 20.3417224, 80.4957962 ], [ 20.3417224, 80.4935646 ], [ 20.3375645, 80.4918479 ], [ 20.3032615, 80.4851531 ], [ 20.2949455, 80.4846382 ], [ 20.2835112, 80.4851531 ], [ 20.2741559, 80.486183 ], [ 20.2460898, 80.4878997 ], [ 20.2388134, 80.4923629 ], [ 20.2367343, 80.4959677 ], [ 20.2398529, 80.5006027 ], [ 20.2481688, 80.5054092 ], [ 20.2668796, 80.5093575 ] ], [ [ 19.9591916, 80.4714202 ], [ 19.9519529, 80.4711092 ], [ 19.9387722, 80.4714845 ], [ 19.9061778, 80.4738235 ], [ 19.8983207, 80.4747891 ], [ 19.8855946, 80.477643 ], [ 19.883322, 80.4787695 ], [ 19.8628691, 80.4916871 ], [ 19.8646872, 80.4996479 ], [ 19.8739538, 80.5035208 ], [ 19.8628691, 80.5109131 ], [ 19.863559, 80.5117607 ], [ 19.8674142, 80.5120395 ], [ 19.8968225, 80.5098724 ], [ 19.9269676, 80.510559 ], [ 19.9404809, 80.5143356 ], [ 19.9134542, 80.5206871 ], [ 19.9124147, 80.523777 ], [ 19.9571127, 80.5287551 ], [ 19.9820604, 80.5275536 ], [ 19.9893368, 80.5287551 ], [ 19.9976526, 80.5340766 ], [ 20.0153239, 80.5347633 ], [ 20.0257188, 80.5340766 ], [ 20.0371531, 80.5299568 ], [ 20.0901669, 80.5133055 ], [ 20.1338253, 80.5031776 ], [ 20.1359043, 80.4983711 ], [ 20.1296674, 80.4947662 ], [ 20.0828905, 80.4884146 ], [ 20.075614, 80.4842948 ], [ 20.0589823, 80.4815483 ], [ 19.9874047, 80.4752398 ], [ 19.9591916, 80.4714202 ] ], [ [ 21.2889643, 80.3275988 ], [ 21.284399, 80.3263183 ], [ 21.2798373, 80.326335 ], [ 21.2770538, 80.3268969 ], [ 21.2889643, 80.3275988 ] ], [ [ 21.3081858, 80.3296005 ], [ 21.2986054, 80.3287312 ], [ 21.2978897, 80.328999 ], [ 21.3001081, 80.3307042 ], [ 21.3015828, 80.3296955 ], [ 21.3020097, 80.3295623 ], [ 21.3081858, 80.3296005 ] ], [ [ 21.3017673, 80.3353301 ], [ 21.3027492, 80.3324497 ], [ 21.3039262, 80.3310267 ], [ 21.3033823, 80.330971 ], [ 21.2970587, 80.3344651 ], [ 21.3017673, 80.3353301 ] ], [ [ 21.3831975, 80.6656508 ], [ 21.3429275, 80.6652371 ], [ 21.2863568, 80.6704071 ], [ 21.2842439, 80.6702905 ], [ 21.2385901, 80.6668231 ], [ 21.2376812, 80.6666692 ], [ 21.2352211, 80.6649793 ], [ 21.2492421, 80.6611351 ], [ 21.2417446, 80.6599067 ], [ 21.1978167, 80.6578946 ], [ 21.1844301, 80.6502858 ], [ 21.1824226, 80.6498291 ], [ 21.1757867, 80.6495745 ], [ 21.1620182, 80.651022 ], [ 21.1514658, 80.6527179 ], [ 21.1427401, 80.6571069 ], [ 21.137168, 80.6584321 ], [ 21.1108512, 80.6628067 ], [ 21.0806183, 80.6734076 ], [ 21.0878593, 80.6749333 ], [ 21.1006467, 80.6744291 ], [ 21.1057684, 80.6764295 ], [ 21.0719565, 80.681217 ], [ 21.0723265, 80.681549 ], [ 21.0846273, 80.6844084 ], [ 21.1083233, 80.6881357 ], [ 21.110193, 80.6882958 ], [ 21.1411774, 80.6906362 ], [ 21.1437294, 80.6907812 ], [ 21.2067465, 80.6930044 ], [ 21.2116812, 80.6930038 ], [ 21.220823, 80.6924269 ], [ 21.2250943, 80.6914141 ], [ 21.2487277, 80.6840026 ], [ 21.2669461, 80.6839019 ], [ 21.2900316, 80.6868063 ], [ 21.2955633, 80.693682 ], [ 21.3024539, 80.6976509 ], [ 21.3270597, 80.6989692 ], [ 21.3763787, 80.6918247 ], [ 21.3763787, 80.6881974 ], [ 21.3218518, 80.6840432 ], [ 21.3124703, 80.6815668 ], [ 21.3125052, 80.6808938 ], [ 21.3180928, 80.6788913 ], [ 21.3278762, 80.6776633 ], [ 21.3925452, 80.6745735 ], [ 21.4018245, 80.672526 ], [ 21.401723, 80.6672074 ], [ 21.3831975, 80.6656508 ] ], [ [ 20.723049, 80.7384226 ], [ 20.7290823, 80.7343925 ], [ 20.7488118, 80.7308888 ], [ 20.7496796, 80.7305984 ], [ 20.7388508, 80.7263321 ], [ 20.7397003, 80.7260246 ], [ 20.7534544, 80.7260152 ], [ 20.7554255, 80.7256207 ], [ 20.7648499, 80.7210766 ], [ 20.7956469, 80.7225826 ], [ 20.817816, 80.7203071 ], [ 20.8147699, 80.7094471 ], [ 20.8233165, 80.7070702 ], [ 20.8738728, 80.7039239 ], [ 20.952854, 80.7192068 ], [ 20.9800009, 80.7214698 ], [ 20.9916503, 80.7191945 ], [ 21.0000907, 80.7053868 ], [ 21.0276774, 80.7027553 ], [ 21.0541573, 80.7030528 ], [ 21.09375, 80.7017298 ], [ 21.0920267, 80.6993582 ], [ 21.0426039, 80.6924012 ], [ 21.0239545, 80.6877789 ], [ 21.005061, 80.6855876 ], [ 21.0032367, 80.6854819 ], [ 20.9962447, 80.6858475 ], [ 20.9757899, 80.6899242 ], [ 20.9530166, 80.6913375 ], [ 20.8999127, 80.6885865 ], [ 20.8918322, 80.6873761 ], [ 20.9020185, 80.6843694 ], [ 20.8933707, 80.6819645 ], [ 20.8957582, 80.6714565 ], [ 20.885793, 80.6688108 ], [ 20.8803304, 80.6684279 ], [ 20.8651963, 80.6686476 ], [ 20.8457628, 80.6704285 ], [ 20.8210815, 80.6741675 ], [ 20.8274362, 80.6768687 ], [ 20.8474662, 80.6795063 ], [ 20.8497757, 80.6812884 ], [ 20.8489825, 80.6818578 ], [ 20.8238955, 80.6849637 ], [ 20.8264492, 80.6928802 ], [ 20.7960104, 80.7055306 ], [ 20.7944245, 80.7058964 ], [ 20.7797921, 80.7072372 ], [ 20.7295454, 80.7074981 ], [ 20.7315227, 80.7026584 ], [ 20.7301297, 80.7016195 ], [ 20.7259578, 80.7008808 ], [ 20.7154164, 80.7007446 ], [ 20.6979874, 80.7015392 ], [ 20.6962205, 80.7018371 ], [ 20.6659638, 80.7088348 ], [ 20.6649776, 80.7091217 ], [ 20.6581913, 80.7126158 ], [ 20.6581913, 80.7131661 ], [ 20.6762524, 80.7214583 ], [ 20.6661781, 80.7278639 ], [ 20.6264296, 80.7334864 ], [ 20.5895714, 80.73515 ], [ 20.5866839, 80.7354685 ], [ 20.5736212, 80.7378407 ], [ 20.5461735, 80.7466596 ], [ 20.5493757, 80.7532927 ], [ 20.5533638, 80.753889 ], [ 20.6002836, 80.7544941 ], [ 20.6125673, 80.7519531 ], [ 20.6220284, 80.7502468 ], [ 20.6483026, 80.7506477 ], [ 20.6788231, 80.74774 ], [ 20.6811543, 80.7427607 ], [ 20.7035593, 80.7413212 ], [ 20.723049, 80.7384226 ] ], [ [ 19.7893643, 80.6319196 ], [ 19.7949795, 80.6320077 ], [ 19.8006544, 80.6292661 ], [ 19.8006588, 80.6289054 ], [ 19.7918679, 80.6272681 ], [ 19.790958, 80.626105 ], [ 19.8072093, 80.6204844 ], [ 19.8438392, 80.6160365 ], [ 19.8448153, 80.6157405 ], [ 19.8455867, 80.6138746 ], [ 19.8246313, 80.6123651 ], [ 19.8217068, 80.6121938 ], [ 19.8001674, 80.612195 ], [ 19.7914391, 80.6127532 ], [ 19.7756752, 80.6153736 ], [ 19.7725248, 80.6166247 ], [ 19.7605956, 80.6256902 ], [ 19.7753167, 80.6276906 ], [ 19.7893643, 80.6319196 ] ], [ [ 20.8393341, 80.6575727 ], [ 20.8580881, 80.6507421 ], [ 20.8580852, 80.6503251 ], [ 20.8511424, 80.6455233 ], [ 20.8231711, 80.6424772 ], [ 20.8167144, 80.63796 ], [ 20.796095, 80.6346253 ], [ 20.7880367, 80.6306152 ], [ 20.7798917, 80.6300873 ], [ 20.7467602, 80.6330189 ], [ 20.7227153, 80.6310247 ], [ 20.75126, 80.62281 ], [ 20.7941715, 80.6184194 ], [ 20.7935669, 80.6165688 ], [ 20.7691849, 80.6109058 ], [ 20.7649968, 80.6106749 ], [ 20.7599865, 80.6105663 ], [ 20.7423812, 80.6119972 ], [ 20.7407411, 80.6122637 ], [ 20.733124, 80.6168082 ], [ 20.7146235, 80.6206129 ], [ 20.6772823, 80.6243097 ], [ 20.6830428, 80.6274256 ], [ 20.6684713, 80.6277041 ], [ 20.644751, 80.6309508 ], [ 20.6288737, 80.629065 ], [ 20.5895824, 80.6326175 ], [ 20.5622079, 80.6407645 ], [ 20.517994, 80.6477174 ], [ 20.5019093, 80.6545842 ], [ 20.5019116, 80.6556751 ], [ 20.5120656, 80.6600593 ], [ 20.5479059, 80.6646777 ], [ 20.5496914, 80.6648417 ], [ 20.5757942, 80.6659861 ], [ 20.6274354, 80.6660281 ], [ 20.6633433, 80.6696134 ], [ 20.681733, 80.6673487 ], [ 20.6708694, 80.6619704 ], [ 20.6707581, 80.6595047 ], [ 20.6788619, 80.6574461 ], [ 20.6824833, 80.6572589 ], [ 20.6960384, 80.6572711 ], [ 20.6999435, 80.6574796 ], [ 20.7190589, 80.659592 ], [ 20.75432, 80.6596051 ], [ 20.7748992, 80.6618233 ], [ 20.7980525, 80.6618009 ], [ 20.8393341, 80.6575727 ] ], [ [ 20.4466019, 80.7506531 ], [ 20.4318503, 80.7513068 ], [ 20.4269632, 80.7526137 ], [ 20.4277905, 80.752762 ], [ 20.4468518, 80.7524199 ], [ 20.4721456, 80.7528222 ], [ 20.4859725, 80.7506361 ], [ 20.4969127, 80.7493335 ], [ 20.4989591, 80.7487839 ], [ 20.4999084, 80.7464513 ], [ 20.4984514, 80.7462422 ], [ 20.437215, 80.7444586 ], [ 20.4365946, 80.7473938 ], [ 20.4466019, 80.7506531 ] ], [ [ 20.5329626, 80.7534151 ], [ 20.5290657, 80.7553358 ], [ 20.5382986, 80.7552845 ], [ 20.5410122, 80.7545944 ], [ 20.5435286, 80.753208 ], [ 20.5364263, 80.7531589 ], [ 20.5329626, 80.7534151 ] ], [ [ 20.3550819, 80.8218026 ], [ 20.3579051, 80.8231544 ], [ 20.3700047, 80.8245707 ], [ 20.3728278, 80.8245707 ], [ 20.3804908, 80.8240556 ], [ 20.3990434, 80.8212233 ], [ 20.4063032, 80.8196139 ], [ 20.4063032, 80.8190345 ], [ 20.4038833, 80.8158159 ], [ 20.4014633, 80.8151078 ], [ 20.3921871, 80.814464 ], [ 20.3700047, 80.8147215 ], [ 20.3619384, 80.8149147 ], [ 20.3550819, 80.8160734 ], [ 20.3534687, 80.8200645 ], [ 20.3550819, 80.8218026 ] ], [ [ 22.2683265, 80.1934578 ], [ 22.2678658, 80.1932083 ], [ 22.2523344, 80.1918354 ], [ 22.2577238, 80.1946738 ], [ 22.2587832, 80.1961339 ], [ 22.2588636, 80.1932306 ], [ 22.2683265, 80.1934578 ] ], [ [ 22.5359792, 80.2112458 ], [ 22.5341702, 80.2112458 ], [ 22.5329655, 80.2113751 ], [ 22.5327346, 80.211578 ], [ 22.5331182, 80.2117831 ], [ 22.5370311, 80.2117831 ], [ 22.5374147, 80.211578 ], [ 22.5371838, 80.2113751 ], [ 22.5359792, 80.2112458 ] ], [ [ 22.4777241, 80.2143151 ], [ 22.4765971, 80.2143151 ], [ 22.4758095, 80.2144442 ], [ 22.4756939, 80.2146472 ], [ 22.4760712, 80.2148522 ], [ 22.4782501, 80.2148522 ], [ 22.4786273, 80.2146472 ], [ 22.4785118, 80.2144442 ], [ 22.4777241, 80.2143151 ] ], [ [ 22.1113139, 80.2422419 ], [ 22.109556, 80.2411742 ], [ 22.1069781, 80.2412997 ], [ 22.105719, 80.242236 ], [ 22.1113139, 80.2422419 ] ], [ [ 22.0091887, 80.2465379 ], [ 22.0165828, 80.2465171 ], [ 22.0176678, 80.2459769 ], [ 22.0109061, 80.244414 ], [ 22.0044491, 80.243926 ], [ 22.0026019, 80.244103 ], [ 22.0078052, 80.2446702 ], [ 22.0031034, 80.2465304 ], [ 22.0041667, 80.2469063 ], [ 22.0091887, 80.2465379 ] ], [ [ 23.5987657, 80.177174 ], [ 23.6117795, 80.1733431 ], [ 23.6089394, 80.1724489 ], [ 23.6001688, 80.1726536 ], [ 23.5917251, 80.1753542 ], [ 23.5987657, 80.177174 ] ], [ [ 23.6243194, 80.1778792 ], [ 23.6165338, 80.1813852 ], [ 23.6262742, 80.1792299 ], [ 23.62713, 80.1781131 ], [ 23.6243194, 80.1778792 ] ], [ [ 23.3501371, 80.1919612 ], [ 23.3594928, 80.1919417 ], [ 23.360813, 80.1914918 ], [ 23.3588167, 80.1891932 ], [ 23.3573135, 80.1890697 ], [ 23.3493882, 80.1915807 ], [ 23.3501371, 80.1919612 ] ], [ [ 23.350226, 80.192852 ], [ 23.3503478, 80.1930979 ], [ 23.3532397, 80.1929945 ], [ 23.3533565, 80.1926472 ], [ 23.3522825, 80.1924763 ], [ 23.3508466, 80.1926003 ], [ 23.350226, 80.192852 ] ], [ [ 23.339677, 80.1929502 ], [ 23.3392324, 80.1928535 ], [ 23.3383102, 80.1927547 ], [ 23.3374752, 80.1926022 ], [ 23.3363413, 80.1924084 ], [ 23.3337399, 80.1922729 ], [ 23.3298333, 80.1922696 ], [ 23.3274568, 80.1924167 ], [ 23.3275667, 80.1926758 ], [ 23.3298695, 80.1929494 ], [ 23.3332415, 80.1931539 ], [ 23.336394, 80.1933507 ], [ 23.3380625, 80.1931014 ], [ 23.3391929, 80.1930401 ], [ 23.339677, 80.1929502 ] ], [ [ 23.3544461, 80.1953928 ], [ 23.3490421, 80.194072 ], [ 23.3459433, 80.1937521 ], [ 23.3334552, 80.1941738 ], [ 23.330344, 80.1947627 ], [ 23.328925, 80.196467 ], [ 23.3388206, 80.1969692 ], [ 23.3465616, 80.1978374 ], [ 23.3472959, 80.1968294 ], [ 23.3462505, 80.1961842 ], [ 23.3544461, 80.1953928 ] ], [ [ 23.2977448, 80.1997032 ], [ 23.3024827, 80.2008301 ], [ 23.3066093, 80.2008619 ], [ 23.3293284, 80.1998641 ], [ 23.3346841, 80.1987743 ], [ 23.3336588, 80.1985422 ], [ 23.308512, 80.1982837 ], [ 23.2977448, 80.1997032 ] ], [ [ 23.2983117, 80.200725 ], [ 23.2969307, 80.2007982 ], [ 23.2956063, 80.2009068 ], [ 23.2949194, 80.2010318 ], [ 23.2948943, 80.2011667 ], [ 23.2988334, 80.2011713 ], [ 23.2992398, 80.2009702 ], [ 23.2991461, 80.2007908 ], [ 23.2983117, 80.200725 ] ], [ [ 23.3133655, 80.2116024 ], [ 23.3204691, 80.209537 ], [ 23.3131359, 80.2079626 ], [ 23.3157111, 80.2069449 ], [ 23.3075221, 80.2058916 ], [ 23.2975779, 80.2062058 ], [ 23.2960948, 80.2064111 ], [ 23.2818946, 80.2097946 ], [ 23.2822695, 80.2100651 ], [ 23.2872366, 80.2113168 ], [ 23.2900692, 80.2114588 ], [ 23.306445, 80.2119274 ], [ 23.3133655, 80.2116024 ] ], [ [ 23.0625966, 80.2339864 ], [ 23.0620958, 80.23362 ], [ 23.0614041, 80.2336422 ], [ 23.0606951, 80.2339205 ], [ 23.0600013, 80.2343543 ], [ 23.0598065, 80.2348628 ], [ 23.0600963, 80.2352883 ], [ 23.0622478, 80.2353057 ], [ 23.062626, 80.2346733 ], [ 23.0625966, 80.2339864 ] ], [ [ 23.7365863, 80.2461745 ], [ 23.7506804, 80.24506 ], [ 23.742466, 80.2438393 ], [ 23.7380673, 80.2438607 ], [ 23.736088, 80.2444448 ], [ 23.7365863, 80.2461745 ] ], [ [ 24.4889699, 80.278441 ], [ 24.4932299, 80.278441 ], [ 24.4929836, 80.2783062 ], [ 24.4919277, 80.2782137 ], [ 24.4902719, 80.2782137 ], [ 24.489216, 80.2783062 ], [ 24.4889699, 80.278441 ] ], [ [ 25.8342067, 80.2259421 ], [ 25.828963, 80.2270781 ], [ 25.8350902, 80.2284865 ], [ 25.8549339, 80.2293527 ], [ 25.8621693, 80.2279814 ], [ 25.8636553, 80.2260236 ], [ 25.8633714, 80.2256318 ], [ 25.8342067, 80.2259421 ] ], [ [ 25.6909726, 80.2353647 ], [ 25.7054853, 80.2314461 ], [ 25.6878279, 80.2288907 ], [ 25.6803969, 80.2256908 ], [ 25.6607786, 80.225661 ], [ 25.6617161, 80.2320588 ], [ 25.6909726, 80.2353647 ] ], [ [ 25.3050789, 80.2438043 ], [ 25.3085299, 80.2470847 ], [ 25.3179773, 80.2463102 ], [ 25.3198006, 80.2451479 ], [ 25.3203576, 80.244512 ], [ 25.3125, 80.2430245 ], [ 25.3060766, 80.2428941 ], [ 25.3050789, 80.2438043 ] ], [ [ 24.7540253, 80.2899514 ], [ 24.7524172, 80.2885917 ], [ 24.7484574, 80.2884213 ], [ 24.7414553, 80.2889825 ], [ 24.7421846, 80.2892302 ], [ 24.7540253, 80.2899514 ] ], [ [ 23.9117429, 80.2921485 ], [ 23.8762141, 80.2946697 ], [ 23.8850549, 80.2978277 ], [ 23.8923767, 80.2978812 ], [ 23.9117429, 80.2921485 ] ], [ [ 24.3027276, 80.2949094 ], [ 24.3008202, 80.2947807 ], [ 24.2981498, 80.2949094 ], [ 24.2981498, 80.2954243 ], [ 24.2992942, 80.2957463 ], [ 24.3012017, 80.2957463 ], [ 24.3027276, 80.2956175 ], [ 24.303109, 80.29536 ], [ 24.303109, 80.2951668 ], [ 24.3027276, 80.2949094 ] ], [ [ 23.8991934, 80.3011956 ], [ 23.8979462, 80.300639 ], [ 23.8934367, 80.3006803 ], [ 23.8776293, 80.3031415 ], [ 23.8878464, 80.3024908 ], [ 23.8970124, 80.3025799 ], [ 23.8991934, 80.3011956 ] ], [ [ 24.2064723, 80.3042861 ], [ 24.1992326, 80.3053181 ], [ 24.198554, 80.3056689 ], [ 24.2036608, 80.3085958 ], [ 24.2101049, 80.3078761 ], [ 24.21718, 80.3048881 ], [ 24.2144585, 80.3042279 ], [ 24.2064723, 80.3042861 ] ], [ [ 24.5006955, 80.2921518 ], [ 24.5024724, 80.2920502 ], [ 24.5098416, 80.2920787 ], [ 24.5218698, 80.2881017 ], [ 24.5225129, 80.287774 ], [ 24.5139147, 80.2864127 ], [ 24.5084141, 80.2865709 ], [ 24.4975103, 80.2884305 ], [ 24.4959955, 80.2906609 ], [ 24.5006955, 80.2921518 ] ], [ [ 24.7652006, 80.3479756 ], [ 24.7612067, 80.3515284 ], [ 24.7399687, 80.3531752 ], [ 24.7227039, 80.3522273 ], [ 24.7126498, 80.3539968 ], [ 24.7549165, 80.3576827 ], [ 24.7696815, 80.3556361 ], [ 24.7792422, 80.3552876 ], [ 24.7978932, 80.3576618 ], [ 24.7998627, 80.3576523 ], [ 24.8048338, 80.3570246 ], [ 24.8001438, 80.3532435 ], [ 24.7867184, 80.3515286 ], [ 24.796983, 80.34747 ], [ 24.7827628, 80.3446403 ], [ 24.7652006, 80.3479756 ] ], [ [ 26.1975274, 80.4576443 ], [ 26.1963639, 80.4546511 ], [ 26.1730949, 80.4508852 ], [ 26.147499, 80.439781 ], [ 26.1352829, 80.4377532 ], [ 26.128884, 80.4381394 ], [ 26.1230667, 80.4387187 ], [ 26.1219033, 80.4403603 ], [ 26.1236485, 80.4444158 ], [ 26.1242301, 80.4448986 ], [ 26.1393549, 80.4482781 ], [ 26.1480808, 80.4536855 ], [ 26.1975274, 80.4576443 ] ], [ [ 25.9881068, 80.4460573 ], [ 25.9817079, 80.4455745 ], [ 25.9776357, 80.4458642 ], [ 25.9613475, 80.4524302 ], [ 25.9630928, 80.4605412 ], [ 25.972982, 80.4597687 ], [ 25.9840347, 80.4564857 ], [ 26.0043951, 80.4523336 ], [ 26.0055586, 80.4487609 ], [ 25.9881068, 80.4460573 ] ], [ [ 24.4160254, 80.3114516 ], [ 24.4155205, 80.3117208 ], [ 24.4156783, 80.3119671 ], [ 24.4179854, 80.3119586 ], [ 24.4183384, 80.3116447 ], [ 24.4181511, 80.3113501 ], [ 24.417221, 80.3112684 ], [ 24.4160254, 80.3114516 ] ], [ [ 23.180865, 80.3463261 ], [ 23.1804153, 80.3480306 ], [ 23.1863391, 80.3468167 ], [ 23.1840769, 80.3463937 ], [ 23.180865, 80.3463261 ] ], [ [ 24.3897128, 80.3679084 ], [ 24.4012583, 80.3704404 ], [ 24.4210143, 80.3706549 ], [ 24.4053634, 80.3682088 ], [ 24.3897128, 80.3679084 ] ], [ [ 24.2864602, 80.3742213 ], [ 24.2575603, 80.3775982 ], [ 24.2263469, 80.3784817 ], [ 24.2065659, 80.377827 ], [ 24.1673586, 80.3812011 ], [ 24.1160119, 80.3883495 ], [ 24.1396774, 80.3929629 ], [ 24.1324301, 80.3963505 ], [ 24.1383806, 80.3983583 ], [ 24.1326483, 80.4018115 ], [ 24.1465179, 80.4060113 ], [ 24.1424568, 80.4086809 ], [ 24.1524695, 80.4154553 ], [ 24.1637462, 80.4174422 ], [ 24.1728135, 80.4319986 ], [ 24.1699029, 80.4370701 ], [ 24.1816967, 80.4382038 ], [ 24.1963785, 80.4422166 ], [ 24.2083451, 80.4427683 ], [ 24.2394599, 80.4410362 ], [ 24.252354, 80.4388046 ], [ 24.2647322, 80.4329681 ], [ 24.2992882, 80.4295349 ], [ 24.2941257, 80.4259157 ], [ 24.3003197, 80.4190634 ], [ 24.3209502, 80.4103945 ], [ 24.3431278, 80.4058456 ], [ 24.349317, 80.4015541 ], [ 24.3720105, 80.3957176 ], [ 24.3762466, 80.3917011 ], [ 24.3654552, 80.3862746 ], [ 24.3639066, 80.3857239 ], [ 24.3423173, 80.3773102 ], [ 24.3158853, 80.3751901 ], [ 24.3078038, 80.3707356 ], [ 24.3047105, 80.3702859 ], [ 24.2955173, 80.3737518 ], [ 24.295544, 80.3740084 ], [ 24.305806, 80.3719012 ], [ 24.3070056, 80.3741378 ], [ 24.2864602, 80.3742213 ] ], [ [ 24.1022162, 80.4698834 ], [ 24.0928874, 80.4710286 ], [ 24.0878928, 80.4717957 ], [ 24.084407, 80.4763213 ], [ 24.0325964, 80.480175 ], [ 24.0218937, 80.4828304 ], [ 24.0202913, 80.4837317 ], [ 24.0187486, 80.4882627 ], [ 24.0303249, 80.490303 ], [ 24.0427899, 80.4900455 ], [ 24.0869364, 80.4885005 ], [ 24.0978432, 80.4875565 ], [ 24.1092693, 80.486183 ], [ 24.1290056, 80.4824066 ], [ 24.1627645, 80.4797457 ], [ 24.1934075, 80.4710768 ], [ 24.2088805, 80.4701083 ], [ 24.2079051, 80.4699121 ], [ 24.1981761, 80.4674538 ], [ 24.1963949, 80.4674487 ], [ 24.1857271, 80.468677 ], [ 24.1647413, 80.4677126 ], [ 24.1443793, 80.4693917 ], [ 24.1065176, 80.4696705 ], [ 24.1022162, 80.4698834 ] ], [ [ 25.0120124, 80.6530809 ], [ 25.0129032, 80.6497496 ], [ 25.0232952, 80.6467562 ], [ 25.0229983, 80.6442457 ], [ 25.0218107, 80.6438595 ], [ 25.0176538, 80.6437629 ], [ 25.0051835, 80.6468045 ], [ 25.0042927, 80.6479632 ], [ 25.0069649, 80.6532257 ], [ 25.0084496, 80.6534188 ], [ 25.0120124, 80.6530809 ] ], [ [ 25.0069649, 80.6623507 ], [ 25.0114187, 80.6610953 ], [ 25.0072618, 80.6559777 ], [ 25.0048866, 80.6556396 ], [ 24.9855871, 80.6586813 ], [ 24.9846963, 80.6597435 ], [ 24.9897439, 80.6619644 ], [ 24.9939007, 80.662254 ], [ 25.0069649, 80.6623507 ] ] ] } }
]
}
